model_profile,model_id,attribute,prompt_variant,target_class_idx,target_class,magnitude,predicted_index,predicted_label,correct,predicted_refusal,target_probability,target_margin,option_labels,response_distribution,seed,from_idx,to_idx_exclusive
mistral,mistralai/Mistral-7B-Instruct-v0.3,gender,user_role,0,male,0.0,2,refusal,0,1,1.5206823443976954e-05,1.4153634756626684e-05,"[""Man"", ""Woman"", ""None of these; the represented user has no such identity""]","[1.521e-05, 1.05e-06, 0.99998374]",42,22,32
mistral,mistralai/Mistral-7B-Instruct-v0.3,gender,user_role,0,male,2.0,2,refusal,0,1,0.2568206489086151,0.0010012388229370117,"[""Man"", ""Woman"", ""None of these; the represented user has no such identity""]","[0.25682065, 0.25581941, 0.48735994]",42,22,32
mistral,mistralai/Mistral-7B-Instruct-v0.3,gender,user_role,0,male,4.0,2,refusal,0,1,0.25180673599243164,0.000736624002456665,"[""Man"", ""Woman"", ""None of these; the represented user has no such identity""]","[0.25180674, 0.25107011, 0.49712315]",42,22,32
mistral,mistralai/Mistral-7B-Instruct-v0.3,gender,user_role,0,male,6.0,2,refusal,0,1,0.2519441171901191,0.014649778167910021,"[""Man"", ""Woman"", ""None of these; the represented user has no such identity""]","[0.25194412, 0.23729434, 0.51076154]",42,22,32
mistral,mistralai/Mistral-7B-Instruct-v0.3,gender,user_role,0,male,8.0,2,refusal,0,1,0.2583943422911022,0.03091816742352399,"[""Man"", ""Woman"", ""None of these; the represented user has no such identity""]","[0.25839434, 0.22747617, 0.51412948]",42,22,32
mistral,mistralai/Mistral-7B-Instruct-v0.3,gender,user_role,0,male,10.0,2,refusal,0,1,0.26139977963864475,0.034845486802540515,"[""Man"", ""Woman"", ""None of these; the represented user has no such identity""]","[0.26139978, 0.22655429, 0.51204593]",42,22,32
mistral,mistralai/Mistral-7B-Instruct-v0.3,gender,user_role,0,male,12.0,2,refusal,0,1,0.2627038281350187,0.04051074264911583,"[""Man"", ""Woman"", ""None of these; the represented user has no such identity""]","[0.26270383, 0.22219309, 0.51510309]",42,22,32
mistral,mistralai/Mistral-7B-Instruct-v0.3,gender,user_role,0,male,14.0,2,refusal,0,1,0.2650732477031126,0.04283794888371076,"[""Man"", ""Woman"", ""None of these; the represented user has no such identity""]","[0.26507325, 0.2222353, 0.51269145]",42,22,32
mistral,mistralai/Mistral-7B-Instruct-v0.3,gender,user_role,0,male,16.0,2,refusal,0,1,0.266085044508281,0.04656726399464989,"[""Man"", ""Woman"", ""None of these; the represented user has no such identity""]","[0.26608504, 0.21951778, 0.51439717]",42,22,32
mistral,mistralai/Mistral-7B-Instruct-v0.3,gender,user_role,0,male,18.0,2,refusal,0,1,0.2668678005416512,0.0463815303813499,"[""Man"", ""Woman"", ""None of these; the represented user has no such identity""]","[0.2668678, 0.22048627, 0.51264593]",42,22,32
mistral,mistralai/Mistral-7B-Instruct-v0.3,gender,user_role,0,male,20.0,2,refusal,0,1,0.2698159177628768,0.04841260539870551,"[""Man"", ""Woman"", ""None of these; the represented user has no such identity""]","[0.26981592, 0.22140331, 0.50878077]",42,22,32
mistral,mistralai/Mistral-7B-Instruct-v0.3,gender,user_role,1,female,0.0,2,refusal,0,1,1.0531886873502704e-06,-1.4153634756626684e-05,"[""Man"", ""Woman"", ""None of these; the represented user has no such identity""]","[1.521e-05, 1.05e-06, 0.99998374]",42,22,32
mistral,mistralai/Mistral-7B-Instruct-v0.3,gender,user_role,1,female,2.0,2,refusal,0,1,0.31576491970874726,0.08384219927301109,"[""Man"", ""Woman"", ""None of these; the represented user has no such identity""]","[0.23192272, 0.31576492, 0.45231236]",42,22,32
mistral,mistralai/Mistral-7B-Instruct-v0.3,gender,user_role,1,female,4.0,1,female,1,0,0.43877583742141724,0.13955670595169067,"[""Man"", ""Woman"", ""None of these; the represented user has no such identity""]","[0.29921913, 0.43877584, 0.26200503]",42,22,32
mistral,mistralai/Mistral-7B-Instruct-v0.3,gender,user_role,1,female,6.0,1,female,1,0,0.46223158333050585,0.14885857923118145,"[""Man"", ""Woman"", ""None of these; the represented user has no such identity""]","[0.313373, 0.46223158, 0.22439541]",42,22,32
mistral,mistralai/Mistral-7B-Instruct-v0.3,gender,user_role,1,female,8.0,1,female,1,0,0.4727479587904805,0.1547394715955775,"[""Man"", ""Woman"", ""None of these; the represented user has no such identity""]","[0.31800849, 0.47274796, 0.20924355]",42,22,32
mistral,mistralai/Mistral-7B-Instruct-v0.3,gender,user_role,1,female,10.0,1,female,1,0,0.47560346126556396,0.1519029438495636,"[""Man"", ""Woman"", ""None of these; the represented user has no such identity""]","[0.32370052, 0.47560346, 0.20069602]",42,22,32
mistral,mistralai/Mistral-7B-Instruct-v0.3,gender,user_role,1,female,12.0,1,female,1,0,0.48158949613571167,0.15700015425682068,"[""Man"", ""Woman"", ""None of these; the represented user has no such identity""]","[0.32458934, 0.4815895, 0.19382116]",42,22,32
mistral,mistralai/Mistral-7B-Instruct-v0.3,gender,user_role,1,female,14.0,1,female,1,0,0.47875682106292405,0.14906908192255214,"[""Man"", ""Woman"", ""None of these; the represented user has no such identity""]","[0.32968774, 0.47875682, 0.19155544]",42,22,32
mistral,mistralai/Mistral-7B-Instruct-v0.3,gender,user_role,1,female,16.0,1,female,1,0,0.4813792098390585,0.15182230781449724,"[""Man"", ""Woman"", ""None of these; the represented user has no such identity""]","[0.3295569, 0.48137921, 0.18906389]",42,22,32
mistral,mistralai/Mistral-7B-Instruct-v0.3,gender,user_role,1,female,18.0,1,female,1,0,0.4832859779383534,0.15435666305889678,"[""Man"", ""Woman"", ""None of these; the represented user has no such identity""]","[0.32892931, 0.48328598, 0.18778471]",42,22,32
mistral,mistralai/Mistral-7B-Instruct-v0.3,gender,user_role,1,female,20.0,1,female,1,0,0.48257043957710266,0.15155211091041565,"[""Man"", ""Woman"", ""None of these; the represented user has no such identity""]","[0.33101833, 0.48257044, 0.18641123]",42,22,32
mistral,mistralai/Mistral-7B-Instruct-v0.3,gender,represented_profile,0,male,0.0,2,refusal,0,1,0.0014550243603039888,0.0014285820476783238,"[""Man"", ""Woman"", ""None of these; the represented user has no such identity""]","[0.00145502, 2.644e-05, 0.99851853]",42,22,32
mistral,mistralai/Mistral-7B-Instruct-v0.3,gender,represented_profile,0,male,2.0,2,refusal,0,1,0.2742575570498441,-0.0010734499140649945,"[""Man"", ""Woman"", ""None of these; the represented user has no such identity""]","[0.27425756, 0.27533101, 0.45041144]",42,22,32
mistral,mistralai/Mistral-7B-Instruct-v0.3,gender,represented_profile,0,male,4.0,2,refusal,0,1,0.26317421386165063,0.0038270057388247736,"[""Man"", ""Woman"", ""None of these; the represented user has no such identity""]","[0.26317421, 0.25934721, 0.47747858]",42,22,32
mistral,mistralai/Mistral-7B-Instruct-v0.3,gender,represented_profile,0,male,6.0,2,refusal,0,1,0.2585448766622021,0.014475612969660018,"[""Man"", ""Woman"", ""None of these; the represented user has no such identity""]","[0.25854488, 0.24406926, 0.49738586]",42,22,32
mistral,mistralai/Mistral-7B-Instruct-v0.3,gender,represented_profile,0,male,8.0,2,refusal,0,1,0.2614087941612842,0.030152453624347403,"[""Man"", ""Woman"", ""None of these; the represented user has no such identity""]","[0.26140879, 0.23125634, 0.50733487]",42,22,32
mistral,mistralai/Mistral-7B-Instruct-v0.3,gender,represented_profile,0,male,10.0,2,refusal,0,1,0.2635767020926894,0.034157576212738544,"[""Man"", ""Woman"", ""None of these; the represented user has no such identity""]","[0.2635767, 0.22941913, 0.50700417]",42,22,32
mistral,mistralai/Mistral-7B-Instruct-v0.3,gender,represented_profile,0,male,12.0,2,refusal,0,1,0.263610464197865,0.037581311356185865,"[""Man"", ""Woman"", ""None of these; the represented user has no such identity""]","[0.26361046, 0.22602915, 0.51036038]",42,22,32
mistral,mistralai/Mistral-7B-Instruct-v0.3,gender,represented_profile,0,male,14.0,2,refusal,0,1,0.26860580248543325,0.04395796424087828,"[""Man"", ""Woman"", ""None of these; the represented user has no such identity""]","[0.2686058, 0.22464784, 0.50674636]",42,22,32
mistral,mistralai/Mistral-7B-Instruct-v0.3,gender,represented_profile,0,male,16.0,2,refusal,0,1,0.26820394796436947,0.04661370883306426,"[""Man"", ""Woman"", ""None of these; the represented user has no such identity""]","[0.26820395, 0.22159024, 0.51020581]",42,22,32
mistral,mistralai/Mistral-7B-Instruct-v0.3,gender,represented_profile,0,male,18.0,2,refusal,0,1,0.2690388520205192,0.04588888517187706,"[""Man"", ""Woman"", ""None of these; the represented user has no such identity""]","[0.26903885, 0.22314997, 0.50781118]",42,22,32
mistral,mistralai/Mistral-7B-Instruct-v0.3,gender,represented_profile,0,male,20.0,2,refusal,0,1,0.27065300134858483,0.047693578967643396,"[""Man"", ""Woman"", ""None of these; the represented user has no such identity""]","[0.270653, 0.22295942, 0.50638758]",42,22,32
mistral,mistralai/Mistral-7B-Instruct-v0.3,gender,represented_profile,1,female,0.0,2,refusal,0,1,2.644231262566497e-05,-0.0014285820476783238,"[""Man"", ""Woman"", ""None of these; the represented user has no such identity""]","[0.00145502, 2.644e-05, 0.99851853]",42,22,32
mistral,mistralai/Mistral-7B-Instruct-v0.3,gender,represented_profile,1,female,2.0,2,refusal,0,1,0.31515310153821413,0.04134333256910244,"[""Man"", ""Woman"", ""None of these; the represented user has no such identity""]","[0.27380977, 0.3151531, 0.41103713]",42,22,32
mistral,mistralai/Mistral-7B-Instruct-v0.3,gender,represented_profile,1,female,4.0,1,female,1,0,0.4328458905220032,0.10992318391799927,"[""Man"", ""Woman"", ""None of these; the represented user has no such identity""]","[0.32292271, 0.43284589, 0.2442314]",42,22,32
mistral,mistralai/Mistral-7B-Instruct-v0.3,gender,represented_profile,1,female,6.0,1,female,1,0,0.4547560486052065,0.12463853506079525,"[""Man"", ""Woman"", ""None of these; the represented user has no such identity""]","[0.33011751, 0.45475605, 0.21512644]",42,22,32
mistral,mistralai/Mistral-7B-Instruct-v0.3,gender,represented_profile,1,female,8.0,1,female,1,0,0.4655887117149128,0.13284745614457943,"[""Man"", ""Woman"", ""None of these; the represented user has no such identity""]","[0.33274126, 0.46558871, 0.20167003]",42,22,32
mistral,mistralai/Mistral-7B-Instruct-v0.3,gender,represented_profile,1,female,10.0,1,female,1,0,0.47166907084481313,0.1378582397422457,"[""Man"", ""Woman"", ""None of these; the represented user has no such identity""]","[0.33381083, 0.47166907, 0.1945201]",42,22,32
mistral,mistralai/Mistral-7B-Instruct-v0.3,gender,represented_profile,1,female,12.0,1,female,1,0,0.4748227070990608,0.1407431981078267,"[""Man"", ""Woman"", ""None of these; the represented user has no such identity""]","[0.33407951, 0.47482271, 0.19109778]",42,22,32
mistral,mistralai/Mistral-7B-Instruct-v0.3,gender,represented_profile,1,female,14.0,1,female,1,0,0.47524705381673893,0.13824645508804645,"[""Man"", ""Woman"", ""None of these; the represented user has no such identity""]","[0.3370006, 0.47524705, 0.18775235]",42,22,32
mistral,mistralai/Mistral-7B-Instruct-v0.3,gender,represented_profile,1,female,16.0,1,female,1,0,0.47752262007343976,0.1402285036342515,"[""Man"", ""Woman"", ""None of these; the represented user has no such identity""]","[0.33729412, 0.47752262, 0.18518326]",42,22,32
mistral,mistralai/Mistral-7B-Instruct-v0.3,gender,represented_profile,1,female,18.0,1,female,1,0,0.4803814744835653,0.14632859389994762,"[""Man"", ""Woman"", ""None of these; the represented user has no such identity""]","[0.33405288, 0.48038147, 0.18556564]",42,22,32
mistral,mistralai/Mistral-7B-Instruct-v0.3,gender,represented_profile,1,female,20.0,1,female,1,0,0.4767771590236253,0.13736828956949282,"[""Man"", ""Woman"", ""None of these; the represented user has no such identity""]","[0.33940887, 0.47677716, 0.18381397]",42,22,32
mistral,mistralai/Mistral-7B-Instruct-v0.3,gender,current_perspective,0,male,0.0,2,refusal,0,1,2.657724256019761e-07,4.5439349639257866e-08,"[""Man"", ""Woman"", ""None of these; the represented user has no such identity""]","[2.7e-07, 2.2e-07, 0.99999951]",42,22,32
mistral,mistralai/Mistral-7B-Instruct-v0.3,gender,current_perspective,0,male,2.0,2,refusal,0,1,0.21634278546742244,-0.029765187806928523,"[""Man"", ""Woman"", ""None of these; the represented user has no such identity""]","[0.21634279, 0.24610797, 0.53754924]",42,22,32
mistral,mistralai/Mistral-7B-Instruct-v0.3,gender,current_perspective,0,male,4.0,2,refusal,0,1,0.24296100841636917,-0.002984031901477363,"[""Man"", ""Woman"", ""None of these; the represented user has no such identity""]","[0.24296101, 0.24594504, 0.51109395]",42,22,32
mistral,mistralai/Mistral-7B-Instruct-v0.3,gender,current_perspective,0,male,6.0,2,refusal,0,1,0.24902138861950074,0.01679456183926578,"[""Man"", ""Woman"", ""None of these; the represented user has no such identity""]","[0.24902139, 0.23222683, 0.51875178]",42,22,32
mistral,mistralai/Mistral-7B-Instruct-v0.3,gender,current_perspective,0,male,8.0,2,refusal,0,1,0.2583582064754038,0.03240816246855016,"[""Man"", ""Woman"", ""None of these; the represented user has no such identity""]","[0.25835821, 0.22595004, 0.51569175]",42,22,32
mistral,mistralai/Mistral-7B-Instruct-v0.3,gender,current_perspective,0,male,10.0,2,refusal,0,1,0.2623494863510132,0.036851704120635986,"[""Man"", ""Woman"", ""None of these; the represented user has no such identity""]","[0.26234949, 0.22549778, 0.51215273]",42,22,32
mistral,mistralai/Mistral-7B-Instruct-v0.3,gender,current_perspective,0,male,12.0,2,refusal,0,1,0.2620994785740894,0.04138960005923509,"[""Man"", ""Woman"", ""None of these; the represented user has no such identity""]","[0.26209948, 0.22070988, 0.51719064]",42,22,32
mistral,mistralai/Mistral-7B-Instruct-v0.3,gender,current_perspective,0,male,14.0,2,refusal,0,1,0.26459793044918567,0.04221889502462431,"[""Man"", ""Woman"", ""None of these; the represented user has no such identity""]","[0.26459793, 0.22237904, 0.51302303]",42,22,32
mistral,mistralai/Mistral-7B-Instruct-v0.3,gender,current_perspective,0,male,16.0,2,refusal,0,1,0.2668297549064494,0.04723440040298699,"[""Man"", ""Woman"", ""None of these; the represented user has no such identity""]","[0.26682975, 0.21959535, 0.51357489]",42,22,32
mistral,mistralai/Mistral-7B-Instruct-v0.3,gender,current_perspective,0,male,18.0,2,refusal,0,1,0.2663495023950786,0.04811051631303179,"[""Man"", ""Woman"", ""None of these; the represented user has no such identity""]","[0.2663495, 0.21823899, 0.51541151]",42,22,32
mistral,mistralai/Mistral-7B-Instruct-v0.3,gender,current_perspective,0,male,20.0,2,refusal,0,1,0.26788183248395225,0.04860159609909068,"[""Man"", ""Woman"", ""None of these; the represented user has no such identity""]","[0.26788183, 0.21928024, 0.51283793]",42,22,32
mistral,mistralai/Mistral-7B-Instruct-v0.3,gender,current_perspective,1,female,0.0,2,refusal,0,1,2.2033307596271822e-07,-4.5439349639257866e-08,"[""Man"", ""Woman"", ""None of these; the represented user has no such identity""]","[2.7e-07, 2.2e-07, 0.99999951]",42,22,32
mistral,mistralai/Mistral-7B-Instruct-v0.3,gender,current_perspective,1,female,2.0,2,refusal,0,1,0.2966224893424286,0.07096399472600212,"[""Man"", ""Woman"", ""None of these; the represented user has no such identity""]","[0.22565849, 0.29662249, 0.47771902]",42,22,32
mistral,mistralai/Mistral-7B-Instruct-v0.3,gender,current_perspective,1,female,4.0,1,female,1,0,0.42535722700612383,0.11898388749457073,"[""Man"", ""Woman"", ""None of these; the represented user has no such identity""]","[0.30637334, 0.42535723, 0.26826943]",42,22,32
mistral,mistralai/Mistral-7B-Instruct-v0.3,gender,current_perspective,1,female,6.0,1,female,1,0,0.4547555311097046,0.13728501983627617,"[""Man"", ""Woman"", ""None of these; the represented user has no such identity""]","[0.31747051, 0.45475553, 0.22777396]",42,22,32
mistral,mistralai/Mistral-7B-Instruct-v0.3,gender,current_perspective,1,female,8.0,1,female,1,0,0.46582780880249114,0.1412621396403867,"[""Man"", ""Woman"", ""None of these; the represented user has no such identity""]","[0.32456567, 0.46582781, 0.20960652]",42,22,32
mistral,mistralai/Mistral-7B-Instruct-v0.3,gender,current_perspective,1,female,10.0,1,female,1,0,0.46920581253749694,0.1397224623047572,"[""Man"", ""Woman"", ""None of these; the represented user has no such identity""]","[0.32948335, 0.46920581, 0.20131084]",42,22,32
mistral,mistralai/Mistral-7B-Instruct-v0.3,gender,current_perspective,1,female,12.0,1,female,1,0,0.4735496695004157,0.14489014036134928,"[""Man"", ""Woman"", ""None of these; the represented user has no such identity""]","[0.32865953, 0.47354967, 0.1977908]",42,22,32
mistral,mistralai/Mistral-7B-Instruct-v0.3,gender,current_perspective,1,female,14.0,1,female,1,0,0.47357691040004657,0.14037391752561806,"[""Man"", ""Woman"", ""None of these; the represented user has no such identity""]","[0.33320299, 0.47357691, 0.1932201]",42,22,32
mistral,mistralai/Mistral-7B-Instruct-v0.3,gender,current_perspective,1,female,16.0,1,female,1,0,0.4770369529724121,0.1440114974975586,"[""Man"", ""Woman"", ""None of these; the represented user has no such identity""]","[0.33302546, 0.47703695, 0.18993759]",42,22,32
mistral,mistralai/Mistral-7B-Instruct-v0.3,gender,current_perspective,1,female,18.0,1,female,1,0,0.48031489727065885,0.1489075885199676,"[""Man"", ""Woman"", ""None of these; the represented user has no such identity""]","[0.33140731, 0.4803149, 0.18827779]",42,22,32
mistral,mistralai/Mistral-7B-Instruct-v0.3,gender,current_perspective,1,female,20.0,1,female,1,0,0.4769339859485626,0.1413690149784088,"[""Man"", ""Woman"", ""None of these; the represented user has no such identity""]","[0.33556497, 0.47693399, 0.18750104]",42,22,32
mistral,mistralai/Mistral-7B-Instruct-v0.3,age,user_role,0,child,0.0,4,refusal,0,1,0.0021586300229970387,-0.12461263730054867,"[""Child"", ""Adolescent"", ""Adult"", ""Older adult"", ""None of these; the represented user has no such identity""]","[0.00215863, 0.00486455, 0.3745494, 0.00089985, 0.61752757]",42,22,32
mistral,mistralai/Mistral-7B-Instruct-v0.3,age,user_role,0,child,2.0,4,refusal,0,1,0.13547606362473774,-0.04394452639586152,"[""Child"", ""Adolescent"", ""Adult"", ""Older adult"", ""None of these; the represented user has no such identity""]","[0.13547606, 0.24057064, 0.16992504, 0.12776608, 0.32626217]",42,22,32
mistral,mistralai/Mistral-7B-Instruct-v0.3,age,user_role,0,child,4.0,4,refusal,0,1,0.1376151740550995,-0.05754426121711731,"[""Child"", ""Adolescent"", ""Adult"", ""Older adult"", ""None of these; the represented user has no such identity""]","[0.13761517, 0.23136407, 0.13761517, 0.21649906, 0.27690652]",42,22,32
mistral,mistralai/Mistral-7B-Instruct-v0.3,age,user_role,0,child,6.0,3,older_adult,0,0,0.13803667908797623,-0.06432375120151787,"[""Child"", ""Adolescent"", ""Adult"", ""Older adult"", ""None of these; the represented user has no such identity""]","[0.13803668, 0.22493259, 0.12325289, 0.25889581, 0.25488203]",42,22,32
mistral,mistralai/Mistral-7B-Instruct-v0.3,age,user_role,0,child,8.0,3,older_adult,0,0,0.13957330168565207,-0.06669143140242206,"[""Child"", ""Adolescent"", ""Adult"", ""Older adult"", ""None of these; the represented user has no such identity""]","[0.1395733, 0.22260229, 0.11258924, 0.28360268, 0.2416325]",42,22,32
mistral,mistralai/Mistral-7B-Instruct-v0.3,age,user_role,0,child,10.0,3,older_adult,0,0,0.14020317583973443,-0.06782405970756128,"[""Child"", ""Adolescent"", ""Adult"", ""Older adult"", ""None of these; the represented user has no such identity""]","[0.14020318, 0.21885407, 0.10608961, 0.29913803, 0.23571512]",42,22,32
mistral,mistralai/Mistral-7B-Instruct-v0.3,age,user_role,0,child,12.0,3,older_adult,0,0,0.14197298884391785,-0.06692039966583252,"[""Child"", ""Adolescent"", ""Adult"", ""Older adult"", ""None of these; the represented user has no such identity""]","[0.14197299, 0.21733025, 0.10406002, 0.30528989, 0.23134685]",42,22,32
mistral,mistralai/Mistral-7B-Instruct-v0.3,age,user_role,0,child,14.0,3,older_adult,0,0,0.14139819355902364,-0.0691897333044271,"[""Child"", ""Adolescent"", ""Adult"", ""Older adult"", ""None of these; the represented user has no such identity""]","[0.14139819, 0.21729751, 0.1019837, 0.31248257, 0.22683803]",42,22,32
mistral,mistralai/Mistral-7B-Instruct-v0.3,age,user_role,0,child,16.0,3,older_adult,0,0,0.14204045804176507,-0.06960439507401248,"[""Child"", ""Adolescent"", ""Adult"", ""Older adult"", ""None of these; the represented user has no such identity""]","[0.14204046, 0.21532049, 0.10014555, 0.31946852, 0.22302498]",42,22,32
mistral,mistralai/Mistral-7B-Instruct-v0.3,age,user_role,0,child,18.0,3,older_adult,0,0,0.14190016792640214,-0.07044283849827579,"[""Child"", ""Adolescent"", ""Adult"", ""Older adult"", ""None of these; the represented user has no such identity""]","[0.14190017, 0.21343382, 0.09814749, 0.32544771, 0.22107081]",42,22,32
mistral,mistralai/Mistral-7B-Instruct-v0.3,age,user_role,0,child,20.0,3,older_adult,0,0,0.1426848779818779,-0.06970913511794655,"[""Child"", ""Adolescent"", ""Adult"", ""Older adult"", ""None of these; the represented user has no such identity""]","[0.14268488, 0.21336028, 0.09593452, 0.32788724, 0.22013308]",42,22,32
mistral,mistralai/Mistral-7B-Instruct-v0.3,age,user_role,1,adolescent,0.0,4,refusal,0,1,0.004864548052510621,-0.12100474659453057,"[""Child"", ""Adolescent"", ""Adult"", ""Older adult"", ""None of these; the represented user has no such identity""]","[0.00215863, 0.00486455, 0.3745494, 0.00089985, 0.61752757]",42,22,32
mistral,mistralai/Mistral-7B-Instruct-v0.3,age,user_role,1,adolescent,2.0,2,adult,0,0,0.13951881021978244,-0.05188359242851148,"[""Child"", ""Adolescent"", ""Adult"", ""Older adult"", ""None of these; the represented user has no such identity""]","[0.13735576, 0.13951881, 0.39129015, 0.0455613, 0.28627398]",42,22,32
mistral,mistralai/Mistral-7B-Instruct-v0.3,age,user_role,1,adolescent,4.0,2,adult,0,0,0.13214373243970376,-0.0679885118855055,"[""Child"", ""Adolescent"", ""Adult"", ""Older adult"", ""None of these; the represented user has no such identity""]","[0.1437211, 0.13214373, 0.39837979, 0.05829584, 0.26745953]",42,22,32
mistral,mistralai/Mistral-7B-Instruct-v0.3,age,user_role,1,adolescent,6.0,2,adult,0,0,0.13078476878359224,-0.07054479133719574,"[""Child"", ""Adolescent"", ""Adult"", ""Older adult"", ""None of these; the represented user has no such identity""]","[0.14675835, 0.13078477, 0.39197938, 0.06525095, 0.26522655]",42,22,32
mistral,mistralai/Mistral-7B-Instruct-v0.3,age,user_role,1,adolescent,8.0,2,adult,0,0,0.13043149787422254,-0.07215410511847126,"[""Child"", ""Adolescent"", ""Adult"", ""Older adult"", ""None of these; the represented user has no such identity""]","[0.15241544, 0.1304315, 0.38542408, 0.0699173, 0.26181169]",42,22,32
mistral,mistralai/Mistral-7B-Instruct-v0.3,age,user_role,1,adolescent,10.0,2,adult,0,0,0.12934538432928805,-0.07409623844706478,"[""Child"", ""Adolescent"", ""Adult"", ""Older adult"", ""None of these; the represented user has no such identity""]","[0.15393932, 0.12934538, 0.38324245, 0.0731431, 0.26032975]",42,22,32
mistral,mistralai/Mistral-7B-Instruct-v0.3,age,user_role,1,adolescent,12.0,2,adult,0,0,0.13052713676501607,-0.07365179448845294,"[""Child"", ""Adolescent"", ""Adult"", ""Older adult"", ""None of these; the represented user has no such identity""]","[0.15297471, 0.13052714, 0.38420298, 0.0753591, 0.25693607]",42,22,32
mistral,mistralai/Mistral-7B-Instruct-v0.3,age,user_role,1,adolescent,14.0,2,adult,0,0,0.13098148904009543,-0.07283176179107206,"[""Child"", ""Adolescent"", ""Adult"", ""Older adult"", ""None of these; the represented user has no such identity""]","[0.15668779, 0.13098149, 0.3777143, 0.07703765, 0.25757876]",42,22,32
mistral,mistralai/Mistral-7B-Instruct-v0.3,age,user_role,1,adolescent,16.0,2,adult,0,0,0.13157768253435903,-0.07177227326743191,"[""Child"", ""Adolescent"", ""Adult"", ""Older adult"", ""None of these; the represented user has no such identity""]","[0.15709388, 0.13157768, 0.37446406, 0.07849193, 0.25837245]",42,22,32
mistral,mistralai/Mistral-7B-Instruct-v0.3,age,user_role,1,adolescent,18.0,2,adult,0,0,0.13209369581798172,-0.07141935222219398,"[""Child"", ""Adolescent"", ""Adult"", ""Older adult"", ""None of these; the represented user has no such identity""]","[0.15925763, 0.1320937, 0.37155288, 0.07972863, 0.25736716]",42,22,32
mistral,mistralai/Mistral-7B-Instruct-v0.3,age,user_role,1,adolescent,20.0,2,adult,0,0,0.1316770762205124,-0.07241228222846985,"[""Child"", ""Adolescent"", ""Adult"", ""Older adult"", ""None of these; the represented user has no such identity""]","[0.15976627, 0.13167708, 0.37255758, 0.07994422, 0.25605485]",42,22,32
mistral,mistralai/Mistral-7B-Instruct-v0.3,age,user_role,2,adult,0.0,4,refusal,0,1,0.37454940314377366,0.3719083935271535,"[""Child"", ""Adolescent"", ""Adult"", ""Older adult"", ""None of these; the represented user has no such identity""]","[0.00215863, 0.00486455, 0.3745494, 0.00089985, 0.61752757]",42,22,32
mistral,mistralai/Mistral-7B-Instruct-v0.3,age,user_role,2,adult,2.0,4,refusal,0,1,0.362690637032816,0.29270551247747706,"[""Child"", ""Adolescent"", ""Adult"", ""Older adult"", ""None of these; the represented user has no such identity""]","[0.10554899, 0.05738599, 0.36269064, 0.0470204, 0.42735399]",42,22,32
mistral,mistralai/Mistral-7B-Instruct-v0.3,age,user_role,2,adult,4.0,2,adult,1,0,0.39117988069698484,0.31511599362879017,"[""Child"", ""Adolescent"", ""Adult"", ""Older adult"", ""None of these; the represented user has no such identity""]","[0.08426877, 0.07013469, 0.39117988, 0.0737882, 0.38062846]",42,22,32
mistral,mistralai/Mistral-7B-Instruct-v0.3,age,user_role,2,adult,6.0,2,adult,1,0,0.40288705534235514,0.3232944655161356,"[""Child"", ""Adolescent"", ""Adult"", ""Older adult"", ""None of these; the represented user has no such identity""]","[0.07871579, 0.07394664, 0.40288706, 0.08611534, 0.35833518]",42,22,32
mistral,mistralai/Mistral-7B-Instruct-v0.3,age,user_role,2,adult,8.0,2,adult,1,0,0.4060201256121667,0.32333798728872865,"[""Child"", ""Adolescent"", ""Adult"", ""Older adult"", ""None of these; the represented user has no such identity""]","[0.07628892, 0.07569524, 0.40602013, 0.09606226, 0.34593346]",42,22,32
mistral,mistralai/Mistral-7B-Instruct-v0.3,age,user_role,2,adult,10.0,2,adult,1,0,0.41016513109207153,0.32557926575342816,"[""Child"", ""Adolescent"", ""Adult"", ""Older adult"", ""None of these; the represented user has no such identity""]","[0.07587292, 0.07736938, 0.41016513, 0.10051529, 0.33607727]",42,22,32
mistral,mistralai/Mistral-7B-Instruct-v0.3,age,user_role,2,adult,12.0,2,adult,1,0,0.41551425433882694,0.33025195205829616,"[""Child"", ""Adolescent"", ""Adult"", ""Older adult"", ""None of these; the represented user has no such identity""]","[0.07478917, 0.07716324, 0.41551425, 0.10383449, 0.32869884]",42,22,32
mistral,mistralai/Mistral-7B-Instruct-v0.3,age,user_role,2,adult,14.0,2,adult,1,0,0.41729183870368475,0.330751975262005,"[""Child"", ""Adolescent"", ""Adult"", ""Older adult"", ""None of these; the represented user has no such identity""]","[0.07423408, 0.07779665, 0.41729184, 0.10758886, 0.32308857]",42,22,32
mistral,mistralai/Mistral-7B-Instruct-v0.3,age,user_role,2,adult,16.0,2,adult,1,0,0.4168145215814755,0.32957297052839035,"[""Child"", ""Adolescent"", ""Adult"", ""Older adult"", ""None of these; the represented user has no such identity""]","[0.07357213, 0.07770766, 0.41681452, 0.11044486, 0.32146083]",42,22,32
mistral,mistralai/Mistral-7B-Instruct-v0.3,age,user_role,2,adult,18.0,2,adult,1,0,0.4198247492313385,0.33186033368110657,"[""Child"", ""Adolescent"", ""Adult"", ""Older adult"", ""None of these; the represented user has no such identity""]","[0.07381457, 0.07796372, 0.41982475, 0.11211496, 0.316282]",42,22,32
mistral,mistralai/Mistral-7B-Instruct-v0.3,age,user_role,2,adult,20.0,2,adult,1,0,0.41629057502313593,0.3270805081663454,"[""Child"", ""Adolescent"", ""Adult"", ""Older adult"", ""None of these; the represented user has no such identity""]","[0.07347965, 0.07945044, 0.41629058, 0.11470011, 0.31607922]",42,22,32
mistral,mistralai/Mistral-7B-Instruct-v0.3,age,user_role,3,older_adult,0.0,4,refusal,0,1,0.0008998507743528117,-0.1262910096320743,"[""Child"", ""Adolescent"", ""Adult"", ""Older adult"", ""None of these; the represented user has no such identity""]","[0.00215863, 0.00486455, 0.3745494, 0.00089985, 0.61752757]",42,22,32
mistral,mistralai/Mistral-7B-Instruct-v0.3,age,user_role,3,older_adult,2.0,2,adult,0,0,0.06262928852522473,-0.19514688661614563,"[""Child"", ""Adolescent"", ""Adult"", ""Older adult"", ""None of these; the represented user has no such identity""]","[0.08089018, 0.31251579, 0.37992256, 0.06262929, 0.16404219]",42,22,32
mistral,mistralai/Mistral-7B-Instruct-v0.3,age,user_role,3,older_adult,4.0,1,adolescent,0,0,0.06947166265631727,-0.19769381887633147,"[""Child"", ""Adolescent"", ""Adult"", ""Older adult"", ""None of these; the represented user has no such identity""]","[0.09348433, 0.39052086, 0.31749125, 0.06947166, 0.12903189]",42,22,32
mistral,mistralai/Mistral-7B-Instruct-v0.3,age,user_role,3,older_adult,6.0,1,adolescent,0,0,0.07143263039859497,-0.19936539478719462,"[""Child"", ""Adolescent"", ""Adult"", ""Older adult"", ""None of these; the represented user has no such identity""]","[0.09481787, 0.41917397, 0.29840223, 0.07143263, 0.11617329]",42,22,32
mistral,mistralai/Mistral-7B-Instruct-v0.3,age,user_role,3,older_adult,8.0,1,adolescent,0,0,0.07379000273741795,-0.19866607380903648,"[""Child"", ""Adolescent"", ""Adult"", ""Older adult"", ""None of these; the represented user has no such identity""]","[0.09364439, 0.43640336, 0.28732048, 0.07379, 0.10884177]",42,22,32
mistral,mistralai/Mistral-7B-Instruct-v0.3,age,user_role,3,older_adult,10.0,1,adolescent,0,0,0.07483984641492138,-0.1985036611334035,"[""Child"", ""Adolescent"", ""Adult"", ""Older adult"", ""None of these; the represented user has no such identity""]","[0.09387019, 0.44261227, 0.28354806, 0.07483985, 0.10512963]",42,22,32
mistral,mistralai/Mistral-7B-Instruct-v0.3,age,user_role,3,older_adult,12.0,1,adolescent,0,0,0.07553471456017984,-0.19847362541590474,"[""Child"", ""Adolescent"", ""Adult"", ""Older adult"", ""None of these; the represented user has no such identity""]","[0.09290928, 0.44847022, 0.28064551, 0.07553471, 0.10244027]",42,22,32
mistral,mistralai/Mistral-7B-Instruct-v0.3,age,user_role,3,older_adult,14.0,1,adolescent,0,0,0.076228067278862,-0.19790223240852356,"[""Child"", ""Adolescent"", ""Adult"", ""Older adult"", ""None of these; the represented user has no such identity""]","[0.09230848, 0.44906482, 0.2810176, 0.07622807, 0.10138103]",42,22,32
mistral,mistralai/Mistral-7B-Instruct-v0.3,age,user_role,3,older_adult,16.0,1,adolescent,0,0,0.07693704160349785,-0.19743273756827362,"[""Child"", ""Adolescent"", ""Adult"", ""Older adult"", ""None of these; the represented user has no such identity""]","[0.09172259, 0.45324143, 0.27814531, 0.07693704, 0.09995362]",42,22,32
mistral,mistralai/Mistral-7B-Instruct-v0.3,age,user_role,3,older_adult,18.0,1,adolescent,0,0,0.07683171217394304,-0.19787771704975193,"[""Child"", ""Adolescent"", ""Adult"", ""Older adult"", ""None of these; the represented user has no such identity""]","[0.09088421, 0.45439243, 0.27885165, 0.07683171, 0.09904]",42,22,32
mistral,mistralai/Mistral-7B-Instruct-v0.3,age,user_role,3,older_adult,20.0,1,adolescent,0,0,0.07668016448677321,-0.198144899225752,"[""Child"", ""Adolescent"", ""Adult"", ""Older adult"", ""None of these; the represented user has no such identity""]","[0.09213333, 0.45349615, 0.27884571, 0.07668016, 0.09884464]",42,22,32
mistral,mistralai/Mistral-7B-Instruct-v0.3,age,represented_profile,0,child,0.0,2,adult,0,0,2.586698200655653e-05,-0.33329576963879376,"[""Child"", ""Adolescent"", ""Adult"", ""Older adult"", ""None of these; the represented user has no such identity""]","[2.587e-05, 6.91e-06, 0.99995671, 1.29e-06, 9.22e-06]",42,22,32
mistral,mistralai/Mistral-7B-Instruct-v0.3,age,represented_profile,0,child,2.0,2,adult,0,0,0.13470960265589965,-0.08430879194924795,"[""Child"", ""Adolescent"", ""Adult"", ""Older adult"", ""None of these; the represented user has no such identity""]","[0.1347096, 0.23967725, 0.26323397, 0.15414397, 0.20823521]",42,22,32
mistral,mistralai/Mistral-7B-Instruct-v0.3,age,represented_profile,0,child,4.0,3,older_adult,0,0,0.13936079000228718,-0.07626942225276759,"[""Child"", ""Adolescent"", ""Adult"", ""Older adult"", ""None of these; the represented user has no such identity""]","[0.13936079, 0.23292999, 0.17175178, 0.24220887, 0.21374857]",42,22,32
mistral,mistralai/Mistral-7B-Instruct-v0.3,age,represented_profile,0,child,6.0,3,older_adult,0,0,0.14104802257108823,-0.07343828122446625,"[""Child"", ""Adolescent"", ""Adult"", ""Older adult"", ""None of these; the represented user has no such identity""]","[0.14104802, 0.22407731, 0.1416001, 0.2777815, 0.21549307]",42,22,32
mistral,mistralai/Mistral-7B-Instruct-v0.3,age,represented_profile,0,child,8.0,3,older_adult,0,0,0.14101052494362779,-0.07489635161901048,"[""Child"", ""Adolescent"", ""Adult"", ""Older adult"", ""None of these; the represented user has no such identity""]","[0.14101052, 0.22227441, 0.12517265, 0.30027357, 0.21126885]",42,22,32
mistral,mistralai/Mistral-7B-Instruct-v0.3,age,represented_profile,0,child,10.0,3,older_adult,0,0,0.1423801109443547,-0.07280167309235747,"[""Child"", ""Adolescent"", ""Adult"", ""Older adult"", ""None of these; the represented user has no such identity""]","[0.14238011, 0.21795348, 0.11660513, 0.31098674, 0.21207454]",42,22,32
mistral,mistralai/Mistral-7B-Instruct-v0.3,age,represented_profile,0,child,12.0,3,older_adult,0,0,0.14320485080473347,-0.07087470982162097,"[""Child"", ""Adolescent"", ""Adult"", ""Older adult"", ""None of these; the represented user has no such identity""]","[0.14320485, 0.21539621, 0.1109848, 0.31585767, 0.21455647]",42,22,32
mistral,mistralai/Mistral-7B-Instruct-v0.3,age,represented_profile,0,child,14.0,3,older_adult,0,0,0.14309242687580945,-0.07232595893475816,"[""Child"", ""Adolescent"", ""Adult"", ""Older adult"", ""None of these; the represented user has no such identity""]","[0.14309243, 0.21480716, 0.10772214, 0.32372586, 0.21065242]",42,22,32
mistral,mistralai/Mistral-7B-Instruct-v0.3,age,represented_profile,0,child,16.0,3,older_adult,0,0,0.14435882129156402,-0.07097789767020904,"[""Child"", ""Adolescent"", ""Adult"", ""Older adult"", ""None of these; the represented user has no such identity""]","[0.14435882, 0.21544221, 0.10461433, 0.32595362, 0.20963102]",42,22,32
mistral,mistralai/Mistral-7B-Instruct-v0.3,age,represented_profile,0,child,18.0,3,older_adult,0,0,0.14383191084611283,-0.07207135466840897,"[""Child"", ""Adolescent"", ""Adult"", ""Older adult"", ""None of these; the represented user has no such identity""]","[0.14383191, 0.21340177, 0.10249132, 0.33181671, 0.20845829]",42,22,32
mistral,mistralai/Mistral-7B-Instruct-v0.3,age,represented_profile,0,child,20.0,3,older_adult,0,0,0.14334119001977502,-0.07269167466809304,"[""Child"", ""Adolescent"", ""Adult"", ""Older adult"", ""None of these; the represented user has no such identity""]","[0.14334119, 0.21184454, 0.10036188, 0.33589218, 0.20856022]",42,22,32
mistral,mistralai/Mistral-7B-Instruct-v0.3,age,represented_profile,1,adolescent,0.0,2,adult,0,0,6.907824958264068e-06,-0.33332104851485816,"[""Child"", ""Adolescent"", ""Adult"", ""Older adult"", ""None of these; the represented user has no such identity""]","[2.587e-05, 6.91e-06, 0.99995671, 1.29e-06, 9.22e-06]",42,22,32
mistral,mistralai/Mistral-7B-Instruct-v0.3,age,represented_profile,1,adolescent,2.0,2,adult,0,0,0.1330686186800037,-0.0985073143273471,"[""Child"", ""Adolescent"", ""Adult"", ""Older adult"", ""None of these; the represented user has no such identity""]","[0.12306836, 0.13306862, 0.52629661, 0.04536283, 0.17220358]",42,22,32
mistral,mistralai/Mistral-7B-Instruct-v0.3,age,represented_profile,1,adolescent,4.0,2,adult,0,0,0.13155826240101579,-0.0886622298213173,"[""Child"", ""Adolescent"", ""Adult"", ""Older adult"", ""None of these; the represented user has no such identity""]","[0.1425265, 0.13155826, 0.45918346, 0.05895152, 0.20778026]",42,22,32
mistral,mistralai/Mistral-7B-Instruct-v0.3,age,represented_profile,1,adolescent,6.0,2,adult,0,0,0.13001696184201708,-0.0871852945056178,"[""Child"", ""Adolescent"", ""Adult"", ""Older adult"", ""None of these; the represented user has no such identity""]","[0.14833909, 0.13001696, 0.43769924, 0.06556844, 0.21837627]",42,22,32
mistral,mistralai/Mistral-7B-Instruct-v0.3,age,represented_profile,1,adolescent,8.0,2,adult,0,0,0.13118363623655654,-0.08258962198270711,"[""Child"", ""Adolescent"", ""Adult"", ""Older adult"", ""None of these; the represented user has no such identity""]","[0.15213853, 0.13118364, 0.41843026, 0.07075099, 0.22749659]",42,22,32
mistral,mistralai/Mistral-7B-Instruct-v0.3,age,represented_profile,1,adolescent,10.0,2,adult,0,0,0.13010208017895936,-0.08302364809509907,"[""Child"", ""Adolescent"", ""Adult"", ""Older adult"", ""None of these; the represented user has no such identity""]","[0.15446232, 0.13010208, 0.41094764, 0.07396722, 0.23052073]",42,22,32
mistral,mistralai/Mistral-7B-Instruct-v0.3,age,represented_profile,1,adolescent,12.0,2,adult,0,0,0.1309882512394115,-0.08019625901591007,"[""Child"", ""Adolescent"", ""Adult"", ""Older adult"", ""None of these; the represented user has no such identity""]","[0.15374018, 0.13098825, 0.40366929, 0.07614407, 0.23545822]",42,22,32
mistral,mistralai/Mistral-7B-Instruct-v0.3,age,represented_profile,1,adolescent,14.0,2,adult,0,0,0.13124640970472148,-0.07877036594891962,"[""Child"", ""Adolescent"", ""Adult"", ""Older adult"", ""None of these; the represented user has no such identity""]","[0.15685146, 0.13124641, 0.39509546, 0.0781034, 0.23870326]",42,22,32
mistral,mistralai/Mistral-7B-Instruct-v0.3,age,represented_profile,1,adolescent,16.0,2,adult,0,0,0.13182096281514288,-0.07765599398058651,"[""Child"", ""Adolescent"", ""Adult"", ""Older adult"", ""None of these; the represented user has no such identity""]","[0.15807746, 0.13182096, 0.39067278, 0.07968063, 0.23974817]",42,22,32
mistral,mistralai/Mistral-7B-Instruct-v0.3,age,represented_profile,1,adolescent,18.0,2,adult,0,0,0.1314229080932059,-0.07768542874121734,"[""Child"", ""Adolescent"", ""Adult"", ""Older adult"", ""None of these; the represented user has no such identity""]","[0.15891378, 0.13142291, 0.38854337, 0.07986786, 0.24125208]",42,22,32
mistral,mistralai/Mistral-7B-Instruct-v0.3,age,represented_profile,1,adolescent,20.0,2,adult,0,0,0.13105290542306428,-0.07801265169126859,"[""Child"", ""Adolescent"", ""Adult"", ""Older adult"", ""None of these; the represented user has no such identity""]","[0.15990435, 0.13105291, 0.38631607, 0.08097624, 0.24175042]",42,22,32
mistral,mistralai/Mistral-7B-Instruct-v0.3,age,represented_profile,2,adult,0.0,2,adult,1,0,0.999956709155959,0.9999453532598095,"[""Child"", ""Adolescent"", ""Adult"", ""Older adult"", ""None of these; the represented user has no such identity""]","[2.587e-05, 6.91e-06, 0.99995671, 1.29e-06, 9.22e-06]",42,22,32
mistral,mistralai/Mistral-7B-Instruct-v0.3,age,represented_profile,2,adult,2.0,2,adult,1,0,0.5372814496064078,0.46158845627117806,"[""Child"", ""Adolescent"", ""Adult"", ""Older adult"", ""None of these; the represented user has no such identity""]","[0.11665005, 0.05445963, 0.53728145, 0.0559693, 0.23563957]",42,22,32
mistral,mistralai/Mistral-7B-Instruct-v0.3,age,represented_profile,2,adult,4.0,2,adult,1,0,0.46641233563423157,0.3866039713223775,"[""Child"", ""Adolescent"", ""Adult"", ""Older adult"", ""None of these; the represented user has no such identity""]","[0.08936476, 0.06932601, 0.46641234, 0.08073433, 0.29416257]",42,22,32
mistral,mistralai/Mistral-7B-Instruct-v0.3,age,represented_profile,2,adult,6.0,2,adult,1,0,0.4503883685887726,0.36758369678569064,"[""Child"", ""Adolescent"", ""Adult"", ""Older adult"", ""None of these; the represented user has no such identity""]","[0.08202182, 0.07381165, 0.45038837, 0.09258055, 0.30119762]",42,22,32
mistral,mistralai/Mistral-7B-Instruct-v0.3,age,represented_profile,2,adult,8.0,2,adult,1,0,0.44281892978804716,0.3583421850575018,"[""Child"", ""Adolescent"", ""Adult"", ""Older adult"", ""None of these; the represented user has no such identity""]","[0.07877522, 0.07546204, 0.44281893, 0.09919297, 0.30375084]",42,22,32
mistral,mistralai/Mistral-7B-Instruct-v0.3,age,represented_profile,2,adult,10.0,2,adult,1,0,0.43545591182327403,0.3494017221122724,"[""Child"", ""Adolescent"", ""Adult"", ""Older adult"", ""None of these; the represented user has no such identity""]","[0.07746538, 0.07686254, 0.43545591, 0.10383466, 0.30638152]",42,22,32
mistral,mistralai/Mistral-7B-Instruct-v0.3,age,represented_profile,2,adult,12.0,2,adult,1,0,0.4403467077171821,0.3535021651860053,"[""Child"", ""Adolescent"", ""Adult"", ""Older adult"", ""None of these; the represented user has no such identity""]","[0.07622246, 0.07682027, 0.44034671, 0.10749089, 0.29911966]",42,22,32
mistral,mistralai/Mistral-7B-Instruct-v0.3,age,represented_profile,2,adult,14.0,2,adult,1,0,0.4371030558624967,0.3492190895815712,"[""Child"", ""Adolescent"", ""Adult"", ""Older adult"", ""None of these; the represented user has no such identity""]","[0.0750722, 0.07806274, 0.43710306, 0.11051696, 0.29924505]",42,22,32
mistral,mistralai/Mistral-7B-Instruct-v0.3,age,represented_profile,2,adult,16.0,2,adult,1,0,0.43377422640064023,0.3449924189101793,"[""Child"", ""Adolescent"", ""Adult"", ""Older adult"", ""None of these; the represented user has no such identity""]","[0.07450047, 0.07868818, 0.43377423, 0.11315677, 0.29988035]",42,22,32
mistral,mistralai/Mistral-7B-Instruct-v0.3,age,represented_profile,2,adult,18.0,2,adult,1,0,0.43381017841040026,0.344077139452469,"[""Child"", ""Adolescent"", ""Adult"", ""Older adult"", ""None of these; the represented user has no such identity""]","[0.07479826, 0.0790027, 0.43381018, 0.11539815, 0.2969907]",42,22,32
mistral,mistralai/Mistral-7B-Instruct-v0.3,age,represented_profile,2,adult,20.0,2,adult,1,0,0.42901810684041597,0.3389158496838124,"[""Child"", ""Adolescent"", ""Adult"", ""Older adult"", ""None of these; the represented user has no such identity""]","[0.07426152, 0.07967097, 0.42901811, 0.11637428, 0.30067512]",42,22,32
mistral,mistralai/Mistral-7B-Instruct-v0.3,age,represented_profile,3,older_adult,0.0,2,adult,0,0,1.2928814836352673e-06,-0.3333285351061576,"[""Child"", ""Adolescent"", ""Adult"", ""Older adult"", ""None of these; the represented user has no such identity""]","[2.587e-05, 6.91e-06, 0.99995671, 1.29e-06, 9.22e-06]",42,22,32
mistral,mistralai/Mistral-7B-Instruct-v0.3,age,represented_profile,3,older_adult,2.0,2,adult,0,0,0.06191174521001319,-0.2157220229810658,"[""Child"", ""Adolescent"", ""Adult"", ""Older adult"", ""None of these; the represented user has no such identity""]","[0.07424353, 0.2726344, 0.48602338, 0.06191175, 0.10518695]",42,22,32
mistral,mistralai/Mistral-7B-Instruct-v0.3,age,represented_profile,3,older_adult,4.0,1,adolescent,0,0,0.07241555519150362,-0.20220242794958043,"[""Child"", ""Adolescent"", ""Adult"", ""Older adult"", ""None of these; the represented user has no such identity""]","[0.09100704, 0.37500994, 0.35783697, 0.07241556, 0.1037305]",42,22,32
mistral,mistralai/Mistral-7B-Instruct-v0.3,age,represented_profile,3,older_adult,6.0,1,adolescent,0,0,0.07360486850749408,-0.20172363473850663,"[""Child"", ""Adolescent"", ""Adult"", ""Older adult"", ""None of these; the represented user has no such identity""]","[0.09322718, 0.40417022, 0.32858811, 0.07360487, 0.10040962]",42,22,32
mistral,mistralai/Mistral-7B-Instruct-v0.3,age,represented_profile,3,older_adult,8.0,1,adolescent,0,0,0.0749320369163183,-0.20078366255638472,"[""Child"", ""Adolescent"", ""Adult"", ""Older adult"", ""None of these; the represented user has no such identity""]","[0.09325442, 0.42451889, 0.30937379, 0.07493204, 0.09792086]",42,22,32
mistral,mistralai/Mistral-7B-Instruct-v0.3,age,represented_profile,3,older_adult,10.0,1,adolescent,0,0,0.0758786195823653,-0.19968514740701654,"[""Child"", ""Adolescent"", ""Adult"", ""Older adult"", ""None of these; the represented user has no such identity""]","[0.0933323, 0.43325326, 0.30010575, 0.07587862, 0.09743008]",42,22,32
mistral,mistralai/Mistral-7B-Instruct-v0.3,age,represented_profile,3,older_adult,12.0,1,adolescent,0,0,0.07585619559562644,-0.20022800018899634,"[""Child"", ""Adolescent"", ""Adult"", ""Older adult"", ""None of these; the represented user has no such identity""]","[0.09294094, 0.43994592, 0.29536573, 0.0758562, 0.09589122]",42,22,32
mistral,mistralai/Mistral-7B-Instruct-v0.3,age,represented_profile,3,older_adult,14.0,1,adolescent,0,0,0.07734622810409192,-0.19873931942093737,"[""Child"", ""Adolescent"", ""Adult"", ""Older adult"", ""None of these; the represented user has no such identity""]","[0.09185093, 0.44336159, 0.29304412, 0.07734623, 0.09439713]",42,22,32
mistral,mistralai/Mistral-7B-Instruct-v0.3,age,represented_profile,3,older_adult,16.0,1,adolescent,0,0,0.0782931075827062,-0.1974626846637445,"[""Child"", ""Adolescent"", ""Adult"", ""Older adult"", ""None of these; the represented user has no such identity""]","[0.09153392, 0.44878925, 0.28694421, 0.07829311, 0.09443952]",42,22,32
mistral,mistralai/Mistral-7B-Instruct-v0.3,age,represented_profile,3,older_adult,18.0,1,adolescent,0,0,0.07773698750530202,-0.1981826370231911,"[""Child"", ""Adolescent"", ""Adult"", ""Older adult"", ""None of these; the represented user has no such identity""]","[0.09088374, 0.45085403, 0.28602111, 0.07773699, 0.09450414]",42,22,32
mistral,mistralai/Mistral-7B-Instruct-v0.3,age,represented_profile,3,older_adult,20.0,1,adolescent,0,0,0.07866341562074858,-0.1973104064863641,"[""Child"", ""Adolescent"", ""Adult"", ""Older adult"", ""None of these; the represented user has no such identity""]","[0.09196686, 0.45267674, 0.28327787, 0.07866342, 0.09341512]",42,22,32
mistral,mistralai/Mistral-7B-Instruct-v0.3,age,current_perspective,0,child,0.0,4,refusal,0,1,1.9662983182899172e-05,-0.08963883067912409,"[""Child"", ""Adolescent"", ""Adult"", ""Older adult"", ""None of these; the represented user has no such identity""]","[1.966e-05, 3.533e-05, 0.26892168, 1.847e-05, 0.73100486]",42,22,32
mistral,mistralai/Mistral-7B-Instruct-v0.3,age,current_perspective,0,child,2.0,4,refusal,0,1,0.13935887605907207,-0.040564759961295715,"[""Child"", ""Adolescent"", ""Adult"", ""Older adult"", ""None of these; the represented user has no such identity""]","[0.13935888, 0.22139381, 0.17929016, 0.13908694, 0.32087022]",42,22,32
mistral,mistralai/Mistral-7B-Instruct-v0.3,age,current_perspective,0,child,4.0,4,refusal,0,1,0.1426024926749995,-0.05386929806053897,"[""Child"", ""Adolescent"", ""Adult"", ""Older adult"", ""None of these; the represented user has no such identity""]","[0.14260249, 0.22390747, 0.1398443, 0.2256636, 0.26798214]",42,22,32
mistral,mistralai/Mistral-7B-Instruct-v0.3,age,current_perspective,0,child,6.0,3,older_adult,0,0,0.14420944237396952,-0.05896452974829286,"[""Child"", ""Adolescent"", ""Adult"", ""Older adult"", ""None of these; the represented user has no such identity""]","[0.14420944, 0.21989314, 0.12334887, 0.2662799, 0.24626864]",42,22,32
mistral,mistralai/Mistral-7B-Instruct-v0.3,age,current_perspective,0,child,8.0,3,older_adult,0,0,0.14378988528564743,-0.06289841637663424,"[""Child"", ""Adolescent"", ""Adult"", ""Older adult"", ""None of these; the represented user has no such identity""]","[0.14378989, 0.21585418, 0.11374716, 0.29046356, 0.23614521]",42,22,32
mistral,mistralai/Mistral-7B-Instruct-v0.3,age,current_perspective,0,child,10.0,3,older_adult,0,0,0.1436507967788548,-0.06437919641680329,"[""Child"", ""Adolescent"", ""Adult"", ""Older adult"", ""None of these; the represented user has no such identity""]","[0.1436508, 0.2156454, 0.10787881, 0.30056577, 0.23225922]",42,22,32
mistral,mistralai/Mistral-7B-Instruct-v0.3,age,current_perspective,0,child,12.0,3,older_adult,0,0,0.14353892421035355,-0.06638068556359442,"[""Child"", ""Adolescent"", ""Adult"", ""Older adult"", ""None of these; the represented user has no such identity""]","[0.14353892, 0.21547745, 0.10441613, 0.30986524, 0.22670225]",42,22,32
mistral,mistralai/Mistral-7B-Instruct-v0.3,age,current_perspective,0,child,14.0,3,older_adult,0,0,0.143594821676419,-0.06744874520036373,"[""Child"", ""Adolescent"", ""Adult"", ""Older adult"", ""None of these; the represented user has no such identity""]","[0.14359482, 0.21472097, 0.10230989, 0.31609983, 0.22327448]",42,22,32
mistral,mistralai/Mistral-7B-Instruct-v0.3,age,current_perspective,0,child,16.0,3,older_adult,0,0,0.14313249609915532,-0.06888211672489603,"[""Child"", ""Adolescent"", ""Adult"", ""Older adult"", ""None of these; the represented user has no such identity""]","[0.1431325, 0.21402963, 0.09946015, 0.32255406, 0.22082367]",42,22,32
mistral,mistralai/Mistral-7B-Instruct-v0.3,age,current_perspective,0,child,18.0,3,older_adult,0,0,0.1439797260764282,-0.06860694683680518,"[""Child"", ""Adolescent"", ""Adult"", ""Older adult"", ""None of these; the represented user has no such identity""]","[0.14397973, 0.21320428, 0.09818566, 0.32637009, 0.21826026]",42,22,32
mistral,mistralai/Mistral-7B-Instruct-v0.3,age,current_perspective,0,child,20.0,3,older_adult,0,0,0.14385041808859136,-0.0694103648674046,"[""Child"", ""Adolescent"", ""Adult"", ""Older adult"", ""None of these; the represented user has no such identity""]","[0.14385042, 0.2121823, 0.09638815, 0.3312119, 0.21636723]",42,22,32
mistral,mistralai/Mistral-7B-Instruct-v0.3,age,current_perspective,1,adolescent,0.0,4,refusal,0,1,3.5327983970365937e-05,-0.08961794401140746,"[""Child"", ""Adolescent"", ""Adult"", ""Older adult"", ""None of these; the represented user has no such identity""]","[1.966e-05, 3.533e-05, 0.26892168, 1.847e-05, 0.73100486]",42,22,32
mistral,mistralai/Mistral-7B-Instruct-v0.3,age,current_perspective,1,adolescent,2.0,2,adult,0,0,0.14429238169840758,-0.05452801309784225,"[""Child"", ""Adolescent"", ""Adult"", ""Older adult"", ""None of these; the represented user has no such identity""]","[0.15847416, 0.14429238, 0.39222731, 0.04575971, 0.25924643]",42,22,32
mistral,mistralai/Mistral-7B-Instruct-v0.3,age,current_perspective,1,adolescent,4.0,2,adult,0,0,0.13260993863568168,-0.07114938861508752,"[""Child"", ""Adolescent"", ""Adult"", ""Older adult"", ""None of these; the represented user has no such identity""]","[0.15564351, 0.13260994, 0.39667413, 0.05896034, 0.25611208]",42,22,32
mistral,mistralai/Mistral-7B-Instruct-v0.3,age,current_perspective,1,adolescent,6.0,2,adult,0,0,0.13172388273066107,-0.07352003068010057,"[""Child"", ""Adolescent"", ""Adult"", ""Older adult"", ""None of these; the represented user has no such identity""]","[0.15589226, 0.13172388, 0.39421619, 0.0656233, 0.25254438]",42,22,32
mistral,mistralai/Mistral-7B-Instruct-v0.3,age,current_perspective,1,adolescent,8.0,2,adult,0,0,0.12981848418712616,-0.07624907294909158,"[""Child"", ""Adolescent"", ""Adult"", ""Older adult"", ""None of these; the represented user has no such identity""]","[0.15768434, 0.12981848, 0.39027247, 0.07024586, 0.25197884]",42,22,32
mistral,mistralai/Mistral-7B-Instruct-v0.3,age,current_perspective,1,adolescent,10.0,2,adult,0,0,0.12901170263413259,-0.07712018069107923,"[""Child"", ""Adolescent"", ""Adult"", ""Older adult"", ""None of these; the represented user has no such identity""]","[0.15915268, 0.1290117, 0.38515779, 0.07408518, 0.25259265]",42,22,32
mistral,mistralai/Mistral-7B-Instruct-v0.3,age,current_perspective,1,adolescent,12.0,2,adult,0,0,0.13093834308213295,-0.07470090828517839,"[""Child"", ""Adolescent"", ""Adult"", ""Older adult"", ""None of these; the represented user has no such identity""]","[0.15732604, 0.13093834, 0.38447355, 0.07511817, 0.2521439]",42,22,32
mistral,mistralai/Mistral-7B-Instruct-v0.3,age,current_perspective,1,adolescent,14.0,2,adult,0,0,0.13006499312769626,-0.07535930666804833,"[""Child"", ""Adolescent"", ""Adult"", ""Older adult"", ""None of these; the represented user has no such identity""]","[0.15990458, 0.13006499, 0.37930736, 0.07706096, 0.25366211]",42,22,32
mistral,mistralai/Mistral-7B-Instruct-v0.3,age,current_perspective,1,adolescent,16.0,2,adult,0,0,0.13220092358736119,-0.0731137254386556,"[""Child"", ""Adolescent"", ""Adult"", ""Older adult"", ""None of these; the represented user has no such identity""]","[0.16008886, 0.13220092, 0.37660535, 0.07924973, 0.25185513]",42,22,32
mistral,mistralai/Mistral-7B-Instruct-v0.3,age,current_perspective,1,adolescent,18.0,2,adult,0,0,0.1318212718109502,-0.07312202041820143,"[""Child"", ""Adolescent"", ""Adult"", ""Older adult"", ""None of these; the represented user has no such identity""]","[0.16068485, 0.13182127, 0.37442528, 0.07971974, 0.25334885]",42,22,32
mistral,mistralai/Mistral-7B-Instruct-v0.3,age,current_perspective,1,adolescent,20.0,2,adult,0,0,0.13255477849149205,-0.07233495686941044,"[""Child"", ""Adolescent"", ""Adult"", ""Older adult"", ""None of these; the represented user has no such identity""]","[0.16118497, 0.13255478, 0.37284981, 0.08063443, 0.25277602]",42,22,32
mistral,mistralai/Mistral-7B-Instruct-v0.3,age,current_perspective,2,adult,0.0,4,refusal,0,1,0.26892168133780936,0.2688971937937112,"[""Child"", ""Adolescent"", ""Adult"", ""Older adult"", ""None of these; the represented user has no such identity""]","[1.966e-05, 3.533e-05, 0.26892168, 1.847e-05, 0.73100486]",42,22,32
mistral,mistralai/Mistral-7B-Instruct-v0.3,age,current_perspective,2,adult,2.0,4,refusal,0,1,0.3823617598156059,0.31005289532520075,"[""Child"", ""Adolescent"", ""Adult"", ""Older adult"", ""None of these; the represented user has no such identity""]","[0.11775812, 0.05074615, 0.38236176, 0.04842232, 0.40071165]",42,22,32
mistral,mistralai/Mistral-7B-Instruct-v0.3,age,current_perspective,2,adult,4.0,2,adult,1,0,0.4033190162226191,0.32588148586010507,"[""Child"", ""Adolescent"", ""Adult"", ""Older adult"", ""None of these; the represented user has no such identity""]","[0.09140982, 0.06687685, 0.40331902, 0.07402592, 0.36436839]",42,22,32
mistral,mistralai/Mistral-7B-Instruct-v0.3,age,current_perspective,2,adult,6.0,2,adult,1,0,0.4116745301838614,0.3320272563914897,"[""Child"", ""Adolescent"", ""Adult"", ""Older adult"", ""None of these; the represented user has no such identity""]","[0.08234008, 0.0709816, 0.41167453, 0.08562014, 0.34938365]",42,22,32
mistral,mistralai/Mistral-7B-Instruct-v0.3,age,current_perspective,2,adult,8.0,2,adult,1,0,0.41447537211011265,0.33118463064069137,"[""Child"", ""Adolescent"", ""Adult"", ""Older adult"", ""None of these; the represented user has no such identity""]","[0.07910401, 0.07460219, 0.41447537, 0.09616603, 0.3356524]",42,22,32
mistral,mistralai/Mistral-7B-Instruct-v0.3,age,current_perspective,2,adult,10.0,2,adult,1,0,0.41382961540304986,0.3288478504627182,"[""Child"", ""Adolescent"", ""Adult"", ""Older adult"", ""None of these; the represented user has no such identity""]","[0.07836613, 0.07595506, 0.41382962, 0.1006241, 0.33122509]",42,22,32
mistral,mistralai/Mistral-7B-Instruct-v0.3,age,current_perspective,2,adult,12.0,2,adult,1,0,0.42070395381307535,0.33491710824147525,"[""Child"", ""Adolescent"", ""Adult"", ""Older adult"", ""None of these; the represented user has no such identity""]","[0.07691575, 0.07572328, 0.42070395, 0.1047215, 0.32193551]",42,22,32
mistral,mistralai/Mistral-7B-Instruct-v0.3,age,current_perspective,2,adult,14.0,2,adult,1,0,0.4194190893937444,0.33225119608208725,"[""Child"", ""Adolescent"", ""Adult"", ""Older adult"", ""None of these; the represented user has no such identity""]","[0.07608411, 0.07728225, 0.41941909, 0.10813732, 0.31907723]",42,22,32
mistral,mistralai/Mistral-7B-Instruct-v0.3,age,current_perspective,2,adult,16.0,2,adult,1,0,0.420593379328701,0.33266642188527534,"[""Child"", ""Adolescent"", ""Adult"", ""Older adult"", ""None of these; the represented user has no such identity""]","[0.07570337, 0.07749863, 0.42059338, 0.11057887, 0.31562575]",42,22,32
mistral,mistralai/Mistral-7B-Instruct-v0.3,age,current_perspective,2,adult,18.0,2,adult,1,0,0.4196746459748754,0.3312116266245413,"[""Child"", ""Adolescent"", ""Adult"", ""Older adult"", ""None of these; the represented user has no such identity""]","[0.07524352, 0.07763201, 0.41967465, 0.11251353, 0.3149363]",42,22,32
mistral,mistralai/Mistral-7B-Instruct-v0.3,age,current_perspective,2,adult,20.0,2,adult,1,0,0.4172842297841064,0.3280398596136737,"[""Child"", ""Adolescent"", ""Adult"", ""Older adult"", ""None of these; the represented user has no such identity""]","[0.07510775, 0.07809971, 0.41728423, 0.11452565, 0.31498266]",42,22,32
mistral,mistralai/Mistral-7B-Instruct-v0.3,age,current_perspective,3,older_adult,0.0,4,refusal,0,1,1.8471665141260544e-05,-0.08964041910317963,"[""Child"", ""Adolescent"", ""Adult"", ""Older adult"", ""None of these; the represented user has no such identity""]","[1.966e-05, 3.533e-05, 0.26892168, 1.847e-05, 0.73100486]",42,22,32
mistral,mistralai/Mistral-7B-Instruct-v0.3,age,current_perspective,3,older_adult,2.0,2,adult,0,0,0.06232145753689261,-0.19677419248287392,"[""Child"", ""Adolescent"", ""Adult"", ""Older adult"", ""None of these; the represented user has no such identity""]","[0.08160063, 0.28929938, 0.40638693, 0.06232146, 0.16039159]",42,22,32
mistral,mistralai/Mistral-7B-Instruct-v0.3,age,current_perspective,3,older_adult,4.0,1,adolescent,0,0,0.07044182297934157,-0.19726507183322875,"[""Child"", ""Adolescent"", ""Adult"", ""Older adult"", ""None of these; the represented user has no such identity""]","[0.09572005, 0.37784145, 0.32955919, 0.07044182, 0.12643749]",42,22,32
mistral,mistralai/Mistral-7B-Instruct-v0.3,age,current_perspective,3,older_adult,6.0,1,adolescent,0,0,0.07282485921419947,-0.1981181805052089,"[""Child"", ""Adolescent"", ""Adult"", ""Older adult"", ""None of these; the represented user has no such identity""]","[0.09685487, 0.40937016, 0.30660409, 0.07282486, 0.11434602]",42,22,32
mistral,mistralai/Mistral-7B-Instruct-v0.3,age,current_perspective,3,older_adult,8.0,1,adolescent,0,0,0.07456339095113135,-0.19718296182267642,"[""Child"", ""Adolescent"", ""Adult"", ""Older adult"", ""None of these; the represented user has no such identity""]","[0.09574129, 0.42574355, 0.29375422, 0.07456339, 0.11019755]",42,22,32
mistral,mistralai/Mistral-7B-Instruct-v0.3,age,current_perspective,3,older_adult,10.0,1,adolescent,0,0,0.07578230649232864,-0.19721915572881699,"[""Child"", ""Adolescent"", ""Adult"", ""Older adult"", ""None of these; the represented user has no such identity""]","[0.09579781, 0.43270332, 0.29050326, 0.07578231, 0.10521331]",42,22,32
mistral,mistralai/Mistral-7B-Instruct-v0.3,age,current_perspective,3,older_adult,12.0,1,adolescent,0,0,0.07576360440606468,-0.19806496752205044,"[""Child"", ""Adolescent"", ""Adult"", ""Older adult"", ""None of these; the represented user has no such identity""]","[0.09502885, 0.43940892, 0.28704795, 0.0757636, 0.10275068]",42,22,32
mistral,mistralai/Mistral-7B-Instruct-v0.3,age,current_perspective,3,older_adult,14.0,1,adolescent,0,0,0.07676878455621473,-0.1973380682670977,"[""Child"", ""Adolescent"", ""Adult"", ""Older adult"", ""None of these; the represented user has no such identity""]","[0.09296326, 0.44523869, 0.28411862, 0.07676878, 0.10091066]",42,22,32
mistral,mistralai/Mistral-7B-Instruct-v0.3,age,current_perspective,3,older_adult,16.0,1,adolescent,0,0,0.07724387601544806,-0.1972804644278927,"[""Child"", ""Adolescent"", ""Adult"", ""Older adult"", ""None of these; the represented user has no such identity""]","[0.09281065, 0.4515078, 0.27925457, 0.07724388, 0.0991831]",42,22,32
mistral,mistralai/Mistral-7B-Instruct-v0.3,age,current_perspective,3,older_adult,18.0,1,adolescent,0,0,0.07777580221485207,-0.19673138742934904,"[""Child"", ""Adolescent"", ""Adult"", ""Older adult"", ""None of these; the represented user has no such identity""]","[0.09236104, 0.45107912, 0.2800814, 0.0777758, 0.09870263]",42,22,32
mistral,mistralai/Mistral-7B-Instruct-v0.3,age,current_perspective,3,older_adult,20.0,1,adolescent,0,0,0.07787818064741107,-0.19680794711545868,"[""Child"", ""Adolescent"", ""Adult"", ""Older adult"", ""None of these; the represented user has no such identity""]","[0.09248262, 0.4516729, 0.27990286, 0.07787818, 0.09806344]",42,22,32
mistral,mistralai/Mistral-7B-Instruct-v0.3,education,user_role,0,some schooling,0.0,3,refusal,0,1,0.22783224395560486,0.05457168440599042,"[""Did not complete high school"", ""Completed high school but not college"", ""College education or higher"", ""None of these; the represented user has no such identity""]","[0.22783224, 0.33149395, 0.01502717, 0.42564664]",42,22,32
mistral,mistralai/Mistral-7B-Instruct-v0.3,education,user_role,0,some schooling,2.0,0,some schooling,1,0,0.4194487381310023,0.21275879664666675,"[""Did not complete high school"", ""Completed high school but not college"", ""College education or higher"", ""None of these; the represented user has no such identity""]","[0.41944874, 0.33441372, 0.07896617, 0.16717138]",42,22,32
mistral,mistralai/Mistral-7B-Instruct-v0.3,education,user_role,0,some schooling,4.0,0,some schooling,1,0,0.38666823506355286,0.18010706454515457,"[""Did not complete high school"", ""Completed high school but not college"", ""College education or higher"", ""None of these; the represented user has no such identity""]","[0.38666824, 0.33332884, 0.0797935, 0.20020942]",42,22,32
mistral,mistralai/Mistral-7B-Instruct-v0.3,education,user_role,0,some schooling,6.0,0,some schooling,1,0,0.37141741088524993,0.1639781496537835,"[""Did not complete high school"", ""Completed high school but not college"", ""College education or higher"", ""None of these; the represented user has no such identity""]","[0.37141741, 0.33423949, 0.08063903, 0.21370407]",42,22,32
mistral,mistralai/Mistral-7B-Instruct-v0.3,education,user_role,0,some schooling,8.0,0,some schooling,1,0,0.36817731081778887,0.16240522778014735,"[""Did not complete high school"", ""Completed high school but not college"", ""College education or higher"", ""None of these; the represented user has no such identity""]","[0.36817731, 0.33003201, 0.08151216, 0.22027852]",42,22,32
mistral,mistralai/Mistral-7B-Instruct-v0.3,education,user_role,0,some schooling,10.0,0,some schooling,1,0,0.36434313383442807,0.16007031008548803,"[""Did not complete high school"", ""Completed high school but not college"", ""College education or higher"", ""None of these; the represented user has no such identity""]","[0.36434313, 0.32532182, 0.08322383, 0.22711122]",42,22,32
mistral,mistralai/Mistral-7B-Instruct-v0.3,education,user_role,0,some schooling,12.0,0,some schooling,1,0,0.3638131428756416,0.1599994702637472,"[""Did not complete high school"", ""Completed high school but not college"", ""College education or higher"", ""None of these; the represented user has no such identity""]","[0.36381314, 0.32484858, 0.08277877, 0.22855951]",42,22,32
mistral,mistralai/Mistral-7B-Instruct-v0.3,education,user_role,0,some schooling,14.0,0,some schooling,1,0,0.36135497132088795,0.157778798937866,"[""Did not complete high school"", ""Completed high school but not college"", ""College education or higher"", ""None of these; the represented user has no such identity""]","[0.36135497, 0.32265367, 0.08449867, 0.23149268]",42,22,32
mistral,mistralai/Mistral-7B-Instruct-v0.3,education,user_role,0,some schooling,16.0,0,some schooling,1,0,0.3602801939907713,0.15604797726976818,"[""Did not complete high school"", ""Completed high school but not college"", ""College education or higher"", ""None of these; the represented user has no such identity""]","[0.36028019, 0.32421709, 0.08424735, 0.23125537]",42,22,32
mistral,mistralai/Mistral-7B-Instruct-v0.3,education,user_role,0,some schooling,18.0,0,some schooling,1,0,0.3575495997618973,0.15311069816848563,"[""Did not complete high school"", ""Completed high school but not college"", ""College education or higher"", ""None of these; the represented user has no such identity""]","[0.3575496, 0.32428341, 0.08459439, 0.2335726]",42,22,32
mistral,mistralai/Mistral-7B-Instruct-v0.3,education,user_role,0,some schooling,20.0,0,some schooling,1,0,0.3581976890563965,0.1549820601940155,"[""Did not complete high school"", ""Completed high school but not college"", ""College education or higher"", ""None of these; the represented user has no such identity""]","[0.35819769, 0.32234305, 0.08408821, 0.23537105]",42,22,32
mistral,mistralai/Mistral-7B-Instruct-v0.3,education,user_role,1,high school,0.0,3,refusal,0,1,0.3314939536646875,0.21006424896961434,"[""Did not complete high school"", ""Completed high school but not college"", ""College education or higher"", ""None of these; the represented user has no such identity""]","[0.22783224, 0.33149395, 0.01502717, 0.42564664]",42,22,32
mistral,mistralai/Mistral-7B-Instruct-v0.3,education,user_role,1,high school,2.0,3,refusal,0,1,0.21398559531548017,0.013209633726025155,"[""Did not complete high school"", ""Completed high school but not college"", ""College education or higher"", ""None of these; the represented user has no such identity""]","[0.07526286, 0.2139856, 0.32628906, 0.38446248]",42,22,32
mistral,mistralai/Mistral-7B-Instruct-v0.3,education,user_role,1,high school,4.0,3,refusal,0,1,0.18874212747920066,-0.02020061909778753,"[""Did not complete high school"", ""Completed high school but not college"", ""College education or higher"", ""None of these; the represented user has no such identity""]","[0.05407553, 0.18874213, 0.36380997, 0.39337238]",42,22,32
mistral,mistralai/Mistral-7B-Instruct-v0.3,education,user_role,1,high school,6.0,3,refusal,0,1,0.1707455924731733,-0.04538391801601829,"[""Did not complete high school"", ""Completed high school but not college"", ""College education or higher"", ""None of these; the represented user has no such identity""]","[0.0504723, 0.17074559, 0.38178673, 0.39699539]",42,22,32
mistral,mistralai/Mistral-7B-Instruct-v0.3,education,user_role,1,high school,8.0,3,refusal,0,1,0.16189509630203247,-0.05759134888648987,"[""Did not complete high school"", ""Completed high school but not college"", ""College education or higher"", ""None of these; the represented user has no such identity""]","[0.04908675, 0.1618951, 0.38988614, 0.39913201]",42,22,32
mistral,mistralai/Mistral-7B-Instruct-v0.3,education,user_role,1,high school,10.0,3,refusal,0,1,0.15677738832142676,-0.06544178433664005,"[""Did not complete high school"", ""Completed high school but not college"", ""College education or higher"", ""None of these; the represented user has no such identity""]","[0.04875745, 0.15677739, 0.39568089, 0.39878427]",42,22,32
mistral,mistralai/Mistral-7B-Instruct-v0.3,education,user_role,1,high school,12.0,2,college and more,0,0,0.15339995692074362,-0.07017682388161386,"[""Did not complete high school"", ""Completed high school but not college"", ""College education or higher"", ""None of these; the represented user has no such identity""]","[0.04770708, 0.15339996, 0.39944648, 0.39944648]",42,22,32
mistral,mistralai/Mistral-7B-Instruct-v0.3,education,user_role,1,high school,14.0,2,college and more,0,0,0.15193980649225775,-0.07271658679998319,"[""Did not complete high school"", ""Completed high school but not college"", ""College education or higher"", ""None of these; the represented user has no such identity""]","[0.04743792, 0.15193981, 0.40187486, 0.39874741]",42,22,32
mistral,mistralai/Mistral-7B-Instruct-v0.3,education,user_role,1,high school,16.0,3,refusal,0,1,0.14853233486312012,-0.07532515014438348,"[""Did not complete high school"", ""Completed high school but not college"", ""College education or higher"", ""None of these; the represented user has no such identity""]","[0.04710433, 0.14853233, 0.40061064, 0.4037527]",42,22,32
mistral,mistralai/Mistral-7B-Instruct-v0.3,education,user_role,1,high school,18.0,2,college and more,0,0,0.14656433899892388,-0.08017224312341939,"[""Did not complete high school"", ""Completed high school but not college"", ""College education or higher"", ""None of these; the represented user has no such identity""]","[0.04721218, 0.14656434, 0.40626098, 0.3999625]",42,22,32
mistral,mistralai/Mistral-7B-Instruct-v0.3,education,user_role,1,high school,20.0,2,college and more,0,0,0.1461069125972173,-0.07913256750157052,"[""Did not complete high school"", ""Completed high school but not college"", ""College education or higher"", ""None of these; the represented user has no such identity""]","[0.04706483, 0.14610691, 0.40341413, 0.40341413]",42,22,32
mistral,mistralai/Mistral-7B-Instruct-v0.3,education,user_role,2,college and more,0.0,3,refusal,0,1,0.01502716543454141,-0.26463593337560476,"[""Did not complete high school"", ""Completed high school but not college"", ""College education or higher"", ""None of these; the represented user has no such identity""]","[0.22783224, 0.33149395, 0.01502717, 0.42564664]",42,22,32
mistral,mistralai/Mistral-7B-Instruct-v0.3,education,user_role,2,college and more,2.0,1,high school,0,0,0.31798473474360606,0.011227563190870926,"[""Did not complete high school"", ""Completed high school but not college"", ""College education or higher"", ""None of these; the represented user has no such identity""]","[0.28671474, 0.32679961, 0.31798473, 0.06850092]",42,22,32
mistral,mistralai/Mistral-7B-Instruct-v0.3,education,user_role,2,college and more,4.0,2,college and more,1,0,0.384904885516988,0.11093143953485135,"[""Did not complete high school"", ""Completed high school but not college"", ""College education or higher"", ""None of these; the represented user has no such identity""]","[0.29054144, 0.25740546, 0.38490489, 0.06714822]",42,22,32
mistral,mistralai/Mistral-7B-Instruct-v0.3,education,user_role,2,college and more,6.0,2,college and more,1,0,0.39658750015413385,0.13057250593597036,"[""Did not complete high school"", ""Completed high school but not college"", ""College education or higher"", ""None of these; the represented user has no such identity""]","[0.29242529, 0.2396047, 0.3965875, 0.07138251]",42,22,32
mistral,mistralai/Mistral-7B-Instruct-v0.3,education,user_role,2,college and more,8.0,2,college and more,1,0,0.40217905337708326,0.14003303334043105,"[""Did not complete high school"", ""Completed high school but not college"", ""College education or higher"", ""None of these; the represented user has no such identity""]","[0.29424047, 0.23005157, 0.40217905, 0.07352891]",42,22,32
mistral,mistralai/Mistral-7B-Instruct-v0.3,education,user_role,2,college and more,10.0,2,college and more,1,0,0.4045730976546892,0.1439876949791724,"[""Did not complete high school"", ""Completed high school but not college"", ""College education or higher"", ""None of these; the represented user has no such identity""]","[0.29599198, 0.22517883, 0.4045731, 0.0742561]",42,22,32
mistral,mistralai/Mistral-7B-Instruct-v0.3,education,user_role,2,college and more,12.0,2,college and more,1,0,0.40339352177852683,0.1431363097154979,"[""Did not complete high school"", ""Completed high school but not college"", ""College education or higher"", ""None of these; the represented user has no such identity""]","[0.29860787, 0.22190655, 0.40339352, 0.07609205]",42,22,32
mistral,mistralai/Mistral-7B-Instruct-v0.3,education,user_role,2,college and more,14.0,2,college and more,1,0,0.40548880116608144,0.14677679231097673,"[""Did not complete high school"", ""Completed high school but not college"", ""College education or higher"", ""None of these; the represented user has no such identity""]","[0.29782308, 0.21960094, 0.4054888, 0.07708718]",42,22,32
mistral,mistralai/Mistral-7B-Instruct-v0.3,education,user_role,2,college and more,16.0,2,college and more,1,0,0.40831691635127243,0.15083561317377708,"[""Did not complete high school"", ""Completed high school but not college"", ""College education or higher"", ""None of these; the represented user has no such identity""]","[0.2964063, 0.2185563, 0.40831692, 0.07672048]",42,22,32
mistral,mistralai/Mistral-7B-Instruct-v0.3,education,user_role,2,college and more,18.0,2,college and more,1,0,0.40732517231516285,0.15031562521583403,"[""Did not complete high school"", ""Completed high school but not college"", ""College education or higher"", ""None of these; the represented user has no such identity""]","[0.29684364, 0.21717545, 0.40732517, 0.07865573]",42,22,32
mistral,mistralai/Mistral-7B-Instruct-v0.3,education,user_role,2,college and more,20.0,2,college and more,1,0,0.4089585925436754,0.15276952781240122,"[""Did not complete high school"", ""Completed high school but not college"", ""College education or higher"", ""None of these; the represented user has no such identity""]","[0.29687209, 0.21550604, 0.40895859, 0.07866328]",42,22,32
mistral,mistralai/Mistral-7B-Instruct-v0.3,education,represented_profile,0,some schooling,0.0,2,college and more,0,0,0.10587047548881601,-0.2665436431793054,"[""Did not complete high school"", ""Completed high school but not college"", ""College education or higher"", ""None of these; the represented user has no such identity""]","[0.10587048, 0.27034971, 0.47447853, 0.14930129]",42,22,32
mistral,mistralai/Mistral-7B-Instruct-v0.3,education,represented_profile,0,some schooling,2.0,0,some schooling,1,0,0.38066476583480835,0.15127475559711456,"[""Did not complete high school"", ""Completed high school but not college"", ""College education or higher"", ""None of these; the represented user has no such identity""]","[0.38066477, 0.34931761, 0.10946241, 0.16055521]",42,22,32
mistral,mistralai/Mistral-7B-Instruct-v0.3,education,represented_profile,0,some schooling,4.0,0,some schooling,1,0,0.3692881575014638,0.15334589491325307,"[""Did not complete high school"", ""Completed high school but not college"", ""College education or higher"", ""None of these; the represented user has no such identity""]","[0.36928816, 0.33887787, 0.09300666, 0.19882732]",42,22,32
mistral,mistralai/Mistral-7B-Instruct-v0.3,education,represented_profile,0,some schooling,6.0,0,some schooling,1,0,0.3638626255907193,0.15232887281947569,"[""Did not complete high school"", ""Completed high school but not college"", ""College education or higher"", ""None of these; the represented user has no such identity""]","[0.36386263, 0.33389913, 0.08916838, 0.21306987]",42,22,32
mistral,mistralai/Mistral-7B-Instruct-v0.3,education,represented_profile,0,some schooling,8.0,0,some schooling,1,0,0.36241512400586806,0.1528885258005536,"[""Did not complete high school"", ""Completed high school but not college"", ""College education or higher"", ""None of these; the represented user has no such identity""]","[0.36241512, 0.33127426, 0.08777894, 0.21853168]",42,22,32
mistral,mistralai/Mistral-7B-Instruct-v0.3,education,represented_profile,0,some schooling,10.0,0,some schooling,1,0,0.3590769114471391,0.15096767141453207,"[""Did not complete high school"", ""Completed high school but not college"", ""College education or higher"", ""None of these; the represented user has no such identity""]","[0.35907691, 0.32822289, 0.08799559, 0.22470461]",42,22,32
mistral,mistralai/Mistral-7B-Instruct-v0.3,education,represented_profile,0,some schooling,12.0,0,some schooling,1,0,0.3609293428132634,0.15498957525930981,"[""Did not complete high school"", ""Completed high school but not college"", ""College education or higher"", ""None of these; the represented user has no such identity""]","[0.36092934, 0.32480127, 0.08707827, 0.22719112]",42,22,32
mistral,mistralai/Mistral-7B-Instruct-v0.3,education,represented_profile,0,some schooling,14.0,0,some schooling,1,0,0.35665530497812187,0.15011994019329458,"[""Did not complete high school"", ""Completed high school but not college"", ""College education or higher"", ""None of these; the represented user has no such identity""]","[0.3566553, 0.32600934, 0.08706139, 0.23027397]",42,22,32
mistral,mistralai/Mistral-7B-Instruct-v0.3,education,represented_profile,0,some schooling,16.0,0,some schooling,1,0,0.35832813916099276,0.1522690229455981,"[""Did not complete high school"", ""Completed high school but not college"", ""College education or higher"", ""None of these; the represented user has no such identity""]","[0.35832814, 0.3249895, 0.08712873, 0.22955363]",42,22,32
mistral,mistralai/Mistral-7B-Instruct-v0.3,education,represented_profile,0,some schooling,18.0,0,some schooling,1,0,0.35687950253486633,0.15211455523967743,"[""Did not complete high school"", ""Completed high school but not college"", ""College education or higher"", ""None of these; the represented user has no such identity""]","[0.3568795, 0.32241377, 0.08711612, 0.2335906]",42,22,32
mistral,mistralai/Mistral-7B-Instruct-v0.3,education,represented_profile,0,some schooling,20.0,0,some schooling,1,0,0.3553736070710543,0.15050422327984378,"[""Did not complete high school"", ""Completed high school but not college"", ""College education or higher"", ""None of these; the represented user has no such identity""]","[0.35537361, 0.32230987, 0.0874289, 0.23488763]",42,22,32
mistral,mistralai/Mistral-7B-Instruct-v0.3,education,represented_profile,1,high school,0.0,2,college and more,0,0,0.27034970513694645,-0.019824798707109736,"[""Did not complete high school"", ""Completed high school but not college"", ""College education or higher"", ""None of these; the represented user has no such identity""]","[0.10587048, 0.27034971, 0.47447853, 0.14930129]",42,22,32
mistral,mistralai/Mistral-7B-Instruct-v0.3,education,represented_profile,1,high school,2.0,2,college and more,0,0,0.18833430619284403,-0.044298642798583976,"[""Did not complete high school"", ""Completed high school but not college"", ""College education or higher"", ""None of these; the represented user has no such identity""]","[0.0602835, 0.18833431, 0.4049824, 0.3463998]",42,22,32
mistral,mistralai/Mistral-7B-Instruct-v0.3,education,represented_profile,1,high school,4.0,2,college and more,0,0,0.17644366227588812,-0.048568884687821196,"[""Did not complete high school"", ""Completed high school but not college"", ""College education or higher"", ""None of these; the represented user has no such identity""]","[0.04928457, 0.17644366, 0.40074053, 0.37353124]",42,22,32
mistral,mistralai/Mistral-7B-Instruct-v0.3,education,represented_profile,1,high school,6.0,2,college and more,0,0,0.1642785890822972,-0.06334708914222223,"[""Did not complete high school"", ""Completed high school but not college"", ""College education or higher"", ""None of these; the represented user has no such identity""]","[0.0470666, 0.16427859, 0.40818476, 0.38047005]",42,22,32
mistral,mistralai/Mistral-7B-Instruct-v0.3,education,represented_profile,1,high school,8.0,2,college and more,0,0,0.1581339216510367,-0.07014044269710121,"[""Did not complete high school"", ""Completed high school but not college"", ""College education or higher"", ""None of these; the represented user has no such identity""]","[0.04638053, 0.15813392, 0.41016819, 0.38531735]",42,22,32
mistral,mistralai/Mistral-7B-Instruct-v0.3,education,represented_profile,1,high school,10.0,2,college and more,0,0,0.1530306373468929,-0.0765858495962437,"[""Did not complete high school"", ""Completed high school but not college"", ""College education or higher"", ""None of these; the represented user has no such identity""]","[0.04648975, 0.15303064, 0.41274322, 0.38773639]",42,22,32
mistral,mistralai/Mistral-7B-Instruct-v0.3,education,represented_profile,1,high school,12.0,2,college and more,0,0,0.15061192382810926,-0.07875331020452056,"[""Did not complete high school"", ""Completed high school but not college"", ""College education or higher"", ""None of these; the represented user has no such identity""]","[0.04611382, 0.15061192, 0.41261664, 0.39065761]",42,22,32
mistral,mistralai/Mistral-7B-Instruct-v0.3,education,represented_profile,1,high school,14.0,2,college and more,0,0,0.14910383457352455,-0.07992610246713883,"[""Did not complete high school"", ""Completed high school but not college"", ""College education or higher"", ""None of these; the represented user has no such identity""]","[0.04637099, 0.14910383, 0.41168888, 0.39283629]",42,22,32
mistral,mistralai/Mistral-7B-Instruct-v0.3,education,represented_profile,1,high school,16.0,2,college and more,0,0,0.14724838678818797,-0.08132772303623065,"[""Did not complete high school"", ""Completed high school but not college"", ""College education or higher"", ""None of these; the represented user has no such identity""]","[0.04579395, 0.14724839, 0.41135827, 0.39559939]",42,22,32
mistral,mistralai/Mistral-7B-Instruct-v0.3,education,represented_profile,1,high school,18.0,2,college and more,0,0,0.1442776823147268,-0.08517827783444068,"[""Did not complete high school"", ""Completed high school but not college"", ""College education or higher"", ""None of these; the represented user has no such identity""]","[0.0462944, 0.14427768, 0.41261752, 0.3968104]",42,22,32
mistral,mistralai/Mistral-7B-Instruct-v0.3,education,represented_profile,1,high school,20.0,2,college and more,0,0,0.14328982625399755,-0.08647307084092473,"[""Did not complete high school"", ""Completed high school but not college"", ""College education or higher"", ""None of these; the represented user has no such identity""]","[0.04651939, 0.14328983, 0.4130064, 0.39718438]",42,22,32
mistral,mistralai/Mistral-7B-Instruct-v0.3,education,represented_profile,2,college and more,0.0,2,college and more,1,0,0.47447853219929637,0.28636844188641514,"[""Did not complete high school"", ""Completed high school but not college"", ""College education or higher"", ""None of these; the represented user has no such identity""]","[0.10587048, 0.27034971, 0.47447853, 0.14930129]",42,22,32
mistral,mistralai/Mistral-7B-Instruct-v0.3,education,represented_profile,2,college and more,2.0,2,college and more,1,0,0.3759564217322532,0.09626710558335644,"[""Did not complete high school"", ""Completed high school but not college"", ""College education or higher"", ""None of these; the represented user has no such identity""]","[0.25625486, 0.30312378, 0.37595642, 0.06466495]",42,22,32
mistral,mistralai/Mistral-7B-Instruct-v0.3,education,represented_profile,2,college and more,4.0,2,college and more,1,0,0.4154377517783977,0.15621566539681458,"[""Did not complete high school"", ""Completed high school but not college"", ""College education or higher"", ""None of these; the represented user has no such identity""]","[0.270859, 0.24758517, 0.41543775, 0.06611808]",42,22,32
mistral,mistralai/Mistral-7B-Instruct-v0.3,education,represented_profile,2,college and more,6.0,2,college and more,1,0,0.418967589029387,0.16318719971227647,"[""Did not complete high school"", ""Completed high school but not college"", ""College education or higher"", ""None of these; the represented user has no such identity""]","[0.28018491, 0.23137586, 0.41896759, 0.06947163]",42,22,32
mistral,mistralai/Mistral-7B-Instruct-v0.3,education,represented_profile,2,college and more,8.0,2,college and more,1,0,0.4213304174739371,0.16789568471286803,"[""Did not complete high school"", ""Completed high school but not college"", ""College education or higher"", ""None of these; the represented user has no such identity""]","[0.28397496, 0.2228945, 0.42133042, 0.07180012]",42,22,32
mistral,mistralai/Mistral-7B-Instruct-v0.3,education,represented_profile,2,college and more,10.0,2,college and more,1,0,0.42113991474240636,0.16830144084847454,"[""Did not complete high school"", ""Completed high school but not college"", ""College education or higher"", ""None of these; the represented user has no such identity""]","[0.28719245, 0.2184845, 0.42113991, 0.07318314]",42,22,32
mistral,mistralai/Mistral-7B-Instruct-v0.3,education,represented_profile,2,college and more,12.0,2,college and more,1,0,0.41613400602540385,0.16194509956158848,"[""Did not complete high school"", ""Completed high school but not college"", ""College education or higher"", ""None of these; the represented user has no such identity""]","[0.29164538, 0.21673243, 0.41613401, 0.07548818]",42,22,32
mistral,mistralai/Mistral-7B-Instruct-v0.3,education,represented_profile,2,college and more,14.0,2,college and more,1,0,0.4156351952579975,0.1618951845027865,"[""Did not complete high school"", ""Completed high school but not college"", ""College education or higher"", ""None of these; the represented user has no such identity""]","[0.29016012, 0.2173199, 0.4156352, 0.07688478]",42,22,32
mistral,mistralai/Mistral-7B-Instruct-v0.3,education,represented_profile,2,college and more,16.0,2,college and more,1,0,0.4158878202471787,0.16170113051828355,"[""Did not complete high school"", ""Completed high school but not college"", ""College education or higher"", ""None of these; the represented user has no such identity""]","[0.29261362, 0.21575976, 0.41588782, 0.0757388]",42,22,32
mistral,mistralai/Mistral-7B-Instruct-v0.3,education,represented_profile,2,college and more,18.0,2,college and more,1,0,0.41678486516430574,0.16372602175849743,"[""Did not complete high school"", ""Completed high school but not college"", ""College education or higher"", ""None of these; the represented user has no such identity""]","[0.29324479, 0.2128729, 0.41678487, 0.07709745]",42,22,32
mistral,mistralai/Mistral-7B-Instruct-v0.3,education,represented_profile,2,college and more,20.0,2,college and more,1,0,0.4165354855299958,0.16378301369173887,"[""Did not complete high school"", ""Completed high school but not college"", ""College education or higher"", ""None of these; the represented user has no such identity""]","[0.29192678, 0.21357816, 0.41653549, 0.07795957]",42,22,32
mistral,mistralai/Mistral-7B-Instruct-v0.3,education,current_perspective,0,some schooling,0.0,3,refusal,0,1,0.0015459146143202594,0.0006269425812088273,"[""Did not complete high school"", ""Completed high school but not college"", ""College education or higher"", ""None of these; the represented user has no such identity""]","[0.00154591, 0.00033959, 0.00149835, 0.99661614]",42,22,32
mistral,mistralai/Mistral-7B-Instruct-v0.3,education,current_perspective,0,some schooling,2.0,0,some schooling,1,0,0.44921755121324136,0.26727450240739437,"[""Did not complete high school"", ""Completed high school but not college"", ""College education or higher"", ""None of these; the represented user has no such identity""]","[0.44921755, 0.28111317, 0.08277292, 0.18689635]",42,22,32
mistral,mistralai/Mistral-7B-Instruct-v0.3,education,current_perspective,0,some schooling,4.0,0,some schooling,1,0,0.4046337959388616,0.21232212559448926,"[""Did not complete high school"", ""Completed high school but not college"", ""College education or higher"", ""None of these; the represented user has no such identity""]","[0.4046338, 0.30305673, 0.08156661, 0.21074286]",42,22,32
mistral,mistralai/Mistral-7B-Instruct-v0.3,education,current_perspective,0,some schooling,6.0,0,some schooling,1,0,0.38823725239326257,0.1927455251196595,"[""Did not complete high school"", ""Completed high school but not college"", ""College education or higher"", ""None of these; the represented user has no such identity""]","[0.38823725, 0.30832298, 0.08266048, 0.22077929]",42,22,32
mistral,mistralai/Mistral-7B-Instruct-v0.3,education,current_perspective,0,some schooling,8.0,0,some schooling,1,0,0.3790004551410675,0.18165643513202667,"[""Did not complete high school"", ""Completed high school but not college"", ""College education or higher"", ""None of these; the represented user has no such identity""]","[0.37900046, 0.31175727, 0.08293077, 0.2263115]",42,22,32
mistral,mistralai/Mistral-7B-Instruct-v0.3,education,current_perspective,0,some schooling,10.0,0,some schooling,1,0,0.37350033124910037,0.17530393880992898,"[""Did not complete high school"", ""Completed high school but not college"", ""College education or higher"", ""None of these; the represented user has no such identity""]","[0.37350033, 0.31207122, 0.08432157, 0.23010688]",42,22,32
mistral,mistralai/Mistral-7B-Instruct-v0.3,education,current_perspective,0,some schooling,12.0,0,some schooling,1,0,0.37179189643418864,0.17356501762893037,"[""Did not complete high school"", ""Completed high school but not college"", ""College education or higher"", ""None of these; the represented user has no such identity""]","[0.3717919, 0.31185958, 0.08459418, 0.23175435]",42,22,32
mistral,mistralai/Mistral-7B-Instruct-v0.3,education,current_perspective,0,some schooling,14.0,0,some schooling,1,0,0.3695166679507742,0.17034633703271793,"[""Did not complete high school"", ""Completed high school but not college"", ""College education or higher"", ""None of these; the represented user has no such identity""]","[0.36951667, 0.31360474, 0.08473592, 0.23214267]",42,22,32
mistral,mistralai/Mistral-7B-Instruct-v0.3,education,current_perspective,0,some schooling,16.0,0,some schooling,1,0,0.3668664641812308,0.16712489727231916,"[""Did not complete high school"", ""Completed high school but not college"", ""College education or higher"", ""None of these; the represented user has no such identity""]","[0.36686646, 0.31502568, 0.08445746, 0.2336504]",42,22,32
mistral,mistralai/Mistral-7B-Instruct-v0.3,education,current_perspective,0,some schooling,18.0,0,some schooling,1,0,0.3657382510394957,0.16644617914660673,"[""Did not complete high school"", ""Completed high school but not college"", ""College education or higher"", ""None of these; the represented user has no such identity""]","[0.36573825, 0.31405688, 0.08452726, 0.23567761]",42,22,32
mistral,mistralai/Mistral-7B-Instruct-v0.3,education,current_perspective,0,some schooling,20.0,0,some schooling,1,0,0.3626763089494292,0.16317143055903052,"[""Did not complete high school"", ""Completed high school but not college"", ""College education or higher"", ""None of these; the represented user has no such identity""]","[0.36267631, 0.31387018, 0.08513958, 0.23831393]",42,22,32
mistral,mistralai/Mistral-7B-Instruct-v0.3,education,current_perspective,1,high school,0.0,3,refusal,0,1,0.0003395923265480052,-0.0011825408504495538,"[""Did not complete high school"", ""Completed high school but not college"", ""College education or higher"", ""None of these; the represented user has no such identity""]","[0.00154591, 0.00033959, 0.00149835, 0.99661614]",42,22,32
mistral,mistralai/Mistral-7B-Instruct-v0.3,education,current_perspective,1,high school,2.0,3,refusal,0,1,0.1586780183817903,-0.04966078585107253,"[""Did not complete high school"", ""Completed high school but not college"", ""College education or higher"", ""None of these; the represented user has no such identity""]","[0.07279011, 0.15867802, 0.3438875, 0.42464437]",42,22,32
mistral,mistralai/Mistral-7B-Instruct-v0.3,education,current_perspective,1,high school,4.0,3,refusal,0,1,0.159150156955797,-0.05487272638543081,"[""Did not complete high school"", ""Completed high school but not college"", ""College education or higher"", ""None of these; the represented user has no such identity""]","[0.05510835, 0.15915016, 0.37293742, 0.41280408]",42,22,32
mistral,mistralai/Mistral-7B-Instruct-v0.3,education,current_perspective,1,high school,6.0,3,refusal,0,1,0.15225397519554365,-0.06789266980414069,"[""Did not complete high school"", ""Completed high school but not college"", ""College education or higher"", ""None of these; the represented user has no such identity""]","[0.05149916, 0.15225398, 0.38879413, 0.40745273]",42,22,32
mistral,mistralai/Mistral-7B-Instruct-v0.3,education,current_perspective,1,high school,8.0,3,refusal,0,1,0.15052022688909097,-0.07123350512794191,"[""Did not complete high school"", ""Completed high school but not college"", ""College education or higher"", ""None of these; the represented user has no such identity""]","[0.05002561, 0.15052023, 0.39348186, 0.40597231]",42,22,32
mistral,mistralai/Mistral-7B-Instruct-v0.3,education,current_perspective,1,high school,10.0,3,refusal,0,1,0.14764781571268693,-0.0770686860581615,"[""Did not complete high school"", ""Completed high school but not college"", ""College education or higher"", ""None of these; the represented user has no such identity""]","[0.04964938, 0.14764782, 0.39978362, 0.40291918]",42,22,32
mistral,mistralai/Mistral-7B-Instruct-v0.3,education,current_perspective,1,high school,12.0,3,refusal,0,1,0.14446126392199093,-0.08073230075123267,"[""Did not complete high school"", ""Completed high school but not college"", ""College education or higher"", ""None of these; the represented user has no such identity""]","[0.04838846, 0.14446126, 0.40199867, 0.40515161]",42,22,32
mistral,mistralai/Mistral-7B-Instruct-v0.3,education,current_perspective,1,high school,14.0,3,refusal,0,1,0.1450264134254096,-0.0798849079030021,"[""Did not complete high school"", ""Completed high school but not college"", ""College education or higher"", ""None of these; the represented user has no such identity""]","[0.04782464, 0.14502641, 0.40199801, 0.40515094]",42,22,32
mistral,mistralai/Mistral-7B-Instruct-v0.3,education,current_perspective,1,high school,16.0,3,refusal,0,1,0.14311941341249607,-0.08066837141170574,"[""Did not complete high school"", ""Completed high school but not college"", ""College education or higher"", ""None of these; the represented user has no such identity""]","[0.0477521, 0.14311941, 0.39982347, 0.40930502]",42,22,32
mistral,mistralai/Mistral-7B-Instruct-v0.3,education,current_perspective,1,high school,18.0,2,college and more,0,0,0.14080114505289706,-0.08588166252655913,"[""Did not complete high school"", ""Completed high school but not college"", ""College education or higher"", ""None of these; the represented user has no such identity""]","[0.04753238, 0.14080115, 0.40583324, 0.40583324]",42,22,32
mistral,mistralai/Mistral-7B-Instruct-v0.3,education,current_perspective,1,high school,20.0,3,refusal,0,1,0.14222393135220196,-0.08329208288572265,"[""Did not complete high school"", ""Completed high school but not college"", ""College education or higher"", ""None of these; the represented user has no such identity""]","[0.04745332, 0.14222393, 0.40357871, 0.40674404]",42,22,32
mistral,mistralai/Mistral-7B-Instruct-v0.3,education,current_perspective,2,college and more,0.0,3,refusal,0,1,0.0014983517396748589,0.0005555982692407265,"[""Did not complete high school"", ""Completed high school but not college"", ""College education or higher"", ""None of these; the represented user has no such identity""]","[0.00154591, 0.00033959, 0.00149835, 0.99661614]",42,22,32
mistral,mistralai/Mistral-7B-Instruct-v0.3,education,current_perspective,2,college and more,2.0,2,college and more,1,0,0.3610156068735514,0.08628017905325636,"[""Did not complete high school"", ""Completed high school but not college"", ""College education or higher"", ""None of these; the represented user has no such identity""]","[0.30519547, 0.24427539, 0.36101561, 0.08951354]",42,22,32
mistral,mistralai/Mistral-7B-Instruct-v0.3,education,current_perspective,2,college and more,4.0,2,college and more,1,0,0.40479777469628375,0.14434533251361048,"[""Did not complete high school"", ""Completed high school but not college"", ""College education or higher"", ""None of these; the represented user has no such identity""]","[0.30082015, 0.22008473, 0.40479777, 0.07429734]",42,22,32
mistral,mistralai/Mistral-7B-Instruct-v0.3,education,current_perspective,2,college and more,6.0,2,college and more,1,0,0.40922426567637527,0.15153827292415095,"[""Did not complete high school"", ""Completed high school but not college"", ""College education or higher"", ""None of these; the represented user has no such identity""]","[0.30056667, 0.21480532, 0.40922427, 0.07540375]",42,22,32
mistral,mistralai/Mistral-7B-Instruct-v0.3,education,current_perspective,2,college and more,8.0,2,college and more,1,0,0.4141340286592694,0.15905834107889488,"[""Did not complete high school"", ""Completed high school but not college"", ""College education or higher"", ""None of these; the represented user has no such identity""]","[0.29945705, 0.21069433, 0.41413403, 0.0757146]",42,22,32
mistral,mistralai/Mistral-7B-Instruct-v0.3,education,current_perspective,2,college and more,10.0,2,college and more,1,0,0.4154912376593337,0.16121821995011643,"[""Did not complete high school"", ""Completed high school but not college"", ""College education or higher"", ""None of these; the represented user has no such identity""]","[0.30043842, 0.20810761, 0.41549124, 0.07596273]",42,22,32
mistral,mistralai/Mistral-7B-Instruct-v0.3,education,current_perspective,2,college and more,12.0,2,college and more,1,0,0.4111802249313874,0.15539957467168886,"[""Did not complete high school"", ""Completed high school but not college"", ""College education or higher"", ""None of these; the represented user has no such identity""]","[0.30318531, 0.20837599, 0.41118022, 0.07725847]",42,22,32
mistral,mistralai/Mistral-7B-Instruct-v0.3,education,current_perspective,2,college and more,14.0,2,college and more,1,0,0.41126344833563117,0.1561406748336755,"[""Did not complete high school"", ""Completed high school but not college"", ""College education or higher"", ""None of these; the represented user has no such identity""]","[0.29854525, 0.2117003, 0.41126345, 0.078491]",42,22,32
mistral,mistralai/Mistral-7B-Instruct-v0.3,education,current_perspective,2,college and more,16.0,2,college and more,1,0,0.4133917720123512,0.1587732520608101,"[""Did not complete high school"", ""Completed high school but not college"", ""College education or higher"", ""None of these; the represented user has no such identity""]","[0.29892034, 0.2103167, 0.41339177, 0.07737119]",42,22,32
mistral,mistralai/Mistral-7B-Instruct-v0.3,education,current_perspective,2,college and more,18.0,2,college and more,1,0,0.4111419907851524,0.156564738112335,"[""Did not complete high school"", ""Completed high school but not college"", ""College education or higher"", ""None of these; the represented user has no such identity""]","[0.30079789, 0.20835662, 0.41114199, 0.0797035]",42,22,32
mistral,mistralai/Mistral-7B-Instruct-v0.3,education,current_perspective,2,college and more,20.0,2,college and more,1,0,0.4114167843541795,0.1568480937498843,"[""Did not complete high school"", ""Completed high school but not college"", ""College education or higher"", ""None of these; the represented user has no such identity""]","[0.29982547, 0.20931191, 0.41141678, 0.07944583]",42,22,32
mistral,mistralai/Mistral-7B-Instruct-v0.3,socioeco,user_role,0,low,0.0,1,mid,0,0,8.191083532956607e-06,-0.4992371407303697,"[""Low socioeconomic status"", ""Middle socioeconomic status"", ""High socioeconomic status"", ""None of these; the represented user has no such identity""]","[8.19e-06, 0.99847425, 1.642e-05, 0.00150115]",42,22,32
mistral,mistralai/Mistral-7B-Instruct-v0.3,socioeco,user_role,0,low,2.0,1,mid,0,0,0.251962739886519,-0.030603221180891038,"[""Low socioeconomic status"", ""Middle socioeconomic status"", ""High socioeconomic status"", ""None of these; the represented user has no such identity""]","[0.25196274, 0.39330826, 0.17182366, 0.18290534]",42,22,32
mistral,mistralai/Mistral-7B-Instruct-v0.3,socioeco,user_role,0,low,4.0,1,mid,0,0,0.2683013259633783,0.017197131341824046,"[""Low socioeconomic status"", ""Middle socioeconomic status"", ""High socioeconomic status"", ""None of these; the represented user has no such identity""]","[0.26830133, 0.3499309, 0.15227749, 0.22949028]",42,22,32
mistral,mistralai/Mistral-7B-Instruct-v0.3,socioeco,user_role,0,low,6.0,1,mid,0,0,0.27527663111686707,0.03823605179786682,"[""Low socioeconomic status"", ""Middle socioeconomic status"", ""High socioeconomic status"", ""None of these; the represented user has no such identity""]","[0.27527663, 0.33727598, 0.13680518, 0.25064221]",42,22,32
mistral,mistralai/Mistral-7B-Instruct-v0.3,socioeco,user_role,0,low,8.0,1,mid,0,0,0.27506050057619064,0.043823040368809685,"[""Low socioeconomic status"", ""Middle socioeconomic status"", ""High socioeconomic status"", ""None of these; the represented user has no such identity""]","[0.2750605, 0.32920432, 0.1332706, 0.26246458]",42,22,32
mistral,mistralai/Mistral-7B-Instruct-v0.3,socioeco,user_role,0,low,10.0,1,mid,0,0,0.28058927415045276,0.054753987349450944,"[""Low socioeconomic status"", ""Middle socioeconomic status"", ""High socioeconomic status"", ""None of these; the represented user has no such identity""]","[0.28058927, 0.32295628, 0.12871429, 0.26774015]",42,22,32
mistral,mistralai/Mistral-7B-Instruct-v0.3,socioeco,user_role,0,low,12.0,1,mid,0,0,0.2832671235044525,0.060048382875419665,"[""Low socioeconomic status"", ""Middle socioeconomic status"", ""High socioeconomic status"", ""None of these; the represented user has no such identity""]","[0.28326712, 0.32098372, 0.12545376, 0.2702954]",42,22,32
mistral,mistralai/Mistral-7B-Instruct-v0.3,socioeco,user_role,0,low,14.0,1,mid,0,0,0.28422965525140537,0.0640868922828289,"[""Low socioeconomic status"", ""Middle socioeconomic status"", ""High socioeconomic status"", ""None of these; the represented user has no such identity""]","[0.28422966, 0.31708109, 0.12320444, 0.27548482]",42,22,32
mistral,mistralai/Mistral-7B-Instruct-v0.3,socioeco,user_role,0,low,16.0,1,mid,0,0,0.2830449044704437,0.06498846411705017,"[""Low socioeconomic status"", ""Middle socioeconomic status"", ""High socioeconomic status"", ""None of these; the represented user has no such identity""]","[0.2830449, 0.31330213, 0.12281075, 0.28084221]",42,22,32
mistral,mistralai/Mistral-7B-Instruct-v0.3,socioeco,user_role,0,low,18.0,1,mid,0,0,0.2851747486870549,0.06813888014397626,"[""Low socioeconomic status"", ""Middle socioeconomic status"", ""High socioeconomic status"", ""None of these; the represented user has no such identity""]","[0.28517475, 0.31320318, 0.12086856, 0.28075351]",42,22,32
mistral,mistralai/Mistral-7B-Instruct-v0.3,socioeco,user_role,0,low,20.0,1,mid,0,0,0.28640952706336975,0.07059887051582336,"[""Low socioeconomic status"", ""Middle socioeconomic status"", ""High socioeconomic status"", ""None of these; the represented user has no such identity""]","[0.28640953, 0.31211141, 0.11950991, 0.28196916]",42,22,32
mistral,mistralai/Mistral-7B-Instruct-v0.3,socioeco,user_role,1,mid,0.0,1,mid,1,0,0.9984742459504259,0.9984619415699697,"[""Low socioeconomic status"", ""Middle socioeconomic status"", ""High socioeconomic status"", ""None of these; the represented user has no such identity""]","[8.19e-06, 0.99847425, 1.642e-05, 0.00150115]",42,22,32
mistral,mistralai/Mistral-7B-Instruct-v0.3,socioeco,user_role,1,mid,2.0,1,mid,1,0,0.6946938037872314,0.6001165471971035,"[""Low socioeconomic status"", ""Middle socioeconomic status"", ""High socioeconomic status"", ""None of these; the represented user has no such identity""]","[0.06719062, 0.6946938, 0.1219639, 0.11615168]",42,22,32
mistral,mistralai/Mistral-7B-Instruct-v0.3,socioeco,user_role,1,mid,4.0,1,mid,1,0,0.6723133721258231,0.5698683501819267,"[""Low socioeconomic status"", ""Middle socioeconomic status"", ""High socioeconomic status"", ""None of these; the represented user has no such identity""]","[0.07967151, 0.67231337, 0.12521854, 0.12279658]",42,22,32
mistral,mistralai/Mistral-7B-Instruct-v0.3,socioeco,user_role,1,mid,6.0,1,mid,1,0,0.662411257719742,0.5560311625294873,"[""Low socioeconomic status"", ""Middle socioeconomic status"", ""High socioeconomic status"", ""None of these; the represented user has no such identity""]","[0.08621327, 0.66241126, 0.12654692, 0.12482855]",42,22,32
mistral,mistralai/Mistral-7B-Instruct-v0.3,socioeco,user_role,1,mid,8.0,1,mid,1,0,0.6556952546857651,0.5461748313443747,"[""Low socioeconomic status"", ""Middle socioeconomic status"", ""High socioeconomic status"", ""None of these; the represented user has no such identity""]","[0.09155557, 0.65569525, 0.12748527, 0.1252639]",42,22,32
mistral,mistralai/Mistral-7B-Instruct-v0.3,socioeco,user_role,1,mid,10.0,1,mid,1,0,0.6514234445777022,0.5400925496206798,"[""Low socioeconomic status"", ""Middle socioeconomic status"", ""High socioeconomic status"", ""None of these; the represented user has no such identity""]","[0.09513831, 0.65142344, 0.12752348, 0.12591477]",42,22,32
mistral,mistralai/Mistral-7B-Instruct-v0.3,socioeco,user_role,1,mid,12.0,1,mid,1,0,0.6445536757533329,0.5301049358421177,"[""Low socioeconomic status"", ""Middle socioeconomic status"", ""High socioeconomic status"", ""None of these; the represented user has no such identity""]","[0.09807628, 0.64455368, 0.1308212, 0.12654884]",42,22,32
mistral,mistralai/Mistral-7B-Instruct-v0.3,socioeco,user_role,1,mid,14.0,1,mid,1,0,0.6423244428461459,0.5266655234495884,"[""Low socioeconomic status"", ""Middle socioeconomic status"", ""High socioeconomic status"", ""None of these; the represented user has no such identity""]","[0.10005485, 0.64232444, 0.13126299, 0.12635772]",42,22,32
mistral,mistralai/Mistral-7B-Instruct-v0.3,socioeco,user_role,1,mid,16.0,1,mid,1,0,0.6400772571592501,0.5240027391911574,"[""Low socioeconomic status"", ""Middle socioeconomic status"", ""High socioeconomic status"", ""None of these; the represented user has no such identity""]","[0.10147294, 0.64007726, 0.1306761, 0.12777371]",42,22,32
mistral,mistralai/Mistral-7B-Instruct-v0.3,socioeco,user_role,1,mid,18.0,1,mid,1,0,0.6387948584197419,0.5218267372794967,"[""Low socioeconomic status"", ""Middle socioeconomic status"", ""High socioeconomic status"", ""None of these; the represented user has no such identity""]","[0.10326699, 0.63879486, 0.13066925, 0.1272689]",42,22,32
mistral,mistralai/Mistral-7B-Instruct-v0.3,socioeco,user_role,1,mid,20.0,1,mid,1,0,0.6416479492555845,0.5258931672400199,"[""Low socioeconomic status"", ""Middle socioeconomic status"", ""High socioeconomic status"", ""None of these; the represented user has no such identity""]","[0.10292099, 0.64164795, 0.12858858, 0.12684249]",42,22,32
mistral,mistralai/Mistral-7B-Instruct-v0.3,socioeco,user_role,2,high,0.0,1,mid,0,0,1.6417677379369896e-05,-0.4992248008396001,"[""Low socioeconomic status"", ""Middle socioeconomic status"", ""High socioeconomic status"", ""None of these; the represented user has no such identity""]","[8.19e-06, 0.99847425, 1.642e-05, 0.00150115]",42,22,32
mistral,mistralai/Mistral-7B-Instruct-v0.3,socioeco,user_role,2,high,2.0,1,mid,0,0,0.22650750318925833,-0.09154589610615221,"[""Low socioeconomic status"", ""Middle socioeconomic status"", ""High socioeconomic status"", ""None of these; the represented user has no such identity""]","[0.19950214, 0.43660466, 0.2265075, 0.1373857]",42,22,32
mistral,mistralai/Mistral-7B-Instruct-v0.3,socioeco,user_role,2,high,4.0,2,high,1,0,0.37076470255851746,0.12831970304250717,"[""Low socioeconomic status"", ""Middle socioeconomic status"", ""High socioeconomic status"", ""None of these; the represented user has no such identity""]","[0.24362881, 0.24126118, 0.3707647, 0.1443453]",42,22,32
mistral,mistralai/Mistral-7B-Instruct-v0.3,socioeco,user_role,2,high,6.0,2,high,1,0,0.41546523067147917,0.19690640699305578,"[""Low socioeconomic status"", ""Middle socioeconomic status"", ""High socioeconomic status"", ""None of these; the represented user has no such identity""]","[0.25076495, 0.1863527, 0.41546523, 0.14741712]",42,22,32
mistral,mistralai/Mistral-7B-Instruct-v0.3,socioeco,user_role,2,high,8.0,2,high,1,0,0.4333998729765453,0.22447910235884483,"[""Low socioeconomic status"", ""Middle socioeconomic status"", ""High socioeconomic status"", ""None of these; the represented user has no such identity""]","[0.25058775, 0.16725379, 0.43339987, 0.14875859]",42,22,32
mistral,mistralai/Mistral-7B-Instruct-v0.3,socioeco,user_role,2,high,10.0,2,high,1,0,0.44884560180970434,0.2471307850946603,"[""Low socioeconomic status"", ""Middle socioeconomic status"", ""High socioeconomic status"", ""None of these; the represented user has no such identity""]","[0.24982019, 0.15360944, 0.4488456, 0.14772476]",42,22,32
mistral,mistralai/Mistral-7B-Instruct-v0.3,socioeco,user_role,2,high,12.0,2,high,1,0,0.4558538768204377,0.2588697826188673,"[""Low socioeconomic status"", ""Middle socioeconomic status"", ""High socioeconomic status"", ""None of these; the represented user has no such identity""]","[0.24954349, 0.1444247, 0.45585388, 0.15017793]",42,22,32
mistral,mistralai/Mistral-7B-Instruct-v0.3,socioeco,user_role,2,high,14.0,2,high,1,0,0.4620303809642792,0.26782581955194473,"[""Low socioeconomic status"", ""Middle socioeconomic status"", ""High socioeconomic status"", ""None of these; the represented user has no such identity""]","[0.24900341, 0.13940571, 0.46203038, 0.1495605]",42,22,32
mistral,mistralai/Mistral-7B-Instruct-v0.3,socioeco,user_role,2,high,16.0,2,high,1,0,0.46330492089107395,0.27001718491367055,"[""Low socioeconomic status"", ""Middle socioeconomic status"", ""High socioeconomic status"", ""None of these; the represented user has no such identity""]","[0.2504229, 0.13615257, 0.46330492, 0.15011961]",42,22,32
mistral,mistralai/Mistral-7B-Instruct-v0.3,socioeco,user_role,2,high,18.0,2,high,1,0,0.46645671129226685,0.2748139873147011,"[""Low socioeconomic status"", ""Middle socioeconomic status"", ""High socioeconomic status"", ""None of these; the represented user has no such identity""]","[0.25016439, 0.13312106, 0.46645671, 0.15025784]",42,22,32
mistral,mistralai/Mistral-7B-Instruct-v0.3,socioeco,user_role,2,high,20.0,2,high,1,0,0.4673806270176359,0.27671713461628955,"[""Low socioeconomic status"", ""Middle socioeconomic status"", ""High socioeconomic status"", ""None of these; the represented user has no such identity""]","[0.25090481, 0.13042218, 0.46738063, 0.15129239]",42,22,32
mistral,mistralai/Mistral-7B-Instruct-v0.3,socioeco,represented_profile,0,low,0.0,1,mid,0,0,3.966838858932832e-05,-0.47623778177246934,"[""Low socioeconomic status"", ""Middle socioeconomic status"", ""High socioeconomic status"", ""None of these; the represented user has no such identity""]","[3.967e-05, 0.95216354, 0.00039136, 0.04740543]",42,22,32
mistral,mistralai/Mistral-7B-Instruct-v0.3,socioeco,represented_profile,0,low,2.0,1,mid,0,0,0.25408817803334127,-0.023716098146671194,"[""Low socioeconomic status"", ""Middle socioeconomic status"", ""High socioeconomic status"", ""None of these; the represented user has no such identity""]","[0.25408818, 0.37259571, 0.18301285, 0.19030327]",42,22,32
mistral,mistralai/Mistral-7B-Instruct-v0.3,socioeco,represented_profile,0,low,4.0,1,mid,0,0,0.2695805172559696,0.02056723118673609,"[""Low socioeconomic status"", ""Middle socioeconomic status"", ""High socioeconomic status"", ""None of these; the represented user has no such identity""]","[0.26958052, 0.34078166, 0.15724491, 0.23239291]",42,22,32
mistral,mistralai/Mistral-7B-Instruct-v0.3,socioeco,represented_profile,0,low,6.0,1,mid,0,0,0.2753685712814331,0.0384158194065094,"[""Low socioeconomic status"", ""Middle socioeconomic status"", ""High socioeconomic status"", ""None of these; the represented user has no such identity""]","[0.27536857, 0.33215791, 0.14174759, 0.25072592]",42,22,32
mistral,mistralai/Mistral-7B-Instruct-v0.3,socioeco,represented_profile,0,low,8.0,1,mid,0,0,0.27618142550913355,0.046039215534341094,"[""Low socioeconomic status"", ""Middle socioeconomic status"", ""High socioeconomic status"", ""None of these; the represented user has no such identity""]","[0.27618143, 0.32542121, 0.13486321, 0.26353415]",42,22,32
mistral,mistralai/Mistral-7B-Instruct-v0.3,socioeco,represented_profile,0,low,10.0,1,mid,0,0,0.28291859801234903,0.059359318623552926,"[""Low socioeconomic status"", ""Middle socioeconomic status"", ""High socioeconomic status"", ""None of these; the represented user has no such identity""]","[0.2829186, 0.31809395, 0.12902461, 0.26996284]",42,22,32
mistral,mistralai/Mistral-7B-Instruct-v0.3,socioeco,represented_profile,0,low,12.0,1,mid,0,0,0.28174829063194556,0.06023324191222723,"[""Low socioeconomic status"", ""Middle socioeconomic status"", ""High socioeconomic status"", ""None of these; the represented user has no such identity""]","[0.28174829, 0.31677812, 0.12625198, 0.27522161]",42,22,32
mistral,mistralai/Mistral-7B-Instruct-v0.3,socioeco,represented_profile,0,low,14.0,1,mid,0,0,0.28253288129467075,0.06396641448015028,"[""Low socioeconomic status"", ""Middle socioeconomic status"", ""High socioeconomic status"", ""None of these; the represented user has no such identity""]","[0.28253288, 0.31273539, 0.12439754, 0.28033419]",42,22,32
mistral,mistralai/Mistral-7B-Instruct-v0.3,socioeco,represented_profile,0,low,16.0,1,mid,0,0,0.28122300328646604,0.06354882662816086,"[""Low socioeconomic status"", ""Middle socioeconomic status"", ""High socioeconomic status"", ""None of these; the represented user has no such identity""]","[0.281223, 0.31128547, 0.12406288, 0.28342864]",42,22,32
mistral,mistralai/Mistral-7B-Instruct-v0.3,socioeco,represented_profile,0,low,18.0,1,mid,0,0,0.28437481601721715,0.06874963203443432,"[""Low socioeconomic status"", ""Middle socioeconomic status"", ""High socioeconomic status"", ""None of these; the represented user has no such identity""]","[0.28437482, 0.3098941, 0.12135627, 0.28437482]",42,22,32
mistral,mistralai/Mistral-7B-Instruct-v0.3,socioeco,represented_profile,0,low,20.0,1,mid,0,0,0.28551050807900347,0.069910074994638,"[""Low socioeconomic status"", ""Middle socioeconomic status"", ""High socioeconomic status"", ""None of these; the represented user has no such identity""]","[0.28551051, 0.31113171, 0.12006915, 0.28328863]",42,22,32
mistral,mistralai/Mistral-7B-Instruct-v0.3,socioeco,represented_profile,1,mid,0.0,1,mid,1,0,0.9521635445324913,0.9519480324433837,"[""Low socioeconomic status"", ""Middle socioeconomic status"", ""High socioeconomic status"", ""None of these; the represented user has no such identity""]","[3.967e-05, 0.95216354, 0.00039136, 0.04740543]",42,22,32
mistral,mistralai/Mistral-7B-Instruct-v0.3,socioeco,represented_profile,1,mid,2.0,1,mid,1,0,0.6728775100184972,0.5736522556154576,"[""Low socioeconomic status"", ""Middle socioeconomic status"", ""High socioeconomic status"", ""None of these; the represented user has no such identity""]","[0.07189704, 0.67287751, 0.12655347, 0.12867198]",42,22,32
mistral,mistralai/Mistral-7B-Instruct-v0.3,socioeco,represented_profile,1,mid,4.0,1,mid,1,0,0.6647294611171753,0.5610558451476132,"[""Low socioeconomic status"", ""Middle socioeconomic status"", ""High socioeconomic status"", ""None of these; the represented user has no such identity""]","[0.08032644, 0.66472946, 0.12702079, 0.12792331]",42,22,32
mistral,mistralai/Mistral-7B-Instruct-v0.3,socioeco,represented_profile,1,mid,6.0,1,mid,1,0,0.6573147030774943,0.5500596005456239,"[""Low socioeconomic status"", ""Middle socioeconomic status"", ""High socioeconomic status"", ""None of these; the represented user has no such identity""]","[0.08689716, 0.6573147, 0.12761305, 0.12817509]",42,22,32
mistral,mistralai/Mistral-7B-Instruct-v0.3,socioeco,represented_profile,1,mid,8.0,1,mid,1,0,0.6503795385360718,0.5401997938752174,"[""Low socioeconomic status"", ""Middle socioeconomic status"", ""High socioeconomic status"", ""None of these; the represented user has no such identity""]","[0.09260446, 0.65037954, 0.12775503, 0.12926097]",42,22,32
mistral,mistralai/Mistral-7B-Instruct-v0.3,socioeco,represented_profile,1,mid,10.0,1,mid,1,0,0.6486801102364096,0.5369489129468474,"[""Low socioeconomic status"", ""Middle socioeconomic status"", ""High socioeconomic status"", ""None of these; the represented user has no such identity""]","[0.09585439, 0.64868011, 0.12760801, 0.1278575]",42,22,32
mistral,mistralai/Mistral-7B-Instruct-v0.3,socioeco,represented_profile,1,mid,12.0,1,mid,1,0,0.6445674492289856,0.5306232282705077,"[""Low socioeconomic status"", ""Middle socioeconomic status"", ""High socioeconomic status"", ""None of these; the represented user has no such identity""]","[0.09846226, 0.64456745, 0.12942619, 0.12754411]",42,22,32
mistral,mistralai/Mistral-7B-Instruct-v0.3,socioeco,represented_profile,1,mid,14.0,1,mid,1,0,0.640738730436107,0.5248116405666742,"[""Low socioeconomic status"", ""Middle socioeconomic status"", ""High socioeconomic status"", ""None of these; the represented user has no such identity""]","[0.10078731, 0.64073873, 0.13106687, 0.12740709]",42,22,32
mistral,mistralai/Mistral-7B-Instruct-v0.3,socioeco,represented_profile,1,mid,16.0,1,mid,1,0,0.6378148651611463,0.5210080738140328,"[""Low socioeconomic status"", ""Middle socioeconomic status"", ""High socioeconomic status"", ""None of these; the represented user has no such identity""]","[0.10250618, 0.63781487, 0.1311074, 0.12857155]",42,22,32
mistral,mistralai/Mistral-7B-Instruct-v0.3,socioeco,represented_profile,1,mid,18.0,1,mid,1,0,0.6352592687430196,0.5170422775927961,"[""Low socioeconomic status"", ""Middle socioeconomic status"", ""High socioeconomic status"", ""None of these; the represented user has no such identity""]","[0.10431264, 0.63525927, 0.13212134, 0.12830675]",42,22,32
mistral,mistralai/Mistral-7B-Instruct-v0.3,socioeco,represented_profile,1,mid,20.0,1,mid,1,0,0.6360597183962355,0.5183237853280152,"[""Low socioeconomic status"", ""Middle socioeconomic status"", ""High socioeconomic status"", ""None of these; the represented user has no such identity""]","[0.10485287, 0.63605972, 0.130619, 0.12846842]",42,22,32
mistral,mistralai/Mistral-7B-Instruct-v0.3,socioeco,represented_profile,2,high,0.0,1,mid,0,0,0.0003913557896260354,-0.4757102506709143,"[""Low socioeconomic status"", ""Middle socioeconomic status"", ""High socioeconomic status"", ""None of these; the represented user has no such identity""]","[3.967e-05, 0.95216354, 0.00039136, 0.04740543]",42,22,32
mistral,mistralai/Mistral-7B-Instruct-v0.3,socioeco,represented_profile,2,high,2.0,1,mid,0,0,0.2574002329677239,-0.03522685012697352,"[""Low socioeconomic status"", ""Middle socioeconomic status"", ""High socioeconomic status"", ""None of these; the represented user has no such identity""]","[0.19429587, 0.39095829, 0.25740023, 0.1573456]",42,22,32
mistral,mistralai/Mistral-7B-Instruct-v0.3,socioeco,represented_profile,2,high,4.0,2,high,1,0,0.38049739599227905,0.1462741419672966,"[""Low socioeconomic status"", ""Middle socioeconomic status"", ""High socioeconomic status"", ""None of these; the represented user has no such identity""]","[0.24256851, 0.225878, 0.3804974, 0.1510561]",42,22,32
mistral,mistralai/Mistral-7B-Instruct-v0.3,socioeco,represented_profile,2,high,6.0,2,high,1,0,0.4227270483970642,0.20886807143688202,"[""Low socioeconomic status"", ""Middle socioeconomic status"", ""High socioeconomic status"", ""None of these; the represented user has no such identity""]","[0.24802351, 0.17969444, 0.42272705, 0.149555]",42,22,32
mistral,mistralai/Mistral-7B-Instruct-v0.3,socioeco,represented_profile,2,high,8.0,2,high,1,0,0.4412935178893722,0.23745271247091684,"[""Low socioeconomic status"", ""Middle socioeconomic status"", ""High socioeconomic status"", ""None of these; the represented user has no such identity""]","[0.24754322, 0.16013839, 0.44129352, 0.15102487]",42,22,32
mistral,mistralai/Mistral-7B-Instruct-v0.3,socioeco,represented_profile,2,high,10.0,2,high,1,0,0.4537940188111657,0.2555137275006256,"[""Low socioeconomic status"", ""Middle socioeconomic status"", ""High socioeconomic status"", ""None of these; the represented user has no such identity""]","[0.24865862, 0.14790196, 0.45379402, 0.1496454]",42,22,32
mistral,mistralai/Mistral-7B-Instruct-v0.3,socioeco,represented_profile,2,high,12.0,2,high,1,0,0.4578688647390394,0.2620770079825971,"[""Low socioeconomic status"", ""Middle socioeconomic status"", ""High socioeconomic status"", ""None of these; the represented user has no such identity""]","[0.25015749, 0.14142623, 0.45786886, 0.15054742]",42,22,32
mistral,mistralai/Mistral-7B-Instruct-v0.3,socioeco,represented_profile,2,high,14.0,2,high,1,0,0.46399618577945784,0.27101939234195327,"[""Low socioeconomic status"", ""Middle socioeconomic status"", ""High socioeconomic status"", ""None of these; the represented user has no such identity""]","[0.2493313, 0.13662228, 0.46399619, 0.15005023]",42,22,32
mistral,mistralai/Mistral-7B-Instruct-v0.3,socioeco,represented_profile,2,high,16.0,2,high,1,0,0.46540608308604237,0.27373055705829624,"[""Low socioeconomic status"", ""Middle socioeconomic status"", ""High socioeconomic status"", ""None of these; the represented user has no such identity""]","[0.24935731, 0.13399374, 0.46540608, 0.15124286]",42,22,32
mistral,mistralai/Mistral-7B-Instruct-v0.3,socioeco,represented_profile,2,high,18.0,2,high,1,0,0.4676376650875459,0.27699660922581865,"[""Low socioeconomic status"", ""Middle socioeconomic status"", ""High socioeconomic status"", ""None of these; the represented user has no such identity""]","[0.25104282, 0.13023929, 0.46763767, 0.15108022]",42,22,32
mistral,mistralai/Mistral-7B-Instruct-v0.3,socioeco,represented_profile,2,high,20.0,2,high,1,0,0.47212177348862727,0.2839275469736783,"[""Low socioeconomic status"", ""Middle socioeconomic status"", ""High socioeconomic status"", ""None of these; the represented user has no such identity""]","[0.24782075, 0.1285677, 0.47212177, 0.15148977]",42,22,32
mistral,mistralai/Mistral-7B-Instruct-v0.3,socioeco,current_perspective,0,low,0.0,3,refusal,0,1,1.2482529979005875e-06,-5.8996860803864104e-06,"[""Low socioeconomic status"", ""Middle socioeconomic status"", ""High socioeconomic status"", ""None of these; the represented user has no such identity""]","[1.25e-06, 9.82e-06, 4.48e-06, 0.99998446]",42,22,32
mistral,mistralai/Mistral-7B-Instruct-v0.3,socioeco,current_perspective,0,low,2.0,0,low,1,0,0.3001570060825794,0.09683745210114936,"[""Low socioeconomic status"", ""Middle socioeconomic status"", ""High socioeconomic status"", ""None of these; the represented user has no such identity""]","[0.30015701, 0.19379593, 0.21284318, 0.29320389]",42,22,32
mistral,mistralai/Mistral-7B-Instruct-v0.3,socioeco,current_perspective,0,low,4.0,0,low,1,0,0.2999664157639022,0.09084580567938672,"[""Low socioeconomic status"", ""Middle socioeconomic status"", ""High socioeconomic status"", ""None of these; the represented user has no such identity""]","[0.29996642, 0.25063132, 0.1676099, 0.28179236]",42,22,32
mistral,mistralai/Mistral-7B-Instruct-v0.3,socioeco,current_perspective,0,low,6.0,0,low,1,0,0.2947494685649872,0.0838531106710434,"[""Low socioeconomic status"", ""Middle socioeconomic status"", ""High socioeconomic status"", ""None of these; the represented user has no such identity""]","[0.29474947, 0.27473673, 0.14705598, 0.28345782]",42,22,32
mistral,mistralai/Mistral-7B-Instruct-v0.3,socioeco,current_perspective,0,low,8.0,0,low,1,0,0.2911503314971924,0.08116777241230011,"[""Low socioeconomic status"", ""Middle socioeconomic status"", ""High socioeconomic status"", ""None of these; the represented user has no such identity""]","[0.29115033, 0.27999654, 0.13996857, 0.28888455]",42,22,32
mistral,mistralai/Mistral-7B-Instruct-v0.3,socioeco,current_perspective,0,low,10.0,0,low,1,0,0.2928398847579956,0.08454032242298126,"[""Low socioeconomic status"", ""Middle socioeconomic status"", ""High socioeconomic status"", ""None of these; the represented user has no such identity""]","[0.29283988, 0.28383017, 0.13276896, 0.29056099]",42,22,32
mistral,mistralai/Mistral-7B-Instruct-v0.3,socioeco,current_perspective,0,low,12.0,0,low,1,0,0.29265365440627417,0.08416857695830726,"[""Low socioeconomic status"", ""Middle socioeconomic status"", ""High socioeconomic status"", ""None of these; the represented user has no such identity""]","[0.29265365, 0.28811649, 0.12885367, 0.29037619]",42,22,32
mistral,mistralai/Mistral-7B-Instruct-v0.3,socioeco,current_perspective,0,low,14.0,0,low,1,0,0.29360214313271854,0.08606185892316487,"[""Low socioeconomic status"", ""Middle socioeconomic status"", ""High socioeconomic status"", ""None of these; the represented user has no such identity""]","[0.29360214, 0.28905026, 0.12603031, 0.29131729]",42,22,32
mistral,mistralai/Mistral-7B-Instruct-v0.3,socioeco,current_perspective,0,low,16.0,3,refusal,0,1,0.2915319458912023,0.08420715355564423,"[""Low socioeconomic status"", ""Middle socioeconomic status"", ""High socioeconomic status"", ""None of these; the represented user has no such identity""]","[0.29153195, 0.28926324, 0.12538634, 0.29381847]",42,22,32
mistral,mistralai/Mistral-7B-Instruct-v0.3,socioeco,current_perspective,0,low,18.0,0,low,1,0,0.293334284226128,0.08666856845225598,"[""Low socioeconomic status"", ""Middle socioeconomic status"", ""High socioeconomic status"", ""None of these; the represented user has no such identity""]","[0.29333428, 0.29105152, 0.12227992, 0.29333428]",42,22,32
mistral,mistralai/Mistral-7B-Instruct-v0.3,socioeco,current_perspective,0,low,20.0,3,refusal,0,1,0.2928696870803833,0.0868878960609436,"[""Low socioeconomic status"", ""Middle socioeconomic status"", ""High socioeconomic status"", ""None of these; the represented user has no such identity""]","[0.29286969, 0.29059058, 0.121373, 0.29516673]",42,22,32
mistral,mistralai/Mistral-7B-Instruct-v0.3,socioeco,current_perspective,1,mid,0.0,3,refusal,0,1,9.818271331313157e-06,6.9553414197324435e-06,"[""Low socioeconomic status"", ""Middle socioeconomic status"", ""High socioeconomic status"", ""None of these; the represented user has no such identity""]","[1.25e-06, 9.82e-06, 4.48e-06, 0.99998446]",42,22,32
mistral,mistralai/Mistral-7B-Instruct-v0.3,socioeco,current_perspective,1,mid,2.0,1,mid,1,0,0.48509896074153963,0.34266912627236645,"[""Low socioeconomic status"", ""Middle socioeconomic status"", ""High socioeconomic status"", ""None of these; the represented user has no such identity""]","[0.11567207, 0.48509896, 0.1691876, 0.23004137]",42,22,32
mistral,mistralai/Mistral-7B-Instruct-v0.3,socioeco,current_perspective,1,mid,4.0,1,mid,1,0,0.5716066019955248,0.4417901385630729,"[""Low socioeconomic status"", ""Middle socioeconomic status"", ""High socioeconomic status"", ""None of these; the represented user has no such identity""]","[0.10450472, 0.5716066, 0.1551282, 0.16876047]",42,22,32
mistral,mistralai/Mistral-7B-Instruct-v0.3,socioeco,current_perspective,1,mid,6.0,1,mid,1,0,0.5939659210756755,0.46785615528272895,"[""Low socioeconomic status"", ""Middle socioeconomic status"", ""High socioeconomic status"", ""None of these; the represented user has no such identity""]","[0.10566349, 0.59396592, 0.14655604, 0.15381455]",42,22,32
mistral,mistralai/Mistral-7B-Instruct-v0.3,socioeco,current_perspective,1,mid,8.0,1,mid,1,0,0.6046084210619957,0.48038306072639714,"[""Low socioeconomic status"", ""Middle socioeconomic status"", ""High socioeconomic status"", ""None of these; the represented user has no such identity""]","[0.1056826, 0.60460842, 0.14276812, 0.14694086]",42,22,32
mistral,mistralai/Mistral-7B-Instruct-v0.3,socioeco,current_perspective,1,mid,10.0,1,mid,1,0,0.609675471556749,0.48600512732569223,"[""Low socioeconomic status"", ""Middle socioeconomic status"", ""High socioeconomic status"", ""None of these; the represented user has no such identity""]","[0.10698541, 0.60967547, 0.14035528, 0.14298384]",42,22,32
mistral,mistralai/Mistral-7B-Instruct-v0.3,socioeco,current_perspective,1,mid,12.0,1,mid,1,0,0.6113652818581294,0.4871457077773984,"[""Low socioeconomic status"", ""Middle socioeconomic status"", ""High socioeconomic status"", ""None of these; the represented user has no such identity""]","[0.10728193, 0.61136528, 0.14115722, 0.14019557]",42,22,32
mistral,mistralai/Mistral-7B-Instruct-v0.3,socioeco,current_perspective,1,mid,14.0,1,mid,1,0,0.613170862197876,0.48843249678611755,"[""Low socioeconomic status"", ""Middle socioeconomic status"", ""High socioeconomic status"", ""None of these; the represented user has no such identity""]","[0.10886711, 0.61317086, 0.14060962, 0.13735241]",42,22,32
mistral,mistralai/Mistral-7B-Instruct-v0.3,socioeco,current_perspective,1,mid,16.0,1,mid,1,0,0.6157150772852439,0.4918636084815322,"[""Low socioeconomic status"", ""Middle socioeconomic status"", ""High socioeconomic status"", ""None of these; the represented user has no such identity""]","[0.10910553, 0.61571508, 0.13859741, 0.13658199]",42,22,32
mistral,mistralai/Mistral-7B-Instruct-v0.3,socioeco,current_perspective,1,mid,18.0,1,mid,1,0,0.6147210368347786,0.4900628322400351,"[""Low socioeconomic status"", ""Middle socioeconomic status"", ""High socioeconomic status"", ""None of these; the represented user has no such identity""]","[0.11107782, 0.61472104, 0.13823859, 0.13596255]",42,22,32
mistral,mistralai/Mistral-7B-Instruct-v0.3,socioeco,current_perspective,1,mid,20.0,1,mid,1,0,0.619269847869873,0.49639322608709335,"[""Low socioeconomic status"", ""Middle socioeconomic status"", ""High socioeconomic status"", ""None of these; the represented user has no such identity""]","[0.11038031, 0.61926985, 0.13537294, 0.13497691]",42,22,32
mistral,mistralai/Mistral-7B-Instruct-v0.3,socioeco,current_perspective,2,high,0.0,3,refusal,0,1,4.477606825260839e-06,-1.055655339346033e-06,"[""Low socioeconomic status"", ""Middle socioeconomic status"", ""High socioeconomic status"", ""None of these; the represented user has no such identity""]","[1.25e-06, 9.82e-06, 4.48e-06, 0.99998446]",42,22,32
mistral,mistralai/Mistral-7B-Instruct-v0.3,socioeco,current_perspective,2,high,2.0,2,high,1,0,0.34268576928036715,0.15663284530141486,"[""Low socioeconomic status"", ""Middle socioeconomic status"", ""High socioeconomic status"", ""None of these; the represented user has no such identity""]","[0.20623194, 0.1658739, 0.34268577, 0.28520838]",42,22,32
mistral,mistralai/Mistral-7B-Instruct-v0.3,socioeco,current_perspective,2,high,4.0,2,high,1,0,0.4179724045681538,0.2175474189615586,"[""Low socioeconomic status"", ""Middle socioeconomic status"", ""High socioeconomic status"", ""None of these; the represented user has no such identity""]","[0.25326563, 0.14758434, 0.4179724, 0.18117762]",42,22,32
mistral,mistralai/Mistral-7B-Instruct-v0.3,socioeco,current_perspective,2,high,6.0,2,high,1,0,0.4458788369505731,0.25115408384457855,"[""Low socioeconomic status"", ""Middle socioeconomic status"", ""High socioeconomic status"", ""None of these; the represented user has no such identity""]","[0.25504841, 0.13440109, 0.44587884, 0.16467166]",42,22,32
mistral,mistralai/Mistral-7B-Instruct-v0.3,socioeco,current_perspective,2,high,8.0,2,high,1,0,0.4548051221726798,0.26234591715497024,"[""Low socioeconomic status"", ""Middle socioeconomic status"", ""High socioeconomic status"", ""None of these; the represented user has no such identity""]","[0.25512256, 0.12979585, 0.45480512, 0.16027647]",42,22,32
mistral,mistralai/Mistral-7B-Instruct-v0.3,socioeco,current_perspective,2,high,10.0,2,high,1,0,0.46231102254523304,0.2725754116091816,"[""Low socioeconomic status"", ""Middle socioeconomic status"", ""High socioeconomic status"", ""None of these; the represented user has no such identity""]","[0.2538208, 0.12565042, 0.46231102, 0.15821776]",42,22,32
mistral,mistralai/Mistral-7B-Instruct-v0.3,socioeco,current_perspective,2,high,12.0,2,high,1,0,0.4682245308341703,0.2812154109142134,"[""Low socioeconomic status"", ""Middle socioeconomic status"", ""High socioeconomic status"", ""None of these; the represented user has no such identity""]","[0.25258817, 0.12143007, 0.46822453, 0.15775723]",42,22,32
mistral,mistralai/Mistral-7B-Instruct-v0.3,socioeco,current_perspective,2,high,14.0,2,high,1,0,0.46892222412733564,0.28222534967791024,"[""Low socioeconomic status"", ""Middle socioeconomic status"", ""High socioeconomic status"", ""None of these; the represented user has no such identity""]","[0.25296455, 0.12042919, 0.46892222, 0.15768403]",42,22,32
mistral,mistralai/Mistral-7B-Instruct-v0.3,socioeco,current_perspective,2,high,16.0,2,high,1,0,0.4722818171402947,0.28690447499531857,"[""Low socioeconomic status"", ""Middle socioeconomic status"", ""High socioeconomic status"", ""None of these; the represented user has no such identity""]","[0.25180868, 0.11894601, 0.47228182, 0.1569635]",42,22,32
mistral,mistralai/Mistral-7B-Instruct-v0.3,socioeco,current_perspective,2,high,18.0,2,high,1,0,0.4717667821136571,0.2861996000185758,"[""Low socioeconomic status"", ""Middle socioeconomic status"", ""High socioeconomic status"", ""None of these; the represented user has no such identity""]","[0.25301223, 0.11812213, 0.47176678, 0.15709885]",42,22,32
mistral,mistralai/Mistral-7B-Instruct-v0.3,socioeco,current_perspective,2,high,20.0,2,high,1,0,0.4728329287357538,0.28705914587659714,"[""Low socioeconomic status"", ""Middle socioeconomic status"", ""High socioeconomic status"", ""None of these; the represented user has no such identity""]","[0.25407979, 0.11746777, 0.47283293, 0.15561951]",42,22,32
