model,mode,attribute,model_class,magnitude,n,mean_delta_target,median_delta_target,mean_delta_others,median_delta_others,mean_delta_specificity,median_delta_specificity,mean_delta_nearest,median_delta_nearest
qwen,normal,gender,male,0.0,484,0.0,0.0,0.0,0.0,0.0,0.0,0.0,0.0
qwen,normal,gender,male,2.0,484,0.008209884771754402,0.0,0.006829269453917826,0.0,0.001380615317836577,0.0,-0.002066115702479339,0.0
qwen,normal,gender,male,4.0,484,0.013522273533810818,-4.999999830834767e-09,0.012639507504347999,0.0,0.0008827660294628206,0.0,0.006198347107438017,0.0
qwen,normal,gender,male,6.0,484,0.01908090954599341,-1.0000001854360008e-08,0.018806952439235212,-1.2500001478343847e-08,0.00027395710675819784,0.0,0.0,0.0
qwen,normal,gender,male,8.0,484,0.021580947804238297,-6.250000267327138e-08,0.021978297857455566,-5.999999741490569e-08,-0.000397350053217268,0.0,0.004132231404958678,0.0
qwen,normal,gender,male,10.0,484,0.02290830444061992,-3.9499998519265667e-07,0.02417796947050339,-3.099999947853149e-07,-0.0012696650298834747,0.0,0.002066115702479339,0.0
qwen,normal,gender,male,12.0,484,0.020846212446677066,-2.350003782042309e-06,0.02166053689422798,-2.350003782042309e-06,-0.0008143244475509163,0.0,0.004132231404958678,0.0
qwen,normal,gender,male,14.0,484,0.008452537763650163,-1.7617500086664073e-05,0.009274453083792468,-1.6560000283993848e-05,-0.000821915320142302,0.0,0.006198347107438017,0.0
qwen,normal,gender,male,16.0,484,-0.008603906275617239,-0.00033427000813202046,-0.008166868626475915,-0.0002265800065552881,-0.0004370376491413271,0.0,0.008264462809917356,0.0
qwen,normal,gender,male,18.0,484,-0.0291721129091697,-0.002373489831644926,-0.029531601858205685,-0.0030190650663902696,0.00035948894903597945,0.0,0.0,0.0
qwen,normal,gender,male,20.0,484,-0.06495614337707586,-0.01020807817303021,-0.059214260510772054,-0.010409113075861065,-0.005741882866303818,0.0,0.030991735537190084,0.0
qwen,normal,gender,female,0.0,484,0.0,0.0,0.0,0.0,0.0,0.0,0.0,0.0
qwen,normal,gender,female,2.0,484,-0.006531154887028854,-6.249999826013486e-08,-0.0073669253211910875,-6.999999269119428e-08,0.000835770434162233,0.0,0.002066115702479339,0.0
qwen,normal,gender,female,4.0,484,-0.0112904962120511,-3.1499989699979025e-07,-0.012945129259193156,-3.549999867957787e-07,0.0016546330471420565,0.0,-0.002066115702479339,0.0
qwen,normal,gender,female,6.0,484,-0.013758884612113827,-4.749999745756739e-07,-0.01736803290490333,-8.749723225953687e-07,0.0036091482927895,0.0,-0.012396694214876033,0.0
qwen,normal,gender,female,8.0,484,-0.018971503722326533,-2.954999838572503e-06,-0.024839789198867944,-3.4499998711468027e-06,0.0058682854765414166,0.0,-0.01859504132231405,0.0
qwen,normal,gender,female,10.0,484,-0.022274304571239113,-1.2127499963709987e-05,-0.029673988693554573,-1.2454999765654229e-05,0.007399684122315465,0.0,-0.02066115702479339,0.0
qwen,normal,gender,female,12.0,484,-0.029380458409182582,-2.7304999540650465e-05,-0.0382634944469873,-3.7044997481916475e-05,0.008883036037804718,0.0,-0.024793388429752067,0.0
qwen,normal,gender,female,14.0,484,-0.03593064237325412,-8.117500183651982e-05,-0.04681646487058778,-9.399499608159223e-05,0.01088582249733366,0.0,-0.030991735537190084,0.0
qwen,normal,gender,female,16.0,484,-0.042443943287884985,-0.0001583025042651287,-0.05269293348852197,-0.0002033700030992791,0.010248990200636982,0.0,-0.026859504132231406,0.0
qwen,normal,gender,female,18.0,484,-0.04520753426552602,-0.00026138000130332406,-0.05650562243160182,-0.00033548999497098886,0.011298088166075793,0.0,-0.026859504132231406,0.0
qwen,normal,gender,female,20.0,484,-0.05098281660260238,-0.00045779748291918665,-0.06052411698788433,-0.0005539300221494847,0.009541300385281958,0.0,-0.02066115702479339,0.0
qwen,normal,age,adult,0.0,482,0.0,0.0,0.0,0.0,0.0,0.0,0.0,0.0
qwen,normal,age,adult,2.0,482,9.308675576249242e-05,-5.000001235266893e-08,-0.0015285025157884711,-5.000001235266893e-08,0.0016215892715509643,0.0,0.0,0.0
qwen,normal,age,adult,4.0,482,-0.0007437434620368044,-5.900000044634091e-07,-0.002530065278881085,-4.099999830753376e-07,0.00178632181684428,0.0,0.006224066390041493,0.0
qwen,normal,age,adult,6.0,482,-0.0017876841336303714,-4.147499840456703e-06,-0.0038886549583057968,-3.6299998575350934e-06,0.0021009708246754284,0.0,0.012448132780082987,0.0
qwen,normal,age,adult,8.0,482,-0.00671233489685472,-5.015500127808492e-05,-0.00817645979668836,-3.6414999317280206e-05,0.001464124899833642,0.0,0.01867219917012448,0.0
qwen,normal,age,adult,10.0,482,-0.01631257281148255,-0.00040196993106478285,-0.01936374427079291,-0.00028656251765885044,0.0030511714593103685,0.0,0.01037344398340249,0.0
qwen,normal,age,adult,12.0,482,-0.030716769828645112,-0.0017856699540509252,-0.031018006571955286,-0.0016698999617094645,0.00030123674331017505,0.0,0.002074688796680498,0.0
qwen,normal,age,adult,14.0,482,-0.04637370776803427,-0.007616020419115965,-0.04347813827532842,-0.006503465091033389,-0.0028955694927058403,0.0,-0.002074688796680498,0.0
qwen,normal,age,adult,16.0,482,-0.0633174066944152,-0.01788492441224876,-0.057751546904459994,-0.01573654628261692,-0.005565859789955205,0.0,-0.004149377593360996,0.0
qwen,normal,age,adult,18.0,482,-0.09236169414470605,-0.043005628808369334,-0.08206953514241552,-0.03924703997166834,-0.010292159002290517,0.0,-0.002074688796680498,0.0
qwen,normal,age,adult,20.0,482,-0.14228985222053994,-0.08811586561782947,-0.12765892581284824,-0.08043203845351382,-0.014630926407691652,0.0,0.008298755186721992,0.0
qwen,normal,age,older_adult,0.0,482,0.0,0.0,0.0,0.0,0.0,0.0,0.0,0.0
qwen,normal,age,older_adult,2.0,482,-0.00836648727226313,-7.992291201075474e-08,-0.005892611719861911,-3.999999120818387e-08,-0.0024738755524012185,0.0,0.0,0.0
qwen,normal,age,older_adult,4.0,482,-0.01670343502323489,-1.499807278371179e-07,-0.011868306282318128,-1.1500000079989192e-07,-0.004835128740916763,0.0,0.008298755186721992,0.0
qwen,normal,age,older_adult,6.0,482,-0.020308133130004645,-3.4999997228224444e-07,-0.014984838400652279,-3.2301062724560126e-07,-0.005323294729352363,0.0,0.004149377593360996,0.0
qwen,normal,age,older_adult,8.0,482,-0.02213690737255746,-2.510000043920435e-06,-0.016749138436197103,-2.229999929714843e-06,-0.005387768936360357,0.0,0.002074688796680498,0.0
qwen,normal,age,older_adult,10.0,482,-0.023768501165011245,-9.26000013035111e-06,-0.018090967813370402,-5.28999979965139e-06,-0.005677533351640844,0.0,0.0,0.0
qwen,normal,age,older_adult,12.0,482,-0.024136967659536365,-1.1457522414493049e-05,-0.0196989528481895,-1.6814999173608847e-05,-0.0044380148113468635,0.0,-0.004149377593360996,0.0
qwen,normal,age,older_adult,14.0,482,-0.02412959820858489,-2.796499992321899e-05,-0.02044173098832177,-2.866000089857268e-05,-0.0036878672202631225,0.0,-0.002074688796680498,0.0
qwen,normal,age,older_adult,16.0,482,-0.02139365764787343,-3.961999965715335e-05,-0.020350265198483007,-4.5720001814741895e-05,-0.001043392449390426,0.0,-0.006224066390041493,0.0
qwen,normal,age,older_adult,18.0,482,-0.01702464612084809,-6.0917500917412326e-05,-0.0203918625737481,-9.226750088220381e-05,0.0033672164529000184,0.0,-0.008298755186721992,0.0
qwen,normal,age,older_adult,20.0,482,-0.0029516539329156924,-9.235999966883401e-05,-0.011454050901220914,-0.00014090999785387748,0.008502396968305221,0.0,-0.01867219917012448,0.0
qwen,normal,education,some schooling,0.0,486,0.0,0.0,0.0,0.0,0.0,0.0,0.0,0.0
qwen,normal,education,some schooling,2.0,486,-0.003022032467544568,2.000000051682882e-08,-0.0013119220790803806,2.4999994741037312e-08,-0.0017101103884641876,0.0,0.00205761316872428,0.0
qwen,normal,education,some schooling,4.0,486,-0.006115868182014589,2.999999693109601e-08,-0.003349412069178635,2.250000172288047e-08,-0.002766456112835952,0.0,0.00411522633744856,0.0
qwen,normal,education,some schooling,6.0,486,-0.009804383175721507,4.999999914101494e-09,-0.006176159191240275,4.999999914101494e-09,-0.0036282239844812325,0.0,0.006172839506172839,0.0
qwen,normal,education,some schooling,8.0,486,-0.012729809645016714,0.0,-0.010282890286938668,0.0,-0.0024469193580780426,0.0,0.00411522633744856,0.0
qwen,normal,education,some schooling,10.0,486,-0.017204791332254478,-1.100000008025237e-07,-0.01452293109456617,-1.4499999255457308e-07,-0.002681860237688311,0.0,0.00823045267489712,0.0
qwen,normal,education,some schooling,12.0,486,-0.024908811432776384,-1.9674999313795682e-06,-0.018161569144366285,-2.890000002364612e-06,-0.006747242288410095,0.0,0.018518518518518517,0.0
qwen,normal,education,some schooling,14.0,486,-0.03062809590839464,-2.444500086390411e-05,-0.022191632654897063,-2.6754998692757326e-05,-0.008436463253497575,0.0,0.0205761316872428,0.0
qwen,normal,education,some schooling,16.0,486,-0.03873275246220781,-0.0002714550152559392,-0.03285793356124784,-0.00027686500991841445,-0.005874818900959967,0.0,0.0102880658436214,0.0
qwen,normal,education,some schooling,18.0,486,-0.053307180583364526,-0.0016043397186277786,-0.046099325523926926,-0.001708879752035597,-0.007207855059437592,0.0,0.01440329218106996,0.0
qwen,normal,education,some schooling,20.0,486,-0.07464626582201822,-0.005691414886160817,-0.05906010108179837,-0.005583477444018242,-0.015586164740219849,0.0,0.02880658436213992,0.0
qwen,normal,education,high school,0.0,486,0.0,0.0,0.0,0.0,0.0,0.0,0.0,0.0
qwen,normal,education,high school,2.0,486,0.004911354206757745,0.0,0.004239810962454019,0.0,0.0006715432443037253,0.0,0.00205761316872428,0.0
qwen,normal,education,high school,4.0,486,0.008959538850816216,0.0,0.00920139740261381,0.0,-0.00024185855179759382,0.0,0.0102880658436214,0.0
qwen,normal,education,high school,6.0,486,0.016287199085900945,0.0,0.015074472936819848,0.0,0.001212726149081095,0.0,0.006172839506172839,0.0
qwen,normal,education,high school,8.0,486,0.02117874667569798,-1.4999999548015452e-08,0.019513183837716084,-1.2499999729742584e-08,0.0016655628379818913,0.0,0.0,0.0
qwen,normal,education,high school,10.0,486,0.018975690201964157,-1.0499999980595476e-07,0.01685507557566948,-1.0499999980595476e-07,0.0021206146262946796,0.0,-0.00823045267489712,0.0
qwen,normal,education,high school,12.0,486,0.014745992475479478,-7.799999823809856e-07,0.014553333579716731,-9.300000858858404e-07,0.00019265889576275099,0.0,0.00205761316872428,0.0
qwen,normal,education,high school,14.0,486,0.007496924151430488,-5.227499795201762e-06,0.007880782799301551,-6.109999708459046e-06,-0.00038385864787106484,0.0,0.006172839506172839,0.0
qwen,normal,education,high school,16.0,486,-0.010164096845211374,-0.00011886000263994223,-0.008904032089013116,-0.00013133250391200724,-0.001260064756198269,0.0,-0.00205761316872428,0.0
qwen,normal,education,high school,18.0,486,-0.028279217491225916,-0.001521459963309213,-0.028903890609068002,-0.001681919965537959,0.0006246731178420888,0.0,-0.01440329218106996,0.0
qwen,normal,education,high school,20.0,486,-0.05716048735913282,-0.010674735182186978,-0.05233330754608486,-0.009919809793835443,-0.004827179813047948,0.0,0.01440329218106996,0.0
qwen,normal,education,college and more,0.0,486,0.0,0.0,0.0,0.0,0.0,0.0,0.0,0.0
qwen,normal,education,college and more,2.0,486,-0.0013050167497564874,-7.251658995510724e-08,-0.002401558304875786,-7.251658995510724e-08,0.0010965415551192985,0.0,-0.00205761316872428,0.0
qwen,normal,education,college and more,4.0,486,-0.0024377113012228717,-2.1499968061444719e-07,-0.00564314803754567,-2.3999968679078165e-07,0.003205436736322798,0.0,-0.00411522633744856,0.0
qwen,normal,education,college and more,6.0,486,-0.0053639393308984725,-3.2596203484169806e-06,-0.009793251839032123,-3.2596203484169806e-06,0.004429312508133649,0.0,0.0,0.0
qwen,normal,education,college and more,8.0,486,-0.007180720089678215,-1.6119999136587904e-05,-0.01306196261738348,-1.505499962861645e-05,0.005881242527705266,0.0,0.0,0.0
qwen,normal,education,college and more,10.0,486,-0.011058447723503522,-8.19065024054988e-05,-0.016804912596106635,-9.800499798862106e-05,0.005746464872603113,0.0,0.00205761316872428,0.0
qwen,normal,education,college and more,12.0,486,-0.017981944732506673,-0.00035898994787872396,-0.023178401162652226,-0.0003597249916431622,0.005196456430145551,0.0,0.00205761316872428,0.0
qwen,normal,education,college and more,14.0,486,-0.02489933407453359,-0.000984207274839527,-0.032014302489553996,-0.0010899000217624022,0.007114968415020408,0.0,-0.006172839506172839,0.0
qwen,normal,education,college and more,16.0,486,-0.03510652526367982,-0.0035111050584915593,-0.0429610246753102,-0.003601052676306671,0.00785449941163038,0.0,-0.00205761316872428,0.0
qwen,normal,education,college and more,18.0,486,-0.04654928993169437,-0.008351537183008628,-0.05597829014443845,-0.009154172853346534,0.009429000212744069,0.0,-0.00411522633744856,0.0
qwen,normal,education,college and more,20.0,486,-0.05854618434214598,-0.016154615758310065,-0.06899284830975415,-0.01851596740456768,0.010446663967608166,0.0,-0.006172839506172839,0.0
qwen,normal,socioeco,low,0.0,486,0.0,0.0,0.0,0.0,0.0,0.0,0.0,0.0
qwen,normal,socioeco,low,2.0,486,0.005987023841150795,0.0,0.006228857724759802,0.0,-0.00024183388360900717,0.0,0.00205761316872428,0.0
qwen,normal,socioeco,low,4.0,486,0.011249582774119717,4.9999998030791915e-09,0.01202146137249291,9.999997718779241e-09,-0.0007718785983731941,0.0,0.00205761316872428,0.0
qwen,normal,socioeco,low,6.0,486,0.014841022055618913,9.999998412668631e-09,0.015804033565892738,9.999999717180685e-09,-0.0009630115102738248,0.0,0.00205761316872428,0.0
qwen,normal,socioeco,low,8.0,486,0.01826877426952882,0.0,0.01734547632518791,0.0,0.0009232979443409069,0.0,0.00205761316872428,0.0
qwen,normal,socioeco,low,10.0,486,0.01955414055124457,0.0,0.019003063556432574,0.0,0.0005510769948119956,0.0,0.00411522633744856,0.0
qwen,normal,socioeco,low,12.0,486,0.01966921006105829,0.0,0.01867747279068731,0.0,0.0009917372703709749,0.0,0.0,0.0
qwen,normal,socioeco,low,14.0,486,0.015242763949613226,-1.9999998407405073e-08,0.015127831350315594,-1.999999538204733e-08,0.00011493259929762996,0.0,-0.00205761316872428,0.0
qwen,normal,socioeco,low,16.0,486,0.011997214042801746,-1.175000007153093e-07,0.013139649676460485,-9.000000469189251e-08,-0.0011424356336587388,0.0,-0.00823045267489712,0.0
qwen,normal,socioeco,low,18.0,486,0.009288887944149912,-1.9750000149199032e-07,0.010781972629532729,-2.3500006729459955e-07,-0.0014930846853828165,0.0,0.00205761316872428,0.0
qwen,normal,socioeco,low,20.0,486,0.008503076487146393,-6.124999995804625e-07,0.010753114685780378,-6.70000845526264e-07,-0.0022500381986339858,0.0,0.00205761316872428,0.0
qwen,normal,socioeco,high,0.0,486,0.0,0.0,0.0,0.0,0.0,0.0,0.0,0.0
qwen,normal,socioeco,high,2.0,486,0.003169123133999795,1.8999999218394237e-07,0.002724268885433144,1.3499999461374923e-07,0.00044485424856665116,0.0,-0.00411522633744856,0.0
qwen,normal,socioeco,high,4.0,486,0.004496291163143701,7.050000597752515e-07,0.004772388756593444,5.549999444465215e-07,-0.0002760975934497437,0.0,-0.006172839506172839,0.0
qwen,normal,socioeco,high,6.0,486,0.004439296881120336,4.6503050887825026e-07,0.006029792882106775,4.049999890454181e-07,-0.001590496000986441,0.0,-0.006172839506172839,0.0
qwen,normal,socioeco,high,8.0,486,0.0055237399840363435,1.2999999726703848e-07,0.007376004510406528,1.2999999726703848e-07,-0.0018522645263701857,0.0,0.0,0.0
qwen,normal,socioeco,high,10.0,486,0.008702697916665714,9.00000034498305e-08,0.009246373558678593,7.499999890581144e-08,-0.0005436756420128802,0.0,0.00205761316872428,0.0
qwen,normal,socioeco,high,12.0,486,0.00759571068946836,1.4999999603526604e-08,0.009011475594520516,9.999999828202988e-09,-0.0014157649050521562,0.0,0.00205761316872428,0.0
qwen,normal,socioeco,high,14.0,486,0.004405858493874733,0.0,0.0061633013010696175,0.0,-0.0017574428071948846,0.0,0.00205761316872428,0.0
qwen,normal,socioeco,high,16.0,486,0.0021529489952088953,-3.9999998535655834e-08,0.005061783534638673,-3.9999998535655834e-08,-0.0029088345394297777,0.0,0.00823045267489712,0.0
qwen,normal,socioeco,high,18.0,486,-0.002670930595595484,-1.1649999996365956e-06,0.0008046647910087463,-1.1649999996921068e-06,-0.0034755953866042306,0.0,0.00823045267489712,0.0
qwen,normal,socioeco,high,20.0,486,-0.010540431092000863,-2.2967499772708067e-05,-0.008399219000257911,-2.634000163198591e-05,-0.0021412120917429544,0.0,-0.00823045267489712,0.0
qwen,contrastive,gender,male,0.0,484,0.0,0.0,0.0,0.0,0.0,0.0,0.0,0.0
qwen,contrastive,gender,male,2.0,484,0.014428168095442107,0.0,0.013767643179800344,0.0,0.0006605249156417638,0.0,0.002066115702479339,0.0
qwen,contrastive,gender,male,4.0,484,0.02147284572404051,-2.55351295663786e-15,0.02247586391261132,0.0,-0.001003018188570808,0.0,0.006198347107438017,0.0
qwen,contrastive,gender,male,6.0,484,0.02174114516971929,-1.2494220025249803e-07,0.02406449899675261,-1.324999794882764e-07,-0.0023233538270333205,0.0,0.006198347107438017,0.0
qwen,contrastive,gender,male,8.0,484,0.004628522492558366,-1.157000121465579e-05,0.00520887716465433,-1.207500077587964e-05,-0.0005803546720959639,0.0,0.0,0.0
qwen,contrastive,gender,male,10.0,484,-0.037056468498985466,-0.0025429300793388954,-0.03622261848309879,-0.0025756525248117196,-0.0008338500158866844,0.0,0.006198347107438017,0.0
qwen,contrastive,gender,male,12.0,484,-0.09027559824785526,-0.028782359199872154,-0.08155274573405417,-0.024910091702948778,-0.008722852513801093,0.0,0.045454545454545456,0.0
qwen,contrastive,gender,male,14.0,484,-0.17894331898437696,-0.1246627717954504,-0.1558754120893328,-0.10936610782057626,-0.023067906895044142,0.0,0.10743801652892562,0.0
qwen,contrastive,gender,male,16.0,484,-0.2620739491811061,-0.24402682334085077,-0.2032830327454552,-0.19293475383700506,-0.058790916435650896,-0.005599138176808266,0.19008264462809918,0.0
qwen,contrastive,gender,male,18.0,484,-0.28736441803563484,-0.2813977184423261,-0.20488765617339108,-0.1932382356020749,-0.08247676186224384,-0.0334515749999999,0.2768595041322314,0.0
qwen,contrastive,gender,male,20.0,484,-0.3122640655430973,-0.2938396058007767,-0.22488993636757995,-0.20089528884427338,-0.08737412917551736,-0.03869212977348398,0.2830578512396694,0.0
qwen,contrastive,gender,female,0.0,484,0.0,0.0,0.0,0.0,0.0,0.0,0.0,0.0
qwen,contrastive,gender,female,2.0,484,-0.010081998988340616,-7.499999704618787e-09,-0.0119471431810673,-9.99999949513608e-09,0.001865144192726682,0.0,0.0,0.0
qwen,contrastive,gender,female,4.0,484,-0.01374568207248096,-1.099999994425005e-07,-0.017219809421979305,-1.9750003601992638e-07,0.0034741273494983457,0.0,-0.012396694214876033,0.0
qwen,contrastive,gender,female,6.0,484,-0.017400670820734356,-5.98250237485165e-06,-0.024187145020138485,-7.904999602514895e-06,0.006786474199404134,0.0,-0.01859504132231405,0.0
qwen,contrastive,gender,female,8.0,484,-0.029263348335027552,-2.7297499735484676e-05,-0.03684513480909255,-3.468000193168619e-05,0.007581786474065002,0.0,-0.01859504132231405,0.0
qwen,contrastive,gender,female,10.0,484,-0.04008040478023348,-0.0002545500063961814,-0.04801224289313452,-0.0002545500063961814,0.007931838112901036,0.0,-0.012396694214876033,0.0
qwen,contrastive,gender,female,12.0,484,-0.04398327798629618,-0.0006357499485543094,-0.04813913627997598,-0.0006933850001602515,0.0041558582936798176,0.0,-0.004132231404958678,0.0
qwen,contrastive,gender,female,14.0,484,-0.043707922751437436,-0.0021294077101590148,-0.0513162391219146,-0.0023995598582456923,0.007608316370477184,0.0,-0.008264462809917356,0.0
qwen,contrastive,gender,female,16.0,484,-0.06221560181005243,-0.013802900312311961,-0.07402299670689103,-0.012941786843184283,0.011807394896838611,0.0,-0.004132231404958678,0.0
qwen,contrastive,gender,female,18.0,484,-0.09166127048211015,-0.04468374887220253,-0.10720905097367803,-0.04008753667644027,0.015547780491567874,0.0,-0.002066115702479339,0.0
qwen,contrastive,gender,female,20.0,484,-0.11717252879361703,-0.07455212465034239,-0.13451989312197313,-0.07671623012391743,0.017347364328356065,0.0,-0.006198347107438017,0.0
qwen,contrastive,age,adult,0.0,482,0.0,0.0,0.0,0.0,0.0,0.0,0.0,0.0
qwen,contrastive,age,adult,2.0,482,-0.00047729590661849374,-7.500001197868755e-08,-0.00046632545668348933,-7.00000046260918e-08,-1.097044993500461e-05,0.0,0.002074688796680498,0.0
qwen,contrastive,age,adult,4.0,482,-0.0010268923943010115,-2.209999914626337e-06,-0.0005764522249882807,-2.0190247926876737e-06,-0.000450440169312731,0.0,0.004149377593360996,0.0
qwen,contrastive,age,adult,6.0,482,-0.0027106406542839225,-4.091000010081336e-05,-0.0025159848875260346,-3.60799996654837e-05,-0.0001946557667578822,0.0,0.002074688796680498,0.0
qwen,contrastive,age,adult,8.0,482,-0.01309152856876073,-0.0003992400143103536,-0.011081076042430318,-0.00031786500052422006,-0.002010452526330407,0.0,-0.002074688796680498,0.0
qwen,contrastive,age,adult,10.0,482,-0.02693313373284702,-0.002381025100755607,-0.022337380668245265,-0.0021120249092692056,-0.004595753064601756,0.0,0.0,0.0
qwen,contrastive,age,adult,12.0,482,-0.04297593526903463,-0.00914484940781879,-0.03660599984989002,-0.008082309552151168,-0.006369935419144609,0.0,-0.004149377593360996,0.0
qwen,contrastive,age,adult,14.0,482,-0.07573651096828199,-0.032153310688372516,-0.06786424174815632,-0.028487472135959868,-0.007872269220125648,0.0,-0.006224066390041493,0.0
qwen,contrastive,age,adult,16.0,482,-0.1255088857566729,-0.07577890464997511,-0.11133309645717152,-0.06071994592949964,-0.014175789299501399,0.0,0.02074688796680498,0.0
qwen,contrastive,age,adult,18.0,482,-0.18538558948990844,-0.13069369737074832,-0.1580792168305404,-0.11975477606788093,-0.02730637265936804,0.0,0.035269709543568464,0.0
qwen,contrastive,age,adult,20.0,482,-0.2533252173712449,-0.2136278914304882,-0.21552890950943746,-0.1929610951375253,-0.03779630786180745,0.0,0.07676348547717843,0.0
qwen,contrastive,age,older_adult,0.0,482,0.0,0.0,0.0,0.0,0.0,0.0,0.0,0.0
qwen,contrastive,age,older_adult,2.0,482,-0.010949279287057644,-2.2500001750636045e-08,-0.009426454985665135,-2.7499997307112167e-08,-0.0015228243013925094,0.0,-0.002074688796680498,0.0
qwen,contrastive,age,older_adult,4.0,482,-0.01818544768403792,-1.350000022881659e-07,-0.015246961092961208,-1.7000001834022171e-07,-0.002938486591076708,0.0,-0.002074688796680498,0.0
qwen,contrastive,age,older_adult,6.0,482,-0.024090206698700278,-1.0350000272663085e-06,-0.020167098446704057,-1.0350000272663085e-06,-0.003923108251996219,0.0,0.0,0.0
qwen,contrastive,age,older_adult,8.0,482,-0.029046465487832778,-1.1550000371562952e-05,-0.02592877714907272,-8.120000115019455e-06,-0.0031176883387600595,0.0,-0.004149377593360996,0.0
qwen,contrastive,age,older_adult,10.0,482,-0.030699432608930766,-2.995500074864932e-05,-0.027576612115697494,-3.893500053891996e-05,-0.003122820493233283,0.0,0.0,0.0
qwen,contrastive,age,older_adult,12.0,482,-0.033431098544824234,-0.00010712249777025673,-0.030904967788106964,-0.00011756499628906569,-0.0025261307567172805,0.0,-0.002074688796680498,0.0
qwen,contrastive,age,older_adult,14.0,482,-0.033935872449742235,-0.00028156211835611566,-0.03125180263443718,-0.0004289412029388484,-0.0026840698153050525,0.0,-0.004149377593360996,0.0
qwen,contrastive,age,older_adult,16.0,482,-0.024665078226249592,-0.00047169502148941556,-0.028594569007397888,-0.0007407135302411327,0.0039294907811483005,0.0,-0.01867219917012448,0.0
qwen,contrastive,age,older_adult,18.0,482,-0.00493900088513807,-0.0009275225001574572,-0.01753791399573079,-0.001363039965588092,0.01259891311059272,0.0,-0.03319502074688797,0.0
qwen,contrastive,age,older_adult,20.0,482,0.026908550754404018,-0.0010016150451838124,0.005417828027387604,-0.0012390274693962616,0.021490722727016413,0.0,-0.04979253112033195,0.0
qwen,contrastive,education,some schooling,0.0,486,0.0,0.0,0.0,0.0,0.0,0.0,0.0,0.0
qwen,contrastive,education,some schooling,2.0,486,-0.005774526928216154,7.499999593596485e-09,-0.00409325103068448,9.999999717180685e-09,-0.0016812758975316736,0.0,0.00205761316872428,0.0
qwen,contrastive,education,some schooling,4.0,486,-0.009378563775142287,0.0,-0.0057810913762317015,0.0,-0.0035974723989105855,0.0,0.006172839506172839,0.0
qwen,contrastive,education,some schooling,6.0,486,-0.012656202864546839,-1.9999999212316766e-08,-0.009414658744860211,-1.999999918456119e-08,-0.0032415441196866246,0.0,0.0102880658436214,0.0
qwen,contrastive,education,some schooling,8.0,486,-0.021088976593609175,-1.0524999988492656e-06,-0.01462955637743421,-1.6550000468962267e-06,-0.006459420216174962,0.0,0.00823045267489712,0.0
qwen,contrastive,education,some schooling,10.0,486,-0.03067777866712881,-4.661250013227036e-05,-0.02404716000098886,-5.187063660283542e-05,-0.00663061866613994,0.0,-0.00205761316872428,0.0
qwen,contrastive,education,some schooling,12.0,486,-0.052966245078235503,-0.0010940500372093043,-0.04378417705276786,-0.0018807175083038752,-0.009182068025467645,0.0,0.00823045267489712,0.0
qwen,contrastive,education,some schooling,14.0,486,-0.0914685783675395,-0.009993420102997613,-0.07382207493722498,-0.010585104466555861,-0.017646503430314524,0.0,0.03497942386831276,0.0
qwen,contrastive,education,some schooling,16.0,486,-0.1506090735557018,-0.07530793212985253,-0.11737486594914792,-0.07243891000733271,-0.033234207606553906,0.0,0.053497942386831275,0.0
qwen,contrastive,education,some schooling,18.0,486,-0.22047446195128226,-0.1815609229448154,-0.17595501115367487,-0.15231975243722906,-0.04451945079760737,-8.326672684688674e-17,0.08847736625514403,0.0
qwen,contrastive,education,some schooling,20.0,486,-0.27586873295729775,-0.2503706280470173,-0.21711425561173375,-0.20295744902803914,-0.058754477345564014,-0.00403331227240869,0.11419753086419752,0.0
qwen,contrastive,education,high school,0.0,486,0.0,0.0,0.0,0.0,0.0,0.0,0.0,0.0
qwen,contrastive,education,high school,2.0,486,0.008390633607349676,0.0,0.008454144790726563,0.0,-6.351118337688647e-05,0.0,0.00823045267489712,0.0
qwen,contrastive,education,high school,4.0,486,0.017281090734454368,-1.9999999323339068e-08,0.01620359821676364,-1.9999999267827917e-08,0.0010774925176907258,0.0,0.00205761316872428,0.0
qwen,contrastive,education,high school,6.0,486,0.025962717973132463,-7.749999578199329e-08,0.02458714462218825,-6.749999828525866e-08,0.0013755733509442116,0.0,0.00205761316872428,0.0
qwen,contrastive,education,high school,8.0,486,0.027851767233598862,-4.850000057121662e-07,0.02606793212960498,-5.749999737458822e-07,0.0017838351039938841,0.0,-0.00205761316872428,0.0
qwen,contrastive,education,high school,10.0,486,0.02384100309367713,-3.827499848341187e-06,0.021626295305498176,-4.03000024690181e-06,0.0022147077881789585,0.0,-0.00205761316872428,0.0
qwen,contrastive,education,high school,12.0,486,0.007585247034950635,-9.578498822510051e-05,0.005512717796558399,-9.877000254465695e-05,0.0020725292383922352,0.0,0.00823045267489712,0.0
qwen,contrastive,education,high school,14.0,486,-0.020952023000210204,-0.001701939979045275,-0.022805688966756346,-0.0019541925283516337,0.001853665966546142,0.0,-0.018518518518518517,0.0
qwen,contrastive,education,high school,16.0,486,-0.05845602647753071,-0.008231153464173468,-0.05558909351143869,-0.008783849356344534,-0.002866932966092016,0.0,0.01646090534979424,0.0
qwen,contrastive,education,high school,18.0,486,-0.06221428714388375,-0.014950718313414796,-0.04539213920942659,-0.009691834476484973,-0.01682214793445716,0.0,0.059670781893004114,0.0
qwen,contrastive,education,high school,20.0,486,-0.0021380355165164116,-0.0010484599685327278,0.02961457990359547,-0.00015476250434161287,-0.03175261542011188,-5.551115123125783e-17,0.10082304526748971,0.0
qwen,contrastive,education,college and more,0.0,486,0.0,0.0,0.0,0.0,0.0,0.0,0.0,0.0
qwen,contrastive,education,college and more,2.0,486,-0.004279373288693392,-3.900000596912534e-07,-0.006503926443617541,-3.900000596912534e-07,0.0022245531549241505,0.0,-0.00411522633744856,0.0
qwen,contrastive,education,college and more,4.0,486,-0.00991002395809874,-8.103585208862896e-06,-0.013949996113097662,-7.89358563668685e-06,0.00403997215499892,0.0,0.00411522633744856,0.0
qwen,contrastive,education,college and more,6.0,486,-0.012780841397581733,-6.472999847095817e-05,-0.018633359431355585,-6.683750274708022e-05,0.005852518033773854,0.0,0.00205761316872428,0.0
qwen,contrastive,education,college and more,8.0,486,-0.021195235137231344,-0.00045192005609540065,-0.02694267039739918,-0.00047839502710189663,0.005747435260167842,0.0,0.00205761316872428,0.0
qwen,contrastive,education,college and more,10.0,486,-0.03480254294521038,-0.0022698001835550485,-0.04293700931716724,-0.002269800183555104,0.008134466371956854,0.0,-0.00823045267489712,0.0
qwen,contrastive,education,college and more,12.0,486,-0.05113834156224841,-0.007795825232251363,-0.06249876549529258,-0.01088195511103529,0.011360423933044176,0.0,-0.01440329218106996,0.0
qwen,contrastive,education,college and more,14.0,486,-0.06716989528809675,-0.02357756808316913,-0.08015483921121791,-0.02643426416208583,0.012984943923121163,0.0,-0.012345679012345678,0.0
qwen,contrastive,education,college and more,16.0,486,-0.08762525132579746,-0.052652169770197765,-0.10030266947581651,-0.05340529364124111,0.012677418150019042,0.0,-0.00411522633744856,0.0
qwen,contrastive,education,college and more,18.0,486,-0.1111169667308761,-0.08964875171155967,-0.12565784360174911,-0.09184289975658663,0.01454087687087302,0.0,-0.00411522633744856,0.0
qwen,contrastive,education,college and more,20.0,486,-0.1370224837608225,-0.12155374453439009,-0.1563139140495697,-0.12869599442830604,0.0192914302887472,0.0,-0.01646090534979424,0.0
qwen,contrastive,socioeco,low,0.0,486,0.0,0.0,0.0,0.0,0.0,0.0,0.0,0.0
qwen,contrastive,socioeco,low,2.0,486,0.007000266929346124,0.0,0.007428555389770156,0.0,-0.00042828846042403226,0.0,0.0,0.0
qwen,contrastive,socioeco,low,4.0,486,0.01152464354514726,2.5000006231845617e-09,0.010948930255327853,2.5000006231845617e-09,0.0005757132898194068,0.0,-0.006172839506172839,0.0
qwen,contrastive,socioeco,low,6.0,486,0.015201893406966276,0.0,0.01325011033323782,0.0,0.001951783073728456,0.0,-0.00411522633744856,0.0
qwen,contrastive,socioeco,low,8.0,486,0.014851175528261222,0.0,0.014047637743021181,0.0,0.0008035377852400392,0.0,0.0,0.0
qwen,contrastive,socioeco,low,10.0,486,0.017052775122845736,-2.249999911385636e-08,0.016275473756144732,-4.249999763228374e-08,0.0007773013667010067,0.0,-0.006172839506172839,0.0
qwen,contrastive,socioeco,low,12.0,486,0.01796893109403232,-2.3500001677945193e-07,0.01819680168816187,-3.4500000854753576e-07,-0.00022787059412955046,0.0,0.00411522633744856,0.0
qwen,contrastive,socioeco,low,14.0,486,0.01500979522006259,-1.110000001053324e-06,0.01834295989068727,-1.3649998446552125e-06,-0.0033331646706246804,0.0,0.00411522633744856,0.0
qwen,contrastive,socioeco,low,16.0,486,0.01723478381507122,-2.4525000743014225e-06,0.023327257953638814,-3.1600006913934386e-06,-0.006092474138567595,0.0,0.00823045267489712,0.0
qwen,contrastive,socioeco,low,18.0,486,0.008234320352776691,-1.663249941948053e-05,0.018160399664614905,-2.0664999289793373e-05,-0.009926079311838212,0.0,0.0102880658436214,0.0
qwen,contrastive,socioeco,low,20.0,486,-0.013362941841382025,-0.0005641450087648381,0.0016460064780962338,-0.0005641450087647271,-0.015008948319478266,0.0,0.0102880658436214,0.0
qwen,contrastive,socioeco,high,0.0,486,0.0,0.0,0.0,0.0,0.0,0.0,0.0,0.0
qwen,contrastive,socioeco,high,2.0,486,0.002448359061651019,2.050000104114602e-07,0.0016471018515903453,1.4962310812549617e-07,0.0008012572100606749,0.0,-0.006172839506172839,0.0
qwen,contrastive,socioeco,high,4.0,486,0.0002383347512380378,2.5499999978251253e-07,0.0016482276476128402,2.5499999978251253e-07,-0.0014098928963748045,0.0,-0.00205761316872428,0.0
qwen,contrastive,socioeco,high,6.0,486,0.003647482915339996,2.699999987476609e-07,0.004588012925986443,3.1250000784299736e-07,-0.0009405300106464451,0.0,0.00205761316872428,0.0
qwen,contrastive,socioeco,high,8.0,486,0.006633931087938631,9.999999883714139e-09,0.009139482095782286,9.999999828202988e-09,-0.0025055510078436536,0.0,0.00205761316872428,0.0
qwen,contrastive,socioeco,high,10.0,486,0.002649289691403607,-1.4999999409237574e-08,0.004631449942496401,-9.999999883714139e-09,-0.001982160251092795,0.0,0.0,0.0
qwen,contrastive,socioeco,high,12.0,486,-0.005457277877345665,-2.5449999980775573e-06,-0.0050808265985043755,-3.0000088703241445e-06,-0.0003764512788412901,0.0,-0.006172839506172839,0.0
qwen,contrastive,socioeco,high,14.0,486,-0.02076662433664509,-8.370000253832277e-05,-0.0207630732083496,-9.309999889783871e-05,-3.551128295491186e-06,0.0,-0.006172839506172839,0.0
qwen,contrastive,socioeco,high,16.0,486,-0.034563953222100985,-0.0006173249687878024,-0.03645681392107928,-0.0008470900002182646,0.0018928606989782883,0.0,-0.018518518518518517,0.0
qwen,contrastive,socioeco,high,18.0,486,-0.05489425867291289,-0.004697745275131476,-0.056757654961885166,-0.004796330272453214,0.0018633962889722726,0.0,-0.01131687242798354,0.0
qwen,contrastive,socioeco,high,20.0,486,-0.07113498677551011,-0.015285139006859627,-0.07710949740807946,-0.018240985500232537,0.005974510632569347,0.0,-0.023662551440329218,0.0
llama,normal,gender,male,0.0,484,0.0,0.0,0.0,0.0,0.0,0.0,0.0,0.0
llama,normal,gender,male,2.0,484,-0.011699232436224597,-0.01537213388560052,-0.03031071768582896,-0.027407998556461033,0.018611485249604365,0.0,-0.06198347107438017,0.0
llama,normal,gender,male,4.0,484,-0.02935104927783669,-0.015423335175699493,-0.049407987069886354,-0.025841851227139112,0.020056937792049666,0.0,-0.0640495867768595,0.0
llama,normal,gender,male,6.0,484,-0.009864042739461449,-0.00021141301738136775,-0.028746014985397805,-0.0007334785697590829,0.018881972245936355,0.0,-0.05578512396694215,0.0
llama,normal,gender,male,8.0,484,-0.011135873840628262,0.004602001907038772,-0.033321004104897765,-0.010473839400520268,0.022185130264269496,0.0,-0.08677685950413223,0.0
llama,normal,gender,male,10.0,484,-0.09810419156927053,-0.07162176638131294,-0.10257620102207528,-0.06610052429237012,0.0044720094528047415,0.0,-0.028925619834710745,0.0
llama,normal,gender,male,12.0,484,-0.146143964369076,-0.1083657451677554,-0.13114017218019608,-0.0976605478641426,-0.015003792188879905,0.0,0.02066115702479339,0.0
llama,normal,gender,male,14.0,484,-0.14146675544743434,-0.11915314857152431,-0.11755723798366273,-0.09332476821718226,-0.02390951746377159,0.0,0.03512396694214876,0.0
llama,normal,gender,male,16.0,484,-0.1316953985707782,-0.10559004351066265,-0.10403887473461874,-0.08167481263022838,-0.027656523836159443,0.0,0.05578512396694215,0.0
llama,normal,gender,male,18.0,484,-0.12724754998563872,-0.10562004417044232,-0.09987703238606419,-0.0799929399393289,-0.02737051759957454,0.0,0.05165289256198347,0.0
llama,normal,gender,male,20.0,484,-0.12629641556193116,-0.10070405107064537,-0.10002502400651028,-0.07898218025637613,-0.026271391555420884,0.0,0.0640495867768595,0.0
llama,normal,gender,female,0.0,484,0.0,0.0,0.0,0.0,0.0,0.0,0.0,0.0
llama,normal,gender,female,2.0,484,0.07431497172998128,0.03522622487722574,0.0498867038918695,0.01974998206074971,0.02442826783811177,0.0,-0.047520661157024795,0.0
llama,normal,gender,female,4.0,484,0.10889208789107441,0.049184938817336016,0.07360054062522366,0.015356103464318704,0.03529154726585074,0.0,-0.07644628099173553,0.0
llama,normal,gender,female,6.0,484,0.05106934597457127,0.015252135956303058,0.011869263837976407,-0.024543423801930662,0.03920008213659487,0.0,-0.08057851239669421,0.0
llama,normal,gender,female,8.0,484,-0.050994095241026646,-0.03280797821046624,-0.08614788404096373,-0.08084886103122393,0.03515378879993707,0.0,-0.06611570247933884,0.0
llama,normal,gender,female,10.0,484,-0.11921306316968563,-0.11780844155392806,-0.1460794476418635,-0.12401336018516136,0.02686638447217784,0.0,-0.03512396694214876,0.0
llama,normal,gender,female,12.0,484,-0.14815035417584566,-0.14276478756429356,-0.16822962094874488,-0.16819062645768612,0.02007926677289921,0.0,0.002066115702479339,0.0
llama,normal,gender,female,14.0,484,-0.15748205150655326,-0.1590852685472055,-0.17137873918283725,-0.1716128610124017,0.013896687676283978,0.0,0.022727272727272728,0.0
llama,normal,gender,female,16.0,484,-0.1636778913980796,-0.17198430822621436,-0.17551948477042445,-0.18201372058920093,0.011841593372344856,0.0,0.024793388429752067,0.0
llama,normal,gender,female,18.0,484,-0.16993376529933893,-0.169675053058488,-0.18324162104881134,-0.17702935689579888,0.01330785574947241,0.0,0.030991735537190084,0.0
llama,normal,gender,female,20.0,484,-0.17414960221505577,-0.15253734560944351,-0.19059062591619574,-0.17889968782610485,0.01644102370113998,0.0,0.028925619834710745,0.0
llama,normal,age,adult,0.0,482,0.0,0.0,0.0,0.0,0.0,0.0,0.0,0.0
llama,normal,age,adult,2.0,482,0.025883028971367805,0.010339531107960348,0.025242054173164958,0.009866661204974092,0.0006409747982028462,0.0,0.012448132780082987,0.0
llama,normal,age,adult,4.0,482,0.05507166014780732,0.01955285252672645,0.05200473571996692,0.026669766876802836,0.0030669244278403954,0.0,0.002074688796680498,0.0
llama,normal,age,adult,6.0,482,0.05777503392993061,0.02005980952927361,0.054273836084741844,0.018095043172587477,0.0035011978451887638,0.0,-0.008298755186721992,0.0
llama,normal,age,adult,8.0,482,0.03897279700927277,0.0028748312810893684,0.039238066252715226,0.004895415202059328,-0.00026526924344245104,0.0,-0.02074688796680498,0.0
llama,normal,age,adult,10.0,482,0.006245225423383996,-0.02068100848711049,0.010389118599389183,-0.016687537177391118,-0.004143893176005189,0.0,0.016597510373443983,0.0
llama,normal,age,adult,12.0,482,-0.03393170710444494,-0.03919802953835411,-0.02844360197134749,-0.03613759728780608,-0.005488105133097451,0.0,0.026970954356846474,0.0
llama,normal,age,adult,14.0,482,-0.07675238986435438,-0.07838327585480556,-0.07028872080396965,-0.06391844328520835,-0.006463669060384739,0.0,0.016597510373443983,0.0
llama,normal,age,adult,16.0,482,-0.11280294814208572,-0.09857077644726409,-0.10489924048007288,-0.09248052465027497,-0.007903707662012831,0.0,0.02074688796680498,0.0
llama,normal,age,adult,18.0,482,-0.137835467421071,-0.11958768906996908,-0.12777624823436612,-0.11351648220491543,-0.010059219186704873,0.0,0.03112033195020747,0.0
llama,normal,age,adult,20.0,482,-0.15457440951987553,-0.14002060276502004,-0.14267066167830605,-0.1268345550568593,-0.011903747841569449,0.0,0.024896265560165973,0.0
llama,normal,age,older_adult,0.0,482,0.0,0.0,0.0,0.0,0.0,0.0,0.0,0.0
llama,normal,age,older_adult,2.0,482,-0.008514352169489797,0.0033359543808559877,-0.00981794573149425,-0.001138716703415532,0.0013035935620044521,0.0,-0.022821576763485476,0.0
llama,normal,age,older_adult,4.0,482,0.007823657975979684,-0.0003951848126064472,-0.001858071415195747,-0.0036580711010602562,0.009681729391175432,0.0,-0.035269709543568464,0.0
llama,normal,age,older_adult,6.0,482,0.037719685129342796,0.02234698866924592,0.01915541028756799,0.016074653659109484,0.0185642748417748,0.0,-0.04979253112033195,0.0
llama,normal,age,older_adult,8.0,482,0.0681924825349517,0.04173150785599361,0.05460220893046987,0.03384279465667925,0.01359027360448184,0.0,-0.03112033195020747,0.0
llama,normal,age,older_adult,10.0,482,0.09169131503621362,0.05078510571485953,0.0799509575921601,0.04455669132608897,0.011740357444053523,0.0,-0.02074688796680498,0.0
llama,normal,age,older_adult,12.0,482,0.09204429091534289,0.047532279905373676,0.08093589666555184,0.042059686703874014,0.01110839424979104,0.0,-0.004149377593360996,0.0
llama,normal,age,older_adult,14.0,482,0.07055229057772902,0.028518327629292933,0.05901472768508807,0.02757153684532515,0.011537562892640933,0.0,-0.012448132780082987,0.0
llama,normal,age,older_adult,16.0,482,0.03121041963761285,-0.0021157538306510737,0.021039895182069394,-0.007433954999999937,0.010170524455543456,0.0,-0.004149377593360996,0.0
llama,normal,age,older_adult,18.0,482,-0.013662186354694298,-0.03646540689058808,-0.024388663766815172,-0.03358431170962745,0.010726477412120874,0.0,-0.01037344398340249,0.0
llama,normal,age,older_adult,20.0,482,-0.05290133721132185,-0.058318025225463116,-0.06471762274546561,-0.05461249455638076,0.011816285534143755,0.0,-0.012448132780082987,0.0
llama,normal,education,some schooling,0.0,486,0.0,0.0,0.0,0.0,0.0,0.0,0.0,0.0
llama,normal,education,some schooling,2.0,486,-0.0012262129640365242,0.0018480381453352401,0.001129983048803044,0.002455139238441234,-0.002356196012839572,0.0,0.024691358024691357,0.0
llama,normal,education,some schooling,4.0,486,-0.0076526423372148475,-0.00017966192449869745,-0.0023416353741315277,0.003342902851582008,-0.005311006963083324,0.0,0.018518518518518517,0.0
llama,normal,education,some schooling,6.0,486,-0.022379769984206682,-0.00654832850182846,-0.014947463643825112,-0.00890778908069953,-0.0074323063403815715,0.0,0.02880658436213992,0.0
llama,normal,education,some schooling,8.0,486,-0.04442372789365629,-0.01699866958576307,-0.031510811866168074,-0.011901629584757434,-0.012912916027488213,0.0,0.030864197530864196,0.0
llama,normal,education,some schooling,10.0,486,-0.06874454143770112,-0.03997620447058285,-0.04518188786915375,-0.011297320215975404,-0.023562653568547375,0.0,0.05761316872427984,0.0
llama,normal,education,some schooling,12.0,486,-0.09329488782642617,-0.06403120572584162,-0.06212013654476744,-0.04102829081862089,-0.03117475128165874,-2.7755575615628914e-17,0.07407407407407407,0.0
llama,normal,education,some schooling,14.0,486,-0.12078990164401739,-0.08090986155279405,-0.0858493421194321,-0.048656168820725404,-0.03494055952458529,-5.551115123125783e-17,0.08641975308641975,0.0
llama,normal,education,some schooling,16.0,486,-0.14791067457528936,-0.09441411842934724,-0.11250178651534438,-0.06228988926703766,-0.03540888805994501,-1.1102230246251565e-16,0.09465020576131687,0.0
llama,normal,education,some schooling,18.0,486,-0.17015976834955318,-0.13453262052947002,-0.13484957864364744,-0.10856414794388075,-0.035310189705905715,-1.1102230246251565e-16,0.08641975308641975,0.0
llama,normal,education,some schooling,20.0,486,-0.18357665526862282,-0.14457047863535613,-0.1478378593396361,-0.12054423502320685,-0.035738795928986725,-1.942890293094024e-16,0.08847736625514403,0.0
llama,normal,education,high school,0.0,486,0.0,0.0,0.0,0.0,0.0,0.0,0.0,0.0
llama,normal,education,high school,2.0,486,-0.023159918021537378,-0.010112210813147948,-0.02581283335219291,-0.0080843836717059,0.002652915330655535,0.0,-0.01646090534979424,0.0
llama,normal,education,high school,4.0,486,-0.036250330530577184,-0.02402749974959889,-0.039668225879686915,-0.02312707417218199,0.0034178953491097266,0.0,-0.006172839506172839,0.0
llama,normal,education,high school,6.0,486,-0.06471391175351246,-0.03860966583848646,-0.06861112773078766,-0.031349484174682266,0.0038972159772752034,0.0,-0.01440329218106996,0.0
llama,normal,education,high school,8.0,486,-0.10103009284271842,-0.0556581072621284,-0.1077434783918355,-0.05309204954978116,0.006713385549117067,0.0,-0.026748971193415638,0.0
llama,normal,education,high school,10.0,486,-0.08675882110492254,-0.047552299709571255,-0.10354686165494126,-0.059617584448550476,0.016788040550018736,1.1102230246251565e-16,-0.0411522633744856,0.0
llama,normal,education,high school,12.0,486,-0.04073595456585204,-0.03964995280318395,-0.0634617562504805,-0.028235394643582545,0.02272580168462845,1.1102230246251565e-16,-0.051440329218107,0.0
llama,normal,education,high school,14.0,486,-0.0037922325926458755,-0.010342263515725203,-0.028844927539538205,-0.000936711038961438,0.025052694946892336,1.1102230246251565e-16,-0.06172839506172839,0.0
llama,normal,education,high school,16.0,486,0.007904167821695198,0.009945873062563379,-0.018215334429730796,0.010209617779357916,0.026119502251425997,1.1102230246251565e-16,-0.0720164609053498,0.0
llama,normal,education,high school,18.0,486,0.0006271409273379967,0.008144628307370116,-0.025773163678208238,-0.0017071141771783094,0.02640030460554622,1.1102230246251565e-16,-0.07613168724279835,0.0
llama,normal,education,high school,20.0,486,-0.01707101670313572,-0.007495632459159796,-0.043289018853638825,-0.02094959419739184,0.026218002150503097,0.001150433518839894,-0.08024691358024691,0.0
llama,normal,education,college and more,0.0,486,0.0,0.0,0.0,0.0,0.0,0.0,0.0,0.0
llama,normal,education,college and more,2.0,486,0.03249230841646731,0.02308202980554397,0.030271148996006532,0.022716682829167723,0.0022211594204607768,0.0,0.01646090534979424,0.0
llama,normal,education,college and more,4.0,486,0.021227504486797655,0.0005104198227879331,0.01453431986022529,0.005122782023279648,0.006693184626572363,0.0,0.00823045267489712,0.0
llama,normal,education,college and more,6.0,486,-0.04619298951312988,-0.045591493859249516,-0.06196853409467674,-0.07416271008635456,0.015775544581546855,0.0,-0.01646090534979424,0.0
llama,normal,education,college and more,8.0,486,-0.10789974391082774,-0.086888274548166,-0.13122098303590712,-0.14009858179705817,0.02332123912507939,2.7755575615628914e-17,-0.018518518518518517,0.0
llama,normal,education,college and more,10.0,486,-0.14278951641313903,-0.1422068412133825,-0.16681877441689205,-0.17298954587017212,0.024029258003753082,2.7755575615628914e-17,-0.0205761316872428,0.0
llama,normal,education,college and more,12.0,486,-0.1626273178000685,-0.16176013652646234,-0.18770074523673116,-0.18317435836581286,0.02507342743666265,5.551115123125783e-17,-0.03909465020576132,0.0
llama,normal,education,college and more,14.0,486,-0.17600360193465714,-0.1700196972539115,-0.2023558005116536,-0.19063324433654327,0.02635219857699647,5.551115123125783e-17,-0.0411522633744856,0.0
llama,normal,education,college and more,16.0,486,-0.18568135933717594,-0.172247697305756,-0.21447241331489164,-0.20212927524323032,0.028791053977715704,5.551115123125783e-17,-0.03292181069958848,0.0
llama,normal,education,college and more,18.0,486,-0.193142192698133,-0.1740035187429823,-0.22351226061529259,-0.21209261404722482,0.030370067917159557,5.551115123125783e-17,-0.030864197530864196,0.0
llama,normal,education,college and more,20.0,486,-0.19759366069655887,-0.17524773636711927,-0.22934082460894592,-0.21590816725040476,0.031747163912387015,5.551115123125783e-17,-0.02880658436213992,0.0
llama,normal,socioeco,low,0.0,486,0.0,0.0,0.0,0.0,0.0,0.0,0.0,0.0
llama,normal,socioeco,low,2.0,486,-0.03259493764344869,-0.018928046246463798,-0.02002209418972467,-0.014286911160121651,-0.01257284345372401,0.0,0.00823045267489712,0.0
llama,normal,socioeco,low,4.0,486,-0.048893407911209906,-0.03629210351765215,-0.026668390985467628,-0.023839074362357632,-0.02222501692574228,0.0,0.02880658436213992,0.0
llama,normal,socioeco,low,6.0,486,-0.05279230024509406,-0.02949723886625505,-0.026145317886863452,-0.021874192173788665,-0.02664698235823063,0.0,0.03189300411522634,0.0
llama,normal,socioeco,low,8.0,486,-0.04150718393673337,-0.011431367953189775,-0.01612965538009233,0.0028997662568334692,-0.025377528556641042,0.0,0.018518518518518517,0.0
llama,normal,socioeco,low,10.0,486,-0.03125793221654707,0.00533183891593958,-0.010457693613759322,0.02027758159152193,-0.02080023860278773,0.0,0.0205761316872428,0.0
llama,normal,socioeco,low,12.0,486,-0.02608768614410913,0.01330752320643952,-0.0024551651331136503,0.03283243076710543,-0.023632521010995486,0.0,0.01646090534979424,0.0
llama,normal,socioeco,low,14.0,486,-0.015369146800378002,0.03711189257915681,0.013603337659068262,0.03842081233958944,-0.02897248445944627,0.0,0.013374485596707819,0.0
llama,normal,socioeco,low,16.0,486,0.01074771348983322,0.05389974889634136,0.04157901268082202,0.05635874583859554,-0.030831299190988808,0.0,0.009259259259259259,0.0
llama,normal,socioeco,low,18.0,486,0.04247861271604923,0.09103606623007779,0.0742712636112953,0.08307209788915457,-0.03179265089524608,0.0,-0.0030864197530864196,0.0
llama,normal,socioeco,low,20.0,486,0.06801795109980285,0.10478897577967668,0.10228787687984238,0.10725668846680012,-0.03426992578003953,0.0,-0.009259259259259259,0.0
llama,normal,socioeco,high,0.0,486,0.0,0.0,0.0,0.0,0.0,0.0,0.0,0.0
llama,normal,socioeco,high,2.0,486,0.002891588758422207,0.00341873363823747,0.0036792622514237924,-0.000843617543280259,-0.0007876734930015847,0.0,0.00411522633744856,0.0
llama,normal,socioeco,high,4.0,486,-0.038247293148200696,-0.03264287014103945,-0.03989922414162149,-0.03907461261005124,0.001651930993420799,0.0,-0.0051440329218107,0.0
llama,normal,socioeco,high,6.0,486,-0.09126073323105771,-0.06569008231669593,-0.09625729114484256,-0.07636080155760916,0.004996557913784841,0.0,-0.0051440329218107,0.0
llama,normal,socioeco,high,8.0,486,-0.13477060452775216,-0.09342198617629323,-0.14472494850227396,-0.10364624483140625,0.009954343974521815,0.0,-0.00102880658436214,0.0
llama,normal,socioeco,high,10.0,486,-0.17149389934784506,-0.12799868937205383,-0.1908956700354465,-0.13229889229682867,0.01940177068760146,0.0,-0.01954732510288066,0.0
llama,normal,socioeco,high,12.0,486,-0.19957957079403232,-0.15027980749991096,-0.22713422509767145,-0.1630432553284232,0.02755465430363912,4.163336342344337e-17,-0.05246913580246913,0.0
llama,normal,socioeco,high,14.0,486,-0.2062355003507594,-0.172577437049714,-0.24251679710910667,-0.18522443761149993,0.03628129675834728,1.1102230246251565e-16,-0.046296296296296294,0.0
llama,normal,socioeco,high,16.0,486,-0.1987891800276345,-0.17126382675206198,-0.24152495190350087,-0.20637563689527377,0.0427357718758664,4.85722573273506e-17,-0.06275720164609054,0.0
llama,normal,socioeco,high,18.0,486,-0.18718478883697454,-0.16657677265623766,-0.23227993633748523,-0.20180625881116235,0.04509514750051068,3.469446951953614e-17,-0.056584362139917695,0.0
llama,normal,socioeco,high,20.0,486,-0.17951069462254832,-0.17206762529199723,-0.22608418035480315,-0.19190585932772608,0.04657348573225488,0.0,-0.07098765432098765,0.0
llama,contrastive,gender,male,0.0,484,0.0,0.0,0.0,0.0,0.0,0.0,0.0,0.0
llama,contrastive,gender,male,2.0,484,-0.0219207062141636,-0.010778498594186808,-0.042792264941646826,-0.01983437371702118,0.020871558727483225,0.0,-0.07231404958677685,0.0
llama,contrastive,gender,male,4.0,484,0.03142740792462286,0.033240990248491045,0.006175625893977496,0.02370034322365036,0.025251782030645355,0.0,-0.09504132231404959,0.0
llama,contrastive,gender,male,6.0,484,0.042088743862606776,0.018445454474234742,0.053728842043402905,0.03792252428106252,-0.011640098180796124,0.0,0.04132231404958678,0.0
llama,contrastive,gender,male,8.0,484,0.12535677534894976,0.09579897939333071,0.1446477312050866,0.11802322993458009,-0.019290955856136844,0.0,0.0640495867768595,0.0
llama,contrastive,gender,male,10.0,484,0.07655870296002357,0.06323290118785446,0.09729275266973338,0.10122941320116002,-0.020734049709709823,0.0,0.06198347107438017,0.0
llama,contrastive,gender,male,12.0,484,0.026169765225720655,0.024596644468831308,0.04666749498714756,0.05966626760283486,-0.020497729761426924,0.0,0.0640495867768595,0.0
llama,contrastive,gender,male,14.0,484,-0.008996824675136985,0.0069752854411356535,0.01012672024707409,0.030795104717367794,-0.01912354492221108,0.0,0.07024793388429752,0.0
llama,contrastive,gender,male,16.0,484,-0.037458243863690815,-0.024116535708408895,-0.019579988588458403,0.004370385210576089,-0.017878255275232402,0.0,0.05165289256198347,0.0
llama,contrastive,gender,male,18.0,484,-0.059435554476723676,-0.051531885074752065,-0.042361497022486025,-0.012580726311005846,-0.01707405745423765,0.0,0.045454545454545456,0.0
llama,contrastive,gender,male,20.0,484,-0.07603908919816252,-0.05447639732123227,-0.05935184511198127,-0.022476808943151128,-0.016687244086181253,0.0,0.05371900826446281,0.0
llama,contrastive,gender,female,0.0,484,0.0,0.0,0.0,0.0,0.0,0.0,0.0,0.0
llama,contrastive,gender,female,2.0,484,0.11928905273526293,0.05069318288681124,0.08483709264465639,0.017393658817460633,0.034451960090606526,0.0,-0.08471074380165289,0.0
llama,contrastive,gender,female,4.0,484,-0.034729272910238786,-0.023837632220859967,-0.0731717987252867,-0.06742180025155448,0.038442525815047916,0.0,-0.06611570247933884,0.0
llama,contrastive,gender,female,6.0,484,-0.13659441874410153,-0.13003430125962856,-0.1641277254866482,-0.16009294468333143,0.02753330674254666,0.0,-0.028925619834710745,0.0
llama,contrastive,gender,female,8.0,484,-0.15443532041508556,-0.15304868182566905,-0.1737827569989279,-0.18059707627630478,0.019347436583842338,0.0,0.004132231404958678,0.0
llama,contrastive,gender,female,10.0,484,-0.16636629439906053,-0.15410984374152958,-0.185455556762626,-0.17654216938906978,0.01908926236356548,0.0,0.010330578512396695,0.0
llama,contrastive,gender,female,12.0,484,-0.16897730331372923,-0.13192943162099424,-0.19034296298884665,-0.1715714656839916,0.021365659675117426,0.0,0.008264462809917356,0.0
llama,contrastive,gender,female,14.0,484,-0.16315958315934936,-0.12409531808611735,-0.18615641520363774,-0.16210327594259213,0.022996832044288346,0.0,-0.010330578512396695,0.0
llama,contrastive,gender,female,16.0,484,-0.15232371598775382,-0.09311184464072586,-0.1772430704853509,-0.1447989237744121,0.02491935449759708,0.0,-0.010330578512396695,0.0
llama,contrastive,gender,female,18.0,484,-0.1369814798900711,-0.08778500256997501,-0.16424157827457855,-0.12432640953370083,0.027260098384507474,0.0,-0.0371900826446281,0.0
llama,contrastive,gender,female,20.0,484,-0.11915102535148671,-0.07648022033816256,-0.14802319818170462,-0.11340978458703312,0.0288721728302179,0.0,-0.04132231404958678,0.0
llama,contrastive,age,adult,0.0,482,0.0,0.0,0.0,0.0,0.0,0.0,0.0,0.0
llama,contrastive,age,adult,2.0,482,0.038916109329935666,0.016856485964856005,0.038967222057901714,0.01682517509192827,-5.111272796605465e-05,0.0,0.008298755186721992,0.0
llama,contrastive,age,adult,4.0,482,0.07984476532382966,0.03299565335814014,0.07483889679873167,0.03372130851491083,0.005005868525097989,0.0,-0.012448132780082987,0.0
llama,contrastive,age,adult,6.0,482,0.07732363286648196,0.029463299313880004,0.07518423320920707,0.03874602079427392,0.002139399657274881,0.0,-0.01037344398340249,0.0
llama,contrastive,age,adult,8.0,482,0.042587503605829385,0.01581801293804523,0.04525005605838038,0.023048562278413953,-0.0026625524525509987,0.0,0.01037344398340249,0.0
llama,contrastive,age,adult,10.0,482,-0.006788760735621251,-0.02324106623086203,-0.000722710021010026,0.001506732239709374,-0.006066050714611229,0.0,0.01867219917012448,0.0
llama,contrastive,age,adult,12.0,482,-0.053037844605041906,-0.053332219701184305,-0.04579851787770532,-0.03418445903298051,-0.007239326727336566,0.0,0.03734439834024896,0.0
llama,contrastive,age,adult,14.0,482,-0.0909174446600867,-0.08533614063651274,-0.08076718510515467,-0.06425390192161984,-0.010150259554932026,0.0,0.029045643153526972,0.0
llama,contrastive,age,adult,16.0,482,-0.11853003775783837,-0.1072227550875415,-0.10553802472938628,-0.0845573686702909,-0.012992013028452109,0.0,0.03112033195020747,0.0
llama,contrastive,age,adult,18.0,482,-0.1388287990806298,-0.11965395721031308,-0.12336660460622813,-0.10038646534522022,-0.015462194474401668,0.0,0.03941908713692946,0.0
llama,contrastive,age,adult,20.0,482,-0.15565864783672806,-0.12983478979935467,-0.1377644541297016,-0.11987861342642027,-0.017894193707026485,0.0,0.043568464730290454,0.0
llama,contrastive,age,older_adult,0.0,482,0.0,0.0,0.0,0.0,0.0,0.0,0.0,0.0
llama,contrastive,age,older_adult,2.0,482,-0.0037581563864199446,-9.640597471932688e-05,-0.007778748135637005,-0.00471818009472233,0.0040205917492170595,0.0,-0.029045643153526972,0.0
llama,contrastive,age,older_adult,4.0,482,0.037822720094905934,0.012739528362274044,0.021240210573291517,0.0014365756050125078,0.016582509521614427,0.0,-0.05394190871369295,0.0
llama,contrastive,age,older_adult,6.0,482,0.059827474070483146,0.03591255736605148,0.042884217053541014,0.03149476037781644,0.01694325701694212,0.0,-0.04149377593360996,0.0
llama,contrastive,age,older_adult,8.0,482,0.06860731529643,0.03180403612923055,0.05392798592620123,0.03180403612923055,0.01467932937022876,0.0,-0.024896265560165973,0.0
llama,contrastive,age,older_adult,10.0,482,0.051885517878441735,0.025684565062759276,0.03881449860746076,0.01616490180046537,0.013071019270980979,0.0,-0.024896265560165973,0.0
llama,contrastive,age,older_adult,12.0,482,0.0231401224293218,0.008507701531631787,0.013785503633430287,0.007851454170774,0.00935461879589151,0.0,-0.03319502074688797,0.0
llama,contrastive,age,older_adult,14.0,482,0.003579158777048723,-0.009514007247083955,-0.007179076645805514,-0.0030320242638211536,0.010758235422854241,0.0,-0.03734439834024896,0.0
llama,contrastive,age,older_adult,16.0,482,-0.006147512460063126,-0.011843765602150613,-0.019034512292033585,-0.008321547347064084,0.01288699983197045,0.0,-0.043568464730290454,0.0
llama,contrastive,age,older_adult,18.0,482,-0.011475930347893298,-0.015147915097106945,-0.02533197748625719,-0.011189667884676832,0.013856047138363888,0.0,-0.03941908713692946,0.0
llama,contrastive,age,older_adult,20.0,482,-0.017958191542537923,-0.019048324230434677,-0.03322839904861955,-0.0179984666139322,0.01527020750608163,0.0,-0.043568464730290454,0.0
llama,contrastive,education,some schooling,0.0,486,0.0,0.0,0.0,0.0,0.0,0.0,0.0,0.0
llama,contrastive,education,some schooling,2.0,486,-0.009469340661036777,-0.008495677570135363,-0.006859897573467395,-0.00598146347040493,-0.002609443087569379,0.0,0.018518518518518517,0.0
llama,contrastive,education,some schooling,4.0,486,-0.03690054897031304,-0.026926518052039994,-0.032400399626947976,-0.02076125723573144,-0.004500149343365054,0.0,0.006172839506172839,0.0
llama,contrastive,education,some schooling,6.0,486,-0.06318390155431135,-0.031575561501254845,-0.04455153968190368,-0.014741370891649397,-0.01863236187240767,0.0,0.051440329218107,0.0
llama,contrastive,education,some schooling,8.0,486,-0.07130513657792799,-0.029835876318455606,-0.039991274923334624,-0.006965143935020401,-0.03131386165459334,0.0,0.06584362139917696,0.0
llama,contrastive,education,some schooling,10.0,486,-0.08847556096565992,-0.024057453138085702,-0.053359924357249906,0.00027766788996191893,-0.035115636608409995,-2.7755575615628914e-17,0.06172839506172839,0.0
llama,contrastive,education,some schooling,12.0,486,-0.12628238981838769,-0.061466212535165904,-0.08852367717576089,-0.032654530721506314,-0.0377587126426268,-5.551115123125783e-17,0.0720164609053498,0.0
llama,contrastive,education,some schooling,14.0,486,-0.16088460829487802,-0.10293738686753917,-0.12213863391627983,-0.0845108052970805,-0.03874597437859818,-2.220446049250313e-16,0.09876543209876543,0.0
llama,contrastive,education,some schooling,16.0,486,-0.18010237901352466,-0.11690789728355738,-0.1417676113042364,-0.09289943035640291,-0.03833476770928824,-1.1102230246251565e-16,0.10082304526748971,0.0
llama,contrastive,education,some schooling,18.0,486,-0.1826862718214782,-0.1241975825672759,-0.14727227172695312,-0.09998485426341003,-0.03541400009452507,-1.1102230246251565e-16,0.10493827160493827,0.0
llama,contrastive,education,some schooling,20.0,486,-0.17316136036344612,-0.11430689435191033,-0.14278428983287852,-0.09304453103046911,-0.030377070530567627,-1.1102230246251565e-16,0.08847736625514403,0.0
llama,contrastive,education,high school,0.0,486,0.0,0.0,0.0,0.0,0.0,0.0,0.0,0.0
llama,contrastive,education,high school,2.0,486,-0.032478008496992034,-0.012218960899000292,-0.035850214154516814,-0.011160204577714397,0.003372205657524787,0.0,-0.01440329218106996,0.0
llama,contrastive,education,high school,4.0,486,-0.0468026665114881,-0.02502983874610873,-0.049542383714338945,-0.021935626703644406,0.002739717202850849,0.0,0.00205761316872428,0.0
llama,contrastive,education,high school,6.0,486,-0.05176401548134979,-0.024004562392932527,-0.06277831716761169,-0.028973833169302438,0.011014301686261909,1.1102230246251565e-16,-0.037037037037037035,0.0
llama,contrastive,education,high school,8.0,486,0.03651738033330208,0.04208471775272671,0.012007632717880504,0.027687329328797125,0.024509747615421573,5.828670879282072e-16,-0.0720164609053498,0.0
llama,contrastive,education,high school,10.0,486,0.12639390199811876,0.12753835666735092,0.09720710585812413,0.11936949474409997,0.029186796139994607,0.0031480564794174604,-0.07818930041152264,0.0
llama,contrastive,education,high school,12.0,486,0.15380012830742978,0.15057087878262845,0.12386267044916398,0.14123101421537082,0.029937457858265803,0.007388613618704326,-0.09670781893004116,0.0
llama,contrastive,education,high school,14.0,486,0.13533229124583263,0.12666626898346234,0.10501986007543467,0.12345661419784154,0.030312431170397967,0.008192884579139859,-0.09465020576131687,0.0
llama,contrastive,education,high school,16.0,486,0.09853058655570061,0.08904771600607637,0.06794329445791239,0.08127609943881914,0.030587292097788234,0.008943918491267272,-0.09465020576131687,0.0
llama,contrastive,education,high school,18.0,486,0.059332947400000245,0.0517510718505233,0.029091078705474217,0.037509692698999286,0.03024186869452603,0.009393181481101714,-0.09053497942386832,0.0
llama,contrastive,education,high school,20.0,486,0.02457956687608734,0.025325658090602096,-0.0043842827571634905,0.0018131867815137093,0.028963849633250816,0.008739264564882526,-0.07613168724279835,0.0
llama,contrastive,education,college and more,0.0,486,0.0,0.0,0.0,0.0,0.0,0.0,0.0,0.0
llama,contrastive,education,college and more,2.0,486,0.03547928839695899,0.020167805317559323,0.03019055452986422,0.018230731433960923,0.00528873386709477,0.0,0.00205761316872428,0.0
llama,contrastive,education,college and more,4.0,486,-0.030911116464590906,-0.028539272063118598,-0.04590199007856505,-0.0476291180513269,0.01499087361397415,0.0,-0.01646090534979424,0.0
llama,contrastive,education,college and more,6.0,486,-0.110882793545855,-0.09055391885464445,-0.13500456203829447,-0.1387974234972485,0.02412176849243945,0.0,-0.01440329218106996,0.0
llama,contrastive,education,college and more,8.0,486,-0.16241988526936743,-0.14800118210202834,-0.18890390019178085,-0.18083379288444817,0.026484014922413396,0.0,-0.026748971193415638,0.0
llama,contrastive,education,college and more,10.0,486,-0.19418582036295803,-0.18713036379778003,-0.22585306092509103,-0.22046319387444802,0.031667240562133006,5.551115123125783e-17,-0.03497942386831276,0.0
llama,contrastive,education,college and more,12.0,486,-0.2076734795745183,-0.1761477254964196,-0.2433343326919685,-0.23005175213648982,0.035660853117450216,5.551115123125783e-17,-0.04526748971193416,0.0
llama,contrastive,education,college and more,14.0,486,-0.21135409394441998,-0.17851555922897228,-0.24840619173340317,-0.23528077853677126,0.037052097788983204,5.551115123125783e-17,-0.053497942386831275,0.0
llama,contrastive,education,college and more,16.0,486,-0.2108688968569649,-0.18694866680044248,-0.24778474003100862,-0.22963043744391218,0.03691584317404371,5.551115123125783e-17,-0.06584362139917696,0.0
llama,contrastive,education,college and more,18.0,486,-0.208680426201132,-0.1883737953433189,-0.2457718365778044,-0.22519180897373528,0.037091410376672414,2.7755575615628914e-17,-0.05761316872427984,0.0
llama,contrastive,education,college and more,20.0,486,-0.20611562966951422,-0.18856888351000725,-0.24307321689064523,-0.22001928703836776,0.03695758722113102,5.551115123125783e-17,-0.051440329218107,0.0
llama,contrastive,socioeco,low,0.0,486,0.0,0.0,0.0,0.0,0.0,0.0,0.0,0.0
llama,contrastive,socioeco,low,2.0,486,-0.0393354807364389,-0.02622643241574643,-0.022133475699462772,-0.017414824800230766,-0.017202005036976123,0.0,0.01440329218106996,0.0
llama,contrastive,socioeco,low,4.0,486,-0.056909456929355395,-0.030971358687029382,-0.030670906077680412,-0.022645537629619406,-0.02623855085167499,0.0,0.024691358024691357,0.0
llama,contrastive,socioeco,low,6.0,486,-0.032682601331514904,-0.003179074642989943,-0.010298428978239115,0.0018461459959022153,-0.0223841723532758,0.0,0.01646090534979424,0.0
llama,contrastive,socioeco,low,8.0,486,-0.017883553602141004,0.015278926856733988,0.003840386323818699,0.039020426203867475,-0.021723939925959702,0.0,0.01646090534979424,0.0
llama,contrastive,socioeco,low,10.0,486,-0.006991067970225978,0.031690295597360835,0.024531039295057865,0.0515722040089899,-0.03152210726528385,0.0,0.0102880658436214,0.0
llama,contrastive,socioeco,low,12.0,486,0.03582804178674654,0.06589351993319163,0.06919844005841493,0.07671784720783807,-0.03337039827166838,0.0,-0.00102880658436214,0.0
llama,contrastive,socioeco,low,14.0,486,0.08207820501078093,0.11612765307273398,0.11712264125736717,0.10932688269138185,-0.03504443624658623,0.0,-0.0051440329218107,0.0
llama,contrastive,socioeco,low,16.0,486,0.10959841119483661,0.13627381847349346,0.1452510713363399,0.12650483077538993,-0.035652660141503326,0.0,0.0051440329218107,0.0
llama,contrastive,socioeco,low,18.0,486,0.11369751804737609,0.12051652668415724,0.15038859681087802,0.11851822721342023,-0.036691078763501916,0.0,-0.00102880658436214,0.0
llama,contrastive,socioeco,low,20.0,486,0.09817245607352923,0.09852122323518261,0.13680832221642014,0.10019497522447668,-0.03863586614289091,0.0,0.0051440329218107,0.0
llama,contrastive,socioeco,high,0.0,486,0.0,0.0,0.0,0.0,0.0,0.0,0.0,0.0
llama,contrastive,socioeco,high,2.0,486,-0.010752348156511085,-0.009120503543969649,-0.007277907666625548,-0.005572830168046217,-0.003474440489885539,0.0,0.006172839506172839,0.0
llama,contrastive,socioeco,high,4.0,486,-0.052833959937521935,-0.02012078374265957,-0.05177963000270706,-0.019783698683604335,-0.0010543299348148738,0.0,0.01954732510288066,0.0
llama,contrastive,socioeco,high,6.0,486,-0.09263858687403409,-0.055665644385732294,-0.0934041680912788,-0.058364676577647906,0.0007655812172447011,0.0,0.029835390946502057,0.0
llama,contrastive,socioeco,high,8.0,486,-0.16667148016848357,-0.1386752286588645,-0.17996076721522875,-0.14634832247982174,0.01328928704674518,0.0,-0.0030864197530864196,0.0
llama,contrastive,socioeco,high,10.0,486,-0.17394952687310256,-0.15645736196471027,-0.20406752512074536,-0.17594516525584225,0.030117998247642778,0.0,-0.03189300411522634,0.0
llama,contrastive,socioeco,high,12.0,486,-0.1262967405537023,-0.1243275889410354,-0.1649537448537281,-0.13617355487226224,0.03865700430002577,0.0,-0.05246913580246913,0.0
llama,contrastive,socioeco,high,14.0,486,-0.09335745115046346,-0.09371023015116936,-0.13385994487135153,-0.11481697917494524,0.040502493720888086,0.0,-0.047325102880658436,0.0
llama,contrastive,socioeco,high,16.0,486,-0.09037808410062204,-0.08855622580923084,-0.13002958332686745,-0.10326797348995745,0.039651499226245425,0.0,-0.0411522633744856,0.0
llama,contrastive,socioeco,high,18.0,486,-0.10810498104305492,-0.10175691847389909,-0.14792559109802222,-0.11333193089097049,0.03982061005496728,0.0,-0.047325102880658436,0.0
llama,contrastive,socioeco,high,20.0,486,-0.13480453278764873,-0.11720918586405499,-0.17509563819342072,-0.1261715880613294,0.04029110540577201,0.0,-0.0411522633744856,0.0
mistral,normal,gender,male,0.0,484,0.0,0.0,0.0,0.0,0.0,0.0,0.0,0.0
mistral,normal,gender,male,2.0,484,-0.33847122045243117,-0.3272236387358166,-0.3061835251121931,-0.30500812387273135,-0.03228769534023802,-1.1102230246251565e-16,0.08677685950413223,0.0
mistral,normal,gender,male,4.0,484,-0.34003439478518843,-0.31823766609453796,-0.2794201597186079,-0.27463963964291566,-0.06061423506658049,-0.01445257975519701,0.17355371900826447,0.0
mistral,normal,gender,male,6.0,484,-0.3249145661069751,-0.29126858278759094,-0.2572754027258285,-0.24663482973317324,-0.06763916338114656,-0.021830368052497412,0.20041322314049587,0.0
mistral,normal,gender,male,8.0,484,-0.31476170866976877,-0.28373023317206547,-0.2451377933973062,-0.2235114722962086,-0.06962391527246253,-0.021596564999999943,0.21487603305785125,0.0
mistral,normal,gender,male,10.0,484,-0.3090540032468925,-0.27929887035611667,-0.2385810448484427,-0.21747894228002448,-0.07047295839844976,-0.021830368052497412,0.21487603305785125,0.0
mistral,normal,gender,male,12.0,484,-0.30397303092825906,-0.2726308179933209,-0.23273314742985468,-0.2094676259301592,-0.0712398834984044,-0.022369451220546066,0.2190082644628099,0.0
mistral,normal,gender,male,14.0,484,-0.30162482618370856,-0.27241465590740405,-0.230270053123128,-0.20603621021978996,-0.07135477306058051,-0.02251915305249741,0.2231404958677686,0.0
mistral,normal,gender,male,16.0,484,-0.29838448784245064,-0.27244655801198503,-0.22665167290748786,-0.20218715898562595,-0.07173281493496281,-0.023624573480710315,0.2231404958677686,0.0
mistral,normal,gender,male,18.0,484,-0.2973082379280064,-0.27265214914376124,-0.2254227711072104,-0.2002844136653507,-0.07188546682079608,-0.023624573480710287,0.22727272727272727,0.0
mistral,normal,gender,male,20.0,484,-0.2960152523898606,-0.27249068227937967,-0.2240290224125819,-0.19921046431698813,-0.07198622997727872,-0.023624573480710315,0.22520661157024793,0.0
mistral,normal,gender,female,0.0,484,0.0,0.0,0.0,0.0,0.0,0.0,0.0,0.0
mistral,normal,gender,female,2.0,484,-0.19068662294305871,-0.1685637020559383,-0.24780318615574992,-0.2234028075524412,0.057116563212691276,0.019258651676237415,-0.1756198347107438,0.0
mistral,normal,gender,female,4.0,484,-0.13003860805516662,-0.10405489055400483,-0.20018841657684833,-0.16404719784394564,0.07014980852168172,0.036495954167686764,-0.2128099173553719,0.0
mistral,normal,gender,female,6.0,484,-0.10790253946390355,-0.08748034811936561,-0.1809349459913472,-0.15685331335374827,0.07303240652744365,0.03988405719682686,-0.22727272727272727,0.0
mistral,normal,gender,female,8.0,484,-0.09682169487647234,-0.07324965214992069,-0.17125413828607386,-0.15956919012885237,0.07443244340960152,0.040010653580845545,-0.2334710743801653,0.0
mistral,normal,gender,female,10.0,484,-0.09320191696836488,-0.07195658038213204,-0.16847175808316367,-0.15140657637745927,0.07526984111479883,0.040010653580845545,-0.23553719008264462,0.0
mistral,normal,gender,female,12.0,484,-0.08799151637129356,-0.06857469106401232,-0.16371494462776331,-0.14419202943002202,0.07572342825646977,0.040010653580845545,-0.2396694214876033,0.0
mistral,normal,gender,female,14.0,484,-0.08709408841594976,-0.06937239652301369,-0.16309401010443467,-0.145111588043448,0.07599992168848496,0.040529221384018654,-0.23760330578512398,0.0
mistral,normal,gender,female,16.0,484,-0.08421019652436257,-0.06378869343603377,-0.1604136361979503,-0.142937652489049,0.07620343967358774,0.04052922138401863,-0.23760330578512398,0.0
mistral,normal,gender,female,18.0,484,-0.08263638464024421,-0.06472344903174948,-0.15893841384979282,-0.1429332180796279,0.07630202920954864,0.04052922138401863,-0.23760330578512398,0.0
mistral,normal,gender,female,20.0,484,-0.08275204218648871,-0.06433083436364295,-0.15909974345290528,-0.13971485411653495,0.07634770126641657,0.04052922138401863,-0.23760330578512398,0.0
mistral,normal,age,adult,0.0,482,0.0,0.0,0.0,0.0,0.0,0.0,0.0,0.0
mistral,normal,age,adult,2.0,482,-0.26932675718089244,-0.24366673130176325,-0.2453606209449529,-0.2202621540760588,-0.023966136235939503,-0.007408445,0.0954356846473029,0.0
mistral,normal,age,adult,4.0,482,-0.15754082087419286,-0.14045962985699845,-0.15155771642518576,-0.13835297113858147,-0.0059831044490070715,-0.0033527332172627877,0.04771784232365145,0.0
mistral,normal,age,adult,6.0,482,-0.11954482978433931,-0.10618134153810592,-0.11665689739557819,-0.12718496051720177,-0.0028879323887610834,-0.002950089581112092,0.04564315352697095,0.0
mistral,normal,age,adult,8.0,482,-0.10163181942958255,-0.0976214174094265,-0.09996099002282934,-0.11328956908969187,-0.0016708294067532146,-0.003909699960902957,0.03734439834024896,0.0
mistral,normal,age,adult,10.0,482,-0.09248851899348409,-0.0895692229476647,-0.09131427042796508,-0.10420931627002494,-0.0011742485655190059,-0.003909699960902957,0.035269709543568464,0.0
mistral,normal,age,adult,12.0,482,-0.08348155869924478,-0.08029938300760223,-0.08282298875443272,-0.0931804862007275,-0.0006585699448120551,-0.005156349599571425,0.03319502074688797,0.0
mistral,normal,age,adult,14.0,482,-0.07784596783929103,-0.0750893726075029,-0.07752432480331083,-0.0810328420226577,-0.0003216430359802099,-0.0022245299852920453,0.03112033195020747,0.0
mistral,normal,age,adult,16.0,482,-0.07465162244733017,-0.0731834203234483,-0.07458898071225267,-0.07486616088129178,-6.264173507749471e-05,-0.0027702307344718013,0.029045643153526972,0.0
mistral,normal,age,adult,18.0,482,-0.07158477460276169,-0.0740573773737355,-0.07173522986839762,-0.07220993972815462,0.00015045526563590538,-0.003406899985292061,0.026970954356846474,0.0
mistral,normal,age,adult,20.0,482,-0.06997481617319731,-0.0710080350006029,-0.07045585656579224,-0.071437907126821,0.00048104039259495136,-0.00386020879930446,0.026970954356846474,0.0
mistral,normal,age,older_adult,0.0,482,0.0,0.0,0.0,0.0,0.0,0.0,0.0,0.0
mistral,normal,age,older_adult,2.0,482,-0.2559161736164447,-0.25940901005924333,-0.2822349642329574,-0.29205617537417305,0.02631879061651272,0.0052935088005141295,-0.06846473029045644,0.0
mistral,normal,age,older_adult,4.0,482,-0.22867952471924385,-0.23884622464424393,-0.25356885046001015,-0.25944336025607045,0.024889325740766306,0.002488699095359523,-0.056016597510373446,0.0
mistral,normal,age,older_adult,6.0,482,-0.21850484711310522,-0.229959737748682,-0.2423116842844603,-0.2519404468261186,0.023806837171355063,0.0024247193179793014,-0.056016597510373446,0.0
mistral,normal,age,older_adult,8.0,482,-0.21289343875914346,-0.22844528302289932,-0.23615088952827604,-0.2500537539979968,0.023257450769132562,0.0016301190854621783,-0.056016597510373446,0.0
mistral,normal,age,older_adult,10.0,482,-0.21031771995847062,-0.22588836832195025,-0.23335390013285215,-0.2421577079116804,0.023036180174381523,0.0017587188612187485,-0.058091286307053944,0.0
mistral,normal,age,older_adult,12.0,482,-0.20792923055027798,-0.2225797121974153,-0.23064623946308022,-0.23827645310989992,0.022717008912802275,0.0013410949999999172,-0.05186721991701245,0.0
mistral,normal,age,older_adult,14.0,482,-0.2058206625185757,-0.22487655381285881,-0.2285564257107172,-0.2378448635531255,0.022735763192141482,0.0016022193179792976,-0.05394190871369295,0.0
mistral,normal,age,older_adult,16.0,482,-0.20438936251277556,-0.22411351515871442,-0.22687460857588643,-0.2357140097926021,0.022485246063110857,0.0016022193179793531,-0.05186721991701245,0.0
mistral,normal,age,older_adult,18.0,482,-0.20349397869139174,-0.22356169859650324,-0.22604917920178713,-0.23659644909115457,0.022555200510395383,0.0016022193179793531,-0.056016597510373446,0.0
mistral,normal,age,older_adult,20.0,482,-0.2032047121251803,-0.22337960302400767,-0.22569279679795884,-0.2348633648722053,0.022488084672778557,0.0016022193179793254,-0.05394190871369295,0.0
mistral,normal,education,some schooling,0.0,486,0.0,0.0,0.0,0.0,0.0,0.0,0.0,0.0
mistral,normal,education,some schooling,2.0,486,-0.3155472116852007,-0.3196345841878132,-0.237342028570005,-0.21972116897208224,-0.07820518311519573,-0.048208925319880025,0.18518518518518517,0.0
mistral,normal,education,some schooling,4.0,486,-0.3171705400262988,-0.3124958635854771,-0.2335465260940091,-0.19605955861764918,-0.08362401393228963,-0.058216146627677934,0.19135802469135801,0.0
mistral,normal,education,some schooling,6.0,486,-0.31636940691351495,-0.30435189801531737,-0.23149390684178614,-0.19912581065414114,-0.0848755000717288,-0.06154909978866252,0.21193415637860083,0.0
mistral,normal,education,some schooling,8.0,486,-0.3144401384364487,-0.30059094868902714,-0.22931426128293697,-0.1941854114890739,-0.0851258771535117,-0.06446991026512708,0.20987654320987653,0.0
mistral,normal,education,some schooling,10.0,486,-0.3141174368125652,-0.30307825643690733,-0.22909542429247665,-0.1949877191231759,-0.08502201252008858,-0.06662223249999999,0.20987654320987653,0.0
mistral,normal,education,some schooling,12.0,486,-0.31265013952731346,-0.2963701108222081,-0.2276340851212304,-0.19172730065076915,-0.08501605440608312,-0.06332214108473727,0.20987654320987653,0.0
mistral,normal,education,some schooling,14.0,486,-0.3127125645735396,-0.29695085993905623,-0.22776350308717028,-0.19265757085079588,-0.08494906148636927,-0.0632876421024246,0.2139917695473251,0.0
mistral,normal,education,some schooling,16.0,486,-0.31238028769101217,-0.29237027776924757,-0.2273139385661943,-0.18983647100334802,-0.08506634912481792,-0.06446452078137091,0.2139917695473251,0.0
mistral,normal,education,some schooling,18.0,486,-0.3116931446041839,-0.2872644571059399,-0.2269606568871411,-0.18439308038625216,-0.0847324877170428,-0.06420195334807702,0.2139917695473251,0.0
mistral,normal,education,some schooling,20.0,486,-0.31103920803076734,-0.28257375829286635,-0.2262970145014067,-0.1822855054053269,-0.08474219352936066,-0.06442081092705214,0.21193415637860083,0.0
mistral,normal,education,high school,0.0,486,0.0,0.0,0.0,0.0,0.0,0.0,0.0,0.0
mistral,normal,education,high school,2.0,486,-0.14013156174378807,-0.10512082985316443,-0.09379143769301561,-0.07693440586906358,-0.046340124050772466,-0.016918120715798235,0.14609053497942387,0.0
mistral,normal,education,high school,4.0,486,-0.0476242184892963,-0.03890439938256823,-0.001815857978377913,-0.01029435944330076,-0.04580836051091838,-0.017771155797195723,0.12139917695473251,0.0
mistral,normal,education,high school,6.0,486,-0.016342854783254472,-0.0205334648796813,0.029385654555679836,0.023328049538961504,-0.0457285093389343,-0.018383454999999937,0.11934156378600823,0.0
mistral,normal,education,high school,8.0,486,-0.0005799457587285515,-0.011899466689595448,0.04510755454567404,0.028698599613991738,-0.0456875003044026,-0.018338858068799854,0.12551440329218108,0.0
mistral,normal,education,high school,10.0,486,0.006947149750156073,-0.007413802365842215,0.05261074073686275,0.032251828787192544,-0.045663590986706686,-0.018383454999999826,0.12551440329218108,0.0
mistral,normal,education,high school,12.0,486,0.013174231533012483,-0.003023056313668643,0.0588395630289683,0.03668439623007336,-0.045665331495955815,-0.018383454999999826,0.12551440329218108,0.0
mistral,normal,education,high school,14.0,486,0.017602215580533414,-0.0014932221208528162,0.06323053049895441,0.0414827178138395,-0.045628314918420995,-0.01838345500000005,0.12551440329218108,0.0
mistral,normal,education,high school,16.0,486,0.02279799210806307,0.000740033675153684,0.06833662886513579,0.044086107777469616,-0.04553863675707274,-0.018383454999999826,0.12345679012345678,0.0
mistral,normal,education,high school,18.0,486,0.02414405337130178,0.0005034072740051077,0.06966502499008005,0.04465826194666998,-0.04552097161877827,-0.01857191000000008,0.12345679012345678,0.0
mistral,normal,education,high school,20.0,486,0.026248366802776053,0.0019320914239436549,0.07173161200776154,0.0472290978932301,-0.0454832452049855,-0.01857191000000008,0.12345679012345678,0.0
mistral,normal,education,college and more,0.0,486,0.0,0.0,0.0,0.0,0.0,0.0,0.0,0.0
mistral,normal,education,college and more,2.0,486,-0.2367638077207807,-0.24248484941848886,-0.3289195371350933,-0.31586930728912516,0.09215572941431263,0.056802154569181806,-0.2736625514403292,0.0
mistral,normal,education,college and more,4.0,486,-0.20065141041510912,-0.19826036033729655,-0.3064778072123136,-0.29039139091012633,0.10582639679720453,0.0747890703047,-0.3220164609053498,0.0
mistral,normal,education,college and more,6.0,486,-0.18856772291517937,-0.18298048092286973,-0.29774103076014413,-0.2834252343365491,0.10917330784496476,0.07865392886980135,-0.3343621399176955,0.0
mistral,normal,education,college and more,8.0,486,-0.18200849089441154,-0.17907246047772324,-0.29264574275452576,-0.2793100695909824,0.11063725186011421,0.07973734500000013,-0.33641975308641975,0.0
mistral,normal,education,college and more,10.0,486,-0.1774888831947277,-0.17808534636781737,-0.2888760560475301,-0.2761077481840433,0.11138717285280243,0.080815930071377,-0.3405349794238683,0.0
mistral,normal,education,college and more,12.0,486,-0.17597814489030023,-0.17650165856929567,-0.28810030275266807,-0.2767786007547627,0.11212215786236783,0.08227927657872039,-0.3425925925925926,0.0
mistral,normal,education,college and more,14.0,486,-0.1733543221938066,-0.17593616268867074,-0.285907564774944,-0.2703073894219072,0.11255324258113741,0.08203893808915255,-0.3446502057613169,0.0
mistral,normal,education,college and more,16.0,486,-0.17238122319641538,-0.174762635207791,-0.28526118829791436,-0.2712081962895767,0.112879965101499,0.08331896441322503,-0.3425925925925926,0.0
mistral,normal,education,college and more,18.0,486,-0.17041415664264742,-0.17290131692891766,-0.2834457298969049,-0.27000619825027306,0.11303157325425757,0.08331821622016464,-0.3425925925925926,0.0
mistral,normal,education,college and more,20.0,486,-0.16955621233286902,-0.17100884726664636,-0.28282392083824154,-0.26893467324460063,0.11326770850537254,0.08459927178129728,-0.3405349794238683,0.0
mistral,normal,socioeco,low,0.0,486,0.0,0.0,0.0,0.0,0.0,0.0,0.0,0.0
mistral,normal,socioeco,low,2.0,486,-0.3520709672166889,-0.3469863765729194,-0.27705314375301077,-0.2731648703612711,-0.07501782346367804,-0.0373968074488738,0.2294238683127572,0.0
mistral,normal,socioeco,low,4.0,486,-0.33361432368743255,-0.2957224426273647,-0.25415400631741114,-0.23497476496465614,-0.07946031737002139,-0.05780533173355526,0.22530864197530864,0.0
mistral,normal,socioeco,low,6.0,486,-0.3168250865198732,-0.2611161215396288,-0.23667589502681713,-0.21179206346699772,-0.080149191493056,-0.06130859186717946,0.24794238683127573,0.0
mistral,normal,socioeco,low,8.0,486,-0.30637852475773375,-0.25017958384564276,-0.22637443146018416,-0.19956988989407612,-0.08000409329754951,-0.06276700704844168,0.24794238683127573,0.0
mistral,normal,socioeco,low,10.0,486,-0.3002181612283872,-0.24281143453004483,-0.21997859702147132,-0.19139109211152783,-0.0802395642069159,-0.06501469999999998,0.24382716049382716,0.0
mistral,normal,socioeco,low,12.0,486,-0.29599208372114927,-0.23534935860476508,-0.21567512365725316,-0.1856183751405567,-0.08031696006389612,-0.06523417000000006,0.24794238683127573,0.0
mistral,normal,socioeco,low,14.0,486,-0.29252032696919955,-0.23317103316943194,-0.2123160845050778,-0.18166508991730912,-0.08020424246412175,-0.06364540031581359,0.25,0.0
mistral,normal,socioeco,low,16.0,486,-0.2892019397103681,-0.23027976272882816,-0.2093232003605497,-0.17904456694334425,-0.07987873934981841,-0.06584540645679482,0.25823045267489714,0.0
mistral,normal,socioeco,low,18.0,486,-0.2873183165066573,-0.22878063169114282,-0.20739295909757532,-0.17444068546439817,-0.079925357409082,-0.0639432447090739,0.25617283950617287,0.0
mistral,normal,socioeco,low,20.0,486,-0.2857677263790396,-0.22664230884289613,-0.2058044713609364,-0.17143425857720196,-0.07996325501810315,-0.06640492507872617,0.25617283950617287,0.0
mistral,normal,socioeco,high,0.0,486,0.0,0.0,0.0,0.0,0.0,0.0,0.0,0.0
mistral,normal,socioeco,high,2.0,486,-0.2712169789380624,-0.26648451588584915,-0.34514332162466477,-0.34733140644813754,0.07392634268660239,0.03570016184853568,-0.22530864197530864,0.0
mistral,normal,socioeco,high,4.0,486,-0.24780017398299434,-0.22812065879687354,-0.31715045578971846,-0.28668786956090186,0.0693502818067241,0.05131916329367342,-0.22530864197530864,0.0
mistral,normal,socioeco,high,6.0,486,-0.2165058729432533,-0.18951256725462126,-0.2830365454924794,-0.2459168791489919,0.06653067254922612,0.053822009670668775,-0.23148148148148148,0.0
mistral,normal,socioeco,high,8.0,486,-0.19835289531043368,-0.17408340940095512,-0.26337663684312845,-0.22332429341632304,0.06502374153269484,0.05609405008197427,-0.23353909465020575,0.0
mistral,normal,socioeco,high,10.0,486,-0.18730878829456155,-0.16209795135822264,-0.25160783377813534,-0.20885340275823183,0.06429904548357379,0.05546852960599605,-0.2294238683127572,0.0
mistral,normal,socioeco,high,12.0,486,-0.18071490713533897,-0.1555263925708599,-0.24445720569290696,-0.2041614936744975,0.06374229855756793,0.05609405008197424,-0.2294238683127572,0.0
mistral,normal,socioeco,high,14.0,486,-0.17541327927835662,-0.15092552076886134,-0.23881100511513365,-0.19882745001027108,0.06339772583677701,0.05488301886974878,-0.2273662551440329,0.0
mistral,normal,socioeco,high,16.0,486,-0.17240002696905682,-0.14965115078298039,-0.23556810100434503,-0.19591580840952913,0.06316807403528821,0.05409765512155518,-0.2273662551440329,0.0
mistral,normal,socioeco,high,18.0,486,-0.16968213425790182,-0.14376978547651534,-0.23254489068097578,-0.19295828042479438,0.06286275642307398,0.05453320000000039,-0.22530864197530864,0.0
mistral,normal,socioeco,high,20.0,486,-0.167153055629238,-0.14201526599150038,-0.22988783641499871,-0.19007836051804572,0.06273478078576072,0.0538220096706688,-0.22325102880658437,0.0
mistral,contrastive,gender,male,0.0,484,0.0,0.0,0.0,0.0,0.0,0.0,0.0,0.0
mistral,contrastive,gender,male,2.0,484,-0.3432039550700208,-0.3144617519059474,-0.28095278924912925,-0.2700140242801866,-0.06225116582089156,-0.017681544835327356,0.1797520661157025,0.0
mistral,contrastive,gender,male,4.0,484,-0.31548349222893457,-0.2827534791964984,-0.2443277995425557,-0.21635846161339178,-0.07115569268637888,-0.02462468597265205,0.21694214876033058,0.0
mistral,contrastive,gender,male,6.0,484,-0.3043746666127118,-0.27369673935125993,-0.2321592704194985,-0.20082392213528977,-0.07221539619321327,-0.026903453345709982,0.22520661157024793,0.0
mistral,contrastive,gender,male,8.0,484,-0.29853060347946925,-0.27297610350604895,-0.22547688853911738,-0.19721930218985884,-0.07305371494035193,-0.027699974999999988,0.22727272727272727,0.0
mistral,contrastive,gender,male,10.0,484,-0.2953605940513049,-0.26457620366429907,-0.22218900990798005,-0.19164444184900553,-0.07317158414332488,-0.027699975000000016,0.22933884297520662,0.0
mistral,contrastive,gender,male,12.0,484,-0.2928190937878287,-0.26010905039563437,-0.21948103229936838,-0.19055749718512058,-0.07333806148846024,-0.027699974999999988,0.22933884297520662,0.0
mistral,contrastive,gender,male,14.0,484,-0.29140380638120567,-0.2583341881602812,-0.21791367960826843,-0.18922123963020357,-0.07349012677293722,-0.027699974999999988,0.22727272727272727,0.0
mistral,contrastive,gender,male,16.0,484,-0.2900998192367664,-0.2572003213672276,-0.21652566672216061,-0.1889200794580616,-0.0735741525146058,-0.028004294831920185,0.22727272727272727,0.0
mistral,contrastive,gender,male,18.0,484,-0.2887316834581318,-0.25854565753560466,-0.21512403276245454,-0.18794983631965162,-0.07360765069567729,-0.028443915000000014,0.22933884297520662,0.0
mistral,contrastive,gender,male,20.0,484,-0.28813343265227215,-0.257904924045908,-0.214536644206897,-0.18510234293762834,-0.07359678844537514,-0.0297498329990408,0.23140495867768596,0.0
mistral,contrastive,gender,female,0.0,484,0.0,0.0,0.0,0.0,0.0,0.0,0.0,0.0
mistral,contrastive,gender,female,2.0,484,-0.10921208538937777,-0.07917265318988949,-0.17856551611129598,-0.1622183369230035,0.06935343072191824,0.038652127115974655,-0.20454545454545456,0.0
mistral,contrastive,gender,female,4.0,484,-0.07649487698861593,-0.056590735085111143,-0.14954669085999603,-0.1454233899951427,0.07305181387138007,0.040010653580845545,-0.23140495867768596,0.0
mistral,contrastive,gender,female,6.0,484,-0.06752917338502322,-0.05054653412922405,-0.14169020671389732,-0.14110719889810827,0.07416103332887411,0.04130410693082781,-0.2334710743801653,0.0
mistral,contrastive,gender,female,8.0,484,-0.062400588394719306,-0.04745341623204076,-0.1368555563580713,-0.12826065001491782,0.07445496796335199,0.04130410693082784,-0.2334710743801653,0.0
mistral,contrastive,gender,female,10.0,484,-0.06039023429220213,-0.046648079275372206,-0.13512320512052797,-0.12827678592027936,0.07473297082832583,0.04130410693082784,-0.2334710743801653,0.0
mistral,contrastive,gender,female,12.0,484,-0.05898257609712077,-0.046707654227661266,-0.133814352698714,-0.12475784565709434,0.07483177660159321,0.04130410693082784,-0.23140495867768596,0.0
mistral,contrastive,gender,female,14.0,484,-0.057645573552562904,-0.047845963879622214,-0.13260212169571356,-0.12645018639319483,0.07495654814315061,0.04130410693082781,-0.22933884297520662,0.0
mistral,contrastive,gender,female,16.0,484,-0.05697534980072734,-0.04430582818188766,-0.13203504760248438,-0.1258878820759219,0.07505969780175703,0.04130410693082784,-0.22933884297520662,0.0
mistral,contrastive,gender,female,18.0,484,-0.055421181535925186,-0.045791735654494375,-0.13051419669445322,-0.12407978217012777,0.07509301515852804,0.04130410693082784,-0.22933884297520662,0.0
mistral,contrastive,gender,female,20.0,484,-0.0555660627456754,-0.044271587304191506,-0.13077167724527222,-0.12357144477614504,0.07520561449959681,0.04130410693082784,-0.22933884297520662,0.0
mistral,contrastive,age,adult,0.0,482,0.0,0.0,0.0,0.0,0.0,0.0,0.0,0.0
mistral,contrastive,age,adult,2.0,482,-0.2809683729459369,-0.23718461034092814,-0.25443867353309496,-0.20938991097046758,-0.026529699412841952,-0.01190148855919905,0.10995850622406639,0.0
mistral,contrastive,age,adult,4.0,482,-0.21029288725002174,-0.18316275049500388,-0.1962851872835581,-0.17463232950392307,-0.014007699966463623,-0.009437516012529235,0.06016597510373444,0.0
mistral,contrastive,age,adult,6.0,482,-0.17758788596578498,-0.15071266981458978,-0.16874863920254105,-0.15290767677358064,-0.008839246763243908,-0.007701503770940005,0.04771784232365145,0.0
mistral,contrastive,age,adult,8.0,482,-0.16123680429207396,-0.13499631513364285,-0.15447131756989824,-0.1356494361445324,-0.006765486722175756,-0.005684867605693644,0.043568464730290454,0.0
mistral,contrastive,age,adult,10.0,482,-0.1526880023173988,-0.12693960423574704,-0.14702584717039088,-0.13197412053011934,-0.005662155147007925,-0.006740803824903122,0.043568464730290454,0.0
mistral,contrastive,age,adult,12.0,482,-0.14546040577464284,-0.1198231597320723,-0.14038557474599717,-0.12687212341818696,-0.005074831028645663,-0.008873949571074458,0.04149377593360996,0.0
mistral,contrastive,age,adult,14.0,482,-0.14291352548412237,-0.12124695534693627,-0.13819997863058525,-0.12118117826630784,-0.004713546853537121,-0.008873949571074527,0.03734439834024896,0.0
mistral,contrastive,age,adult,16.0,482,-0.13877003869188817,-0.1175078499494469,-0.13435946114122746,-0.11893394403659285,-0.004410577550660732,-0.008873949571074555,0.035269709543568464,0.0
mistral,contrastive,age,adult,18.0,482,-0.13608497623490912,-0.11910216985768718,-0.13184467103278302,-0.11381274087138216,-0.004240305202126097,-0.00887394957107454,0.03319502074688797,0.0
mistral,contrastive,age,adult,20.0,482,-0.13347715980660693,-0.11797988190039546,-0.12958031598154024,-0.11229643290330577,-0.0038968438250666913,-0.009050867208188013,0.029045643153526972,0.0
mistral,contrastive,age,older_adult,0.0,482,0.0,0.0,0.0,0.0,0.0,0.0,0.0,0.0
mistral,contrastive,age,older_adult,2.0,482,-0.2613881729306316,-0.26674329006308584,-0.2942080823603087,-0.3000438810903435,0.03281990942967706,0.0029504103038402313,-0.07883817427385892,0.0
mistral,contrastive,age,older_adult,4.0,482,-0.24070419251735026,-0.24099481387837626,-0.2698347569868379,-0.2827937867354762,0.02913056446948766,0.0018959004419116937,-0.06846473029045644,0.0
mistral,contrastive,age,older_adult,6.0,482,-0.23437785998672267,-0.2416803953792937,-0.2625746160481197,-0.28147311440912315,0.028196756061397075,0.0033234899999998596,-0.06846473029045644,0.0
mistral,contrastive,age,older_adult,8.0,482,-0.23214160279812268,-0.2397343140704515,-0.2602453278123506,-0.28131864036102905,0.028103725014227914,0.00411825997628977,-0.06224066390041494,0.0
mistral,contrastive,age,older_adult,10.0,482,-0.23009400698770957,-0.23536717199853005,-0.2579232197192484,-0.2820162760582381,0.02782921273153883,0.005819039760406333,-0.058091286307053944,0.0
mistral,contrastive,age,older_adult,12.0,482,-0.2285529166198084,-0.23302644822136756,-0.25628357904246674,-0.28165470361296907,0.02773066242265834,0.005698987263570862,-0.058091286307053944,0.0
mistral,contrastive,age,older_adult,14.0,482,-0.22830584537502147,-0.23227942724637402,-0.2559706302714809,-0.27899285547657504,0.027664784896459464,0.006435875693525564,-0.056016597510373446,0.0
mistral,contrastive,age,older_adult,16.0,482,-0.22729155105742593,-0.23322288156669643,-0.2547097034372568,-0.27764427816496196,0.02741815237983085,0.005647938824903151,-0.05186721991701245,0.0
mistral,contrastive,age,older_adult,18.0,482,-0.22712082701402522,-0.2318381887608295,-0.2545922209941661,-0.2783808178857,0.02747139398014085,0.007009834603590642,-0.05394190871369295,0.0
mistral,contrastive,age,older_adult,20.0,482,-0.2265092809502905,-0.23109778337825565,-0.2539258242267098,-0.27498076366359986,0.027416543276419302,0.007019351990521186,-0.05186721991701245,0.0
mistral,contrastive,education,some schooling,0.0,486,0.0,0.0,0.0,0.0,0.0,0.0,0.0,0.0
mistral,contrastive,education,some schooling,2.0,486,-0.2907803643708518,-0.29429254099502156,-0.209001567667834,-0.1794806437215833,-0.08177879670301777,-0.053164525660631914,0.17695473251028807,0.0
mistral,contrastive,education,some schooling,4.0,486,-0.29613919634948244,-0.28755567549666694,-0.21075208761495637,-0.175744896109984,-0.08538710873452607,-0.05686329371096391,0.19547325102880658,0.0
mistral,contrastive,education,some schooling,6.0,486,-0.29440700959295263,-0.28577020634085415,-0.20863829810067053,-0.17050177644001763,-0.08576871149228207,-0.05940811060082404,0.205761316872428,0.0
mistral,contrastive,education,some schooling,8.0,486,-0.2942493015247495,-0.2746842612797392,-0.20892926156309413,-0.16998038604530352,-0.08532003996165537,-0.05940811060082404,0.2037037037037037,0.0
mistral,contrastive,education,some schooling,10.0,486,-0.293652544231128,-0.27577217056475684,-0.20831736587087815,-0.1713078085860371,-0.08533517836024991,-0.05940811060082404,0.20987654320987653,0.0
mistral,contrastive,education,some schooling,12.0,486,-0.29238567137370297,-0.2705443684772874,-0.20712364597498853,-0.1700809526418131,-0.08526202539871448,-0.05944247774606473,0.20781893004115226,0.0
mistral,contrastive,education,some schooling,14.0,486,-0.2928840831396735,-0.26983223354856867,-0.20747836286516189,-0.1672226180764919,-0.08540572027451161,-0.060551770460122056,0.20164609053497942,0.0
mistral,contrastive,education,some schooling,16.0,486,-0.29358270456372193,-0.2688273398610346,-0.20848168780341636,-0.1757247728548929,-0.0851010167603056,-0.06055177046012203,0.19958847736625515,0.0
mistral,contrastive,education,some schooling,18.0,486,-0.29171607779206543,-0.2666872130214106,-0.20653856813768923,-0.17019351125782842,-0.08517750965437625,-0.06055177046012211,0.20164609053497942,0.0
mistral,contrastive,education,some schooling,20.0,486,-0.2929702512187677,-0.2695883857412883,-0.20768043007533307,-0.17286159018644046,-0.08528982114343464,-0.060551770460122,0.20164609053497942,0.0
mistral,contrastive,education,high school,0.0,486,0.0,0.0,0.0,0.0,0.0,0.0,0.0,0.0
mistral,contrastive,education,high school,2.0,486,-0.08174537917068367,-0.06691946380284458,-0.034610367225999875,-0.03097297034275015,-0.04713501194468379,-0.018383454999999882,0.13991769547325103,0.0
mistral,contrastive,education,high school,4.0,486,-0.014487752643506184,-0.02438540691377518,0.03231217834590939,0.013226049282109797,-0.04679993098941556,-0.018066567500000005,0.13168724279835392,0.0
mistral,contrastive,education,high school,6.0,486,0.007136629096525308,-0.009667214517583622,0.053864655984694705,0.028627588185821673,-0.0467280268881694,-0.018383454999999882,0.13580246913580246,0.0
mistral,contrastive,education,high school,8.0,486,0.01699503093875827,-0.0048709368576331236,0.06365269066503056,0.03272503245527951,-0.04665765972627229,-0.018383454999999882,0.13580246913580246,0.0
mistral,contrastive,education,high school,10.0,486,0.022794666299080696,-0.002838584550597878,0.06939980051274873,0.040378615351218505,-0.04660513421366804,-0.01849699324480769,0.13786008230452676,0.0
mistral,contrastive,education,high school,12.0,486,0.026569049538424677,0.0006679670972152829,0.07318285640032747,0.0442863679777889,-0.04661380686190279,-0.018571910000000247,0.13580246913580246,0.0
mistral,contrastive,education,high school,14.0,486,0.028236797260274893,0.0012409155261970395,0.07479600973160046,0.046439570697958926,-0.046559212471325565,-0.018524186885620464,0.13580246913580246,0.0
mistral,contrastive,education,high school,16.0,486,0.03228161565206438,0.005067194665091049,0.07885311253870138,0.050267556667256824,-0.046571496886637004,-0.018383454999999882,0.13580246913580246,0.0
mistral,contrastive,education,high school,18.0,486,0.03296688424659619,0.00510264638140448,0.07952402299790644,0.04968858668318263,-0.046557138751310255,-0.018383454999999882,0.13580246913580246,0.0
mistral,contrastive,education,high school,20.0,486,0.03472772783590725,0.006322805503574544,0.08125295052304858,0.04986372425136508,-0.04652522268714134,-0.018383454999999993,0.13991769547325103,0.0
mistral,contrastive,education,college and more,0.0,486,0.0,0.0,0.0,0.0,0.0,0.0,0.0,0.0
mistral,contrastive,education,college and more,2.0,486,-0.215982712598276,-0.21470072401096563,-0.3182860796489969,-0.3081574441151568,0.10230336705072088,0.06529119036406292,-0.30761316872427985,0.0
mistral,contrastive,education,college and more,4.0,486,-0.19652959922335705,-0.18205857210850568,-0.3070153781194974,-0.29551921084155297,0.11048577889614036,0.07607746878300756,-0.31790123456790126,0.0
mistral,contrastive,education,college and more,6.0,486,-0.18903866303568104,-0.17846951584326531,-0.301783882448256,-0.2888693867659398,0.11274521941257495,0.08119624000000011,-0.32613168724279834,0.0
mistral,contrastive,education,college and more,8.0,486,-0.18581980957079378,-0.17211624475328444,-0.29990398603450097,-0.28946918875597805,0.11408417646370717,0.08282721430106033,-0.33024691358024694,0.0
mistral,contrastive,education,college and more,10.0,486,-0.1827811153728087,-0.17180590948915817,-0.29739891222946324,-0.28783161898858145,0.11461779685665457,0.08362431861436312,-0.3343621399176955,0.0
mistral,contrastive,education,college and more,12.0,486,-0.18109712454922283,-0.1690563820272534,-0.2961789578455042,-0.28656110096377146,0.11508183329628133,0.08377353366208531,-0.33641975308641975,0.0
mistral,contrastive,education,college and more,14.0,486,-0.18004845575432968,-0.16797208183946188,-0.2956180075191753,-0.2870453657495951,0.11556955176484553,0.08552688515215562,-0.3425925925925926,0.0
mistral,contrastive,education,college and more,16.0,486,-0.17982713399498376,-0.1684595795611244,-0.29559199240190503,-0.28939674217427547,0.11576485840692123,0.08539541608412723,-0.3446502057613169,0.0
mistral,contrastive,education,college and more,18.0,486,-0.17898303279042257,-0.16823281277853439,-0.2949333329520561,-0.2886024913011856,0.11595030016163346,0.08353741338612569,-0.3425925925925926,0.0
mistral,contrastive,education,college and more,20.0,486,-0.1782115058961727,-0.16779032286584986,-0.2943303594126455,-0.28879469133896674,0.11611885351647275,0.08475082098022674,-0.3446502057613169,0.0
mistral,contrastive,socioeco,low,0.0,486,0.0,0.0,0.0,0.0,0.0,0.0,0.0,0.0
mistral,contrastive,socioeco,low,2.0,486,-0.3263605176126705,-0.28851269040471,-0.25372184694587724,-0.2199161275571035,-0.07263867066679328,-0.04511721724641832,0.2191358024691358,0.0
mistral,contrastive,socioeco,low,4.0,486,-0.2905298359871876,-0.23526638114459383,-0.21748191184658622,-0.17193740587032935,-0.07304792414060145,-0.052335089624736486,0.23148148148148148,0.0
mistral,contrastive,socioeco,low,6.0,486,-0.27655280227673296,-0.21784685676419102,-0.2033646703418002,-0.1515707274870048,-0.07318813193493279,-0.05267146232114492,0.2294238683127572,0.0
mistral,contrastive,socioeco,low,8.0,486,-0.26833481388264424,-0.21043699208673383,-0.19498477890232074,-0.14887464389811575,-0.0733500349803235,-0.053500544057762695,0.23765432098765432,0.0
mistral,contrastive,socioeco,low,10.0,486,-0.2631215945293237,-0.2091289244786415,-0.18974018559317782,-0.13763223122461085,-0.07338140893614586,-0.053086003217696465,0.24382716049382716,0.0
mistral,contrastive,socioeco,low,12.0,486,-0.26059727607841376,-0.2064404818505171,-0.18711773958339337,-0.1354440293310395,-0.07347953649502043,-0.05382200967066891,0.24382716049382716,0.0
mistral,contrastive,socioeco,low,14.0,486,-0.2577415100081624,-0.20617081142855018,-0.18415797656193886,-0.1330518978443,-0.07358353344622358,-0.05396711148635722,0.24382716049382716,0.0
mistral,contrastive,socioeco,low,16.0,486,-0.25521369722971193,-0.20238294711643645,-0.1820179403187575,-0.12959883003127115,-0.07319575691095444,-0.05382200967066891,0.24588477366255143,0.0
mistral,contrastive,socioeco,low,18.0,486,-0.2535185091623541,-0.20092117633822038,-0.18019225006602368,-0.1293140470510777,-0.0733262590963304,-0.053717856432262096,0.2397119341563786,0.0
mistral,contrastive,socioeco,low,20.0,486,-0.252145323165817,-0.19868218496967122,-0.17877973835672215,-0.13069408365655205,-0.07336558480909489,-0.05315135750843314,0.2397119341563786,0.0
mistral,contrastive,socioeco,high,0.0,486,0.0,0.0,0.0,0.0,0.0,0.0,0.0,0.0
mistral,contrastive,socioeco,high,2.0,486,-0.2580958136546989,-0.22715665209772407,-0.32333330008711697,-0.28392238166094597,0.06523748643241803,0.040398543080834404,-0.19855967078189302,0.0
mistral,contrastive,socioeco,high,4.0,486,-0.19877161824448003,-0.17138096937075106,-0.25945991081717223,-0.21433892931398602,0.06068829257269224,0.04979312591578347,-0.22119341563786007,0.0
mistral,contrastive,socioeco,high,6.0,486,-0.17543291267689082,-0.15257615951523057,-0.23507538857310442,-0.18964884830011067,0.05964247589621366,0.04746623261819083,-0.22325102880658437,0.0
mistral,contrastive,socioeco,high,8.0,486,-0.1628458998009068,-0.1469671999627632,-0.22163643635804425,-0.18422529804483045,0.05879053655713746,0.047632122267836224,-0.2191358024691358,0.0
mistral,contrastive,socioeco,high,10.0,486,-0.1569013649749437,-0.14062222161284965,-0.21521349507083506,-0.17867620309785892,0.05831213009589137,0.04864210999999999,-0.2109053497942387,0.0
mistral,contrastive,socioeco,high,12.0,486,-0.15288530234831516,-0.13336587454976878,-0.21096125463430151,-0.1799302148644993,0.05807595228598631,0.04688750999999996,-0.2088477366255144,0.0
mistral,contrastive,socioeco,high,14.0,486,-0.15088366466648312,-0.13250787055968155,-0.20914748580394718,-0.17609456843473015,0.05826382113746407,0.04778956999999992,-0.2109053497942387,0.0
mistral,contrastive,socioeco,high,16.0,486,-0.14737786606622966,-0.129088655737495,-0.20505211879728003,-0.17538850971743852,0.05767425273105036,0.04864210999999999,-0.2088477366255144,0.0
mistral,contrastive,socioeco,high,18.0,486,-0.14545113476874819,-0.1261510650033198,-0.20311467624323587,-0.17425026090975254,0.05766354147448766,0.0486421100000001,-0.2088477366255144,0.0
mistral,contrastive,socioeco,high,20.0,486,-0.14462551881087357,-0.125023353929906,-0.20221266746292965,-0.17500398736676118,0.05758714865205611,0.048642109999999905,-0.2088477366255144,0.0
