qkey,class_label,wasserstein,regime,neutral_wasserstein,delta_vs_neutral
CARRYGUN_W26,male,0.6352443321485836,Neutral (N=0),0.6352443321485836,0.0
CARRYGUN_W26,female,0.514781611222108,Neutral (N=0),0.514781611222108,0.0
GROWUPGUN2A_W26,male,0.06505204049465962,Neutral (N=0),0.06505204049465962,0.0
GROWUPGUN2A_W26,female,0.09151012049465967,Neutral (N=0),0.09151012049465967,0.0
GROWUPGUN2B_W26,male,0.22983998932083316,Neutral (N=0),0.22983998932083316,0.0
GROWUPGUN2B_W26,female,0.29967354932083323,Neutral (N=0),0.29967354932083323,0.0
GROWUPGUN2C_W26,male,0.39828230606788084,Neutral (N=0),0.39828230606788084,0.0
GROWUPGUN2C_W26,female,0.5239607960678808,Neutral (N=0),0.5239607960678808,0.0
GROWUPGUN4_W26,male,0.6923866515464225,Neutral (N=0),0.6923866515464225,0.0
GROWUPGUN4_W26,female,0.6725706915464226,Neutral (N=0),0.6725706915464226,0.0
GROWUPGUN6_W26,male,0.9625836391886997,Neutral (N=0),0.9625836391886997,0.0
GROWUPGUN6_W26,female,0.5523421291257267,Neutral (N=0),0.5523421291257267,0.0
GROWUPGUN7_W26,male,1.1728528032886918,Neutral (N=0),1.1728528032886918,0.0
GROWUPGUN7_W26,female,0.37802060359160805,Neutral (N=0),0.37802060359160805,0.0
GROWUPVIOL_W26,male,0.5627268990992969,Neutral (N=0),0.5627268990992969,0.0
GROWUPVIOL_W26,female,0.6679797690992968,Neutral (N=0),0.6679797690992968,0.0
GUNACCESS_W26,male,0.8129541776509535,Neutral (N=0),0.8129541776509535,0.0
GUNACCESS_W26,female,0.5444751949365942,Neutral (N=0),0.5444751949365942,0.0
GUNACTIVITYA_W26,male,1.0585996993804045,Neutral (N=0),1.0585996993804045,0.0
GUNACTIVITYA_W26,female,1.4637214893804047,Neutral (N=0),1.4637214893804047,0.0
GUNACTIVITYB_W26,male,0.5920836731558441,Neutral (N=0),0.5920836731558441,0.0
GUNACTIVITYB_W26,female,0.3965520460344795,Neutral (N=0),0.3965520460344795,0.0
GUNCONTRIBA_W26,male,0.9558946803306014,Neutral (N=0),0.9558946803306014,0.0
GUNCONTRIBA_W26,female,0.6254407826207984,Neutral (N=0),0.6254407826207984,0.0
GUNCONTRIBC_W26,male,0.8298523870507324,Neutral (N=0),0.8298523870507324,0.0
GUNCONTRIBC_W26,female,0.5921572978570506,Neutral (N=0),0.5921572978570506,0.0
GUNCONTRIBE_W26,male,0.3217055973772885,Neutral (N=0),0.3217055973772885,0.0
GUNCONTRIBE_W26,female,0.4441519761068218,Neutral (N=0),0.4441519761068218,0.0
GUNCONTRIBF_W26,male,0.7554263424457367,Neutral (N=0),0.7554263424457367,0.0
GUNCONTRIBF_W26,female,0.5805968311687157,Neutral (N=0),0.5805968311687157,0.0
GUNFRIEND_W26,male,1.2253966235645217,Neutral (N=0),1.2253966235645217,0.0
GUNFRIEND_W26,female,1.0308374635645219,Neutral (N=0),1.0308374635645219,0.0
GUNIDENTITY_W26,male,1.1854432799999999,Neutral (N=0),1.1854432799999999,0.0
GUNIDENTITY_W26,female,1.15334606,Neutral (N=0),1.15334606,0.0
GUNLOADED1_W26,male,0.3183665148126016,Neutral (N=0),0.3183665148126016,0.0
GUNLOADED1_W26,female,0.30928262000000006,Neutral (N=0),0.30928262000000006,0.0
GUNLOADED2_W26,male,0.5271194614884963,Neutral (N=0),0.5271194614884963,0.0
GUNLOADED2_W26,female,0.5191832314884963,Neutral (N=0),0.5191832314884963,0.0
GUNLOCKED1_W26,male,0.16512952942827785,Neutral (N=0),0.16512952942827785,0.0
GUNLOCKED1_W26,female,0.26803790000000005,Neutral (N=0),0.26803790000000005,0.0
GUNLOCKED2_W26,male,0.3315275148293963,Neutral (N=0),0.3315275148293963,0.0
GUNLOCKED2_W26,female,0.3242147248293963,Neutral (N=0),0.3242147248293963,0.0
GUNRESPKIDSD_W26,male,1.2819158267510027,Neutral (N=0),1.2819158267510027,0.0
GUNRESPKIDSD_W26,female,1.300588563005886,Neutral (N=0),1.300588563005886,0.0
GUNRESPKIDSE_W26,male,0.88936477239952,Neutral (N=0),0.88936477239952,0.0
GUNRESPKIDSE_W26,female,0.4882611796816514,Neutral (N=0),0.4882611796816514,0.0
GUNRESPNOKIDSA_W26,male,0.374309708305958,Neutral (N=0),0.374309708305958,0.0
GUNRESPNOKIDSA_W26,female,0.33596742315353756,Neutral (N=0),0.33596742315353756,0.0
GUNRESPNOKIDSB_W26,male,0.2026761316211017,Neutral (N=0),0.2026761316211017,0.0
GUNRESPNOKIDSB_W26,female,0.22944868364540505,Neutral (N=0),0.22944868364540505,0.0
GUNRESPNOKIDSC_W26,male,0.44215672906710424,Neutral (N=0),0.44215672906710424,0.0
GUNRESPNOKIDSC_W26,female,0.5467723954677237,Neutral (N=0),0.5467723954677237,0.0
GUNRESPNOKIDSD_W26,male,0.4857087130824359,Neutral (N=0),0.4857087130824359,0.0
GUNRESPNOKIDSD_W26,female,0.4225722764506976,Neutral (N=0),0.4225722764506976,0.0
GUNRESPNOKIDSE_W26,male,0.1275664411633095,Neutral (N=0),0.1275664411633095,0.0
GUNRESPNOKIDSE_W26,female,0.3321955166326389,Neutral (N=0),0.3321955166326389,0.0
GUNRESPNOKIDSF_W26,male,0.4597654491839034,Neutral (N=0),0.4597654491839034,0.0
GUNRESPNOKIDSF_W26,female,0.23532797733574062,Neutral (N=0),0.23532797733574062,0.0
GUNSAFETYKIDS_W26,male,0.10867505358642635,Neutral (N=0),0.10867505358642635,0.0
GUNSAFETYKIDS_W26,female,0.1720541285864263,Neutral (N=0),0.1720541285864263,0.0
GUNSAFE_W26,male,0.019813011703225636,Neutral (N=0),0.019813011703225636,0.0
GUNSAFE_W26,female,0.03870076829677438,Neutral (N=0),0.03870076829677438,0.0
GUNTYPEOWNC_W26,male,0.7570073707030065,Neutral (N=0),0.7570073707030065,0.0
GUNTYPEOWNC_W26,female,1.0999524707030064,Neutral (N=0),1.0999524707030064,0.0
NOCARRYGUN_W26,male,0.37110889999999996,Neutral (N=0),0.37110889999999996,0.0
NOCARRYGUN_W26,female,0.29785216999999997,Neutral (N=0),0.29785216999999997,0.0
REASONGUNA_W26,male,1.1455050485449494,Neutral (N=0),1.1455050485449494,0.0
REASONGUNA_W26,female,1.1984022043712683,Neutral (N=0),1.1984022043712683,0.0
REASONGUNB_W26,male,0.8897650432173028,Neutral (N=0),0.8897650432173028,0.0
REASONGUNB_W26,female,0.5849106641508934,Neutral (N=0),0.5849106641508934,0.0
REASONGUNC_W26,male,0.9263513040686612,Neutral (N=0),0.9263513040686612,0.0
REASONGUNC_W26,female,0.639880312226047,Neutral (N=0),0.639880312226047,0.0
REASONGUND_W26,male,0.27269692077132834,Neutral (N=0),0.27269692077132834,0.0
REASONGUND_W26,female,0.21294180077132835,Neutral (N=0),0.21294180077132835,0.0
REASONGUNE_W26,male,0.26710460185346796,Neutral (N=0),0.26710460185346796,0.0
REASONGUNE_W26,female,0.276351811853468,Neutral (N=0),0.276351811853468,0.0
SHOOTFREQ_W26,male,0.8568094700000002,Neutral (N=0),0.8568094700000002,0.0
SHOOTFREQ_W26,female,0.5499109099999999,Neutral (N=0),0.5499109099999999,0.0
WORRYB_W26,male,0.1740146939365154,Neutral (N=0),0.1740146939365154,0.0
WORRYB_W26,female,0.3422626449137286,Neutral (N=0),0.3422626449137286,0.0
WORRYD_W26,male,0.26280814211574266,Neutral (N=0),0.26280814211574266,0.0
WORRYD_W26,female,0.1299839721157427,Neutral (N=0),0.1299839721157427,0.0
WORRYE_W26,male,0.28443384267769406,Neutral (N=0),0.28443384267769406,0.0
WORRYE_W26,female,0.3210353325645773,Neutral (N=0),0.3210353325645773,0.0
WORRYF_W26,male,0.1326135164066497,Neutral (N=0),0.1326135164066497,0.0
WORRYF_W26,female,0.2332662055331648,Neutral (N=0),0.2332662055331648,0.0
BOYSF1B_W29,male,0.28630486982753367,Neutral (N=0),0.28630486982753367,0.0
BOYSF1B_W29,female,0.39059688482753363,Neutral (N=0),0.39059688482753363,0.0
FAVORS_CPS_W29,male,0.8843795393067612,Neutral (N=0),0.8843795393067612,0.0
FAVORS_CPS_W29,female,1.03588115123667,Neutral (N=0),1.03588115123667,0.0
FEM2_W29,female,1.5514268479467481,Neutral (N=0),1.5514268479467481,0.0
GIRLSF2C_W29,male,0.32704036,Neutral (N=0),0.32704036,0.0
GIRLSF2C_W29,female,0.3786161375814388,Neutral (N=0),0.3786161375814388,0.0
GIRLSF2D_W29,male,0.3093124766789123,Neutral (N=0),0.3093124766789123,0.0
GIRLSF2D_W29,female,0.36462663366463477,Neutral (N=0),0.36462663366463477,0.0
GOPDIRCT_W29,male,0.6865051285599693,Neutral (N=0),0.6865051285599693,0.0
GOPDIRCT_W29,female,0.8293337444787305,Neutral (N=0),0.8293337444787305,0.0
HOOD_NHISB_W29,male,1.7471422506218355,Neutral (N=0),1.7471422506218355,0.0
HOOD_NHISB_W29,female,1.6749380806218357,Neutral (N=0),1.6749380806218357,0.0
LOCALELECT_W29,male,1.0530839128804086,Neutral (N=0),1.0530839128804086,0.0
LOCALELECT_W29,female,0.9291449028804084,Neutral (N=0),0.9291449028804084,0.0
MAN1A_W29,male,0.5319068439676139,Neutral (N=0),0.5319068439676139,0.0
MAN1A_W29,female,1.2937150088114502,Neutral (N=0),1.2937150088114502,0.0
MAN1B_W29,male,0.33666898103128234,Neutral (N=0),0.33666898103128234,0.0
MAN1B_W29,female,0.9598164512055064,Neutral (N=0),0.9598164512055064,0.0
MAN1C_W29,male,0.6358293980061533,Neutral (N=0),0.6358293980061533,0.0
MAN1C_W29,female,1.2756988080061533,Neutral (N=0),1.2756988080061533,0.0
MAN1D_W29,male,0.6881621522097698,Neutral (N=0),0.6881621522097698,0.0
MAN1D_W29,female,0.9091391418172172,Neutral (N=0),0.9091391418172172,0.0
MAN1E_W29,male,0.5883599463632798,Neutral (N=0),0.5883599463632798,0.0
MAN1E_W29,female,1.0332810163632797,Neutral (N=0),1.0332810163632797,0.0
MASC2_W29,male,1.4614364709041956,Neutral (N=0),1.4614364709041956,0.0
MASC2_W29,female,0.6855084705652541,Neutral (N=0),0.6855084705652541,0.0
S12_W29,male,1.3042694636701377,Neutral (N=0),1.3042694636701377,0.0
S12_W29,female,1.3716933036701375,Neutral (N=0),1.3716933036701375,0.0
S13_W29,male,1.9049369783381054,Neutral (N=0),1.9049369783381054,0.0
S13_W29,female,2.1129376762580985,Neutral (N=0),2.1129376762580985,0.0
SEENFEM_W29,female,0.8090918899152008,Neutral (N=0),0.8090918899152008,0.0
SEENMASC_W29,male,0.49808964605455786,Neutral (N=0),0.49808964605455786,0.0
SEENMASC_W29,female,0.8675576333778816,Neutral (N=0),0.8675576333778816,0.0
TALK_CPS_W29,male,0.9875667793048786,Neutral (N=0),0.9875667793048786,0.0
TALK_CPS_W29,female,0.8896940393048788,Neutral (N=0),0.8896940393048788,0.0
WORRYBILL_W29,male,0.5865577469559924,Neutral (N=0),0.5865577469559924,0.0
WORRYBILL_W29,female,0.6442765469559923,Neutral (N=0),0.6442765469559923,0.0
CLASS_W32,male,0.2530692804346943,Neutral (N=0),0.2530692804346943,0.0
CLASS_W32,female,0.3035854004346942,Neutral (N=0),0.3035854004346942,0.0
COMMIMPA_W32,male,0.6651369620663932,Neutral (N=0),0.6651369620663932,0.0
COMMIMPA_W32,female,0.5939062623726051,Neutral (N=0),0.5939062623726051,0.0
COMMIMPB_W32,male,0.3850054184556585,Neutral (N=0),0.3850054184556585,0.0
COMMIMPB_W32,female,0.27670031845565857,Neutral (N=0),0.27670031845565857,0.0
COMMIMPC_W32,male,1.0414240619836561,Neutral (N=0),1.0414240619836561,0.0
COMMIMPC_W32,female,0.7988564063392558,Neutral (N=0),0.7988564063392558,0.0
COMMIMPF_W32,male,0.6009492529235306,Neutral (N=0),0.6009492529235306,0.0
COMMIMPF_W32,female,0.5887927829235307,Neutral (N=0),0.5887927829235307,0.0
COMMIMPG_W32,male,0.67878041,Neutral (N=0),0.67878041,0.0
COMMIMPG_W32,female,0.6741840500000001,Neutral (N=0),0.6741840500000001,0.0
COMMIMPH_W32,male,0.6466937394893232,Neutral (N=0),0.6466937394893232,0.0
COMMIMPH_W32,female,0.8080869994893232,Neutral (N=0),0.8080869994893232,0.0
COMMYRS_W32,male,0.9462499051253532,Neutral (N=0),0.9462499051253532,0.0
COMMYRS_W32,female,0.9500603831874258,Neutral (N=0),0.9500603831874258,0.0
ETHNCMAJ_W32,male,0.09839505576506365,Neutral (N=0),0.09839505576506365,0.0
ETHNCMAJ_W32,female,0.07936961076506367,Neutral (N=0),0.07936961076506367,0.0
GAYMARR2_W32,male,0.5058012211403422,Neutral (N=0),0.5058012211403422,0.0
GAYMARR2_W32,female,0.5593161248396967,Neutral (N=0),0.5593161248396967,0.0
HARASS2F1_W32,male,0.07126788144268523,Neutral (N=0),0.07126788144268523,0.0
HARASS2F1_W32,female,0.08283185180013836,Neutral (N=0),0.08283185180013836,0.0
IMMIMPACT_W32,male,0.15198473028756626,Neutral (N=0),0.15198473028756626,0.0
IMMIMPACT_W32,female,0.15872019028756623,Neutral (N=0),0.15872019028756623,0.0
MOVERURAL_W32,male,0.17501850282349674,Neutral (N=0),0.17501850282349674,0.0
MOVERURAL_W32,female,0.20596940113862283,Neutral (N=0),0.20596940113862283,0.0
MOVESUBURB_W32,male,0.3803811796377573,Neutral (N=0),0.3803811796377573,0.0
MOVESUBURB_W32,female,0.23470826928691857,Neutral (N=0),0.23470826928691857,0.0
MOVEURBAN_W32,male,0.40372787596272136,Neutral (N=0),0.40372787596272136,0.0
MOVEURBAN_W32,female,0.3904110201904366,Neutral (N=0),0.3904110201904366,0.0
NEIGHINTERA_W32,male,0.44286603603250774,Neutral (N=0),0.44286603603250774,0.0
NEIGHINTERA_W32,female,0.45110653983513294,Neutral (N=0),0.45110653983513294,0.0
NEIGHINTERB_W32,male,1.962077519606587,Neutral (N=0),1.962077519606587,0.0
NEIGHINTERB_W32,female,1.9136946791369465,Neutral (N=0),1.9136946791369465,0.0
NEIGHKIDS_W32,male,0.31459421775119534,Neutral (N=0),0.31459421775119534,0.0
NEIGHKIDS_W32,female,0.31999884383771104,Neutral (N=0),0.31999884383771104,0.0
NEIGHSAMEA_W32,male,0.9431369082334471,Neutral (N=0),0.9431369082334471,0.0
NEIGHSAMEA_W32,female,0.9755139532830119,Neutral (N=0),0.9755139532830119,0.0
SATLIFED_W32,male,0.7612292404342189,Neutral (N=0),0.7612292404342189,0.0
SATLIFED_W32,female,0.7734023704342188,Neutral (N=0),0.7734023704342188,0.0
SOCTRUST2_W32,male,0.30257932193175685,Neutral (N=0),0.30257932193175685,0.0
SOCTRUST2_W32,female,0.29769549193175693,Neutral (N=0),0.29769549193175693,0.0
VALUERURAL_W32,male,0.566684897651407,Neutral (N=0),0.566684897651407,0.0
VALUERURAL_W32,female,0.5993116196296921,Neutral (N=0),0.5993116196296921,0.0
WHADVANT_W32,male,0.5654721655481582,Neutral (N=0),0.5654721655481582,0.0
WHADVANT_W32,female,0.7515145818043195,Neutral (N=0),0.7515145818043195,0.0
WILLMOVE_W32,male,1.4065341024287354,Neutral (N=0),1.4065341024287354,0.0
WILLMOVE_W32,female,1.356112226343858,Neutral (N=0),1.356112226343858,0.0
EAT1_W34,male,0.8093765360834849,Neutral (N=0),0.8093765360834849,0.0
EAT1_W34,female,0.8882558941591834,Neutral (N=0),0.8882558941591834,0.0
EAT2_W34,male,0.975331657251983,Neutral (N=0),0.975331657251983,0.0
EAT2_W34,female,0.8468660472519831,Neutral (N=0),0.8468660472519831,0.0
EAT5B_W34,male,0.40693347972519717,Neutral (N=0),0.40693347972519717,0.0
EAT5B_W34,female,0.443255302206104,Neutral (N=0),0.443255302206104,0.0
EAT5C_W34,male,0.2947293856786105,Neutral (N=0),0.2947293856786105,0.0
EAT5C_W34,female,0.3787310957647712,Neutral (N=0),0.3787310957647712,0.0
EAT5D_W34,male,0.40790034643565404,Neutral (N=0),0.40790034643565404,0.0
EAT5D_W34,female,0.5034342512797513,Neutral (N=0),0.5034342512797513,0.0
EVOBIOA_W34,male,0.11779844760040992,Neutral (N=0),0.11779844760040992,0.0
EVOBIOA_W34,female,0.19325374760040992,Neutral (N=0),0.19325374760040992,0.0
EVOBIOB_W34,male,0.44516426,Neutral (N=0),0.44516426,0.0
EVOBIOB_W34,female,0.31029463999999995,Neutral (N=0),0.31029463999999995,0.0
EVOPERS3_W34,male,0.3872459529033139,Neutral (N=0),0.3872459529033139,0.0
EVOPERS3_W34,female,0.4370097529033138,Neutral (N=0),0.4370097529033138,0.0
EVOTHREE_W34,male,0.10110507999999996,Neutral (N=0),0.10110507999999996,0.0
EVOTHREE_W34,female,0.06028367999999995,Neutral (N=0),0.06028367999999995,0.0
FUD22_W34,male,0.7968581350442391,Neutral (N=0),0.7968581350442391,0.0
FUD22_W34,female,0.7683501150442391,Neutral (N=0),0.7683501150442391,0.0
FUD24_W34,male,0.01617977510831972,Neutral (N=0),0.01617977510831972,0.0
FUD24_W34,female,0.021067135108319646,Neutral (N=0),0.021067135108319646,0.0
FUD33B_W34,male,0.20478485450418693,Neutral (N=0),0.20478485450418693,0.0
FUD33B_W34,female,0.20644013293559868,Neutral (N=0),0.20644013293559868,0.0
FUD35_W34,male,0.8165162499999999,Neutral (N=0),0.8165162499999999,0.0
FUD35_W34,female,0.8562230800000001,Neutral (N=0),0.8562230800000001,0.0
FUD37A_W34,male,0.8086419738202474,Neutral (N=0),0.8086419738202474,0.0
FUD37A_W34,female,0.9088055948184269,Neutral (N=0),0.9088055948184269,0.0
FUD37B_W34,male,0.4292455425646846,Neutral (N=0),0.4292455425646846,0.0
FUD37B_W34,female,0.4845863300000002,Neutral (N=0),0.4845863300000002,0.0
FUD37C_W34,male,0.7751143072984309,Neutral (N=0),0.7751143072984309,0.0
FUD37C_W34,female,0.5287935197616388,Neutral (N=0),0.5287935197616388,0.0
BETTERBIZ1F2D_W36,male,0.009686281678449371,Neutral (N=0),0.009686281678449371,0.0
BETTERBIZ1F2D_W36,female,0.14156673805471864,Neutral (N=0),0.14156673805471864,0.0
BETTERBIZ1F2E_W36,male,0.15696236,Neutral (N=0),0.15696236,0.0
BETTERBIZ1F2E_W36,female,0.05584061499999993,Neutral (N=0),0.05584061499999993,0.0
BETTERBIZ1F2H_W36,male,0.05203717000000002,Neutral (N=0),0.05203717000000002,0.0
BETTERBIZ1F2H_W36,female,0.05261854500000002,Neutral (N=0),0.05261854500000002,0.0
BETTERBIZ2F2C_W36,male,0.006785855008082764,Neutral (N=0),0.006785855008082764,0.0
BETTERBIZ2F2C_W36,female,0.009075224143426458,Neutral (N=0),0.009075224143426458,0.0
BETTERBIZ2F2E_W36,male,0.02439621023655148,Neutral (N=0),0.02439621023655148,0.0
BETTERBIZ2F2E_W36,female,0.09559790023655151,Neutral (N=0),0.09559790023655151,0.0
BETTERBIZ2F2F_W36,male,0.19772213354245619,Neutral (N=0),0.19772213354245619,0.0
BETTERBIZ2F2F_W36,female,0.1841158285424562,Neutral (N=0),0.1841158285424562,0.0
BETTERPOL1F1B_W36,male,0.23554850425464552,Neutral (N=0),0.23554850425464552,0.0
BETTERPOL1F1B_W36,female,0.3506112826365326,Neutral (N=0),0.3506112826365326,0.0
BETTERPOL1F1E_W36,male,0.12920506666368917,Neutral (N=0),0.12920506666368917,0.0
BETTERPOL1F1E_W36,female,0.1005700216636892,Neutral (N=0),0.1005700216636892,0.0
BETTERPOL1F1I_W36,male,0.22776885786491843,Neutral (N=0),0.22776885786491843,0.0
BETTERPOL1F1I_W36,female,0.2285040478649184,Neutral (N=0),0.2285040478649184,0.0
BETTERPOL2F1A_W36,male,0.05272962634257604,Neutral (N=0),0.05272962634257604,0.0
BETTERPOL2F1A_W36,female,0.090418905,Neutral (N=0),0.090418905,0.0
BETTERPOL2F1C_W36,male,0.07832248083224427,Neutral (N=0),0.07832248083224427,0.0
BETTERPOL2F1C_W36,female,0.10198272583224427,Neutral (N=0),0.10198272583224427,0.0
BETTERPOL2F1D_W36,male,0.16101555099985343,Neutral (N=0),0.16101555099985343,0.0
BETTERPOL2F1D_W36,female,0.10131866217968229,Neutral (N=0),0.10131866217968229,0.0
BETTERPOL2F1F_W36,male,0.13521890722663,Neutral (N=0),0.13521890722663,0.0
BETTERPOL2F1F_W36,female,0.15229935428940955,Neutral (N=0),0.15229935428940955,0.0
E5_W36,male,0.10112891947016672,Neutral (N=0),0.10112891947016672,0.0
E5_W36,female,0.2656563762349199,Neutral (N=0),0.2656563762349199,0.0
ESSENBIZF2E_W36,male,0.44132881999999996,Neutral (N=0),0.44132881999999996,0.0
ESSENBIZF2E_W36,female,0.48655982,Neutral (N=0),0.48655982,0.0
ESSENBIZF2J_W36,male,0.29499128119215434,Neutral (N=0),0.29499128119215434,0.0
ESSENBIZF2J_W36,female,0.25029041409244335,Neutral (N=0),0.25029041409244335,0.0
ESSENPOLF1A_W36,male,0.10833089576752375,Neutral (N=0),0.10833089576752375,0.0
ESSENPOLF1A_W36,female,0.10853347456722184,Neutral (N=0),0.10853347456722184,0.0
ESSENPOLF1B_W36,male,0.3075449824288906,Neutral (N=0),0.3075449824288906,0.0
ESSENPOLF1B_W36,female,0.17598921903016118,Neutral (N=0),0.17598921903016118,0.0
ESSENPOLF1D_W36,male,0.15607577180994925,Neutral (N=0),0.15607577180994925,0.0
ESSENPOLF1D_W36,female,0.1369623000000001,Neutral (N=0),0.1369623000000001,0.0
ESSENPOLF1G_W36,male,0.461071499566101,Neutral (N=0),0.461071499566101,0.0
ESSENPOLF1G_W36,female,0.4526690695661011,Neutral (N=0),0.4526690695661011,0.0
ESSENPOLF1H_W36,male,0.2889411933292917,Neutral (N=0),0.2889411933292917,0.0
ESSENPOLF1H_W36,female,0.14848240000000001,Neutral (N=0),0.14848240000000001,0.0
HIGHEDWRNGB_W36,male,0.18590560814094392,Neutral (N=0),0.18590560814094392,0.0
HIGHEDWRNGB_W36,female,0.23248065767519344,Neutral (N=0),0.23248065767519344,0.0
HIGHEDWRNGC_W36,male,0.774717074205181,Neutral (N=0),0.774717074205181,0.0
HIGHEDWRNGC_W36,female,0.5382042018487867,Neutral (N=0),0.5382042018487867,0.0
IMPROVE1_W36,male,0.6848243386434902,Neutral (N=0),0.6848243386434902,0.0
IMPROVE1_W36,female,0.429002300567964,Neutral (N=0),0.429002300567964,0.0
IMPROVE2_W36,male,0.9017637004723149,Neutral (N=0),0.9017637004723149,0.0
IMPROVE2_W36,female,1.2806254524299026,Neutral (N=0),1.2806254524299026,0.0
IMPROVE3_W36,male,0.7623889173658237,Neutral (N=0),0.7623889173658237,0.0
IMPROVE3_W36,female,0.3988538811497397,Neutral (N=0),0.3988538811497397,0.0
MOREWMN1F2_W36,male,0.024819290704382435,Neutral (N=0),0.024819290704382435,0.0
MOREWMN1F2_W36,female,0.1049875107043825,Neutral (N=0),0.1049875107043825,0.0
POLCHF1_W36,male,1.20428114,Neutral (N=0),1.20428114,0.0
POLCHF1_W36,female,1.0933914100000002,Neutral (N=0),1.0933914100000002,0.0
TRAITBIZMF2C_W36,male,0.30385446000000005,Neutral (N=0),0.30385446000000005,0.0
TRAITBIZMF2C_W36,female,0.28692462999999996,Neutral (N=0),0.28692462999999996,0.0
TRAITBIZMF2D_W36,male,0.313470325,Neutral (N=0),0.313470325,0.0
TRAITBIZMF2D_W36,female,0.26509697000000004,Neutral (N=0),0.26509697000000004,0.0
TRAITBIZMF2E_W36,male,0.4139916931981107,Neutral (N=0),0.4139916931981107,0.0
TRAITBIZMF2E_W36,female,0.36613101194835634,Neutral (N=0),0.36613101194835634,0.0
TRAITBIZMF2G_W36,male,0.250409255,Neutral (N=0),0.250409255,0.0
TRAITBIZMF2G_W36,female,0.22547190999999991,Neutral (N=0),0.22547190999999991,0.0
TRAITBIZWF2C_W36,male,0.22714766691835064,Neutral (N=0),0.22714766691835064,0.0
TRAITBIZWF2C_W36,female,0.22232738068244912,Neutral (N=0),0.22232738068244912,0.0
TRAITBIZWF2D_W36,male,0.25213588718800195,Neutral (N=0),0.25213588718800195,0.0
TRAITBIZWF2D_W36,female,0.245726532188002,Neutral (N=0),0.245726532188002,0.0
TRAITBIZWF2E_W36,male,0.3027481851239657,Neutral (N=0),0.3027481851239657,0.0
TRAITBIZWF2E_W36,female,0.3278698401239657,Neutral (N=0),0.3278698401239657,0.0
TRAITBIZWF2G_W36,male,0.33329272545952665,Neutral (N=0),0.33329272545952665,0.0
TRAITBIZWF2G_W36,female,0.3260594594245296,Neutral (N=0),0.3260594594245296,0.0
TRAITPOLMF1B_W36,male,0.07457163309289438,Neutral (N=0),0.07457163309289438,0.0
TRAITPOLMF1B_W36,female,0.12148648309289445,Neutral (N=0),0.12148648309289445,0.0
TRAITPOLMF1C_W36,male,0.21285714228283467,Neutral (N=0),0.21285714228283467,0.0
TRAITPOLMF1C_W36,female,0.27172332728283455,Neutral (N=0),0.27172332728283455,0.0
TRAITPOLMF1D_W36,male,0.1857587614431529,Neutral (N=0),0.1857587614431529,0.0
TRAITPOLMF1D_W36,female,0.208531497586549,Neutral (N=0),0.208531497586549,0.0
TRAITPOLMF1E_W36,male,0.30372546813737455,Neutral (N=0),0.30372546813737455,0.0
TRAITPOLMF1E_W36,female,0.26737783313737457,Neutral (N=0),0.26737783313737457,0.0
TRAITPOLMF1F_W36,male,0.06728304932716953,Neutral (N=0),0.06728304932716953,0.0
TRAITPOLMF1F_W36,female,0.07118037573614451,Neutral (N=0),0.07118037573614451,0.0
TRAITPOLMF1G_W36,male,0.1984767652849596,Neutral (N=0),0.1984767652849596,0.0
TRAITPOLMF1G_W36,female,0.20849654791503464,Neutral (N=0),0.20849654791503464,0.0
TRAITPOLWF1A_W36,male,0.22774252180131116,Neutral (N=0),0.22774252180131116,0.0
TRAITPOLWF1A_W36,female,0.25313619180131114,Neutral (N=0),0.25313619180131114,0.0
TRAITPOLWF1C_W36,male,0.13309940836982417,Neutral (N=0),0.13309940836982417,0.0
TRAITPOLWF1C_W36,female,0.17867734738490162,Neutral (N=0),0.17867734738490162,0.0
TRAITPOLWF1D_W36,male,0.22621981238031585,Neutral (N=0),0.22621981238031585,0.0
TRAITPOLWF1D_W36,female,0.2862797932076758,Neutral (N=0),0.2862797932076758,0.0
TRAITPOLWF1E_W36,male,0.2845647672665401,Neutral (N=0),0.2845647672665401,0.0
TRAITPOLWF1E_W36,female,0.3232482122665401,Neutral (N=0),0.3232482122665401,0.0
TRAITPOLWF1F_W36,male,0.2785949416788107,Neutral (N=0),0.2785949416788107,0.0
TRAITPOLWF1F_W36,female,0.35280469667881076,Neutral (N=0),0.35280469667881076,0.0
TRAITPOLWF1G_W36,male,0.2853898580254586,Neutral (N=0),0.2853898580254586,0.0
TRAITPOLWF1G_W36,female,0.292975239721378,Neutral (N=0),0.292975239721378,0.0
WHYNOTBIZF2A_W36,male,0.7644676128385758,Neutral (N=0),0.7644676128385758,0.0
WHYNOTBIZF2A_W36,female,0.9714009028385759,Neutral (N=0),0.9714009028385759,0.0
WHYNOTBIZF2B_W36,male,0.7995033542299385,Neutral (N=0),0.7995033542299385,0.0
WHYNOTBIZF2B_W36,female,1.1073657342299383,Neutral (N=0),1.1073657342299383,0.0
WHYNOTBIZF2D_W36,male,0.254598964210963,Neutral (N=0),0.254598964210963,0.0
WHYNOTBIZF2D_W36,female,0.08530832113101547,Neutral (N=0),0.08530832113101547,0.0
WHYNOTBIZF2F_W36,male,0.16385124569093937,Neutral (N=0),0.16385124569093937,0.0
WHYNOTBIZF2F_W36,female,0.09931094569093935,Neutral (N=0),0.09931094569093935,0.0
WHYNOTBIZF2G_W36,male,0.526898814439314,Neutral (N=0),0.526898814439314,0.0
WHYNOTBIZF2G_W36,female,0.8359942861135504,Neutral (N=0),0.8359942861135504,0.0
WHYNOTBIZF2H_W36,male,0.8804117662105617,Neutral (N=0),0.8804117662105617,0.0
WHYNOTBIZF2H_W36,female,1.3508407862105618,Neutral (N=0),1.3508407862105618,0.0
WHYNOTBIZF2J_W36,male,0.9302230233853351,Neutral (N=0),0.9302230233853351,0.0
WHYNOTBIZF2J_W36,female,1.0849024820415525,Neutral (N=0),1.0849024820415525,0.0
WHYNOTBIZF2M_W36,male,0.5239631103715148,Neutral (N=0),0.5239631103715148,0.0
WHYNOTBIZF2M_W36,female,0.7617258403715148,Neutral (N=0),0.7617258403715148,0.0
WHYNOTBIZF2N_W36,male,0.45847740396162623,Neutral (N=0),0.45847740396162623,0.0
WHYNOTBIZF2N_W36,female,0.6842340241000991,Neutral (N=0),0.6842340241000991,0.0
WHYNOTBIZF2O_W36,male,0.8870218511297815,Neutral (N=0),0.8870218511297815,0.0
WHYNOTBIZF2O_W36,female,1.2156020916270625,Neutral (N=0),1.2156020916270625,0.0
WHYNOTPOLF1A_W36,male,0.8099322900000001,Neutral (N=0),0.8099322900000001,0.0
WHYNOTPOLF1A_W36,female,1.23788316,Neutral (N=0),1.23788316,0.0
WHYNOTPOLF1B_W36,male,0.33924730822587884,Neutral (N=0),0.33924730822587884,0.0
WHYNOTPOLF1B_W36,female,0.30481045543713847,Neutral (N=0),0.30481045543713847,0.0
WHYNOTPOLF1C_W36,male,0.41341619742238167,Neutral (N=0),0.41341619742238167,0.0
WHYNOTPOLF1C_W36,female,0.383824852818474,Neutral (N=0),0.383824852818474,0.0
WHYNOTPOLF1E_W36,male,0.604936411347911,Neutral (N=0),0.604936411347911,0.0
WHYNOTPOLF1E_W36,female,0.566494471347911,Neutral (N=0),0.566494471347911,0.0
WHYNOTPOLF1G_W36,male,0.2917255485401861,Neutral (N=0),0.2917255485401861,0.0
WHYNOTPOLF1G_W36,female,0.6150655317710283,Neutral (N=0),0.6150655317710283,0.0
WHYNOTPOLF1I_W36,male,0.5610611250169089,Neutral (N=0),0.5610611250169089,0.0
WHYNOTPOLF1I_W36,female,0.4150753992070579,Neutral (N=0),0.4150753992070579,0.0
WHYNOTPOLF1J_W36,male,0.3153949517075892,Neutral (N=0),0.3153949517075892,0.0
WHYNOTPOLF1J_W36,female,0.29626170112058814,Neutral (N=0),0.29626170112058814,0.0
WHYNOTPOLF1K_W36,male,0.365132233265191,Neutral (N=0),0.365132233265191,0.0
WHYNOTPOLF1K_W36,female,0.45005173831560225,Neutral (N=0),0.45005173831560225,0.0
WHYNOTPOLF1L_W36,male,0.8454255853685797,Neutral (N=0),0.8454255853685797,0.0
WHYNOTPOLF1L_W36,female,1.1291384753685798,Neutral (N=0),1.1291384753685798,0.0
WMNPRZ1_W36,male,1.3170136891512139,Neutral (N=0),1.3170136891512139,0.0
WMNPRZ1_W36,female,1.5630268598570805,Neutral (N=0),1.5630268598570805,0.0
AUTOLKLY_W41,male,0.40346831648640225,Neutral (N=0),0.40346831648640225,0.0
AUTOLKLY_W41,female,0.3522171764864022,Neutral (N=0),0.3522171764864022,0.0
AUTOWKPLC_W41,male,0.2553349881631951,Neutral (N=0),0.2553349881631951,0.0
AUTOWKPLC_W41,female,0.32285201816319514,Neutral (N=0),0.32285201816319514,0.0
ETHNCMAJMOD_W41,male,1.0491658099999999,Neutral (N=0),1.0491658099999999,0.0
ETHNCMAJMOD_W41,female,1.0709237750000002,Neutral (N=0),1.0709237750000002,0.0
FTRWORRYc_W41,male,1.2659000938484875,Neutral (N=0),1.2659000938484875,0.0
FTRWORRYc_W41,female,1.2451811240556772,Neutral (N=0),1.2451811240556772,0.0
FTRWORRYe_W41,male,0.988316215978862,Neutral (N=0),0.988316215978862,0.0
FTRWORRYe_W41,female,1.1377275031567042,Neutral (N=0),1.1377275031567042,0.0
FTRWORRYf_W41,male,0.4683733466611329,Neutral (N=0),0.4683733466611329,0.0
FTRWORRYf_W41,female,0.5555767366611328,Neutral (N=0),0.5555767366611328,0.0
FUTRCLASSb_W41,male,0.5140192141421749,Neutral (N=0),0.5140192141421749,0.0
FUTRCLASSb_W41,female,0.44398717914217495,Neutral (N=0),0.44398717914217495,0.0
FUTRCLASSc_W41,male,0.1258642055425196,Neutral (N=0),0.1258642055425196,0.0
FUTRCLASSc_W41,female,0.13083894054251965,Neutral (N=0),0.13083894054251965,0.0
FUTR_DIV_W41,male,0.2102129940154947,Neutral (N=0),0.2102129940154947,0.0
FUTR_DIV_W41,female,0.2454424490154947,Neutral (N=0),0.2454424490154947,0.0
GOVPRIOb_W41,male,0.3490180646203714,Neutral (N=0),0.3490180646203714,0.0
GOVPRIOb_W41,female,0.3961379976576771,Neutral (N=0),0.3961379976576771,0.0
GOVPRIOc_W41,male,0.24540396399318054,Neutral (N=0),0.24540396399318054,0.0
GOVPRIOc_W41,female,0.2190042673614765,Neutral (N=0),0.2190042673614765,0.0
GOVPRIOe_W41,male,0.41163937640252535,Neutral (N=0),0.41163937640252535,0.0
GOVPRIOe_W41,female,0.4637062764025253,Neutral (N=0),0.4637062764025253,0.0
GOVPRIOfF1_W41,male,0.9802949558703722,Neutral (N=0),0.9802949558703722,0.0
GOVPRIOfF1_W41,female,0.9008532758703723,Neutral (N=0),0.9008532758703723,0.0
GOVPRIOgF1_W41,male,0.6990720515920197,Neutral (N=0),0.6990720515920197,0.0
GOVPRIOgF1_W41,female,0.6130520606205454,Neutral (N=0),0.6130520606205454,0.0
GOVPRIOhF1_W41,male,0.1858528029894196,Neutral (N=0),0.1858528029894196,0.0
GOVPRIOhF1_W41,female,0.22634831113596068,Neutral (N=0),0.22634831113596068,0.0
GOVPRIOiF1_W41,male,0.5960026408002348,Neutral (N=0),0.5960026408002348,0.0
GOVPRIOiF1_W41,female,0.5817908108002345,Neutral (N=0),0.5817908108002345,0.0
GOVPRIOjF1_W41,male,0.6210766972495827,Neutral (N=0),0.6210766972495827,0.0
GOVPRIOjF1_W41,female,0.8124300169206993,Neutral (N=0),0.8124300169206993,0.0
GOVPRIOkF2_W41,male,0.9632526161655234,Neutral (N=0),0.9632526161655234,0.0
GOVPRIOkF2_W41,female,1.1595689383292207,Neutral (N=0),1.1595689383292207,0.0
GOVPRIOlF2_W41,male,0.5821984503145494,Neutral (N=0),0.5821984503145494,0.0
GOVPRIOlF2_W41,female,0.6143476603145493,Neutral (N=0),0.6143476603145493,0.0
GOVPRIOmF2_W41,male,0.4502177410138724,Neutral (N=0),0.4502177410138724,0.0
GOVPRIOmF2_W41,female,0.45184351063146544,Neutral (N=0),0.45184351063146544,0.0
GOVPRIOnF2_W41,male,0.7361946066099897,Neutral (N=0),0.7361946066099897,0.0
GOVPRIOnF2_W41,female,0.4367746631810663,Neutral (N=0),0.4367746631810663,0.0
GOVPRIOoF2_W41,male,0.378159179344755,Neutral (N=0),0.378159179344755,0.0
GOVPRIOoF2_W41,female,0.37699676487104794,Neutral (N=0),0.37699676487104794,0.0
HAPPEN2b_W41,male,0.24301439125234475,Neutral (N=0),0.24301439125234475,0.0
HAPPEN2b_W41,female,0.32631849438121646,Neutral (N=0),0.32631849438121646,0.0
HAPPEN2f_W41,male,0.6373533665107076,Neutral (N=0),0.6373533665107076,0.0
HAPPEN2f_W41,female,0.5912574504805512,Neutral (N=0),0.5912574504805512,0.0
HARASS1F1b_W41,male,1.0646386258750278,Neutral (N=0),1.0646386258750278,0.0
HARASS1F1b_W41,female,1.0188769097821209,Neutral (N=0),1.0188769097821209,0.0
HARASS1F1d_W41,male,0.5568212434753717,Neutral (N=0),0.5568212434753717,0.0
HARASS1F1d_W41,female,0.7152926134753714,Neutral (N=0),0.7152926134753714,0.0
HARASS1NOWRKF2d_W41,male,0.30542331467653394,Neutral (N=0),0.30542331467653394,0.0
HARASS1NOWRKF2d_W41,female,0.4060178751140825,Neutral (N=0),0.4060178751140825,0.0
HARASS3NOWRKF2_W41,male,0.2526966571014351,Neutral (N=0),0.2526966571014351,0.0
HARASS3NOWRKF2_W41,female,0.23770122820380496,Neutral (N=0),0.23770122820380496,0.0
INTRMAR_W41,male,0.48006719442600315,Neutral (N=0),0.48006719442600315,0.0
INTRMAR_W41,female,0.5070267525007273,Neutral (N=0),0.5070267525007273,0.0
LEGALIMG_W41,male,0.37546171213169843,Neutral (N=0),0.37546171213169843,0.0
LEGALIMG_W41,female,0.3932563170635787,Neutral (N=0),0.3932563170635787,0.0
SOLVPROBa_W41,male,0.42934286453648873,Neutral (N=0),0.42934286453648873,0.0
SOLVPROBa_W41,female,0.44463614048612005,Neutral (N=0),0.44463614048612005,0.0
SOLVPROBb_W41,male,0.4182211240584728,Neutral (N=0),0.4182211240584728,0.0
SOLVPROBb_W41,female,0.4467842840584727,Neutral (N=0),0.4467842840584727,0.0
SOLVPROBc_W41,male,0.43387006188170496,Neutral (N=0),0.43387006188170496,0.0
SOLVPROBc_W41,female,0.5475468454754684,Neutral (N=0),0.5475468454754684,0.0
SOLVPROBdF1_W41,male,0.40714594646922275,Neutral (N=0),0.40714594646922275,0.0
SOLVPROBdF1_W41,female,0.434038304877316,Neutral (N=0),0.434038304877316,0.0
SOLVPROBf_W41,male,0.5209554458145698,Neutral (N=0),0.5209554458145698,0.0
SOLVPROBf_W41,female,0.40571767565521805,Neutral (N=0),0.40571767565521805,0.0
SOLVPROBg_W41,male,0.9677048186015043,Neutral (N=0),0.9677048186015043,0.0
SOLVPROBg_W41,female,1.038942237592431,Neutral (N=0),1.038942237592431,0.0
SOLVPROBh_W41,male,0.3429246999999999,Neutral (N=0),0.3429246999999999,0.0
SOLVPROBh_W41,female,0.4889817599999998,Neutral (N=0),0.4889817599999998,0.0
CONFb_W42,male,0.359046482353384,Neutral (N=0),0.359046482353384,0.0
CONFb_W42,female,0.5016272896904949,Neutral (N=0),0.5016272896904949,0.0
CONFc_W42,male,1.1269532980652175,Neutral (N=0),1.1269532980652175,0.0
CONFc_W42,female,1.136248747972263,Neutral (N=0),1.136248747972263,0.0
CONFe_W42,male,0.8369737259770877,Neutral (N=0),0.8369737259770877,0.0
CONFe_W42,female,0.9327153723676296,Neutral (N=0),0.9327153723676296,0.0
CONFg_W42,male,0.7337859586652439,Neutral (N=0),0.7337859586652439,0.0
CONFg_W42,female,0.7951589786652439,Neutral (N=0),0.7951589786652439,0.0
PQ4_F2Aa_W42,male,0.8368857520010635,Neutral (N=0),0.8368857520010635,0.0
PQ4_F2Aa_W42,female,0.8241575520010636,Neutral (N=0),0.8241575520010636,0.0
PQ4_F2Ac_W42,male,0.6087266322298385,Neutral (N=0),0.6087266322298385,0.0
PQ4_F2Ac_W42,female,0.5691865522298385,Neutral (N=0),0.5691865522298385,0.0
PQ4_F2Ae_W42,male,0.402413931648829,Neutral (N=0),0.402413931648829,0.0
PQ4_F2Ae_W42,female,0.362360922242015,Neutral (N=0),0.362360922242015,0.0
PQ4_F2Bb_W42,male,0.7285696719783898,Neutral (N=0),0.7285696719783898,0.0
PQ4_F2Bb_W42,female,0.7336120319783899,Neutral (N=0),0.7336120319783899,0.0
PQ4_F2Bc_W42,male,0.5425018831786173,Neutral (N=0),0.5425018831786173,0.0
PQ4_F2Bc_W42,female,0.5574796731786171,Neutral (N=0),0.5574796731786171,0.0
PQ4_F2Bd_W42,male,0.5669260289906349,Neutral (N=0),0.5669260289906349,0.0
PQ4_F2Bd_W42,female,0.6041657431065965,Neutral (N=0),0.6041657431065965,0.0
PQ4_F2Cc_W42,male,0.5821757483783134,Neutral (N=0),0.5821757483783134,0.0
PQ4_F2Cc_W42,female,0.6576053344174171,Neutral (N=0),0.6576053344174171,0.0
PQ8_F2B_W42,male,0.8075522750800941,Neutral (N=0),0.8075522750800941,0.0
PQ8_F2B_W42,female,0.9246206145824656,Neutral (N=0),0.9246206145824656,0.0
RQ1_F1B_W42,male,0.11881954448711979,Neutral (N=0),0.11881954448711979,0.0
RQ1_F1B_W42,female,0.10729960448711978,Neutral (N=0),0.10729960448711978,0.0
RQ1_F1C_W42,male,0.040684755989446764,Neutral (N=0),0.040684755989446764,0.0
RQ1_F1C_W42,female,0.02968554293694936,Neutral (N=0),0.02968554293694936,0.0
RQ2_F1A_W42,male,0.0817893543944318,Neutral (N=0),0.0817893543944318,0.0
RQ2_F1A_W42,female,0.07729459429184599,Neutral (N=0),0.07729459429184599,0.0
RQ4_F1Ab_W42,male,0.6412996339581387,Neutral (N=0),0.6412996339581387,0.0
RQ4_F1Ab_W42,female,0.6534005067041393,Neutral (N=0),0.6534005067041393,0.0
RQ4_F1Ae_W42,male,0.45998240125685497,Neutral (N=0),0.45998240125685497,0.0
RQ4_F1Ae_W42,female,0.4604952012568549,Neutral (N=0),0.4604952012568549,0.0
RQ4_F1Ba_W42,male,0.7778423717211274,Neutral (N=0),0.7778423717211274,0.0
RQ4_F1Ba_W42,female,0.8294659945855055,Neutral (N=0),0.8294659945855055,0.0
RQ4_F1Bc_W42,male,0.8200142949623752,Neutral (N=0),0.8200142949623752,0.0
RQ4_F1Bc_W42,female,0.7576010324239897,Neutral (N=0),0.7576010324239897,0.0
RQ4_F1Bd_W42,male,0.5493954968040817,Neutral (N=0),0.5493954968040817,0.0
RQ4_F1Bd_W42,female,0.6259828468040818,Neutral (N=0),0.6259828468040818,0.0
RQ4_F1Be_W42,male,0.35624747018532027,Neutral (N=0),0.35624747018532027,0.0
RQ4_F1Be_W42,female,0.4002134659978655,Neutral (N=0),0.4002134659978655,0.0
RQ4_F1Ca_W42,male,0.8791838500000002,Neutral (N=0),0.8791838500000002,0.0
RQ4_F1Ca_W42,female,0.9135599099999999,Neutral (N=0),0.9135599099999999,0.0
RQ4_F1Cb_W42,male,0.6471242594837416,Neutral (N=0),0.6471242594837416,0.0
RQ4_F1Cb_W42,female,0.6323089147530818,Neutral (N=0),0.6323089147530818,0.0
RQ4_F1Cd_W42,male,0.3951983228140625,Neutral (N=0),0.3951983228140625,0.0
RQ4_F1Cd_W42,female,0.47672278914655936,Neutral (N=0),0.47672278914655936,0.0
RQ5_F1B_W42,male,0.5514726741233233,Neutral (N=0),0.5514726741233233,0.0
RQ5_F1B_W42,female,0.5433181621738304,Neutral (N=0),0.5433181621738304,0.0
RQ5_F1C_W42,male,0.8392435800387683,Neutral (N=0),0.8392435800387683,0.0
RQ5_F1C_W42,female,0.7919834931001645,Neutral (N=0),0.7919834931001645,0.0
IDIMPORT_W43,male,0.7078905065964708,Neutral (N=0),0.7078905065964708,0.0
IDIMPORT_W43,female,0.67316554,Neutral (N=0),0.67316554,0.0
RACESURV13_W43,male,0.7838011994026792,Neutral (N=0),0.7838011994026792,0.0
RACESURV13_W43,female,0.6787093994026794,Neutral (N=0),0.6787093994026794,0.0
RACESURV14_W43,male,0.3196590928997584,Neutral (N=0),0.3196590928997584,0.0
RACESURV14_W43,female,0.2925121028997584,Neutral (N=0),0.2925121028997584,0.0
RACESURV15a_W43,male,0.2761406141005319,Neutral (N=0),0.2761406141005319,0.0
RACESURV15a_W43,female,0.2960511091005319,Neutral (N=0),0.2960511091005319,0.0
RACESURV15b_W43,male,0.285746068790526,Neutral (N=0),0.285746068790526,0.0
RACESURV15b_W43,female,0.2835269772305328,Neutral (N=0),0.2835269772305328,0.0
RACESURV17_W43,male,0.6204939138513934,Neutral (N=0),0.6204939138513934,0.0
RACESURV17_W43,female,0.41814482274424875,Neutral (N=0),0.41814482274424875,0.0
RACESURV18b_W43,male,0.6294556034462234,Neutral (N=0),0.6294556034462234,0.0
RACESURV18b_W43,female,0.6721411766396928,Neutral (N=0),0.6721411766396928,0.0
RACESURV18f_W43,male,0.7430090930572723,Neutral (N=0),0.7430090930572723,0.0
RACESURV18f_W43,female,0.7300702530572721,Neutral (N=0),0.7300702530572721,0.0
RACESURV19a_W43,male,0.7564124680362039,Neutral (N=0),0.7564124680362039,0.0
RACESURV19a_W43,female,0.878812448036204,Neutral (N=0),0.878812448036204,0.0
RACESURV19c_W43,male,0.7396162246025036,Neutral (N=0),0.7396162246025036,0.0
RACESURV19c_W43,female,0.8122347346025036,Neutral (N=0),0.8122347346025036,0.0
RACESURV19e_W43,male,0.633083096823994,Neutral (N=0),0.633083096823994,0.0
RACESURV19e_W43,female,0.7089674157397443,Neutral (N=0),0.7089674157397443,0.0
RACESURV1b_W43,male,0.26011900071565297,Neutral (N=0),0.26011900071565297,0.0
RACESURV1b_W43,female,0.2375314037376322,Neutral (N=0),0.2375314037376322,0.0
RACESURV21_W43,male,0.4079868848892977,Neutral (N=0),0.4079868848892977,0.0
RACESURV21_W43,female,0.4075058248892977,Neutral (N=0),0.4075058248892977,0.0
RACESURV27_W43,male,0.5279071071425401,Neutral (N=0),0.5279071071425401,0.0
RACESURV27_W43,female,0.5062760798244541,Neutral (N=0),0.5062760798244541,0.0
RACESURV28a_W43,male,0.2118142727244889,Neutral (N=0),0.2118142727244889,0.0
RACESURV28a_W43,female,0.2317878349213158,Neutral (N=0),0.2317878349213158,0.0
RACESURV28b_W43,male,0.19053524000000005,Neutral (N=0),0.19053524000000005,0.0
RACESURV28b_W43,female,0.212140975,Neutral (N=0),0.212140975,0.0
RACESURV28c_W43,male,0.20442229022946518,Neutral (N=0),0.20442229022946518,0.0
RACESURV28c_W43,female,0.21041205522946518,Neutral (N=0),0.21041205522946518,0.0
RACESURV28d_W43,male,0.30307898034091674,Neutral (N=0),0.30307898034091674,0.0
RACESURV28d_W43,female,0.3268498536946444,Neutral (N=0),0.3268498536946444,0.0
RACESURV28e_W43,male,0.2912314719791165,Neutral (N=0),0.2912314719791165,0.0
RACESURV28e_W43,female,0.3195865299457156,Neutral (N=0),0.3195865299457156,0.0
RACESURV28f_W43,male,0.15582433494913445,Neutral (N=0),0.15582433494913445,0.0
RACESURV28f_W43,female,0.16387761994913447,Neutral (N=0),0.16387761994913447,0.0
RACESURV28g_W43,male,0.13061822962463338,Neutral (N=0),0.13061822962463338,0.0
RACESURV28g_W43,female,0.16062298962463334,Neutral (N=0),0.16062298962463334,0.0
RACESURV29d_W43,male,1.0517531930458608,Neutral (N=0),1.0517531930458608,0.0
RACESURV29d_W43,female,1.0270504830458609,Neutral (N=0),1.0270504830458609,0.0
RACESURV2_W43,male,1.128822756322882,Neutral (N=0),1.128822756322882,0.0
RACESURV2_W43,female,1.172671961761374,Neutral (N=0),1.172671961761374,0.0
RACESURV34a_W43,male,0.8537897622637738,Neutral (N=0),0.8537897622637738,0.0
RACESURV34a_W43,female,0.8538263394339237,Neutral (N=0),0.8538263394339237,0.0
RACESURV34b_W43,male,1.2914650885430516,Neutral (N=0),1.2914650885430516,0.0
RACESURV34b_W43,female,0.770571120711794,Neutral (N=0),0.770571120711794,0.0
RACESURV34c_W43,male,0.5559438005974898,Neutral (N=0),0.5559438005974898,0.0
RACESURV34c_W43,female,0.5386901733566063,Neutral (N=0),0.5386901733566063,0.0
RACESURV34d_W43,male,0.634786581843682,Neutral (N=0),0.634786581843682,0.0
RACESURV34d_W43,female,0.5211090918436818,Neutral (N=0),0.5211090918436818,0.0
RACESURV34e_W43,male,0.6377061838231295,Neutral (N=0),0.6377061838231295,0.0
RACESURV34e_W43,female,0.637760993723034,Neutral (N=0),0.637760993723034,0.0
RACESURV38_W43,male,0.3447574632787521,Neutral (N=0),0.3447574632787521,0.0
RACESURV38_W43,female,0.3069512132787522,Neutral (N=0),0.3069512132787522,0.0
RACESURV40_W43,male,0.7799520676831782,Neutral (N=0),0.7799520676831782,0.0
RACESURV40_W43,female,0.850530955581349,Neutral (N=0),0.850530955581349,0.0
RACESURV41_W43,male,0.6538315759276675,Neutral (N=0),0.6538315759276675,0.0
RACESURV41_W43,female,0.7059935959276675,Neutral (N=0),0.7059935959276675,0.0
RACESURV45_W43,male,0.4576821444020099,Neutral (N=0),0.4576821444020099,0.0
RACESURV45_W43,female,0.5090992844020099,Neutral (N=0),0.5090992844020099,0.0
RACESURV47a_W43,male,0.8100898211612136,Neutral (N=0),0.8100898211612136,0.0
RACESURV47a_W43,female,0.6898666431221401,Neutral (N=0),0.6898666431221401,0.0
RACESURV47b_W43,male,0.4838258723338563,Neutral (N=0),0.4838258723338563,0.0
RACESURV47b_W43,female,0.4638864623338563,Neutral (N=0),0.4638864623338563,0.0
RACESURV47d_W43,male,0.7193480647669449,Neutral (N=0),0.7193480647669449,0.0
RACESURV47d_W43,female,0.717295164766945,Neutral (N=0),0.717295164766945,0.0
RACESURV47e_W43,male,0.9115958776278903,Neutral (N=0),0.9115958776278903,0.0
RACESURV47e_W43,female,0.7201741944125734,Neutral (N=0),0.7201741944125734,0.0
RACESURV47f_W43,male,0.5064498686522887,Neutral (N=0),0.5064498686522887,0.0
RACESURV47f_W43,female,0.4976059085631931,Neutral (N=0),0.4976059085631931,0.0
RACESURV48_W43,male,0.5791117555601482,Neutral (N=0),0.5791117555601482,0.0
RACESURV48_W43,female,0.28288663556014804,Neutral (N=0),0.28288663556014804,0.0
RACESURV51_W43,male,0.036188020878614,Neutral (N=0),0.036188020878614,0.0
RACESURV51_W43,female,0.0688174298975684,Neutral (N=0),0.0688174298975684,0.0
RACESURV52_W43,male,0.10634871431653299,Neutral (N=0),0.10634871431653299,0.0
RACESURV52_W43,female,0.08180845850809472,Neutral (N=0),0.08180845850809472,0.0
RACESURV5a_W43,male,0.8897047726518165,Neutral (N=0),0.8897047726518165,0.0
RACESURV5a_W43,female,0.9676593065055867,Neutral (N=0),0.9676593065055867,0.0
RACESURV5b_W43,male,0.17978456447276842,Neutral (N=0),0.17978456447276842,0.0
RACESURV5b_W43,female,0.16610649149428303,Neutral (N=0),0.16610649149428303,0.0
RACESURV5d_W43,male,1.0411366369687765,Neutral (N=0),1.0411366369687765,0.0
RACESURV5d_W43,female,1.0333042969687765,Neutral (N=0),1.0333042969687765,0.0
RACESURV5e_W43,male,0.5208770207168552,Neutral (N=0),0.5208770207168552,0.0
RACESURV5e_W43,female,0.49880241740703163,Neutral (N=0),0.49880241740703163,0.0
RACESURV5f_W43,male,0.7049862049998237,Neutral (N=0),0.7049862049998237,0.0
RACESURV5f_W43,female,0.6832725292429673,Neutral (N=0),0.6832725292429673,0.0
RACESURV5g_W43,male,0.42583014859982826,Neutral (N=0),0.42583014859982826,0.0
RACESURV5g_W43,female,0.4349682186912089,Neutral (N=0),0.4349682186912089,0.0
RACESURV5h_W43,male,0.7585691939684042,Neutral (N=0),0.7585691939684042,0.0
RACESURV5h_W43,female,0.7615261926592548,Neutral (N=0),0.7615261926592548,0.0
RACESURV5i_W43,male,1.4040773126099753,Neutral (N=0),1.4040773126099753,0.0
RACESURV5i_W43,female,1.7484744546032362,Neutral (N=0),1.7484744546032362,0.0
RACESURV5j_W43,male,0.8069829250000002,Neutral (N=0),0.8069829250000002,0.0
RACESURV5j_W43,female,0.5773705599999999,Neutral (N=0),0.5773705599999999,0.0
RACESURV5l_W43,male,1.4437753367944848,Neutral (N=0),1.4437753367944848,0.0
RACESURV5l_W43,female,1.3927917667944847,Neutral (N=0),1.3927917667944847,0.0
RACESURV9_W43,male,0.8822307646723161,Neutral (N=0),0.8822307646723161,0.0
RACESURV9_W43,female,0.8601880102419355,Neutral (N=0),0.8601880102419355,0.0
INFOCHALa_W45,male,0.4801725584973857,Neutral (N=0),0.4801725584973857,0.0
INFOCHALa_W45,female,0.44221921849738566,Neutral (N=0),0.44221921849738566,0.0
INFOCREATEa_W45,male,2.092186961229108,Neutral (N=0),2.092186961229108,0.0
INFOCREATEa_W45,female,2.119873231229108,Neutral (N=0),2.119873231229108,0.0
MADEUPOFT_W45,male,0.6280482146053494,Neutral (N=0),0.6280482146053494,0.0
MADEUPOFT_W45,female,0.6594428993668033,Neutral (N=0),0.6594428993668033,0.0
MADEUPTOPICb_W45,male,0.3184804034366422,Neutral (N=0),0.3184804034366422,0.0
MADEUPTOPICb_W45,female,0.24346454439303344,Neutral (N=0),0.24346454439303344,0.0
MADEUPTOPICc_W45,male,0.8805602676816221,Neutral (N=0),0.8805602676816221,0.0
MADEUPTOPICc_W45,female,0.9081564676816222,Neutral (N=0),0.9081564676816222,0.0
MADEUPTOPICd_W45,male,0.6141022026626175,Neutral (N=0),0.6141022026626175,0.0
MADEUPTOPICd_W45,female,0.6527352026626174,Neutral (N=0),0.6527352026626174,0.0
NEWSPROBd_W45,male,0.6377507505235114,Neutral (N=0),0.6377507505235114,0.0
NEWSPROBd_W45,female,0.7120494777748845,Neutral (N=0),0.7120494777748845,0.0
NEWSPROBe_W45,male,0.3581035637741002,Neutral (N=0),0.3581035637741002,0.0
NEWSPROBe_W45,female,0.3934630751103023,Neutral (N=0),0.3934630751103023,0.0
NEWS_PLATFORMg_W45,male,0.6491748361738582,Neutral (N=0),0.6491748361738582,0.0
NEWS_PLATFORMg_W45,female,0.48048382617385815,Neutral (N=0),0.48048382617385815,0.0
SMLIKESb_W45,male,0.8532907049320553,Neutral (N=0),0.8532907049320553,0.0
SMLIKESb_W45,female,0.9325861949320551,Neutral (N=0),0.9325861949320551,0.0
SMLIKESf_W45,male,1.1481573801992415,Neutral (N=0),1.1481573801992415,0.0
SMLIKESf_W45,female,1.2331058944904525,Neutral (N=0),1.2331058944904525,0.0
BENEFITGOV_W49,male,1.017050492575206,Neutral (N=0),1.017050492575206,0.0
BENEFITGOV_W49,female,0.8984545778473545,Neutral (N=0),0.8984545778473545,0.0
CONCERNCO_W49,male,0.8348969548285274,Neutral (N=0),0.8348969548285274,0.0
CONCERNCO_W49,female,0.8995534252760821,Neutral (N=0),0.8995534252760821,0.0
CONCERNGRPa_W49,male,0.5884509600000001,Neutral (N=0),0.5884509600000001,0.0
CONCERNGRPa_W49,female,0.74900962,Neutral (N=0),0.74900962,0.0
CONCERNGRPc_W49,male,0.2967406158943892,Neutral (N=0),0.2967406158943892,0.0
CONCERNGRPc_W49,female,0.31768946589438934,Neutral (N=0),0.31768946589438934,0.0
CONTROLCO_W49,male,0.779918813984465,Neutral (N=0),0.779918813984465,0.0
CONTROLCO_W49,female,0.7481330639844651,Neutral (N=0),0.7481330639844651,0.0
CONTROLGRPc_W49,male,0.30503630104130464,Neutral (N=0),0.30503630104130464,0.0
CONTROLGRPc_W49,female,0.35569578104130456,Neutral (N=0),0.35569578104130456,0.0
DATAUSEd_W49,male,0.21109935244808864,Neutral (N=0),0.21109935244808864,0.0
DATAUSEd_W49,female,0.2158651124480886,Neutral (N=0),0.2158651124480886,0.0
FACE3c_W49,male,0.5548850384730036,Neutral (N=0),0.5548850384730036,0.0
FACE3c_W49,female,0.6401176648142891,Neutral (N=0),0.6401176648142891,0.0
GOVREGV1_W49,male,0.20960054392948757,Neutral (N=0),0.20960054392948757,0.0
GOVREGV1_W49,female,0.20081613235032864,Neutral (N=0),0.20081613235032864,0.0
HOMEASSIST2_W49,male,0.6606542243116467,Neutral (N=0),0.6606542243116467,0.0
HOMEASSIST2_W49,female,0.7323503936592344,Neutral (N=0),0.7323503936592344,0.0
HOMEASSIST3_W49,male,1.3166009936036192,Neutral (N=0),1.3166009936036192,0.0
HOMEASSIST3_W49,female,1.036316243603619,Neutral (N=0),1.036316243603619,0.0
HOMEASSIST4_W49,male,0.8085015419149846,Neutral (N=0),0.8085015419149846,0.0
HOMEASSIST4_W49,female,0.7919364133627094,Neutral (N=0),0.7919364133627094,0.0
PP5e_W49,male,0.5239882214333622,Neutral (N=0),0.5239882214333622,0.0
PP5e_W49,female,0.5763772464320305,Neutral (N=0),0.5763772464320305,0.0
PWMAN2_W49,male,1.41504473284947,Neutral (N=0),1.41504473284947,0.0
PWMAN2_W49,female,1.487737790249938,Neutral (N=0),1.487737790249938,0.0
SMARTAPP_W49,male,0.9004626814064294,Neutral (N=0),0.9004626814064294,0.0
SMARTAPP_W49,female,0.8823117914064293,Neutral (N=0),0.8823117914064293,0.0
TRACKCO1a_W49,male,0.8322136438322224,Neutral (N=0),0.8322136438322224,0.0
TRACKCO1a_W49,female,0.7404113738671911,Neutral (N=0),0.7404113738671911,0.0
TRACKCO1b_W49,male,0.2490477976645501,Neutral (N=0),0.2490477976645501,0.0
TRACKCO1b_W49,female,0.22057447758703613,Neutral (N=0),0.22057447758703613,0.0
TRACKGOV1a_W49,male,0.5633942608851924,Neutral (N=0),0.5633942608851924,0.0
TRACKGOV1a_W49,female,0.5116474214026607,Neutral (N=0),0.5116474214026607,0.0
TRACKGOV1b_W49,male,0.21124562274609482,Neutral (N=0),0.21124562274609482,0.0
TRACKGOV1b_W49,female,0.22063582274609483,Neutral (N=0),0.22063582274609483,0.0
COHABDUR_W50,male,1.253290293992801,Neutral (N=0),1.253290293992801,0.0
COHABDUR_W50,female,1.3157187939928008,Neutral (N=0),1.3157187939928008,0.0
DNA2b_W50,male,0.530042935926355,Neutral (N=0),0.530042935926355,0.0
DNA2b_W50,female,0.546982735926355,Neutral (N=0),0.546982735926355,0.0
DNA5_W50,male,0.6798103166561713,Neutral (N=0),0.6798103166561713,0.0
DNA5_W50,female,0.6895848166561713,Neutral (N=0),0.6895848166561713,0.0
E5MOD_W50,male,0.6196102955963567,Neutral (N=0),0.6196102955963567,0.0
E5MOD_W50,female,0.34562508559635674,Neutral (N=0),0.34562508559635674,0.0
FAMSURV10c_W50,male,0.34105738097450805,Neutral (N=0),0.34105738097450805,0.0
FAMSURV10c_W50,female,0.3469643609745081,Neutral (N=0),0.3469643609745081,0.0
FAMSURV16_W50,male,0.28240637019112197,Neutral (N=0),0.28240637019112197,0.0
FAMSURV16_W50,female,0.26966847019112195,Neutral (N=0),0.26966847019112195,0.0
FAMSURV1_W50,male,0.5851621309230115,Neutral (N=0),0.5851621309230115,0.0
FAMSURV1_W50,female,0.3691886945164218,Neutral (N=0),0.3691886945164218,0.0
FAMSURV20_W50,male,0.4605973828706081,Neutral (N=0),0.4605973828706081,0.0
FAMSURV20_W50,female,0.4401052528706081,Neutral (N=0),0.4401052528706081,0.0
FAMSURV23b_W50,male,0.2268975780767275,Neutral (N=0),0.2268975780767275,0.0
FAMSURV23b_W50,female,0.33200678283338725,Neutral (N=0),0.33200678283338725,0.0
FAMSURV23c_W50,male,0.9387265567403369,Neutral (N=0),0.9387265567403369,0.0
FAMSURV23c_W50,female,0.8777529567403369,Neutral (N=0),0.8777529567403369,0.0
FAMSURV23d_W50,male,0.9578360271802614,Neutral (N=0),0.9578360271802614,0.0
FAMSURV23d_W50,female,0.8137129634068974,Neutral (N=0),0.8137129634068974,0.0
FAMSURV23e_W50,male,0.20206717730273077,Neutral (N=0),0.20206717730273077,0.0
FAMSURV23e_W50,female,0.18755090452747913,Neutral (N=0),0.18755090452747913,0.0
FAMSURV23f_W50,male,0.22434369533611292,Neutral (N=0),0.22434369533611292,0.0
FAMSURV23f_W50,female,0.16298536206178404,Neutral (N=0),0.16298536206178404,0.0
FAMSURV23g_W50,male,0.5471679671510207,Neutral (N=0),0.5471679671510207,0.0
FAMSURV23g_W50,female,0.5395569471510206,Neutral (N=0),0.5395569471510206,0.0
FAMSURV26a_W50,male,0.6416180972901809,Neutral (N=0),0.6416180972901809,0.0
FAMSURV26a_W50,female,0.37663234729018086,Neutral (N=0),0.37663234729018086,0.0
FAMSURV26b_W50,male,0.540134215517793,Neutral (N=0),0.540134215517793,0.0
FAMSURV26b_W50,female,0.675306885517793,Neutral (N=0),0.675306885517793,0.0
FAMSURV26c_W50,male,0.25192985158333414,Neutral (N=0),0.25192985158333414,0.0
FAMSURV26c_W50,female,0.3202527015833342,Neutral (N=0),0.3202527015833342,0.0
FAMSURV26d_W50,male,0.5795470128626722,Neutral (N=0),0.5795470128626722,0.0
FAMSURV26d_W50,female,0.6638969028626722,Neutral (N=0),0.6638969028626722,0.0
FAMSURV29_W50,male,0.5845104465724106,Neutral (N=0),0.5845104465724106,0.0
FAMSURV29_W50,female,0.6430389389010182,Neutral (N=0),0.6430389389010182,0.0
FAMSURV2Ma_W50,male,0.3178960366044198,Neutral (N=0),0.3178960366044198,0.0
FAMSURV2Ma_W50,female,0.3647216166044197,Neutral (N=0),0.3647216166044197,0.0
FAMSURV2Mc_W50,male,0.4299680933627697,Neutral (N=0),0.4299680933627697,0.0
FAMSURV2Mc_W50,female,0.5074361520937267,Neutral (N=0),0.5074361520937267,0.0
FAMSURV2Wa_W50,male,0.19816339930230228,Neutral (N=0),0.19816339930230228,0.0
FAMSURV2Wa_W50,female,0.1929593995426562,Neutral (N=0),0.1929593995426562,0.0
FAMSURV2Wc_W50,male,0.25947110107133503,Neutral (N=0),0.25947110107133503,0.0
FAMSURV2Wc_W50,female,0.25302787107133506,Neutral (N=0),0.25302787107133506,0.0
FAMSURV32e_W50,male,2.2549374370656263,Neutral (N=0),2.2549374370656263,0.0
FAMSURV32e_W50,female,1.9794206670656262,Neutral (N=0),1.9794206670656262,0.0
FAMSURV39_W50,male,0.991348947979104,Neutral (N=0),0.991348947979104,0.0
FAMSURV39_W50,female,1.355555667979104,Neutral (N=0),1.355555667979104,0.0
FAMSURV3_W50,male,0.9317094690707111,Neutral (N=0),0.9317094690707111,0.0
FAMSURV3_W50,female,0.9029244690707111,Neutral (N=0),0.9029244690707111,0.0
FAMSURV40_W50,male,1.1636073416360735,Neutral (N=0),1.1636073416360735,0.0
FAMSURV40_W50,female,1.1492233348266936,Neutral (N=0),1.1492233348266936,0.0
FAMSURV43_W50,male,0.5983140978036752,Neutral (N=0),0.5983140978036752,0.0
FAMSURV43_W50,female,0.5801146441988534,Neutral (N=0),0.5801146441988534,0.0
FAMSURV44_W50,male,0.5582361355823613,Neutral (N=0),0.5582361355823613,0.0
FAMSURV44_W50,female,0.5397146940620222,Neutral (N=0),0.5397146940620222,0.0
FAMSURV6_W50,male,0.7865324899999999,Neutral (N=0),0.7865324899999999,0.0
FAMSURV6_W50,female,0.8066286115901931,Neutral (N=0),0.8066286115901931,0.0
FAMSURV9c_W50,male,0.19857603902763704,Neutral (N=0),0.19857603902763704,0.0
FAMSURV9c_W50,female,0.18403450387719433,Neutral (N=0),0.18403450387719433,0.0
FATHER_W50,male,0.15592723000000003,Neutral (N=0),0.15592723000000003,0.0
FATHER_W50,female,0.1793732,Neutral (N=0),0.1793732,0.0
HAVEKIDS1_W50,male,1.4341164499999999,Neutral (N=0),1.4341164499999999,0.0
HAVEKIDS1_W50,female,1.6648240827653904,Neutral (N=0),1.6648240827653904,0.0
MARRDUR_W50,male,1.2051027075637895,Neutral (N=0),1.2051027075637895,0.0
MARRDUR_W50,female,1.2382454875637892,Neutral (N=0),1.2382454875637892,0.0
MARRYPREF1_W50,male,0.1308211869420186,Neutral (N=0),0.1308211869420186,0.0
MARRYPREF1_W50,female,0.1498705319420186,Neutral (N=0),0.1498705319420186,0.0
MARRYPREF2_W50,male,0.39962724951641004,Neutral (N=0),0.39962724951641004,0.0
MARRYPREF2_W50,female,0.43568883451641,Neutral (N=0),0.43568883451641,0.0
MOTHER_W50,male,0.06515544664270767,Neutral (N=0),0.06515544664270767,0.0
MOTHER_W50,female,0.04213998664270768,Neutral (N=0),0.04213998664270768,0.0
PAR1_W50,male,0.19743545218628203,Neutral (N=0),0.19743545218628203,0.0
PAR1_W50,female,0.17077943329220568,Neutral (N=0),0.17077943329220568,0.0
PAR2_W50,male,0.22044301242192113,Neutral (N=0),0.22044301242192113,0.0
PAR2_W50,female,0.26656169742192126,Neutral (N=0),0.26656169742192126,0.0
ROMRELDUR_W50,male,1.0028628475652703,Neutral (N=0),1.0028628475652703,0.0
ROMRELDUR_W50,female,0.9598674175652703,Neutral (N=0),0.9598674175652703,0.0
ROMRELSER_W50,male,2.33746724,Neutral (N=0),2.33746724,0.0
ROMRELSER_W50,female,2.44888188,Neutral (N=0),2.44888188,0.0
SATLIFEc_W50,male,0.9007436209925637,Neutral (N=0),0.9007436209925637,0.0
SATLIFEc_W50,female,0.8009908340015506,Neutral (N=0),0.8009908340015506,0.0
ECIMPg_W54,male,0.3758366447467152,Neutral (N=0),0.3758366447467152,0.0
ECIMPg_W54,female,0.39695739065049884,Neutral (N=0),0.39695739065049884,0.0
ECON1_W54,male,0.7654823442540236,Neutral (N=0),0.7654823442540236,0.0
ECON1_W54,female,0.9183533342540237,Neutral (N=0),0.9183533342540237,0.0
ECON3_d_W54,male,0.7283466744081915,Neutral (N=0),0.7283466744081915,0.0
ECON3_d_W54,female,0.8671703844081917,Neutral (N=0),0.8671703844081917,0.0
ECON4_a_W54,male,0.6238190756253408,Neutral (N=0),0.6238190756253408,0.0
ECON4_a_W54,female,0.6072497440807252,Neutral (N=0),0.6072497440807252,0.0
ECON4_b_W54,male,0.5411298446104478,Neutral (N=0),0.5411298446104478,0.0
ECON4_b_W54,female,0.516341284057483,Neutral (N=0),0.516341284057483,0.0
ECON4_e_W54,male,0.6796423124988056,Neutral (N=0),0.6796423124988056,0.0
ECON4_e_W54,female,0.6864890324303383,Neutral (N=0),0.6864890324303383,0.0
ECON4_f_W54,male,0.6279511370022013,Neutral (N=0),0.6279511370022013,0.0
ECON4_f_W54,female,0.7321643024970158,Neutral (N=0),0.7321643024970158,0.0
ECON4_g_W54,male,0.5731994841018789,Neutral (N=0),0.5731994841018789,0.0
ECON4_g_W54,female,0.6260271641018791,Neutral (N=0),0.6260271641018791,0.0
ECON5_b_W54,male,0.43033018569669834,Neutral (N=0),0.43033018569669834,0.0
ECON5_b_W54,female,0.47092874767291176,Neutral (N=0),0.47092874767291176,0.0
ECON5_c_W54,male,0.7773282652680223,Neutral (N=0),0.7773282652680223,0.0
ECON5_c_W54,female,0.9878331783263201,Neutral (N=0),0.9878331783263201,0.0
ECON5_d_W54,male,1.1458710329681716,Neutral (N=0),1.1458710329681716,0.0
ECON5_d_W54,female,1.4263344129681716,Neutral (N=0),1.4263344129681716,0.0
ECON5_e_W54,male,0.9778672438968783,Neutral (N=0),0.9778672438968783,0.0
ECON5_e_W54,female,1.296684012964412,Neutral (N=0),1.296684012964412,0.0
ECON5_f_W54,male,0.8445516510628998,Neutral (N=0),0.8445516510628998,0.0
ECON5_f_W54,female,1.0339930434115887,Neutral (N=0),1.0339930434115887,0.0
ECON5_g_W54,male,0.8793833212061668,Neutral (N=0),0.8793833212061668,0.0
ECON5_g_W54,female,0.7248141945248567,Neutral (N=0),0.7248141945248567,0.0
ECON5_h_W54,male,0.5970781638152209,Neutral (N=0),0.5970781638152209,0.0
ECON5_h_W54,female,0.36005612712227,Neutral (N=0),0.36005612712227,0.0
ECON5_i_W54,male,0.4907688455576148,Neutral (N=0),0.4907688455576148,0.0
ECON5_i_W54,female,0.301269803012698,Neutral (N=0),0.301269803012698,0.0
ECON5_j_W54,male,0.9422850746633719,Neutral (N=0),0.9422850746633719,0.0
ECON5_j_W54,female,1.174621063108285,Neutral (N=0),1.174621063108285,0.0
ECON5_k_W54,male,0.5715049657150495,Neutral (N=0),0.5715049657150495,0.0
ECON5_k_W54,female,0.6469039595213731,Neutral (N=0),0.6469039595213731,0.0
FIN_SIT_W54,male,0.9272642663576375,Neutral (N=0),0.9272642663576375,0.0
FIN_SIT_W54,female,0.7999515263576372,Neutral (N=0),0.7999515263576372,0.0
GOVPRIORITYb_W54,male,1.443103929897724,Neutral (N=0),1.443103929897724,0.0
GOVPRIORITYb_W54,female,1.3819294193776712,Neutral (N=0),1.3819294193776712,0.0
GOVPRIORITYc_W54,male,0.5866683042460665,Neutral (N=0),0.5866683042460665,0.0
GOVPRIORITYc_W54,female,0.7198341589747167,Neutral (N=0),0.7198341589747167,0.0
GOVPRIORITYd_W54,male,0.7841822882014677,Neutral (N=0),0.7841822882014677,0.0
GOVPRIORITYd_W54,female,0.9662530990649356,Neutral (N=0),0.9662530990649356,0.0
GOVPRIORITYf_W54,male,1.4633525924330981,Neutral (N=0),1.4633525924330981,0.0
GOVPRIORITYf_W54,female,1.747064812433098,Neutral (N=0),1.747064812433098,0.0
INEQ11_W54,male,0.3267314665182209,Neutral (N=0),0.3267314665182209,0.0
INEQ11_W54,female,0.37536564651822085,Neutral (N=0),0.37536564651822085,0.0
INEQ1_W54,male,0.104148415,Neutral (N=0),0.104148415,0.0
INEQ1_W54,female,0.06402700500000003,Neutral (N=0),0.06402700500000003,0.0
INEQ4_a_W54,male,0.7594683503081042,Neutral (N=0),0.7594683503081042,0.0
INEQ4_a_W54,female,0.789027396390636,Neutral (N=0),0.789027396390636,0.0
INEQ5_a_W54,male,0.3182517333978065,Neutral (N=0),0.3182517333978065,0.0
INEQ5_a_W54,female,0.30522243999999976,Neutral (N=0),0.30522243999999976,0.0
INEQ5_d_W54,male,1.2070703297838288,Neutral (N=0),1.2070703297838288,0.0
INEQ5_d_W54,female,1.1130591397838288,Neutral (N=0),1.1130591397838288,0.0
INEQ5_e_W54,male,0.8843532334148473,Neutral (N=0),0.8843532334148473,0.0
INEQ5_e_W54,female,0.7248269034148471,Neutral (N=0),0.7248269034148471,0.0
INEQ5_f_W54,male,0.3243709279305356,Neutral (N=0),0.3243709279305356,0.0
INEQ5_f_W54,female,0.31912508005682055,Neutral (N=0),0.31912508005682055,0.0
INEQ5_h_W54,male,0.27351082221984885,Neutral (N=0),0.27351082221984885,0.0
INEQ5_h_W54,female,0.29630126244775284,Neutral (N=0),0.29630126244775284,0.0
INEQ5_i_W54,male,0.41998988920454877,Neutral (N=0),0.41998988920454877,0.0
INEQ5_i_W54,female,0.4507762123051889,Neutral (N=0),0.4507762123051889,0.0
INEQ5_k_W54,male,0.7094982030210887,Neutral (N=0),0.7094982030210887,0.0
INEQ5_k_W54,female,0.3784825790730544,Neutral (N=0),0.3784825790730544,0.0
INEQ5_l_W54,male,0.5373487290334221,Neutral (N=0),0.5373487290334221,0.0
INEQ5_l_W54,female,0.7018628090334222,Neutral (N=0),0.7018628090334222,0.0
INEQ5_m_W54,male,0.7893308852883598,Neutral (N=0),0.7893308852883598,0.0
INEQ5_m_W54,female,0.9336742000000001,Neutral (N=0),0.9336742000000001,0.0
INEQ8_a_W54,male,0.6828139633253171,Neutral (N=0),0.6828139633253171,0.0
INEQ8_a_W54,female,1.0267956723157288,Neutral (N=0),1.0267956723157288,0.0
INEQ8_b_W54,male,1.2006893545264106,Neutral (N=0),1.2006893545264106,0.0
INEQ8_b_W54,female,1.4865796145264105,Neutral (N=0),1.4865796145264105,0.0
INEQ8_c_W54,male,0.9709580118593049,Neutral (N=0),0.9709580118593049,0.0
INEQ8_c_W54,female,1.1874471818593046,Neutral (N=0),1.1874471818593046,0.0
INEQ8_d_W54,male,0.9777569685080181,Neutral (N=0),0.9777569685080181,0.0
INEQ8_d_W54,female,1.1610976000000002,Neutral (N=0),1.1610976000000002,0.0
INEQ8_f_W54,male,1.3504719421338356,Neutral (N=0),1.3504719421338356,0.0
INEQ8_f_W54,female,1.6148968094895872,Neutral (N=0),1.6148968094895872,0.0
INEQ8_g_W54,male,0.7690456313729365,Neutral (N=0),0.7690456313729365,0.0
INEQ8_g_W54,female,1.0793340813729362,Neutral (N=0),1.0793340813729362,0.0
INEQ8_h_W54,male,0.5974545588498774,Neutral (N=0),0.5974545588498774,0.0
INEQ8_h_W54,female,0.6921422288498774,Neutral (N=0),0.6921422288498774,0.0
INEQ8_i_W54,male,0.6856150067613441,Neutral (N=0),0.6856150067613441,0.0
INEQ8_i_W54,female,0.9435021877311542,Neutral (N=0),0.9435021877311542,0.0
INEQ8_j_W54,male,0.7969836404743887,Neutral (N=0),0.7969836404743887,0.0
INEQ8_j_W54,female,0.9005913781195007,Neutral (N=0),0.9005913781195007,0.0
JOBTRAIN_W54,male,0.2844294732905447,Neutral (N=0),0.2844294732905447,0.0
JOBTRAIN_W54,female,0.283192030223125,Neutral (N=0),0.283192030223125,0.0
WORRY2a_W54,male,0.9428182671432698,Neutral (N=0),0.9428182671432698,0.0
WORRY2a_W54,female,1.2381881902393346,Neutral (N=0),1.2381881902393346,0.0
WORRY2b_W54,male,0.3878204290272875,Neutral (N=0),0.3878204290272875,0.0
WORRY2b_W54,female,0.4021552490272877,Neutral (N=0),0.4021552490272877,0.0
WORRY2c_W54,male,0.8444683668198607,Neutral (N=0),0.8444683668198607,0.0
WORRY2c_W54,female,1.1305128268198605,Neutral (N=0),1.1305128268198605,0.0
WORRY2d_W54,male,0.4848096569677832,Neutral (N=0),0.4848096569677832,0.0
WORRY2d_W54,female,0.6157477523006795,Neutral (N=0),0.6157477523006795,0.0
WORRY2e_W54,male,0.8413612674875822,Neutral (N=0),0.8413612674875822,0.0
WORRY2e_W54,female,1.0448027874875825,Neutral (N=0),1.0448027874875825,0.0
GAP21Q10_W82,male,0.2700277285113517,Neutral (N=0),0.2700277285113517,0.0
GAP21Q10_W82,female,0.2640369085113517,Neutral (N=0),0.2640369085113517,0.0
GAP21Q13_b_W82,male,1.1419510199999996,Neutral (N=0),1.1419510199999996,0.0
GAP21Q13_b_W82,female,1.2101209699999997,Neutral (N=0),1.2101209699999997,0.0
GAP21Q15_a_W82,male,0.7260422699507099,Neutral (N=0),0.7260422699507099,0.0
GAP21Q15_a_W82,female,0.6922897402061453,Neutral (N=0),0.6922897402061453,0.0
GAP21Q15_b_W82,male,0.8496091927476235,Neutral (N=0),0.8496091927476235,0.0
GAP21Q15_b_W82,female,0.6686198645575167,Neutral (N=0),0.6686198645575167,0.0
GAP21Q15_c_W82,male,0.8385577034681952,Neutral (N=0),0.8385577034681952,0.0
GAP21Q15_c_W82,female,0.7027212145178828,Neutral (N=0),0.7027212145178828,0.0
GAP21Q15_d_W82,male,1.476937656353699,Neutral (N=0),1.476937656353699,0.0
GAP21Q15_d_W82,female,0.9910338652526759,Neutral (N=0),0.9910338652526759,0.0
GAP21Q15_e_W82,male,0.9862744922705523,Neutral (N=0),0.9862744922705523,0.0
GAP21Q15_e_W82,female,0.6678576722705523,Neutral (N=0),0.6678576722705523,0.0
GAP21Q15_f_W82,male,1.1374691415665028,Neutral (N=0),1.1374691415665028,0.0
GAP21Q15_f_W82,female,0.7926560341176617,Neutral (N=0),0.7926560341176617,0.0
GAP21Q17_W82,male,0.6281615529370244,Neutral (N=0),0.6281615529370244,0.0
GAP21Q17_W82,female,0.6492536479129999,Neutral (N=0),0.6492536479129999,0.0
GAP21Q19_a_W82,male,0.7562819668078393,Neutral (N=0),0.7562819668078393,0.0
GAP21Q19_a_W82,female,0.9249953568078391,Neutral (N=0),0.9249953568078391,0.0
GAP21Q19_b_W82,male,1.6327511565585393,Neutral (N=0),1.6327511565585393,0.0
GAP21Q19_b_W82,female,1.4485912003088406,Neutral (N=0),1.4485912003088406,0.0
GAP21Q19_c_W82,male,0.8685775699999999,Neutral (N=0),0.8685775699999999,0.0
GAP21Q19_c_W82,female,0.8143969099999999,Neutral (N=0),0.8143969099999999,0.0
GAP21Q19_d_W82,male,0.5957659756459681,Neutral (N=0),0.5957659756459681,0.0
GAP21Q19_d_W82,female,0.6528447265284472,Neutral (N=0),0.6528447265284472,0.0
GAP21Q19_e_W82,male,0.6400394599999999,Neutral (N=0),0.6400394599999999,0.0
GAP21Q19_e_W82,female,0.60781171,Neutral (N=0),0.60781171,0.0
GAP21Q21_a_W82,male,0.2771923719373166,Neutral (N=0),0.2771923719373166,0.0
GAP21Q21_a_W82,female,0.28080041193731664,Neutral (N=0),0.28080041193731664,0.0
GAP21Q21_e_W82,male,0.7545182896018341,Neutral (N=0),0.7545182896018341,0.0
GAP21Q21_e_W82,female,0.7450609725493903,Neutral (N=0),0.7450609725493903,0.0
GAP21Q23_W82,male,1.145692546810189,Neutral (N=0),1.145692546810189,0.0
GAP21Q23_W82,female,1.4184832368101892,Neutral (N=0),1.4184832368101892,0.0
GAP21Q24_W82,male,0.5721152401886037,Neutral (N=0),0.5721152401886037,0.0
GAP21Q24_W82,female,0.5464459699319111,Neutral (N=0),0.5464459699319111,0.0
GAP21Q25_W82,male,0.4761542986435919,Neutral (N=0),0.4761542986435919,0.0
GAP21Q25_W82,female,0.6177706286435918,Neutral (N=0),0.6177706286435918,0.0
GAP21Q26_a_W82,male,0.85814784,Neutral (N=0),0.85814784,0.0
GAP21Q26_a_W82,female,0.8811806499999998,Neutral (N=0),0.8811806499999998,0.0
GAP21Q26_b_W82,male,1.4323695590860652,Neutral (N=0),1.4323695590860652,0.0
GAP21Q26_b_W82,female,1.2440928690860655,Neutral (N=0),1.2440928690860655,0.0
GAP21Q26_c_W82,male,0.8907878548402934,Neutral (N=0),0.8907878548402934,0.0
GAP21Q26_c_W82,female,0.6328903748402934,Neutral (N=0),0.6328903748402934,0.0
GAP21Q27_W82,male,0.20319522320980263,Neutral (N=0),0.20319522320980263,0.0
GAP21Q27_W82,female,0.15697183820980265,Neutral (N=0),0.15697183820980265,0.0
GAP21Q28_W82,male,0.5273664601502546,Neutral (N=0),0.5273664601502546,0.0
GAP21Q28_W82,female,0.6524161602303127,Neutral (N=0),0.6524161602303127,0.0
GAP21Q31_W82,male,0.4034561986474989,Neutral (N=0),0.4034561986474989,0.0
GAP21Q31_W82,female,0.35404180555791465,Neutral (N=0),0.35404180555791465,0.0
GAP21Q32_W82,male,0.6099859001237664,Neutral (N=0),0.6099859001237664,0.0
GAP21Q32_W82,female,0.539971048353256,Neutral (N=0),0.539971048353256,0.0
GAP21Q33_c_W82,male,0.1836574744268189,Neutral (N=0),0.1836574744268189,0.0
GAP21Q33_c_W82,female,0.23089556442681874,Neutral (N=0),0.23089556442681874,0.0
GAP21Q33_g_W82,male,0.5678921863345814,Neutral (N=0),0.5678921863345814,0.0
GAP21Q33_g_W82,female,0.5089306538797163,Neutral (N=0),0.5089306538797163,0.0
GAP21Q33_i_W82,male,0.3585564030173392,Neutral (N=0),0.3585564030173392,0.0
GAP21Q33_i_W82,female,0.27098640914766275,Neutral (N=0),0.27098640914766275,0.0
GAP21Q33_j_W82,male,0.3620609784904006,Neutral (N=0),0.3620609784904006,0.0
GAP21Q33_j_W82,female,0.2288566098224441,Neutral (N=0),0.2288566098224441,0.0
GAP21Q33_m_W82,male,0.30112381517904974,Neutral (N=0),0.30112381517904974,0.0
GAP21Q33_m_W82,female,0.3505594578786928,Neutral (N=0),0.3505594578786928,0.0
GAP21Q33_n_W82,male,0.8043846681871629,Neutral (N=0),0.8043846681871629,0.0
GAP21Q33_n_W82,female,0.7516578181871629,Neutral (N=0),0.7516578181871629,0.0
GAP21Q33_q_W82,male,0.3723422744062884,Neutral (N=0),0.3723422744062884,0.0
GAP21Q33_q_W82,female,0.26092544000000006,Neutral (N=0),0.26092544000000006,0.0
GAP21Q33_r_W82,male,0.2579246999999999,Neutral (N=0),0.2579246999999999,0.0
GAP21Q33_r_W82,female,0.2879798599999999,Neutral (N=0),0.2879798599999999,0.0
GAP21Q33_s_W82,male,0.23701981241688935,Neutral (N=0),0.23701981241688935,0.0
GAP21Q33_s_W82,female,0.33459747460354095,Neutral (N=0),0.33459747460354095,0.0
GAP21Q34_a_W82,male,0.6861222244210106,Neutral (N=0),0.6861222244210106,0.0
GAP21Q34_a_W82,female,0.5409496929178336,Neutral (N=0),0.5409496929178336,0.0
GAP21Q34_b_W82,male,1.47973373891553,Neutral (N=0),1.47973373891553,0.0
GAP21Q34_b_W82,female,1.5885207558852077,Neutral (N=0),1.5885207558852077,0.0
GAP21Q34_c_W82,male,1.1650915971853273,Neutral (N=0),1.1650915971853273,0.0
GAP21Q34_c_W82,female,1.351776471650809,Neutral (N=0),1.351776471650809,0.0
GAP21Q34_d_W82,male,0.7891397457547006,Neutral (N=0),0.7891397457547006,0.0
GAP21Q34_d_W82,female,0.6094094689106965,Neutral (N=0),0.6094094689106965,0.0
GAP21Q34_e_W82,male,0.40750096711211403,Neutral (N=0),0.40750096711211403,0.0
GAP21Q34_e_W82,female,0.40360001711211396,Neutral (N=0),0.40360001711211396,0.0
GAP21Q34_f_W82,male,0.5847113122130483,Neutral (N=0),0.5847113122130483,0.0
GAP21Q34_f_W82,female,0.40400181710877536,Neutral (N=0),0.40400181710877536,0.0
GAP21Q38_a_W82,male,0.6248440210537478,Neutral (N=0),0.6248440210537478,0.0
GAP21Q38_a_W82,female,0.6646877110537477,Neutral (N=0),0.6646877110537477,0.0
GAP21Q38_b_W82,male,0.5321750256367945,Neutral (N=0),0.5321750256367945,0.0
GAP21Q38_b_W82,female,0.6862217289082106,Neutral (N=0),0.6862217289082106,0.0
GAP21Q38_c_W82,male,0.4349318066423056,Neutral (N=0),0.4349318066423056,0.0
GAP21Q38_c_W82,female,0.5894384466423055,Neutral (N=0),0.5894384466423055,0.0
GAP21Q41_W82,male,1.087589357862898,Neutral (N=0),1.087589357862898,0.0
GAP21Q41_W82,female,1.119572617862898,Neutral (N=0),1.119572617862898,0.0
GAP21Q43_g_W82,male,0.46082400496608,Neutral (N=0),0.46082400496608,0.0
GAP21Q43_g_W82,female,0.42871812775665324,Neutral (N=0),0.42871812775665324,0.0
GAP21Q47_W82,male,1.0633034806861523,Neutral (N=0),1.0633034806861523,0.0
GAP21Q47_W82,female,0.9829269906861524,Neutral (N=0),0.9829269906861524,0.0
GAP21Q4_a_W82,male,1.3817374009041656,Neutral (N=0),1.3817374009041656,0.0
GAP21Q4_a_W82,female,1.3023510800000002,Neutral (N=0),1.3023510800000002,0.0
GAP21Q4_b_W82,male,0.5790930190463254,Neutral (N=0),0.5790930190463254,0.0
GAP21Q4_b_W82,female,0.6735183122558833,Neutral (N=0),0.6735183122558833,0.0
GAP21Q4_c_W82,male,1.048080349542618,Neutral (N=0),1.048080349542618,0.0
GAP21Q4_c_W82,female,0.9744595695426179,Neutral (N=0),0.9744595695426179,0.0
GAP21Q4_d_W82,male,1.0648544422087047,Neutral (N=0),1.0648544422087047,0.0
GAP21Q4_d_W82,female,1.094683352506994,Neutral (N=0),1.094683352506994,0.0
GAP21Q4_e_W82,male,0.770529333180653,Neutral (N=0),0.770529333180653,0.0
GAP21Q4_e_W82,female,0.7388158241196912,Neutral (N=0),0.7388158241196912,0.0
GAP21Q4_f_W82,male,1.1828971069249987,Neutral (N=0),1.1828971069249987,0.0
GAP21Q4_f_W82,female,1.1433951787581034,Neutral (N=0),1.1433951787581034,0.0
GAP21Q7_a_W82,male,0.9515164072310152,Neutral (N=0),0.9515164072310152,0.0
GAP21Q7_a_W82,female,0.8659500472310153,Neutral (N=0),0.8659500472310153,0.0
GAP21Q7_b_W82,male,0.22973274999999996,Neutral (N=0),0.22973274999999996,0.0
GAP21Q7_b_W82,female,0.39436473,Neutral (N=0),0.39436473,0.0
GAP21Q7_d_W82,male,1.1416592208463823,Neutral (N=0),1.1416592208463823,0.0
GAP21Q7_d_W82,female,0.9374069208463821,Neutral (N=0),0.9374069208463821,0.0
BILLION_W92,male,0.1770722898294914,Neutral (N=0),0.1770722898294914,0.0
BILLION_W92,female,0.20411060482949145,Neutral (N=0),0.20411060482949145,0.0
CANDEXP_W92,male,0.3956185781854554,Neutral (N=0),0.3956185781854554,0.0
CANDEXP_W92,female,0.4466961281854554,Neutral (N=0),0.4466961281854554,0.0
ELECT_CONF3_PRVFR_W92,male,1.3864126103941103,Neutral (N=0),1.3864126103941103,0.0
ELECT_CONF3_PRVFR_W92,female,1.4110200003941105,Neutral (N=0),1.4110200003941105,0.0
ELECT_CONF3_PRVSUP_W92,male,0.8035238773630275,Neutral (N=0),0.8035238773630275,0.0
ELECT_CONF3_PRVSUP_W92,female,0.7473213418494364,Neutral (N=0),0.7473213418494364,0.0
ELECT_IMPT3_PRVFR_W92,male,1.6696218311495947,Neutral (N=0),1.6696218311495947,0.0
ELECT_IMPT3_PRVFR_W92,female,1.5062911566800647,Neutral (N=0),1.5062911566800647,0.0
FREECOLL_W92,male,0.6130277599999998,Neutral (N=0),0.6130277599999998,0.0
FREECOLL_W92,female,0.8673779208726724,Neutral (N=0),0.8673779208726724,0.0
GODMORALIMP_W92,male,0.38405761992323884,Neutral (N=0),0.38405761992323884,0.0
GODMORALIMP_W92,female,0.39480355992323884,Neutral (N=0),0.39480355992323884,0.0
LEGALIMMIGAMT_W92,male,0.2732053400000001,Neutral (N=0),0.2732053400000001,0.0
LEGALIMMIGAMT_W92,female,0.22700324000000005,Neutral (N=0),0.22700324000000005,0.0
POLINTOL2_a_W92,male,0.6879824915623696,Neutral (N=0),0.6879824915623696,0.0
POLINTOL2_a_W92,female,0.8134418815623696,Neutral (N=0),0.8134418815623696,0.0
PROG_RNEED_W92,male,0.4842477399852997,Neutral (N=0),0.4842477399852997,0.0
PROG_RNEED_W92,female,0.3195822499852996,Neutral (N=0),0.3195822499852996,0.0
RACESURV52MOD_W92,male,0.35932216,Neutral (N=0),0.35932216,0.0
RACESURV52MOD_W92,female,0.40870076,Neutral (N=0),0.40870076,0.0
REPRSNTDEM_W92,male,1.0811216224083062,Neutral (N=0),1.0811216224083062,0.0
REPRSNTDEM_W92,female,1.3127079300924431,Neutral (N=0),1.3127079300924431,0.0
REPRSNTREP_W92,male,0.8422703625199532,Neutral (N=0),0.8422703625199532,0.0
REPRSNTREP_W92,female,0.8486927147469037,Neutral (N=0),0.8486927147469037,0.0
SOCIETY_GUNS_W92,male,0.6882431739072288,Neutral (N=0),0.6882431739072288,0.0
SOCIETY_GUNS_W92,female,1.003217513907229,Neutral (N=0),1.003217513907229,0.0
SOCIETY_RELG_W92,male,1.2887765995358325,Neutral (N=0),1.2887765995358325,0.0
SOCIETY_RELG_W92,female,1.3790827595358326,Neutral (N=0),1.3790827595358326,0.0
SOCIETY_RHIST_W92,male,0.6785555340425022,Neutral (N=0),0.6785555340425022,0.0
SOCIETY_RHIST_W92,female,0.5841119240425022,Neutral (N=0),0.5841119240425022,0.0
SOCIETY_SSM_W92,male,0.8468478439572932,Neutral (N=0),0.8468478439572932,0.0
SOCIETY_SSM_W92,female,0.6737998620143897,Neutral (N=0),0.6737998620143897,0.0
SOCIETY_TRANS_W92,male,1.2453700834600174,Neutral (N=0),1.2453700834600174,0.0
SOCIETY_TRANS_W92,female,1.0120329432547377,Neutral (N=0),1.0120329432547377,0.0
SOCIETY_WHT_W92,male,0.15321491193389022,Neutral (N=0),0.15321491193389022,0.0
SOCIETY_WHT_W92,female,0.13074511533478428,Neutral (N=0),0.13074511533478428,0.0
UNIMMIGCOMM_W92,male,0.58231037809221,Neutral (N=0),0.58231037809221,0.0
UNIMMIGCOMM_W92,female,0.6685682519576568,Neutral (N=0),0.6685682519576568,0.0
USEXCEPT_W92,male,0.29205377764293583,Neutral (N=0),0.29205377764293583,0.0
USEXCEPT_W92,female,0.27698182723018183,Neutral (N=0),0.27698182723018183,0.0
USMILSIZ_W92,male,0.608822838710495,Neutral (N=0),0.608822838710495,0.0
USMILSIZ_W92,female,0.6806617458735095,Neutral (N=0),0.6806617458735095,0.0
WHADVANT_W92,male,0.4229406336977607,Neutral (N=0),0.4229406336977607,0.0
WHADVANT_W92,female,0.6275810483647675,Neutral (N=0),0.6275810483647675,0.0
CARRYGUN_W26,male,0.69246438,Declared,0.6352443321485836,0.05722004785141643
CARRYGUN_W26,female,0.3511128797923859,Declared,0.514781611222108,-0.16366873142972205
GROWUPGUN2A_W26,male,0.03414348496241226,Declared,0.06505204049465962,-0.03090855553224736
GROWUPGUN2A_W26,female,0.11297245886147023,Declared,0.09151012049465967,0.02146233836681055
GROWUPGUN2B_W26,male,0.224591947073411,Declared,0.22983998932083316,-0.005248042247422147
GROWUPGUN2B_W26,female,0.20521020675239954,Declared,0.29967354932083323,-0.0944633425684337
GROWUPGUN2C_W26,male,0.40725646000000004,Declared,0.39828230606788084,0.0089741539321192
GROWUPGUN2C_W26,female,0.5194602633257167,Declared,0.5239607960678808,-0.0045005327421641095
GROWUPGUN4_W26,male,0.9200900970684052,Declared,0.6923866515464225,0.22770344552198263
GROWUPGUN4_W26,female,0.7699761016687316,Declared,0.6725706915464226,0.09740541012230908
GROWUPGUN6_W26,male,0.7804414555458561,Declared,0.9625836391886997,-0.18214218364284362
GROWUPGUN6_W26,female,0.6253334266416767,Declared,0.5523421291257267,0.07299129751595002
GROWUPGUN7_W26,male,1.0316020314034564,Declared,1.1728528032886918,-0.14125077188523538
GROWUPGUN7_W26,female,0.7437041866854254,Declared,0.37802060359160805,0.3656835830938173
GROWUPVIOL_W26,male,0.35639590308359614,Declared,0.5627268990992969,-0.2063309960157007
GROWUPVIOL_W26,female,0.4978304082800082,Declared,0.6679797690992968,-0.1701493608192886
GUNACCESS_W26,male,1.0689216061179343,Declared,0.8129541776509535,0.25596742846698084
GUNACCESS_W26,female,0.5776930323521585,Declared,0.5444751949365942,0.03321783741556428
GUNACTIVITYA_W26,male,1.112106157240146,Declared,1.0585996993804045,0.05350645785974151
GUNACTIVITYA_W26,female,1.6533460691022897,Declared,1.4637214893804047,0.18962457972188496
GUNACTIVITYB_W26,male,0.5815493732611872,Declared,0.5920836731558441,-0.010534299894656929
GUNACTIVITYB_W26,female,0.30114429877071547,Declared,0.3965520460344795,-0.09540774726376405
GUNCONTRIBA_W26,male,0.7139322605771118,Declared,0.9558946803306014,-0.24196241975348964
GUNCONTRIBA_W26,female,0.3788908999999999,Declared,0.6254407826207984,-0.24654988262079847
GUNCONTRIBC_W26,male,0.8013724301834674,Declared,0.8298523870507324,-0.02847995686726501
GUNCONTRIBC_W26,female,0.37150528159486357,Declared,0.5921572978570506,-0.22065201626218706
GUNCONTRIBE_W26,male,0.46214018797233686,Declared,0.3217055973772885,0.14043459059504837
GUNCONTRIBE_W26,female,0.4413881180810495,Declared,0.4441519761068218,-0.002763858025772281
GUNCONTRIBF_W26,male,0.7886732998987673,Declared,0.7554263424457367,0.033246957453030634
GUNCONTRIBF_W26,female,0.5877334684873421,Declared,0.5805968311687157,0.007136637318626349
GUNFRIEND_W26,male,0.8106623647301633,Declared,1.2253966235645217,-0.41473425883435844
GUNFRIEND_W26,female,0.6813690642480945,Declared,1.0308374635645219,-0.34946839931642737
GUNIDENTITY_W26,male,1.1888091699999999,Declared,1.1854432799999999,0.0033658899999999825
GUNIDENTITY_W26,female,0.4796203377406174,Declared,1.15334606,-0.6737257222593827
GUNLOADED1_W26,male,0.3179793064454102,Declared,0.3183665148126016,-0.00038720836719136065
GUNLOADED1_W26,female,0.2016569930565538,Declared,0.30928262000000006,-0.10762562694344627
GUNLOADED2_W26,male,0.4895224730512625,Declared,0.5271194614884963,-0.0375969884372338
GUNLOADED2_W26,female,0.5239592743222072,Declared,0.5191832314884963,0.004776042833710914
GUNLOCKED1_W26,male,0.1704893799784823,Declared,0.16512952942827785,0.005359850550204437
GUNLOCKED1_W26,female,0.2862897063104559,Declared,0.26803790000000005,0.018251806310455865
GUNLOCKED2_W26,male,0.32457711254739346,Declared,0.3315275148293963,-0.006950402282002832
GUNLOCKED2_W26,female,0.3641268160467318,Declared,0.3242147248293963,0.03991209121733552
GUNRESPKIDSD_W26,male,1.0499125678451502,Declared,1.2819158267510027,-0.2320032589058525
GUNRESPKIDSD_W26,female,0.6654461994515148,Declared,1.300588563005886,-0.6351423635543711
GUNRESPKIDSE_W26,male,0.768020603848695,Declared,0.88936477239952,-0.12134416855082508
GUNRESPKIDSE_W26,female,0.3360761300679328,Declared,0.4882611796816514,-0.1521850496137186
GUNRESPNOKIDSA_W26,male,0.37935004188031407,Declared,0.374309708305958,0.005040333574356071
GUNRESPNOKIDSA_W26,female,0.30158920115933585,Declared,0.33596742315353756,-0.03437822199420171
GUNRESPNOKIDSB_W26,male,0.33121710755525297,Declared,0.2026761316211017,0.12854097593415126
GUNRESPNOKIDSB_W26,female,0.41910936244064956,Declared,0.22944868364540505,0.1896606787952445
GUNRESPNOKIDSC_W26,male,0.3595563399999999,Declared,0.44215672906710424,-0.08260038906710432
GUNRESPNOKIDSC_W26,female,0.22541896004503292,Declared,0.5467723954677237,-0.3213534354226908
GUNRESPNOKIDSD_W26,male,1.0726889043462864,Declared,0.4857087130824359,0.5869801912638505
GUNRESPNOKIDSD_W26,female,0.77271043,Declared,0.4225722764506976,0.35013815354930233
GUNRESPNOKIDSE_W26,male,0.5576538436144678,Declared,0.1275664411633095,0.4300874024511583
GUNRESPNOKIDSE_W26,female,0.16827613271556208,Declared,0.3321955166326389,-0.16391938391707683
GUNRESPNOKIDSF_W26,male,0.6409154144773214,Declared,0.4597654491839034,0.18114996529341798
GUNRESPNOKIDSF_W26,female,0.29206624243936263,Declared,0.23532797733574062,0.05673826510362201
GUNSAFETYKIDS_W26,male,0.1161314264462529,Declared,0.10867505358642635,0.00745637285982656
GUNSAFETYKIDS_W26,female,0.14778337999999985,Declared,0.1720541285864263,-0.024270748586426444
GUNSAFE_W26,male,0.03567997641422199,Declared,0.019813011703225636,0.015866964710996356
GUNSAFE_W26,female,0.06325943359719954,Declared,0.03870076829677438,0.024558665300425164
GUNTYPEOWNC_W26,male,0.7071357715879427,Declared,0.7570073707030065,-0.04987159911506378
GUNTYPEOWNC_W26,female,0.1535763603335351,Declared,1.0999524707030064,-0.9463761103694712
NOCARRYGUN_W26,male,0.34866115258141905,Declared,0.37110889999999996,-0.02244774741858091
NOCARRYGUN_W26,female,0.22855379556930522,Declared,0.29785216999999997,-0.06929837443069475
REASONGUNA_W26,male,0.944313613323229,Declared,1.1455050485449494,-0.20119143522172034
REASONGUNA_W26,female,0.9691558333274638,Declared,1.1984022043712683,-0.22924637104380452
REASONGUNB_W26,male,0.5893573210574766,Declared,0.8897650432173028,-0.30040772215982614
REASONGUNB_W26,female,0.5148522819681973,Declared,0.5849106641508934,-0.07005838218269611
REASONGUNC_W26,male,0.38410198877252627,Declared,0.9263513040686612,-0.542249315296135
REASONGUNC_W26,female,0.46659380022580355,Declared,0.639880312226047,-0.17328651200024348
REASONGUND_W26,male,0.1933534847163942,Declared,0.27269692077132834,-0.07934343605493413
REASONGUND_W26,female,0.11472222820123631,Declared,0.21294180077132835,-0.09821957257009203
REASONGUNE_W26,male,0.16061551877989758,Declared,0.26710460185346796,-0.10648908307357038
REASONGUNE_W26,female,0.24152824007864884,Declared,0.276351811853468,-0.03482357177481918
SHOOTFREQ_W26,male,0.5176775265663837,Declared,0.8568094700000002,-0.3391319434336165
SHOOTFREQ_W26,female,0.9020561857507152,Declared,0.5499109099999999,0.3521452757507153
WORRYB_W26,male,0.2712679837199124,Declared,0.1740146939365154,0.097253289783397
WORRYB_W26,female,0.315756777189359,Declared,0.3422626449137286,-0.02650586772436958
WORRYD_W26,male,0.320417647698238,Declared,0.26280814211574266,0.057609505582495335
WORRYD_W26,female,0.43295399385206024,Declared,0.1299839721157427,0.30297002173631754
WORRYE_W26,male,0.3769072769679314,Declared,0.28443384267769406,0.09247343429023736
WORRYE_W26,female,0.4444204145779568,Declared,0.3210353325645773,0.1233850820133795
WORRYF_W26,male,0.27588837092038104,Declared,0.1326135164066497,0.14327485451373134
WORRYF_W26,female,0.26113530748400193,Declared,0.2332662055331648,0.02786910195083714
BOYSF1B_W29,male,0.5885132359503615,Declared,0.28630486982753367,0.30220836612282787
BOYSF1B_W29,female,0.7103637024895249,Declared,0.39059688482753363,0.3197668176619912
FAVORS_CPS_W29,male,1.5256667668044666,Declared,0.8843795393067612,0.6412872274977054
FAVORS_CPS_W29,female,3.0565842550400584,Declared,1.03588115123667,2.0207031038033882
FEM2_W29,female,1.6280175300000002,Declared,1.5514268479467481,0.07659068205325203
GIRLSF2C_W29,male,0.35846715544302843,Declared,0.32704036,0.031426795443028455
GIRLSF2C_W29,female,0.6999945508369589,Declared,0.3786161375814388,0.32137841325552013
GIRLSF2D_W29,male,0.2648717275677272,Declared,0.3093124766789123,-0.04444074911118512
GIRLSF2D_W29,female,0.6303024819857224,Declared,0.36462663366463477,0.2656758483210876
GOPDIRCT_W29,male,1.0500485648404907,Declared,0.6865051285599693,0.36354343628052144
GOPDIRCT_W29,female,1.025376846740341,Declared,0.8293337444787305,0.19604310226161048
HOOD_NHISB_W29,male,1.7744297642955025,Declared,1.7471422506218355,0.027287513673666997
HOOD_NHISB_W29,female,1.5625747064536486,Declared,1.6749380806218357,-0.11236337416818709
LOCALELECT_W29,male,1.1874577373275605,Declared,1.0530839128804086,0.13437382444715196
LOCALELECT_W29,female,0.7033660690130521,Declared,0.9291449028804084,-0.2257788338673563
MAN1A_W29,male,0.766954905307926,Declared,0.5319068439676139,0.2350480613403121
MAN1A_W29,female,0.8491453769829076,Declared,1.2937150088114502,-0.4445696318285426
MAN1B_W29,male,0.310492917272188,Declared,0.33666898103128234,-0.02617606375909437
MAN1B_W29,female,0.7851531528908107,Declared,0.9598164512055064,-0.17466329831469574
MAN1C_W29,male,0.6329752852803532,Declared,0.6358293980061533,-0.002854112725800162
MAN1C_W29,female,1.3510631036894427,Declared,1.2756988080061533,0.0753642956832894
MAN1D_W29,male,0.891366384026987,Declared,0.6881621522097698,0.20320423181721714
MAN1D_W29,female,0.6682020300921219,Declared,0.9091391418172172,-0.24093711172509535
MAN1E_W29,male,1.0969382487225032,Declared,0.5883599463632798,0.5085783023592234
MAN1E_W29,female,1.0799682141035918,Declared,1.0332810163632797,0.04668719774031205
MASC2_W29,male,1.5816685358166855,Declared,1.4614364709041956,0.12023206491248994
MASC2_W29,female,0.7567399754043985,Declared,0.6855084705652541,0.07123150483914442
S12_W29,male,0.7979347752145373,Declared,1.3042694636701377,-0.5063346884556005
S12_W29,female,0.49847436571763126,Declared,1.3716933036701375,-0.8732189379525063
S13_W29,male,0.7243846849596361,Declared,1.9049369783381054,-1.1805522933784691
S13_W29,female,0.551789245497146,Declared,2.1129376762580985,-1.5611484307609524
SEENFEM_W29,female,0.9187072491870725,Declared,0.8090918899152008,0.10961535927187172
SEENMASC_W29,male,1.0031197507464908,Declared,0.49808964605455786,0.505030104691933
SEENMASC_W29,female,0.5614552050835836,Declared,0.8675576333778816,-0.306102428294298
TALK_CPS_W29,male,0.9453819992591851,Declared,0.9875667793048786,-0.04218478004569348
TALK_CPS_W29,female,1.8797217182483688,Declared,0.8896940393048788,0.99002767894349
WORRYBILL_W29,male,0.7161259133468572,Declared,0.5865577469559924,0.12956816639086477
WORRYBILL_W29,female,1.154747381646023,Declared,0.6442765469559923,0.5104708346900306
CLASS_W32,male,0.4369945948657177,Declared,0.2530692804346943,0.1839253144310234
CLASS_W32,female,0.63106942,Declared,0.3035854004346942,0.3274840195653058
COMMIMPA_W32,male,0.7314681931781125,Declared,0.6651369620663932,0.06633123111171935
COMMIMPA_W32,female,0.5173261268077203,Declared,0.5939062623726051,-0.07658013556488485
COMMIMPB_W32,male,0.49473482653308853,Declared,0.3850054184556585,0.10972940807743004
COMMIMPB_W32,female,0.3120647184090649,Declared,0.27670031845565857,0.035364399953406345
COMMIMPC_W32,male,0.7336698292749888,Declared,1.0414240619836561,-0.3077542327086673
COMMIMPC_W32,female,0.7339219289366349,Declared,0.7988564063392558,-0.06493447740262093
COMMIMPF_W32,male,0.7961741302484413,Declared,0.6009492529235306,0.19522487732491067
COMMIMPF_W32,female,0.5226143290469843,Declared,0.5887927829235307,-0.0661784538765463
COMMIMPG_W32,male,0.9268884660235783,Declared,0.67878041,0.24810805602357833
COMMIMPG_W32,female,0.6328183556724235,Declared,0.6741840500000001,-0.04136569432757664
COMMIMPH_W32,male,0.8716818449686832,Declared,0.6466937394893232,0.22498810547936
COMMIMPH_W32,female,0.849241301333763,Declared,0.8080869994893232,0.0411543018444398
COMMYRS_W32,male,0.7908158537974346,Declared,0.9462499051253532,-0.15543405132791865
COMMYRS_W32,female,1.717823326156302,Declared,0.9500603831874258,0.7677629429688763
ETHNCMAJ_W32,male,0.08195025499999994,Declared,0.09839505576506365,-0.016444800765063702
ETHNCMAJ_W32,female,0.13155324000000002,Declared,0.07936961076506367,0.05218362923493634
GAYMARR2_W32,male,0.8887581906383851,Declared,0.5058012211403422,0.3829569694980429
GAYMARR2_W32,female,0.3449929225978707,Declared,0.5593161248396967,-0.21432320224182605
HARASS2F1_W32,male,0.05903347893657243,Declared,0.07126788144268523,-0.012234402506112796
HARASS2F1_W32,female,0.08835923237618057,Declared,0.08283185180013836,0.005527380576042212
IMMIMPACT_W32,male,0.1567475746153814,Declared,0.15198473028756626,0.004762844327815152
IMMIMPACT_W32,female,0.15064437432637623,Declared,0.15872019028756623,-0.008075815961190003
MOVERURAL_W32,male,0.12853231192907033,Declared,0.17501850282349674,-0.046486190894426405
MOVERURAL_W32,female,0.7054081402395156,Declared,0.20596940113862283,0.49943873910089276
MOVESUBURB_W32,male,0.2994245075969809,Declared,0.3803811796377573,-0.08095667204077639
MOVESUBURB_W32,female,0.47110424521792627,Declared,0.23470826928691857,0.2363959759310077
MOVEURBAN_W32,male,0.3623033475863303,Declared,0.40372787596272136,-0.041424528376391045
MOVEURBAN_W32,female,0.5418558327313351,Declared,0.3904110201904366,0.15144481254089848
NEIGHINTERA_W32,male,1.4365748719200204,Declared,0.44286603603250774,0.9937088358875127
NEIGHINTERA_W32,female,1.8874413057079582,Declared,0.45110653983513294,1.4363347658728252
NEIGHINTERB_W32,male,3.0793989484403976,Declared,1.962077519606587,1.1173214288338107
NEIGHINTERB_W32,female,3.380247456809211,Declared,1.9136946791369465,1.4665527776722647
NEIGHKIDS_W32,male,0.036216855190259634,Declared,0.31459421775119534,-0.2783773625609357
NEIGHKIDS_W32,female,0.07059847499999997,Declared,0.31999884383771104,-0.24940036883771108
NEIGHSAMEA_W32,male,1.119889389419298,Declared,0.9431369082334471,0.17675248118585096
NEIGHSAMEA_W32,female,0.8927041072946131,Declared,0.9755139532830119,-0.0828098459883988
SATLIFED_W32,male,0.5143798099999999,Declared,0.7612292404342189,-0.24684943043421903
SATLIFED_W32,female,0.5894373829444359,Declared,0.7734023704342188,-0.18396498748978285
SOCTRUST2_W32,male,0.03899687402428331,Declared,0.30257932193175685,-0.26358244790747354
SOCTRUST2_W32,female,0.03737355000000009,Declared,0.29769549193175693,-0.26032194193175684
VALUERURAL_W32,male,0.5396705514348158,Declared,0.566684897651407,-0.027014346216591156
VALUERURAL_W32,female,0.5931953343022378,Declared,0.5993116196296921,-0.0061162853274543405
WHADVANT_W32,male,0.5992459145349458,Declared,0.5654721655481582,0.033773748986787644
WHADVANT_W32,female,0.812797309977225,Declared,0.7515145818043195,0.061282728172905476
WILLMOVE_W32,male,0.6338912096331712,Declared,1.4065341024287354,-0.7726428927955642
WILLMOVE_W32,female,0.9157632055998589,Declared,1.356112226343858,-0.4403490207439992
EAT1_W34,male,0.6493418127885202,Declared,0.8093765360834849,-0.1600347232949647
EAT1_W34,female,0.8385336916146631,Declared,0.8882558941591834,-0.04972220254452031
EAT2_W34,male,0.7519088987111864,Declared,0.975331657251983,-0.22342275854079663
EAT2_W34,female,1.2658726724552198,Declared,0.8468660472519831,0.4190066252032367
EAT5B_W34,male,0.5473108099999999,Declared,0.40693347972519717,0.14037733027480276
EAT5B_W34,female,0.62396062540289,Declared,0.443255302206104,0.180705323196786
EAT5C_W34,male,0.5556126200000001,Declared,0.2947293856786105,0.2608832343213896
EAT5C_W34,female,0.5402663185092407,Declared,0.3787310957647712,0.16153522274446946
EAT5D_W34,male,0.5309778832836369,Declared,0.40790034643565404,0.1230775368479829
EAT5D_W34,female,0.6204635495957784,Declared,0.5034342512797513,0.11702929831602715
EVOBIOA_W34,male,0.10094875441103102,Declared,0.11779844760040992,-0.0168496931893789
EVOBIOA_W34,female,0.014152179697271228,Declared,0.19325374760040992,-0.1791015679031387
EVOBIOB_W34,male,0.4277254084185079,Declared,0.44516426,-0.017438851581492054
EVOBIOB_W34,female,0.20640995860837763,Declared,0.31029463999999995,-0.10388468139162232
EVOPERS3_W34,male,0.5186895762618795,Declared,0.3872459529033139,0.13144362335856563
EVOPERS3_W34,female,0.4456532887212137,Declared,0.4370097529033138,0.008643535817899894
EVOTHREE_W34,male,0.340532050817297,Declared,0.10110507999999996,0.23942697081729702
EVOTHREE_W34,female,0.32854029437931975,Declared,0.06028367999999995,0.2682566143793198
FUD22_W34,male,0.5162799768412913,Declared,0.7968581350442391,-0.28057815820294774
FUD22_W34,female,1.1400786775310987,Declared,0.7683501150442391,0.3717285624868596
FUD24_W34,male,0.07504563180472063,Declared,0.01617977510831972,0.0588658566964009
FUD24_W34,female,0.028722114294641138,Declared,0.021067135108319646,0.007654979186321492
FUD33B_W34,male,0.40027942499999997,Declared,0.20478485450418693,0.19549457049581304
FUD33B_W34,female,0.22702960123824287,Declared,0.20644013293559868,0.020589468302644187
FUD35_W34,male,0.8966872061507517,Declared,0.8165162499999999,0.08017095615075176
FUD35_W34,female,0.5728695405294437,Declared,0.8562230800000001,-0.2833535394705564
FUD37A_W34,male,0.6703469232626816,Declared,0.8086419738202474,-0.13829505055756575
FUD37A_W34,female,0.9025860411365836,Declared,0.9088055948184269,-0.006219553681843348
FUD37B_W34,male,0.736554796793088,Declared,0.4292455425646846,0.3073092542284034
FUD37B_W34,female,0.4486819314326241,Declared,0.4845863300000002,-0.035904398567376095
FUD37C_W34,male,0.8924943110750567,Declared,0.7751143072984309,0.11738000377662583
FUD37C_W34,female,0.6647245851847173,Declared,0.5287935197616388,0.13593106542307853
BETTERBIZ1F2D_W36,male,0.12350710997942124,Declared,0.009686281678449371,0.11382082830097187
BETTERBIZ1F2D_W36,female,0.24931622688878452,Declared,0.14156673805471864,0.10774948883406588
BETTERBIZ1F2E_W36,male,0.11405020323769896,Declared,0.15696236,-0.042912156762301035
BETTERBIZ1F2E_W36,female,0.09629114565714209,Declared,0.05584061499999993,0.04045053065714216
BETTERBIZ1F2H_W36,male,0.13914999273833312,Declared,0.05203717000000002,0.0871128227383331
BETTERBIZ1F2H_W36,female,0.09955838145936471,Declared,0.05261854500000002,0.0469398364593647
BETTERBIZ2F2C_W36,male,0.036333193285103885,Declared,0.006785855008082764,0.02954733827702112
BETTERBIZ2F2C_W36,female,0.1145759284894369,Declared,0.009075224143426458,0.10550070434601044
BETTERBIZ2F2E_W36,male,0.04206770678895828,Declared,0.02439621023655148,0.017671496552406796
BETTERBIZ2F2E_W36,female,0.0968849043579562,Declared,0.09559790023655151,0.0012870041214046862
BETTERBIZ2F2F_W36,male,0.17401366000000001,Declared,0.19772213354245619,-0.02370847354245617
BETTERBIZ2F2F_W36,female,0.2006242427015454,Declared,0.1841158285424562,0.016508414159089213
BETTERPOL1F1B_W36,male,0.27194858353532037,Declared,0.23554850425464552,0.036400079280674846
BETTERPOL1F1B_W36,female,0.39734405456499394,Declared,0.3506112826365326,0.04673277192846137
BETTERPOL1F1E_W36,male,0.1004222955651092,Declared,0.12920506666368917,-0.028782771098579962
BETTERPOL1F1E_W36,female,0.08800583797824088,Declared,0.1005700216636892,-0.012564183685448316
BETTERPOL1F1I_W36,male,0.2819738180618683,Declared,0.22776885786491843,0.05420496019694984
BETTERPOL1F1I_W36,female,0.47916659380092536,Declared,0.2285040478649184,0.25066254593600695
BETTERPOL2F1A_W36,male,0.08884925088849253,Declared,0.05272962634257604,0.036119624545916496
BETTERPOL2F1A_W36,female,0.285281695,Declared,0.090418905,0.19486279
BETTERPOL2F1C_W36,male,0.10337099027899853,Declared,0.07832248083224427,0.025048509446754255
BETTERPOL2F1C_W36,female,0.15779984467568287,Declared,0.10198272583224427,0.055817118843438596
BETTERPOL2F1D_W36,male,0.11759220000000001,Declared,0.16101555099985343,-0.04342335099985342
BETTERPOL2F1D_W36,female,0.12047765878897555,Declared,0.10131866217968229,0.019158996609293266
BETTERPOL2F1F_W36,male,0.11250464793722048,Declared,0.13521890722663,-0.02271425928940951
BETTERPOL2F1F_W36,female,0.1967555097339711,Declared,0.15229935428940955,0.04445615544456155
E5_W36,male,0.09007913743867546,Declared,0.10112891947016672,-0.011049782031491262
E5_W36,female,0.13400442556451164,Declared,0.2656563762349199,-0.13165195067040825
ESSENBIZF2E_W36,male,0.50232348,Declared,0.44132881999999996,0.06099466000000009
ESSENBIZF2E_W36,female,0.5152544420969072,Declared,0.48655982,0.028694622096907207
ESSENBIZF2J_W36,male,0.3148288994029742,Declared,0.29499128119215434,0.019837618210819863
ESSENBIZF2J_W36,female,0.24771372332344066,Declared,0.25029041409244335,-0.0025766907690026875
ESSENPOLF1A_W36,male,0.06690939306969779,Declared,0.10833089576752375,-0.04142150269782596
ESSENPOLF1A_W36,female,0.22857967606370821,Declared,0.10853347456722184,0.12004620149648637
ESSENPOLF1B_W36,male,0.32048734359258546,Declared,0.3075449824288906,0.012942361163694849
ESSENPOLF1B_W36,female,0.24419679999999988,Declared,0.17598921903016118,0.0682075809698387
ESSENPOLF1D_W36,male,0.16571734165717344,Declared,0.15607577180994925,0.009641569847224196
ESSENPOLF1D_W36,female,0.19531411431858936,Declared,0.1369623000000001,0.05835181431858927
ESSENPOLF1G_W36,male,0.46971372791514027,Declared,0.461071499566101,0.008642228349039272
ESSENPOLF1G_W36,female,0.40438579724980517,Declared,0.4526690695661011,-0.04828327231629592
ESSENPOLF1H_W36,male,0.3122099133292917,Declared,0.2889411933292917,0.02326872000000002
ESSENPOLF1H_W36,female,0.1374322,Declared,0.14848240000000001,-0.01105020000000001
HIGHEDWRNGB_W36,male,0.5140861762962767,Declared,0.18590560814094392,0.3281805681553328
HIGHEDWRNGB_W36,female,0.2990132860721876,Declared,0.23248065767519344,0.06653262839699414
HIGHEDWRNGC_W36,male,0.6508437407214859,Declared,0.774717074205181,-0.12387333348369511
HIGHEDWRNGC_W36,female,0.3057505571629603,Declared,0.5382042018487867,-0.2324536446858264
IMPROVE1_W36,male,1.4061200206101065,Declared,0.6848243386434902,0.7212956819666163
IMPROVE1_W36,female,0.44582937320401667,Declared,0.429002300567964,0.016827072636052653
IMPROVE2_W36,male,1.1075985799999999,Declared,0.9017637004723149,0.20583487952768498
IMPROVE2_W36,female,1.0992001990079976,Declared,1.2806254524299026,-0.18142525342190496
IMPROVE3_W36,male,0.97658729,Declared,0.7623889173658237,0.2141983726341763
IMPROVE3_W36,female,0.46631908737735045,Declared,0.3988538811497397,0.06746520622761076
MOREWMN1F2_W36,male,0.1925512699999999,Declared,0.024819290704382435,0.16773197929561748
MOREWMN1F2_W36,female,0.04030214402814131,Declared,0.1049875107043825,-0.0646853666762412
POLCHF1_W36,male,0.9602924712624858,Declared,1.20428114,-0.24398866873751412
POLCHF1_W36,female,0.9450742468168716,Declared,1.0933914100000002,-0.1483171631831286
TRAITBIZMF2C_W36,male,0.09615610472127284,Declared,0.30385446000000005,-0.2076983552787272
TRAITBIZMF2C_W36,female,0.2741837175962811,Declared,0.28692462999999996,-0.012740912403718885
TRAITBIZMF2D_W36,male,0.2011003730813248,Declared,0.313470325,-0.11236995191867519
TRAITBIZMF2D_W36,female,0.2033780027618689,Declared,0.26509697000000004,-0.06171896723813114
TRAITBIZMF2E_W36,male,0.28756258212437413,Declared,0.4139916931981107,-0.12642911107373656
TRAITBIZMF2E_W36,female,0.30669737081866055,Declared,0.36613101194835634,-0.05943364112969579
TRAITBIZMF2G_W36,male,0.1896674765092471,Declared,0.250409255,-0.06074177849075291
TRAITBIZMF2G_W36,female,0.22214049054155985,Declared,0.22547190999999991,-0.003331419458440066
TRAITBIZWF2C_W36,male,0.2679620483980426,Declared,0.22714766691835064,0.040814381479691964
TRAITBIZWF2C_W36,female,0.13460488601824735,Declared,0.22232738068244912,-0.08772249466420176
TRAITBIZWF2D_W36,male,0.2768790846646276,Declared,0.25213588718800195,0.024743197476625622
TRAITBIZWF2D_W36,female,0.22341388767908182,Declared,0.245726532188002,-0.022312644508920176
TRAITBIZWF2E_W36,male,0.26483130444418046,Declared,0.3027481851239657,-0.037916880679785214
TRAITBIZWF2E_W36,female,0.24285657949276623,Declared,0.3278698401239657,-0.08501326063119946
TRAITBIZWF2G_W36,male,0.3406735580898519,Declared,0.33329272545952665,0.00738083263032524
TRAITBIZWF2G_W36,female,0.35153837613185945,Declared,0.3260594594245296,0.02547891670732988
TRAITPOLMF1B_W36,male,0.12558523,Declared,0.07457163309289438,0.05101359690710561
TRAITPOLMF1B_W36,female,0.2603050281933476,Declared,0.12148648309289445,0.13881854510045316
TRAITPOLMF1C_W36,male,0.02119322764769266,Declared,0.21285714228283467,-0.191663914635142
TRAITPOLMF1C_W36,female,0.30031327904990923,Declared,0.27172332728283455,0.028589951767074684
TRAITPOLMF1D_W36,male,0.2052204606646849,Declared,0.1857587614431529,0.019461699221532014
TRAITPOLMF1D_W36,female,0.27407321507175436,Declared,0.208531497586549,0.06554171748520538
TRAITPOLMF1E_W36,male,0.2713053228352297,Declared,0.30372546813737455,-0.032420145302144876
TRAITPOLMF1E_W36,female,0.3293860126427395,Declared,0.26737783313737457,0.06200817950536491
TRAITPOLMF1F_W36,male,0.2963721674270905,Declared,0.06728304932716953,0.22908911809992097
TRAITPOLMF1F_W36,female,0.2801635607580053,Declared,0.07118037573614451,0.2089831850218608
TRAITPOLMF1G_W36,male,0.17017984897550129,Declared,0.1984767652849596,-0.028296916309458325
TRAITPOLMF1G_W36,female,0.2107375573675255,Declared,0.20849654791503464,0.0022410094524908664
TRAITPOLWF1A_W36,male,0.27343508020218765,Declared,0.22774252180131116,0.04569255840087649
TRAITPOLWF1A_W36,female,0.26324325,Declared,0.25313619180131114,0.010107058198688845
TRAITPOLWF1C_W36,male,0.2471181989118839,Declared,0.13309940836982417,0.11401879054205974
TRAITPOLWF1C_W36,female,0.16102776622947693,Declared,0.17867734738490162,-0.0176495811554247
TRAITPOLWF1D_W36,male,0.27015624968362173,Declared,0.22621981238031585,0.043936437303305875
TRAITPOLWF1D_W36,female,0.31340796959599815,Declared,0.2862797932076758,0.027128176388322323
TRAITPOLWF1E_W36,male,0.25213788100763385,Declared,0.2845647672665401,-0.03242688625890627
TRAITPOLWF1E_W36,female,0.258115365,Declared,0.3232482122665401,-0.06513284726654012
TRAITPOLWF1F_W36,male,0.21174200397425091,Declared,0.2785949416788107,-0.0668529377045598
TRAITPOLWF1F_W36,female,0.34114816683370797,Declared,0.35280469667881076,-0.011656529845102792
TRAITPOLWF1G_W36,male,0.2929778879885031,Declared,0.2853898580254586,0.007588029963044529
TRAITPOLWF1G_W36,female,0.31641112587071607,Declared,0.292975239721378,0.02343588614933806
WHYNOTBIZF2A_W36,male,0.7193514017760636,Declared,0.7644676128385758,-0.04511621106251218
WHYNOTBIZF2A_W36,female,1.0199353655220909,Declared,0.9714009028385759,0.04853446268351491
WHYNOTBIZF2B_W36,male,0.7976206684975304,Declared,0.7995033542299385,-0.0018826857324080182
WHYNOTBIZF2B_W36,female,1.0960555760582398,Declared,1.1073657342299383,-0.011310158171698559
WHYNOTBIZF2D_W36,male,0.15377619088212888,Declared,0.254598964210963,-0.10082277332883413
WHYNOTBIZF2D_W36,female,0.09932548063405253,Declared,0.08530832113101547,0.014017159503037058
WHYNOTBIZF2F_W36,male,0.04483727849512989,Declared,0.16385124569093937,-0.11901396719580948
WHYNOTBIZF2F_W36,female,0.10412425635697234,Declared,0.09931094569093935,0.004813310666032994
WHYNOTBIZF2G_W36,male,0.4278851921381177,Declared,0.526898814439314,-0.09901362230119626
WHYNOTBIZF2G_W36,female,0.79345621,Declared,0.8359942861135504,-0.04253807611355043
WHYNOTBIZF2H_W36,male,0.78887603,Declared,0.8804117662105617,-0.09153573621056177
WHYNOTBIZF2H_W36,female,1.29009696,Declared,1.3508407862105618,-0.060743826210561735
WHYNOTBIZF2J_W36,male,0.5914223004846633,Declared,0.9302230233853351,-0.33880072290067187
WHYNOTBIZF2J_W36,female,0.9783822299999999,Declared,1.0849024820415525,-0.10652025204155258
WHYNOTBIZF2M_W36,male,0.32574026560094327,Declared,0.5239631103715148,-0.1982228447705715
WHYNOTBIZF2M_W36,female,0.5313644458677942,Declared,0.7617258403715148,-0.23036139450372062
WHYNOTBIZF2N_W36,male,0.29021836,Declared,0.45847740396162623,-0.16825904396162622
WHYNOTBIZF2N_W36,female,0.7217739586449856,Declared,0.6842340241000991,0.037539934544886466
WHYNOTBIZF2O_W36,male,0.703825557174921,Declared,0.8870218511297815,-0.18319629395486048
WHYNOTBIZF2O_W36,female,1.0887351784170745,Declared,1.2156020916270625,-0.126866913209988
WHYNOTPOLF1A_W36,male,0.5385748035304173,Declared,0.8099322900000001,-0.2713574864695828
WHYNOTPOLF1A_W36,female,1.2799528176171915,Declared,1.23788316,0.0420696576171915
WHYNOTPOLF1B_W36,male,0.7952991299999999,Declared,0.33924730822587884,0.456051821774121
WHYNOTPOLF1B_W36,female,0.39557996061325873,Declared,0.30481045543713847,0.09076950517612026
WHYNOTPOLF1C_W36,male,0.8297163115487536,Declared,0.41341619742238167,0.4163001141263719
WHYNOTPOLF1C_W36,female,0.2082561655491349,Declared,0.383824852818474,-0.1755686872693391
WHYNOTPOLF1E_W36,male,0.4601082099999999,Declared,0.604936411347911,-0.14482820134791108
WHYNOTPOLF1E_W36,female,0.3109194985409673,Declared,0.566494471347911,-0.2555749728069437
WHYNOTPOLF1G_W36,male,0.5730670802316822,Declared,0.2917255485401861,0.28134153169149606
WHYNOTPOLF1G_W36,female,0.2027314568348672,Declared,0.6150655317710283,-0.4123340749361611
WHYNOTPOLF1I_W36,male,0.7046494228830384,Declared,0.5610611250169089,0.1435882978661296
WHYNOTPOLF1I_W36,female,0.3879743699999999,Declared,0.4150753992070579,-0.02710102920705798
WHYNOTPOLF1J_W36,male,0.6239641428450863,Declared,0.3153949517075892,0.3085691911374971
WHYNOTPOLF1J_W36,female,0.40507678455217727,Declared,0.29626170112058814,0.10881508343158913
WHYNOTPOLF1K_W36,male,0.1423647448443664,Declared,0.365132233265191,-0.2227674884208246
WHYNOTPOLF1K_W36,female,0.4096386517023973,Declared,0.45005173831560225,-0.04041308661320492
WHYNOTPOLF1L_W36,male,0.7138559185454624,Declared,0.8454255853685797,-0.13156966682311733
WHYNOTPOLF1L_W36,female,0.8286687345485041,Declared,1.1291384753685798,-0.3004697408200757
WMNPRZ1_W36,male,1.5398685533725895,Declared,1.3170136891512139,0.22285486422137568
WMNPRZ1_W36,female,1.3718632261315635,Declared,1.5630268598570805,-0.19116363372551692
AUTOLKLY_W41,male,0.19612855243035524,Declared,0.40346831648640225,-0.207339764056047
AUTOLKLY_W41,female,0.26721404017611095,Declared,0.3522171764864022,-0.08500313631029127
AUTOWKPLC_W41,male,0.39628141593743305,Declared,0.2553349881631951,0.14094642777423794
AUTOWKPLC_W41,female,0.4625888678737966,Declared,0.32285201816319514,0.13973684971060146
ETHNCMAJMOD_W41,male,1.01618985128566,Declared,1.0491658099999999,-0.03297595871433989
ETHNCMAJMOD_W41,female,0.8830177927874135,Declared,1.0709237750000002,-0.1879059822125867
FTRWORRYc_W41,male,0.9782950952137607,Declared,1.2659000938484875,-0.28760499863472677
FTRWORRYc_W41,female,0.44567511063049925,Declared,1.2451811240556772,-0.7995060134251779
FTRWORRYe_W41,male,1.8013008492211195,Declared,0.988316215978862,0.8129846332422576
FTRWORRYe_W41,female,0.99999108057607,Declared,1.1377275031567042,-0.13773642258063423
FTRWORRYf_W41,male,0.512089086374067,Declared,0.4683733466611329,0.04371573971293413
FTRWORRYf_W41,female,0.5405018754339804,Declared,0.5555767366611328,-0.015074861227152403
FUTRCLASSb_W41,male,0.5720054154967213,Declared,0.5140192141421749,0.05798620135454646
FUTRCLASSb_W41,female,0.47067424824819776,Declared,0.44398717914217495,0.02668706910602281
FUTRCLASSc_W41,male,0.17239443204104904,Declared,0.1258642055425196,0.04653022649852945
FUTRCLASSc_W41,female,0.15501212500000006,Declared,0.13083894054251965,0.0241731844574804
FUTR_DIV_W41,male,0.24674843655916778,Declared,0.2102129940154947,0.03653544254367308
FUTR_DIV_W41,female,0.1304446758298718,Declared,0.2454424490154947,-0.1149977731856229
GOVPRIOb_W41,male,0.5980077970698581,Declared,0.3490180646203714,0.2489897324494867
GOVPRIOb_W41,female,0.7974311113506656,Declared,0.3961379976576771,0.4012931136929885
GOVPRIOc_W41,male,0.3203934684613168,Declared,0.24540396399318054,0.07498950446813624
GOVPRIOc_W41,female,0.7943848882822773,Declared,0.2190042673614765,0.5753806209208008
GOVPRIOe_W41,male,0.5122697305812773,Declared,0.41163937640252535,0.10063035417875199
GOVPRIOe_W41,female,0.6626866201890744,Declared,0.4637062764025253,0.1989803437865491
GOVPRIOfF1_W41,male,0.8538992322792368,Declared,0.9802949558703722,-0.12639572359113538
GOVPRIOfF1_W41,female,0.6181572691895154,Declared,0.9008532758703723,-0.2826960066808569
GOVPRIOgF1_W41,male,0.9644705702440196,Declared,0.6990720515920197,0.2653985186519999
GOVPRIOgF1_W41,female,0.7852526202045249,Declared,0.6130520606205454,0.1722005595839795
GOVPRIOhF1_W41,male,0.29638263703617374,Declared,0.1858528029894196,0.11052983404675412
GOVPRIOhF1_W41,female,0.4232967361469073,Declared,0.22634831113596068,0.19694842501094664
GOVPRIOiF1_W41,male,0.7023248518634571,Declared,0.5960026408002348,0.10632221106322226
GOVPRIOiF1_W41,female,0.7143914863787248,Declared,0.5817908108002345,0.1326006755784903
GOVPRIOjF1_W41,male,0.6587651574660979,Declared,0.6210766972495827,0.037688460216515174
GOVPRIOjF1_W41,female,0.6332434491517327,Declared,0.8124300169206993,-0.17918656776896658
GOVPRIOkF2_W41,male,0.5499804463356611,Declared,0.9632526161655234,-0.41327216982986226
GOVPRIOkF2_W41,female,0.39929010220091066,Declared,1.1595689383292207,-0.76027883612831
GOVPRIOlF2_W41,male,0.7038927145119663,Declared,0.5821984503145494,0.12169426419741691
GOVPRIOlF2_W41,female,0.5738101500000001,Declared,0.6143476603145493,-0.04053751031454922
GOVPRIOmF2_W41,male,0.6489060160015099,Declared,0.4502177410138724,0.19868827498763747
GOVPRIOmF2_W41,female,0.6978044761821498,Declared,0.45184351063146544,0.24596096555068436
GOVPRIOnF2_W41,male,0.2855175586476335,Declared,0.7361946066099897,-0.4506770479623562
GOVPRIOnF2_W41,female,0.32418707032489746,Declared,0.4367746631810663,-0.11258759285616882
GOVPRIOoF2_W41,male,0.48310790969614786,Declared,0.378159179344755,0.10494873035139285
GOVPRIOoF2_W41,female,0.8709455877227256,Declared,0.37699676487104794,0.4939488228516776
HAPPEN2b_W41,male,0.6408187084369785,Declared,0.24301439125234475,0.39780431718463377
HAPPEN2b_W41,female,0.7412937762634481,Declared,0.32631849438121646,0.4149752818822316
HAPPEN2f_W41,male,1.381329594167837,Declared,0.6373533665107076,0.7439762276571293
HAPPEN2f_W41,female,0.5138928622171289,Declared,0.5912574504805512,-0.0773645882634223
HARASS1F1b_W41,male,1.075148686092907,Declared,1.0646386258750278,0.010510060217879147
HARASS1F1b_W41,female,1.1671975399999999,Declared,1.0188769097821209,0.148320630217879
HARASS1F1d_W41,male,1.0753711000000001,Declared,0.5568212434753717,0.5185498565246285
HARASS1F1d_W41,female,0.21716177161447137,Declared,0.7152926134753714,-0.49813084186090006
HARASS1NOWRKF2d_W41,male,0.7289266235367509,Declared,0.30542331467653394,0.4235033088602169
HARASS1NOWRKF2d_W41,female,0.18681219724720688,Declared,0.4060178751140825,-0.21920567786687561
HARASS3NOWRKF2_W41,male,0.2545632990041757,Declared,0.2526966571014351,0.0018666419027406067
HARASS3NOWRKF2_W41,female,0.2612757574617228,Declared,0.23770122820380496,0.023574529257917864
INTRMAR_W41,male,0.7121316121213163,Declared,0.48006719442600315,0.2320644176953131
INTRMAR_W41,female,0.7569813677177962,Declared,0.5070267525007273,0.24995461521706897
LEGALIMG_W41,male,0.29442505546041076,Declared,0.37546171213169843,-0.08103665667128768
LEGALIMG_W41,female,0.41786914720659546,Declared,0.3932563170635787,0.02461283014301674
SOLVPROBa_W41,male,0.5314966116379535,Declared,0.42934286453648873,0.10215374710146474
SOLVPROBa_W41,female,0.4729914184201615,Declared,0.44463614048612005,0.028355277934041467
SOLVPROBb_W41,male,0.43662938406490326,Declared,0.4182211240584728,0.018408260006430477
SOLVPROBb_W41,female,0.6939285244519513,Declared,0.4467842840584727,0.2471442403934786
SOLVPROBc_W41,male,0.9992104405410989,Declared,0.43387006188170496,0.5653403786593939
SOLVPROBc_W41,female,0.6384573475478128,Declared,0.5475468454754684,0.09091050207234441
SOLVPROBdF1_W41,male,0.7667411833696938,Declared,0.40714594646922275,0.359595236900471
SOLVPROBdF1_W41,female,0.7394746583952063,Declared,0.434038304877316,0.30543635351789034
SOLVPROBf_W41,male,0.32718740747926095,Declared,0.5209554458145698,-0.1937680383353088
SOLVPROBf_W41,female,1.1354109149576597,Declared,0.40571767565521805,0.7296932393024416
SOLVPROBg_W41,male,1.34652394,Declared,0.9677048186015043,0.3788191213984957
SOLVPROBg_W41,female,0.8847291458836587,Declared,1.038942237592431,-0.1542130917087724
SOLVPROBh_W41,male,0.5371531737583473,Declared,0.3429246999999999,0.19422847375834734
SOLVPROBh_W41,female,0.5552330170029919,Declared,0.4889817599999998,0.06625125700299206
CONFb_W42,male,0.6466643009182484,Declared,0.359046482353384,0.28761781856486446
CONFb_W42,female,0.42611624455092306,Declared,0.5016272896904949,-0.0755110451395718
CONFc_W42,male,1.0000995104539907,Declared,1.1269532980652175,-0.1268537876112268
CONFc_W42,female,0.6216541855545162,Declared,1.136248747972263,-0.5145945624177467
CONFe_W42,male,0.8649364950818443,Declared,0.8369737259770877,0.02796276910475659
CONFe_W42,female,0.5330606190325533,Declared,0.9327153723676296,-0.3996547533350763
CONFg_W42,male,0.84944631,Declared,0.7337859586652439,0.11566035133475616
CONFg_W42,female,0.7184004565165074,Declared,0.7951589786652439,-0.07675852214873646
PQ4_F2Aa_W42,male,0.623919957695716,Declared,0.8368857520010635,-0.21296579430534757
PQ4_F2Aa_W42,female,1.0851215657812516,Declared,0.8241575520010636,0.2609640137801881
PQ4_F2Ac_W42,male,0.8813785003304035,Declared,0.6087266322298385,0.2726518681005651
PQ4_F2Ac_W42,female,1.0730165241522376,Declared,0.5691865522298385,0.5038299719223991
PQ4_F2Ae_W42,male,0.4968271856200379,Declared,0.402413931648829,0.09441325397120892
PQ4_F2Ae_W42,female,0.36436101460467474,Declared,0.362360922242015,0.0020000923626597444
PQ4_F2Bb_W42,male,1.5094616651825836,Declared,0.7285696719783898,0.7808919932041938
PQ4_F2Bb_W42,female,0.6083298499473373,Declared,0.7336120319783899,-0.12528218203105257
PQ4_F2Bc_W42,male,0.6064699066869668,Declared,0.5425018831786173,0.06396802350834951
PQ4_F2Bc_W42,female,1.0244211657982758,Declared,0.5574796731786171,0.46694149261965867
PQ4_F2Bd_W42,male,0.8588604314113958,Declared,0.5669260289906349,0.29193440242076085
PQ4_F2Bd_W42,female,0.6590661423370796,Declared,0.6041657431065965,0.054900399230483066
PQ4_F2Cc_W42,male,0.625494496254945,Declared,0.5821757483783134,0.04331874787663159
PQ4_F2Cc_W42,female,0.8123427220377908,Declared,0.6576053344174171,0.1547373876203737
PQ8_F2B_W42,male,0.963057296571069,Declared,0.8075522750800941,0.1555050214909749
PQ8_F2B_W42,female,0.8857649519247611,Declared,0.9246206145824656,-0.03885566265770446
RQ1_F1B_W42,male,0.21264427744032588,Declared,0.11881954448711979,0.09382473295320609
RQ1_F1B_W42,female,0.022744533951810475,Declared,0.10729960448711978,-0.0845550705353093
RQ1_F1C_W42,male,0.1725917788855153,Declared,0.040684755989446764,0.13190702289606854
RQ1_F1C_W42,female,0.08006141730637484,Declared,0.02968554293694936,0.05037587436942548
RQ2_F1A_W42,male,0.48962484613427304,Declared,0.0817893543944318,0.40783549173984124
RQ2_F1A_W42,female,0.7123085141308938,Declared,0.07729459429184599,0.6350139198390479
RQ4_F1Ab_W42,male,1.4674453569469148,Declared,0.6412996339581387,0.8261457229887761
RQ4_F1Ab_W42,female,0.8171145480881269,Declared,0.6534005067041393,0.1637140413839876
RQ4_F1Ae_W42,male,0.6479615641186848,Declared,0.45998240125685497,0.1879791628618298
RQ4_F1Ae_W42,female,0.5234709383813838,Declared,0.4604952012568549,0.06297573712452892
RQ4_F1Ba_W42,male,1.1459929217764255,Declared,0.7778423717211274,0.3681505500552982
RQ4_F1Ba_W42,female,1.4923467908052883,Declared,0.8294659945855055,0.6628807962197828
RQ4_F1Bc_W42,male,0.6409468092965367,Declared,0.8200142949623752,-0.17906748566583852
RQ4_F1Bc_W42,female,0.8597286214027138,Declared,0.7576010324239897,0.1021275889787241
RQ4_F1Bd_W42,male,0.9075348396412948,Declared,0.5493954968040817,0.35813934283721305
RQ4_F1Bd_W42,female,0.5978913120977377,Declared,0.6259828468040818,-0.028091534706344068
RQ4_F1Be_W42,male,0.613883444346236,Declared,0.35624747018532027,0.2576359741609157
RQ4_F1Be_W42,female,0.5278681536300922,Declared,0.4002134659978655,0.1276546876322267
RQ4_F1Ca_W42,male,0.9453326551239657,Declared,0.8791838500000002,0.06614880512396548
RQ4_F1Ca_W42,female,0.9308065036265275,Declared,0.9135599099999999,0.017246593626527584
RQ4_F1Cb_W42,male,1.4471785136060726,Declared,0.6471242594837416,0.800054254122331
RQ4_F1Cb_W42,female,0.7852430471877071,Declared,0.6323089147530818,0.15293413243462528
RQ4_F1Cd_W42,male,0.7288060755647146,Declared,0.3951983228140625,0.3336077527506521
RQ4_F1Cd_W42,female,0.68862349,Declared,0.47672278914655936,0.21190070085344065
RQ5_F1B_W42,male,1.118014835233444,Declared,0.5514726741233233,0.5665421611101207
RQ5_F1B_W42,female,0.8090687426743339,Declared,0.5433181621738304,0.2657505805005035
RQ5_F1C_W42,male,1.3163811733574944,Declared,0.8392435800387683,0.47713759331872607
RQ5_F1C_W42,female,0.8299156619027882,Declared,0.7919834931001645,0.037932168802623734
IDIMPORT_W43,male,0.6661242496273247,Declared,0.7078905065964708,-0.04176625696914604
IDIMPORT_W43,female,0.6648653171847476,Declared,0.67316554,-0.008300222815252334
RACESURV13_W43,male,0.8999826917263092,Declared,0.7838011994026792,0.11618149232362995
RACESURV13_W43,female,0.7197173700000001,Declared,0.6787093994026794,0.04100797059732075
RACESURV14_W43,male,0.3737798727951689,Declared,0.3196590928997584,0.054120779895410476
RACESURV14_W43,female,0.36153814409981155,Declared,0.2925121028997584,0.06902604120005318
RACESURV15a_W43,male,0.2485607791485806,Declared,0.2761406141005319,-0.02757983495195132
RACESURV15a_W43,female,0.2778966003314564,Declared,0.2960511091005319,-0.018154508769075484
RACESURV15b_W43,male,0.2568474773188313,Declared,0.285746068790526,-0.028898591471694712
RACESURV15b_W43,female,0.3016970584400068,Declared,0.2835269772305328,0.018170081209474054
RACESURV17_W43,male,0.7522735656078997,Declared,0.6204939138513934,0.1317796517565063
RACESURV17_W43,female,0.6377905952466613,Declared,0.41814482274424875,0.21964577250241252
RACESURV18b_W43,male,0.8475578226880737,Declared,0.6294556034462234,0.21810221924185025
RACESURV18b_W43,female,0.8904338544284175,Declared,0.6721411766396928,0.21829267778872474
RACESURV18f_W43,male,1.0926534758321764,Declared,0.7430090930572723,0.34964438277490417
RACESURV18f_W43,female,0.7127953375817403,Declared,0.7300702530572721,-0.017274915475531838
RACESURV19a_W43,male,0.6064611144823844,Declared,0.7564124680362039,-0.1499513535538195
RACESURV19a_W43,female,0.78699399,Declared,0.878812448036204,-0.09181845803620392
RACESURV19c_W43,male,0.6014585958248784,Declared,0.7396162246025036,-0.13815762877762527
RACESURV19c_W43,female,0.7424858047000072,Declared,0.8122347346025036,-0.06974892990249637
RACESURV19e_W43,male,0.53155170800932,Declared,0.633083096823994,-0.10153138881467405
RACESURV19e_W43,female,0.6218740599999999,Declared,0.7089674157397443,-0.08709335573974442
RACESURV1b_W43,male,0.19218043137872054,Declared,0.26011900071565297,-0.06793856933693243
RACESURV1b_W43,female,0.2403909602537356,Declared,0.2375314037376322,0.0028595565161033953
RACESURV21_W43,male,0.5753844773922328,Declared,0.4079868848892977,0.16739759250293507
RACESURV21_W43,female,0.370639429240688,Declared,0.4075058248892977,-0.03686639564860972
RACESURV27_W43,male,0.9288435919930751,Declared,0.5279071071425401,0.400936484850535
RACESURV27_W43,female,0.4184233666726359,Declared,0.5062760798244541,-0.0878527131518182
RACESURV28a_W43,male,0.1943352747614836,Declared,0.2118142727244889,-0.01747899796300531
RACESURV28a_W43,female,0.22327126434460065,Declared,0.2317878349213158,-0.008516570576715149
RACESURV28b_W43,male,0.17635537364164067,Declared,0.19053524000000005,-0.014179866358359383
RACESURV28b_W43,female,0.20497561060458053,Declared,0.212140975,-0.007165364395419482
RACESURV28c_W43,male,0.18259342665392964,Declared,0.20442229022946518,-0.02182886357553554
RACESURV28c_W43,female,0.20254513027207108,Declared,0.21041205522946518,-0.007866924957394106
RACESURV28d_W43,male,0.2833608105648217,Declared,0.30307898034091674,-0.01971816977609503
RACESURV28d_W43,female,0.3210862430679971,Declared,0.3268498536946444,-0.00576361062664732
RACESURV28e_W43,male,0.2692725903901616,Declared,0.2912314719791165,-0.02195888158895487
RACESURV28e_W43,female,0.3161252149111024,Declared,0.3195865299457156,-0.0034613150346132215
RACESURV28f_W43,male,0.138797104625545,Declared,0.15582433494913445,-0.017027230323589437
RACESURV28f_W43,female,0.15535577499999992,Declared,0.16387761994913447,-0.00852184494913455
RACESURV28g_W43,male,0.11492619424771405,Declared,0.13061822962463338,-0.015692035376919322
RACESURV28g_W43,female,0.16108505982155813,Declared,0.16062298962463334,0.0004620701969247909
RACESURV29d_W43,male,1.0313428792531012,Declared,1.0517531930458608,-0.020410313792759593
RACESURV29d_W43,female,0.7691448559411423,Declared,1.0270504830458609,-0.25790562710471854
RACESURV2_W43,male,1.3971093341452963,Declared,1.128822756322882,0.26828657782241416
RACESURV2_W43,female,0.371857735691129,Declared,1.172671961761374,-0.8008142260702449
RACESURV34a_W43,male,0.8496488029602218,Declared,0.8537897622637738,-0.004140959303551961
RACESURV34a_W43,female,0.8051697265778854,Declared,0.8538263394339237,-0.048656612856038284
RACESURV34b_W43,male,1.5161768890148295,Declared,1.2914650885430516,0.22471180047177786
RACESURV34b_W43,female,1.0045738799647728,Declared,0.770571120711794,0.23400275925297875
RACESURV34c_W43,male,0.8109466992069589,Declared,0.5559438005974898,0.2550028986094691
RACESURV34c_W43,female,1.1747354117324857,Declared,0.5386901733566063,0.6360452383758795
RACESURV34d_W43,male,0.4247813841089448,Declared,0.634786581843682,-0.2100051977347372
RACESURV34d_W43,female,0.4160428615387454,Declared,0.5211090918436818,-0.10506623030493639
RACESURV34e_W43,male,0.7985436544811761,Declared,0.6377061838231295,0.16083747065804666
RACESURV34e_W43,female,0.8828745821076297,Declared,0.637760993723034,0.24511358838459574
RACESURV38_W43,male,0.3575432597801691,Declared,0.3447574632787521,0.01278579650141698
RACESURV38_W43,female,0.22707124247995258,Declared,0.3069512132787522,-0.0798799707987996
RACESURV40_W43,male,0.8814701421737839,Declared,0.7799520676831782,0.10151807449060579
RACESURV40_W43,female,0.9033298636829594,Declared,0.850530955581349,0.052798908101610476
RACESURV41_W43,male,0.7043479253800446,Declared,0.6538315759276675,0.05051634945237715
RACESURV41_W43,female,0.7000324050766508,Declared,0.7059935959276675,-0.005961190851016762
RACESURV45_W43,male,0.5529968747864099,Declared,0.4576821444020099,0.09531473038440003
RACESURV45_W43,female,0.5567873455649289,Declared,0.5090992844020099,0.047688061162919015
RACESURV47a_W43,male,0.6270145877734121,Declared,0.8100898211612136,-0.18307523338780152
RACESURV47a_W43,female,0.5659500886296271,Declared,0.6898666431221401,-0.12391655449251293
RACESURV47b_W43,male,0.3458815024677107,Declared,0.4838258723338563,-0.1379443698661456
RACESURV47b_W43,female,0.35292441146970566,Declared,0.4638864623338563,-0.11096205086415062
RACESURV47d_W43,male,0.7492472775550298,Declared,0.7193480647669449,0.02989921278808494
RACESURV47d_W43,female,0.6172694478445307,Declared,0.717295164766945,-0.10002571692241424
RACESURV47e_W43,male,1.1973310190868416,Declared,0.9115958776278903,0.2857351414589513
RACESURV47e_W43,female,0.9105552389921683,Declared,0.7201741944125734,0.19038104457959493
RACESURV47f_W43,male,0.38896963967318665,Declared,0.5064498686522887,-0.11748022897910204
RACESURV47f_W43,female,0.2827711007044853,Declared,0.4976059085631931,-0.2148348078587078
RACESURV48_W43,male,0.37471414387603735,Declared,0.5791117555601482,-0.2043976116841108
RACESURV48_W43,female,0.41469104687819214,Declared,0.28288663556014804,0.1318044113180441
RACESURV51_W43,male,0.024196348634878476,Declared,0.036188020878614,-0.011991672243735527
RACESURV51_W43,female,0.0615949840119631,Declared,0.0688174298975684,-0.0072224458856052914
RACESURV52_W43,male,0.5419961685858855,Declared,0.10634871431653299,0.43564745426935253
RACESURV52_W43,female,0.3930674786562133,Declared,0.08180845850809472,0.31125902014811857
RACESURV5a_W43,male,0.9903006527820675,Declared,0.8897047726518165,0.100595880130251
RACESURV5a_W43,female,1.0667885664620496,Declared,0.9676593065055867,0.09912925995646282
RACESURV5b_W43,male,0.24427557269731887,Declared,0.17978456447276842,0.06449100822455045
RACESURV5b_W43,female,0.26987054077681594,Declared,0.16610649149428303,0.10376404928253291
RACESURV5d_W43,male,1.3040062268708899,Declared,1.0411366369687765,0.2628695899021134
RACESURV5d_W43,female,1.04338959,Declared,1.0333042969687765,0.01008529303122363
RACESURV5e_W43,male,0.6923970825902879,Declared,0.5208770207168552,0.17152006187343272
RACESURV5e_W43,female,0.47809931914329884,Declared,0.49880241740703163,-0.02070309826373279
RACESURV5f_W43,male,0.9531137173982893,Declared,0.7049862049998237,0.24812751239846564
RACESURV5f_W43,female,0.8369692951655179,Declared,0.6832725292429673,0.15369676592255055
RACESURV5g_W43,male,0.5386489956663529,Declared,0.42583014859982826,0.11281884706652467
RACESURV5g_W43,female,0.4649023979350639,Declared,0.4349682186912089,0.029934179243854997
RACESURV5h_W43,male,1.1339317413996532,Declared,0.7585691939684042,0.3753625474312491
RACESURV5h_W43,female,0.96358104,Declared,0.7615261926592548,0.2020548473407452
RACESURV5i_W43,male,1.6547320219073116,Declared,1.4040773126099753,0.25065470929733635
RACESURV5i_W43,female,1.8808181811918185,Declared,1.7484744546032362,0.1323437265885823
RACESURV5j_W43,male,1.3108791306281988,Declared,0.8069829250000002,0.5038962056281986
RACESURV5j_W43,female,0.5957700395676578,Declared,0.5773705599999999,0.018399479567657973
RACESURV5l_W43,male,1.4714350900449664,Declared,1.4437753367944848,0.027659753250481645
RACESURV5l_W43,female,0.21238303158732852,Declared,1.3927917667944847,-1.1804087352071562
RACESURV9_W43,male,1.071659494650438,Declared,0.8822307646723161,0.189428729978122
RACESURV9_W43,female,0.7429711945341206,Declared,0.8601880102419355,-0.11721681570781484
INFOCHALa_W45,male,1.7183543383694895,Declared,0.4801725584973857,1.2381817798721038
INFOCHALa_W45,female,0.32946533999999994,Declared,0.44221921849738566,-0.11275387849738572
INFOCREATEa_W45,male,1.8098094771916446,Declared,2.092186961229108,-0.28237748403746354
INFOCREATEa_W45,female,1.6209328100000002,Declared,2.119873231229108,-0.49894042122910776
MADEUPOFT_W45,male,1.2093907665152037,Declared,0.6280482146053494,0.5813425519098543
MADEUPOFT_W45,female,1.4762540624176683,Declared,0.6594428993668033,0.816811163050865
MADEUPTOPICb_W45,male,0.4317473915144725,Declared,0.3184804034366422,0.11326698807783031
MADEUPTOPICb_W45,female,0.5394954952753966,Declared,0.24346454439303344,0.2960309508823632
MADEUPTOPICc_W45,male,0.7316776299999999,Declared,0.8805602676816221,-0.14888263768162224
MADEUPTOPICc_W45,female,0.6883228100073809,Declared,0.9081564676816222,-0.21983365767424123
MADEUPTOPICd_W45,male,1.0025314755573316,Declared,0.6141022026626175,0.3884292728947141
MADEUPTOPICd_W45,female,0.9900750400000001,Declared,0.6527352026626174,0.3373398373373827
NEWSPROBd_W45,male,0.8145167699999998,Declared,0.6377507505235114,0.1767660194764884
NEWSPROBd_W45,female,0.6214943588894422,Declared,0.7120494777748845,-0.09055511888544232
NEWSPROBe_W45,male,1.5190730731003008,Declared,0.3581035637741002,1.1609695093262007
NEWSPROBe_W45,female,0.5092030506830365,Declared,0.3934630751103023,0.11573997557273419
NEWS_PLATFORMg_W45,male,0.5854436330416782,Declared,0.6491748361738582,-0.06373120313217995
NEWS_PLATFORMg_W45,female,0.5735205981282525,Declared,0.48048382617385815,0.09303677195439436
SMLIKESb_W45,male,0.32988902139168896,Declared,0.8532907049320553,-0.5234016835403663
SMLIKESb_W45,female,0.5872507844818786,Declared,0.9325861949320551,-0.34533541045017646
SMLIKESf_W45,male,0.5189703617479781,Declared,1.1481573801992415,-0.6291870184512635
SMLIKESf_W45,female,0.9629141076015586,Declared,1.2331058944904525,-0.2701917868888939
BENEFITGOV_W49,male,0.9493090530349826,Declared,1.017050492575206,-0.06774143954022338
BENEFITGOV_W49,female,1.00300224954577,Declared,0.8984545778473545,0.1045476716984155
CONCERNCO_W49,male,0.9153939385303715,Declared,0.8348969548285274,0.0804969837018441
CONCERNCO_W49,female,0.48992599394644026,Declared,0.8995534252760821,-0.4096274313296418
CONCERNGRPa_W49,male,0.40899525727633895,Declared,0.5884509600000001,-0.17945570272366113
CONCERNGRPa_W49,female,0.6278340168838821,Declared,0.74900962,-0.12117560311611797
CONCERNGRPc_W49,male,0.5742713605752465,Declared,0.2967406158943892,0.2775307446808573
CONCERNGRPc_W49,female,0.8688680419260394,Declared,0.31768946589438934,0.5511785760316501
CONTROLCO_W49,male,1.0422685965223444,Declared,0.779918813984465,0.26234978253787933
CONTROLCO_W49,female,1.5540253060092928,Declared,0.7481330639844651,0.8058922420248277
CONTROLGRPc_W49,male,0.3477610981578302,Declared,0.30503630104130464,0.04272479711652555
CONTROLGRPc_W49,female,0.3988976675628571,Declared,0.35569578104130456,0.043201886521552546
DATAUSEd_W49,male,0.35785330285138417,Declared,0.21109935244808864,0.14675395040329553
DATAUSEd_W49,female,0.3571619419582496,Declared,0.2158651124480886,0.14129682951016098
FACE3c_W49,male,0.8215723389568137,Declared,0.5548850384730036,0.26668730048381006
FACE3c_W49,female,0.7484317174843171,Declared,0.6401176648142891,0.10831405267002803
GOVREGV1_W49,male,0.02197209766493391,Declared,0.20960054392948757,-0.18762844626455366
GOVREGV1_W49,female,0.08063968430303076,Declared,0.20081613235032864,-0.12017644804729788
HOMEASSIST2_W49,male,0.7663743568442398,Declared,0.6606542243116467,0.10572013253259316
HOMEASSIST2_W49,female,0.8516501657723737,Declared,0.7323503936592344,0.11929977211313936
HOMEASSIST3_W49,male,1.325141431631001,Declared,1.3166009936036192,0.008540438027381914
HOMEASSIST3_W49,female,1.0817969399999998,Declared,1.036316243603619,0.04548069639638075
HOMEASSIST4_W49,male,0.5827215335163509,Declared,0.8085015419149846,-0.22578000839863366
HOMEASSIST4_W49,female,0.7290301100000001,Declared,0.7919364133627094,-0.0629063033627093
PP5e_W49,male,0.5485783300755798,Declared,0.5239882214333622,0.024590108642217556
PP5e_W49,female,0.44375486556245136,Declared,0.5763772464320305,-0.13262238086957912
PWMAN2_W49,male,1.396729967000522,Declared,1.41504473284947,-0.018314765848947978
PWMAN2_W49,female,1.4713727765863278,Declared,1.487737790249938,-0.016365013663610206
SMARTAPP_W49,male,0.5060123133377584,Declared,0.9004626814064294,-0.39445036806867095
SMARTAPP_W49,female,0.6521749502538907,Declared,0.8823117914064293,-0.23013684115253863
TRACKCO1a_W49,male,0.47994222279794163,Declared,0.8322136438322224,-0.3522714210342808
TRACKCO1a_W49,female,0.816200255725978,Declared,0.7404113738671911,0.07578888185878685
TRACKCO1b_W49,male,0.9543477499000462,Declared,0.2490477976645501,0.7052999522354961
TRACKCO1b_W49,female,0.6294241581833224,Declared,0.22057447758703613,0.4088496805962863
TRACKGOV1a_W49,male,0.3330928603596822,Declared,0.5633942608851924,-0.23030140052551018
TRACKGOV1a_W49,female,0.4443733354846686,Declared,0.5116474214026607,-0.06727408591799211
TRACKGOV1b_W49,male,0.45669910304288425,Declared,0.21124562274609482,0.24545348029678943
TRACKGOV1b_W49,female,0.6381391027161791,Declared,0.22063582274609483,0.4175032799700843
COHABDUR_W50,male,0.849004665040358,Declared,1.253290293992801,-0.404285628952443
COHABDUR_W50,female,0.7988290460353222,Declared,1.3157187939928008,-0.5168897479574786
DNA2b_W50,male,0.4827282726956376,Declared,0.530042935926355,-0.04731466323071737
DNA2b_W50,female,0.59095272,Declared,0.546982735926355,0.04396998407364494
DNA5_W50,male,0.3476794550439457,Declared,0.6798103166561713,-0.3321308616122256
DNA5_W50,female,0.47615073139515113,Declared,0.6895848166561713,-0.2134340852610202
E5MOD_W50,male,0.3335027582932672,Declared,0.6196102955963567,-0.2861075373030895
E5MOD_W50,female,0.5570228219072076,Declared,0.34562508559635674,0.2113977363108509
FAMSURV10c_W50,male,1.1439352721631355,Declared,0.34105738097450805,0.8028778911886274
FAMSURV10c_W50,female,1.2265117793187468,Declared,0.3469643609745081,0.8795474183442387
FAMSURV16_W50,male,0.16086593653096692,Declared,0.28240637019112197,-0.12154043366015505
FAMSURV16_W50,female,0.12073037554732957,Declared,0.26966847019112195,-0.14893809464379237
FAMSURV1_W50,male,0.39426615640658974,Declared,0.5851621309230115,-0.19089597451642176
FAMSURV1_W50,female,0.17049435249229034,Declared,0.3691886945164218,-0.19869434202413144
FAMSURV20_W50,male,0.36616248999999995,Declared,0.4605973828706081,-0.09443489287060813
FAMSURV20_W50,female,0.46885798267736833,Declared,0.4401052528706081,0.028752729806760247
FAMSURV23b_W50,male,0.2673898394857743,Declared,0.2268975780767275,0.040492261409046826
FAMSURV23b_W50,female,0.18287300495677927,Declared,0.33200678283338725,-0.14913377787660798
FAMSURV23c_W50,male,1.3627459222241662,Declared,0.9387265567403369,0.42401936548382935
FAMSURV23c_W50,female,1.2458036992688166,Declared,0.8777529567403369,0.3680507425284797
FAMSURV23d_W50,male,1.501605643773364,Declared,0.9578360271802614,0.5437696165931026
FAMSURV23d_W50,female,1.0238969545464358,Declared,0.8137129634068974,0.21018399113953845
FAMSURV23e_W50,male,0.7608189368327267,Declared,0.20206717730273077,0.558751759529996
FAMSURV23e_W50,female,0.32464824371373513,Declared,0.18755090452747913,0.137097339186256
FAMSURV23f_W50,male,0.26907748094011247,Declared,0.22434369533611292,0.04473378560399954
FAMSURV23f_W50,female,0.2868878104412629,Declared,0.16298536206178404,0.12390244837947884
FAMSURV23g_W50,male,1.1138055024504405,Declared,0.5471679671510207,0.5666375352994198
FAMSURV23g_W50,female,0.935530215373625,Declared,0.5395569471510206,0.39597326822260437
FAMSURV26a_W50,male,0.5808993454686183,Declared,0.6416180972901809,-0.06071875182156261
FAMSURV26a_W50,female,0.6131093716013805,Declared,0.37663234729018086,0.2364770243111996
FAMSURV26b_W50,male,0.47760036410686024,Declared,0.540134215517793,-0.0625338514109327
FAMSURV26b_W50,female,0.17951921999999995,Declared,0.675306885517793,-0.4957876655177931
FAMSURV26c_W50,male,0.21615843655185624,Declared,0.25192985158333414,-0.035771415031477904
FAMSURV26c_W50,female,0.7643349067038755,Declared,0.3202527015833342,0.4440822051205413
FAMSURV26d_W50,male,0.46195622914268086,Declared,0.5795470128626722,-0.11759078371999132
FAMSURV26d_W50,female,0.4984196836299913,Declared,0.6638969028626722,-0.16547721923268094
FAMSURV29_W50,male,0.8842796000101225,Declared,0.5845104465724106,0.29976915343771193
FAMSURV29_W50,female,0.7874275519789333,Declared,0.6430389389010182,0.14438861307791517
FAMSURV2Ma_W50,male,0.49584837796199366,Declared,0.3178960366044198,0.17795234135757387
FAMSURV2Ma_W50,female,0.3611073399511445,Declared,0.3647216166044197,-0.0036142766532751835
FAMSURV2Mc_W50,male,0.5042396936441038,Declared,0.4299680933627697,0.07427160028133412
FAMSURV2Mc_W50,female,0.4237939891042159,Declared,0.5074361520937267,-0.08364216298951083
FAMSURV2Wa_W50,male,0.3535707293231859,Declared,0.19816339930230228,0.1554073300208836
FAMSURV2Wa_W50,female,0.42536692786347896,Declared,0.1929593995426562,0.23240752832082276
FAMSURV2Wc_W50,male,0.3249570875000824,Declared,0.25947110107133503,0.06548598642874737
FAMSURV2Wc_W50,female,0.4564908922402946,Declared,0.25302787107133506,0.20346302116895953
FAMSURV32e_W50,male,2.2703268713132925,Declared,2.2549374370656263,0.015389434247666145
FAMSURV32e_W50,female,0.94935669469652,Declared,1.9794206670656262,-1.0300639723691063
FAMSURV39_W50,male,0.8062106494002412,Declared,0.991348947979104,-0.18513829857886277
FAMSURV39_W50,female,0.30199956,Declared,1.355555667979104,-1.053556107979104
FAMSURV3_W50,male,0.9147741773687167,Declared,0.9317094690707111,-0.01693529170199437
FAMSURV3_W50,female,1.12301098090773,Declared,0.9029244690707111,0.22008651183701888
FAMSURV40_W50,male,1.1127179105249025,Declared,1.1636073416360735,-0.050889431111170946
FAMSURV40_W50,female,0.9780353402196467,Declared,1.1492233348266936,-0.17118799460704692
FAMSURV43_W50,male,0.6526474507710255,Declared,0.5983140978036752,0.05433335296735031
FAMSURV43_W50,female,0.4539135738696917,Declared,0.5801146441988534,-0.12620107032916167
FAMSURV44_W50,male,0.9135718171366225,Declared,0.5582361355823613,0.3553356815542612
FAMSURV44_W50,female,0.5159019078843324,Declared,0.5397146940620222,-0.023812786177689782
FAMSURV6_W50,male,0.5241993735310182,Declared,0.7865324899999999,-0.2623331164689817
FAMSURV6_W50,female,0.8039505884098069,Declared,0.8066286115901931,-0.0026780231803861243
FAMSURV9c_W50,male,0.372197350263975,Declared,0.19857603902763704,0.17362131123633795
FAMSURV9c_W50,female,0.9417958050524611,Declared,0.18403450387719433,0.7577613011752667
FATHER_W50,male,0.25144516,Declared,0.15592723000000003,0.09551792999999997
FATHER_W50,female,0.16966521,Declared,0.1793732,-0.00970799
HAVEKIDS1_W50,male,1.0940737620264087,Declared,1.4341164499999999,-0.34004268797359116
HAVEKIDS1_W50,female,0.8589907886994957,Declared,1.6648240827653904,-0.8058332940658947
MARRDUR_W50,male,1.4661993720569568,Declared,1.2051027075637895,0.2610966644931674
MARRDUR_W50,female,2.0615806340130116,Declared,1.2382454875637892,0.8233351464492225
MARRYPREF1_W50,male,0.10810773154651832,Declared,0.1308211869420186,-0.022713455395500293
MARRYPREF1_W50,female,0.07647460303811848,Declared,0.1498705319420186,-0.07339592890390012
MARRYPREF2_W50,male,0.4138558292318384,Declared,0.39962724951641004,0.014228579715428347
MARRYPREF2_W50,female,0.4273866026587727,Declared,0.43568883451641,-0.008302231857637288
MOTHER_W50,male,0.12180841450324709,Declared,0.06515544664270767,0.056652967860539416
MOTHER_W50,female,0.06194940999999998,Declared,0.04213998664270768,0.0198094233572923
PAR1_W50,male,0.28499543762136414,Declared,0.19743545218628203,0.08755998543508212
PAR1_W50,female,0.061237162824218844,Declared,0.17077943329220568,-0.10954227046798684
PAR2_W50,male,0.16438157213835244,Declared,0.22044301242192113,-0.056061440283568686
PAR2_W50,female,0.32354281832913767,Declared,0.26656169742192126,0.05698112090721641
ROMRELDUR_W50,male,1.1622754236972237,Declared,1.0028628475652703,0.15941257613195337
ROMRELDUR_W50,female,2.064088706448956,Declared,0.9598674175652703,1.1042212888836858
ROMRELSER_W50,male,2.0701210582965803,Declared,2.33746724,-0.2673461817034197
ROMRELSER_W50,female,1.4818507594805488,Declared,2.44888188,-0.9670311205194513
SATLIFEc_W50,male,0.5470296096070857,Declared,0.9007436209925637,-0.353714011385478
SATLIFEc_W50,female,0.6595003498513871,Declared,0.8009908340015506,-0.14149048415016352
ECIMPg_W54,male,0.07771901675473114,Declared,0.3758366447467152,-0.29811762799198405
ECIMPg_W54,female,0.10591972608887923,Declared,0.39695739065049884,-0.2910376645616196
ECON1_W54,male,0.7128966957014965,Declared,0.7654823442540236,-0.05258564855252712
ECON1_W54,female,0.676544575222974,Declared,0.9183533342540237,-0.2418087590310497
ECON3_d_W54,male,0.8908749962309341,Declared,0.7283466744081915,0.16252832182274268
ECON3_d_W54,female,0.3604563155748963,Declared,0.8671703844081917,-0.5067140688332954
ECON4_a_W54,male,1.0004945351261392,Declared,0.6238190756253408,0.3766754595007984
ECON4_a_W54,female,0.4423749053695406,Declared,0.6072497440807252,-0.16487483871118458
ECON4_b_W54,male,0.5141676782958685,Declared,0.5411298446104478,-0.02696216631457926
ECON4_b_W54,female,0.45627229152744087,Declared,0.516341284057483,-0.060068992530042165
ECON4_e_W54,male,0.9285075140986542,Declared,0.6796423124988056,0.2488652015998486
ECON4_e_W54,female,0.4391563832579555,Declared,0.6864890324303383,-0.24733264917238285
ECON4_f_W54,male,0.716627841121066,Declared,0.6279511370022013,0.08867670411886475
ECON4_f_W54,female,0.4243893615672144,Declared,0.7321643024970158,-0.3077749409298014
ECON4_g_W54,male,0.6936717531772502,Declared,0.5731994841018789,0.12047226907537123
ECON4_g_W54,female,0.36152513698759703,Declared,0.6260271641018791,-0.26450202711428206
ECON5_b_W54,male,0.6971250852204285,Declared,0.43033018569669834,0.26679489952373014
ECON5_b_W54,female,0.3488904632375152,Declared,0.47092874767291176,-0.12203828443539655
ECON5_c_W54,male,0.9351557348924288,Declared,0.7773282652680223,0.1578274696244064
ECON5_c_W54,female,1.6832874599248946,Declared,0.9878331783263201,0.6954542815985745
ECON5_d_W54,male,1.120577393557784,Declared,1.1458710329681716,-0.025293639410387536
ECON5_d_W54,female,1.9609436962207885,Declared,1.4263344129681716,0.5346092832526168
ECON5_e_W54,male,0.987954715729503,Declared,0.9778672438968783,0.010087471832624706
ECON5_e_W54,female,1.905191625262034,Declared,1.296684012964412,0.6085076122976221
ECON5_f_W54,male,1.0264630259445466,Declared,0.8445516510628998,0.18191137488164688
ECON5_f_W54,female,1.8104116627919589,Declared,1.0339930434115887,0.7764186193803702
ECON5_g_W54,male,1.0076791434394115,Declared,0.8793833212061668,0.12829582223324465
ECON5_g_W54,female,0.7193293137391169,Declared,0.7248141945248567,-0.005484880785739832
ECON5_h_W54,male,0.5138104185994636,Declared,0.5970781638152209,-0.0832677452157573
ECON5_h_W54,female,0.18867918446694737,Declared,0.36005612712227,-0.1713769426553226
ECON5_i_W54,male,1.259803929743897,Declared,0.4907688455576148,0.7690350841862822
ECON5_i_W54,female,0.7522828426958897,Declared,0.301269803012698,0.45101303968319173
ECON5_j_W54,male,1.3930768825892617,Declared,0.9422850746633719,0.4507918079258898
ECON5_j_W54,female,1.7913123675652767,Declared,1.174621063108285,0.6166913044569917
ECON5_k_W54,male,0.7689982007604197,Declared,0.5715049657150495,0.1974932350453702
ECON5_k_W54,female,1.2464399234265997,Declared,0.6469039595213731,0.5995359639052266
FIN_SIT_W54,male,0.4483461365987736,Declared,0.9272642663576375,-0.4789181297588639
FIN_SIT_W54,female,0.5304592903258072,Declared,0.7999515263576372,-0.26949223603183003
GOVPRIORITYb_W54,male,1.5088702437414265,Declared,1.443103929897724,0.06576631384370257
GOVPRIORITYb_W54,female,1.0016583769626015,Declared,1.3819294193776712,-0.3802710424150697
GOVPRIORITYc_W54,male,0.6123943429915261,Declared,0.5866683042460665,0.025726038745459534
GOVPRIORITYc_W54,female,0.7410550446995672,Declared,0.7198341589747167,0.02122088572485048
GOVPRIORITYd_W54,male,0.424902385750976,Declared,0.7841822882014677,-0.35927990245049174
GOVPRIORITYd_W54,female,0.46838376510015367,Declared,0.9662530990649356,-0.49786933396478195
GOVPRIORITYf_W54,male,0.6113219365143242,Declared,1.4633525924330981,-0.8520306559187739
GOVPRIORITYf_W54,female,0.8116257849253291,Declared,1.747064812433098,-0.935439027507769
INEQ11_W54,male,0.46101686497931793,Declared,0.3267314665182209,0.13428539846109705
INEQ11_W54,female,0.5977935501546162,Declared,0.37536564651822085,0.22242790363639536
INEQ1_W54,male,0.13249302766632556,Declared,0.104148415,0.02834461266632557
INEQ1_W54,female,0.12069368925889046,Declared,0.06402700500000003,0.05666668425889043
INEQ4_a_W54,male,0.685579113144209,Declared,0.7594683503081042,-0.07388923716389517
INEQ4_a_W54,female,0.22837979351600812,Declared,0.789027396390636,-0.5606476028746279
INEQ5_a_W54,male,0.4135508741355087,Declared,0.3182517333978065,0.09529914073770218
INEQ5_a_W54,female,0.37073420956047254,Declared,0.30522243999999976,0.06551176956047278
INEQ5_d_W54,male,0.5969141753727006,Declared,1.2070703297838288,-0.6101561544111281
INEQ5_d_W54,female,1.0832458152711117,Declared,1.1130591397838288,-0.02981332451271701
INEQ5_e_W54,male,0.4189822334021641,Declared,0.8843532334148473,-0.46537100001268317
INEQ5_e_W54,female,0.5157466399999999,Declared,0.7248269034148471,-0.2090802634148472
INEQ5_f_W54,male,1.110448487131149,Declared,0.3243709279305356,0.7860775592006135
INEQ5_f_W54,female,0.5220518077180074,Declared,0.31912508005682055,0.20292672766118686
INEQ5_h_W54,male,0.3928543773779038,Declared,0.27351082221984885,0.11934355515805495
INEQ5_h_W54,female,0.3496688921164563,Declared,0.29630126244775284,0.053367629668703453
INEQ5_i_W54,male,0.4686363088708238,Declared,0.41998988920454877,0.04864641966627503
INEQ5_i_W54,female,0.4052054693564487,Declared,0.4507762123051889,-0.045570742948740195
INEQ5_k_W54,male,0.7583881028635554,Declared,0.7094982030210887,0.04888989984246672
INEQ5_k_W54,female,0.3268805216989318,Declared,0.3784825790730544,-0.0516020573741226
INEQ5_l_W54,male,0.7398346615415703,Declared,0.5373487290334221,0.20248593250814817
INEQ5_l_W54,female,0.9083678779088085,Declared,0.7018628090334222,0.20650506887538622
INEQ5_m_W54,male,0.8219223612580268,Declared,0.7893308852883598,0.03259147596966694
INEQ5_m_W54,female,0.6596665804415922,Declared,0.9336742000000001,-0.2740076195584079
INEQ8_a_W54,male,0.8521312871453747,Declared,0.6828139633253171,0.1693173238200576
INEQ8_a_W54,female,1.1767829567156878,Declared,1.0267956723157288,0.149987284399959
INEQ8_b_W54,male,1.1309224185137756,Declared,1.2006893545264106,-0.06976693601263495
INEQ8_b_W54,female,1.230640385901055,Declared,1.4865796145264105,-0.25593922862535545
INEQ8_c_W54,male,0.4548018046848085,Declared,0.9709580118593049,-0.5161562071744963
INEQ8_c_W54,female,0.9658844219638475,Declared,1.1874471818593046,-0.22156275989545715
INEQ8_d_W54,male,0.8065343889506922,Declared,0.9777569685080181,-0.1712225795573259
INEQ8_d_W54,female,0.6692372536490518,Declared,1.1610976000000002,-0.49186034635094833
INEQ8_f_W54,male,1.3249910367500894,Declared,1.3504719421338356,-0.025480905383746144
INEQ8_f_W54,female,1.3025052601178406,Declared,1.6148968094895872,-0.3123915493717466
INEQ8_g_W54,male,0.771951419832924,Declared,0.7690456313729365,0.0029057884599875683
INEQ8_g_W54,female,0.9398407620446647,Declared,1.0793340813729362,-0.13949331932827147
INEQ8_h_W54,male,1.05853527,Declared,0.5974545588498774,0.4610807111501225
INEQ8_h_W54,female,0.5441131676252514,Declared,0.6921422288498774,-0.148029061224626
INEQ8_i_W54,male,0.613312752227334,Declared,0.6856150067613441,-0.07230225453401018
INEQ8_i_W54,female,0.5638699477527909,Declared,0.9435021877311542,-0.3796322399783634
INEQ8_j_W54,male,0.6241108274245143,Declared,0.7969836404743887,-0.17287281304987445
INEQ8_j_W54,female,0.5726690691819596,Declared,0.9005913781195007,-0.32792230893754115
JOBTRAIN_W54,male,0.29581631350444604,Declared,0.2844294732905447,0.01138684021390135
JOBTRAIN_W54,female,0.2646610495915652,Declared,0.283192030223125,-0.01853098063155978
WORRY2a_W54,male,0.2942704274153952,Declared,0.9428182671432698,-0.6485478397278746
WORRY2a_W54,female,0.9622104369039356,Declared,1.2381881902393346,-0.275977753335399
WORRY2b_W54,male,1.1518105496476383,Declared,0.3878204290272875,0.7639901206203508
WORRY2b_W54,female,1.8431793351735708,Declared,0.4021552490272877,1.441024086146283
WORRY2c_W54,male,0.26117594938856226,Declared,0.8444683668198607,-0.5832924174312984
WORRY2c_W54,female,0.7304643708830589,Declared,1.1305128268198605,-0.4000484559368016
WORRY2d_W54,male,0.5425393724571514,Declared,0.4848096569677832,0.05772971548936823
WORRY2d_W54,female,1.0376859311682864,Declared,0.6157477523006795,0.421938178867607
WORRY2e_W54,male,0.33512711607144524,Declared,0.8413612674875822,-0.506234151416137
WORRY2e_W54,female,0.49601817,Declared,1.0448027874875825,-0.5487846174875826
GAP21Q10_W82,male,0.12250626953957211,Declared,0.2700277285113517,-0.1475214589717796
GAP21Q10_W82,female,0.10069377312207972,Declared,0.2640369085113517,-0.16334313538927198
GAP21Q13_b_W82,male,0.7460653636088146,Declared,1.1419510199999996,-0.395885656391185
GAP21Q13_b_W82,female,0.5435847208662092,Declared,1.2101209699999997,-0.6665362491337905
GAP21Q15_a_W82,male,0.6600561181500787,Declared,0.7260422699507099,-0.06598615180063117
GAP21Q15_a_W82,female,0.669429470434748,Declared,0.6922897402061453,-0.022860269771397324
GAP21Q15_b_W82,male,0.5687022237274135,Declared,0.8496091927476235,-0.28090696902020995
GAP21Q15_b_W82,female,0.618402109436155,Declared,0.6686198645575167,-0.05021775512136162
GAP21Q15_c_W82,male,0.6746427367464274,Declared,0.8385577034681952,-0.16391496672176786
GAP21Q15_c_W82,female,0.6124139100000001,Declared,0.7027212145178828,-0.09030730451788271
GAP21Q15_d_W82,male,1.2512898703917603,Declared,1.476937656353699,-0.22564778596193857
GAP21Q15_d_W82,female,0.8953492517036987,Declared,0.9910338652526759,-0.09568461354897717
GAP21Q15_e_W82,male,0.5958974257712701,Declared,0.9862744922705523,-0.39037706649928217
GAP21Q15_e_W82,female,0.5641659512318871,Declared,0.6678576722705523,-0.1036917210386652
GAP21Q15_f_W82,male,0.7761713670277318,Declared,1.1374691415665028,-0.361297774538771
GAP21Q15_f_W82,female,0.7000046178970182,Declared,0.7926560341176617,-0.09265141622064355
GAP21Q17_W82,male,0.5826895089862085,Declared,0.6281615529370244,-0.04547204395081583
GAP21Q17_W82,female,0.7994814467428729,Declared,0.6492536479129999,0.15022779882987303
GAP21Q19_a_W82,male,1.299659169208967,Declared,0.7562819668078393,0.5433772024011276
GAP21Q19_a_W82,female,1.623366274319158,Declared,0.9249953568078391,0.6983709175113189
GAP21Q19_b_W82,male,0.3597743564022564,Declared,1.6327511565585393,-1.272976800156283
GAP21Q19_b_W82,female,0.38803956165343634,Declared,1.4485912003088406,-1.0605516386554044
GAP21Q19_c_W82,male,0.33574627798232437,Declared,0.8685775699999999,-0.5328312920176755
GAP21Q19_c_W82,female,0.3804524034079159,Declared,0.8143969099999999,-0.433944506592084
GAP21Q19_d_W82,male,0.8815405873572197,Declared,0.5957659756459681,0.2857746117112516
GAP21Q19_d_W82,female,0.7141647759191537,Declared,0.6528447265284472,0.061320049390706566
GAP21Q19_e_W82,male,0.7932090609620809,Declared,0.6400394599999999,0.153169600962081
GAP21Q19_e_W82,female,0.7000727551845204,Declared,0.60781171,0.09226104518452038
GAP21Q21_a_W82,male,0.41122283416719474,Declared,0.2771923719373166,0.13403046222987813
GAP21Q21_a_W82,female,0.3887504343372804,Declared,0.28080041193731664,0.10795002239996376
GAP21Q21_e_W82,male,0.8284409035735084,Declared,0.7545182896018341,0.07392261397167432
GAP21Q21_e_W82,female,0.8132414597884609,Declared,0.7450609725493903,0.06818048723907055
GAP21Q23_W82,male,1.2200369023921702,Declared,1.145692546810189,0.07434435558198116
GAP21Q23_W82,female,1.3139445712066795,Declared,1.4184832368101892,-0.10453866560350966
GAP21Q24_W82,male,0.47371283399209174,Declared,0.5721152401886037,-0.09840240619651197
GAP21Q24_W82,female,0.5843149720390427,Declared,0.5464459699319111,0.03786900210713162
GAP21Q25_W82,male,0.7058625610840388,Declared,0.4761542986435919,0.2297082624404469
GAP21Q25_W82,female,0.6936697683204425,Declared,0.6177706286435918,0.07589913967685069
GAP21Q26_a_W82,male,1.371422886127418,Declared,0.85814784,0.513275046127418
GAP21Q26_a_W82,female,1.4347249442119445,Declared,0.8811806499999998,0.5535442942119447
GAP21Q26_b_W82,male,1.2881720625730173,Declared,1.4323695590860652,-0.14419749651304792
GAP21Q26_b_W82,female,1.3633615332364892,Declared,1.2440928690860655,0.1192686641504237
GAP21Q26_c_W82,male,1.3775279305846118,Declared,0.8907878548402934,0.4867400757443183
GAP21Q26_c_W82,female,0.6275764808513816,Declared,0.6328903748402934,-0.0053138939889118
GAP21Q27_W82,male,0.19564348340209353,Declared,0.20319522320980263,-0.007551739807709096
GAP21Q27_W82,female,0.19249236999999994,Declared,0.15697183820980265,0.03552053179019729
GAP21Q28_W82,male,0.7152877771528778,Declared,0.5273664601502546,0.18792131700262327
GAP21Q28_W82,female,0.5528047624713793,Declared,0.6524161602303127,-0.09961139775893335
GAP21Q31_W82,male,0.6296912245736319,Declared,0.4034561986474989,0.22623502592613304
GAP21Q31_W82,female,0.3371682357820238,Declared,0.35404180555791465,-0.01687356977589083
GAP21Q32_W82,male,0.4747179057724287,Declared,0.6099859001237664,-0.13526799435133768
GAP21Q32_W82,female,0.6406142046642198,Declared,0.539971048353256,0.10064315631096377
GAP21Q33_c_W82,male,0.37353899822444947,Declared,0.1836574744268189,0.18988152379763057
GAP21Q33_c_W82,female,0.5425289753716827,Declared,0.23089556442681874,0.3116334109448639
GAP21Q33_g_W82,male,0.7688843815189503,Declared,0.5678921863345814,0.20099219518436895
GAP21Q33_g_W82,female,0.7264711000000001,Declared,0.5089306538797163,0.2175404461202839
GAP21Q33_i_W82,male,0.26403180160396644,Declared,0.3585564030173392,-0.09452460141337277
GAP21Q33_i_W82,female,0.37972437603479725,Declared,0.27098640914766275,0.1087379668871345
GAP21Q33_j_W82,male,0.47874495521255017,Declared,0.3620609784904006,0.11668397672214958
GAP21Q33_j_W82,female,0.47065056913057074,Declared,0.2288566098224441,0.24179395930812664
GAP21Q33_m_W82,male,0.5861211752760557,Declared,0.30112381517904974,0.28499736009700594
GAP21Q33_m_W82,female,0.12857470469346444,Declared,0.3505594578786928,-0.22198475318522837
GAP21Q33_n_W82,male,0.40852008212797514,Declared,0.8043846681871629,-0.3958645860591878
GAP21Q33_n_W82,female,0.4997811378209064,Declared,0.7516578181871629,-0.25187668036625654
GAP21Q33_q_W82,male,0.3312337055941186,Declared,0.3723422744062884,-0.04110856881216984
GAP21Q33_q_W82,female,0.47651439000000007,Declared,0.26092544000000006,0.21558895
GAP21Q33_r_W82,male,0.4433290209452344,Declared,0.2579246999999999,0.1854043209452345
GAP21Q33_r_W82,female,0.6543178565701733,Declared,0.2879798599999999,0.36633799657017335
GAP21Q33_s_W82,male,0.29950378424889146,Declared,0.23701981241688935,0.062483971832002105
GAP21Q33_s_W82,female,0.4861274031523317,Declared,0.33459747460354095,0.15152992854879077
GAP21Q34_a_W82,male,1.15632915,Declared,0.6861222244210106,0.47020692557898935
GAP21Q34_a_W82,female,1.089549683809292,Declared,0.5409496929178336,0.5485999908914584
GAP21Q34_b_W82,male,1.5358666615694216,Declared,1.47973373891553,0.05613292265389158
GAP21Q34_b_W82,female,1.6566598957604421,Declared,1.5885207558852077,0.06813913987523446
GAP21Q34_c_W82,male,1.4094933983365943,Declared,1.1650915971853273,0.24440180115126697
GAP21Q34_c_W82,female,1.5440969039207975,Declared,1.351776471650809,0.19232043226998852
GAP21Q34_d_W82,male,1.1299061456793467,Declared,0.7891397457547006,0.3407663999246461
GAP21Q34_d_W82,female,1.166472821582957,Declared,0.6094094689106965,0.5570633526722605
GAP21Q34_e_W82,male,1.4770075944298808,Declared,0.40750096711211403,1.0695066273177667
GAP21Q34_e_W82,female,0.40098360732358157,Declared,0.40360001711211396,-0.0026164097885323923
GAP21Q34_f_W82,male,0.8736343619268372,Declared,0.5847113122130483,0.2889230497137889
GAP21Q34_f_W82,female,1.0393667617417532,Declared,0.40400181710877536,0.6353649446329779
GAP21Q38_a_W82,male,0.67565500745097,Declared,0.6248440210537478,0.050810986397222146
GAP21Q38_a_W82,female,0.475742763277904,Declared,0.6646877110537477,-0.1889449477758437
GAP21Q38_b_W82,male,0.6020067608638968,Declared,0.5321750256367945,0.06983173522710229
GAP21Q38_b_W82,female,0.37035976500014284,Declared,0.6862217289082106,-0.3158619639080678
GAP21Q38_c_W82,male,0.4812396474346591,Declared,0.4349318066423056,0.046307840792353505
GAP21Q38_c_W82,female,0.33305980233322613,Declared,0.5894384466423055,-0.25637864430907936
GAP21Q41_W82,male,0.7324265288779379,Declared,1.087589357862898,-0.35516282898496
GAP21Q41_W82,female,1.2511690930774213,Declared,1.119572617862898,0.13159647521452333
GAP21Q43_g_W82,male,0.41627243266492703,Declared,0.46082400496608,-0.044551572301152975
GAP21Q43_g_W82,female,0.5127901632019995,Declared,0.42871812775665324,0.0840720354453463
GAP21Q47_W82,male,1.2586326443620885,Declared,1.0633034806861523,0.19532916367593622
GAP21Q47_W82,female,1.075798835065949,Declared,0.9829269906861524,0.09287184437979668
GAP21Q4_a_W82,male,1.1556736935144505,Declared,1.3817374009041656,-0.22606370738971515
GAP21Q4_a_W82,female,0.7445097441448567,Declared,1.3023510800000002,-0.5578413358551435
GAP21Q4_b_W82,male,0.5783860945133509,Declared,0.5790930190463254,-0.0007069245329744955
GAP21Q4_b_W82,female,1.328734454924558,Declared,0.6735183122558833,0.6552161426686748
GAP21Q4_c_W82,male,1.01509283,Declared,1.048080349542618,-0.03298751954261814
GAP21Q4_c_W82,female,0.8382752188576615,Declared,0.9744595695426179,-0.13618435068495638
GAP21Q4_d_W82,male,1.097176795092421,Declared,1.0648544422087047,0.03232235288371621
GAP21Q4_d_W82,female,0.8505714088760784,Declared,1.094683352506994,-0.24411194363091548
GAP21Q4_e_W82,male,0.8332268735941113,Declared,0.770529333180653,0.06269754041345832
GAP21Q4_e_W82,female,0.8839490170385554,Declared,0.7388158241196912,0.14513319291886428
GAP21Q4_f_W82,male,0.8855808614067004,Declared,1.1828971069249987,-0.29731624551829827
GAP21Q4_f_W82,female,0.928072673275959,Declared,1.1433951787581034,-0.21532250548214438
GAP21Q7_a_W82,male,1.2994688145920494,Declared,0.9515164072310152,0.3479524073610343
GAP21Q7_a_W82,female,1.186271510824586,Declared,0.8659500472310153,0.3203214635935707
GAP21Q7_b_W82,male,0.7481771311305825,Declared,0.22973274999999996,0.5184443811305826
GAP21Q7_b_W82,female,1.014128773342092,Declared,0.39436473,0.6197640433420921
GAP21Q7_d_W82,male,1.2508105873937816,Declared,1.1416592208463823,0.10915136654739932
GAP21Q7_d_W82,female,0.9406882399999998,Declared,0.9374069208463821,0.0032813191536177344
BILLION_W92,male,0.31733825977993496,Declared,0.1770722898294914,0.14026596995044355
BILLION_W92,female,0.44607515676211024,Declared,0.20411060482949145,0.2419645519326188
CANDEXP_W92,male,0.4837186860287157,Declared,0.3956185781854554,0.08810010784326028
CANDEXP_W92,female,0.5431963067926098,Declared,0.4466961281854554,0.09650017860715437
ELECT_CONF3_PRVFR_W92,male,1.5744711658329051,Declared,1.3864126103941103,0.1880585554387948
ELECT_CONF3_PRVFR_W92,female,1.27979874257263,Declared,1.4110200003941105,-0.13122125782148042
ELECT_CONF3_PRVSUP_W92,male,0.9152995148724848,Declared,0.8035238773630275,0.11177563750945729
ELECT_CONF3_PRVSUP_W92,female,0.550888280508865,Declared,0.7473213418494364,-0.19643306134057148
ELECT_IMPT3_PRVFR_W92,male,2.377433105164729,Declared,1.6696218311495947,0.7078112740151341
ELECT_IMPT3_PRVFR_W92,female,1.9040121424077965,Declared,1.5062911566800647,0.39772098572773174
FREECOLL_W92,male,0.42876593874938035,Declared,0.6130277599999998,-0.18426182125061946
FREECOLL_W92,female,0.8132928646068152,Declared,0.8673779208726724,-0.054085056265857245
GODMORALIMP_W92,male,1.0510089321690699,Declared,0.38405761992323884,0.666951312245831
GODMORALIMP_W92,female,0.9188169144675296,Declared,0.39480355992323884,0.5240133545442907
LEGALIMMIGAMT_W92,male,0.6827091565537924,Declared,0.2732053400000001,0.4095038165537923
LEGALIMMIGAMT_W92,female,0.381412991546291,Declared,0.22700324000000005,0.15440975154629094
POLINTOL2_a_W92,male,1.0659709710875749,Declared,0.6879824915623696,0.3779884795252053
POLINTOL2_a_W92,female,0.9629251500000001,Declared,0.8134418815623696,0.1494832684376305
PROG_RNEED_W92,male,0.23824176119487828,Declared,0.4842477399852997,-0.2460059787904214
PROG_RNEED_W92,female,0.2301068164356831,Declared,0.3195822499852996,-0.08947543354961651
RACESURV52MOD_W92,male,0.8086474288091194,Declared,0.35932216,0.44932526880911944
RACESURV52MOD_W92,female,0.6693227558829709,Declared,0.40870076,0.26062199588297086
REPRSNTDEM_W92,male,0.9178948510724579,Declared,1.0811216224083062,-0.1632267713358483
REPRSNTDEM_W92,female,0.46143782832246816,Declared,1.3127079300924431,-0.851270101769975
REPRSNTREP_W92,male,0.6239826496145024,Declared,0.8422703625199532,-0.2182877129054508
REPRSNTREP_W92,female,0.3998927886829956,Declared,0.8486927147469037,-0.44879992606390806
SOCIETY_GUNS_W92,male,0.7272273931275439,Declared,0.6882431739072288,0.03898421922031514
SOCIETY_GUNS_W92,female,1.076040406225386,Declared,1.003217513907229,0.07282289231815708
SOCIETY_RELG_W92,male,1.7705246635917566,Declared,1.2887765995358325,0.4817480640559242
SOCIETY_RELG_W92,female,1.9083298415132772,Declared,1.3790827595358326,0.5292470819774446
SOCIETY_RHIST_W92,male,1.0758300895624922,Declared,0.6785555340425022,0.3972745555199899
SOCIETY_RHIST_W92,female,1.2452354500000005,Declared,0.5841119240425022,0.6611235259574982
SOCIETY_SSM_W92,male,0.7597809369589748,Declared,0.8468478439572932,-0.08706690699831843
SOCIETY_SSM_W92,female,1.2079675780570964,Declared,0.6737998620143897,0.5341677160427067
SOCIETY_TRANS_W92,male,1.6977373979262196,Declared,1.2453700834600174,0.45236731446620215
SOCIETY_TRANS_W92,female,1.3881884979800474,Declared,1.0120329432547377,0.3761555547253097
SOCIETY_WHT_W92,male,0.24046669659910597,Declared,0.15321491193389022,0.08725178466521574
SOCIETY_WHT_W92,female,0.1341867099349182,Declared,0.13074511533478428,0.003441594600133935
UNIMMIGCOMM_W92,male,0.6430422666543588,Declared,0.58231037809221,0.06073188856214884
UNIMMIGCOMM_W92,female,0.5707073341257141,Declared,0.6685682519576568,-0.09786091783194273
USEXCEPT_W92,male,0.4893831695891023,Declared,0.29205377764293583,0.19732939194616644
USEXCEPT_W92,female,0.49822035047905666,Declared,0.27698182723018183,0.22123852324887483
USMILSIZ_W92,male,0.2705508821157035,Declared,0.608822838710495,-0.33827195659479153
USMILSIZ_W92,female,0.45082148998482086,Declared,0.6806617458735095,-0.22984025588868862
WHADVANT_W92,male,0.5111753330741817,Declared,0.4229406336977607,0.08823469937642103
WHADVANT_W92,female,0.7740454218796445,Declared,0.6275810483647675,0.14646437351487707
CARRYGUN_W26,male,0.29640929151489503,Steered N=20,0.6352443321485836,-0.3388350406336885
CARRYGUN_W26,female,0.5167950766850005,Steered N=20,0.514781611222108,0.002013465462892494
GROWUPGUN2A_W26,male,0.1377139873254819,Steered N=20,0.06505204049465962,0.07266194683082228
GROWUPGUN2A_W26,female,0.2847028207917286,Steered N=20,0.09151012049465967,0.19319270029706892
GROWUPGUN2B_W26,male,0.0025267388568979143,Steered N=20,0.22983998932083316,-0.22731325046393525
GROWUPGUN2B_W26,female,0.2302524779352812,Steered N=20,0.29967354932083323,-0.06942107138555204
GROWUPGUN2C_W26,male,0.1907554385850776,Steered N=20,0.39828230606788084,-0.20752686748280325
GROWUPGUN2C_W26,female,0.02352100121627454,Steered N=20,0.5239607960678808,-0.5004397948516063
GROWUPGUN4_W26,male,0.7043837018632952,Steered N=20,0.6923866515464225,0.011997050316872704
GROWUPGUN4_W26,female,0.33130584434298976,Steered N=20,0.6725706915464226,-0.3412648472034328
GROWUPGUN6_W26,male,0.2533179743030508,Steered N=20,0.9625836391886997,-0.7092656648856489
GROWUPGUN6_W26,female,0.7032450109510568,Steered N=20,0.5523421291257267,0.15090288182533018
GROWUPGUN7_W26,male,0.6599235564677794,Steered N=20,1.1728528032886918,-0.5129292468209123
GROWUPGUN7_W26,female,0.689609075478379,Steered N=20,0.37802060359160805,0.31158847188677097
GROWUPVIOL_W26,male,0.6613591504331198,Steered N=20,0.5627268990992969,0.09863225133382292
GROWUPVIOL_W26,female,1.004040271822854,Steered N=20,0.6679797690992968,0.33606050272355725
GUNACCESS_W26,male,0.5818373471161611,Steered N=20,0.8129541776509535,-0.23111683053479237
GUNACCESS_W26,female,0.48053143035829926,Steered N=20,0.5444751949365942,-0.06394376457829498
GUNACTIVITYA_W26,male,0.3900271848458687,Steered N=20,1.0585996993804045,-0.6685725145345358
GUNACTIVITYA_W26,female,1.165268231977802,Steered N=20,1.4637214893804047,-0.29845325740260265
GUNACTIVITYB_W26,male,0.33440063573267453,Steered N=20,0.5920836731558441,-0.25768303742316956
GUNACTIVITYB_W26,female,0.7027864997439048,Steered N=20,0.3965520460344795,0.3062344537094253
GUNCONTRIBA_W26,male,0.45612734713235215,Steered N=20,0.9558946803306014,-0.4997673331982493
GUNCONTRIBA_W26,female,0.2276675955634634,Steered N=20,0.6254407826207984,-0.397773187057335
GUNCONTRIBC_W26,male,0.5143465551434656,Steered N=20,0.8298523870507324,-0.3155058319072668
GUNCONTRIBC_W26,female,0.2119490961469525,Steered N=20,0.5921572978570506,-0.3802082017100981
GUNCONTRIBE_W26,male,0.5222257291740479,Steered N=20,0.3217055973772885,0.20052013179675937
GUNCONTRIBE_W26,female,0.24674746626544067,Steered N=20,0.4441519761068218,-0.1974045098413811
GUNCONTRIBF_W26,male,0.7716353655102051,Steered N=20,0.7554263424457367,0.016209023064468364
GUNCONTRIBF_W26,female,0.32807992328079927,Steered N=20,0.5805968311687157,-0.2525169078879165
GUNFRIEND_W26,male,0.9400028310716768,Steered N=20,1.2253966235645217,-0.2853937924928449
GUNFRIEND_W26,female,0.26204666655055037,Steered N=20,1.0308374635645219,-0.7687907970139716
GUNIDENTITY_W26,male,0.47271852226049094,Steered N=20,1.1854432799999999,-0.7127247577395089
GUNIDENTITY_W26,female,0.35796110690336724,Steered N=20,1.15334606,-0.7953849530966328
GUNLOADED1_W26,male,0.6647895881352738,Steered N=20,0.3183665148126016,0.3464230733226722
GUNLOADED1_W26,female,0.625235975746768,Steered N=20,0.30928262000000006,0.31595335574676797
GUNLOADED2_W26,male,0.4490141554609015,Steered N=20,0.5271194614884963,-0.0781053060275948
GUNLOADED2_W26,female,0.007731769999999971,Steered N=20,0.5191832314884963,-0.5114514614884964
GUNLOCKED1_W26,male,0.26999622094161563,Steered N=20,0.16512952942827785,0.10486669151333777
GUNLOCKED1_W26,female,0.38371663585898885,Steered N=20,0.26803790000000005,0.1156787358589888
GUNLOCKED2_W26,male,0.3417305069380047,Steered N=20,0.3315275148293963,0.010202992108608422
GUNLOCKED2_W26,female,0.13888232113700583,Steered N=20,0.3242147248293963,-0.18533240369239046
GUNRESPKIDSD_W26,male,0.36528545434522774,Steered N=20,1.2819158267510027,-0.9166303724057749
GUNRESPKIDSD_W26,female,0.32194402321944016,Steered N=20,1.300588563005886,-0.9786445397864458
GUNRESPKIDSE_W26,male,0.436023804177179,Steered N=20,0.88936477239952,-0.45334096822234105
GUNRESPKIDSE_W26,female,0.5980492561926198,Steered N=20,0.4882611796816514,0.10978807651096845
GUNRESPNOKIDSA_W26,male,0.8456472523875331,Steered N=20,0.374309708305958,0.47133754408157513
GUNRESPNOKIDSA_W26,female,0.7861783578617839,Steered N=20,0.33596742315353756,0.45021093470824636
GUNRESPNOKIDSB_W26,male,0.5819176345378689,Steered N=20,0.2026761316211017,0.3792415029167672
GUNRESPNOKIDSB_W26,female,0.4786582771325165,Steered N=20,0.22944868364540505,0.24920959348711147
GUNRESPNOKIDSC_W26,male,1.0217675497264251,Steered N=20,0.44215672906710424,0.5796108206593209
GUNRESPNOKIDSC_W26,female,0.8245672893159928,Steered N=20,0.5467723954677237,0.27779489384826905
GUNRESPNOKIDSD_W26,male,0.44477889482799965,Steered N=20,0.4857087130824359,-0.04092981825443626
GUNRESPNOKIDSD_W26,female,0.40272127578529016,Steered N=20,0.4225722764506976,-0.01985100066540746
GUNRESPNOKIDSE_W26,male,0.4691316134970165,Steered N=20,0.1275664411633095,0.341565172333707
GUNRESPNOKIDSE_W26,female,0.4684343072503372,Steered N=20,0.3321955166326389,0.13623879061769828
GUNRESPNOKIDSF_W26,male,0.4188455361797708,Steered N=20,0.4597654491839034,-0.04091991300413256
GUNRESPNOKIDSF_W26,female,0.4510511412715118,Steered N=20,0.23532797733574062,0.21572316393577118
GUNSAFETYKIDS_W26,male,0.1252793775785826,Steered N=20,0.10867505358642635,0.01660432399215625
GUNSAFETYKIDS_W26,female,0.3088226763222466,Steered N=20,0.1720541285864263,0.13676854773582028
GUNSAFE_W26,male,0.18719618835556218,Steered N=20,0.019813011703225636,0.16738317665233654
GUNSAFE_W26,female,0.38744172818037564,Steered N=20,0.03870076829677438,0.34874095988360126
GUNTYPEOWNC_W26,male,0.10666260471764999,Steered N=20,0.7570073707030065,-0.6503447659853565
GUNTYPEOWNC_W26,female,0.43267176212744074,Steered N=20,1.0999524707030064,-0.6672807085755657
NOCARRYGUN_W26,male,0.12662823,Steered N=20,0.37110889999999996,-0.24448066999999996
NOCARRYGUN_W26,female,0.16054836498535213,Steered N=20,0.29785216999999997,-0.13730380501464784
REASONGUNA_W26,male,0.46898798531012004,Steered N=20,1.1455050485449494,-0.6765170632348294
REASONGUNA_W26,female,0.3999487947116046,Steered N=20,1.1984022043712683,-0.7984534096596637
REASONGUNB_W26,male,0.05236237073891986,Steered N=20,0.8897650432173028,-0.837402672478383
REASONGUNB_W26,female,0.44983548553079583,Steered N=20,0.5849106641508934,-0.1350751786200976
REASONGUNC_W26,male,0.22245928615340904,Steered N=20,0.9263513040686612,-0.7038920179152521
REASONGUNC_W26,female,0.4003928483265571,Steered N=20,0.639880312226047,-0.23948746389948994
REASONGUND_W26,male,0.48262110932213137,Steered N=20,0.27269692077132834,0.20992418855080303
REASONGUND_W26,female,0.7395263271154628,Steered N=20,0.21294180077132835,0.5265845263441344
REASONGUNE_W26,male,0.9455243558137825,Steered N=20,0.26710460185346796,0.6784197539603145
REASONGUNE_W26,female,0.9235438935616643,Steered N=20,0.276351811853468,0.6471920817081963
SHOOTFREQ_W26,male,0.3060599666493762,Steered N=20,0.8568094700000002,-0.550749503350624
SHOOTFREQ_W26,female,0.8113229996867661,Steered N=20,0.5499109099999999,0.2614120896867662
WORRYB_W26,male,0.6717233332827668,Steered N=20,0.1740146939365154,0.4977086393462514
WORRYB_W26,female,0.21170853937401665,Steered N=20,0.3422626449137286,-0.13055410553971195
WORRYD_W26,male,0.27835169196030707,Steered N=20,0.26280814211574266,0.015543549844564408
WORRYD_W26,female,0.1812111709107765,Steered N=20,0.1299839721157427,0.05122719879503379
WORRYE_W26,male,0.5813959479757849,Steered N=20,0.28443384267769406,0.2969621052980908
WORRYE_W26,female,0.17910456243961967,Steered N=20,0.3210353325645773,-0.1419307701249576
WORRYF_W26,male,0.8456972363225101,Steered N=20,0.1326135164066497,0.7130837199158604
WORRYF_W26,female,0.29456837,Steered N=20,0.2332662055331648,0.06130216446683523
BOYSF1B_W29,male,0.34270428847049905,Steered N=20,0.28630486982753367,0.05639941864296538
BOYSF1B_W29,female,0.29917611546169154,Steered N=20,0.39059688482753363,-0.09142076936584209
FAVORS_CPS_W29,male,1.1856648810515307,Steered N=20,0.8843795393067612,0.3012853417447695
FAVORS_CPS_W29,female,0.35832048032404695,Steered N=20,1.03588115123667,-0.677560670912623
FEM2_W29,female,0.329889489011885,Steered N=20,1.5514268479467481,-1.2215373589348633
GIRLSF2C_W29,male,0.3685342151410167,Steered N=20,0.32704036,0.04149385514101672
GIRLSF2C_W29,female,0.2972724295378662,Steered N=20,0.3786161375814388,-0.0813437080435726
GIRLSF2D_W29,male,0.3053754835153042,Steered N=20,0.3093124766789123,-0.003936993163608127
GIRLSF2D_W29,female,0.24001968908440155,Steered N=20,0.36462663366463477,-0.12460694458023322
GOPDIRCT_W29,male,0.6752222750504081,Steered N=20,0.6865051285599693,-0.011282853509561153
GOPDIRCT_W29,female,0.3961958107116966,Steered N=20,0.8293337444787305,-0.4331379337670339
HOOD_NHISB_W29,male,0.749099254728222,Steered N=20,1.7471422506218355,-0.9980429958936134
HOOD_NHISB_W29,female,0.4233525951713138,Steered N=20,1.6749380806218357,-1.251585485450522
LOCALELECT_W29,male,0.4585493014545648,Steered N=20,1.0530839128804086,-0.5945346114258439
LOCALELECT_W29,female,0.11513038934840736,Steered N=20,0.9291449028804084,-0.814014513532001
MAN1A_W29,male,0.6697082628127711,Steered N=20,0.5319068439676139,0.13780141884515718
MAN1A_W29,female,1.19471786,Steered N=20,1.2937150088114502,-0.09899714881145028
MAN1B_W29,male,0.4030705680784692,Steered N=20,0.33666898103128234,0.06640158704718685
MAN1B_W29,female,1.8370559732588805,Steered N=20,0.9598164512055064,0.8772395220533741
MAN1C_W29,male,0.5710218818944144,Steered N=20,0.6358293980061533,-0.06480751611173896
MAN1C_W29,female,0.7090384086405775,Steered N=20,1.2756988080061533,-0.5666603993655758
MAN1D_W29,male,0.6923353425527928,Steered N=20,0.6881621522097698,0.004173190343022992
MAN1D_W29,female,1.7343414479697568,Steered N=20,0.9091391418172172,0.8252023061525395
MAN1E_W29,male,0.8779973930661888,Steered N=20,0.5883599463632798,0.28963744670290903
MAN1E_W29,female,0.9413957001034641,Steered N=20,1.0332810163632797,-0.09188531625981566
MASC2_W29,male,0.9497600894976012,Steered N=20,1.4614364709041956,-0.5116763814065944
MASC2_W29,female,1.8039888858803335,Steered N=20,0.6855084705652541,1.1184804153150794
S12_W29,male,1.2107446955008943,Steered N=20,1.3042694636701377,-0.09352476816924349
S12_W29,female,2.4600759329248962,Steered N=20,1.3716933036701375,1.0883826292547587
S13_W29,male,0.686079510679515,Steered N=20,1.9049369783381054,-1.2188574676585904
S13_W29,female,2.353102116468979,Steered N=20,2.1129376762580985,0.24016444021088068
SEENFEM_W29,female,0.2789523927895239,Steered N=20,0.8090918899152008,-0.5301394971256769
SEENMASC_W29,male,0.6310163654598213,Steered N=20,0.49808964605455786,0.13292671940526346
SEENMASC_W29,female,1.795343145906863,Steered N=20,0.8675576333778816,0.9277855125289813
TALK_CPS_W29,male,0.637039550720187,Steered N=20,0.9875667793048786,-0.35052722858469154
TALK_CPS_W29,female,1.3931383647632187,Steered N=20,0.8896940393048788,0.50344432545834
WORRYBILL_W29,male,0.2683767175298129,Steered N=20,0.5865577469559924,-0.3181810294261795
WORRYBILL_W29,female,0.24022222505452256,Steered N=20,0.6442765469559923,-0.4040543219014698
CLASS_W32,male,0.5535152000000001,Steered N=20,0.2530692804346943,0.3004459195653058
CLASS_W32,female,0.8784788120537526,Steered N=20,0.3035854004346942,0.5748934116190584
COMMIMPA_W32,male,0.6168122339562517,Steered N=20,0.6651369620663932,-0.048324728110141435
COMMIMPA_W32,female,0.43543757971627856,Steered N=20,0.5939062623726051,-0.15846868265632658
COMMIMPB_W32,male,0.9689848133179993,Steered N=20,0.3850054184556585,0.5839793948623409
COMMIMPB_W32,female,0.6284489643128937,Steered N=20,0.27670031845565857,0.3517486458572351
COMMIMPC_W32,male,0.43405721365455563,Steered N=20,1.0414240619836561,-0.6073668483291005
COMMIMPC_W32,female,0.36971445108088474,Steered N=20,0.7988564063392558,-0.42914195525837107
COMMIMPF_W32,male,0.6554788766347183,Steered N=20,0.6009492529235306,0.054529623711187636
COMMIMPF_W32,female,0.45277748058915845,Steered N=20,0.5887927829235307,-0.1360153023343722
COMMIMPG_W32,male,0.791243591057557,Steered N=20,0.67878041,0.11246318105755704
COMMIMPG_W32,female,0.5696769175666667,Steered N=20,0.6741840500000001,-0.10450713243333343
COMMIMPH_W32,male,0.35532679551125373,Steered N=20,0.6466937394893232,-0.29136694397806945
COMMIMPH_W32,female,0.4498476178792717,Steered N=20,0.8080869994893232,-0.3582393816100515
COMMYRS_W32,male,0.4763876497063843,Steered N=20,0.9462499051253532,-0.4698622554189689
COMMYRS_W32,female,0.36109674664646946,Steered N=20,0.9500603831874258,-0.5889636365409563
ETHNCMAJ_W32,male,0.14850025086996033,Steered N=20,0.09839505576506365,0.05010519510489668
ETHNCMAJ_W32,female,0.25373250292655203,Steered N=20,0.07936961076506367,0.17436289216148837
GAYMARR2_W32,male,0.3186054900000001,Steered N=20,0.5058012211403422,-0.1871957311403421
GAYMARR2_W32,female,0.2895739128194975,Steered N=20,0.5593161248396967,-0.2697422120201992
HARASS2F1_W32,male,0.1572671409084716,Steered N=20,0.07126788144268523,0.08599925946578638
HARASS2F1_W32,female,0.1919131746425469,Steered N=20,0.08283185180013836,0.10908132284240854
IMMIMPACT_W32,male,0.1359211383509161,Steered N=20,0.15198473028756626,-0.016063591936650162
IMMIMPACT_W32,female,0.3827830029031549,Steered N=20,0.15872019028756623,0.2240628126155887
MOVERURAL_W32,male,0.02192398256117356,Steered N=20,0.17501850282349674,-0.15309452026232317
MOVERURAL_W32,female,0.37589685672006257,Steered N=20,0.20596940113862283,0.16992745558143973
MOVESUBURB_W32,male,0.11550856112771918,Steered N=20,0.3803811796377573,-0.2648726185100381
MOVESUBURB_W32,female,0.19036200365228134,Steered N=20,0.23470826928691857,-0.04434626563463723
MOVEURBAN_W32,male,0.23828456392741498,Steered N=20,0.40372787596272136,-0.16544331203530638
MOVEURBAN_W32,female,0.33716260727180297,Steered N=20,0.3904110201904366,-0.053248412918633636
NEIGHINTERA_W32,male,0.40947019364712767,Steered N=20,0.44286603603250774,-0.03339584238538007
NEIGHINTERA_W32,female,0.8125856469623802,Steered N=20,0.45110653983513294,0.3614791071272473
NEIGHINTERB_W32,male,1.694097210780352,Steered N=20,1.962077519606587,-0.2679803088262349
NEIGHINTERB_W32,female,0.7781624365253007,Steered N=20,1.9136946791369465,-1.1355322426116459
NEIGHKIDS_W32,male,0.08208912684847328,Steered N=20,0.31459421775119534,-0.23250509090272206
NEIGHKIDS_W32,female,0.202816362308574,Steered N=20,0.31999884383771104,-0.11718248152913704
NEIGHSAMEA_W32,male,0.6812926005562957,Steered N=20,0.9431369082334471,-0.2618443076771514
NEIGHSAMEA_W32,female,0.79813687360377,Steered N=20,0.9755139532830119,-0.177377079679242
SATLIFED_W32,male,0.646808902118247,Steered N=20,0.7612292404342189,-0.11442033831597187
SATLIFED_W32,female,0.7546641593738281,Steered N=20,0.7734023704342188,-0.01873821106039064
SOCTRUST2_W32,male,0.19178659289922062,Steered N=20,0.30257932193175685,-0.11079272903253623
SOCTRUST2_W32,female,0.3032270358045937,Steered N=20,0.29769549193175693,0.005531543872836775
VALUERURAL_W32,male,0.4237999967854234,Steered N=20,0.566684897651407,-0.14288490086598354
VALUERURAL_W32,female,0.3202605809362305,Steered N=20,0.5993116196296921,-0.27905103869346165
WHADVANT_W32,male,0.5091022100456531,Steered N=20,0.5654721655481582,-0.05636995550250501
WHADVANT_W32,female,0.31121610002287714,Steered N=20,0.7515145818043195,-0.4402984817814424
WILLMOVE_W32,male,0.5116418079704579,Steered N=20,1.4065341024287354,-0.8948922944582776
WILLMOVE_W32,female,0.24245922989016078,Steered N=20,1.356112226343858,-1.1136529964536974
EAT1_W34,male,0.5958876558831563,Steered N=20,0.8093765360834849,-0.21348888020032863
EAT1_W34,female,1.1309708837735508,Steered N=20,0.8882558941591834,0.24271498961436744
EAT2_W34,male,0.5498001047133183,Steered N=20,0.975331657251983,-0.4255315525386647
EAT2_W34,female,0.7250194467058753,Steered N=20,0.8468660472519831,-0.12184660054610785
EAT5B_W34,male,0.7370889451337592,Steered N=20,0.40693347972519717,0.33015546540856205
EAT5B_W34,female,0.44329629441302776,Steered N=20,0.443255302206104,4.0992206923773367e-05
EAT5C_W34,male,0.6551307127877182,Steered N=20,0.2947293856786105,0.36040132710910766
EAT5C_W34,female,0.24636629251362469,Steered N=20,0.3787310957647712,-0.13236480325114652
EAT5D_W34,male,0.7373711098462387,Steered N=20,0.40790034643565404,0.3294707634105846
EAT5D_W34,female,0.3827410436095114,Steered N=20,0.5034342512797513,-0.12069320767023989
EVOBIOA_W34,male,0.13875449798240935,Steered N=20,0.11779844760040992,0.020956050381999436
EVOBIOA_W34,female,0.18833147016456964,Steered N=20,0.19325374760040992,-0.004922277435840283
EVOBIOB_W34,male,0.16974740999999993,Steered N=20,0.44516426,-0.27541685000000005
EVOBIOB_W34,female,0.1237048300000001,Steered N=20,0.31029463999999995,-0.18658980999999986
EVOPERS3_W34,male,0.270177498103487,Steered N=20,0.3872459529033139,-0.11706845479982686
EVOPERS3_W34,female,0.15302928167979518,Steered N=20,0.4370097529033138,-0.2839804712235186
EVOTHREE_W34,male,0.16021447672905464,Steered N=20,0.10110507999999996,0.059109396729054686
EVOTHREE_W34,female,0.27125464080418815,Steered N=20,0.06028367999999995,0.2109709608041882
FUD22_W34,male,0.4709419907405288,Steered N=20,0.7968581350442391,-0.3259161443037103
FUD22_W34,female,0.577346827735993,Steered N=20,0.7683501150442391,-0.19100328730824612
FUD24_W34,male,0.09779018000000006,Steered N=20,0.01617977510831972,0.08161040489168034
FUD24_W34,female,0.2410143445577279,Steered N=20,0.021067135108319646,0.21994720944940827
FUD33B_W34,male,0.3103360322433757,Steered N=20,0.20478485450418693,0.10555117773918876
FUD33B_W34,female,0.2214358377856416,Steered N=20,0.20644013293559868,0.014995704850042924
FUD35_W34,male,0.6968603,Steered N=20,0.8165162499999999,-0.11965594999999996
FUD35_W34,female,0.2066376730898734,Steered N=20,0.8562230800000001,-0.6495854069101268
FUD37A_W34,male,0.7342912265508774,Steered N=20,0.8086419738202474,-0.07435074726936997
FUD37A_W34,female,0.43529632106253036,Steered N=20,0.9088055948184269,-0.4735092737558966
FUD37B_W34,male,0.5832735029563816,Steered N=20,0.4292455425646846,0.15402796039169697
FUD37B_W34,female,0.21566056092840524,Steered N=20,0.4845863300000002,-0.26892576907159493
FUD37C_W34,male,0.5966348810978175,Steered N=20,0.7751143072984309,-0.1784794262006134
FUD37C_W34,female,0.2247123038203373,Steered N=20,0.5287935197616388,-0.3040812159413015
BETTERBIZ1F2D_W36,male,0.14427165029771744,Steered N=20,0.009686281678449371,0.13458536861926806
BETTERBIZ1F2D_W36,female,0.2723360516002397,Steered N=20,0.14156673805471864,0.13076931354552107
BETTERBIZ1F2E_W36,male,0.0863615409316412,Steered N=20,0.15696236,-0.0706008190683588
BETTERBIZ1F2E_W36,female,0.2568200413596828,Steered N=20,0.05584061499999993,0.20097942635968286
BETTERBIZ1F2H_W36,male,0.15806242650516958,Steered N=20,0.05203717000000002,0.10602525650516956
BETTERBIZ1F2H_W36,female,0.2489436305433323,Steered N=20,0.05261854500000002,0.19632508554333228
BETTERBIZ2F2C_W36,male,0.22077025713452153,Steered N=20,0.006785855008082764,0.21398440212643877
BETTERBIZ2F2C_W36,female,0.3086729758739965,Steered N=20,0.009075224143426458,0.29959775173057
BETTERBIZ2F2E_W36,male,0.22753635155899238,Steered N=20,0.02439621023655148,0.2031401413224409
BETTERBIZ2F2E_W36,female,0.3130119484898837,Steered N=20,0.09559790023655151,0.21741404825333216
BETTERBIZ2F2F_W36,male,0.11594774837129374,Steered N=20,0.19772213354245619,-0.08177438517116245
BETTERBIZ2F2F_W36,female,0.4063609098976342,Steered N=20,0.1841158285424562,0.22224508135517798
BETTERPOL1F1B_W36,male,0.41190853244869585,Steered N=20,0.23554850425464552,0.17636002819405033
BETTERPOL1F1B_W36,female,0.156179508842163,Steered N=20,0.3506112826365326,-0.19443177379436957
BETTERPOL1F1E_W36,male,0.11343475455989507,Steered N=20,0.12920506666368917,-0.015770312103794093
BETTERPOL1F1E_W36,female,0.3086099299999999,Steered N=20,0.1005700216636892,0.20803990833631072
BETTERPOL1F1I_W36,male,0.3538418733122536,Steered N=20,0.22776885786491843,0.12607301544733515
BETTERPOL1F1I_W36,female,0.2394089659689116,Steered N=20,0.2285040478649184,0.010904918103993189
BETTERPOL2F1A_W36,male,0.22346608719400235,Steered N=20,0.05272962634257604,0.1707364608514263
BETTERPOL2F1A_W36,female,0.2801240426035464,Steered N=20,0.090418905,0.1897051376035464
BETTERPOL2F1C_W36,male,0.25542059114518767,Steered N=20,0.07832248083224427,0.1770981103129434
BETTERPOL2F1C_W36,female,0.2620907509535538,Steered N=20,0.10198272583224427,0.1601080251213095
BETTERPOL2F1D_W36,male,0.12374733176439018,Steered N=20,0.16101555099985343,-0.03726821923546325
BETTERPOL2F1D_W36,female,0.3025624061798288,Steered N=20,0.10131866217968229,0.20124374400014655
BETTERPOL2F1F_W36,male,0.16625822578814137,Steered N=20,0.13521890722663,0.031039318561511375
BETTERPOL2F1F_W36,female,0.221219165,Steered N=20,0.15229935428940955,0.06891981071059045
E5_W36,male,0.08718716276101762,Steered N=20,0.10112891947016672,-0.0139417567091491
E5_W36,female,0.3707601508065532,Steered N=20,0.2656563762349199,0.10510377457163333
ESSENBIZF2E_W36,male,0.3312865300000001,Steered N=20,0.44132881999999996,-0.11004228999999988
ESSENBIZF2E_W36,female,0.09138173857772292,Steered N=20,0.48655982,-0.39517808142227706
ESSENBIZF2J_W36,male,0.40327103999999997,Steered N=20,0.29499128119215434,0.10827975880784563
ESSENBIZF2J_W36,female,0.32070871903909115,Steered N=20,0.25029041409244335,0.0704183049466478
ESSENPOLF1A_W36,male,0.615474898555353,Steered N=20,0.10833089576752375,0.5071440027878292
ESSENPOLF1A_W36,female,0.5090242100000002,Steered N=20,0.10853347456722184,0.40049073543277836
ESSENPOLF1B_W36,male,0.24927918814545602,Steered N=20,0.3075449824288906,-0.05826579428343459
ESSENPOLF1B_W36,female,0.32386980305913277,Steered N=20,0.17598921903016118,0.14788058402897158
ESSENPOLF1D_W36,male,0.5353078965313529,Steered N=20,0.15607577180994925,0.37923212472140366
ESSENPOLF1D_W36,female,0.34609668834716933,Steered N=20,0.1369623000000001,0.20913438834716924
ESSENPOLF1G_W36,male,0.32035353631784286,Steered N=20,0.461071499566101,-0.14071796324825814
ESSENPOLF1G_W36,female,0.06397370618300113,Steered N=20,0.4526690695661011,-0.38869536338309996
ESSENPOLF1H_W36,male,0.299227782869834,Steered N=20,0.2889411933292917,0.01028658954054229
ESSENPOLF1H_W36,female,0.36145421000000016,Steered N=20,0.14848240000000001,0.21297181000000015
HIGHEDWRNGB_W36,male,0.2847915288637012,Steered N=20,0.18590560814094392,0.09888592072275726
HIGHEDWRNGB_W36,female,0.31887812315172304,Steered N=20,0.23248065767519344,0.0863974654765296
HIGHEDWRNGC_W36,male,0.40216000860015416,Steered N=20,0.774717074205181,-0.3725570656050268
HIGHEDWRNGC_W36,female,0.26780571732194286,Steered N=20,0.5382042018487867,-0.27039848452684384
IMPROVE1_W36,male,0.5866652333545221,Steered N=20,0.6848243386434902,-0.0981591052889681
IMPROVE1_W36,female,0.2261549180755263,Steered N=20,0.429002300567964,-0.20284738249243772
IMPROVE2_W36,male,0.5220669253048295,Steered N=20,0.9017637004723149,-0.37969677516748546
IMPROVE2_W36,female,0.1641428351658083,Steered N=20,1.2806254524299026,-1.1164826172640943
IMPROVE3_W36,male,0.5214261092559229,Steered N=20,0.7623889173658237,-0.24096280810990078
IMPROVE3_W36,female,0.15097225945874,Steered N=20,0.3988538811497397,-0.2478816216909997
MOREWMN1F2_W36,male,0.09866004845640716,Steered N=20,0.024819290704382435,0.07384075775202473
MOREWMN1F2_W36,female,0.3657732208595653,Steered N=20,0.1049875107043825,0.2607857101551828
POLCHF1_W36,male,0.06342163033638315,Steered N=20,1.20428114,-1.140859509663617
POLCHF1_W36,female,0.4010984370186341,Steered N=20,1.0933914100000002,-0.692292972981366
TRAITBIZMF2C_W36,male,0.18337913967426364,Steered N=20,0.30385446000000005,-0.1204753203257364
TRAITBIZMF2C_W36,female,0.39989220499999995,Steered N=20,0.28692462999999996,0.11296757499999999
TRAITBIZMF2D_W36,male,0.16692379136887395,Steered N=20,0.313470325,-0.14654653363112605
TRAITBIZMF2D_W36,female,0.35098127022282877,Steered N=20,0.26509697000000004,0.08588430022282872
TRAITBIZMF2E_W36,male,0.23940613531830726,Steered N=20,0.4139916931981107,-0.17458555787980343
TRAITBIZMF2E_W36,female,0.4493662136660699,Steered N=20,0.36613101194835634,0.08323520171771354
TRAITBIZMF2G_W36,male,0.08438103319251211,Steered N=20,0.250409255,-0.16602822180748789
TRAITBIZMF2G_W36,female,0.39945561999999996,Steered N=20,0.22547190999999991,0.17398371000000004
TRAITBIZWF2C_W36,male,0.0514147483326996,Steered N=20,0.22714766691835064,-0.17573291858565104
TRAITBIZWF2C_W36,female,0.27509793633148105,Steered N=20,0.22232738068244912,0.052770555649031936
TRAITBIZWF2D_W36,male,0.12680420966993255,Steered N=20,0.25213588718800195,-0.1253316775180694
TRAITBIZWF2D_W36,female,0.3697450950000001,Steered N=20,0.245726532188002,0.12401856281199808
TRAITBIZWF2E_W36,male,0.0078025280086378435,Steered N=20,0.3027481851239657,-0.29494565711532783
TRAITBIZWF2E_W36,female,0.30944528674349786,Steered N=20,0.3278698401239657,-0.018424553380467834
TRAITBIZWF2G_W36,male,0.1083123479654658,Steered N=20,0.33329272545952665,-0.22498037749406086
TRAITBIZWF2G_W36,female,0.513141509098583,Steered N=20,0.3260594594245296,0.18708204967405345
TRAITPOLMF1B_W36,male,0.061616715000000016,Steered N=20,0.07457163309289438,-0.012954918092894369
TRAITPOLMF1B_W36,female,0.3398117953573463,Steered N=20,0.12148648309289445,0.21832531226445184
TRAITPOLMF1C_W36,male,0.1329980877976772,Steered N=20,0.21285714228283467,-0.07985905448515748
TRAITPOLMF1C_W36,female,0.45381682864005923,Steered N=20,0.27172332728283455,0.18209350135722469
TRAITPOLMF1D_W36,male,0.15402901912988679,Steered N=20,0.1857587614431529,-0.03172974231326611
TRAITPOLMF1D_W36,female,0.43738895224392305,Steered N=20,0.208531497586549,0.22885745465737406
TRAITPOLMF1E_W36,male,0.22653049360717506,Steered N=20,0.30372546813737455,-0.0771949745301995
TRAITPOLMF1E_W36,female,0.4788496124692133,Steered N=20,0.26737783313737457,0.21147177933183875
TRAITPOLMF1F_W36,male,0.2618359444784901,Steered N=20,0.06728304932716953,0.1945528951513206
TRAITPOLMF1F_W36,female,0.12828281931003752,Steered N=20,0.07118037573614451,0.057102443573893005
TRAITPOLMF1G_W36,male,0.12259675367119843,Steered N=20,0.1984767652849596,-0.07588001161376118
TRAITPOLMF1G_W36,female,0.4400833835682575,Steered N=20,0.20849654791503464,0.23158683565322286
TRAITPOLWF1A_W36,male,0.1128873517065711,Steered N=20,0.22774252180131116,-0.11485517009474006
TRAITPOLWF1A_W36,female,0.3835721835135406,Steered N=20,0.25313619180131114,0.13043599171222947
TRAITPOLWF1C_W36,male,0.028427133204239174,Steered N=20,0.13309940836982417,-0.104672275165585
TRAITPOLWF1C_W36,female,0.30033893641228404,Steered N=20,0.17867734738490162,0.12166158902738242
TRAITPOLWF1D_W36,male,0.1107119102578974,Steered N=20,0.22621981238031585,-0.11550790212241846
TRAITPOLWF1D_W36,female,0.4894929684114445,Steered N=20,0.2862797932076758,0.2032131752037687
TRAITPOLWF1E_W36,male,0.02129302999999999,Steered N=20,0.2845647672665401,-0.26327173726654013
TRAITPOLWF1E_W36,female,0.2868268612255538,Steered N=20,0.3232482122665401,-0.036421351040986316
TRAITPOLWF1F_W36,male,0.3053095968859645,Steered N=20,0.2785949416788107,0.02671465520715377
TRAITPOLWF1F_W36,female,0.058478746102806886,Steered N=20,0.35280469667881076,-0.29432595057600386
TRAITPOLWF1G_W36,male,0.07185177932866488,Steered N=20,0.2853898580254586,-0.2135380786967937
TRAITPOLWF1G_W36,female,0.49371692037727005,Steered N=20,0.292975239721378,0.20074168065589204
WHYNOTBIZF2A_W36,male,0.1582705666677962,Steered N=20,0.7644676128385758,-0.6061970461707795
WHYNOTBIZF2A_W36,female,0.35477956767778274,Steered N=20,0.9714009028385759,-0.6166213351607932
WHYNOTBIZF2B_W36,male,0.13824251377162095,Steered N=20,0.7995033542299385,-0.6612608404583176
WHYNOTBIZF2B_W36,female,0.45421058771553047,Steered N=20,1.1073657342299383,-0.6531551465144079
WHYNOTBIZF2D_W36,male,0.6208616416833268,Steered N=20,0.254598964210963,0.3662626774723638
WHYNOTBIZF2D_W36,female,0.7492570452881993,Steered N=20,0.08530832113101547,0.6639487241571838
WHYNOTBIZF2F_W36,male,0.7639024433504786,Steered N=20,0.16385124569093937,0.6000511976595393
WHYNOTBIZF2F_W36,female,0.7565847352809988,Steered N=20,0.09931094569093935,0.6572737895900594
WHYNOTBIZF2G_W36,male,0.45349703597790536,Steered N=20,0.526898814439314,-0.0734017784614086
WHYNOTBIZF2G_W36,female,0.3658587079685499,Steered N=20,0.8359942861135504,-0.4701355781450005
WHYNOTBIZF2H_W36,male,0.09796651207413853,Steered N=20,0.8804117662105617,-0.7824452541364232
WHYNOTBIZF2H_W36,female,0.60040104,Steered N=20,1.3508407862105618,-0.7504397462105618
WHYNOTBIZF2J_W36,male,0.12051728773595194,Steered N=20,0.9302230233853351,-0.8097057356493832
WHYNOTBIZF2J_W36,female,0.2691956099999999,Steered N=20,1.0849024820415525,-0.8157068720415526
WHYNOTBIZF2M_W36,male,0.44373727374762467,Steered N=20,0.5239631103715148,-0.0802258366238901
WHYNOTBIZF2M_W36,female,0.2292878973614707,Steered N=20,0.7617258403715148,-0.5324379430100441
WHYNOTBIZF2N_W36,male,0.46590095321108865,Steered N=20,0.45847740396162623,0.0074235492494624244
WHYNOTBIZF2N_W36,female,0.27247537409195294,Steered N=20,0.6842340241000991,-0.4117586500081462
WHYNOTBIZF2O_W36,male,0.26885750731142494,Steered N=20,0.8870218511297815,-0.6181643438183566
WHYNOTBIZF2O_W36,female,0.2927400257215854,Steered N=20,1.2156020916270625,-0.922862065905477
WHYNOTPOLF1A_W36,male,0.24986030999999992,Steered N=20,0.8099322900000001,-0.5600719800000002
WHYNOTPOLF1A_W36,female,0.42121684306893004,Steered N=20,1.23788316,-0.81666631693107
WHYNOTPOLF1B_W36,male,0.1782804366031273,Steered N=20,0.33924730822587884,-0.16096687162275153
WHYNOTPOLF1B_W36,female,0.3477252460152262,Steered N=20,0.30481045543713847,0.042914790578087725
WHYNOTPOLF1C_W36,male,0.23646273908246812,Steered N=20,0.41341619742238167,-0.17695345833991355
WHYNOTPOLF1C_W36,female,0.14552346694708457,Steered N=20,0.383824852818474,-0.23830138587138944
WHYNOTPOLF1E_W36,male,0.25375014995716416,Steered N=20,0.604936411347911,-0.3511862613907468
WHYNOTPOLF1E_W36,female,0.39301796641832043,Steered N=20,0.566494471347911,-0.17347650492959055
WHYNOTPOLF1G_W36,male,0.34878550591485763,Steered N=20,0.2917255485401861,0.05705995737467151
WHYNOTPOLF1G_W36,female,0.28478682000000005,Steered N=20,0.6150655317710283,-0.33027871177102824
WHYNOTPOLF1I_W36,male,0.19917593936717048,Steered N=20,0.5610611250169089,-0.3618851856497384
WHYNOTPOLF1I_W36,female,0.2959797017807529,Steered N=20,0.4150753992070579,-0.11909569742630499
WHYNOTPOLF1J_W36,male,0.1927859403335493,Steered N=20,0.3153949517075892,-0.1226090113740399
WHYNOTPOLF1J_W36,female,0.24775117843897038,Steered N=20,0.29626170112058814,-0.04851052268161776
WHYNOTPOLF1K_W36,male,0.7460551674605518,Steered N=20,0.365132233265191,0.3809229341953608
WHYNOTPOLF1K_W36,female,0.5258089378862537,Steered N=20,0.45005173831560225,0.07575719957065147
WHYNOTPOLF1L_W36,male,0.2870378827893515,Steered N=20,0.8454255853685797,-0.5583877025792282
WHYNOTPOLF1L_W36,female,0.32909540404590154,Steered N=20,1.1291384753685798,-0.8000430713226783
WMNPRZ1_W36,male,0.7338911857286633,Steered N=20,1.3170136891512139,-0.5831225034225506
WMNPRZ1_W36,female,0.582645462660456,Steered N=20,1.5630268598570805,-0.9803813971966244
AUTOLKLY_W41,male,0.3711810383617602,Steered N=20,0.40346831648640225,-0.03228727812464205
AUTOLKLY_W41,female,0.577440602763263,Steered N=20,0.3522171764864022,0.22522342627686082
AUTOWKPLC_W41,male,0.21560647315687564,Steered N=20,0.2553349881631951,-0.039728515006319465
AUTOWKPLC_W41,female,0.07846463,Steered N=20,0.32285201816319514,-0.24438738816319516
ETHNCMAJMOD_W41,male,0.7156531658683799,Steered N=20,1.0491658099999999,-0.33351264413161996
ETHNCMAJMOD_W41,female,0.1458270303805607,Steered N=20,1.0709237750000002,-0.9250967446194396
FTRWORRYc_W41,male,1.0283752402259887,Steered N=20,1.2659000938484875,-0.23752485362249876
FTRWORRYc_W41,female,0.8127666022668805,Steered N=20,1.2451811240556772,-0.4324145217887967
FTRWORRYe_W41,male,0.6931065443969796,Steered N=20,0.988316215978862,-0.2952096715818824
FTRWORRYe_W41,female,0.570678007841865,Steered N=20,1.1377275031567042,-0.5670494953148393
FTRWORRYf_W41,male,0.5635147473147593,Steered N=20,0.4683733466611329,0.09514140065362636
FTRWORRYf_W41,female,0.471952307707932,Steered N=20,0.5555767366611328,-0.08362442895320082
FUTRCLASSb_W41,male,0.2640727967888198,Steered N=20,0.5140192141421749,-0.2499464173533551
FUTRCLASSb_W41,female,0.10188653130866507,Steered N=20,0.44398717914217495,-0.3421006478335099
FUTRCLASSc_W41,male,0.0863740241753728,Steered N=20,0.1258642055425196,-0.0394901813671468
FUTRCLASSc_W41,female,0.19943135394264863,Steered N=20,0.13083894054251965,0.06859241340012898
FUTR_DIV_W41,male,0.12251680536136703,Steered N=20,0.2102129940154947,-0.08769618865412768
FUTR_DIV_W41,female,0.2538373440971011,Steered N=20,0.2454424490154947,0.00839489508160643
GOVPRIOb_W41,male,0.8081547711719379,Steered N=20,0.3490180646203714,0.4591367065515665
GOVPRIOb_W41,female,0.4129641557281818,Steered N=20,0.3961379976576771,0.016826158070504693
GOVPRIOc_W41,male,0.7765833938681383,Steered N=20,0.24540396399318054,0.5311794298749578
GOVPRIOc_W41,female,0.551349712137888,Steered N=20,0.2190042673614765,0.3323454447764115
GOVPRIOe_W41,male,0.5012373391175766,Steered N=20,0.41163937640252535,0.08959796271505127
GOVPRIOe_W41,female,0.24497867000975482,Steered N=20,0.4637062764025253,-0.2187276063927705
GOVPRIOfF1_W41,male,0.2730618420261516,Steered N=20,0.9802949558703722,-0.7072331138442206
GOVPRIOfF1_W41,female,0.410158420434781,Steered N=20,0.9008532758703723,-0.4906948554355913
GOVPRIOgF1_W41,male,0.6440729899999998,Steered N=20,0.6990720515920197,-0.05499906159201984
GOVPRIOgF1_W41,female,0.2185775314671256,Steered N=20,0.6130520606205454,-0.3944745291534198
GOVPRIOhF1_W41,male,0.19248893538115422,Steered N=20,0.1858528029894196,0.006636132391734606
GOVPRIOhF1_W41,female,0.5642396275455198,Steered N=20,0.22634831113596068,0.33789131640955916
GOVPRIOiF1_W41,male,0.7835259619735957,Steered N=20,0.5960026408002348,0.1875233211733609
GOVPRIOiF1_W41,female,0.3625942313917305,Steered N=20,0.5817908108002345,-0.219196579408504
GOVPRIOjF1_W41,male,0.50090931965293,Steered N=20,0.6210766972495827,-0.12016737759665275
GOVPRIOjF1_W41,female,0.41631082484308346,Steered N=20,0.8124300169206993,-0.3961191920776158
GOVPRIOkF2_W41,male,0.5012043263531549,Steered N=20,0.9632526161655234,-0.46204828981236845
GOVPRIOkF2_W41,female,0.1445523177268168,Steered N=20,1.1595689383292207,-1.0150166206024038
GOVPRIOlF2_W41,male,0.6257985300000002,Steered N=20,0.5821984503145494,0.043600079685450766
GOVPRIOlF2_W41,female,0.31628955821540616,Steered N=20,0.6143476603145493,-0.2980581020991432
GOVPRIOmF2_W41,male,0.8121056061277082,Steered N=20,0.4502177410138724,0.3618878651138358
GOVPRIOmF2_W41,female,0.46878616000000006,Steered N=20,0.45184351063146544,0.016942649368534624
GOVPRIOnF2_W41,male,0.4553529650352387,Steered N=20,0.7361946066099897,-0.280841641574751
GOVPRIOnF2_W41,female,0.5511255250496473,Steered N=20,0.4367746631810663,0.11435086186858101
GOVPRIOoF2_W41,male,0.5414915008496128,Steered N=20,0.378159179344755,0.16333232150485782
GOVPRIOoF2_W41,female,0.15100575925715842,Steered N=20,0.37699676487104794,-0.22599100561388952
HAPPEN2b_W41,male,0.6267924208646706,Steered N=20,0.24301439125234475,0.3837780296123258
HAPPEN2b_W41,female,0.20032963957747496,Steered N=20,0.32631849438121646,-0.1259888548037415
HAPPEN2f_W41,male,0.8280225816389591,Steered N=20,0.6373533665107076,0.19066921512825152
HAPPEN2f_W41,female,0.29963482718473283,Steered N=20,0.5912574504805512,-0.2916226232958184
HARASS1F1b_W41,male,0.20454950000594874,Steered N=20,1.0646386258750278,-0.860089125869079
HARASS1F1b_W41,female,0.2780779978663987,Steered N=20,1.0188769097821209,-0.7407989119157221
HARASS1F1d_W41,male,0.21797181744462257,Steered N=20,0.5568212434753717,-0.3388494260307491
HARASS1F1d_W41,female,0.4232774282383051,Steered N=20,0.7152926134753714,-0.2920151852370663
HARASS1NOWRKF2d_W41,male,0.2565215544949522,Steered N=20,0.30542331467653394,-0.048901760181581766
HARASS1NOWRKF2d_W41,female,0.4840088534021528,Steered N=20,0.4060178751140825,0.07799097828807033
HARASS3NOWRKF2_W41,male,0.4216041324461728,Steered N=20,0.2526966571014351,0.1689074753447377
HARASS3NOWRKF2_W41,female,0.12435389212655193,Steered N=20,0.23770122820380496,-0.11334733607725303
INTRMAR_W41,male,0.6613795775977668,Steered N=20,0.48006719442600315,0.18131238317176362
INTRMAR_W41,female,0.3362107866378924,Steered N=20,0.5070267525007273,-0.17081596586283487
LEGALIMG_W41,male,0.2675191795814965,Steered N=20,0.37546171213169843,-0.10794253255020192
LEGALIMG_W41,female,0.21217638000000005,Steered N=20,0.3932563170635787,-0.18107993706357867
SOLVPROBa_W41,male,0.8271849353307482,Steered N=20,0.42934286453648873,0.3978420707942595
SOLVPROBa_W41,female,0.3790300824780034,Steered N=20,0.44463614048612005,-0.06560605800811664
SOLVPROBb_W41,male,0.41692914000000003,Steered N=20,0.4182211240584728,-0.0012919840584727504
SOLVPROBb_W41,female,0.4793696076936376,Steered N=20,0.4467842840584727,0.03258532363516492
SOLVPROBc_W41,male,0.4455118239962451,Steered N=20,0.43387006188170496,0.011641762114540155
SOLVPROBc_W41,female,0.32832634798217264,Steered N=20,0.5475468454754684,-0.21922049749329575
SOLVPROBdF1_W41,male,0.4598880278145701,Steered N=20,0.40714594646922275,0.05274208134534736
SOLVPROBdF1_W41,female,0.5105734900000001,Steered N=20,0.434038304877316,0.07653518512268409
SOLVPROBf_W41,male,0.3298352433840036,Steered N=20,0.5209554458145698,-0.19112020243056616
SOLVPROBf_W41,female,0.42464587000000004,Steered N=20,0.40571767565521805,0.01892819434478199
SOLVPROBg_W41,male,0.6108956240066624,Steered N=20,0.9677048186015043,-0.35680919459484184
SOLVPROBg_W41,female,0.19205237494830774,Steered N=20,1.038942237592431,-0.8468898626441234
SOLVPROBh_W41,male,0.5208462785805238,Steered N=20,0.3429246999999999,0.17792157858052388
SOLVPROBh_W41,female,0.4109776325294564,Steered N=20,0.4889817599999998,-0.07800412747054342
CONFb_W42,male,0.4467790103078724,Steered N=20,0.359046482353384,0.08773252795448844
CONFb_W42,female,0.3872295461277045,Steered N=20,0.5016272896904949,-0.11439774356279037
CONFc_W42,male,0.8867377061494737,Steered N=20,1.1269532980652175,-0.24021559191574382
CONFc_W42,female,0.5012982556533956,Steered N=20,1.136248747972263,-0.6349504923188674
CONFe_W42,male,0.6450380610172552,Steered N=20,0.8369737259770877,-0.1919356649598325
CONFe_W42,female,0.32394854646113813,Steered N=20,0.9327153723676296,-0.6087668259064914
CONFg_W42,male,0.6344459283645534,Steered N=20,0.7337859586652439,-0.0993400303006905
CONFg_W42,female,0.5327565651188385,Steered N=20,0.7951589786652439,-0.26240241354640537
PQ4_F2Aa_W42,male,0.9846599699999999,Steered N=20,0.8368857520010635,0.14777421799893642
PQ4_F2Aa_W42,female,0.6241758100003334,Steered N=20,0.8241575520010636,-0.19998174200073016
PQ4_F2Ac_W42,male,0.645005028844002,Steered N=20,0.6087266322298385,0.036278396614163544
PQ4_F2Ac_W42,female,0.3582843171042334,Steered N=20,0.5691865522298385,-0.21090223512560508
PQ4_F2Ae_W42,male,1.0475801687455042,Steered N=20,0.402413931648829,0.6451662370966752
PQ4_F2Ae_W42,female,0.6682198697885272,Steered N=20,0.362360922242015,0.3058589475465122
PQ4_F2Bb_W42,male,0.7031988449738885,Steered N=20,0.7285696719783898,-0.02537082700450133
PQ4_F2Bb_W42,female,0.515329375806707,Steered N=20,0.7336120319783899,-0.21828265617168285
PQ4_F2Bc_W42,male,0.5923405958246086,Steered N=20,0.5425018831786173,0.04983871264599138
PQ4_F2Bc_W42,female,0.326155506489721,Steered N=20,0.5574796731786171,-0.2313241666888961
PQ4_F2Bd_W42,male,0.6574647385079817,Steered N=20,0.5669260289906349,0.09053870951734677
PQ4_F2Bd_W42,female,0.34151325356064105,Steered N=20,0.6041657431065965,-0.2626524895459555
PQ4_F2Cc_W42,male,0.6235916271358369,Steered N=20,0.5821757483783134,0.041415878757523505
PQ4_F2Cc_W42,female,0.3425081177406669,Steered N=20,0.6576053344174171,-0.31509721667675017
PQ8_F2B_W42,male,0.6388916633294126,Steered N=20,0.8075522750800941,-0.16866061175068148
PQ8_F2B_W42,female,0.37986485025429473,Steered N=20,0.9246206145824656,-0.5447557643281709
RQ1_F1B_W42,male,0.08630199367539379,Steered N=20,0.11881954448711979,-0.032517550811726
RQ1_F1B_W42,female,0.29158447356247075,Steered N=20,0.10729960448711978,0.18428486907535097
RQ1_F1C_W42,male,0.07194198326325407,Steered N=20,0.040684755989446764,0.03125722727380731
RQ1_F1C_W42,female,0.2607592361001952,Steered N=20,0.02968554293694936,0.23107369316324583
RQ2_F1A_W42,male,0.4022060930888033,Steered N=20,0.0817893543944318,0.3204167386943715
RQ2_F1A_W42,female,0.18080766175043836,Steered N=20,0.07729459429184599,0.10351306745859237
RQ4_F1Ab_W42,male,0.7166034678914577,Steered N=20,0.6412996339581387,0.07530383393331896
RQ4_F1Ab_W42,female,0.42460664068788023,Steered N=20,0.6534005067041393,-0.22879386601625906
RQ4_F1Ae_W42,male,0.6354554341971569,Steered N=20,0.45998240125685497,0.17547303294030192
RQ4_F1Ae_W42,female,0.39740591999999997,Steered N=20,0.4604952012568549,-0.06308928125685492
RQ4_F1Ba_W42,male,0.7544144492159897,Steered N=20,0.7778423717211274,-0.0234279225051377
RQ4_F1Ba_W42,female,0.5672532112888403,Steered N=20,0.8294659945855055,-0.2622127832966652
RQ4_F1Bc_W42,male,0.5314873639866717,Steered N=20,0.8200142949623752,-0.2885269309757035
RQ4_F1Bc_W42,female,0.28436349714094067,Steered N=20,0.7576010324239897,-0.473237535283049
RQ4_F1Bd_W42,male,0.62103185,Steered N=20,0.5493954968040817,0.07163635319591832
RQ4_F1Bd_W42,female,0.27548661618599357,Steered N=20,0.6259828468040818,-0.3504962306180882
RQ4_F1Be_W42,male,0.5374223292769785,Steered N=20,0.35624747018532027,0.18117485909165826
RQ4_F1Be_W42,female,0.3991124260088758,Steered N=20,0.4002134659978655,-0.0011010399889896938
RQ4_F1Ca_W42,male,0.798898027878483,Steered N=20,0.8791838500000002,-0.08028582212151725
RQ4_F1Ca_W42,female,0.4595354963458461,Steered N=20,0.9135599099999999,-0.4540244136541538
RQ4_F1Cb_W42,male,0.7569900278475932,Steered N=20,0.6471242594837416,0.10986576836385153
RQ4_F1Cb_W42,female,0.3259532690612346,Steered N=20,0.6323089147530818,-0.3063556456918472
RQ4_F1Cd_W42,male,0.6043596260435963,Steered N=20,0.3951983228140625,0.2091613032295338
RQ4_F1Cd_W42,female,0.37102285687592473,Steered N=20,0.47672278914655936,-0.10569993227063462
RQ5_F1B_W42,male,0.45080229450802306,Steered N=20,0.5514726741233233,-0.10067037961530029
RQ5_F1B_W42,female,0.5600994551832412,Steered N=20,0.5433181621738304,0.01678129300941078
RQ5_F1C_W42,male,0.48767954379877654,Steered N=20,0.8392435800387683,-0.3515640362399918
RQ5_F1C_W42,female,0.5193538624350433,Steered N=20,0.7919834931001645,-0.27262963066512114
IDIMPORT_W43,male,0.5386317870163213,Steered N=20,0.7078905065964708,-0.16925871958014949
IDIMPORT_W43,female,0.33654456443117464,Steered N=20,0.67316554,-0.3366209755688253
RACESURV13_W43,male,0.8074415051685039,Steered N=20,0.7838011994026792,0.023640305765824654
RACESURV13_W43,female,0.24665294245515826,Steered N=20,0.6787093994026794,-0.43205645694752115
RACESURV14_W43,male,0.3650979331923141,Steered N=20,0.3196590928997584,0.04543884029255568
RACESURV14_W43,female,1.0091976943023722,Steered N=20,0.2925121028997584,0.7166855914026138
RACESURV15a_W43,male,0.09066886599074231,Steered N=20,0.2761406141005319,-0.1854717481097896
RACESURV15a_W43,female,0.505101543059407,Steered N=20,0.2960511091005319,0.20905043395887513
RACESURV15b_W43,male,0.059915075285120634,Steered N=20,0.285746068790526,-0.22583099350540536
RACESURV15b_W43,female,0.27636173747836074,Steered N=20,0.2835269772305328,-0.007165239752172037
RACESURV17_W43,male,0.37642313999999993,Steered N=20,0.6204939138513934,-0.24407077385139347
RACESURV17_W43,female,0.1228827444708479,Steered N=20,0.41814482274424875,-0.29526207827340084
RACESURV18b_W43,male,0.8218606658558412,Steered N=20,0.6294556034462234,0.19240506240961774
RACESURV18b_W43,female,0.2598348845223558,Steered N=20,0.6721411766396928,-0.41230629211733694
RACESURV18f_W43,male,0.8980202267495517,Steered N=20,0.7430090930572723,0.15501113369227948
RACESURV18f_W43,female,0.3005969293284177,Steered N=20,0.7300702530572721,-0.42947332372885444
RACESURV19a_W43,male,0.27519018699761444,Steered N=20,0.7564124680362039,-0.48122228103858944
RACESURV19a_W43,female,0.30309805751307983,Steered N=20,0.878812448036204,-0.5757143905231241
RACESURV19c_W43,male,0.21631228416178855,Steered N=20,0.7396162246025036,-0.5233039404407152
RACESURV19c_W43,female,0.33433837784996184,Steered N=20,0.8122347346025036,-0.4778963567525418
RACESURV19e_W43,male,0.3238985316228111,Steered N=20,0.633083096823994,-0.30918456520118287
RACESURV19e_W43,female,0.31989187197524216,Steered N=20,0.7089674157397443,-0.38907554376450215
RACESURV1b_W43,male,0.12561209224943182,Steered N=20,0.26011900071565297,-0.13450690846622115
RACESURV1b_W43,female,0.07444056437847321,Steered N=20,0.2375314037376322,-0.163090839359159
RACESURV21_W43,male,0.6351018461387719,Steered N=20,0.4079868848892977,0.22711496124947417
RACESURV21_W43,female,0.7246650871012938,Steered N=20,0.4075058248892977,0.31715926221199614
RACESURV27_W43,male,0.39659468893227756,Steered N=20,0.5279071071425401,-0.13131241821026252
RACESURV27_W43,female,0.8687716388629938,Steered N=20,0.5062760798244541,0.3624955590385397
RACESURV28a_W43,male,0.09415020835855764,Steered N=20,0.2118142727244889,-0.11766406436593127
RACESURV28a_W43,female,0.3606797363692954,Steered N=20,0.2317878349213158,0.1288919014479796
RACESURV28b_W43,male,0.16126802500000004,Steered N=20,0.19053524000000005,-0.029267215000000013
RACESURV28b_W43,female,0.33671559388412703,Steered N=20,0.212140975,0.12457461888412702
RACESURV28c_W43,male,0.14077374612765983,Steered N=20,0.20442229022946518,-0.06364854410180534
RACESURV28c_W43,female,0.3204144670853157,Steered N=20,0.21041205522946518,0.1100024118558505
RACESURV28d_W43,male,0.08999448113570319,Steered N=20,0.30307898034091674,-0.21308449920521355
RACESURV28d_W43,female,0.48947940414119184,Steered N=20,0.3268498536946444,0.16262955044654742
RACESURV28e_W43,male,0.08668760833256994,Steered N=20,0.2912314719791165,-0.20454386364654653
RACESURV28e_W43,female,0.4892863182135675,Steered N=20,0.3195865299457156,0.16969978826785187
RACESURV28f_W43,male,0.1888551626915488,Steered N=20,0.15582433494913445,0.033030827742414365
RACESURV28f_W43,female,0.328151465,Steered N=20,0.16387761994913447,0.1642738450508655
RACESURV28g_W43,male,0.21816456221191746,Steered N=20,0.13061822962463338,0.08754633258728409
RACESURV28g_W43,female,0.3068837922624673,Steered N=20,0.16062298962463334,0.14626080263783398
RACESURV29d_W43,male,0.79456817,Steered N=20,1.0517531930458608,-0.25718502304586077
RACESURV29d_W43,female,0.37650649999999997,Steered N=20,1.0270504830458609,-0.6505439830458609
RACESURV2_W43,male,1.0280850337968916,Steered N=20,1.128822756322882,-0.10073772252599045
RACESURV2_W43,female,0.7997005054272738,Steered N=20,1.172671961761374,-0.3729714563341001
RACESURV34a_W43,male,0.830209533060106,Steered N=20,0.8537897622637738,-0.023580229203667757
RACESURV34a_W43,female,0.13894616702303447,Steered N=20,0.8538263394339237,-0.7148801724108893
RACESURV34b_W43,male,0.7379664158067076,Steered N=20,1.2914650885430516,-0.553498672736344
RACESURV34b_W43,female,0.25975837,Steered N=20,0.770571120711794,-0.510812750711794
RACESURV34c_W43,male,0.47899129252651307,Steered N=20,0.5559438005974898,-0.07695250807097676
RACESURV34c_W43,female,0.14706223852937747,Steered N=20,0.5386901733566063,-0.3916279348272288
RACESURV34d_W43,male,1.3674850049999998,Steered N=20,0.634786581843682,0.7326984231563178
RACESURV34d_W43,female,0.8561256536399667,Steered N=20,0.5211090918436818,0.3350165617962849
RACESURV34e_W43,male,0.8472289090346582,Steered N=20,0.6377061838231295,0.2095227252115287
RACESURV34e_W43,female,0.4813333500000001,Steered N=20,0.637760993723034,-0.15642764372303386
RACESURV38_W43,male,0.4746151954226703,Steered N=20,0.3447574632787521,0.12985773214391816
RACESURV38_W43,female,0.7115382102250128,Steered N=20,0.3069512132787522,0.40458699694626066
RACESURV40_W43,male,1.1822384791365204,Steered N=20,0.7799520676831782,0.4022864114533422
RACESURV40_W43,female,0.33220647131619613,Steered N=20,0.850530955581349,-0.5183244842651529
RACESURV41_W43,male,0.9463746319424521,Steered N=20,0.6538315759276675,0.2925430560147846
RACESURV41_W43,female,0.44647276432369154,Steered N=20,0.7059935959276675,-0.259520831603976
RACESURV45_W43,male,0.8813886846180062,Steered N=20,0.4576821444020099,0.42370654021599635
RACESURV45_W43,female,0.6102926567949212,Steered N=20,0.5090992844020099,0.10119337239291126
RACESURV47a_W43,male,0.40958204492789596,Steered N=20,0.8100898211612136,-0.4005077762333177
RACESURV47a_W43,female,0.4210687122093105,Steered N=20,0.6898666431221401,-0.26879793091282955
RACESURV47b_W43,male,0.2978061190300463,Steered N=20,0.4838258723338563,-0.18601975330381004
RACESURV47b_W43,female,0.7429985461156092,Steered N=20,0.4638864623338563,0.27911208378175295
RACESURV47d_W43,male,0.643057244888111,Steered N=20,0.7193480647669449,-0.0762908198788339
RACESURV47d_W43,female,0.22369933297039285,Steered N=20,0.717295164766945,-0.49359583179655214
RACESURV47e_W43,male,0.6804714503936591,Steered N=20,0.9115958776278903,-0.2311244272342312
RACESURV47e_W43,female,0.21564093844667764,Steered N=20,0.7201741944125734,-0.5045332559658957
RACESURV47f_W43,male,0.2673843948734824,Steered N=20,0.5064498686522887,-0.23906547377880627
RACESURV47f_W43,female,0.6595080471671027,Steered N=20,0.4976059085631931,0.16190213860390956
RACESURV48_W43,male,0.5178138470455398,Steered N=20,0.5791117555601482,-0.06129790851460837
RACESURV48_W43,female,0.4454474031072307,Steered N=20,0.28288663556014804,0.16256076754708265
RACESURV51_W43,male,0.22507923114212264,Steered N=20,0.036188020878614,0.18889121026350864
RACESURV51_W43,female,0.28282102532462516,Steered N=20,0.0688174298975684,0.21400359542705677
RACESURV52_W43,male,0.22420115250643008,Steered N=20,0.10634871431653299,0.11785243818989709
RACESURV52_W43,female,1.0078451515112756,Steered N=20,0.08180845850809472,0.9260366930031809
RACESURV5a_W43,male,0.6787233821589013,Steered N=20,0.8897047726518165,-0.2109813904929152
RACESURV5a_W43,female,0.4948518828652156,Steered N=20,0.9676593065055867,-0.47280742364037115
RACESURV5b_W43,male,0.6159109277564321,Steered N=20,0.17978456447276842,0.43612636328366367
RACESURV5b_W43,female,0.5000437100004369,Steered N=20,0.16610649149428303,0.3339372185061539
RACESURV5d_W43,male,0.837278965,Steered N=20,1.0411366369687765,-0.20385767196877647
RACESURV5d_W43,female,0.12775799807225405,Steered N=20,1.0333042969687765,-0.9055462988965224
RACESURV5e_W43,male,0.6082913072923879,Steered N=20,0.5208770207168552,0.08741428657553274
RACESURV5e_W43,female,0.26383621,Steered N=20,0.49880241740703163,-0.2349662074070316
RACESURV5f_W43,male,0.8451886291545047,Steered N=20,0.7049862049998237,0.14020242415468098
RACESURV5f_W43,female,0.19253684031939275,Steered N=20,0.6832725292429673,-0.49073568892357455
RACESURV5g_W43,male,0.616626987975154,Steered N=20,0.42583014859982826,0.19079683937532577
RACESURV5g_W43,female,0.6259602426510441,Steered N=20,0.4349682186912089,0.19099202395983522
RACESURV5h_W43,male,0.8073986653374685,Steered N=20,0.7585691939684042,0.04882947136906435
RACESURV5h_W43,female,0.10804116324944414,Steered N=20,0.7615261926592548,-0.6534850294098107
RACESURV5i_W43,male,0.6795295397583696,Steered N=20,1.4040773126099753,-0.7245477728516057
RACESURV5i_W43,female,0.7046530660330516,Steered N=20,1.7484744546032362,-1.0438213885701848
RACESURV5j_W43,male,0.6201950400000003,Steered N=20,0.8069829250000002,-0.186787885
RACESURV5j_W43,female,0.3347305144028474,Steered N=20,0.5773705599999999,-0.24264004559715247
RACESURV5l_W43,male,1.3227917660356658,Steered N=20,1.4437753367944848,-0.12098357075881894
RACESURV5l_W43,female,1.0604935355117482,Steered N=20,1.3927917667944847,-0.3322982312827365
RACESURV9_W43,male,0.8168011174223389,Steered N=20,0.8822307646723161,-0.06542964724997724
RACESURV9_W43,female,0.14773005364870206,Steered N=20,0.8601880102419355,-0.7124579565932334
INFOCHALa_W45,male,1.075321504399453,Steered N=20,0.4801725584973857,0.5951489459020674
INFOCHALa_W45,female,0.6166254769492874,Steered N=20,0.44221921849738566,0.17440625845190172
INFOCREATEa_W45,male,1.0614142309222814,Steered N=20,2.092186961229108,-1.0307727303068268
INFOCREATEa_W45,female,0.33202729301397305,Steered N=20,2.119873231229108,-1.7878459382151348
MADEUPOFT_W45,male,0.8575674445696155,Steered N=20,0.6280482146053494,0.2295192299642661
MADEUPOFT_W45,female,0.3980911332720782,Steered N=20,0.6594428993668033,-0.26135176609472516
MADEUPTOPICb_W45,male,1.14940156,Steered N=20,0.3184804034366422,0.8309211565633579
MADEUPTOPICb_W45,female,0.6183986535786536,Steered N=20,0.24346454439303344,0.3749341091856202
MADEUPTOPICc_W45,male,0.7118069722010547,Steered N=20,0.8805602676816221,-0.1687532954805674
MADEUPTOPICc_W45,female,0.4671332898141709,Steered N=20,0.9081564676816222,-0.44102317786745127
MADEUPTOPICd_W45,male,0.7783100511680681,Steered N=20,0.6141022026626175,0.16420784850545056
MADEUPTOPICd_W45,female,0.21562078999999995,Steered N=20,0.6527352026626174,-0.43711441266261747
NEWSPROBd_W45,male,0.636158414770274,Steered N=20,0.6377507505235114,-0.0015923357532373617
NEWSPROBd_W45,female,0.2755322601654357,Steered N=20,0.7120494777748845,-0.4365172176094488
NEWSPROBe_W45,male,0.6318386629171836,Steered N=20,0.3581035637741002,0.2737350991430834
NEWSPROBe_W45,female,0.19834734922570774,Steered N=20,0.3934630751103023,-0.19511572588459458
NEWS_PLATFORMg_W45,male,0.26600960171625043,Steered N=20,0.6491748361738582,-0.38316523445760775
NEWS_PLATFORMg_W45,female,0.29532120372667425,Steered N=20,0.48048382617385815,-0.1851626224471839
SMLIKESb_W45,male,0.218702877510651,Steered N=20,0.8532907049320553,-0.6345878274214043
SMLIKESb_W45,female,0.23102688524508375,Steered N=20,0.9325861949320551,-0.7015593096869713
SMLIKESf_W45,male,0.28859241111160266,Steered N=20,1.1481573801992415,-0.8595649690876388
SMLIKESf_W45,female,0.15747796885834897,Steered N=20,1.2331058944904525,-1.0756279256321035
BENEFITGOV_W49,male,0.7574049322318829,Steered N=20,1.017050492575206,-0.2596455603433231
BENEFITGOV_W49,female,0.7310341332339562,Steered N=20,0.8984545778473545,-0.16742044461339833
CONCERNCO_W49,male,0.9823817998238181,Steered N=20,0.8348969548285274,0.1474848449952907
CONCERNCO_W49,female,0.5970045930094119,Steered N=20,0.8995534252760821,-0.3025488322666702
CONCERNGRPa_W49,male,0.22976011892509146,Steered N=20,0.5884509600000001,-0.3586908410749086
CONCERNGRPa_W49,female,0.44287978711428455,Steered N=20,0.74900962,-0.3061298328857155
CONCERNGRPc_W49,male,0.28753024000000005,Steered N=20,0.2967406158943892,-0.009210375894389167
CONCERNGRPc_W49,female,0.4991986445854806,Steered N=20,0.31768946589438934,0.18150917869109123
CONTROLCO_W49,male,0.4983188706196907,Steered N=20,0.779918813984465,-0.28159994336477434
CONTROLCO_W49,female,0.8279469375950321,Steered N=20,0.7481330639844651,0.07981387361056702
CONTROLGRPc_W49,male,0.4757659280359572,Steered N=20,0.30503630104130464,0.17072962699465255
CONTROLGRPc_W49,female,0.5545151427237154,Steered N=20,0.35569578104130456,0.19881936168241082
DATAUSEd_W49,male,0.12536646227730008,Steered N=20,0.21109935244808864,-0.08573289017078856
DATAUSEd_W49,female,0.10552127413517931,Steered N=20,0.2158651124480886,-0.11034383831290928
FACE3c_W49,male,0.6758525912695668,Steered N=20,0.5548850384730036,0.12096755279656313
FACE3c_W49,female,0.1439086262690604,Steered N=20,0.6401176648142891,-0.4962090385452287
GOVREGV1_W49,male,0.19434166010173443,Steered N=20,0.20960054392948757,-0.015258883827753145
GOVREGV1_W49,female,0.3547364543568974,Steered N=20,0.20081613235032864,0.15392032200656874
HOMEASSIST2_W49,male,0.6162151362985775,Steered N=20,0.6606542243116467,-0.04443908801306917
HOMEASSIST2_W49,female,0.40912739991067093,Steered N=20,0.7323503936592344,-0.32322299374856345
HOMEASSIST3_W49,male,0.32849944921807983,Steered N=20,1.3166009936036192,-0.9881015443855393
HOMEASSIST3_W49,female,0.5055230703293079,Steered N=20,1.036316243603619,-0.5307931732743112
HOMEASSIST4_W49,male,0.5489496985307908,Steered N=20,0.8085015419149846,-0.2595518433841938
HOMEASSIST4_W49,female,0.507076505901776,Steered N=20,0.7919364133627094,-0.28485990746093337
PP5e_W49,male,0.4845631806479937,Steered N=20,0.5239882214333622,-0.039425040785368515
PP5e_W49,female,0.6201002316459603,Steered N=20,0.5763772464320305,0.04372298521392981
PWMAN2_W49,male,0.849448863572458,Steered N=20,1.41504473284947,-0.565595869277012
PWMAN2_W49,female,1.119145185,Steered N=20,1.487737790249938,-0.368592605249938
SMARTAPP_W49,male,1.140009362967112,Steered N=20,0.9004626814064294,0.2395466815606826
SMARTAPP_W49,female,0.3887551580519746,Steered N=20,0.8823117914064293,-0.49355663335445477
TRACKCO1a_W49,male,1.0803294075627146,Steered N=20,0.8322136438322224,0.24811576373049216
TRACKCO1a_W49,female,1.251229600697004,Steered N=20,0.7404113738671911,0.5108182268298129
TRACKCO1b_W49,male,0.41653862384683815,Steered N=20,0.2490477976645501,0.16749082618228806
TRACKCO1b_W49,female,0.6070058746857633,Steered N=20,0.22057447758703613,0.38643139709872715
TRACKGOV1a_W49,male,0.41873389621581936,Steered N=20,0.5633942608851924,-0.14466036466937304
TRACKGOV1a_W49,female,0.5779678442203218,Steered N=20,0.5116474214026607,0.06632042281766104
TRACKGOV1b_W49,male,0.40346355949637186,Steered N=20,0.21124562274609482,0.19221793675027704
TRACKGOV1b_W49,female,0.5202406523762716,Steered N=20,0.22063582274609483,0.29960482963017676
COHABDUR_W50,male,0.30436537795311913,Steered N=20,1.253290293992801,-0.9489249160396819
COHABDUR_W50,female,0.9510499306023376,Steered N=20,1.3157187939928008,-0.3646688633904632
DNA2b_W50,male,0.32145749000000007,Steered N=20,0.530042935926355,-0.20858544592635492
DNA2b_W50,female,0.09466474693456561,Steered N=20,0.546982735926355,-0.45231798899178943
DNA5_W50,male,0.5133622600144299,Steered N=20,0.6798103166561713,-0.16644805664174145
DNA5_W50,female,0.22530416784109597,Steered N=20,0.6895848166561713,-0.46428064881507536
E5MOD_W50,male,0.06592025782349248,Steered N=20,0.6196102955963567,-0.5536900377728642
E5MOD_W50,female,0.38216944095399463,Steered N=20,0.34562508559635674,0.03654435535763789
FAMSURV10c_W50,male,0.41043262832090305,Steered N=20,0.34105738097450805,0.069375247346395
FAMSURV10c_W50,female,0.5172910050445723,Steered N=20,0.3469643609745081,0.17032664407006415
FAMSURV16_W50,male,0.08323940100186933,Steered N=20,0.28240637019112197,-0.19916696918925264
FAMSURV16_W50,female,0.02233794,Steered N=20,0.26966847019112195,-0.24733053019112194
FAMSURV1_W50,male,0.1410729185892709,Steered N=20,0.5851621309230115,-0.4440892123337406
FAMSURV1_W50,female,0.2794635157457239,Steered N=20,0.3691886945164218,-0.08972517877069786
FAMSURV20_W50,male,0.2653034612705743,Steered N=20,0.4605973828706081,-0.19529392160003378
FAMSURV20_W50,female,0.08446568353979522,Steered N=20,0.4401052528706081,-0.35563956933081287
FAMSURV23b_W50,male,0.2734353368789464,Steered N=20,0.2268975780767275,0.04653775880221889
FAMSURV23b_W50,female,0.2065613406452938,Steered N=20,0.33200678283338725,-0.12544544218809345
FAMSURV23c_W50,male,0.907684921374668,Steered N=20,0.9387265567403369,-0.03104163536566884
FAMSURV23c_W50,female,0.9761395199999999,Steered N=20,0.8777529567403369,0.098386563259663
FAMSURV23d_W50,male,0.816940043773364,Steered N=20,0.9578360271802614,-0.14089598340689735
FAMSURV23d_W50,female,0.7650113557294166,Steered N=20,0.8137129634068974,-0.048701607677480774
FAMSURV23e_W50,male,0.1655278994843445,Steered N=20,0.20206717730273077,-0.036539277818386284
FAMSURV23e_W50,female,0.21674097844263734,Steered N=20,0.18755090452747913,0.02919007391515821
FAMSURV23f_W50,male,0.17658952573380055,Steered N=20,0.22434369533611292,-0.04775416960231238
FAMSURV23f_W50,female,0.22727407554065,Steered N=20,0.16298536206178404,0.06428871347886594
FAMSURV23g_W50,male,0.44317152865629095,Steered N=20,0.5471679671510207,-0.10399643849472973
FAMSURV23g_W50,female,0.5390740042730648,Steered N=20,0.5395569471510206,-0.00048294287795580537
FAMSURV26a_W50,male,0.41344996163162895,Steered N=20,0.6416180972901809,-0.22816813565855198
FAMSURV26a_W50,female,0.868651073424429,Steered N=20,0.37663234729018086,0.4920187261342482
FAMSURV26b_W50,male,0.39927999309436124,Steered N=20,0.540134215517793,-0.1408542224234317
FAMSURV26b_W50,female,0.6066088725958175,Steered N=20,0.675306885517793,-0.06869801292197553
FAMSURV26c_W50,male,0.62363143,Steered N=20,0.25192985158333414,0.37170157841666585
FAMSURV26c_W50,female,1.0035223746264998,Steered N=20,0.3202527015833342,0.6832696730431657
FAMSURV26d_W50,male,0.4500759975166275,Steered N=20,0.5795470128626722,-0.12947101534604466
FAMSURV26d_W50,female,0.6442659751340393,Steered N=20,0.6638969028626722,-0.019630927728632952
FAMSURV29_W50,male,0.35705344610717366,Steered N=20,0.5845104465724106,-0.22745700046523692
FAMSURV29_W50,female,0.5626502072873903,Steered N=20,0.6430389389010182,-0.0803887316136278
FAMSURV2Ma_W50,male,0.31543833088448103,Steered N=20,0.3178960366044198,-0.002457705719938752
FAMSURV2Ma_W50,female,0.3664087810917245,Steered N=20,0.3647216166044197,0.0016871644873047709
FAMSURV2Mc_W50,male,0.3311748704970112,Steered N=20,0.4299680933627697,-0.09879322286575848
FAMSURV2Mc_W50,female,0.3297039546749639,Steered N=20,0.5074361520937267,-0.17773219741876284
FAMSURV2Wa_W50,male,0.3242319648391554,Steered N=20,0.19816339930230228,0.1260685655368531
FAMSURV2Wa_W50,female,0.34467183999999995,Steered N=20,0.1929593995426562,0.15171244045734375
FAMSURV2Wc_W50,male,0.3437616746237436,Steered N=20,0.25947110107133503,0.08429057355240854
FAMSURV2Wc_W50,female,0.1872359662457934,Steered N=20,0.25302787107133506,-0.06579190482554167
FAMSURV32e_W50,male,1.0693511066461006,Steered N=20,2.2549374370656263,-1.1855863304195258
FAMSURV32e_W50,female,0.5401591110186175,Steered N=20,1.9794206670656262,-1.4392615560470088
FAMSURV39_W50,male,0.3240718651011253,Steered N=20,0.991348947979104,-0.6672770828779787
FAMSURV39_W50,female,0.21852008209017162,Steered N=20,1.355555667979104,-1.1370355858889325
FAMSURV3_W50,male,0.22782950679140657,Steered N=20,0.9317094690707111,-0.7038799622793045
FAMSURV3_W50,female,0.4932605261775267,Steered N=20,0.9029244690707111,-0.4096639428931844
FAMSURV40_W50,male,0.18611696607230765,Steered N=20,1.1636073416360735,-0.9774903755637658
FAMSURV40_W50,female,0.3763992666672302,Steered N=20,1.1492233348266936,-0.7728240681594634
FAMSURV43_W50,male,0.6783638242840335,Steered N=20,0.5983140978036752,0.08004972648035835
FAMSURV43_W50,female,0.6593812734061874,Steered N=20,0.5801146441988534,0.07926662920733396
FAMSURV44_W50,male,0.32744017502846434,Steered N=20,0.5582361355823613,-0.23079596055389695
FAMSURV44_W50,female,0.6221352435017826,Steered N=20,0.5397146940620222,0.0824205494397604
FAMSURV6_W50,male,0.6313961094744229,Steered N=20,0.7865324899999999,-0.155136380525577
FAMSURV6_W50,female,0.30024359862704764,Steered N=20,0.8066286115901931,-0.5063850129631454
FAMSURV9c_W50,male,0.4246480739424112,Steered N=20,0.19857603902763704,0.22607203491477418
FAMSURV9c_W50,female,0.49593226285195874,Steered N=20,0.18403450387719433,0.3118977589747644
FATHER_W50,male,0.2349497819777549,Steered N=20,0.15592723000000003,0.07902255197775487
FATHER_W50,female,0.09469880586630686,Steered N=20,0.1793732,-0.08467439413369315
HAVEKIDS1_W50,male,0.3957376316062408,Steered N=20,1.4341164499999999,-1.038378818393759
HAVEKIDS1_W50,female,0.2040419437025302,Steered N=20,1.6648240827653904,-1.4607821390628601
MARRDUR_W50,male,1.7745280084148463,Steered N=20,1.2051027075637895,0.5694253008510568
MARRDUR_W50,female,0.6051720030673391,Steered N=20,1.2382454875637892,-0.6330734844964501
MARRYPREF1_W50,male,0.06544051769770579,Steered N=20,0.1308211869420186,-0.06538066924431282
MARRYPREF1_W50,female,0.1953253006402388,Steered N=20,0.1498705319420186,0.04545476869822021
MARRYPREF2_W50,male,0.24198561917310663,Steered N=20,0.39962724951641004,-0.15764163034330342
MARRYPREF2_W50,female,0.14715865543052037,Steered N=20,0.43568883451641,-0.2885301790858896
MOTHER_W50,male,0.13427917229042297,Steered N=20,0.06515544664270767,0.0691237256477153
MOTHER_W50,female,0.08859688475099925,Steered N=20,0.04213998664270768,0.04645689810829157
PAR1_W50,male,0.14972596802877938,Steered N=20,0.19743545218628203,-0.047709484157502646
PAR1_W50,female,0.25195164106689083,Steered N=20,0.17077943329220568,0.08117220777468515
PAR2_W50,male,0.15570371000000008,Steered N=20,0.22044301242192113,-0.06473930242192105
PAR2_W50,female,0.22742596817251928,Steered N=20,0.26656169742192126,-0.03913572924940198
ROMRELDUR_W50,male,0.48035820098627635,Steered N=20,1.0028628475652703,-0.522504646578994
ROMRELDUR_W50,female,0.3236314250217305,Steered N=20,0.9598674175652703,-0.6362359925435398
ROMRELSER_W50,male,1.1712714949778045,Steered N=20,2.33746724,-1.1661957450221956
ROMRELSER_W50,female,0.9213461661244977,Steered N=20,2.44888188,-1.5275357138755024
SATLIFEc_W50,male,0.5618048548181978,Steered N=20,0.9007436209925637,-0.3389387661743659
SATLIFEc_W50,female,0.44823777494183725,Steered N=20,0.8009908340015506,-0.3527530590597133
ECIMPg_W54,male,0.25535443201121255,Steered N=20,0.3758366447467152,-0.12048221273550264
ECIMPg_W54,female,0.4846692786523543,Steered N=20,0.39695739065049884,0.08771188800185548
ECON1_W54,male,0.59739264,Steered N=20,0.7654823442540236,-0.1680897042540236
ECON1_W54,female,0.65692899,Steered N=20,0.9183533342540237,-0.2614243442540236
ECON3_d_W54,male,0.9120476941785124,Steered N=20,0.7283466744081915,0.18370101977032094
ECON3_d_W54,female,0.5187981472692784,Steered N=20,0.8671703844081917,-0.3483722371389133
ECON4_a_W54,male,0.4525727617334967,Steered N=20,0.6238190756253408,-0.17124631389184408
ECON4_a_W54,female,0.22146120038538342,Steered N=20,0.6072497440807252,-0.38578854369534177
ECON4_b_W54,male,0.3822078220849108,Steered N=20,0.5411298446104478,-0.158922022525537
ECON4_b_W54,female,0.2969601228382397,Steered N=20,0.516341284057483,-0.21938116121924334
ECON4_e_W54,male,0.46942028347055786,Steered N=20,0.6796423124988056,-0.21022202902824771
ECON4_e_W54,female,0.3818605936041316,Steered N=20,0.6864890324303383,-0.3046284388262067
ECON4_f_W54,male,0.5318346657436037,Steered N=20,0.6279511370022013,-0.09611647125859757
ECON4_f_W54,female,0.52383723249832,Steered N=20,0.7321643024970158,-0.20832706999869577
ECON4_g_W54,male,0.3551397190422738,Steered N=20,0.5731994841018789,-0.21805976505960512
ECON4_g_W54,female,0.30437183,Steered N=20,0.6260271641018791,-0.3216553341018791
ECON5_b_W54,male,0.9602511853058905,Steered N=20,0.43033018569669834,0.5299209996091921
ECON5_b_W54,female,0.6599997221189301,Steered N=20,0.47092874767291176,0.18907097444601834
ECON5_c_W54,male,0.268335131559872,Steered N=20,0.7773282652680223,-0.5089931337081504
ECON5_c_W54,female,0.4117906040730767,Steered N=20,0.9878331783263201,-0.5760425742532433
ECON5_d_W54,male,0.43391571543862445,Steered N=20,1.1458710329681716,-0.7119553175295472
ECON5_d_W54,female,0.8002179676880083,Steered N=20,1.4263344129681716,-0.6261164452801633
ECON5_e_W54,male,0.2916072762532612,Steered N=20,0.9778672438968783,-0.6862599676436171
ECON5_e_W54,female,0.6127452846524934,Steered N=20,1.296684012964412,-0.6839387283119185
ECON5_f_W54,male,0.25337630401389427,Steered N=20,0.8445516510628998,-0.5911753470490055
ECON5_f_W54,female,0.45735928994426406,Steered N=20,1.0339930434115887,-0.5766337534673247
ECON5_g_W54,male,0.7358966651531453,Steered N=20,0.8793833212061668,-0.14348665605302147
ECON5_g_W54,female,0.2123499613069929,Steered N=20,0.7248141945248567,-0.5124642332178638
ECON5_h_W54,male,0.4214164626525211,Steered N=20,0.5970781638152209,-0.17566170116269986
ECON5_h_W54,female,0.44728374737533544,Steered N=20,0.36005612712227,0.08722762025306546
ECON5_i_W54,male,0.3610740949999999,Steered N=20,0.4907688455576148,-0.12969475055761492
ECON5_i_W54,female,0.3497667000261063,Steered N=20,0.301269803012698,0.04849689701340831
ECON5_j_W54,male,0.28676388394814,Steered N=20,0.9422850746633719,-0.6555211907152318
ECON5_j_W54,female,0.6023206184669269,Steered N=20,1.174621063108285,-0.5723004446413581
ECON5_k_W54,male,0.5881577663404507,Steered N=20,0.5715049657150495,0.0166528006254012
ECON5_k_W54,female,0.20597776520649674,Steered N=20,0.6469039595213731,-0.4409261943148764
FIN_SIT_W54,male,0.6309219675718217,Steered N=20,0.9272642663576375,-0.29634229878581575
FIN_SIT_W54,female,0.4707788231701463,Steered N=20,0.7999515263576372,-0.3291727031874909
GOVPRIORITYb_W54,male,0.8421294727105031,Steered N=20,1.443103929897724,-0.6009744571872209
GOVPRIORITYb_W54,female,0.2915451538523389,Steered N=20,1.3819294193776712,-1.0903842655253322
GOVPRIORITYc_W54,male,0.42331296097895965,Steered N=20,0.5866683042460665,-0.16335534326710688
GOVPRIORITYc_W54,female,0.558403524253896,Steered N=20,0.7198341589747167,-0.16143063472082064
GOVPRIORITYd_W54,male,0.5274414282599086,Steered N=20,0.7841822882014677,-0.25674085994155915
GOVPRIORITYd_W54,female,0.6278925899999999,Steered N=20,0.9662530990649356,-0.33836050906493575
GOVPRIORITYf_W54,male,0.6556627752593095,Steered N=20,1.4633525924330981,-0.8076898171737886
GOVPRIORITYf_W54,female,0.8395715640839652,Steered N=20,1.747064812433098,-0.9074932483491329
INEQ11_W54,male,0.6438073229940547,Steered N=20,0.3267314665182209,0.31707585647583386
INEQ11_W54,female,0.22671859902236768,Steered N=20,0.37536564651822085,-0.14864704749585317
INEQ1_W54,male,0.10791247213997945,Steered N=20,0.104148415,0.00376405713997946
INEQ1_W54,female,0.2740073350000001,Steered N=20,0.06402700500000003,0.20998033000000005
INEQ4_a_W54,male,1.3783226047202448,Steered N=20,0.7594683503081042,0.6188542544121406
INEQ4_a_W54,female,0.8599725988864144,Steered N=20,0.789027396390636,0.0709452024957784
INEQ5_a_W54,male,0.9907523144715611,Steered N=20,0.3182517333978065,0.6725005810737545
INEQ5_a_W54,female,0.5473858482746135,Steered N=20,0.30522243999999976,0.2421634082746137
INEQ5_d_W54,male,0.28420186642173306,Steered N=20,1.2070703297838288,-0.9228684633620957
INEQ5_d_W54,female,0.33161538393708057,Steered N=20,1.1130591397838288,-0.7814437558467482
INEQ5_e_W54,male,0.4819466401615313,Steered N=20,0.8843532334148473,-0.40240659325331596
INEQ5_e_W54,female,0.33327544524834474,Steered N=20,0.7248269034148471,-0.3915514581665024
INEQ5_f_W54,male,0.6364573506598811,Steered N=20,0.3243709279305356,0.31208642272934545
INEQ5_f_W54,female,0.204125946224039,Steered N=20,0.31912508005682055,-0.11499913383278154
INEQ5_h_W54,male,0.9875178646696443,Steered N=20,0.27351082221984885,0.7140070424497955
INEQ5_h_W54,female,0.42447218036657985,Steered N=20,0.29630126244775284,0.128170917918827
INEQ5_i_W54,male,0.7888520059467932,Steered N=20,0.41998988920454877,0.3688621167422444
INEQ5_i_W54,female,0.544213138979301,Steered N=20,0.4507762123051889,0.09343692667411213
INEQ5_k_W54,male,0.3889065100000001,Steered N=20,0.7094982030210887,-0.3205916930210886
INEQ5_k_W54,female,0.2600020999999998,Steered N=20,0.3784825790730544,-0.11848047907305459
INEQ5_l_W54,male,0.4668716276340792,Steered N=20,0.5373487290334221,-0.07047710139934293
INEQ5_l_W54,female,0.33766845112026167,Steered N=20,0.7018628090334222,-0.36419435791316057
INEQ5_m_W54,male,0.4675447650276128,Steered N=20,0.7893308852883598,-0.32178612026074704
INEQ5_m_W54,female,0.31675264999999986,Steered N=20,0.9336742000000001,-0.6169215500000003
INEQ8_a_W54,male,0.50067543,Steered N=20,0.6828139633253171,-0.18213853332531704
INEQ8_a_W54,female,0.5059845827893812,Steered N=20,1.0267956723157288,-0.5208110895263476
INEQ8_b_W54,male,0.5530865502519132,Steered N=20,1.2006893545264106,-0.6476028042744973
INEQ8_b_W54,female,0.5124353895699367,Steered N=20,1.4865796145264105,-0.9741442249564738
INEQ8_c_W54,male,0.6760004799999999,Steered N=20,0.9709580118593049,-0.29495753185930496
INEQ8_c_W54,female,0.6366640306024839,Steered N=20,1.1874471818593046,-0.5507831512568208
INEQ8_d_W54,male,0.5820734292571529,Steered N=20,0.9777569685080181,-0.3956835392508652
INEQ8_d_W54,female,0.4776592944351688,Steered N=20,1.1610976000000002,-0.6834383055648314
INEQ8_f_W54,male,0.7255416680652553,Steered N=20,1.3504719421338356,-0.6249302740685803
INEQ8_f_W54,female,0.6899243331007567,Steered N=20,1.6148968094895872,-0.9249724763888305
INEQ8_g_W54,male,0.5369943074833531,Steered N=20,0.7690456313729365,-0.23205132388958338
INEQ8_g_W54,female,0.5324963466451111,Steered N=20,1.0793340813729362,-0.546837734727825
INEQ8_h_W54,male,0.3330510932552685,Steered N=20,0.5974545588498774,-0.2644034655946089
INEQ8_h_W54,female,0.32060035117460517,Steered N=20,0.6921422288498774,-0.37154187767527225
INEQ8_i_W54,male,0.4288585451114711,Steered N=20,0.6856150067613441,-0.25675646164987304
INEQ8_i_W54,female,0.3753507509698101,Steered N=20,0.9435021877311542,-0.5681514367613442
INEQ8_j_W54,male,0.45800789594208824,Steered N=20,0.7969836404743887,-0.3389757445323005
INEQ8_j_W54,female,0.24887349342699838,Steered N=20,0.9005913781195007,-0.6517178846925024
JOBTRAIN_W54,male,0.14994084306876138,Steered N=20,0.2844294732905447,-0.1344886302217833
JOBTRAIN_W54,female,0.08081919772647461,Steered N=20,0.283192030223125,-0.2023728324966504
WORRY2a_W54,male,0.4243720503734463,Steered N=20,0.9428182671432698,-0.5184462167698235
WORRY2a_W54,female,1.0124449409257545,Steered N=20,1.2381881902393346,-0.22574324931358003
WORRY2b_W54,male,0.35614045801734806,Steered N=20,0.3878204290272875,-0.03167997100993947
WORRY2b_W54,female,0.4959806588212492,Steered N=20,0.4021552490272877,0.09382540979396148
WORRY2c_W54,male,0.38731606923709605,Steered N=20,0.8444683668198607,-0.45715229758276466
WORRY2c_W54,female,1.1761610890840215,Steered N=20,1.1305128268198605,0.045648262264160966
WORRY2d_W54,male,0.33548002665239585,Steered N=20,0.4848096569677832,-0.14932963031538737
WORRY2d_W54,female,1.2142972265723484,Steered N=20,0.6157477523006795,0.5985494742716689
WORRY2e_W54,male,0.49923926937799445,Steered N=20,0.8413612674875822,-0.34212199810958777
WORRY2e_W54,female,1.165496326704452,Steered N=20,1.0448027874875825,0.12069353921686954
GAP21Q10_W82,male,0.07606403500000003,Steered N=20,0.2700277285113517,-0.19396369351135168
GAP21Q10_W82,female,0.28823910356901766,Steered N=20,0.2640369085113517,0.024202195057665965
GAP21Q13_b_W82,male,0.7483749734252994,Steered N=20,1.1419510199999996,-0.39357604657470024
GAP21Q13_b_W82,female,0.4176082064510087,Steered N=20,1.2101209699999997,-0.792512763548991
GAP21Q15_a_W82,male,0.289633645734559,Steered N=20,0.7260422699507099,-0.43640862421615084
GAP21Q15_a_W82,female,0.6853189850893061,Steered N=20,0.6922897402061453,-0.0069707551168392
GAP21Q15_b_W82,male,0.49038487795657826,Steered N=20,0.8496091927476235,-0.3592243147910452
GAP21Q15_b_W82,female,0.8805258486649085,Steered N=20,0.6686198645575167,0.2119059841073918
GAP21Q15_c_W82,male,0.6049348473972689,Steered N=20,0.8385577034681952,-0.23362285607092637
GAP21Q15_c_W82,female,0.8327921641905391,Steered N=20,0.7027212145178828,0.1300709496726563
GAP21Q15_d_W82,male,1.339253141718307,Steered N=20,1.476937656353699,-0.137684514635392
GAP21Q15_d_W82,female,1.3418886103893177,Steered N=20,0.9910338652526759,0.35085474513664183
GAP21Q15_e_W82,male,0.7814758599999999,Steered N=20,0.9862744922705523,-0.2047986322705524
GAP21Q15_e_W82,female,1.0160558965885182,Steered N=20,0.6678576722705523,0.348198224317966
GAP21Q15_f_W82,male,0.9854998058322706,Steered N=20,1.1374691415665028,-0.1519693357342322
GAP21Q15_f_W82,female,1.0720014199999999,Steered N=20,0.7926560341176617,0.27934538588233815
GAP21Q17_W82,male,0.8905881000000001,Steered N=20,0.6281615529370244,0.26242654706297575
GAP21Q17_W82,female,0.33330456493762495,Steered N=20,0.6492536479129999,-0.31594908297537494
GAP21Q19_a_W82,male,0.4582761869198874,Steered N=20,0.7562819668078393,-0.2980057798879519
GAP21Q19_a_W82,female,0.378024254698867,Steered N=20,0.9249953568078391,-0.546971102108972
GAP21Q19_b_W82,male,0.691140744121956,Steered N=20,1.6327511565585393,-0.9416104124365833
GAP21Q19_b_W82,female,0.9818512099999999,Steered N=20,1.4485912003088406,-0.4667399903088407
GAP21Q19_c_W82,male,0.5929238485800452,Steered N=20,0.8685775699999999,-0.2756537214199547
GAP21Q19_c_W82,female,1.0222811899999997,Steered N=20,0.8143969099999999,0.2078842799999998
GAP21Q19_d_W82,male,0.6300973783164229,Steered N=20,0.5957659756459681,0.03433140267045476
GAP21Q19_d_W82,female,0.4367657139121231,Steered N=20,0.6528447265284472,-0.21607901261632406
GAP21Q19_e_W82,male,0.6619460301585013,Steered N=20,0.6400394599999999,0.021906570158501393
GAP21Q19_e_W82,female,0.4647228341551062,Steered N=20,0.60781171,-0.14308887584489383
GAP21Q21_a_W82,male,1.0042939061332028,Steered N=20,0.2771923719373166,0.7271015341958862
GAP21Q21_a_W82,female,0.5660621483141318,Steered N=20,0.28080041193731664,0.2852617363768152
GAP21Q21_e_W82,male,0.5482242082688343,Steered N=20,0.7545182896018341,-0.20629408133299976
GAP21Q21_e_W82,female,0.5748381751738327,Steered N=20,0.7450609725493903,-0.17022279737555757
GAP21Q23_W82,male,0.47275810445110156,Steered N=20,1.145692546810189,-0.6729344423590875
GAP21Q23_W82,female,0.5613713600000002,Steered N=20,1.4184832368101892,-0.857111876810189
GAP21Q24_W82,male,0.3741398575755744,Steered N=20,0.5721152401886037,-0.19797538261302933
GAP21Q24_W82,female,0.22218177553310364,Steered N=20,0.5464459699319111,-0.32426419439880744
GAP21Q25_W82,male,0.5884015732833707,Steered N=20,0.4761542986435919,0.11224727463977885
GAP21Q25_W82,female,0.2663805023710255,Steered N=20,0.6177706286435918,-0.35139012627256627
GAP21Q26_a_W82,male,0.44370451436659286,Steered N=20,0.85814784,-0.41444332563340713
GAP21Q26_a_W82,female,0.4547054715766792,Steered N=20,0.8811806499999998,-0.4264751784233206
GAP21Q26_b_W82,male,0.4237197358176393,Steered N=20,1.4323695590860652,-1.008649823268426
GAP21Q26_b_W82,female,0.42934106828136154,Steered N=20,1.2440928690860655,-0.814751800804704
GAP21Q26_c_W82,male,0.8875321107690555,Steered N=20,0.8907878548402934,-0.003255744071237965
GAP21Q26_c_W82,female,0.8603341328852689,Steered N=20,0.6328903748402934,0.22744375804497552
GAP21Q27_W82,male,0.20591909999999994,Steered N=20,0.20319522320980263,0.0027238767901973104
GAP21Q27_W82,female,0.24282448785395291,Steered N=20,0.15697183820980265,0.08585264964415026
GAP21Q28_W82,male,0.4937111764840461,Steered N=20,0.5273664601502546,-0.03365528366620846
GAP21Q28_W82,female,0.4734212149673684,Steered N=20,0.6524161602303127,-0.1789949452629443
GAP21Q31_W82,male,0.8824682599999997,Steered N=20,0.4034561986474989,0.4790120613525008
GAP21Q31_W82,female,0.44775462846728453,Steered N=20,0.35404180555791465,0.09371282290936989
GAP21Q32_W82,male,0.35752531206234095,Steered N=20,0.6099859001237664,-0.25246058806142546
GAP21Q32_W82,female,0.10420137000000002,Steered N=20,0.539971048353256,-0.43576967835325603
GAP21Q33_c_W82,male,0.2649080000000001,Steered N=20,0.1836574744268189,0.08125052557318119
GAP21Q33_c_W82,female,0.09055375000000004,Steered N=20,0.23089556442681874,-0.1403418144268187
GAP21Q33_g_W82,male,0.26778833439055305,Steered N=20,0.5678921863345814,-0.30010385194402833
GAP21Q33_g_W82,female,0.1877368,Steered N=20,0.5089306538797163,-0.3211938538797162
GAP21Q33_i_W82,male,0.19044200583493276,Steered N=20,0.3585564030173392,-0.16811439718240645
GAP21Q33_i_W82,female,0.1374094716650559,Steered N=20,0.27098640914766275,-0.13357693748260685
GAP21Q33_j_W82,male,0.18361572073225213,Steered N=20,0.3620609784904006,-0.17844525775814846
GAP21Q33_j_W82,female,0.11139689381064793,Steered N=20,0.2288566098224441,-0.11745971601179617
GAP21Q33_m_W82,male,0.49085259999999986,Steered N=20,0.30112381517904974,0.18972878482095012
GAP21Q33_m_W82,female,0.4447266484058242,Steered N=20,0.3505594578786928,0.0941671905271314
GAP21Q33_n_W82,male,0.3284460044058149,Steered N=20,0.8043846681871629,-0.475938663781348
GAP21Q33_n_W82,female,0.10647482473809189,Steered N=20,0.7516578181871629,-0.645182993449071
GAP21Q33_q_W82,male,0.34903308707862873,Steered N=20,0.3723422744062884,-0.023309187327659686
GAP21Q33_q_W82,female,0.1420815018713052,Steered N=20,0.26092544000000006,-0.11884393812869487
GAP21Q33_r_W82,male,0.37928064048569077,Steered N=20,0.2579246999999999,0.12135594048569087
GAP21Q33_r_W82,female,0.04907602383016357,Steered N=20,0.2879798599999999,-0.23890383616983635
GAP21Q33_s_W82,male,0.5443670694689642,Steered N=20,0.23701981241688935,0.30734725705207483
GAP21Q33_s_W82,female,0.22916242922205324,Steered N=20,0.33459747460354095,-0.10543504538148771
GAP21Q34_a_W82,male,0.34300729588993883,Steered N=20,0.6861222244210106,-0.34311492853107173
GAP21Q34_a_W82,female,0.19256557353196102,Steered N=20,0.5409496929178336,-0.34838411938587255
GAP21Q34_b_W82,male,0.47060953416447815,Steered N=20,1.47973373891553,-1.009124204751052
GAP21Q34_b_W82,female,0.3019247823590213,Steered N=20,1.5885207558852077,-1.2865959735261865
GAP21Q34_c_W82,male,0.37749853743414585,Steered N=20,1.1650915971853273,-0.7875930597511814
GAP21Q34_c_W82,female,0.32417572770438974,Steered N=20,1.351776471650809,-1.0276007439464192
GAP21Q34_d_W82,male,0.2930555716677782,Steered N=20,0.7891397457547006,-0.4960841740869224
GAP21Q34_d_W82,female,0.13639166640375006,Steered N=20,0.6094094689106965,-0.4730178025069464
GAP21Q34_e_W82,male,0.3073359891129664,Steered N=20,0.40750096711211403,-0.10016497799914764
GAP21Q34_e_W82,female,0.19261896000000006,Steered N=20,0.40360001711211396,-0.2109810571121139
GAP21Q34_f_W82,male,0.28889098036055005,Steered N=20,0.5847113122130483,-0.29582033185249823
GAP21Q34_f_W82,female,0.27631296,Steered N=20,0.40400181710877536,-0.12768885710877537
GAP21Q38_a_W82,male,0.8103279411722007,Steered N=20,0.6248440210537478,0.18548392011845294
GAP21Q38_a_W82,female,0.36085238391772256,Steered N=20,0.6646877110537477,-0.3038353271360251
GAP21Q38_b_W82,male,0.6155802233003405,Steered N=20,0.5321750256367945,0.08340519766354593
GAP21Q38_b_W82,female,0.279081355354219,Steered N=20,0.6862217289082106,-0.40714037355399163
GAP21Q38_c_W82,male,0.5664988534254977,Steered N=20,0.4349318066423056,0.1315670467831921
GAP21Q38_c_W82,female,0.25072082,Steered N=20,0.5894384466423055,-0.3387176266423055
GAP21Q41_W82,male,0.5604465860143837,Steered N=20,1.087589357862898,-0.5271427718485142
GAP21Q41_W82,female,0.7708687577445371,Steered N=20,1.119572617862898,-0.34870386011836085
GAP21Q43_g_W82,male,0.8549571745620603,Steered N=20,0.46082400496608,0.3941331695959803
GAP21Q43_g_W82,female,0.6187033199622525,Steered N=20,0.42871812775665324,0.18998519220559923
GAP21Q47_W82,male,0.5414428920958744,Steered N=20,1.0633034806861523,-0.521860588590278
GAP21Q47_W82,female,0.2421391218865694,Steered N=20,0.9829269906861524,-0.740787868799583
GAP21Q4_a_W82,male,0.8898867309306577,Steered N=20,1.3817374009041656,-0.4918506699735079
GAP21Q4_a_W82,female,0.5505408846048938,Steered N=20,1.3023510800000002,-0.7518101953951064
GAP21Q4_b_W82,male,0.38667262547610537,Steered N=20,0.5790930190463254,-0.19242039357022
GAP21Q4_b_W82,female,0.6207314338353516,Steered N=20,0.6735183122558833,-0.05278687842053176
GAP21Q4_c_W82,male,0.9006296702334431,Steered N=20,1.048080349542618,-0.147450679309175
GAP21Q4_c_W82,female,0.5514468632776373,Steered N=20,0.9744595695426179,-0.42301270626498066
GAP21Q4_d_W82,male,0.7726501351545104,Steered N=20,1.0648544422087047,-0.2922043070541943
GAP21Q4_d_W82,female,0.6074894960748947,Steered N=20,1.094683352506994,-0.4871938564320992
GAP21Q4_e_W82,male,0.6141520301001802,Steered N=20,0.770529333180653,-0.15637730308047282
GAP21Q4_e_W82,female,0.45981359926009946,Steered N=20,0.7388158241196912,-0.2790022248595917
GAP21Q4_f_W82,male,0.8473108649358974,Steered N=20,1.1828971069249987,-0.33558624198910136
GAP21Q4_f_W82,female,0.44304517774760355,Steered N=20,1.1433951787581034,-0.7003500010104998
GAP21Q7_a_W82,male,0.4410402569551138,Steered N=20,0.9515164072310152,-0.5104761502759014
GAP21Q7_a_W82,female,0.4288811585913675,Steered N=20,0.8659500472310153,-0.4370688886396478
GAP21Q7_b_W82,male,0.27808015711469625,Steered N=20,0.22973274999999996,0.04834740711469629
GAP21Q7_b_W82,female,0.3812885327037351,Steered N=20,0.39436473,-0.013076197296264913
GAP21Q7_d_W82,male,0.3662909525715734,Steered N=20,1.1416592208463823,-0.7753682682748089
GAP21Q7_d_W82,female,0.34036252767485986,Steered N=20,0.9374069208463821,-0.5970443931715222
BILLION_W92,male,0.20278943999999996,Steered N=20,0.1770722898294914,0.025717150170508546
BILLION_W92,female,0.22869140067745197,Steered N=20,0.20411060482949145,0.024580795847960524
CANDEXP_W92,male,0.615346807020019,Steered N=20,0.3956185781854554,0.21972822883456355
CANDEXP_W92,female,0.2837271870892871,Steered N=20,0.4466961281854554,-0.16296894109616827
ELECT_CONF3_PRVFR_W92,male,0.3928813148557887,Steered N=20,1.3864126103941103,-0.9935312955383216
ELECT_CONF3_PRVFR_W92,female,0.19270332819624234,Steered N=20,1.4110200003941105,-1.2183166721978682
ELECT_CONF3_PRVSUP_W92,male,0.7581822348095817,Steered N=20,0.8035238773630275,-0.04534164255344586
ELECT_CONF3_PRVSUP_W92,female,0.501467246107453,Steered N=20,0.7473213418494364,-0.24585409574198347
ELECT_IMPT3_PRVFR_W92,male,1.2550187202275587,Steered N=20,1.6696218311495947,-0.41460311092203606
ELECT_IMPT3_PRVFR_W92,female,0.609659883479249,Steered N=20,1.5062911566800647,-0.8966312732008157
FREECOLL_W92,male,0.4916530113037707,Steered N=20,0.6130277599999998,-0.1213747486962291
FREECOLL_W92,female,0.3470278108726725,Steered N=20,0.8673779208726724,-0.5203501099999999
GODMORALIMP_W92,male,0.3418393867181513,Steered N=20,0.38405761992323884,-0.04221823320508755
GODMORALIMP_W92,female,0.28266705999999997,Steered N=20,0.39480355992323884,-0.11213649992323887
LEGALIMMIGAMT_W92,male,0.4871571399999999,Steered N=20,0.2732053400000001,0.2139517999999998
LEGALIMMIGAMT_W92,female,0.8240360400000001,Steered N=20,0.22700324000000005,0.5970328
POLINTOL2_a_W92,male,0.5152231999999999,Steered N=20,0.6879824915623696,-0.1727592915623697
POLINTOL2_a_W92,female,0.2887582645093577,Steered N=20,0.8134418815623696,-0.5246836170530119
PROG_RNEED_W92,male,0.19204897674555088,Steered N=20,0.4842477399852997,-0.2921987632397488
PROG_RNEED_W92,female,0.23793047,Steered N=20,0.3195822499852996,-0.0816517799852996
RACESURV52MOD_W92,male,0.2853794037726422,Steered N=20,0.35932216,-0.0739427562273578
RACESURV52MOD_W92,female,0.7410096142930818,Steered N=20,0.40870076,0.33230885429308177
REPRSNTDEM_W92,male,0.26505978340067937,Steered N=20,1.0811216224083062,-0.8160618390076269
REPRSNTDEM_W92,female,0.29592485845098687,Steered N=20,1.3127079300924431,-1.0167830716414563
REPRSNTREP_W92,male,0.39007049721281384,Steered N=20,0.8422703625199532,-0.4521998653071394
REPRSNTREP_W92,female,0.5020603050206027,Steered N=20,0.8486927147469037,-0.34663240972630094
SOCIETY_GUNS_W92,male,0.5897686003081988,Steered N=20,0.6882431739072288,-0.09847457359903
SOCIETY_GUNS_W92,female,0.3518805838703224,Steered N=20,1.003217513907229,-0.6513369300369066
SOCIETY_RELG_W92,male,0.36422675992401815,Steered N=20,1.2887765995358325,-0.9245498396118144
SOCIETY_RELG_W92,female,0.6176989955668257,Steered N=20,1.3790827595358326,-0.7613837639690069
SOCIETY_RHIST_W92,male,0.28496757000000006,Steered N=20,0.6785555340425022,-0.3935879640425022
SOCIETY_RHIST_W92,female,0.8468513735011326,Steered N=20,0.5841119240425022,0.26273944945863037
SOCIETY_SSM_W92,male,0.3562576829147994,Steered N=20,0.8468478439572932,-0.49059016104249376
SOCIETY_SSM_W92,female,0.7749768561360386,Steered N=20,0.6737998620143897,0.10117699412164893
SOCIETY_TRANS_W92,male,0.36669328171065657,Steered N=20,1.2453700834600174,-0.8786768017493609
SOCIETY_TRANS_W92,female,0.6959187693243851,Steered N=20,1.0120329432547377,-0.31611417393035257
SOCIETY_WHT_W92,male,0.7748824854493872,Steered N=20,0.15321491193389022,0.621667573515497
SOCIETY_WHT_W92,female,1.004626955576361,Steered N=20,0.13074511533478428,0.8738818402415767
UNIMMIGCOMM_W92,male,0.6335569430954271,Steered N=20,0.58231037809221,0.051246565003217115
UNIMMIGCOMM_W92,female,0.24915730105159342,Steered N=20,0.6685682519576568,-0.4194109509060634
USEXCEPT_W92,male,0.3340832139277943,Steered N=20,0.29205377764293583,0.042029436284858446
USEXCEPT_W92,female,0.1892774223483786,Steered N=20,0.27698182723018183,-0.08770440488180323
USMILSIZ_W92,male,0.47466398935158155,Steered N=20,0.608822838710495,-0.13415884935891348
USMILSIZ_W92,female,0.9701834602072533,Steered N=20,0.6806617458735095,0.28952171433374385
WHADVANT_W92,male,0.5043620523989143,Steered N=20,0.4229406336977607,0.0814214187011536
WHADVANT_W92,female,0.3452570427208541,Steered N=20,0.6275810483647675,-0.28232400564391336
CARRYGUN_W26,male,0.7430137631424008,Inferred from name,0.6352443321485836,0.1077694309938172
CARRYGUN_W26,female,0.4062398930657367,Inferred from name,0.514781611222108,-0.10854171815637126
GROWUPGUN2A_W26,male,0.11914521271560607,Inferred from name,0.06505204049465962,0.05409317222094645
GROWUPGUN2A_W26,female,0.1597415022430665,Inferred from name,0.09151012049465967,0.06823138174840682
GROWUPGUN2B_W26,male,0.18394281222762765,Inferred from name,0.22983998932083316,-0.04589717709320551
GROWUPGUN2B_W26,female,0.27740334745887874,Inferred from name,0.29967354932083323,-0.022270201861954497
GROWUPGUN2C_W26,male,0.28427652257351843,Inferred from name,0.39828230606788084,-0.11400578349436241
GROWUPGUN2C_W26,female,0.46579161729970986,Inferred from name,0.5239607960678808,-0.05816917876817096
GROWUPGUN4_W26,male,0.8454992487544498,Inferred from name,0.6923866515464225,0.15311259720802728
GROWUPGUN4_W26,female,0.6663806795587608,Inferred from name,0.6725706915464226,-0.006190011987661781
GROWUPGUN6_W26,male,0.37731984224057374,Inferred from name,0.9625836391886997,-0.585263796948126
GROWUPGUN6_W26,female,0.4205640220166197,Inferred from name,0.5523421291257267,-0.13177810710910698
GROWUPGUN7_W26,male,0.9075853117623347,Inferred from name,1.1728528032886918,-0.2652674915263571
GROWUPGUN7_W26,female,0.29020555501948947,Inferred from name,0.37802060359160805,-0.08781504857211858
GROWUPVIOL_W26,male,0.19851252847047945,Inferred from name,0.5627268990992969,-0.3642143706288174
GROWUPVIOL_W26,female,0.3514865703247212,Inferred from name,0.6679797690992968,-0.3164931987745756
GUNACCESS_W26,male,1.107878863645451,Inferred from name,0.8129541776509535,0.2949246859944976
GUNACCESS_W26,female,0.61794150786821,Inferred from name,0.5444751949365942,0.07346631293161576
GUNACTIVITYA_W26,male,0.528481160029914,Inferred from name,1.0585996993804045,-0.5301185393504906
GUNACTIVITYA_W26,female,1.0355443967223792,Inferred from name,1.4637214893804047,-0.4281770926580255
GUNACTIVITYB_W26,male,0.6578511684992676,Inferred from name,0.5920836731558441,0.06576749534342352
GUNACTIVITYB_W26,female,0.2618593526541575,Inferred from name,0.3965520460344795,-0.13469269338032203
GUNCONTRIBA_W26,male,0.3116737368884872,Inferred from name,0.9558946803306014,-0.6442209434421142
GUNCONTRIBA_W26,female,0.3855772572750816,Inferred from name,0.6254407826207984,-0.2398635253457168
GUNCONTRIBC_W26,male,0.2656720458315235,Inferred from name,0.8298523870507324,-0.5641803412192089
GUNCONTRIBC_W26,female,0.6441196756375638,Inferred from name,0.5921572978570506,0.05196237778051316
GUNCONTRIBE_W26,male,0.34617181869363484,Inferred from name,0.3217055973772885,0.024466221316346348
GUNCONTRIBE_W26,female,0.6409377857210468,Inferred from name,0.4441519761068218,0.19678580961422498
GUNCONTRIBF_W26,male,0.5875989729023207,Inferred from name,0.7554263424457367,-0.16782736954341604
GUNCONTRIBF_W26,female,0.8135779088741454,Inferred from name,0.5805968311687157,0.23298107770542964
GUNFRIEND_W26,male,0.9018089927819576,Inferred from name,1.2253966235645217,-0.32358763078256414
GUNFRIEND_W26,female,0.5950256631763561,Inferred from name,1.0308374635645219,-0.4358118003881658
GUNIDENTITY_W26,male,1.2219888336152176,Inferred from name,1.1854432799999999,0.03654555361521772
GUNIDENTITY_W26,female,1.0470233303961516,Inferred from name,1.15334606,-0.10632272960384848
GUNLOADED1_W26,male,0.44370423531260167,Inferred from name,0.3183665148126016,0.12533772050000008
GUNLOADED1_W26,female,0.2625212766815015,Inferred from name,0.30928262000000006,-0.04676134331849857
GUNLOADED2_W26,male,0.5623365643522439,Inferred from name,0.5271194614884963,0.035217102863747574
GUNLOADED2_W26,female,0.594843246,Inferred from name,0.5191832314884963,0.07566001451150373
GUNLOCKED1_W26,male,0.46698437410865345,Inferred from name,0.16512952942827785,0.3018548446803756
GUNLOCKED1_W26,female,0.4507432283493977,Inferred from name,0.26803790000000005,0.18270532834939762
GUNLOCKED2_W26,male,0.42441595561436024,Inferred from name,0.3315275148293963,0.09288844078496394
GUNLOCKED2_W26,female,0.45600508471291645,Inferred from name,0.3242147248293963,0.13179035988352017
GUNRESPKIDSD_W26,male,0.5591577168823647,Inferred from name,1.2819158267510027,-0.722758109868638
GUNRESPKIDSD_W26,female,0.5708873541783297,Inferred from name,1.300588563005886,-0.7297012088275563
GUNRESPKIDSE_W26,male,0.5100413098386968,Inferred from name,0.88936477239952,-0.3793234625608233
GUNRESPKIDSE_W26,female,0.5621280091168583,Inferred from name,0.4882611796816514,0.07386682943520695
GUNRESPNOKIDSA_W26,male,0.4450482816267256,Inferred from name,0.374309708305958,0.0707385733207676
GUNRESPNOKIDSA_W26,female,0.36259595542281564,Inferred from name,0.33596742315353756,0.026628532269278082
GUNRESPNOKIDSB_W26,male,0.46086980050703147,Inferred from name,0.2026761316211017,0.25819366888592976
GUNRESPNOKIDSB_W26,female,0.4468221461128503,Inferred from name,0.22944868364540505,0.21737346246744527
GUNRESPNOKIDSC_W26,male,0.8387656521848534,Inferred from name,0.44215672906710424,0.3966089231177492
GUNRESPNOKIDSC_W26,female,1.218448448424972,Inferred from name,0.5467723954677237,0.6716760529572483
GUNRESPNOKIDSD_W26,male,0.7723550354110291,Inferred from name,0.4857087130824359,0.2866463223285932
GUNRESPNOKIDSD_W26,female,0.6141242765716953,Inferred from name,0.4225722764506976,0.1915520001209977
GUNRESPNOKIDSE_W26,male,0.4386112495267236,Inferred from name,0.1275664411633095,0.3110448083634141
GUNRESPNOKIDSE_W26,female,0.2669716721301538,Inferred from name,0.3321955166326389,-0.06522384450248508
GUNRESPNOKIDSF_W26,male,0.4274895528967271,Inferred from name,0.4597654491839034,-0.03227589628717631
GUNRESPNOKIDSF_W26,female,0.6302949556344037,Inferred from name,0.23532797733574062,0.3949669782986631
GUNSAFETYKIDS_W26,male,0.1500061048866135,Inferred from name,0.10867505358642635,0.04133105130018716
GUNSAFETYKIDS_W26,female,0.14846151671669228,Inferred from name,0.1720541285864263,-0.02359261186973402
GUNSAFE_W26,male,0.15892234917171427,Inferred from name,0.019813011703225636,0.13910933746848864
GUNSAFE_W26,female,0.055752089357414214,Inferred from name,0.03870076829677438,0.017051321060639835
GUNTYPEOWNC_W26,male,0.22227802553145765,Inferred from name,0.7570073707030065,-0.5347293451715489
GUNTYPEOWNC_W26,female,0.4310994528695769,Inferred from name,1.0999524707030064,-0.6688530178334295
NOCARRYGUN_W26,male,0.35328737779954633,Inferred from name,0.37110889999999996,-0.017821522200453632
NOCARRYGUN_W26,female,0.27737068018715383,Inferred from name,0.29785216999999997,-0.020481489812846143
REASONGUNA_W26,male,0.21624380685269606,Inferred from name,1.1455050485449494,-0.9292612416922533
REASONGUNA_W26,female,0.21524196494928238,Inferred from name,1.1984022043712683,-0.9831602394219859
REASONGUNB_W26,male,0.23795905469764767,Inferred from name,0.8897650432173028,-0.6518059885196551
REASONGUNB_W26,female,0.1713100010525352,Inferred from name,0.5849106641508934,-0.41360066309835825
REASONGUNC_W26,male,0.38729631828867134,Inferred from name,0.9263513040686612,-0.5390549857799898
REASONGUNC_W26,female,0.3120719098347171,Inferred from name,0.639880312226047,-0.3278084023913299
REASONGUND_W26,male,0.3831611086991054,Inferred from name,0.27269692077132834,0.11046418792777707
REASONGUND_W26,female,0.691350083333132,Inferred from name,0.21294180077132835,0.4784082825618036
REASONGUNE_W26,male,0.4850689158812951,Inferred from name,0.26710460185346796,0.21796431402782712
REASONGUNE_W26,female,0.8757936748898285,Inferred from name,0.276351811853468,0.5994418630363605
SHOOTFREQ_W26,male,0.5437315702692305,Inferred from name,0.8568094700000002,-0.3130778997307697
SHOOTFREQ_W26,female,0.23255097739084304,Inferred from name,0.5499109099999999,-0.31735993260915685
WORRYB_W26,male,0.23143327876504136,Inferred from name,0.1740146939365154,0.057418584828525965
WORRYB_W26,female,0.303015391690304,Inferred from name,0.3422626449137286,-0.039247253223424594
WORRYD_W26,male,0.6932144017566377,Inferred from name,0.26280814211574266,0.4304062596408951
WORRYD_W26,female,0.9746797852034372,Inferred from name,0.1299839721157427,0.8446958130876945
WORRYE_W26,male,0.3818704235397231,Inferred from name,0.28443384267769406,0.09743658086202905
WORRYE_W26,female,0.40130077676885645,Inferred from name,0.3210353325645773,0.08026544420427917
WORRYF_W26,male,0.23438391157682315,Inferred from name,0.1326135164066497,0.10177039517017344
WORRYF_W26,female,0.3375287761024065,Inferred from name,0.2332662055331648,0.10426257056924171
BOYSF1B_W29,male,0.3581217404872434,Inferred from name,0.28630486982753367,0.07181687065970971
BOYSF1B_W29,female,0.44760173734833353,Inferred from name,0.39059688482753363,0.0570048525207999
FAVORS_CPS_W29,male,1.0466602747265497,Inferred from name,0.8843795393067612,0.1622807354197885
FAVORS_CPS_W29,female,1.1799016600113195,Inferred from name,1.03588115123667,0.14402050877464956
GIRLSF2C_W29,male,0.48661602346995203,Inferred from name,0.32704036,0.15957566346995206
GIRLSF2C_W29,female,0.4372147383837618,Inferred from name,0.3786161375814388,0.058598600802322987
GIRLSF2D_W29,male,0.3981597513872542,Inferred from name,0.3093124766789123,0.08884727470834186
GIRLSF2D_W29,female,0.3746237701899285,Inferred from name,0.36462663366463477,0.009997136525293715
GOPDIRCT_W29,male,0.9816099793804463,Inferred from name,0.6865051285599693,0.295104850820477
GOPDIRCT_W29,female,1.0487097855466392,Inferred from name,0.8293337444787305,0.21937604106790864
HOOD_NHISB_W29,male,1.3009039881441078,Inferred from name,1.7471422506218355,-0.4462382624777277
HOOD_NHISB_W29,female,1.2262413361424263,Inferred from name,1.6749380806218357,-0.44869674447940944
LOCALELECT_W29,male,1.2591011515653614,Inferred from name,1.0530839128804086,0.2060172386849528
LOCALELECT_W29,female,1.1395490902709924,Inferred from name,0.9291449028804084,0.21040418739058397
MAN1A_W29,male,0.8232390775858436,Inferred from name,0.5319068439676139,0.2913322336182297
MAN1A_W29,female,0.530439676278185,Inferred from name,1.2937150088114502,-0.7632753325332652
MAN1B_W29,male,0.5556596605358959,Inferred from name,0.33666898103128234,0.21899067950461354
MAN1B_W29,female,0.7348669583861976,Inferred from name,0.9598164512055064,-0.22494949281930876
MAN1C_W29,male,0.9476867863404689,Inferred from name,0.6358293980061533,0.31185738833431553
MAN1C_W29,female,1.674345270986219,Inferred from name,1.2756988080061533,0.3986464629800657
MAN1D_W29,male,1.157697716048771,Inferred from name,0.6881621522097698,0.4695355638390011
MAN1D_W29,female,0.2972128103513936,Inferred from name,0.9091391418172172,-0.6119263314658236
MAN1E_W29,male,1.057181489007558,Inferred from name,0.5883599463632798,0.4688215426442781
MAN1E_W29,female,1.6574965119333809,Inferred from name,1.0332810163632797,0.6242154955701011
MASC2_W29,male,1.7960992473559187,Inferred from name,1.4614364709041956,0.33466277645172315
MASC2_W29,female,0.40364299116539154,Inferred from name,0.6855084705652541,-0.28186547939986256
S12_W29,male,1.448644737690413,Inferred from name,1.3042694636701377,0.14437527402027528
S12_W29,female,1.4437730261577693,Inferred from name,1.3716933036701375,0.07207972248763173
S13_W29,male,1.0152685687378167,Inferred from name,1.9049369783381054,-0.8896684096002887
S13_W29,female,1.2273530141369768,Inferred from name,2.1129376762580985,-0.8855846621211216
SEENMASC_W29,male,0.8237525340324594,Inferred from name,0.49808964605455786,0.32566288797790155
SEENMASC_W29,female,0.5051790147836637,Inferred from name,0.8675576333778816,-0.36237861859421794
TALK_CPS_W29,male,0.7785117096190056,Inferred from name,0.9875667793048786,-0.20905506968587295
TALK_CPS_W29,female,0.7823327427739574,Inferred from name,0.8896940393048788,-0.10736129653092141
WORRYBILL_W29,male,0.4967578031342468,Inferred from name,0.5865577469559924,-0.08979994382174561
WORRYBILL_W29,female,0.6903179023062738,Inferred from name,0.6442765469559923,0.04604135535028142
CLASS_W32,male,0.30447890364649804,Inferred from name,0.2530692804346943,0.05140962321180376
CLASS_W32,female,0.3680669893028072,Inferred from name,0.3035854004346942,0.064481588868113
COMMIMPA_W32,male,0.7628222135330796,Inferred from name,0.6651369620663932,0.09768525146668638
COMMIMPA_W32,female,1.0598351419559355,Inferred from name,0.5939062623726051,0.4659288795833304
COMMIMPB_W32,male,1.0913089061147176,Inferred from name,0.3850054184556585,0.7063034876590591
COMMIMPB_W32,female,1.358581951821187,Inferred from name,0.27670031845565857,1.0818816333655286
COMMIMPC_W32,male,0.5025557469994845,Inferred from name,1.0414240619836561,-0.5388683149841716
COMMIMPC_W32,female,0.6401201225505162,Inferred from name,0.7988564063392558,-0.1587362837887396
COMMIMPF_W32,male,0.8380681252477232,Inferred from name,0.6009492529235306,0.2371188723241926
COMMIMPF_W32,female,1.252896977358438,Inferred from name,0.5887927829235307,0.6641041944349073
COMMIMPG_W32,male,0.8269781951022267,Inferred from name,0.67878041,0.1481977851022267
COMMIMPG_W32,female,1.055718109357234,Inferred from name,0.6741840500000001,0.38153405935723395
COMMIMPH_W32,male,0.7355647841057892,Inferred from name,0.6466937394893232,0.088871044616466
COMMIMPH_W32,female,0.5979720496383769,Inferred from name,0.8080869994893232,-0.21011494985094625
COMMYRS_W32,male,0.6816609913796877,Inferred from name,0.9462499051253532,-0.2645889137456655
COMMYRS_W32,female,0.663706263613236,Inferred from name,0.9500603831874258,-0.28635411957418977
ETHNCMAJ_W32,male,0.07253749820100118,Inferred from name,0.09839505576506365,-0.025857557564062467
ETHNCMAJ_W32,female,0.057403126312984123,Inferred from name,0.07936961076506367,-0.02196648445207955
GAYMARR2_W32,male,1.031418015724522,Inferred from name,0.5058012211403422,0.5256167945841799
GAYMARR2_W32,female,1.0766491619957002,Inferred from name,0.5593161248396967,0.5173330371560034
HARASS2F1_W32,male,0.0898568851128338,Inferred from name,0.07126788144268523,0.01858900367014857
HARASS2F1_W32,female,0.15539783723652126,Inferred from name,0.08283185180013836,0.0725659854363829
IMMIMPACT_W32,male,0.1571153864289941,Inferred from name,0.15198473028756626,0.005130656141427853
IMMIMPACT_W32,female,0.14222908129934875,Inferred from name,0.15872019028756623,-0.016491108988217484
MOVERURAL_W32,male,0.5188510250878033,Inferred from name,0.17501850282349674,0.3438325222643066
MOVERURAL_W32,female,0.5396511449239021,Inferred from name,0.20596940113862283,0.33368174378527926
MOVESUBURB_W32,male,0.37861044622073103,Inferred from name,0.3803811796377573,-0.0017707334170262712
MOVESUBURB_W32,female,0.7271887938575798,Inferred from name,0.23470826928691857,0.49248052457066127
MOVEURBAN_W32,male,0.44448804826826294,Inferred from name,0.40372787596272136,0.040760172305541575
MOVEURBAN_W32,female,0.6315081002771372,Inferred from name,0.3904110201904366,0.2410970800867006
NEIGHINTERA_W32,male,0.5869034873360968,Inferred from name,0.44286603603250774,0.14403745130358903
NEIGHINTERA_W32,female,0.6204448476056321,Inferred from name,0.45110653983513294,0.16933830777049919
NEIGHINTERB_W32,male,1.9184503328835523,Inferred from name,1.962077519606587,-0.04362718672303467
NEIGHINTERB_W32,female,1.8018283023499966,Inferred from name,1.9136946791369465,-0.11186637678694988
NEIGHKIDS_W32,male,0.19481020874444463,Inferred from name,0.31459421775119534,-0.11978400900675071
NEIGHKIDS_W32,female,0.19501482179391613,Inferred from name,0.31999884383771104,-0.12498402204379491
NEIGHSAMEA_W32,male,0.8213908512791601,Inferred from name,0.9431369082334471,-0.12174605695428697
NEIGHSAMEA_W32,female,0.8660863566050458,Inferred from name,0.9755139532830119,-0.10942759667796609
SATLIFED_W32,male,0.6394165463085086,Inferred from name,0.7612292404342189,-0.12181269412571027
SATLIFED_W32,female,0.6492386421335756,Inferred from name,0.7734023704342188,-0.12416372830064315
SOCTRUST2_W32,male,0.1379573857431312,Inferred from name,0.30257932193175685,-0.16462193618862564
SOCTRUST2_W32,female,0.21135723194498535,Inferred from name,0.29769549193175693,-0.08633825998677158
VALUERURAL_W32,male,0.6924254444260436,Inferred from name,0.566684897651407,0.12574054677463664
VALUERURAL_W32,female,0.7019654926672316,Inferred from name,0.5993116196296921,0.10265387303753948
WHADVANT_W32,male,0.5712936324993871,Inferred from name,0.5654721655481582,0.005821466951228982
WHADVANT_W32,female,0.743862252296611,Inferred from name,0.7515145818043195,-0.007652329507708555
WILLMOVE_W32,male,0.5448572261594352,Inferred from name,1.4065341024287354,-0.8616768762693002
WILLMOVE_W32,female,0.43068838119877867,Inferred from name,1.356112226343858,-0.9254238451450794
EAT1_W34,male,0.6456171660000001,Inferred from name,0.8093765360834849,-0.16375937008348485
EAT1_W34,female,0.850954874834932,Inferred from name,0.8882558941591834,-0.03730101932425134
EAT2_W34,male,0.5527547796477619,Inferred from name,0.975331657251983,-0.42257687760422113
EAT2_W34,female,0.5722228050196462,Inferred from name,0.8468660472519831,-0.27464324223233694
EAT5B_W34,male,0.5420694031471253,Inferred from name,0.40693347972519717,0.1351359234219281
EAT5B_W34,female,0.9175416850168292,Inferred from name,0.443255302206104,0.4742863828107252
EAT5C_W34,male,0.4499853600796692,Inferred from name,0.2947293856786105,0.1552559744010587
EAT5C_W34,female,0.8063874322633965,Inferred from name,0.3787310957647712,0.4276563364986253
EAT5D_W34,male,0.5315872625452331,Inferred from name,0.40790034643565404,0.1236869161095791
EAT5D_W34,female,0.9109571605321308,Inferred from name,0.5034342512797513,0.40752290925237955
EVOBIOA_W34,male,0.036646474953537345,Inferred from name,0.11779844760040992,-0.08115197264687257
EVOBIOA_W34,female,0.0957340049346187,Inferred from name,0.19325374760040992,-0.09751974266579122
EVOBIOB_W34,male,0.3049399325694794,Inferred from name,0.44516426,-0.1402243274305206
EVOBIOB_W34,female,0.15675313047204764,Inferred from name,0.31029463999999995,-0.1535415095279523
EVOPERS3_W34,male,0.4217034257140597,Inferred from name,0.3872459529033139,0.03445747281074585
EVOPERS3_W34,female,0.6876245780437847,Inferred from name,0.4370097529033138,0.25061482514047095
EVOTHREE_W34,male,0.3330519076615851,Inferred from name,0.10110507999999996,0.23194682766158514
EVOTHREE_W34,female,0.33460266613900325,Inferred from name,0.06028367999999995,0.2743189861390033
FUD22_W34,male,0.45939803580066096,Inferred from name,0.7968581350442391,-0.3374600992435781
FUD22_W34,female,0.3959979670651077,Inferred from name,0.7683501150442391,-0.3723521479791314
FUD24_W34,male,0.20593458857597507,Inferred from name,0.01617977510831972,0.18975481346765535
FUD24_W34,female,0.21133989477974147,Inferred from name,0.021067135108319646,0.19027275967142182
FUD33B_W34,male,0.1894819515685568,Inferred from name,0.20478485450418693,-0.015302902935630136
FUD33B_W34,female,0.17903983617032126,Inferred from name,0.20644013293559868,-0.027400296765277415
FUD35_W34,male,0.7771883933937154,Inferred from name,0.8165162499999999,-0.03932785660628457
FUD35_W34,female,1.003844651292288,Inferred from name,0.8562230800000001,0.14762157129228792
FUD37A_W34,male,0.55489976267582,Inferred from name,0.8086419738202474,-0.2537422111444274
FUD37A_W34,female,0.6375157888711608,Inferred from name,0.9088055948184269,-0.27128980594726615
FUD37B_W34,male,0.5886537174278677,Inferred from name,0.4292455425646846,0.15940817486318304
FUD37B_W34,female,0.7541018711603567,Inferred from name,0.4845863300000002,0.2695155411603565
FUD37C_W34,male,0.4234664824561535,Inferred from name,0.7751143072984309,-0.3516478248422774
FUD37C_W34,female,0.81394942881997,Inferred from name,0.5287935197616388,0.2851559090583312
BETTERBIZ1F2D_W36,male,0.07784483603368808,Inferred from name,0.009686281678449371,0.06815855435523871
BETTERBIZ1F2D_W36,female,0.29656455269317444,Inferred from name,0.14156673805471864,0.1549978146384558
BETTERBIZ1F2E_W36,male,0.08856642974944703,Inferred from name,0.15696236,-0.06839593025055296
BETTERBIZ1F2E_W36,female,0.0570384044062861,Inferred from name,0.05584061499999993,0.001197789406286176
BETTERBIZ1F2H_W36,male,0.08591266848040047,Inferred from name,0.05203717000000002,0.033875498480400446
BETTERBIZ1F2H_W36,female,0.1987072241072908,Inferred from name,0.05261854500000002,0.1460886791072908
BETTERBIZ2F2C_W36,male,0.07883321329880351,Inferred from name,0.006785855008082764,0.07204735829072074
BETTERBIZ2F2C_W36,female,0.08398942624078322,Inferred from name,0.009075224143426458,0.07491420209735676
BETTERBIZ2F2E_W36,male,0.07516263754325736,Inferred from name,0.02439621023655148,0.05076642730670588
BETTERBIZ2F2E_W36,female,0.15125281316716968,Inferred from name,0.09559790023655151,0.05565491293061817
BETTERBIZ2F2F_W36,male,0.10073617200000004,Inferred from name,0.19772213354245619,-0.09698596154245614
BETTERBIZ2F2F_W36,female,0.08901985496633025,Inferred from name,0.1841158285424562,-0.09509597357612595
BETTERPOL1F1B_W36,male,0.4025378261352929,Inferred from name,0.23554850425464552,0.16698932188064736
BETTERPOL1F1B_W36,female,0.5193215741865934,Inferred from name,0.3506112826365326,0.16871029155006084
BETTERPOL1F1E_W36,male,0.02334351009730709,Inferred from name,0.12920506666368917,-0.10586155656638208
BETTERPOL1F1E_W36,female,0.009531266879767464,Inferred from name,0.1005700216636892,-0.09103875478392173
BETTERPOL1F1I_W36,male,0.3437625592576057,Inferred from name,0.22776885786491843,0.11599370139268725
BETTERPOL1F1I_W36,female,0.3710862560177293,Inferred from name,0.2285040478649184,0.14258220815281092
BETTERPOL2F1A_W36,male,0.12132734433422378,Inferred from name,0.05272962634257604,0.06859771799164774
BETTERPOL2F1A_W36,female,0.28448912732610526,Inferred from name,0.090418905,0.19407022232610527
BETTERPOL2F1C_W36,male,0.17687975330535696,Inferred from name,0.07832248083224427,0.09855727247311269
BETTERPOL2F1C_W36,female,0.19316633384591206,Inferred from name,0.10198272583224427,0.09118360801366779
BETTERPOL2F1D_W36,male,0.03345699642806821,Inferred from name,0.16101555099985343,-0.12755855457178522
BETTERPOL2F1D_W36,female,0.09303870491777838,Inferred from name,0.10131866217968229,-0.008279957261903906
BETTERPOL2F1F_W36,male,0.059455330786382446,Inferred from name,0.13521890722663,-0.07576357644024755
BETTERPOL2F1F_W36,female,0.11196068276579116,Inferred from name,0.15229935428940955,-0.04033867152361839
E5_W36,male,0.6463268780865622,Inferred from name,0.10112891947016672,0.5451979586163955
E5_W36,female,0.9594727343851542,Inferred from name,0.2656563762349199,0.6938163581502343
ESSENBIZF2E_W36,male,1.1621594976046934,Inferred from name,0.44132881999999996,0.7208306776046934
ESSENBIZF2E_W36,female,1.0776380882925856,Inferred from name,0.48655982,0.5910782682925856
ESSENBIZF2J_W36,male,1.3469684745598958,Inferred from name,0.29499128119215434,1.0519771933677413
ESSENBIZF2J_W36,female,1.4357426197063106,Inferred from name,0.25029041409244335,1.1854522056138672
ESSENPOLF1A_W36,male,1.402296756251716,Inferred from name,0.10833089576752375,1.2939658604841922
ESSENPOLF1A_W36,female,1.5904213981218873,Inferred from name,0.10853347456722184,1.4818879235546656
ESSENPOLF1B_W36,male,1.1289863571103458,Inferred from name,0.3075449824288906,0.8214413746814552
ESSENPOLF1B_W36,female,1.341486411453121,Inferred from name,0.17598921903016118,1.16549719242296
ESSENPOLF1D_W36,male,1.3765420242998925,Inferred from name,0.15607577180994925,1.2204662524899432
ESSENPOLF1D_W36,female,1.5108133220999027,Inferred from name,0.1369623000000001,1.3738510220999025
ESSENPOLF1G_W36,male,1.0743721376207658,Inferred from name,0.461071499566101,0.6133006380546648
ESSENPOLF1G_W36,female,1.1880586346871898,Inferred from name,0.4526690695661011,0.7353895651210887
ESSENPOLF1H_W36,male,1.077485104357821,Inferred from name,0.2889411933292917,0.7885439110285294
ESSENPOLF1H_W36,female,1.3276452947065298,Inferred from name,0.14848240000000001,1.1791628947065298
HIGHEDWRNGB_W36,male,0.738426154879631,Inferred from name,0.18590560814094392,0.5525205467386871
HIGHEDWRNGB_W36,female,0.6411946491637943,Inferred from name,0.23248065767519344,0.4087139914886009
HIGHEDWRNGC_W36,male,0.9718968632491058,Inferred from name,0.774717074205181,0.19717978904392486
HIGHEDWRNGC_W36,female,0.8440128542519791,Inferred from name,0.5382042018487867,0.30580865240319244
IMPROVE1_W36,male,0.4031261126386602,Inferred from name,0.6848243386434902,-0.28169822600483
IMPROVE1_W36,female,0.9495757260971651,Inferred from name,0.429002300567964,0.5205734255292012
IMPROVE2_W36,male,1.2751685484248947,Inferred from name,0.9017637004723149,0.3734048479525798
IMPROVE2_W36,female,1.6430378647649526,Inferred from name,1.2806254524299026,0.36241241233505006
IMPROVE3_W36,male,0.33864568855783994,Inferred from name,0.7623889173658237,-0.42374322880798376
IMPROVE3_W36,female,0.866116892999741,Inferred from name,0.3988538811497397,0.46726301185000135
MOREWMN1F2_W36,male,0.1460773007629062,Inferred from name,0.024819290704382435,0.12125801005852377
MOREWMN1F2_W36,female,0.2580133792685097,Inferred from name,0.1049875107043825,0.1530258685641272
POLCHF1_W36,male,0.8817720474886895,Inferred from name,1.20428114,-0.32250909251131044
POLCHF1_W36,female,0.6481907145603073,Inferred from name,1.0933914100000002,-0.4452006954396929
TRAITBIZMF2C_W36,male,0.30332993828585814,Inferred from name,0.30385446000000005,-0.0005245217141419123
TRAITBIZMF2C_W36,female,0.2813892944253875,Inferred from name,0.28692462999999996,-0.005535335574612443
TRAITBIZMF2D_W36,male,0.26348402135885485,Inferred from name,0.313470325,-0.04998630364114515
TRAITBIZMF2D_W36,female,0.21584442019608088,Inferred from name,0.26509697000000004,-0.04925254980391916
TRAITBIZMF2E_W36,male,0.3349104600291267,Inferred from name,0.4139916931981107,-0.07908123316898397
TRAITBIZMF2E_W36,female,0.3034431303707745,Inferred from name,0.36613101194835634,-0.06268788157758182
TRAITBIZMF2G_W36,male,0.14545297284177736,Inferred from name,0.250409255,-0.10495628215822264
TRAITBIZMF2G_W36,female,0.12587356977887018,Inferred from name,0.22547190999999991,-0.09959834022112973
TRAITBIZWF2C_W36,male,0.29537761647974636,Inferred from name,0.22714766691835064,0.06822994956139572
TRAITBIZWF2C_W36,female,0.26902159146383997,Inferred from name,0.22232738068244912,0.046694210781390855
TRAITBIZWF2D_W36,male,0.18648157151789638,Inferred from name,0.25213588718800195,-0.06565431567010557
TRAITBIZWF2D_W36,female,0.24111368117601878,Inferred from name,0.245726532188002,-0.004612851011983221
TRAITBIZWF2E_W36,male,0.09726362187289292,Inferred from name,0.3027481851239657,-0.20548456325107275
TRAITBIZWF2E_W36,female,0.3379727769440623,Inferred from name,0.3278698401239657,0.010102936820096609
TRAITBIZWF2G_W36,male,0.2899044460768077,Inferred from name,0.33329272545952665,-0.04338827938271894
TRAITBIZWF2G_W36,female,0.2573508986734129,Inferred from name,0.3260594594245296,-0.0687085607511167
TRAITPOLMF1B_W36,male,0.16780749006756362,Inferred from name,0.07457163309289438,0.09323585697466924
TRAITPOLMF1B_W36,female,0.183840399787713,Inferred from name,0.12148648309289445,0.062353916694818545
TRAITPOLMF1C_W36,male,0.25351606001792404,Inferred from name,0.21285714228283467,0.04065891773508937
TRAITPOLMF1C_W36,female,0.27960087692439645,Inferred from name,0.27172332728283455,0.007877549641561898
TRAITPOLMF1D_W36,male,0.20092516589987824,Inferred from name,0.1857587614431529,0.015166404456725346
TRAITPOLMF1D_W36,female,0.23315547481908433,Inferred from name,0.208531497586549,0.024623977232535343
TRAITPOLMF1E_W36,male,0.2875632894133227,Inferred from name,0.30372546813737455,-0.016162178724051846
TRAITPOLMF1E_W36,female,0.19782150203986298,Inferred from name,0.26737783313737457,-0.06955633109751158
TRAITPOLMF1F_W36,male,0.23267869836521288,Inferred from name,0.06728304932716953,0.16539564903804335
TRAITPOLMF1F_W36,female,0.1898666810887529,Inferred from name,0.07118037573614451,0.11868630535260839
TRAITPOLMF1G_W36,male,0.10481851221738075,Inferred from name,0.1984767652849596,-0.09365825306757886
TRAITPOLMF1G_W36,female,0.11592298005381835,Inferred from name,0.20849654791503464,-0.09257356786121629
TRAITPOLWF1A_W36,male,0.1508797719593116,Inferred from name,0.22774252180131116,-0.07686274984199956
TRAITPOLWF1A_W36,female,0.2598125238059751,Inferred from name,0.25313619180131114,0.006676332004663943
TRAITPOLWF1C_W36,male,0.24320652529910683,Inferred from name,0.13309940836982417,0.11010711692928266
TRAITPOLWF1C_W36,female,0.28133791533694563,Inferred from name,0.17867734738490162,0.10266056795204401
TRAITPOLWF1D_W36,male,0.1552281350538794,Inferred from name,0.22621981238031585,-0.07099167732643646
TRAITPOLWF1D_W36,female,0.29865615174248744,Inferred from name,0.2862797932076758,0.012376358534811616
TRAITPOLWF1E_W36,male,0.11410323809343845,Inferred from name,0.2845647672665401,-0.17046152917310167
TRAITPOLWF1E_W36,female,0.30942804788029504,Inferred from name,0.3232482122665401,-0.01382016438624506
TRAITPOLWF1F_W36,male,0.2217248206808926,Inferred from name,0.2785949416788107,-0.056870120997918105
TRAITPOLWF1F_W36,female,0.33030443033330337,Inferred from name,0.35280469667881076,-0.02250026634550739
TRAITPOLWF1G_W36,male,0.2349349649384579,Inferred from name,0.2853898580254586,-0.050454893087000685
TRAITPOLWF1G_W36,female,0.24317845723307602,Inferred from name,0.292975239721378,-0.049796782488301994
WHYNOTBIZF2A_W36,male,0.57514673979744,Inferred from name,0.7644676128385758,-0.18932087304113576
WHYNOTBIZF2A_W36,female,0.6908061453455385,Inferred from name,0.9714009028385759,-0.2805947574930374
WHYNOTBIZF2B_W36,male,0.4935952855000001,Inferred from name,0.7995033542299385,-0.30590806872993836
WHYNOTBIZF2B_W36,female,0.7852198528920111,Inferred from name,1.1073657342299383,-0.3221458813379272
WHYNOTBIZF2D_W36,male,0.05162433447333156,Inferred from name,0.254598964210963,-0.20297462973763145
WHYNOTBIZF2D_W36,female,0.14460360285938292,Inferred from name,0.08530832113101547,0.059295281728367455
WHYNOTBIZF2F_W36,male,0.02829682599891767,Inferred from name,0.16385124569093937,-0.1355544196920217
WHYNOTBIZF2F_W36,female,0.07340206850000006,Inferred from name,0.09931094569093935,-0.02590887719093929
WHYNOTBIZF2G_W36,male,0.2537811907999805,Inferred from name,0.526898814439314,-0.27311762363933345
WHYNOTBIZF2G_W36,female,0.4953403353598509,Inferred from name,0.8359942861135504,-0.34065395075369953
WHYNOTBIZF2H_W36,male,0.5839707849831516,Inferred from name,0.8804117662105617,-0.29644098122741014
WHYNOTBIZF2H_W36,female,0.9915397867087807,Inferred from name,1.3508407862105618,-0.35930099950178107
WHYNOTBIZF2J_W36,male,0.3023105949277488,Inferred from name,0.9302230233853351,-0.6279124284575863
WHYNOTBIZF2J_W36,female,1.121935393997266,Inferred from name,1.0849024820415525,0.037032911955713566
WHYNOTBIZF2M_W36,male,0.23146554903292088,Inferred from name,0.5239631103715148,-0.2924975613385939
WHYNOTBIZF2M_W36,female,0.6508887924335205,Inferred from name,0.7617258403715148,-0.11083704793799432
WHYNOTBIZF2N_W36,male,0.3153353303213153,Inferred from name,0.45847740396162623,-0.14314207364031095
WHYNOTBIZF2N_W36,female,0.44989482611653886,Inferred from name,0.6842340241000991,-0.2343391979835603
WHYNOTBIZF2O_W36,male,0.6174040432188812,Inferred from name,0.8870218511297815,-0.2696178079109003
WHYNOTBIZF2O_W36,female,0.9035633247121175,Inferred from name,1.2156020916270625,-0.3120387669149449
WHYNOTPOLF1A_W36,male,0.5169440925174793,Inferred from name,0.8099322900000001,-0.2929881974825208
WHYNOTPOLF1A_W36,female,0.6887797493986814,Inferred from name,1.23788316,-0.5491034106013186
WHYNOTPOLF1B_W36,male,0.45708919550430366,Inferred from name,0.33924730822587884,0.11784188727842482
WHYNOTPOLF1B_W36,female,0.8556063352974008,Inferred from name,0.30481045543713847,0.5507958798602623
WHYNOTPOLF1C_W36,male,0.5176062256524053,Inferred from name,0.41341619742238167,0.10419002823002366
WHYNOTPOLF1C_W36,female,0.8553501773251049,Inferred from name,0.383824852818474,0.47152532450663087
WHYNOTPOLF1E_W36,male,0.3678842206228275,Inferred from name,0.604936411347911,-0.2370521907250835
WHYNOTPOLF1E_W36,female,0.4353239492364869,Inferred from name,0.566494471347911,-0.1311705221114241
WHYNOTPOLF1G_W36,male,0.271942585,Inferred from name,0.2917255485401861,-0.019782963540186105
WHYNOTPOLF1G_W36,female,0.6548935724799112,Inferred from name,0.6150655317710283,0.039828040708882906
WHYNOTPOLF1I_W36,male,0.3591138197030345,Inferred from name,0.5610611250169089,-0.20194730531387434
WHYNOTPOLF1I_W36,female,0.4204759040841235,Inferred from name,0.4150753992070579,0.005400504877065615
WHYNOTPOLF1J_W36,male,0.3391868367413923,Inferred from name,0.3153949517075892,0.023791885033803084
WHYNOTPOLF1J_W36,female,0.30941938083102494,Inferred from name,0.29626170112058814,0.013157679710436798
WHYNOTPOLF1K_W36,male,0.2516149596900785,Inferred from name,0.365132233265191,-0.11351727357511249
WHYNOTPOLF1K_W36,female,0.2574846098497122,Inferred from name,0.45005173831560225,-0.19256712846589003
WHYNOTPOLF1L_W36,male,0.7841953150575804,Inferred from name,0.8454255853685797,-0.06123027031099926
WHYNOTPOLF1L_W36,female,0.936608119663612,Inferred from name,1.1291384753685798,-0.1925303557049678
WMNPRZ1_W36,male,1.8072089603455557,Inferred from name,1.3170136891512139,0.4901952711943418
WMNPRZ1_W36,female,2.1426533981739464,Inferred from name,1.5630268598570805,0.579626538316866
AUTOLKLY_W41,male,0.28401555737051976,Inferred from name,0.40346831648640225,-0.11945275911588249
AUTOLKLY_W41,female,0.426298705138561,Inferred from name,0.3522171764864022,0.07408152865215878
AUTOWKPLC_W41,male,0.20865845652201007,Inferred from name,0.2553349881631951,-0.04667653164118504
AUTOWKPLC_W41,female,0.23690095768052177,Inferred from name,0.32285201816319514,-0.08595106048267337
ETHNCMAJMOD_W41,male,0.7815070909339763,Inferred from name,1.0491658099999999,-0.26765871906602356
ETHNCMAJMOD_W41,female,0.8299197044843143,Inferred from name,1.0709237750000002,-0.24100407051568595
FTRWORRYc_W41,male,1.3242333301272589,Inferred from name,1.2659000938484875,0.058333236278771405
FTRWORRYc_W41,female,1.3998303264444067,Inferred from name,1.2451811240556772,0.1546492023887296
FTRWORRYe_W41,male,1.2128187136391073,Inferred from name,0.988316215978862,0.22450249766024533
FTRWORRYe_W41,female,1.2975190258827178,Inferred from name,1.1377275031567042,0.1597915227260136
FTRWORRYf_W41,male,0.6830080953167916,Inferred from name,0.4683733466611329,0.21463474865565874
FTRWORRYf_W41,female,1.0100069441123902,Inferred from name,0.5555767366611328,0.4544302074512574
FUTRCLASSb_W41,male,0.43983655989809134,Inferred from name,0.5140192141421749,-0.07418265424408355
FUTRCLASSb_W41,female,0.2984709502891737,Inferred from name,0.44398717914217495,-0.14551622885300125
FUTRCLASSc_W41,male,0.15061783136687062,Inferred from name,0.1258642055425196,0.024753625824351033
FUTRCLASSc_W41,female,0.1781685194705557,Inferred from name,0.13083894054251965,0.04732957892803605
FUTR_DIV_W41,male,0.12971511633083857,Inferred from name,0.2102129940154947,-0.08049787768465613
FUTR_DIV_W41,female,0.13818147730493957,Inferred from name,0.2454424490154947,-0.10726097171055513
GOVPRIOb_W41,male,1.337418985236417,Inferred from name,0.3490180646203714,0.9884009206160456
GOVPRIOb_W41,female,1.6120740999645276,Inferred from name,0.3961379976576771,1.2159361023068505
GOVPRIOc_W41,male,1.2460763440307274,Inferred from name,0.24540396399318054,1.000672380037547
GOVPRIOc_W41,female,1.5971956482414615,Inferred from name,0.2190042673614765,1.378191380879985
GOVPRIOe_W41,male,1.0891402070353018,Inferred from name,0.41163937640252535,0.6775008306327764
GOVPRIOe_W41,female,1.2961861161267993,Inferred from name,0.4637062764025253,0.8324798397242741
GOVPRIOfF1_W41,male,0.3932769118700943,Inferred from name,0.9802949558703722,-0.5870180440002779
GOVPRIOfF1_W41,female,0.4354819865943726,Inferred from name,0.9008532758703723,-0.46537128927599974
GOVPRIOgF1_W41,male,1.1078341816189616,Inferred from name,0.6990720515920197,0.40876213002694195
GOVPRIOgF1_W41,female,0.9919449621521725,Inferred from name,0.6130520606205454,0.37889290153162714
GOVPRIOhF1_W41,male,0.8008004140774019,Inferred from name,0.1858528029894196,0.6149476110879822
GOVPRIOhF1_W41,female,0.9922377361692185,Inferred from name,0.22634831113596068,0.7658894250332579
GOVPRIOiF1_W41,male,1.255725524030996,Inferred from name,0.5960026408002348,0.6597228832307611
GOVPRIOiF1_W41,female,1.2594576936409334,Inferred from name,0.5817908108002345,0.6776668828406989
GOVPRIOjF1_W41,male,0.9890596826251816,Inferred from name,0.6210766972495827,0.3679829853755989
GOVPRIOjF1_W41,female,1.187266507903221,Inferred from name,0.8124300169206993,0.3748364909825217
GOVPRIOkF2_W41,male,1.3953485308839306,Inferred from name,0.9632526161655234,0.43209591471840725
GOVPRIOkF2_W41,female,1.5555688501374205,Inferred from name,1.1595689383292207,0.3959999118081998
GOVPRIOlF2_W41,male,0.7552041325570583,Inferred from name,0.5821984503145494,0.1730056822425089
GOVPRIOlF2_W41,female,0.7076959068665064,Inferred from name,0.6143476603145493,0.09334824655195706
GOVPRIOmF2_W41,male,1.1110575885882774,Inferred from name,0.4502177410138724,0.6608398475744051
GOVPRIOmF2_W41,female,1.4121294470547832,Inferred from name,0.45184351063146544,0.9602859364233177
GOVPRIOnF2_W41,male,0.25722726023288245,Inferred from name,0.7361946066099897,-0.47896734637710725
GOVPRIOnF2_W41,female,0.33945243530710983,Inferred from name,0.4367746631810663,-0.09732222787395645
GOVPRIOoF2_W41,male,1.0899171416824953,Inferred from name,0.378159179344755,0.7117579623377404
GOVPRIOoF2_W41,female,1.3109026975573235,Inferred from name,0.37699676487104794,0.9339059326862755
HAPPEN2b_W41,male,0.5845673309103747,Inferred from name,0.24301439125234475,0.34155293965802996
HAPPEN2b_W41,female,0.7848878015006409,Inferred from name,0.32631849438121646,0.4585693071194244
HAPPEN2f_W41,male,1.4099019073301395,Inferred from name,0.6373533665107076,0.7725485408194319
HAPPEN2f_W41,female,1.1023469210881571,Inferred from name,0.5912574504805512,0.5110894706076059
HARASS1F1b_W41,male,0.9006943315429817,Inferred from name,1.0646386258750278,-0.16394429433204605
HARASS1F1b_W41,female,0.7408575359061349,Inferred from name,1.0188769097821209,-0.27801937387598596
HARASS1F1d_W41,male,1.1876746026332525,Inferred from name,0.5568212434753717,0.6308533591578809
HARASS1F1d_W41,female,1.2163372365746645,Inferred from name,0.7152926134753714,0.5010446230992931
HARASS1NOWRKF2d_W41,male,0.7623357178225051,Inferred from name,0.30542331467653394,0.45691240314597115
HARASS1NOWRKF2d_W41,female,0.428731216414597,Inferred from name,0.4060178751140825,0.0227133413005145
HARASS3NOWRKF2_W41,male,0.2863198907130268,Inferred from name,0.2526966571014351,0.03362323361159175
HARASS3NOWRKF2_W41,female,0.3181297605156807,Inferred from name,0.23770122820380496,0.08042853231187574
INTRMAR_W41,male,0.9103706190775654,Inferred from name,0.48006719442600315,0.4303034246515623
INTRMAR_W41,female,0.8624911191856922,Inferred from name,0.5070267525007273,0.35546436668496495
LEGALIMG_W41,male,0.4706797716629711,Inferred from name,0.37546171213169843,0.09521805953127266
LEGALIMG_W41,female,0.4850558985518534,Inferred from name,0.3932563170635787,0.09179958148827466
SOLVPROBa_W41,male,1.2677269218314031,Inferred from name,0.42934286453648873,0.8383840572949144
SOLVPROBa_W41,female,1.1686099679013635,Inferred from name,0.44463614048612005,0.7239738274152434
SOLVPROBb_W41,male,0.4505574102626146,Inferred from name,0.4182211240584728,0.032336286204141806
SOLVPROBb_W41,female,0.5295009806136824,Inferred from name,0.4467842840584727,0.08271669655520975
SOLVPROBc_W41,male,0.5935698859326954,Inferred from name,0.43387006188170496,0.15969982405099048
SOLVPROBc_W41,female,0.6726934287594696,Inferred from name,0.5475468454754684,0.1251465832840012
SOLVPROBdF1_W41,male,0.4620431087890543,Inferred from name,0.40714594646922275,0.05489716231983155
SOLVPROBdF1_W41,female,0.4595702770511542,Inferred from name,0.434038304877316,0.025531972173838235
SOLVPROBf_W41,male,0.3011550172781065,Inferred from name,0.5209554458145698,-0.21980042853646325
SOLVPROBf_W41,female,0.3435060924352397,Inferred from name,0.40571767565521805,-0.06221158321997833
SOLVPROBg_W41,male,0.9016867614261685,Inferred from name,0.9677048186015043,-0.06601805717533571
SOLVPROBg_W41,female,0.9192737268698403,Inferred from name,1.038942237592431,-0.11966851072259077
SOLVPROBh_W41,male,0.770657092,Inferred from name,0.3429246999999999,0.4277323920000001
SOLVPROBh_W41,female,0.9495793735111998,Inferred from name,0.4889817599999998,0.4605976135112
CONFb_W42,male,0.3798158644656044,Inferred from name,0.359046482353384,0.020769382112220403
CONFb_W42,female,0.4349020125174027,Inferred from name,0.5016272896904949,-0.06672527717309218
CONFc_W42,male,0.9983270555857943,Inferred from name,1.1269532980652175,-0.12862624247942323
CONFc_W42,female,1.077407799986716,Inferred from name,1.136248747972263,-0.058840947985546954
CONFe_W42,male,0.5210692760375459,Inferred from name,0.8369737259770877,-0.3159044499395418
CONFe_W42,female,0.6258564699554625,Inferred from name,0.9327153723676296,-0.30685890241216707
CONFg_W42,male,0.5186777238711928,Inferred from name,0.7337859586652439,-0.21510823479405106
CONFg_W42,female,0.6327075969144724,Inferred from name,0.7951589786652439,-0.16245138175077145
PQ4_F2Aa_W42,male,1.3302023707164503,Inferred from name,0.8368857520010635,0.4933166187153868
PQ4_F2Aa_W42,female,1.4698949887656867,Inferred from name,0.8241575520010636,0.6457374367646231
PQ4_F2Ac_W42,male,0.5411686476734916,Inferred from name,0.6087266322298385,-0.06755798455634687
PQ4_F2Ac_W42,female,0.5962199344067315,Inferred from name,0.5691865522298385,0.027033382176892995
PQ4_F2Ae_W42,male,1.2889982102476423,Inferred from name,0.402413931648829,0.8865842785988133
PQ4_F2Ae_W42,female,1.4327451974155792,Inferred from name,0.362360922242015,1.0703842751735642
PQ4_F2Bb_W42,male,1.41390345331214,Inferred from name,0.7285696719783898,0.6853337813337501
PQ4_F2Bb_W42,female,1.4463359251437915,Inferred from name,0.7336120319783899,0.7127238931654016
PQ4_F2Bc_W42,male,0.7564344824492512,Inferred from name,0.5425018831786173,0.2139325992706339
PQ4_F2Bc_W42,female,0.807659411829031,Inferred from name,0.5574796731786171,0.2501797386504139
PQ4_F2Bd_W42,male,1.0847684463967349,Inferred from name,0.5669260289906349,0.5178424174060999
PQ4_F2Bd_W42,female,1.0838418492471216,Inferred from name,0.6041657431065965,0.479676106140525
PQ4_F2Cc_W42,male,0.6840904780758321,Inferred from name,0.5821757483783134,0.10191472969751869
PQ4_F2Cc_W42,female,0.8770641030459055,Inferred from name,0.6576053344174171,0.21945876862848845
PQ8_F2B_W42,male,0.582357870967426,Inferred from name,0.8075522750800941,-0.2251944041126681
PQ8_F2B_W42,female,0.7008141643554929,Inferred from name,0.9246206145824656,-0.22380645022697265
RQ1_F1B_W42,male,0.2792192877345783,Inferred from name,0.11881954448711979,0.16039974324745854
RQ1_F1B_W42,female,0.26089359097618925,Inferred from name,0.10729960448711978,0.15359398648906947
RQ1_F1C_W42,male,0.21334277611882163,Inferred from name,0.040684755989446764,0.17265802012937487
RQ1_F1C_W42,female,0.19673820135788167,Inferred from name,0.02968554293694936,0.1670526584209323
RQ2_F1A_W42,male,0.5018024356594885,Inferred from name,0.0817893543944318,0.42001308126505665
RQ2_F1A_W42,female,0.6031197480400956,Inferred from name,0.07729459429184599,0.5258251537482497
RQ4_F1Ab_W42,male,1.1172217999326273,Inferred from name,0.6412996339581387,0.47592216597448855
RQ4_F1Ab_W42,female,1.1784976720421763,Inferred from name,0.6534005067041393,0.525097165338037
RQ4_F1Ae_W42,male,0.9904829726283344,Inferred from name,0.45998240125685497,0.5305005713714794
RQ4_F1Ae_W42,female,1.1466539324724005,Inferred from name,0.4604952012568549,0.6861587312155457
RQ4_F1Ba_W42,male,1.2933994047363666,Inferred from name,0.7778423717211274,0.5155570330152393
RQ4_F1Ba_W42,female,1.4031699620316997,Inferred from name,0.8294659945855055,0.5737039674461942
RQ4_F1Bc_W42,male,0.5935638952435314,Inferred from name,0.8200142949623752,-0.22645039971884384
RQ4_F1Bc_W42,female,0.7534176143928257,Inferred from name,0.7576010324239897,-0.004183418031163955
RQ4_F1Bd_W42,male,0.8740607171218783,Inferred from name,0.5493954968040817,0.32466522031779654
RQ4_F1Bd_W42,female,0.963848782907684,Inferred from name,0.6259828468040818,0.33786593610360227
RQ4_F1Be_W42,male,1.035041255908945,Inferred from name,0.35624747018532027,0.6787937857236248
RQ4_F1Be_W42,female,1.1605101013017296,Inferred from name,0.4002134659978655,0.760296635303864
RQ4_F1Ca_W42,male,1.2530744310643782,Inferred from name,0.8791838500000002,0.373890581064378
RQ4_F1Ca_W42,female,1.335631301676858,Inferred from name,0.9135599099999999,0.42207139167685803
RQ4_F1Cb_W42,male,1.0724395759606016,Inferred from name,0.6471242594837416,0.42531531647685994
RQ4_F1Cb_W42,female,1.150561298877003,Inferred from name,0.6323089147530818,0.5182523841239213
RQ4_F1Cd_W42,male,0.7748963021267732,Inferred from name,0.3951983228140625,0.3796979793127107
RQ4_F1Cd_W42,female,0.82570580721986,Inferred from name,0.47672278914655936,0.3489830180733006
RQ5_F1B_W42,male,1.3148354678973013,Inferred from name,0.5514726741233233,0.763362793773978
RQ5_F1B_W42,female,1.0463524435942921,Inferred from name,0.5433181621738304,0.5030342814204617
RQ5_F1C_W42,male,1.4490499173198392,Inferred from name,0.8392435800387683,0.6098063372810709
RQ5_F1C_W42,female,1.3812731201556487,Inferred from name,0.7919834931001645,0.5892896270554843
IDIMPORT_W43,male,0.6504893163907206,Inferred from name,0.7078905065964708,-0.057401190205750185
IDIMPORT_W43,female,0.6300635213511288,Inferred from name,0.67316554,-0.0431020186488712
RACESURV13_W43,male,0.9995172543495249,Inferred from name,0.7838011994026792,0.21571605494684565
RACESURV13_W43,female,0.8632031330361171,Inferred from name,0.6787093994026794,0.18449373363343768
RACESURV14_W43,male,0.42432288421072073,Inferred from name,0.3196590928997584,0.10466379131096232
RACESURV14_W43,female,0.37844014619879857,Inferred from name,0.2925121028997584,0.08592804329904019
RACESURV15a_W43,male,0.23735260648401235,Inferred from name,0.2761406141005319,-0.03878800761651957
RACESURV15a_W43,female,0.24964482902628846,Inferred from name,0.2960511091005319,-0.04640628007424344
RACESURV15b_W43,male,0.23664731321222102,Inferred from name,0.285746068790526,-0.04909875557830498
RACESURV15b_W43,female,0.24108814117544414,Inferred from name,0.2835269772305328,-0.042438836055088636
RACESURV17_W43,male,0.3696545575199028,Inferred from name,0.6204939138513934,-0.2508393563314906
RACESURV17_W43,female,0.30359218366682694,Inferred from name,0.41814482274424875,-0.1145526390774218
RACESURV18b_W43,male,1.1565808164728044,Inferred from name,0.6294556034462234,0.527125213026581
RACESURV18b_W43,female,1.1438941601032369,Inferred from name,0.6721411766396928,0.4717529834635441
RACESURV18f_W43,male,1.2610949918894887,Inferred from name,0.7430090930572723,0.5180858988322165
RACESURV18f_W43,female,1.092549681627898,Inferred from name,0.7300702530572721,0.36247942857062576
RACESURV19a_W43,male,0.6108417842369045,Inferred from name,0.7564124680362039,-0.14557068379929938
RACESURV19a_W43,female,0.7042149891702422,Inferred from name,0.878812448036204,-0.17459745886596179
RACESURV19c_W43,male,0.6343488316965532,Inferred from name,0.7396162246025036,-0.10526739290595044
RACESURV19c_W43,female,0.6685897546233721,Inferred from name,0.8122347346025036,-0.1436449799791315
RACESURV19e_W43,male,0.5382937484530689,Inferred from name,0.633083096823994,-0.09478934837092512
RACESURV19e_W43,female,0.579610814720126,Inferred from name,0.7089674157397443,-0.12935660101961832
RACESURV1b_W43,male,0.1933899302811328,Inferred from name,0.26011900071565297,-0.06672907043452017
RACESURV1b_W43,female,0.19529836856082494,Inferred from name,0.2375314037376322,-0.042233035176807265
RACESURV21_W43,male,0.5658365971297131,Inferred from name,0.4079868848892977,0.15784971224041544
RACESURV21_W43,female,0.3502732582297945,Inferred from name,0.4075058248892977,-0.057232566659503215
RACESURV27_W43,male,0.4698825825057457,Inferred from name,0.5279071071425401,-0.05802452463679436
RACESURV27_W43,female,0.33595723822706386,Inferred from name,0.5062760798244541,-0.17031884159739025
RACESURV28a_W43,male,0.1909527111521505,Inferred from name,0.2118142727244889,-0.0208615615723384
RACESURV28a_W43,female,0.20446067413407737,Inferred from name,0.2317878349213158,-0.02732716078723843
RACESURV28b_W43,male,0.1663440496775529,Inferred from name,0.19053524000000005,-0.024191190322447154
RACESURV28b_W43,female,0.18295171509932245,Inferred from name,0.212140975,-0.029189259900677555
RACESURV28c_W43,male,0.1699079702701255,Inferred from name,0.20442229022946518,-0.03451431995933968
RACESURV28c_W43,female,0.170530774774606,Inferred from name,0.21041205522946518,-0.0398812804548592
RACESURV28d_W43,male,0.2711089087843305,Inferred from name,0.30307898034091674,-0.03197007155658621
RACESURV28d_W43,female,0.29102561285372763,Inferred from name,0.3268498536946444,-0.03582424084091679
RACESURV28e_W43,male,0.26539476795511685,Inferred from name,0.2912314719791165,-0.025836704023999624
RACESURV28e_W43,female,0.2904625670670852,Inferred from name,0.3195865299457156,-0.02912396287863045
RACESURV28f_W43,male,0.12998728590142908,Inferred from name,0.15582433494913445,-0.025837049047705368
RACESURV28f_W43,female,0.13492369040805163,Inferred from name,0.16387761994913447,-0.028953929541082835
RACESURV28g_W43,male,0.09938939959521048,Inferred from name,0.13061822962463338,-0.031228830029422894
RACESURV28g_W43,female,0.1257948604268492,Inferred from name,0.16062298962463334,-0.034828129197784136
RACESURV29d_W43,male,1.0519603253875145,Inferred from name,1.0517531930458608,0.0002071323416537041
RACESURV29d_W43,female,1.055359991014127,Inferred from name,1.0270504830458609,0.028309507968266034
RACESURV2_W43,male,1.1824773015927095,Inferred from name,1.128822756322882,0.05365454526982738
RACESURV2_W43,female,1.268113572502246,Inferred from name,1.172671961761374,0.09544161074087221
RACESURV34a_W43,male,0.9119829686549051,Inferred from name,0.8537897622637738,0.05819320639113135
RACESURV34a_W43,female,0.8567600491220625,Inferred from name,0.8538263394339237,0.0029337096881387748
RACESURV34b_W43,male,1.6864450763218457,Inferred from name,1.2914650885430516,0.39497998777879406
RACESURV34b_W43,female,1.1864178356846633,Inferred from name,0.770571120711794,0.4158467149728693
RACESURV34c_W43,male,0.708028211830282,Inferred from name,0.5559438005974898,0.15208441123279215
RACESURV34c_W43,female,0.5795495195594087,Inferred from name,0.5386901733566063,0.040859346202802405
RACESURV34d_W43,male,1.4852077618322232,Inferred from name,0.634786581843682,0.8504211799885413
RACESURV34d_W43,female,1.2339433953349446,Inferred from name,0.5211090918436818,0.7128343034912628
RACESURV34e_W43,male,0.8785838999829775,Inferred from name,0.6377061838231295,0.240877716159848
RACESURV34e_W43,female,0.880340768898618,Inferred from name,0.637760993723034,0.24257977517558404
RACESURV38_W43,male,0.29860179866882275,Inferred from name,0.3447574632787521,-0.04615566460992937
RACESURV38_W43,female,0.2526354322264407,Inferred from name,0.3069512132787522,-0.054315781052311496
RACESURV40_W43,male,0.8947688649388493,Inferred from name,0.7799520676831782,0.11481679725567118
RACESURV40_W43,female,0.9492959000140785,Inferred from name,0.850530955581349,0.09876494443272954
RACESURV41_W43,male,0.67238062170889,Inferred from name,0.6538315759276675,0.018549045781222517
RACESURV41_W43,female,0.7273457038668278,Inferred from name,0.7059935959276675,0.021352107939160314
RACESURV45_W43,male,0.5530144348269955,Inferred from name,0.4576821444020099,0.09533229042498564
RACESURV45_W43,female,0.6088209603708366,Inferred from name,0.5090992844020099,0.09972167596882664
RACESURV47a_W43,male,0.2707489251025669,Inferred from name,0.8100898211612136,-0.5393408960586468
RACESURV47a_W43,female,0.35325963672702126,Inferred from name,0.6898666431221401,-0.3366070063951188
RACESURV47b_W43,male,0.32947865996372905,Inferred from name,0.4838258723338563,-0.15434721237012727
RACESURV47b_W43,female,0.30327153885926805,Inferred from name,0.4638864623338563,-0.16061492347458822
RACESURV47d_W43,male,0.7027085277586474,Inferred from name,0.7193480647669449,-0.016639537008297456
RACESURV47d_W43,female,0.557736545076506,Inferred from name,0.717295164766945,-0.15955861969043894
RACESURV47e_W43,male,0.9186172632498125,Inferred from name,0.9115958776278903,0.007021385621922227
RACESURV47e_W43,female,0.5955991099652885,Inferred from name,0.7201741944125734,-0.12457508444728482
RACESURV47f_W43,male,0.3384194904621083,Inferred from name,0.5064498686522887,-0.1680303781901804
RACESURV47f_W43,female,0.2968642197900757,Inferred from name,0.4976059085631931,-0.20074168877311738
RACESURV48_W43,male,0.7123952925997585,Inferred from name,0.5791117555601482,0.13328353703961038
RACESURV48_W43,female,0.9955466230800958,Inferred from name,0.28288663556014804,0.7126599875199477
RACESURV51_W43,male,0.03211769001436324,Inferred from name,0.036188020878614,-0.004070330864250765
RACESURV51_W43,female,0.046656772437252775,Inferred from name,0.0688174298975684,-0.02216065746031562
RACESURV52_W43,male,0.31718929686088015,Inferred from name,0.10634871431653299,0.21084058254434718
RACESURV52_W43,female,0.20569682110269005,Inferred from name,0.08180845850809472,0.12388836259459533
RACESURV5a_W43,male,0.9466027833447047,Inferred from name,0.8897047726518165,0.056898010692888246
RACESURV5a_W43,female,1.01655194254509,Inferred from name,0.9676593065055867,0.04889263603950322
RACESURV5b_W43,male,0.24704265675671336,Inferred from name,0.17978456447276842,0.06725809228394494
RACESURV5b_W43,female,0.22862823912059527,Inferred from name,0.16610649149428303,0.06252174762631224
RACESURV5d_W43,male,1.036146541952871,Inferred from name,1.0411366369687765,-0.004990095015905416
RACESURV5d_W43,female,1.0073438938733934,Inferred from name,1.0333042969687765,-0.025960403095383056
RACESURV5e_W43,male,0.5988625088244672,Inferred from name,0.5208770207168552,0.07798548810761208
RACESURV5e_W43,female,0.5750037610401966,Inferred from name,0.49880241740703163,0.07620134363316494
RACESURV5f_W43,male,0.7432520027737473,Inferred from name,0.7049862049998237,0.03826579777392358
RACESURV5f_W43,female,0.7484265240020567,Inferred from name,0.6832725292429673,0.06515399475908934
RACESURV5g_W43,male,0.341742817929745,Inferred from name,0.42583014859982826,-0.08408733067008328
RACESURV5g_W43,female,0.42623652149690494,Inferred from name,0.4349682186912089,-0.008731697194303945
RACESURV5h_W43,male,0.9249616711776121,Inferred from name,0.7585691939684042,0.1663924772092079
RACESURV5h_W43,female,0.8622026550824645,Inferred from name,0.7615261926592548,0.10067646242320971
RACESURV5i_W43,male,1.8224953662499999,Inferred from name,1.4040773126099753,0.4184180536400246
RACESURV5i_W43,female,2.2548208533676672,Inferred from name,1.7484744546032362,0.506346398764431
RACESURV5j_W43,male,1.2539534933057932,Inferred from name,0.8069829250000002,0.44697056830579296
RACESURV5j_W43,female,1.0896010423646163,Inferred from name,0.5773705599999999,0.5122304823646164
RACESURV5l_W43,male,1.5834986787593532,Inferred from name,1.4437753367944848,0.13972334196486846
RACESURV5l_W43,female,1.517075820577812,Inferred from name,1.3927917667944847,0.12428405378332741
RACESURV9_W43,male,1.4315770925301772,Inferred from name,0.8822307646723161,0.5493463278578611
RACESURV9_W43,female,1.1076232275089282,Inferred from name,0.8601880102419355,0.2474352172669927
INFOCHALa_W45,male,1.4642994047730116,Inferred from name,0.4801725584973857,0.9841268462756259
INFOCHALa_W45,female,1.4405247014225386,Inferred from name,0.44221921849738566,0.998305482925153
INFOCREATEa_W45,male,2.0372380277883178,Inferred from name,2.092186961229108,-0.05494893344079044
INFOCREATEa_W45,female,2.0201940919194326,Inferred from name,2.119873231229108,-0.09967913930967542
MADEUPOFT_W45,male,1.7207024778512081,Inferred from name,0.6280482146053494,1.0926542632458587
MADEUPOFT_W45,female,1.7855699180913382,Inferred from name,0.6594428993668033,1.126127018724535
MADEUPTOPICb_W45,male,1.0222866594902977,Inferred from name,0.3184804034366422,0.7038062560536555
MADEUPTOPICb_W45,female,1.2283021135020364,Inferred from name,0.24346454439303344,0.984837569109003
MADEUPTOPICc_W45,male,0.7026715519999999,Inferred from name,0.8805602676816221,-0.17788871568162223
MADEUPTOPICc_W45,female,0.6867491052270943,Inferred from name,0.9081564676816222,-0.22140736245452786
MADEUPTOPICd_W45,male,1.326693414500235,Inferred from name,0.6141022026626175,0.7125912118376174
MADEUPTOPICd_W45,female,1.258546846201991,Inferred from name,0.6527352026626174,0.6058116435393737
NEWSPROBd_W45,male,0.7294742493315961,Inferred from name,0.6377507505235114,0.09172349880808472
NEWSPROBd_W45,female,0.8459834856033338,Inferred from name,0.7120494777748845,0.13393400782844933
NEWSPROBe_W45,male,1.0866791025395455,Inferred from name,0.3581035637741002,0.7285755387654453
NEWSPROBe_W45,female,0.9447028915444607,Inferred from name,0.3934630751103023,0.5512398164341584
NEWS_PLATFORMg_W45,male,0.49417144327339996,Inferred from name,0.6491748361738582,-0.15500339290045823
NEWS_PLATFORMg_W45,female,0.935921634178268,Inferred from name,0.48048382617385815,0.45543780800440986
SMLIKESb_W45,male,0.42523135026295944,Inferred from name,0.8532907049320553,-0.42805935466909584
SMLIKESb_W45,female,0.479268178535775,Inferred from name,0.9325861949320551,-0.45331801639628005
SMLIKESf_W45,male,0.46157619568024333,Inferred from name,1.1481573801992415,-0.6865811845189982
SMLIKESf_W45,female,0.6682359779978492,Inferred from name,1.2331058944904525,-0.5648699164926033
BENEFITGOV_W49,male,0.7727130679923909,Inferred from name,1.017050492575206,-0.24433742458281504
BENEFITGOV_W49,female,0.6091304505309558,Inferred from name,0.8984545778473545,-0.28932412731639867
CONCERNCO_W49,male,1.084559616308106,Inferred from name,0.8348969548285274,0.2496626614795785
CONCERNCO_W49,female,1.3102411958642315,Inferred from name,0.8995534252760821,0.4106877705881494
CONCERNGRPa_W49,male,0.3390179675687898,Inferred from name,0.5884509600000001,-0.24943299243121025
CONCERNGRPa_W49,female,0.33453275121341164,Inferred from name,0.74900962,-0.4144768687865884
CONCERNGRPc_W49,male,0.3589217205498277,Inferred from name,0.2967406158943892,0.06218110465543847
CONCERNGRPc_W49,female,0.37452776896208917,Inferred from name,0.31768946589438934,0.056838303067699825
CONTROLCO_W49,male,0.260082631561322,Inferred from name,0.779918813984465,-0.519836182423143
CONTROLCO_W49,female,0.09130558665703394,Inferred from name,0.7481330639844651,-0.6568274773274312
CONTROLGRPc_W49,male,0.32170445667492464,Inferred from name,0.30503630104130464,0.016668155633620008
CONTROLGRPc_W49,female,0.370732261589094,Inferred from name,0.35569578104130456,0.015036480547789444
DATAUSEd_W49,male,0.2851803226552051,Inferred from name,0.21109935244808864,0.07408097020711646
DATAUSEd_W49,female,0.30090384555253535,Inferred from name,0.2158651124480886,0.08503873310444676
FACE3c_W49,male,0.5072424528030957,Inferred from name,0.5548850384730036,-0.04764258566990798
FACE3c_W49,female,0.6911368178715478,Inferred from name,0.6401176648142891,0.05101915305725868
GOVREGV1_W49,male,0.19970516678644873,Inferred from name,0.20960054392948757,-0.009895377143038842
GOVREGV1_W49,female,0.2834970372916864,Inferred from name,0.20081613235032864,0.08268090494135777
HOMEASSIST2_W49,male,0.5843111173455957,Inferred from name,0.6606542243116467,-0.07634310696605096
HOMEASSIST2_W49,female,0.7230412112481499,Inferred from name,0.7323503936592344,-0.009309182411084471
HOMEASSIST3_W49,male,1.2177877621056816,Inferred from name,1.3166009936036192,-0.09881323149793753
HOMEASSIST3_W49,female,0.8919440509067761,Inferred from name,1.036316243603619,-0.14437219269684298
HOMEASSIST4_W49,male,0.5379860416201397,Inferred from name,0.8085015419149846,-0.27051550029484484
HOMEASSIST4_W49,female,0.7263824937127538,Inferred from name,0.7919364133627094,-0.0655539196499556
PP5e_W49,male,0.1896092790396952,Inferred from name,0.5239882214333622,-0.334378942393667
PP5e_W49,female,0.40944493961983996,Inferred from name,0.5763772464320305,-0.1669323068121905
PWMAN2_W49,male,1.4353533756542252,Inferred from name,1.41504473284947,0.020308642804755195
PWMAN2_W49,female,1.3547591342226428,Inferred from name,1.487737790249938,-0.1329786560272952
SMARTAPP_W49,male,0.951580839216198,Inferred from name,0.9004626814064294,0.05111815780976858
SMARTAPP_W49,female,1.0372194498288232,Inferred from name,0.8823117914064293,0.15490765842239385
TRACKCO1a_W49,male,1.3931516501414962,Inferred from name,0.8322136438322224,0.5609380063092738
TRACKCO1a_W49,female,1.380894753208378,Inferred from name,0.7404113738671911,0.6404833793411868
TRACKCO1b_W49,male,0.3818321104515948,Inferred from name,0.2490477976645501,0.13278431278704472
TRACKCO1b_W49,female,0.4022727747974232,Inferred from name,0.22057447758703613,0.18169829721038705
TRACKGOV1a_W49,male,0.7110977731501289,Inferred from name,0.5633942608851924,0.1477035122649365
TRACKGOV1a_W49,female,0.6832676117562536,Inferred from name,0.5116474214026607,0.17162019035359288
TRACKGOV1b_W49,male,0.3652700973369874,Inferred from name,0.21124562274609482,0.15402447459089258
TRACKGOV1b_W49,female,0.43623447320443476,Inferred from name,0.22063582274609483,0.21559865045833992
COHABDUR_W50,male,0.902653550176135,Inferred from name,1.253290293992801,-0.350636743816666
COHABDUR_W50,female,0.7912744079982573,Inferred from name,1.3157187939928008,-0.5244443859945435
DNA2b_W50,male,0.5597825167751536,Inferred from name,0.530042935926355,0.029739580848798575
DNA2b_W50,female,0.5422650141552355,Inferred from name,0.546982735926355,-0.00471772177111951
DNA5_W50,male,0.6576558458485144,Inferred from name,0.6798103166561713,-0.022154470807656867
DNA5_W50,female,0.6647436148606045,Inferred from name,0.6895848166561713,-0.024841201795566814
E5MOD_W50,male,0.649964828202344,Inferred from name,0.6196102955963567,0.030354532605987306
E5MOD_W50,female,0.9536835448981039,Inferred from name,0.34562508559635674,0.6080584593017472
FAMSURV10c_W50,male,0.3906060922320247,Inferred from name,0.34105738097450805,0.04954871125751664
FAMSURV10c_W50,female,0.42987801414427756,Inferred from name,0.3469643609745081,0.08291365316976945
FAMSURV16_W50,male,0.24438959062949603,Inferred from name,0.28240637019112197,-0.03801677956162594
FAMSURV16_W50,female,0.22885850150173603,Inferred from name,0.26966847019112195,-0.04080996868938591
FAMSURV1_W50,male,1.0522590189459666,Inferred from name,0.5851621309230115,0.4670968880229551
FAMSURV1_W50,female,0.9187901951228872,Inferred from name,0.3691886945164218,0.5496015006064654
FAMSURV20_W50,male,0.5083543577156848,Inferred from name,0.4605973828706081,0.04775697484507674
FAMSURV20_W50,female,0.4651330062119776,Inferred from name,0.4401052528706081,0.02502775334136953
FAMSURV23b_W50,male,0.5844372797652692,Inferred from name,0.2268975780767275,0.35753970168854166
FAMSURV23b_W50,female,0.8362798176924972,Inferred from name,0.33200678283338725,0.5042730348591099
FAMSURV23c_W50,male,0.7337693622995318,Inferred from name,0.9387265567403369,-0.20495719444080507
FAMSURV23c_W50,female,0.4602925823713319,Inferred from name,0.8777529567403369,-0.417460374369005
FAMSURV23d_W50,male,0.5434206308771494,Inferred from name,0.9578360271802614,-0.41441539630311197
FAMSURV23d_W50,female,0.17674434884910203,Inferred from name,0.8137129634068974,-0.6369686145577953
FAMSURV23e_W50,male,0.3267706075637763,Inferred from name,0.20206717730273077,0.12470343026104552
FAMSURV23e_W50,female,0.5143776719279118,Inferred from name,0.18755090452747913,0.3268267674004327
FAMSURV23f_W50,male,0.2925481195650203,Inferred from name,0.22434369533611292,0.06820442422890738
FAMSURV23f_W50,female,0.3987743530187067,Inferred from name,0.16298536206178404,0.23578899095692263
FAMSURV23g_W50,male,0.18651957805184702,Inferred from name,0.5471679671510207,-0.3606483890991736
FAMSURV23g_W50,female,0.17495825840086585,Inferred from name,0.5395569471510206,-0.3645986887501548
FAMSURV26a_W50,male,0.223675319493289,Inferred from name,0.6416180972901809,-0.41794277779689193
FAMSURV26a_W50,female,0.22911743769491286,Inferred from name,0.37663234729018086,-0.147514909595268
FAMSURV26b_W50,male,0.1773684013862828,Inferred from name,0.540134215517793,-0.36276581413151016
FAMSURV26b_W50,female,0.21641243490581374,Inferred from name,0.675306885517793,-0.4588944506119793
FAMSURV26c_W50,male,0.30895874687549474,Inferred from name,0.25192985158333414,0.0570288952921606
FAMSURV26c_W50,female,0.260994565514207,Inferred from name,0.3202527015833342,-0.059258136069127165
FAMSURV26d_W50,male,0.189899322461445,Inferred from name,0.5795470128626722,-0.38964769040122715
FAMSURV26d_W50,female,0.1811963782418715,Inferred from name,0.6638969028626722,-0.4827005246208007
FAMSURV29_W50,male,0.32599884985503885,Inferred from name,0.5845104465724106,-0.2585115967173717
FAMSURV29_W50,female,0.2577533220851537,Inferred from name,0.6430389389010182,-0.38528561681586443
FAMSURV2Ma_W50,male,0.4246106321444868,Inferred from name,0.3178960366044198,0.10671459554006701
FAMSURV2Ma_W50,female,0.4671078729552576,Inferred from name,0.3647216166044197,0.10238625635083787
FAMSURV2Mc_W50,male,0.47787602086368963,Inferred from name,0.4299680933627697,0.04790792750091993
FAMSURV2Mc_W50,female,0.5028727631349967,Inferred from name,0.5074361520937267,-0.004563388958729986
FAMSURV2Wa_W50,male,0.42557464861712435,Inferred from name,0.19816339930230228,0.22741124931482207
FAMSURV2Wa_W50,female,0.44392459108770577,Inferred from name,0.1929593995426562,0.2509651915450496
FAMSURV2Wc_W50,male,0.4606115820716864,Inferred from name,0.25947110107133503,0.20114048100035137
FAMSURV2Wc_W50,female,0.48807575330429875,Inferred from name,0.25302787107133506,0.2350478822329637
FAMSURV32e_W50,male,1.7796706491890073,Inferred from name,2.2549374370656263,-0.475266787876619
FAMSURV32e_W50,female,1.0957049936673893,Inferred from name,1.9794206670656262,-0.883715673398237
FAMSURV39_W50,male,0.38537044950652277,Inferred from name,0.991348947979104,-0.6059784984725812
FAMSURV39_W50,female,0.733864279853585,Inferred from name,1.355555667979104,-0.621691388125519
FAMSURV3_W50,male,0.9979862923470675,Inferred from name,0.9317094690707111,0.06627682327635642
FAMSURV3_W50,female,0.912165174204171,Inferred from name,0.9029244690707111,0.00924070513345987
FAMSURV40_W50,male,0.6218510424685646,Inferred from name,1.1636073416360735,-0.5417562991675089
FAMSURV40_W50,female,0.49430414085801533,Inferred from name,1.1492233348266936,-0.6549191939686783
FAMSURV43_W50,male,0.9419058015774855,Inferred from name,0.5983140978036752,0.3435917037738103
FAMSURV43_W50,female,1.3127064929975552,Inferred from name,0.5801146441988534,0.7325918487987018
FAMSURV44_W50,male,0.9940015836220518,Inferred from name,0.5582361355823613,0.43576544803969053
FAMSURV44_W50,female,1.0258455650129708,Inferred from name,0.5397146940620222,0.48613087095094853
FAMSURV6_W50,male,0.43288587529837586,Inferred from name,0.7865324899999999,-0.35364661470162406
FAMSURV6_W50,female,0.4153503722518785,Inferred from name,0.8066286115901931,-0.39127823933831457
FAMSURV9c_W50,male,0.34083582352401565,Inferred from name,0.19857603902763704,0.1422597844963786
FAMSURV9c_W50,female,0.3028749887108306,Inferred from name,0.18403450387719433,0.11884048483363624
FATHER_W50,male,0.28956338861683534,Inferred from name,0.15592723000000003,0.1336361586168353
FATHER_W50,female,0.2920946914674184,Inferred from name,0.1793732,0.11272149146741839
HAVEKIDS1_W50,male,0.6494067614098809,Inferred from name,1.4341164499999999,-0.784709688590119
HAVEKIDS1_W50,female,0.6466330494946371,Inferred from name,1.6648240827653904,-1.0181910332707533
MARRDUR_W50,male,1.333921353353214,Inferred from name,1.2051027075637895,0.12881864578942448
MARRDUR_W50,female,1.4397983168894712,Inferred from name,1.2382454875637892,0.20155282932568208
MARRYPREF1_W50,male,0.2251518593994848,Inferred from name,0.1308211869420186,0.09433067245746618
MARRYPREF1_W50,female,0.274632788055604,Inferred from name,0.1498705319420186,0.12476225611358538
MARRYPREF2_W50,male,0.2195867755324171,Inferred from name,0.39962724951641004,-0.18004047398399295
MARRYPREF2_W50,female,0.24908991433029415,Inferred from name,0.43568883451641,-0.18659892018611585
MOTHER_W50,male,0.186164631214922,Inferred from name,0.06515544664270767,0.12100918457221432
MOTHER_W50,female,0.1485143188910607,Inferred from name,0.04213998664270768,0.10637433224835302
PAR1_W50,male,0.10518641563473649,Inferred from name,0.19743545218628203,-0.09224903655154554
PAR1_W50,female,0.07966028642074227,Inferred from name,0.17077943329220568,-0.09111914687146341
PAR2_W50,male,0.06217918808018581,Inferred from name,0.22044301242192113,-0.1582638243417353
PAR2_W50,female,0.09381161651936396,Inferred from name,0.26656169742192126,-0.1727500809025573
ROMRELDUR_W50,male,0.7142813248951395,Inferred from name,1.0028628475652703,-0.2885815226701308
ROMRELDUR_W50,female,0.9454674323479058,Inferred from name,0.9598674175652703,-0.01439998521736452
ROMRELSER_W50,male,1.385803704926845,Inferred from name,2.33746724,-0.951663535073155
ROMRELSER_W50,female,1.4225912505560236,Inferred from name,2.44888188,-1.0262906294439764
SATLIFEc_W50,male,0.5998308885888775,Inferred from name,0.9007436209925637,-0.3009127324036862
SATLIFEc_W50,female,0.517120271710064,Inferred from name,0.8009908340015506,-0.28387056229148655
ECIMPg_W54,male,0.27374165554502794,Inferred from name,0.3758366447467152,-0.10209498920168725
ECIMPg_W54,female,0.3262611847786617,Inferred from name,0.39695739065049884,-0.07069620587183717
ECON1_W54,male,0.5858674500517266,Inferred from name,0.7654823442540236,-0.17961489420229704
ECON1_W54,female,0.48760178471732185,Inferred from name,0.9183533342540237,-0.4307515495367018
ECON3_d_W54,male,0.5910445637127328,Inferred from name,0.7283466744081915,-0.1373021106954586
ECON3_d_W54,female,0.9159839282738279,Inferred from name,0.8671703844081917,0.04881354386563619
ECON4_a_W54,male,0.6353801033851464,Inferred from name,0.6238190756253408,0.011561027759805609
ECON4_a_W54,female,0.8131398178335784,Inferred from name,0.6072497440807252,0.20589007375285318
ECON4_b_W54,male,0.31569874261228026,Inferred from name,0.5411298446104478,-0.22543110199816752
ECON4_b_W54,female,0.4781741229789135,Inferred from name,0.516341284057483,-0.038167161078569545
ECON4_e_W54,male,0.7875409199632293,Inferred from name,0.6796423124988056,0.1078986074644237
ECON4_e_W54,female,0.9749603205739462,Inferred from name,0.6864890324303383,0.2884712881436079
ECON4_f_W54,male,0.6083952581571683,Inferred from name,0.6279511370022013,-0.01955587884503296
ECON4_f_W54,female,0.9543738105417777,Inferred from name,0.7321643024970158,0.22220950804476192
ECON4_g_W54,male,0.30567373236964007,Inferred from name,0.5731994841018789,-0.26752575173223886
ECON4_g_W54,female,0.553506235905004,Inferred from name,0.6260271641018791,-0.07252092819687506
ECON5_b_W54,male,1.0110698373995948,Inferred from name,0.43033018569669834,0.5807396517028964
ECON5_b_W54,female,0.9839109847787557,Inferred from name,0.47092874767291176,0.5129822371058439
ECON5_c_W54,male,0.2985974028045125,Inferred from name,0.7773282652680223,-0.4787308624635098
ECON5_c_W54,female,0.2804677066986579,Inferred from name,0.9878331783263201,-0.7073654716276623
ECON5_d_W54,male,0.48300505168961183,Inferred from name,1.1458710329681716,-0.6628659812785598
ECON5_d_W54,female,0.5594976875090385,Inferred from name,1.4263344129681716,-0.8668367254591332
ECON5_e_W54,male,0.28071938393335794,Inferred from name,0.9778672438968783,-0.6971478599635204
ECON5_e_W54,female,0.3823534338839526,Inferred from name,1.296684012964412,-0.9143305790804593
ECON5_f_W54,male,0.27574045037810585,Inferred from name,0.8445516510628998,-0.5688112006847938
ECON5_f_W54,female,0.3077293835191056,Inferred from name,1.0339930434115887,-0.7262636598924831
ECON5_g_W54,male,0.8551163733207942,Inferred from name,0.8793833212061668,-0.024266947885372647
ECON5_g_W54,female,0.7206196030568846,Inferred from name,0.7248141945248567,-0.004194591467972186
ECON5_h_W54,male,0.9217913368762065,Inferred from name,0.5970781638152209,0.32471317306098557
ECON5_h_W54,female,0.7911076073672673,Inferred from name,0.36005612712227,0.4310514802449973
ECON5_i_W54,male,1.2962024113059751,Inferred from name,0.4907688455576148,0.8054335657483603
ECON5_i_W54,female,0.7301615299632342,Inferred from name,0.301269803012698,0.42889172695053623
ECON5_j_W54,male,0.4707964781243945,Inferred from name,0.9422850746633719,-0.47148859653897734
ECON5_j_W54,female,0.4270248967727476,Inferred from name,1.174621063108285,-0.7475961663355374
ECON5_k_W54,male,0.5369249235725431,Inferred from name,0.5715049657150495,-0.03458004214250643
ECON5_k_W54,female,0.4617518170306749,Inferred from name,0.6469039595213731,-0.18515214249069822
FIN_SIT_W54,male,0.9217560536958889,Inferred from name,0.9272642663576375,-0.005508212661748613
FIN_SIT_W54,female,0.8046508609999997,Inferred from name,0.7999515263576372,0.004699334642362496
GOVPRIORITYb_W54,male,1.6523968255833446,Inferred from name,1.443103929897724,0.2092928956856206
GOVPRIORITYb_W54,female,1.5483295409799473,Inferred from name,1.3819294193776712,0.16640012160227613
GOVPRIORITYc_W54,male,0.8542406312796001,Inferred from name,0.5866683042460665,0.2675723270335336
GOVPRIORITYc_W54,female,1.1835983851062504,Inferred from name,0.7198341589747167,0.4637642261315337
GOVPRIORITYd_W54,male,0.905064493633585,Inferred from name,0.7841822882014677,0.12088220543211725
GOVPRIORITYd_W54,female,1.1547286066136888,Inferred from name,0.9662530990649356,0.1884755075487532
GOVPRIORITYf_W54,male,1.3632016292804314,Inferred from name,1.4633525924330981,-0.1001509631526667
GOVPRIORITYf_W54,female,1.5328577275751036,Inferred from name,1.747064812433098,-0.21420708485799445
INEQ11_W54,male,0.5981087714642348,Inferred from name,0.3267314665182209,0.2713773049460139
INEQ11_W54,female,0.6674571110510955,Inferred from name,0.37536564651822085,0.29209146453287466
INEQ1_W54,male,0.1638683894089644,Inferred from name,0.104148415,0.0597199744089644
INEQ1_W54,female,0.24921712973148138,Inferred from name,0.06402700500000003,0.18519012473148136
INEQ4_a_W54,male,1.129803969546773,Inferred from name,0.7594683503081042,0.37033561923866876
INEQ4_a_W54,female,1.4063418804954426,Inferred from name,0.789027396390636,0.6173144841048066
INEQ5_a_W54,male,0.5729176143442675,Inferred from name,0.3182517333978065,0.254665880946461
INEQ5_a_W54,female,0.8454054276961992,Inferred from name,0.30522243999999976,0.5401829876961994
INEQ5_d_W54,male,0.33331156187682354,Inferred from name,1.2070703297838288,-0.8737587679070052
INEQ5_d_W54,female,0.34081330282019795,Inferred from name,1.1130591397838288,-0.7722458369636308
INEQ5_e_W54,male,0.29260819292085016,Inferred from name,0.8843532334148473,-0.5917450404939971
INEQ5_e_W54,female,0.5814504296975435,Inferred from name,0.7248269034148471,-0.14337647371730367
INEQ5_f_W54,male,0.3167919086692517,Inferred from name,0.3243709279305356,-0.007579019261283904
INEQ5_f_W54,female,0.35632038830969076,Inferred from name,0.31912508005682055,0.03719530825287021
INEQ5_h_W54,male,0.7195500723185578,Inferred from name,0.27351082221984885,0.446039250098709
INEQ5_h_W54,female,0.844079270601593,Inferred from name,0.29630126244775284,0.5477780081538401
INEQ5_i_W54,male,0.6144064275771399,Inferred from name,0.41998988920454877,0.19441653837259115
INEQ5_i_W54,female,0.8755900049329023,Inferred from name,0.4507762123051889,0.4248137926277134
INEQ5_k_W54,male,0.8408314380972319,Inferred from name,0.7094982030210887,0.13133323507614325
INEQ5_k_W54,female,0.7047956037120224,Inferred from name,0.3784825790730544,0.32631302463896805
INEQ5_l_W54,male,0.6159665140906333,Inferred from name,0.5373487290334221,0.07861778505721118
INEQ5_l_W54,female,0.7811515272321987,Inferred from name,0.7018628090334222,0.07928871819877648
INEQ5_m_W54,male,0.6911165046579558,Inferred from name,0.7893308852883598,-0.098214380630404
INEQ5_m_W54,female,0.8605598026955772,Inferred from name,0.9336742000000001,-0.07311439730442293
INEQ8_a_W54,male,0.7405130709176798,Inferred from name,0.6828139633253171,0.05769910759236274
INEQ8_a_W54,female,1.2255209852395361,Inferred from name,1.0267956723157288,0.19872531292380735
INEQ8_b_W54,male,0.8638155398263488,Inferred from name,1.2006893545264106,-0.3368738147000617
INEQ8_b_W54,female,1.2257195596575325,Inferred from name,1.4865796145264105,-0.260860054868878
INEQ8_c_W54,male,0.8082343789944528,Inferred from name,0.9709580118593049,-0.16272363286485203
INEQ8_c_W54,female,1.2120500776379055,Inferred from name,1.1874471818593046,0.024602895778600864
INEQ8_d_W54,male,0.8102768724472308,Inferred from name,0.9777569685080181,-0.1674800960607873
INEQ8_d_W54,female,1.1193195921498917,Inferred from name,1.1610976000000002,-0.041778007850108434
INEQ8_f_W54,male,1.0585764463553853,Inferred from name,1.3504719421338356,-0.2918954957784503
INEQ8_f_W54,female,1.4239198337607037,Inferred from name,1.6148968094895872,-0.1909769757288835
INEQ8_g_W54,male,0.7461533769899323,Inferred from name,0.7690456313729365,-0.02289225438300413
INEQ8_g_W54,female,1.2026603547259898,Inferred from name,1.0793340813729362,0.12332627335305357
INEQ8_h_W54,male,0.8987194375888621,Inferred from name,0.5974545588498774,0.30126487873898466
INEQ8_h_W54,female,0.9047341479080804,Inferred from name,0.6921422288498774,0.21259191905820296
INEQ8_i_W54,male,0.5114816777995248,Inferred from name,0.6856150067613441,-0.17413332896181932
INEQ8_i_W54,female,0.9475981793487331,Inferred from name,0.9435021877311542,0.004095991617578898
INEQ8_j_W54,male,0.6192898872704885,Inferred from name,0.7969836404743887,-0.17769375320390024
INEQ8_j_W54,female,0.8538120300023153,Inferred from name,0.9005913781195007,-0.046779348117185426
JOBTRAIN_W54,male,0.8646654953238729,Inferred from name,0.2844294732905447,0.5802360220333282
JOBTRAIN_W54,female,0.9800702276898448,Inferred from name,0.283192030223125,0.6968781974667198
WORRY2a_W54,male,0.5167650558033389,Inferred from name,0.9428182671432698,-0.4260532113399309
WORRY2a_W54,female,0.7783402149010016,Inferred from name,1.2381881902393346,-0.459847975338333
WORRY2b_W54,male,0.52196550555356,Inferred from name,0.3878204290272875,0.1341450765262725
WORRY2b_W54,female,0.43099300355060194,Inferred from name,0.4021552490272877,0.02883775452331422
WORRY2c_W54,male,0.4453063265628605,Inferred from name,0.8444683668198607,-0.3991620402570002
WORRY2c_W54,female,0.6810778268953873,Inferred from name,1.1305128268198605,-0.4494349999244732
WORRY2d_W54,male,0.4033265882263851,Inferred from name,0.4848096569677832,-0.0814830687413981
WORRY2d_W54,female,0.7264966461988116,Inferred from name,0.6157477523006795,0.11074889389813214
WORRY2e_W54,male,0.6046865612444032,Inferred from name,0.8413612674875822,-0.236674706243179
WORRY2e_W54,female,0.8461259463277561,Inferred from name,1.0448027874875825,-0.19867684115982642
GAP21Q10_W82,male,0.29824394724189235,Inferred from name,0.2700277285113517,0.028216218730540643
GAP21Q10_W82,female,0.35169467921422476,Inferred from name,0.2640369085113517,0.08765777070287306
GAP21Q13_b_W82,male,0.9999551519864595,Inferred from name,1.1419510199999996,-0.14199586801354014
GAP21Q13_b_W82,female,1.117814399448947,Inferred from name,1.2101209699999997,-0.09230657055105285
GAP21Q15_a_W82,male,1.2131490903733875,Inferred from name,0.7260422699507099,0.4871068204226776
GAP21Q15_a_W82,female,1.1117641690731457,Inferred from name,0.6922897402061453,0.41947442886700037
GAP21Q15_b_W82,male,0.5041315093826093,Inferred from name,0.8496091927476235,-0.34547768336501417
GAP21Q15_b_W82,female,0.47755649832401087,Inferred from name,0.6686198645575167,-0.19106336623350578
GAP21Q15_c_W82,male,0.5609648443396513,Inferred from name,0.8385577034681952,-0.2775928591285439
GAP21Q15_c_W82,female,0.530081314656819,Inferred from name,0.7027212145178828,-0.17263989986106387
GAP21Q15_d_W82,male,0.3091016592992293,Inferred from name,1.476937656353699,-1.1678359970544696
GAP21Q15_d_W82,female,0.40483360349218345,Inferred from name,0.9910338652526759,-0.5862002617604924
GAP21Q15_e_W82,male,0.5452482888320831,Inferred from name,0.9862744922705523,-0.4410262034384692
GAP21Q15_e_W82,female,0.499351644741667,Inferred from name,0.6678576722705523,-0.16850602752888527
GAP21Q15_f_W82,male,0.4252614619411923,Inferred from name,1.1374691415665028,-0.7122076796253105
GAP21Q15_f_W82,female,0.407105685845241,Inferred from name,0.7926560341176617,-0.38555034827242074
GAP21Q17_W82,male,0.5765188795003104,Inferred from name,0.6281615529370244,-0.051642673436713915
GAP21Q17_W82,female,0.6732156216881977,Inferred from name,0.6492536479129999,0.02396197377519782
GAP21Q19_a_W82,male,1.4925551314273466,Inferred from name,0.7562819668078393,0.7362731646195073
GAP21Q19_a_W82,female,1.6946604888889976,Inferred from name,0.9249953568078391,0.7696651320811585
GAP21Q19_b_W82,male,0.5366567540223788,Inferred from name,1.6327511565585393,-1.0960944025361605
GAP21Q19_b_W82,female,0.29642116846897426,Inferred from name,1.4485912003088406,-1.1521700318398662
GAP21Q19_c_W82,male,0.33542490464251273,Inferred from name,0.8685775699999999,-0.5331526653574872
GAP21Q19_c_W82,female,0.2631098779365283,Inferred from name,0.8143969099999999,-0.5512870320634716
GAP21Q19_d_W82,male,0.7326757621010376,Inferred from name,0.5957659756459681,0.13690978645506946
GAP21Q19_d_W82,female,0.7402512358983959,Inferred from name,0.6528447265284472,0.08740650936994876
GAP21Q19_e_W82,male,0.7715854707892811,Inferred from name,0.6400394599999999,0.1315460107892812
GAP21Q19_e_W82,female,0.8203047671696901,Inferred from name,0.60781171,0.21249305716969014
GAP21Q21_a_W82,male,0.49268606723834435,Inferred from name,0.2771923719373166,0.21549369530102774
GAP21Q21_a_W82,female,0.7285723568277427,Inferred from name,0.28080041193731664,0.44777194489042604
GAP21Q21_e_W82,male,0.3734417603482358,Inferred from name,0.7545182896018341,-0.3810765292535983
GAP21Q21_e_W82,female,0.408316313824298,Inferred from name,0.7450609725493903,-0.3367446587250923
GAP21Q23_W82,male,1.7413649101197277,Inferred from name,1.145692546810189,0.5956723633095387
GAP21Q23_W82,female,2.006373441118093,Inferred from name,1.4184832368101892,0.587890204307904
GAP21Q24_W82,male,0.2932116930092243,Inferred from name,0.5721152401886037,-0.27890354717937943
GAP21Q24_W82,female,0.6172774481391479,Inferred from name,0.5464459699319111,0.07083147820723679
GAP21Q25_W82,male,0.8786687990372053,Inferred from name,0.4761542986435919,0.4025145003936134
GAP21Q25_W82,female,1.1969825766739324,Inferred from name,0.6177706286435918,0.5792119480303406
GAP21Q26_a_W82,male,0.5546147254100725,Inferred from name,0.85814784,-0.3035331145899275
GAP21Q26_a_W82,female,0.43507609352047644,Inferred from name,0.8811806499999998,-0.44610455647952335
GAP21Q26_b_W82,male,0.43350510326849334,Inferred from name,1.4323695590860652,-0.9988644558175719
GAP21Q26_b_W82,female,0.6875534592066549,Inferred from name,1.2440928690860655,-0.5565394098794106
GAP21Q26_c_W82,male,0.6669509166378834,Inferred from name,0.8907878548402934,-0.22383693820241002
GAP21Q26_c_W82,female,0.27538249680413185,Inferred from name,0.6328903748402934,-0.3575078780361616
GAP21Q27_W82,male,0.25859303485509233,Inferred from name,0.20319522320980263,0.0553978116452897
GAP21Q27_W82,female,0.24460785341217767,Inferred from name,0.15697183820980265,0.08763601520237502
GAP21Q28_W82,male,0.3979927104612644,Inferred from name,0.5273664601502546,-0.12937374968899018
GAP21Q28_W82,female,0.67272533531934,Inferred from name,0.6524161602303127,0.020309175089027298
GAP21Q31_W82,male,0.9367414903632689,Inferred from name,0.4034561986474989,0.53328529171577
GAP21Q31_W82,female,1.1220221459058346,Inferred from name,0.35404180555791465,0.76798034034792
GAP21Q32_W82,male,0.4319018824351567,Inferred from name,0.6099859001237664,-0.1780840176886097
GAP21Q32_W82,female,0.38134935150000004,Inferred from name,0.539971048353256,-0.158621696853256
GAP21Q33_c_W82,male,0.5368370837172413,Inferred from name,0.1836574744268189,0.35317960929042236
GAP21Q33_c_W82,female,0.8172825677296259,Inferred from name,0.23089556442681874,0.5863870033028071
GAP21Q33_g_W82,male,0.7890563280316387,Inferred from name,0.5678921863345814,0.22116414169705734
GAP21Q33_g_W82,female,0.5870702797956378,Inferred from name,0.5089306538797163,0.0781396259159215
GAP21Q33_i_W82,male,0.5770388409193203,Inferred from name,0.3585564030173392,0.21848243790198113
GAP21Q33_i_W82,female,0.6495987836497988,Inferred from name,0.27098640914766275,0.3786123745021361
GAP21Q33_j_W82,male,0.5953957222834942,Inferred from name,0.3620609784904006,0.23333474379309366
GAP21Q33_j_W82,female,0.9132549333847516,Inferred from name,0.2288566098224441,0.6843983235623075
GAP21Q33_m_W82,male,1.1982414457293378,Inferred from name,0.30112381517904974,0.897117630550288
GAP21Q33_m_W82,female,1.2874174148061888,Inferred from name,0.3505594578786928,0.936857956927496
GAP21Q33_n_W82,male,0.5119359602832831,Inferred from name,0.8043846681871629,-0.2924487079038798
GAP21Q33_n_W82,female,0.5001791655765001,Inferred from name,0.7516578181871629,-0.2514786526106628
GAP21Q33_q_W82,male,0.6809725045650855,Inferred from name,0.3723422744062884,0.3086302301587971
GAP21Q33_q_W82,female,0.7601509619143664,Inferred from name,0.26092544000000006,0.4992255219143663
GAP21Q33_r_W82,male,0.4768957454818679,Inferred from name,0.2579246999999999,0.21897104548186802
GAP21Q33_r_W82,female,0.682678653008488,Inferred from name,0.2879798599999999,0.39469879300848804
GAP21Q33_s_W82,male,0.390651416377057,Inferred from name,0.23701981241688935,0.15363160396016767
GAP21Q33_s_W82,female,0.487935819190192,Inferred from name,0.33459747460354095,0.15333834458665108
GAP21Q34_a_W82,male,0.815129920041109,Inferred from name,0.6861222244210106,0.1290076956200984
GAP21Q34_a_W82,female,0.723584925664609,Inferred from name,0.5409496929178336,0.1826352327467754
GAP21Q34_b_W82,male,1.4083396991689665,Inferred from name,1.47973373891553,-0.07139403974656355
GAP21Q34_b_W82,female,0.9425797106977372,Inferred from name,1.5885207558852077,-0.6459410451874705
GAP21Q34_c_W82,male,1.3412814678067293,Inferred from name,1.1650915971853273,0.176189870621402
GAP21Q34_c_W82,female,1.1288951008899335,Inferred from name,1.351776471650809,-0.22288137076087544
GAP21Q34_d_W82,male,0.4736878053662247,Inferred from name,0.7891397457547006,-0.3154519403884759
GAP21Q34_d_W82,female,0.62554739706135,Inferred from name,0.6094094689106965,0.016137928150653513
GAP21Q34_e_W82,male,0.7902949167372981,Inferred from name,0.40750096711211403,0.3827939496251841
GAP21Q34_e_W82,female,0.824135626042552,Inferred from name,0.40360001711211396,0.420535608930438
GAP21Q34_f_W82,male,0.5263698766352878,Inferred from name,0.5847113122130483,-0.0583414355777605
GAP21Q34_f_W82,female,0.5899920119050199,Inferred from name,0.40400181710877536,0.18599019479624457
GAP21Q38_a_W82,male,0.5122466396245327,Inferred from name,0.6248440210537478,-0.11259738142921516
GAP21Q38_a_W82,female,0.7974343135559477,Inferred from name,0.6646877110537477,0.13274660250220005
GAP21Q38_b_W82,male,0.32461720297849983,Inferred from name,0.5321750256367945,-0.2075578226582947
GAP21Q38_b_W82,female,0.807900667623869,Inferred from name,0.6862217289082106,0.12167893871565838
GAP21Q38_c_W82,male,0.37636346945063154,Inferred from name,0.4349318066423056,-0.058568337191674036
GAP21Q38_c_W82,female,0.7574733377734097,Inferred from name,0.5894384466423055,0.16803489113110426
GAP21Q41_W82,male,0.6384849890797271,Inferred from name,1.087589357862898,-0.44910436878317084
GAP21Q41_W82,female,0.6631438882747501,Inferred from name,1.119572617862898,-0.45642872958814784
GAP21Q43_g_W82,male,1.0175888767064256,Inferred from name,0.46082400496608,0.5567648717403456
GAP21Q43_g_W82,female,1.181661891157503,Inferred from name,0.42871812775665324,0.7529437634008498
GAP21Q47_W82,male,1.2517896753011044,Inferred from name,1.0633034806861523,0.18848619461495209
GAP21Q47_W82,female,1.1712403672959275,Inferred from name,0.9829269906861524,0.1883133766097751
GAP21Q4_a_W82,male,1.2079397465815034,Inferred from name,1.3817374009041656,-0.17379765432266225
GAP21Q4_a_W82,female,1.0884373217740708,Inferred from name,1.3023510800000002,-0.2139137582259294
GAP21Q4_b_W82,male,0.3898305743335124,Inferred from name,0.5790930190463254,-0.18926244471281295
GAP21Q4_b_W82,female,0.4026182958978976,Inferred from name,0.6735183122558833,-0.2709000163579857
GAP21Q4_c_W82,male,0.9156641585411791,Inferred from name,1.048080349542618,-0.13241619100143898
GAP21Q4_c_W82,female,0.7884139793151191,Inferred from name,0.9744595695426179,-0.18604559022749878
GAP21Q4_d_W82,male,0.8910223058244187,Inferred from name,1.0648544422087047,-0.17383213638428607
GAP21Q4_d_W82,female,0.8669816716067406,Inferred from name,1.094683352506994,-0.22770168090025333
GAP21Q4_e_W82,male,0.7046136441915243,Inferred from name,0.770529333180653,-0.0659156889891287
GAP21Q4_e_W82,female,0.7676481669545615,Inferred from name,0.7388158241196912,0.02883234283487035
GAP21Q4_f_W82,male,0.8748963093979587,Inferred from name,1.1828971069249987,-0.30800079752704
GAP21Q4_f_W82,female,0.786091362614062,Inferred from name,1.1433951787581034,-0.3573038161440414
GAP21Q7_a_W82,male,0.8709549774052145,Inferred from name,0.9515164072310152,-0.08056142982580061
GAP21Q7_a_W82,female,0.5171804870774026,Inferred from name,0.8659500472310153,-0.3487695601536127
GAP21Q7_b_W82,male,0.6333848763128789,Inferred from name,0.22973274999999996,0.40365212631287894
GAP21Q7_b_W82,female,0.9008076593933294,Inferred from name,0.39436473,0.5064429293933295
GAP21Q7_d_W82,male,0.509000777109754,Inferred from name,1.1416592208463823,-0.6326584437366283
GAP21Q7_d_W82,female,0.5556067242123106,Inferred from name,0.9374069208463821,-0.3818001966340715
BILLION_W92,male,0.16467387546257475,Inferred from name,0.1770722898294914,-0.01239841436691666
BILLION_W92,female,0.13816071572606303,Inferred from name,0.20411060482949145,-0.06594988910342842
CANDEXP_W92,male,0.4136088810903259,Inferred from name,0.3956185781854554,0.01799030290487047
CANDEXP_W92,female,0.6982347863527895,Inferred from name,0.4466961281854554,0.25153865816733406
ELECT_CONF3_PRVFR_W92,male,1.473191202460106,Inferred from name,1.3864126103941103,0.08677859206599559
ELECT_CONF3_PRVFR_W92,female,1.2610541869779652,Inferred from name,1.4110200003941105,-0.14996581341614523
ELECT_CONF3_PRVSUP_W92,male,1.3166521309052546,Inferred from name,0.8035238773630275,0.513128253542227
ELECT_CONF3_PRVSUP_W92,female,1.3385950504714865,Inferred from name,0.7473213418494364,0.5912737086220501
ELECT_IMPT3_PRVFR_W92,male,2.395295394443701,Inferred from name,1.6696218311495947,0.7256735632941065
ELECT_IMPT3_PRVFR_W92,female,2.1854372109690563,Inferred from name,1.5062911566800647,0.6791460542889916
FREECOLL_W92,male,0.32044979700839077,Inferred from name,0.6130277599999998,-0.29257796299160904
FREECOLL_W92,female,0.34086430279740493,Inferred from name,0.8673779208726724,-0.5265136180752674
GODMORALIMP_W92,male,0.5677023819557677,Inferred from name,0.38405761992323884,0.18364476203252889
GODMORALIMP_W92,female,0.5851312088465199,Inferred from name,0.39480355992323884,0.19032764892328108
LEGALIMMIGAMT_W92,male,0.8311601534314323,Inferred from name,0.2732053400000001,0.5579548134314323
LEGALIMMIGAMT_W92,female,0.7943760275541645,Inferred from name,0.22700324000000005,0.5673727875541644
POLINTOL2_a_W92,male,1.3844782074025872,Inferred from name,0.6879824915623696,0.6964957158402176
POLINTOL2_a_W92,female,1.5714205979287388,Inferred from name,0.8134418815623696,0.7579787163663692
PROG_RNEED_W92,male,0.18044407534337797,Inferred from name,0.4842477399852997,-0.3038036646419217
PROG_RNEED_W92,female,0.3749276894468602,Inferred from name,0.3195822499852996,0.05534543946156062
RACESURV52MOD_W92,male,0.3580889186777565,Inferred from name,0.35932216,-0.0012332413222435057
RACESURV52MOD_W92,female,0.40350124239423035,Inferred from name,0.40870076,-0.0051995176057696435
REPRSNTDEM_W92,male,1.0244265076492545,Inferred from name,1.0811216224083062,-0.05669511475905176
REPRSNTDEM_W92,female,0.6761341115179922,Inferred from name,1.3127079300924431,-0.636573818574451
REPRSNTREP_W92,male,0.8384957287111223,Inferred from name,0.8422703625199532,-0.0037746338088309184
REPRSNTREP_W92,female,0.8756517371973835,Inferred from name,0.8486927147469037,0.026959022450479875
SOCIETY_GUNS_W92,male,0.6092071799686312,Inferred from name,0.6882431739072288,-0.07903599393859762
SOCIETY_GUNS_W92,female,0.7796050959627785,Inferred from name,1.003217513907229,-0.22361241794445053
SOCIETY_RELG_W92,male,0.9887482039999999,Inferred from name,1.2887765995358325,-0.3000283955358326
SOCIETY_RELG_W92,female,0.8091810575234849,Inferred from name,1.3790827595358326,-0.5699017020123477
SOCIETY_RHIST_W92,male,0.44620488182300094,Inferred from name,0.6785555340425022,-0.2323506522195013
SOCIETY_RHIST_W92,female,0.39578010120012996,Inferred from name,0.5841119240425022,-0.18833182284237227
SOCIETY_SSM_W92,male,0.6108385349929562,Inferred from name,0.8468478439572932,-0.23600930896433703
SOCIETY_SSM_W92,female,0.5395427819750978,Inferred from name,0.6737998620143897,-0.13425708003929193
SOCIETY_TRANS_W92,male,0.9063049402914953,Inferred from name,1.2453700834600174,-0.3390651431685221
SOCIETY_TRANS_W92,female,0.5921147558995064,Inferred from name,1.0120329432547377,-0.41991818735523134
SOCIETY_WHT_W92,male,0.23212919483935776,Inferred from name,0.15321491193389022,0.07891428290546754
SOCIETY_WHT_W92,female,0.2299188943528988,Inferred from name,0.13074511533478428,0.09917377901811453
UNIMMIGCOMM_W92,male,0.5372907340867913,Inferred from name,0.58231037809221,-0.04501964400541869
UNIMMIGCOMM_W92,female,0.5966872649246738,Inferred from name,0.6685682519576568,-0.07188098703298296
USEXCEPT_W92,male,0.7593223212574374,Inferred from name,0.29205377764293583,0.46726854361450154
USEXCEPT_W92,female,0.6783740318367348,Inferred from name,0.27698182723018183,0.401392204606553
USMILSIZ_W92,male,0.3376808252168668,Inferred from name,0.608822838710495,-0.2711420134936282
USMILSIZ_W92,female,0.2388004514632417,Inferred from name,0.6806617458735095,-0.4418612944102678
WHADVANT_W92,male,0.6052903795000001,Inferred from name,0.4229406336977607,0.1823497458022394
WHADVANT_W92,female,0.8616077393630085,Inferred from name,0.6275810483647675,0.23402669099824103
