qkey,attribute,channel,magnitude,regime,model_class,human_attribute,human_group,own_human_group,is_own_group,wasserstein,available_groups,expected_groups
CARRYGUN_W26,gender,inferred,,Inferred from name,male,SEX,Male,Male,True,1.027814863000005,2,2
CARRYGUN_W26,gender,inferred,,Inferred from name,male,SEX,Female,Male,False,0.9073521420735297,2,2
CARRYGUN_W26,gender,inferred,,Inferred from name,female,SEX,Male,Female,False,1.0278148860000043,2,2
CARRYGUN_W26,gender,inferred,,Inferred from name,female,SEX,Female,Female,True,0.9073521650735286,2,2
GROWUPGUN2A_W26,gender,inferred,,Inferred from name,male,SEX,Male,Male,True,0.3818926350000327,2,2
GROWUPGUN2A_W26,gender,inferred,,Inferred from name,male,SEX,Female,Male,False,0.4083507150000327,2,2
GROWUPGUN2A_W26,gender,inferred,,Inferred from name,female,SEX,Male,Female,False,0.3818946604999711,2,2
GROWUPGUN2A_W26,gender,inferred,,Inferred from name,female,SEX,Female,Female,True,0.40835274049997117,2,2
GROWUPGUN2B_W26,gender,inferred,,Inferred from name,male,SEX,Male,Male,True,0.2977565780000002,2,2
GROWUPGUN2B_W26,gender,inferred,,Inferred from name,male,SEX,Female,Male,False,0.3675901380000003,2,2
GROWUPGUN2B_W26,gender,inferred,,Inferred from name,female,SEX,Male,Female,False,0.29775660150000005,2,2
GROWUPGUN2B_W26,gender,inferred,,Inferred from name,female,SEX,Female,Female,True,0.3675901615000001,2,2
GROWUPGUN2C_W26,gender,inferred,,Inferred from name,male,SEX,Male,Male,True,0.4768780419997901,2,2
GROWUPGUN2C_W26,gender,inferred,,Inferred from name,male,SEX,Female,Male,False,0.6025565319997901,2,2
GROWUPGUN2C_W26,gender,inferred,,Inferred from name,female,SEX,Male,Female,False,0.4768867374998862,2,2
GROWUPGUN2C_W26,gender,inferred,,Inferred from name,female,SEX,Female,Female,True,0.6025652274998862,2,2
GROWUPGUN4_W26,gender,inferred,,Inferred from name,male,SEX,Male,Male,True,0.5161992267430604,2,2
GROWUPGUN4_W26,gender,inferred,,Inferred from name,male,SEX,Female,Male,False,0.5360151867430604,2,2
GROWUPGUN4_W26,gender,inferred,,Inferred from name,female,SEX,Male,Female,False,0.503896621,2,2
GROWUPGUN4_W26,gender,inferred,,Inferred from name,female,SEX,Female,Female,True,0.523712581,2,2
GROWUPGUN6_W26,gender,inferred,,Inferred from name,male,SEX,Male,Male,True,1.0062972475629728,2,2
GROWUPGUN6_W26,gender,inferred,,Inferred from name,male,SEX,Female,Male,False,0.5960557374999997,2,2
GROWUPGUN6_W26,gender,inferred,,Inferred from name,female,SEX,Male,Female,False,1.0062972515629733,2,2
GROWUPGUN6_W26,gender,inferred,,Inferred from name,female,SEX,Female,Female,True,0.5960557415000003,2,2
GROWUPGUN7_W26,gender,inferred,,Inferred from name,male,SEX,Male,Male,True,1.6533507470335076,2,2
GROWUPGUN7_W26,gender,inferred,,Inferred from name,male,SEX,Female,Male,False,0.6734314405000001,2,2
GROWUPGUN7_W26,gender,inferred,,Inferred from name,female,SEX,Male,Female,False,1.6533507480335075,2,2
GROWUPGUN7_W26,gender,inferred,,Inferred from name,female,SEX,Female,Female,True,0.6734314415000001,2,2
GROWUPVIOL_W26,gender,inferred,,Inferred from name,male,SEX,Male,Male,True,0.7168246811875894,2,2
GROWUPVIOL_W26,gender,inferred,,Inferred from name,male,SEX,Female,Male,False,0.7124977311875893,2,2
GROWUPVIOL_W26,gender,inferred,,Inferred from name,female,SEX,Male,Female,False,0.6767694347046053,2,2
GROWUPVIOL_W26,gender,inferred,,Inferred from name,female,SEX,Female,Female,True,0.6854435139336756,2,2
GUNACCESS_W26,gender,inferred,,Inferred from name,male,SEX,Male,Male,True,1.7285640157143591,2,2
GUNACCESS_W26,gender,inferred,,Inferred from name,male,SEX,Female,Male,False,1.4600850330000001,2,2
GUNACCESS_W26,gender,inferred,,Inferred from name,female,SEX,Male,Female,False,1.72856401521436,2,2
GUNACCESS_W26,gender,inferred,,Inferred from name,female,SEX,Female,Female,True,1.4600850325000008,2,2
GUNACTIVITYA_W26,gender,inferred,,Inferred from name,male,SEX,Male,Male,True,0.7067413964994792,2,2
GUNACTIVITYA_W26,gender,inferred,,Inferred from name,male,SEX,Female,Male,False,0.30161960649947916,2,2
GUNACTIVITYA_W26,gender,inferred,,Inferred from name,female,SEX,Male,Female,False,0.7068558070001032,2,2
GUNACTIVITYA_W26,gender,inferred,,Inferred from name,female,SEX,Female,Female,True,0.30173401700010316,2,2
GUNACTIVITYB_W26,gender,inferred,,Inferred from name,male,SEX,Male,Male,True,0.9968465919988097,2,2
GUNACTIVITYB_W26,gender,inferred,,Inferred from name,male,SEX,Female,Male,False,0.7433529845647131,2,2
GUNACTIVITYB_W26,gender,inferred,,Inferred from name,female,SEX,Male,Female,False,0.9968572514991946,2,2
GUNACTIVITYB_W26,gender,inferred,,Inferred from name,female,SEX,Female,Female,True,0.7433636440650981,2,2
GUNCONTRIBA_W26,gender,inferred,,Inferred from name,male,SEX,Male,Male,True,1.4168101366706105,2,2
GUNCONTRIBA_W26,gender,inferred,,Inferred from name,male,SEX,Female,Male,False,1.078760612497491,2,2
GUNCONTRIBA_W26,gender,inferred,,Inferred from name,female,SEX,Male,Female,False,1.4169168336760831,2,2
GUNCONTRIBA_W26,gender,inferred,,Inferred from name,female,SEX,Female,Female,True,1.0788673095029635,2,2
GUNCONTRIBC_W26,gender,inferred,,Inferred from name,male,SEX,Male,Male,True,0.8513186685256183,2,2
GUNCONTRIBC_W26,gender,inferred,,Inferred from name,male,SEX,Female,Male,False,0.7402404800087208,2,2
GUNCONTRIBC_W26,gender,inferred,,Inferred from name,female,SEX,Male,Female,False,0.8513892625164468,2,2
GUNCONTRIBC_W26,gender,inferred,,Inferred from name,female,SEX,Female,Female,True,0.7403110739995492,2,2
GUNCONTRIBE_W26,gender,inferred,,Inferred from name,male,SEX,Male,Male,True,0.8750370467504365,2,2
GUNCONTRIBE_W26,gender,inferred,,Inferred from name,male,SEX,Female,Male,False,1.1243010379999645,2,2
GUNCONTRIBE_W26,gender,inferred,,Inferred from name,female,SEX,Male,Female,False,0.8750316207505653,2,2
GUNCONTRIBE_W26,gender,inferred,,Inferred from name,female,SEX,Female,Female,True,1.1242956120000933,2,2
GUNCONTRIBF_W26,gender,inferred,,Inferred from name,male,SEX,Male,Male,True,0.561144625488719,2,2
GUNCONTRIBF_W26,gender,inferred,,Inferred from name,male,SEX,Female,Male,False,0.5978882071968888,2,2
GUNCONTRIBF_W26,gender,inferred,,Inferred from name,female,SEX,Male,Female,False,0.5611938385224474,2,2
GUNCONTRIBF_W26,gender,inferred,,Inferred from name,female,SEX,Female,Female,True,0.5979374202306172,2,2
GUNFRIEND_W26,gender,inferred,,Inferred from name,male,SEX,Male,Male,True,2.047170333500007,2,2
GUNFRIEND_W26,gender,inferred,,Inferred from name,male,SEX,Female,Male,False,1.8526111735000073,2,2
GUNFRIEND_W26,gender,inferred,,Inferred from name,female,SEX,Male,Female,False,2.047170309000005,2,2
GUNFRIEND_W26,gender,inferred,,Inferred from name,female,SEX,Female,Female,True,1.8526111490000052,2,2
GUNIDENTITY_W26,gender,inferred,,Inferred from name,male,SEX,Male,Male,True,0.845045333419018,2,2
GUNIDENTITY_W26,gender,inferred,,Inferred from name,male,SEX,Female,Male,False,0.816336593419018,2,2
GUNIDENTITY_W26,gender,inferred,,Inferred from name,female,SEX,Male,Female,False,1.0145557681270203,2,2
GUNIDENTITY_W26,gender,inferred,,Inferred from name,female,SEX,Female,Female,True,0.9824585481270202,2,2
GUNLOADED1_W26,gender,inferred,,Inferred from name,male,SEX,Male,Male,True,0.5181418841766352,2,2
GUNLOADED1_W26,gender,inferred,,Inferred from name,male,SEX,Female,Male,False,0.7109519789892369,2,2
GUNLOADED1_W26,gender,inferred,,Inferred from name,female,SEX,Male,Female,False,0.5163126116934665,2,2
GUNLOADED1_W26,gender,inferred,,Inferred from name,female,SEX,Female,Female,True,0.7091227065060681,2,2
GUNLOADED2_W26,gender,inferred,,Inferred from name,male,SEX,Male,Male,True,0.32388948299943426,2,2
GUNLOADED2_W26,gender,inferred,,Inferred from name,male,SEX,Female,Male,False,0.33182571299943425,2,2
GUNLOADED2_W26,gender,inferred,,Inferred from name,female,SEX,Male,Female,False,0.3239360059979119,2,2
GUNLOADED2_W26,gender,inferred,,Inferred from name,female,SEX,Female,Female,True,0.3318722359979119,2,2
GUNLOCKED1_W26,gender,inferred,,Inferred from name,male,SEX,Male,Male,True,0.6033630417230604,2,2
GUNLOCKED1_W26,gender,inferred,,Inferred from name,male,SEX,Female,Male,False,0.5004546711513382,2,2
GUNLOCKED1_W26,gender,inferred,,Inferred from name,female,SEX,Male,Female,False,0.6548010555636286,2,2
GUNLOCKED1_W26,gender,inferred,,Inferred from name,female,SEX,Female,Female,True,0.5518926849919064,2,2
GUNLOCKED2_W26,gender,inferred,,Inferred from name,male,SEX,Male,Male,True,0.5729867715001795,2,2
GUNLOCKED2_W26,gender,inferred,,Inferred from name,male,SEX,Female,Male,False,0.5656739815001796,2,2
GUNLOCKED2_W26,gender,inferred,,Inferred from name,female,SEX,Male,Female,False,0.572986782000058,2,2
GUNLOCKED2_W26,gender,inferred,,Inferred from name,female,SEX,Female,Female,True,0.5656739920000581,2,2
GUNRESPKIDSD_W26,gender,inferred,,Inferred from name,male,SEX,Male,Male,True,1.6067289315025126,2,2
GUNRESPKIDSD_W26,gender,inferred,,Inferred from name,male,SEX,Female,Male,False,1.6254016677573955,2,2
GUNRESPKIDSD_W26,gender,inferred,,Inferred from name,female,SEX,Male,Female,False,1.6067248680020412,2,2
GUNRESPKIDSD_W26,gender,inferred,,Inferred from name,female,SEX,Female,Female,True,1.625397604256924,2,2
GUNRESPKIDSE_W26,gender,inferred,,Inferred from name,male,SEX,Male,Male,True,1.1293132990001005,2,2
GUNRESPKIDSE_W26,gender,inferred,,Inferred from name,male,SEX,Female,Male,False,0.728209706282232,2,2
GUNRESPKIDSE_W26,gender,inferred,,Inferred from name,female,SEX,Male,Female,False,1.129311879500113,2,2
GUNRESPKIDSE_W26,gender,inferred,,Inferred from name,female,SEX,Female,Female,True,0.7282082867822441,2,2
GUNRESPNOKIDSA_W26,gender,inferred,,Inferred from name,male,SEX,Male,Male,True,0.6899834978998575,2,2
GUNRESPNOKIDSA_W26,gender,inferred,,Inferred from name,male,SEX,Female,Male,False,0.5008009560080321,2,2
GUNRESPNOKIDSA_W26,gender,inferred,,Inferred from name,female,SEX,Male,Female,False,0.6899833698998551,2,2
GUNRESPNOKIDSA_W26,gender,inferred,,Inferred from name,female,SEX,Female,Female,True,0.5008008280080297,2,2
GUNRESPNOKIDSB_W26,gender,inferred,,Inferred from name,male,SEX,Male,Male,True,0.6390080843126452,2,2
GUNRESPNOKIDSB_W26,gender,inferred,,Inferred from name,male,SEX,Female,Male,False,0.43064770187199586,2,2
GUNRESPNOKIDSB_W26,gender,inferred,,Inferred from name,female,SEX,Male,Female,False,0.7397776932754822,2,2
GUNRESPNOKIDSB_W26,gender,inferred,,Inferred from name,female,SEX,Female,Female,True,0.5314173108348328,2,2
GUNRESPNOKIDSC_W26,gender,inferred,,Inferred from name,male,SEX,Male,Male,True,0.46453896300010333,2,2
GUNRESPNOKIDSC_W26,gender,inferred,,Inferred from name,male,SEX,Female,Male,False,0.35992329659948386,2,2
GUNRESPNOKIDSC_W26,gender,inferred,,Inferred from name,female,SEX,Male,Female,False,0.46454118899998753,2,2
GUNRESPNOKIDSC_W26,gender,inferred,,Inferred from name,female,SEX,Female,Female,True,0.35992552259936805,2,2
GUNRESPNOKIDSD_W26,gender,inferred,,Inferred from name,male,SEX,Male,Male,True,1.6573016216493552,2,2
GUNRESPNOKIDSD_W26,gender,inferred,,Inferred from name,male,SEX,Female,Male,False,1.5941651850176166,2,2
GUNRESPNOKIDSD_W26,gender,inferred,,Inferred from name,female,SEX,Male,Female,False,1.658062283598513,2,2
GUNRESPNOKIDSD_W26,gender,inferred,,Inferred from name,female,SEX,Female,Female,True,1.5949258469667749,2,2
GUNRESPNOKIDSE_W26,gender,inferred,,Inferred from name,male,SEX,Male,Male,True,1.052094694502816,2,2
GUNRESPNOKIDSE_W26,gender,inferred,,Inferred from name,male,SEX,Female,Male,False,0.7438151845028161,2,2
GUNRESPNOKIDSE_W26,gender,inferred,,Inferred from name,female,SEX,Male,Female,False,1.0518995284940593,2,2
GUNRESPNOKIDSE_W26,gender,inferred,,Inferred from name,female,SEX,Female,Female,True,0.7436200184940595,2,2
GUNRESPNOKIDSF_W26,gender,inferred,,Inferred from name,male,SEX,Male,Male,True,1.0886431525000484,2,2
GUNRESPNOKIDSF_W26,gender,inferred,,Inferred from name,male,SEX,Female,Male,False,0.7598432949015718,2,2
GUNRESPNOKIDSF_W26,gender,inferred,,Inferred from name,female,SEX,Male,Female,False,1.088641058000094,2,2
GUNRESPNOKIDSF_W26,gender,inferred,,Inferred from name,female,SEX,Female,Female,True,0.7598412004016175,2,2
GUNSAFETYKIDS_W26,gender,inferred,,Inferred from name,male,SEX,Male,Male,True,0.49633954625021937,2,2
GUNSAFETYKIDS_W26,gender,inferred,,Inferred from name,male,SEX,Female,Male,False,0.49747343125021937,2,2
GUNSAFETYKIDS_W26,gender,inferred,,Inferred from name,female,SEX,Male,Female,False,0.4962919139987458,2,2
GUNSAFETYKIDS_W26,gender,inferred,,Inferred from name,female,SEX,Female,Female,True,0.4974257989987458,2,2
GUNSAFE_W26,gender,inferred,,Inferred from name,male,SEX,Male,Male,True,0.34990937478714934,2,2
GUNSAFE_W26,gender,inferred,,Inferred from name,male,SEX,Female,Male,False,0.3221529347871493,2,2
GUNSAFE_W26,gender,inferred,,Inferred from name,female,SEX,Male,Female,False,0.37394744850109224,2,2
GUNSAFE_W26,gender,inferred,,Inferred from name,female,SEX,Female,Female,True,0.3461910085010922,2,2
GUNTYPEOWNC_W26,gender,inferred,,Inferred from name,male,SEX,Male,Male,True,1.17269198,2,2
GUNTYPEOWNC_W26,gender,inferred,,Inferred from name,male,SEX,Female,Male,False,0.8297468800000001,2,2
GUNTYPEOWNC_W26,gender,inferred,,Inferred from name,female,SEX,Male,Female,False,1.1726919795,2,2
GUNTYPEOWNC_W26,gender,inferred,,Inferred from name,female,SEX,Female,Female,True,0.8297468795,2,2
NOCARRYGUN_W26,gender,inferred,,Inferred from name,male,SEX,Male,Male,True,0.5831014825888453,2,2
NOCARRYGUN_W26,gender,inferred,,Inferred from name,male,SEX,Female,Male,False,0.6563582125888453,2,2
NOCARRYGUN_W26,gender,inferred,,Inferred from name,female,SEX,Male,Female,False,0.5804581530983509,2,2
NOCARRYGUN_W26,gender,inferred,,Inferred from name,female,SEX,Female,Female,True,0.6537148830983509,2,2
REASONGUNA_W26,gender,inferred,,Inferred from name,male,SEX,Male,Male,True,0.41736659682629595,2,2
REASONGUNA_W26,gender,inferred,,Inferred from name,male,SEX,Female,Male,False,0.364469440999977,2,2
REASONGUNA_W26,gender,inferred,,Inferred from name,female,SEX,Male,Female,False,0.41736606082630434,2,2
REASONGUNA_W26,gender,inferred,,Inferred from name,female,SEX,Female,Female,True,0.3644689049999854,2,2
REASONGUNB_W26,gender,inferred,,Inferred from name,male,SEX,Male,Male,True,0.2409318746509193,2,2
REASONGUNB_W26,gender,inferred,,Inferred from name,male,SEX,Female,Male,False,0.31784399561188603,2,2
REASONGUNB_W26,gender,inferred,,Inferred from name,female,SEX,Male,Female,False,0.3384640548968096,2,2
REASONGUNB_W26,gender,inferred,,Inferred from name,female,SEX,Female,Female,True,0.41180363929677966,2,2
REASONGUNC_W26,gender,inferred,,Inferred from name,male,SEX,Male,Male,True,0.5669913572277476,2,2
REASONGUNC_W26,gender,inferred,,Inferred from name,male,SEX,Female,Male,False,0.6532468939424148,2,2
REASONGUNC_W26,gender,inferred,,Inferred from name,female,SEX,Male,Female,False,0.5685260160417129,2,2
REASONGUNC_W26,gender,inferred,,Inferred from name,female,SEX,Female,Female,True,0.6547815527563801,2,2
REASONGUND_W26,gender,inferred,,Inferred from name,male,SEX,Male,Male,True,0.4322025264818456,2,2
REASONGUND_W26,gender,inferred,,Inferred from name,male,SEX,Female,Male,False,0.32225272648184555,2,2
REASONGUND_W26,gender,inferred,,Inferred from name,female,SEX,Male,Female,False,0.33885209908109937,2,2
REASONGUND_W26,gender,inferred,,Inferred from name,female,SEX,Female,Female,True,0.22890229908109938,2,2
REASONGUNE_W26,gender,inferred,,Inferred from name,male,SEX,Male,Male,True,0.1956464406891494,2,2
REASONGUNE_W26,gender,inferred,,Inferred from name,male,SEX,Female,Male,False,0.20489365068914944,2,2
REASONGUNE_W26,gender,inferred,,Inferred from name,female,SEX,Male,Female,False,0.14154469759421895,2,2
REASONGUNE_W26,gender,inferred,,Inferred from name,female,SEX,Female,Female,True,0.13229748759421892,2,2
SHOOTFREQ_W26,gender,inferred,,Inferred from name,male,SEX,Male,Male,True,0.9953445275000006,2,2
SHOOTFREQ_W26,gender,inferred,,Inferred from name,male,SEX,Female,Male,False,0.6730152875000005,2,2
SHOOTFREQ_W26,gender,inferred,,Inferred from name,female,SEX,Male,Female,False,0.9953445285000005,2,2
SHOOTFREQ_W26,gender,inferred,,Inferred from name,female,SEX,Female,Female,True,0.6730152885000005,2,2
WORRYB_W26,gender,inferred,,Inferred from name,male,SEX,Male,Male,True,0.5192752519311965,2,2
WORRYB_W26,gender,inferred,,Inferred from name,male,SEX,Female,Male,False,0.764886607983981,2,2
WORRYB_W26,gender,inferred,,Inferred from name,female,SEX,Male,Female,False,0.539788484733095,2,2
WORRYB_W26,gender,inferred,,Inferred from name,female,SEX,Female,Female,True,0.7853998407858794,2,2
WORRYD_W26,gender,inferred,,Inferred from name,male,SEX,Male,Male,True,0.9529680764986543,2,2
WORRYD_W26,gender,inferred,,Inferred from name,male,SEX,Female,Male,False,1.2021521264986543,2,2
WORRYD_W26,gender,inferred,,Inferred from name,female,SEX,Male,Female,False,0.9529389784985388,2,2
WORRYD_W26,gender,inferred,,Inferred from name,female,SEX,Female,Female,True,1.202123028498539,2,2
WORRYE_W26,gender,inferred,,Inferred from name,male,SEX,Male,Male,True,0.6839264035091316,2,2
WORRYE_W26,gender,inferred,,Inferred from name,male,SEX,Female,Male,False,0.9016789435091315,2,2
WORRYE_W26,gender,inferred,,Inferred from name,female,SEX,Male,Female,False,0.6842209765,2,2
WORRYE_W26,gender,inferred,,Inferred from name,female,SEX,Female,Female,True,0.9019735165,2,2
WORRYF_W26,gender,inferred,,Inferred from name,male,SEX,Male,Male,True,0.4509012860159754,2,2
WORRYF_W26,gender,inferred,,Inferred from name,male,SEX,Female,Male,False,0.7494234014953582,2,2
WORRYF_W26,gender,inferred,,Inferred from name,female,SEX,Male,Female,False,0.4515527460274884,2,2
WORRYF_W26,gender,inferred,,Inferred from name,female,SEX,Female,Female,True,0.7500748615068713,2,2
BOYSF1B_W29,gender,inferred,,Inferred from name,male,SEX,Male,Male,True,0.12286885472960869,2,2
BOYSF1B_W29,gender,inferred,,Inferred from name,male,SEX,Female,Male,False,0.16436258972960868,2,2
BOYSF1B_W29,gender,inferred,,Inferred from name,female,SEX,Male,Female,False,0.22764757511954337,2,2
BOYSF1B_W29,gender,inferred,,Inferred from name,female,SEX,Female,Female,True,0.2691413101195434,2,2
FAVORS_CPS_W29,gender,inferred,,Inferred from name,male,SEX,Male,Male,True,1.1513195598473378,2,2
FAVORS_CPS_W29,gender,inferred,,Inferred from name,male,SEX,Female,Male,False,1.1067565325327902,2,2
FAVORS_CPS_W29,gender,inferred,,Inferred from name,female,SEX,Male,Female,False,1.1391730182570732,2,2
FAVORS_CPS_W29,gender,inferred,,Inferred from name,female,SEX,Female,Female,True,1.0946099909425255,2,2
GIRLSF2C_W29,gender,inferred,,Inferred from name,male,SEX,Male,Male,True,0.22834805318063134,2,2
GIRLSF2C_W29,gender,inferred,,Inferred from name,male,SEX,Female,Male,False,0.2407389512151023,2,2
GIRLSF2C_W29,gender,inferred,,Inferred from name,female,SEX,Male,Female,False,0.21779241929947835,2,2
GIRLSF2C_W29,gender,inferred,,Inferred from name,female,SEX,Female,Female,True,0.2301833173339493,2,2
GIRLSF2D_W29,gender,inferred,,Inferred from name,male,SEX,Male,Male,True,0.21796081920995436,2,2
GIRLSF2D_W29,gender,inferred,,Inferred from name,male,SEX,Female,Male,False,0.26364094688635514,2,2
GIRLSF2D_W29,gender,inferred,,Inferred from name,female,SEX,Male,Female,False,0.21797610555378194,2,2
GIRLSF2D_W29,gender,inferred,,Inferred from name,female,SEX,Female,Female,True,0.2636562332301827,2,2
GOPDIRCT_W29,gender,inferred,,Inferred from name,male,SEX,Male,Male,True,0.5353435482028487,2,2
GOPDIRCT_W29,gender,inferred,,Inferred from name,male,SEX,Female,Male,False,0.36946054820284874,2,2
GOPDIRCT_W29,gender,inferred,,Inferred from name,female,SEX,Male,Female,False,0.5703309492822276,2,2
GOPDIRCT_W29,gender,inferred,,Inferred from name,female,SEX,Female,Female,True,0.4044479492822276,2,2
HOOD_NHISB_W29,gender,inferred,,Inferred from name,male,SEX,Male,Male,True,0.5983407324943342,2,2
HOOD_NHISB_W29,gender,inferred,,Inferred from name,male,SEX,Female,Male,False,0.6125891424943339,2,2
HOOD_NHISB_W29,gender,inferred,,Inferred from name,female,SEX,Male,Female,False,0.5980268550078753,2,2
HOOD_NHISB_W29,gender,inferred,,Inferred from name,female,SEX,Female,Female,True,0.6122752650078751,2,2
LOCALELECT_W29,gender,inferred,,Inferred from name,male,SEX,Male,Male,True,0.8509628171405829,2,2
LOCALELECT_W29,gender,inferred,,Inferred from name,male,SEX,Female,Male,False,0.8229436671405831,2,2
LOCALELECT_W29,gender,inferred,,Inferred from name,female,SEX,Male,Female,False,0.8281884129509826,2,2
LOCALELECT_W29,gender,inferred,,Inferred from name,female,SEX,Female,Female,True,0.8001692629509828,2,2
MAN1A_W29,gender,inferred,,Inferred from name,male,SEX,Male,Male,True,0.5893050539558323,2,2
MAN1A_W29,gender,inferred,,Inferred from name,male,SEX,Female,Male,False,1.0110390730441563,2,2
MAN1A_W29,gender,inferred,,Inferred from name,female,SEX,Male,Female,False,0.594615911939824,2,2
MAN1A_W29,gender,inferred,,Inferred from name,female,SEX,Female,Female,True,1.0057250240601128,2,2
MAN1B_W29,gender,inferred,,Inferred from name,male,SEX,Male,Male,True,0.9591797379502632,2,2
MAN1B_W29,gender,inferred,,Inferred from name,male,SEX,Female,Male,False,2.0031084730497355,2,2
MAN1B_W29,gender,inferred,,Inferred from name,female,SEX,Male,Female,False,0.9585304489736951,2,2
MAN1B_W29,gender,inferred,,Inferred from name,female,SEX,Female,Female,True,2.0037576440263036,2,2
MAN1C_W29,gender,inferred,,Inferred from name,male,SEX,Male,Male,True,1.6076887824320418,2,2
MAN1C_W29,gender,inferred,,Inferred from name,male,SEX,Female,Male,False,0.9678193724320417,2,2
MAN1C_W29,gender,inferred,,Inferred from name,female,SEX,Male,Female,False,1.6066625771216851,2,2
MAN1C_W29,gender,inferred,,Inferred from name,female,SEX,Female,Female,True,0.9667931671216852,2,2
MAN1D_W29,gender,inferred,,Inferred from name,male,SEX,Male,Male,True,0.6848968414851067,2,2
MAN1D_W29,gender,inferred,,Inferred from name,male,SEX,Female,Male,False,2.0122901735430156,2,2
MAN1D_W29,gender,inferred,,Inferred from name,female,SEX,Male,Female,False,0.6827451833025298,2,2
MAN1D_W29,gender,inferred,,Inferred from name,female,SEX,Female,Female,True,2.014441849725605,2,2
MAN1E_W29,gender,inferred,,Inferred from name,male,SEX,Male,Male,True,0.7739408899904017,2,2
MAN1E_W29,gender,inferred,,Inferred from name,male,SEX,Female,Male,False,0.32901982099040183,2,2
MAN1E_W29,gender,inferred,,Inferred from name,female,SEX,Male,Female,False,0.7717004896245991,2,2
MAN1E_W29,gender,inferred,,Inferred from name,female,SEX,Female,Female,True,0.32677943562459866,2,2
MASC2_W29,gender,inferred,,Inferred from name,male,SEX,Male,Male,True,1.2082192917255736,2,2
MASC2_W29,gender,inferred,,Inferred from name,male,SEX,Female,Male,False,0.9387256497438758,2,2
MASC2_W29,gender,inferred,,Inferred from name,female,SEX,Male,Female,False,1.1615294384184038,2,2
MASC2_W29,gender,inferred,,Inferred from name,female,SEX,Female,Female,True,0.9854155030510457,2,2
S12_W29,gender,inferred,,Inferred from name,male,SEX,Male,Male,True,1.5121266181934407,2,2
S12_W29,gender,inferred,,Inferred from name,male,SEX,Female,Male,False,1.5894486181934406,2,2
S12_W29,gender,inferred,,Inferred from name,female,SEX,Male,Female,False,0.8778006407224298,2,2
S12_W29,gender,inferred,,Inferred from name,female,SEX,Female,Female,True,0.8470684407224298,2,2
S13_W29,gender,inferred,,Inferred from name,male,SEX,Male,Male,True,3.214440481251355,2,2
S13_W29,gender,inferred,,Inferred from name,male,SEX,Female,Male,False,3.4316889190788706,2,2
S13_W29,gender,inferred,,Inferred from name,female,SEX,Male,Female,False,3.1574712380768197,2,2
S13_W29,gender,inferred,,Inferred from name,female,SEX,Female,Female,True,3.374719675904335,2,2
SEENMASC_W29,gender,inferred,,Inferred from name,male,SEX,Male,Male,True,1.3592376714643266,2,2
SEENMASC_W29,gender,inferred,,Inferred from name,male,SEX,Female,Male,False,0.0020984385356734546,2,2
SEENMASC_W29,gender,inferred,,Inferred from name,female,SEX,Male,Female,False,1.3610585545080491,2,2
SEENMASC_W29,gender,inferred,,Inferred from name,female,SEX,Female,Female,True,0.0002775554919508907,2,2
TALK_CPS_W29,gender,inferred,,Inferred from name,male,SEX,Male,Male,True,2.876948420896412,2,2
TALK_CPS_W29,gender,inferred,,Inferred from name,male,SEX,Female,Male,False,2.781657580896412,2,2
TALK_CPS_W29,gender,inferred,,Inferred from name,female,SEX,Male,Female,False,2.752217546173448,2,2
TALK_CPS_W29,gender,inferred,,Inferred from name,female,SEX,Female,Female,True,2.6569267061734485,2,2
WORRYBILL_W29,gender,inferred,,Inferred from name,male,SEX,Male,Male,True,1.380896873985602,2,2
WORRYBILL_W29,gender,inferred,,Inferred from name,male,SEX,Female,Male,False,1.5871245139856018,2,2
WORRYBILL_W29,gender,inferred,,Inferred from name,female,SEX,Male,Female,False,1.377936994491242,2,2
WORRYBILL_W29,gender,inferred,,Inferred from name,female,SEX,Female,Female,True,1.5841646344912421,2,2
CLASS_W32,gender,inferred,,Inferred from name,male,SEX,Male,Male,True,0.6192311998667026,2,2
CLASS_W32,gender,inferred,,Inferred from name,male,SEX,Female,Male,False,0.6669294198667025,2,2
CLASS_W32,gender,inferred,,Inferred from name,female,SEX,Male,Female,False,0.5913901479776031,2,2
CLASS_W32,gender,inferred,,Inferred from name,female,SEX,Female,Female,True,0.639088367977603,2,2
COMMIMPA_W32,gender,inferred,,Inferred from name,male,SEX,Male,Male,True,1.3028194665106154,2,2
COMMIMPA_W32,gender,inferred,,Inferred from name,male,SEX,Female,Male,False,1.0972658655327785,2,2
COMMIMPA_W32,gender,inferred,,Inferred from name,female,SEX,Male,Female,False,1.3029220845093419,2,2
COMMIMPA_W32,gender,inferred,,Inferred from name,female,SEX,Female,Female,True,1.097368483531505,2,2
COMMIMPB_W32,gender,inferred,,Inferred from name,male,SEX,Male,Male,True,0.699177256999772,2,2
COMMIMPB_W32,gender,inferred,,Inferred from name,male,SEX,Female,Male,False,0.5610832369997721,2,2
COMMIMPB_W32,gender,inferred,,Inferred from name,female,SEX,Male,Female,False,0.6991828960010681,2,2
COMMIMPB_W32,gender,inferred,,Inferred from name,female,SEX,Female,Female,True,0.5610888760010683,2,2
COMMIMPC_W32,gender,inferred,,Inferred from name,male,SEX,Male,Male,True,1.0372903622791578,2,2
COMMIMPC_W32,gender,inferred,,Inferred from name,male,SEX,Female,Male,False,0.7627068786270688,2,2
COMMIMPC_W32,gender,inferred,,Inferred from name,female,SEX,Male,Female,False,1.1275853767708819,2,2
COMMIMPC_W32,gender,inferred,,Inferred from name,female,SEX,Female,Female,True,0.8530018931187927,2,2
COMMIMPF_W32,gender,inferred,,Inferred from name,male,SEX,Male,Male,True,1.1040601439435571,2,2
COMMIMPF_W32,gender,inferred,,Inferred from name,male,SEX,Female,Male,False,0.779671413943557,2,2
COMMIMPF_W32,gender,inferred,,Inferred from name,female,SEX,Male,Female,False,1.1010415069532735,2,2
COMMIMPF_W32,gender,inferred,,Inferred from name,female,SEX,Female,Female,True,0.7766527769532734,2,2
COMMIMPG_W32,gender,inferred,,Inferred from name,male,SEX,Male,Male,True,1.0381452759989518,2,2
COMMIMPG_W32,gender,inferred,,Inferred from name,male,SEX,Female,Male,False,0.9075419559989517,2,2
COMMIMPG_W32,gender,inferred,,Inferred from name,female,SEX,Male,Female,False,1.0385046105079239,2,2
COMMIMPG_W32,gender,inferred,,Inferred from name,female,SEX,Female,Female,True,0.9079012905079237,2,2
COMMIMPH_W32,gender,inferred,,Inferred from name,male,SEX,Male,Male,True,0.8760712472297416,2,2
COMMIMPH_W32,gender,inferred,,Inferred from name,male,SEX,Female,Male,False,0.7834509472297415,2,2
COMMIMPH_W32,gender,inferred,,Inferred from name,female,SEX,Male,Female,False,0.8971835116892598,2,2
COMMIMPH_W32,gender,inferred,,Inferred from name,female,SEX,Female,Female,True,0.8045632116892597,2,2
COMMYRS_W32,gender,inferred,,Inferred from name,male,SEX,Male,Male,True,2.4973237069956467,2,2
COMMYRS_W32,gender,inferred,,Inferred from name,male,SEX,Female,Male,False,2.495350982039234,2,2
COMMYRS_W32,gender,inferred,,Inferred from name,female,SEX,Male,Female,False,2.4969803459892295,2,2
COMMYRS_W32,gender,inferred,,Inferred from name,female,SEX,Female,Female,True,2.495007621032817,2,2
ETHNCMAJ_W32,gender,inferred,,Inferred from name,male,SEX,Male,Male,True,0.21358990200423247,2,2
ETHNCMAJ_W32,gender,inferred,,Inferred from name,male,SEX,Female,Male,False,0.1945644570042325,2,2
ETHNCMAJ_W32,gender,inferred,,Inferred from name,female,SEX,Male,Female,False,0.21353189725944566,2,2
ETHNCMAJ_W32,gender,inferred,,Inferred from name,female,SEX,Female,Female,True,0.19450645225944568,2,2
GAYMARR2_W32,gender,inferred,,Inferred from name,male,SEX,Male,Male,True,0.9635750209501606,2,2
GAYMARR2_W32,gender,inferred,,Inferred from name,male,SEX,Female,Male,False,0.9874426009120396,2,2
GAYMARR2_W32,gender,inferred,,Inferred from name,female,SEX,Male,Female,False,0.9528634951905658,2,2
GAYMARR2_W32,gender,inferred,,Inferred from name,female,SEX,Female,Female,True,0.976731075152445,2,2
HARASS2F1_W32,gender,inferred,,Inferred from name,male,SEX,Male,Male,True,0.4526907080000003,2,2
HARASS2F1_W32,gender,inferred,,Inferred from name,male,SEX,Female,Male,False,0.4642546783574534,2,2
HARASS2F1_W32,gender,inferred,,Inferred from name,female,SEX,Male,Female,False,0.45269070975000025,2,2
HARASS2F1_W32,gender,inferred,,Inferred from name,female,SEX,Female,Female,True,0.4642546801074534,2,2
IMMIMPACT_W32,gender,inferred,,Inferred from name,male,SEX,Male,Male,True,0.33363696,2,2
IMMIMPACT_W32,gender,inferred,,Inferred from name,male,SEX,Female,Male,False,0.3269015,2,2
IMMIMPACT_W32,gender,inferred,,Inferred from name,female,SEX,Male,Female,False,0.33363696,2,2
IMMIMPACT_W32,gender,inferred,,Inferred from name,female,SEX,Female,Female,True,0.3269015,2,2
MOVERURAL_W32,gender,inferred,,Inferred from name,male,SEX,Male,Male,True,1.068231389199049,2,2
MOVERURAL_W32,gender,inferred,,Inferred from name,male,SEX,Female,Male,False,0.9755171782719069,2,2
MOVERURAL_W32,gender,inferred,,Inferred from name,female,SEX,Male,Female,False,1.0682264926908434,2,2
MOVERURAL_W32,gender,inferred,,Inferred from name,female,SEX,Female,Female,True,0.9755122817637015,2,2
MOVESUBURB_W32,gender,inferred,,Inferred from name,male,SEX,Male,Male,True,1.041583617640173,2,2
MOVESUBURB_W32,gender,inferred,,Inferred from name,male,SEX,Female,Male,False,0.807594887640173,2,2
MOVESUBURB_W32,gender,inferred,,Inferred from name,female,SEX,Male,Female,False,1.0083412264394553,2,2
MOVESUBURB_W32,gender,inferred,,Inferred from name,female,SEX,Female,Female,True,0.7743524964394556,2,2
MOVEURBAN_W32,gender,inferred,,Inferred from name,male,SEX,Male,Male,True,0.8205700697730853,2,2
MOVEURBAN_W32,gender,inferred,,Inferred from name,male,SEX,Female,Male,False,0.7081815406326954,2,2
MOVEURBAN_W32,gender,inferred,,Inferred from name,female,SEX,Male,Female,False,0.8312659586216099,2,2
MOVEURBAN_W32,gender,inferred,,Inferred from name,female,SEX,Female,Female,True,0.71887742948122,2,2
NEIGHINTERA_W32,gender,inferred,,Inferred from name,male,SEX,Male,Male,True,2.1854458726422914,2,2
NEIGHINTERA_W32,gender,inferred,,Inferred from name,male,SEX,Female,Male,False,2.031506528161252,2,2
NEIGHINTERA_W32,gender,inferred,,Inferred from name,female,SEX,Male,Female,False,2.166007084920929,2,2
NEIGHINTERA_W32,gender,inferred,,Inferred from name,female,SEX,Female,Female,True,2.012067740439889,2,2
NEIGHINTERB_W32,gender,inferred,,Inferred from name,male,SEX,Male,Male,True,0.5615009919370801,2,2
NEIGHINTERB_W32,gender,inferred,,Inferred from name,male,SEX,Female,Male,False,0.6098838324067206,2,2
NEIGHINTERB_W32,gender,inferred,,Inferred from name,female,SEX,Male,Female,False,0.5168374907738444,2,2
NEIGHINTERB_W32,gender,inferred,,Inferred from name,female,SEX,Female,Female,True,0.5652203312434851,2,2
NEIGHKIDS_W32,gender,inferred,,Inferred from name,male,SEX,Male,Male,True,0.18804777558444496,2,2
NEIGHKIDS_W32,gender,inferred,,Inferred from name,male,SEX,Female,Male,False,0.1795611479122317,2,2
NEIGHKIDS_W32,gender,inferred,,Inferred from name,female,SEX,Male,Female,False,0.08782391124281591,2,2
NEIGHKIDS_W32,gender,inferred,,Inferred from name,female,SEX,Female,Female,True,0.07933728357060266,2,2
NEIGHSAMEA_W32,gender,inferred,,Inferred from name,male,SEX,Male,Male,True,1.458105070209879,2,2
NEIGHSAMEA_W32,gender,inferred,,Inferred from name,male,SEX,Female,Male,False,1.490482115259444,2,2
NEIGHSAMEA_W32,gender,inferred,,Inferred from name,female,SEX,Male,Female,False,1.467622745542132,2,2
NEIGHSAMEA_W32,gender,inferred,,Inferred from name,female,SEX,Female,Female,True,1.4999997905916973,2,2
SATLIFED_W32,gender,inferred,,Inferred from name,male,SEX,Male,Male,True,0.18548176911223235,2,2
SATLIFED_W32,gender,inferred,,Inferred from name,male,SEX,Female,Male,False,0.1733086391122326,2,2
SATLIFED_W32,gender,inferred,,Inferred from name,female,SEX,Male,Female,False,0.08780170861943815,2,2
SATLIFED_W32,gender,inferred,,Inferred from name,female,SEX,Female,Female,True,0.07892307098947127,2,2
SOCTRUST2_W32,gender,inferred,,Inferred from name,male,SEX,Male,Male,True,0.42847924000000004,2,2
SOCTRUST2_W32,gender,inferred,,Inferred from name,male,SEX,Female,Male,False,0.43336306999999996,2,2
SOCTRUST2_W32,gender,inferred,,Inferred from name,female,SEX,Male,Female,False,0.42847924000000004,2,2
SOCTRUST2_W32,gender,inferred,,Inferred from name,female,SEX,Female,Female,True,0.43336306999999996,2,2
VALUERURAL_W32,gender,inferred,,Inferred from name,male,SEX,Male,Male,True,0.7456744915028999,2,2
VALUERURAL_W32,gender,inferred,,Inferred from name,male,SEX,Female,Male,False,0.6915316815028999,2,2
VALUERURAL_W32,gender,inferred,,Inferred from name,female,SEX,Male,Female,False,0.7457765730001181,2,2
VALUERURAL_W32,gender,inferred,,Inferred from name,female,SEX,Female,Female,True,0.691633763000118,2,2
WHADVANT_W32,gender,inferred,,Inferred from name,male,SEX,Male,Male,True,0.8464936067013544,2,2
WHADVANT_W32,gender,inferred,,Inferred from name,male,SEX,Female,Male,False,0.8006790757136666,2,2
WHADVANT_W32,gender,inferred,,Inferred from name,female,SEX,Male,Female,False,0.8142571747269671,2,2
WHADVANT_W32,gender,inferred,,Inferred from name,female,SEX,Female,Female,True,0.7684426437392793,2,2
WILLMOVE_W32,gender,inferred,,Inferred from name,male,SEX,Male,Male,True,0.8476986260005839,2,2
WILLMOVE_W32,gender,inferred,,Inferred from name,male,SEX,Female,Male,False,0.9033312169665846,2,2
WILLMOVE_W32,gender,inferred,,Inferred from name,female,SEX,Male,Female,False,0.8477104694993174,2,2
WILLMOVE_W32,gender,inferred,,Inferred from name,female,SEX,Female,Female,True,0.9033430604653181,2,2
EAT1_W34,gender,inferred,,Inferred from name,male,SEX,Male,Male,True,0.8779670890042413,2,2
EAT1_W34,gender,inferred,,Inferred from name,male,SEX,Female,Male,False,0.7990877309285426,2,2
EAT1_W34,gender,inferred,,Inferred from name,female,SEX,Male,Female,False,0.8803260809908152,2,2
EAT1_W34,gender,inferred,,Inferred from name,female,SEX,Female,Female,True,0.8014467229151166,2,2
EAT2_W34,gender,inferred,,Inferred from name,male,SEX,Male,Male,True,0.360834311253065,2,2
EAT2_W34,gender,inferred,,Inferred from name,male,SEX,Female,Male,False,0.3155458913524275,2,2
EAT2_W34,gender,inferred,,Inferred from name,female,SEX,Male,Female,False,0.45342125914045184,2,2
EAT2_W34,gender,inferred,,Inferred from name,female,SEX,Female,Female,True,0.5215272287988086,2,2
EAT5B_W34,gender,inferred,,Inferred from name,male,SEX,Male,Male,True,0.5654954345010443,2,2
EAT5B_W34,gender,inferred,,Inferred from name,male,SEX,Female,Male,False,0.5560449045010443,2,2
EAT5B_W34,gender,inferred,,Inferred from name,female,SEX,Male,Female,False,0.5654606035011309,2,2
EAT5B_W34,gender,inferred,,Inferred from name,female,SEX,Female,Female,True,0.5560100735011307,2,2
EAT5C_W34,gender,inferred,,Inferred from name,male,SEX,Male,Male,True,0.8564203605000067,2,2
EAT5C_W34,gender,inferred,,Inferred from name,male,SEX,Female,Male,False,1.0499454605000067,2,2
EAT5C_W34,gender,inferred,,Inferred from name,female,SEX,Male,Female,False,0.8564198354999868,2,2
EAT5C_W34,gender,inferred,,Inferred from name,female,SEX,Female,Female,True,1.0499449354999868,2,2
EAT5D_W34,gender,inferred,,Inferred from name,male,SEX,Male,Male,True,0.9949673765503266,2,2
EAT5D_W34,gender,inferred,,Inferred from name,male,SEX,Female,Male,False,1.1700222947997774,2,2
EAT5D_W34,gender,inferred,,Inferred from name,female,SEX,Male,Female,False,0.9949673715503269,2,2
EAT5D_W34,gender,inferred,,Inferred from name,female,SEX,Female,Female,True,1.1700222897997778,2,2
EVOBIOA_W34,gender,inferred,,Inferred from name,male,SEX,Male,Male,True,0.15728885000000004,2,2
EVOBIOA_W34,gender,inferred,,Inferred from name,male,SEX,Female,Male,False,0.23274415000000004,2,2
EVOBIOA_W34,gender,inferred,,Inferred from name,female,SEX,Male,Female,False,0.15728885000000004,2,2
EVOBIOA_W34,gender,inferred,,Inferred from name,female,SEX,Female,Female,True,0.23274415000000004,2,2
EVOBIOB_W34,gender,inferred,,Inferred from name,male,SEX,Male,Male,True,0.48044180999999997,2,2
EVOBIOB_W34,gender,inferred,,Inferred from name,male,SEX,Female,Male,False,0.34557218999999995,2,2
EVOBIOB_W34,gender,inferred,,Inferred from name,female,SEX,Male,Female,False,0.48044180999999997,2,2
EVOBIOB_W34,gender,inferred,,Inferred from name,female,SEX,Female,Female,True,0.34557218999999995,2,2
EVOPERS3_W34,gender,inferred,,Inferred from name,male,SEX,Male,Male,True,0.815416079,2,2
EVOPERS3_W34,gender,inferred,,Inferred from name,male,SEX,Female,Male,False,0.8756891190000001,2,2
EVOPERS3_W34,gender,inferred,,Inferred from name,female,SEX,Male,Female,False,0.815416079,2,2
EVOPERS3_W34,gender,inferred,,Inferred from name,female,SEX,Female,Female,True,0.8756891190000001,2,2
EVOTHREE_W34,gender,inferred,,Inferred from name,male,SEX,Male,Male,True,0.38139690000000004,2,2
EVOTHREE_W34,gender,inferred,,Inferred from name,male,SEX,Female,Male,False,0.42221830000000005,2,2
EVOTHREE_W34,gender,inferred,,Inferred from name,female,SEX,Male,Female,False,0.3813968995,2,2
EVOTHREE_W34,gender,inferred,,Inferred from name,female,SEX,Female,Female,True,0.4222182995,2,2
FUD22_W34,gender,inferred,,Inferred from name,male,SEX,Male,Male,True,1.2633575850703722,2,2
FUD22_W34,gender,inferred,,Inferred from name,male,SEX,Female,Male,False,1.2481894850703723,2,2
FUD22_W34,gender,inferred,,Inferred from name,female,SEX,Male,Female,False,0.7407703428906313,2,2
FUD22_W34,gender,inferred,,Inferred from name,female,SEX,Female,Female,True,0.7256022428906312,2,2
FUD24_W34,gender,inferred,,Inferred from name,male,SEX,Male,Male,True,0.07431348002101293,2,2
FUD24_W34,gender,inferred,,Inferred from name,male,SEX,Female,Male,False,0.070912530021013,2,2
FUD24_W34,gender,inferred,,Inferred from name,female,SEX,Male,Female,False,0.19597819664369856,2,2
FUD24_W34,gender,inferred,,Inferred from name,female,SEX,Female,Female,True,0.19257724664369863,2,2
FUD33B_W34,gender,inferred,,Inferred from name,male,SEX,Male,Male,True,0.20762955500000002,2,2
FUD33B_W34,gender,inferred,,Inferred from name,male,SEX,Female,Male,False,0.19700520302994798,2,2
FUD33B_W34,gender,inferred,,Inferred from name,female,SEX,Male,Female,False,0.20762955500000002,2,2
FUD33B_W34,gender,inferred,,Inferred from name,female,SEX,Female,Female,True,0.19700520302994798,2,2
FUD35_W34,gender,inferred,,Inferred from name,male,SEX,Male,Male,True,0.8652611530508706,2,2
FUD35_W34,gender,inferred,,Inferred from name,male,SEX,Female,Male,False,0.9842515430508706,2,2
FUD35_W34,gender,inferred,,Inferred from name,female,SEX,Male,Female,False,0.8650849476563122,2,2
FUD35_W34,gender,inferred,,Inferred from name,female,SEX,Female,Female,True,0.984075337656312,2,2
FUD37A_W34,gender,inferred,,Inferred from name,male,SEX,Male,Male,True,0.6605930300097197,2,2
FUD37A_W34,gender,inferred,,Inferred from name,male,SEX,Female,Male,False,0.6945002969609936,2,2
FUD37A_W34,gender,inferred,,Inferred from name,female,SEX,Male,Female,False,0.6606603620106355,2,2
FUD37A_W34,gender,inferred,,Inferred from name,female,SEX,Female,Female,True,0.6945676289619093,2,2
FUD37B_W34,gender,inferred,,Inferred from name,male,SEX,Male,Male,True,0.7887357643806929,2,2
FUD37B_W34,gender,inferred,,Inferred from name,male,SEX,Female,Male,False,1.024108566460011,2,2
FUD37B_W34,gender,inferred,,Inferred from name,female,SEX,Male,Female,False,0.7907967388971601,2,2
FUD37B_W34,gender,inferred,,Inferred from name,female,SEX,Female,Female,True,1.0261695409764782,2,2
FUD37C_W34,gender,inferred,,Inferred from name,male,SEX,Male,Male,True,0.7565606899343741,2,2
FUD37C_W34,gender,inferred,,Inferred from name,male,SEX,Female,Male,False,0.6557935209420457,2,2
FUD37C_W34,gender,inferred,,Inferred from name,female,SEX,Male,Female,False,0.7565669754342625,2,2
FUD37C_W34,gender,inferred,,Inferred from name,female,SEX,Female,Female,True,0.6557998064419341,2,2
BETTERBIZ1F2D_W36,gender,inferred,,Inferred from name,male,SEX,Male,Male,True,0.18721750312782492,2,2
BETTERBIZ1F2D_W36,gender,inferred,,Inferred from name,male,SEX,Female,Male,False,0.17150790671507904,2,2
BETTERBIZ1F2D_W36,gender,inferred,,Inferred from name,female,SEX,Male,Female,False,0.18721750312782492,2,2
BETTERBIZ1F2D_W36,gender,inferred,,Inferred from name,female,SEX,Female,Female,True,0.17150790671507904,2,2
BETTERBIZ1F2E_W36,gender,inferred,,Inferred from name,male,SEX,Male,Male,True,0.25962467,2,2
BETTERBIZ1F2E_W36,gender,inferred,,Inferred from name,male,SEX,Female,Male,False,0.24490170500000003,2,2
BETTERBIZ1F2E_W36,gender,inferred,,Inferred from name,female,SEX,Male,Female,False,0.25962467,2,2
BETTERBIZ1F2E_W36,gender,inferred,,Inferred from name,female,SEX,Female,Female,True,0.24490170500000003,2,2
BETTERBIZ1F2H_W36,gender,inferred,,Inferred from name,male,SEX,Male,Male,True,0.17930833499999999,2,2
BETTERBIZ1F2H_W36,gender,inferred,,Inferred from name,male,SEX,Female,Male,False,0.19672314000000002,2,2
BETTERBIZ1F2H_W36,gender,inferred,,Inferred from name,female,SEX,Male,Female,False,0.17930833499999999,2,2
BETTERBIZ1F2H_W36,gender,inferred,,Inferred from name,female,SEX,Female,Female,True,0.19672314000000002,2,2
BETTERBIZ2F2C_W36,gender,inferred,,Inferred from name,male,SEX,Male,Male,True,0.13595582,2,2
BETTERBIZ2F2C_W36,gender,inferred,,Inferred from name,male,SEX,Female,Male,False,0.13975198,2,2
BETTERBIZ2F2C_W36,gender,inferred,,Inferred from name,female,SEX,Male,Female,False,0.13595582,2,2
BETTERBIZ2F2C_W36,gender,inferred,,Inferred from name,female,SEX,Female,Female,True,0.13975198,2,2
BETTERBIZ2F2E_W36,gender,inferred,,Inferred from name,male,SEX,Male,Male,True,0.14045164,2,2
BETTERBIZ2F2E_W36,gender,inferred,,Inferred from name,male,SEX,Female,Male,False,0.13665084,2,2
BETTERBIZ2F2E_W36,gender,inferred,,Inferred from name,female,SEX,Male,Female,False,0.14045164,2,2
BETTERBIZ2F2E_W36,gender,inferred,,Inferred from name,female,SEX,Female,Female,True,0.13665084,2,2
BETTERBIZ2F2F_W36,gender,inferred,,Inferred from name,male,SEX,Male,Male,True,0.24453069,2,2
BETTERBIZ2F2F_W36,gender,inferred,,Inferred from name,male,SEX,Female,Male,False,0.229354925,2,2
BETTERBIZ2F2F_W36,gender,inferred,,Inferred from name,female,SEX,Male,Female,False,0.24453069,2,2
BETTERBIZ2F2F_W36,gender,inferred,,Inferred from name,female,SEX,Female,Female,True,0.229354925,2,2
BETTERPOL1F1B_W36,gender,inferred,,Inferred from name,male,SEX,Male,Male,True,0.28068357,2,2
BETTERPOL1F1B_W36,gender,inferred,,Inferred from name,male,SEX,Female,Male,False,0.38009848880098485,2,2
BETTERPOL1F1B_W36,gender,inferred,,Inferred from name,female,SEX,Male,Female,False,0.28068357,2,2
BETTERPOL1F1B_W36,gender,inferred,,Inferred from name,female,SEX,Female,Female,True,0.38009848880098485,2,2
BETTERPOL1F1E_W36,gender,inferred,,Inferred from name,male,SEX,Male,Male,True,0.23456874000000003,2,2
BETTERPOL1F1E_W36,gender,inferred,,Inferred from name,male,SEX,Female,Male,False,0.22469266499999999,2,2
BETTERPOL1F1E_W36,gender,inferred,,Inferred from name,female,SEX,Male,Female,False,0.23456874000000003,2,2
BETTERPOL1F1E_W36,gender,inferred,,Inferred from name,female,SEX,Female,Female,True,0.22469266499999999,2,2
BETTERPOL1F1I_W36,gender,inferred,,Inferred from name,male,SEX,Male,Male,True,0.23307257500000003,2,2
BETTERPOL1F1I_W36,gender,inferred,,Inferred from name,male,SEX,Female,Male,False,0.21214545499999998,2,2
BETTERPOL1F1I_W36,gender,inferred,,Inferred from name,female,SEX,Male,Female,False,0.23307257000000012,2,2
BETTERPOL1F1I_W36,gender,inferred,,Inferred from name,female,SEX,Female,Female,True,0.21214545000000007,2,2
BETTERPOL2F1A_W36,gender,inferred,,Inferred from name,male,SEX,Male,Male,True,0.13425760634257605,2,2
BETTERPOL2F1A_W36,gender,inferred,,Inferred from name,male,SEX,Female,Male,False,0.17194688500000002,2,2
BETTERPOL2F1A_W36,gender,inferred,,Inferred from name,female,SEX,Male,Female,False,0.13425760634257605,2,2
BETTERPOL2F1A_W36,gender,inferred,,Inferred from name,female,SEX,Female,Female,True,0.17194688500000002,2,2
BETTERPOL2F1C_W36,gender,inferred,,Inferred from name,male,SEX,Male,Male,True,0.195726475,2,2
BETTERPOL2F1C_W36,gender,inferred,,Inferred from name,male,SEX,Female,Male,False,0.19023156,2,2
BETTERPOL2F1C_W36,gender,inferred,,Inferred from name,female,SEX,Male,Female,False,0.195726475,2,2
BETTERPOL2F1C_W36,gender,inferred,,Inferred from name,female,SEX,Female,Female,True,0.19023156,2,2
BETTERPOL2F1D_W36,gender,inferred,,Inferred from name,male,SEX,Male,Male,True,0.23899250500000002,2,2
BETTERPOL2F1D_W36,gender,inferred,,Inferred from name,male,SEX,Female,Male,False,0.17216163672161638,2,2
BETTERPOL2F1D_W36,gender,inferred,,Inferred from name,female,SEX,Male,Female,False,0.23899250500000002,2,2
BETTERPOL2F1D_W36,gender,inferred,,Inferred from name,female,SEX,Female,Female,True,0.17216163672161638,2,2
BETTERPOL2F1F_W36,gender,inferred,,Inferred from name,male,SEX,Male,Male,True,0.20627795293722045,2,2
BETTERPOL2F1F_W36,gender,inferred,,Inferred from name,male,SEX,Female,Male,False,0.2233584,2,2
BETTERPOL2F1F_W36,gender,inferred,,Inferred from name,female,SEX,Male,Female,False,0.20627795293722045,2,2
BETTERPOL2F1F_W36,gender,inferred,,Inferred from name,female,SEX,Female,Female,True,0.2233584,2,2
E5_W36,gender,inferred,,Inferred from name,male,SEX,Male,Male,True,1.037363629499941,2,2
E5_W36,gender,inferred,,Inferred from name,male,SEX,Female,Male,False,1.321077476289119,2,2
E5_W36,gender,inferred,,Inferred from name,female,SEX,Male,Female,False,1.0373162200001302,2,2
E5_W36,gender,inferred,,Inferred from name,female,SEX,Female,Female,True,1.3210300667893082,2,2
ESSENBIZF2E_W36,gender,inferred,,Inferred from name,male,SEX,Male,Male,True,0.5376059085457854,2,2
ESSENBIZF2E_W36,gender,inferred,,Inferred from name,male,SEX,Female,Male,False,0.6613552885457854,2,2
ESSENBIZF2E_W36,gender,inferred,,Inferred from name,female,SEX,Male,Female,False,0.5297572612091188,2,2
ESSENBIZF2E_W36,gender,inferred,,Inferred from name,female,SEX,Female,Female,True,0.6535066412091188,2,2
ESSENBIZF2J_W36,gender,inferred,,Inferred from name,male,SEX,Male,Male,True,0.4117001125276225,2,2
ESSENBIZF2J_W36,gender,inferred,,Inferred from name,male,SEX,Female,Male,False,0.3326867458679642,2,2
ESSENBIZF2J_W36,gender,inferred,,Inferred from name,female,SEX,Male,Female,False,0.41062165901212955,2,2
ESSENBIZF2J_W36,gender,inferred,,Inferred from name,female,SEX,Female,Female,True,0.33160829235247125,2,2
ESSENPOLF1A_W36,gender,inferred,,Inferred from name,male,SEX,Male,Male,True,0.120030198799698,2,2
ESSENPOLF1A_W36,gender,inferred,,Inferred from name,male,SEX,Female,Male,False,0.11982761999999991,2,2
ESSENPOLF1A_W36,gender,inferred,,Inferred from name,female,SEX,Male,Female,False,0.12003019529969805,2,2
ESSENPOLF1A_W36,gender,inferred,,Inferred from name,female,SEX,Female,Female,True,0.11982761649999996,2,2
ESSENPOLF1B_W36,gender,inferred,,Inferred from name,male,SEX,Male,Male,True,0.19403039455116222,2,2
ESSENPOLF1B_W36,gender,inferred,,Inferred from name,male,SEX,Female,Male,False,0.06573983812971484,2,2
ESSENPOLF1B_W36,gender,inferred,,Inferred from name,female,SEX,Male,Female,False,0.34499540043419497,2,2
ESSENPOLF1B_W36,gender,inferred,,Inferred from name,female,SEX,Female,Female,True,0.205994635753319,2,2
ESSENPOLF1D_W36,gender,inferred,,Inferred from name,male,SEX,Male,Male,True,0.24413043494184128,2,2
ESSENPOLF1D_W36,gender,inferred,,Inferred from name,male,SEX,Female,Male,False,0.23652632250035177,2,2
ESSENPOLF1D_W36,gender,inferred,,Inferred from name,female,SEX,Male,Female,False,0.24410447744111163,2,2
ESSENPOLF1D_W36,gender,inferred,,Inferred from name,female,SEX,Female,Female,True,0.23650036499962213,2,2
ESSENPOLF1G_W36,gender,inferred,,Inferred from name,male,SEX,Male,Male,True,0.39733542341571854,2,2
ESSENPOLF1G_W36,gender,inferred,,Inferred from name,male,SEX,Female,Male,False,0.41731051341571845,2,2
ESSENPOLF1G_W36,gender,inferred,,Inferred from name,female,SEX,Male,Female,False,0.35916142991840866,2,2
ESSENPOLF1G_W36,gender,inferred,,Inferred from name,female,SEX,Female,Female,True,0.3791365199184086,2,2
ESSENPOLF1H_W36,gender,inferred,,Inferred from name,male,SEX,Male,Male,True,0.45230230652303904,2,2
ESSENPOLF1H_W36,gender,inferred,,Inferred from name,male,SEX,Female,Male,False,0.2861228920000114,2,2
ESSENPOLF1H_W36,gender,inferred,,Inferred from name,female,SEX,Male,Female,False,0.4523022035230394,2,2
ESSENPOLF1H_W36,gender,inferred,,Inferred from name,female,SEX,Female,Female,True,0.28612278900001176,2,2
HIGHEDWRNGB_W36,gender,inferred,,Inferred from name,male,SEX,Male,Male,True,0.7089741661990032,2,2
HIGHEDWRNGB_W36,gender,inferred,,Inferred from name,male,SEX,Female,Male,False,0.6623991166647538,2,2
HIGHEDWRNGB_W36,gender,inferred,,Inferred from name,female,SEX,Male,Female,False,0.7243871924022189,2,2
HIGHEDWRNGB_W36,gender,inferred,,Inferred from name,female,SEX,Female,Female,True,0.6778121428679694,2,2
HIGHEDWRNGC_W36,gender,inferred,,Inferred from name,male,SEX,Male,Male,True,0.6157396055224827,2,2
HIGHEDWRNGC_W36,gender,inferred,,Inferred from name,male,SEX,Female,Male,False,0.5130304488004542,2,2
HIGHEDWRNGC_W36,gender,inferred,,Inferred from name,female,SEX,Male,Female,False,0.6604563562168347,2,2
HIGHEDWRNGC_W36,gender,inferred,,Inferred from name,female,SEX,Female,Female,True,0.5577471994948062,2,2
IMPROVE1_W36,gender,inferred,,Inferred from name,male,SEX,Male,Male,True,1.063374111500015,2,2
IMPROVE1_W36,gender,inferred,,Inferred from name,male,SEX,Female,Male,False,0.8075520734244888,2,2
IMPROVE1_W36,gender,inferred,,Inferred from name,female,SEX,Male,Female,False,1.0633742855000008,2,2
IMPROVE1_W36,gender,inferred,,Inferred from name,female,SEX,Female,Female,True,0.8075522474244745,2,2
IMPROVE2_W36,gender,inferred,,Inferred from name,male,SEX,Male,Male,True,0.8308257045012453,2,2
IMPROVE2_W36,gender,inferred,,Inferred from name,male,SEX,Female,Male,False,0.6598487479012014,2,2
IMPROVE2_W36,gender,inferred,,Inferred from name,female,SEX,Male,Female,False,0.8308024075026846,2,2
IMPROVE2_W36,gender,inferred,,Inferred from name,female,SEX,Female,Female,True,0.6598254509026408,2,2
IMPROVE3_W36,gender,inferred,,Inferred from name,male,SEX,Male,Male,True,1.3411485310004552,2,2
IMPROVE3_W36,gender,inferred,,Inferred from name,male,SEX,Female,Male,False,0.9030525610004554,2,2
IMPROVE3_W36,gender,inferred,,Inferred from name,female,SEX,Male,Female,False,1.3412237524996886,2,2
IMPROVE3_W36,gender,inferred,,Inferred from name,female,SEX,Female,Female,True,0.9031277824996886,2,2
MOREWMN1F2_W36,gender,inferred,,Inferred from name,male,SEX,Male,Male,True,0.18548688127439072,2,2
MOREWMN1F2_W36,gender,inferred,,Inferred from name,male,SEX,Female,Male,False,0.10531866127439066,2,2
MOREWMN1F2_W36,gender,inferred,,Inferred from name,female,SEX,Male,Female,False,0.2528672674119501,2,2
MOREWMN1F2_W36,gender,inferred,,Inferred from name,female,SEX,Female,Female,True,0.17269904741195002,2,2
POLCHF1_W36,gender,inferred,,Inferred from name,male,SEX,Male,Male,True,0.75667803,2,2
POLCHF1_W36,gender,inferred,,Inferred from name,male,SEX,Female,Male,False,0.6992350199999999,2,2
POLCHF1_W36,gender,inferred,,Inferred from name,female,SEX,Male,Female,False,0.75667803,2,2
POLCHF1_W36,gender,inferred,,Inferred from name,female,SEX,Female,Female,True,0.6992350199999999,2,2
TRAITBIZMF2C_W36,gender,inferred,,Inferred from name,male,SEX,Male,Male,True,0.16081207499999994,2,2
TRAITBIZMF2C_W36,gender,inferred,,Inferred from name,male,SEX,Female,Male,False,0.17774190500000003,2,2
TRAITBIZMF2C_W36,gender,inferred,,Inferred from name,female,SEX,Male,Female,False,0.16081207274999998,2,2
TRAITBIZMF2C_W36,gender,inferred,,Inferred from name,female,SEX,Female,Female,True,0.17774190275000007,2,2
TRAITBIZMF2D_W36,gender,inferred,,Inferred from name,male,SEX,Male,Male,True,0.19618879325000016,2,2
TRAITBIZMF2D_W36,gender,inferred,,Inferred from name,male,SEX,Female,Male,False,0.2445621482500001,2,2
TRAITBIZMF2D_W36,gender,inferred,,Inferred from name,female,SEX,Male,Female,False,0.1961886734999978,2,2
TRAITBIZMF2D_W36,gender,inferred,,Inferred from name,female,SEX,Female,Female,True,0.24456202849999775,2,2
TRAITBIZMF2E_W36,gender,inferred,,Inferred from name,male,SEX,Male,Male,True,0.12497542750024576,2,2
TRAITBIZMF2E_W36,gender,inferred,,Inferred from name,male,SEX,Female,Male,False,0.1728361087500001,2,2
TRAITBIZMF2E_W36,gender,inferred,,Inferred from name,female,SEX,Male,Female,False,0.12497540350024644,2,2
TRAITBIZMF2E_W36,gender,inferred,,Inferred from name,female,SEX,Female,Female,True,0.17283608475000078,2,2
TRAITBIZMF2G_W36,gender,inferred,,Inferred from name,male,SEX,Male,Male,True,0.2964897190508769,2,2
TRAITBIZMF2G_W36,gender,inferred,,Inferred from name,male,SEX,Female,Male,False,0.2865761940508769,2,2
TRAITBIZMF2G_W36,gender,inferred,,Inferred from name,female,SEX,Male,Female,False,0.2855441650131576,2,2
TRAITBIZMF2G_W36,gender,inferred,,Inferred from name,female,SEX,Female,Female,True,0.2756306400131576,2,2
TRAITBIZWF2C_W36,gender,inferred,,Inferred from name,male,SEX,Male,Male,True,0.2818550817500004,2,2
TRAITBIZWF2C_W36,gender,inferred,,Inferred from name,male,SEX,Female,Male,False,0.36685176041851936,2,2
TRAITBIZWF2C_W36,gender,inferred,,Inferred from name,female,SEX,Male,Female,False,0.28185515799999983,2,2
TRAITBIZWF2C_W36,gender,inferred,,Inferred from name,female,SEX,Female,Female,True,0.3668518366685188,2,2
TRAITBIZWF2D_W36,gender,inferred,,Inferred from name,male,SEX,Male,Male,True,0.2175313089999999,2,2
TRAITBIZWF2D_W36,gender,inferred,,Inferred from name,male,SEX,Female,Male,False,0.27730860399999985,2,2
TRAITBIZWF2D_W36,gender,inferred,,Inferred from name,female,SEX,Male,Female,False,0.21753134224999982,2,2
TRAITBIZWF2D_W36,gender,inferred,,Inferred from name,female,SEX,Female,Female,True,0.27730863724999977,2,2
TRAITBIZWF2E_W36,gender,inferred,,Inferred from name,male,SEX,Male,Male,True,0.3417655330000005,2,2
TRAITBIZWF2E_W36,gender,inferred,,Inferred from name,male,SEX,Female,Male,False,0.36490444800000055,2,2
TRAITBIZWF2E_W36,gender,inferred,,Inferred from name,female,SEX,Male,Female,False,0.34176555950000087,2,2
TRAITBIZWF2E_W36,gender,inferred,,Inferred from name,female,SEX,Female,Female,True,0.3649044745000009,2,2
TRAITBIZWF2G_W36,gender,inferred,,Inferred from name,male,SEX,Male,Male,True,0.3960632937882746,2,2
TRAITBIZWF2G_W36,gender,inferred,,Inferred from name,male,SEX,Female,Male,False,0.3888300277532775,2,2
TRAITBIZWF2G_W36,gender,inferred,,Inferred from name,female,SEX,Male,Female,False,0.39645678653360494,2,2
TRAITBIZWF2G_W36,gender,inferred,,Inferred from name,female,SEX,Female,Female,True,0.38922352049860787,2,2
TRAITPOLMF1B_W36,gender,inferred,,Inferred from name,male,SEX,Male,Male,True,0.36168424600330484,2,2
TRAITPOLMF1B_W36,gender,inferred,,Inferred from name,male,SEX,Female,Male,False,0.3147693960033048,2,2
TRAITPOLMF1B_W36,gender,inferred,,Inferred from name,female,SEX,Male,Female,False,0.33840331224572034,2,2
TRAITPOLMF1B_W36,gender,inferred,,Inferred from name,female,SEX,Female,Female,True,0.29148846224572034,2,2
TRAITPOLMF1C_W36,gender,inferred,,Inferred from name,male,SEX,Male,Male,True,0.21104835175000064,2,2
TRAITPOLMF1C_W36,gender,inferred,,Inferred from name,male,SEX,Female,Male,False,0.15218216675000074,2,2
TRAITPOLMF1C_W36,gender,inferred,,Inferred from name,female,SEX,Male,Female,False,0.21104831599999996,2,2
TRAITPOLMF1C_W36,gender,inferred,,Inferred from name,female,SEX,Female,Female,True,0.15218213100000005,2,2
TRAITPOLMF1D_W36,gender,inferred,,Inferred from name,male,SEX,Male,Male,True,0.20421655370783437,2,2
TRAITPOLMF1D_W36,gender,inferred,,Inferred from name,male,SEX,Female,Male,False,0.18144381756443828,2,2
TRAITPOLMF1D_W36,gender,inferred,,Inferred from name,female,SEX,Male,Female,False,0.20421650970783406,2,2
TRAITPOLMF1D_W36,gender,inferred,,Inferred from name,female,SEX,Female,Female,True,0.18144377356443797,2,2
TRAITPOLMF1E_W36,gender,inferred,,Inferred from name,male,SEX,Male,Male,True,0.13418692374999958,2,2
TRAITPOLMF1E_W36,gender,inferred,,Inferred from name,male,SEX,Female,Male,False,0.17053455874999957,2,2
TRAITPOLMF1E_W36,gender,inferred,,Inferred from name,female,SEX,Male,Female,False,0.13418663225001454,2,2
TRAITPOLMF1E_W36,gender,inferred,,Inferred from name,female,SEX,Female,Female,True,0.17053426725001453,2,2
TRAITPOLMF1F_W36,gender,inferred,,Inferred from name,male,SEX,Male,Male,True,0.2769998343664952,2,2
TRAITPOLMF1F_W36,gender,inferred,,Inferred from name,male,SEX,Female,Male,False,0.29758038060863806,2,2
TRAITPOLMF1F_W36,gender,inferred,,Inferred from name,female,SEX,Male,Female,False,0.2707872198541871,2,2
TRAITPOLMF1F_W36,gender,inferred,,Inferred from name,female,SEX,Female,Female,True,0.2913677660963299,2,2
TRAITPOLMF1G_W36,gender,inferred,,Inferred from name,male,SEX,Male,Male,True,0.2630855623295338,2,2
TRAITPOLMF1G_W36,gender,inferred,,Inferred from name,male,SEX,Female,Male,False,0.25306577969945876,2,2
TRAITPOLMF1G_W36,gender,inferred,,Inferred from name,female,SEX,Male,Female,False,0.26939556429902817,2,2
TRAITPOLMF1G_W36,gender,inferred,,Inferred from name,female,SEX,Female,Female,True,0.25937578166895314,2,2
TRAITPOLWF1A_W36,gender,inferred,,Inferred from name,male,SEX,Male,Male,True,0.21645391175006573,2,2
TRAITPOLWF1A_W36,gender,inferred,,Inferred from name,male,SEX,Female,Male,False,0.2650721317500657,2,2
TRAITPOLWF1A_W36,gender,inferred,,Inferred from name,female,SEX,Male,Female,False,0.21645489950000008,2,2
TRAITPOLWF1A_W36,gender,inferred,,Inferred from name,female,SEX,Female,Female,True,0.26507311950000007,2,2
TRAITPOLWF1C_W36,gender,inferred,,Inferred from name,male,SEX,Male,Male,True,0.34884460574989695,2,2
TRAITPOLWF1C_W36,gender,inferred,,Inferred from name,male,SEX,Female,Male,False,0.35876514933761283,2,2
TRAITPOLWF1C_W36,gender,inferred,,Inferred from name,female,SEX,Male,Female,False,0.34884874875001953,2,2
TRAITPOLWF1C_W36,gender,inferred,,Inferred from name,female,SEX,Female,Female,True,0.3587692923377354,2,2
TRAITPOLWF1D_W36,gender,inferred,,Inferred from name,male,SEX,Male,Male,True,0.21402482350000057,2,2
TRAITPOLWF1D_W36,gender,inferred,,Inferred from name,male,SEX,Female,Male,False,0.17986960170130434,2,2
TRAITPOLWF1D_W36,gender,inferred,,Inferred from name,female,SEX,Male,Female,False,0.2140248317500002,2,2
TRAITPOLWF1D_W36,gender,inferred,,Inferred from name,female,SEX,Female,Female,True,0.17986960995130397,2,2
TRAITPOLWF1E_W36,gender,inferred,,Inferred from name,male,SEX,Male,Male,True,0.31170326649999497,2,2
TRAITPOLWF1E_W36,gender,inferred,,Inferred from name,male,SEX,Female,Male,False,0.40189526149999494,2,2
TRAITPOLWF1E_W36,gender,inferred,,Inferred from name,female,SEX,Male,Female,False,0.31170336125000164,2,2
TRAITPOLWF1E_W36,gender,inferred,,Inferred from name,female,SEX,Female,Female,True,0.4018953562500016,2,2
TRAITPOLWF1F_W36,gender,inferred,,Inferred from name,male,SEX,Male,Male,True,0.25524041482673154,2,2
TRAITPOLWF1F_W36,gender,inferred,,Inferred from name,male,SEX,Female,Male,False,0.3294501698267316,2,2
TRAITPOLWF1F_W36,gender,inferred,,Inferred from name,female,SEX,Male,Female,False,0.23424326965247833,2,2
TRAITPOLWF1F_W36,gender,inferred,,Inferred from name,female,SEX,Female,Female,True,0.30845302465247837,2,2
TRAITPOLWF1G_W36,gender,inferred,,Inferred from name,male,SEX,Male,Male,True,0.313523396385234,2,2
TRAITPOLWF1G_W36,gender,inferred,,Inferred from name,male,SEX,Female,Male,False,0.34092971320494725,2,2
TRAITPOLWF1G_W36,gender,inferred,,Inferred from name,female,SEX,Male,Female,False,0.3162983594597022,2,2
TRAITPOLWF1G_W36,gender,inferred,,Inferred from name,female,SEX,Female,Female,True,0.3437046762794154,2,2
WHYNOTBIZF2A_W36,gender,inferred,,Inferred from name,male,SEX,Male,Male,True,0.8250298180002037,2,2
WHYNOTBIZF2A_W36,gender,inferred,,Inferred from name,male,SEX,Female,Male,False,0.6180965280002036,2,2
WHYNOTBIZF2A_W36,gender,inferred,,Inferred from name,female,SEX,Male,Female,False,0.8250198130001974,2,2
WHYNOTBIZF2A_W36,gender,inferred,,Inferred from name,female,SEX,Female,Female,True,0.6180865230001973,2,2
WHYNOTBIZF2B_W36,gender,inferred,,Inferred from name,male,SEX,Male,Male,True,0.7775027910000003,2,2
WHYNOTBIZF2B_W36,gender,inferred,,Inferred from name,male,SEX,Female,Male,False,0.4696404110000002,2,2
WHYNOTBIZF2B_W36,gender,inferred,,Inferred from name,female,SEX,Male,Female,False,0.777502796,2,2
WHYNOTBIZF2B_W36,gender,inferred,,Inferred from name,female,SEX,Female,Female,True,0.46964041600000006,2,2
WHYNOTBIZF2D_W36,gender,inferred,,Inferred from name,male,SEX,Male,Male,True,0.4855258688564784,2,2
WHYNOTBIZF2D_W36,gender,inferred,,Inferred from name,male,SEX,Female,Male,False,0.4809948588564784,2,2
WHYNOTBIZF2D_W36,gender,inferred,,Inferred from name,female,SEX,Male,Female,False,0.6038539809946863,2,2
WHYNOTBIZF2D_W36,gender,inferred,,Inferred from name,female,SEX,Female,Female,True,0.5993229709946862,2,2
WHYNOTBIZF2F_W36,gender,inferred,,Inferred from name,male,SEX,Male,Male,True,0.17803362994653135,2,2
WHYNOTBIZF2F_W36,gender,inferred,,Inferred from name,male,SEX,Female,Male,False,0.19234110994653136,2,2
WHYNOTBIZF2F_W36,gender,inferred,,Inferred from name,female,SEX,Male,Female,False,0.32253124505356656,2,2
WHYNOTBIZF2F_W36,gender,inferred,,Inferred from name,female,SEX,Female,Female,True,0.3368387250535666,2,2
WHYNOTBIZF2G_W36,gender,inferred,,Inferred from name,male,SEX,Male,Male,True,1.167273292179725,2,2
WHYNOTBIZF2G_W36,gender,inferred,,Inferred from name,male,SEX,Female,Male,False,0.8581778205054886,2,2
WHYNOTBIZF2G_W36,gender,inferred,,Inferred from name,female,SEX,Male,Female,False,1.1673817426742366,2,2
WHYNOTBIZF2G_W36,gender,inferred,,Inferred from name,female,SEX,Female,Female,True,0.8582862710000002,2,2
WHYNOTBIZF2H_W36,gender,inferred,,Inferred from name,male,SEX,Male,Male,True,0.7953754289999411,2,2
WHYNOTBIZF2H_W36,gender,inferred,,Inferred from name,male,SEX,Female,Male,False,0.324946408999941,2,2
WHYNOTBIZF2H_W36,gender,inferred,,Inferred from name,female,SEX,Male,Female,False,0.7953760490000193,2,2
WHYNOTBIZF2H_W36,gender,inferred,,Inferred from name,female,SEX,Female,Female,True,0.32494702900001926,2,2
WHYNOTBIZF2J_W36,gender,inferred,,Inferred from name,male,SEX,Male,Male,True,0.8656217116562176,2,2
WHYNOTBIZF2J_W36,gender,inferred,,Inferred from name,male,SEX,Female,Male,False,0.7109422530000004,2,2
WHYNOTBIZF2J_W36,gender,inferred,,Inferred from name,female,SEX,Male,Female,False,0.8656217121562173,2,2
WHYNOTBIZF2J_W36,gender,inferred,,Inferred from name,female,SEX,Female,Female,True,0.7109422535000001,2,2
WHYNOTBIZF2M_W36,gender,inferred,,Inferred from name,male,SEX,Male,Male,True,1.1794669344836777,2,2
WHYNOTBIZF2M_W36,gender,inferred,,Inferred from name,male,SEX,Female,Male,False,0.9417042044836775,2,2
WHYNOTBIZF2M_W36,gender,inferred,,Inferred from name,female,SEX,Male,Female,False,1.219164572420165,2,2
WHYNOTBIZF2M_W36,gender,inferred,,Inferred from name,female,SEX,Female,Female,True,0.9814018424201649,2,2
WHYNOTBIZF2N_W36,gender,inferred,,Inferred from name,male,SEX,Male,Male,True,1.2396005700000434,2,2
WHYNOTBIZF2N_W36,gender,inferred,,Inferred from name,male,SEX,Female,Male,False,1.0138439498615703,2,2
WHYNOTBIZF2N_W36,gender,inferred,,Inferred from name,female,SEX,Male,Female,False,1.239601767499984,2,2
WHYNOTBIZF2N_W36,gender,inferred,,Inferred from name,female,SEX,Female,Female,True,1.0138451473615109,2,2
WHYNOTBIZF2O_W36,gender,inferred,,Inferred from name,male,SEX,Male,Male,True,0.9502719189972809,2,2
WHYNOTBIZF2O_W36,gender,inferred,,Inferred from name,male,SEX,Female,Male,False,0.6216916785,2,2
WHYNOTBIZF2O_W36,gender,inferred,,Inferred from name,female,SEX,Male,Female,False,0.9502719189972809,2,2
WHYNOTBIZF2O_W36,gender,inferred,,Inferred from name,female,SEX,Female,Female,True,0.6216916785,2,2
WHYNOTPOLF1A_W36,gender,inferred,,Inferred from name,male,SEX,Male,Male,True,1.0102003534989452,2,2
WHYNOTPOLF1A_W36,gender,inferred,,Inferred from name,male,SEX,Female,Male,False,0.5822494834989453,2,2
WHYNOTPOLF1A_W36,gender,inferred,,Inferred from name,female,SEX,Male,Female,False,1.01022806,2,2
WHYNOTPOLF1A_W36,gender,inferred,,Inferred from name,female,SEX,Female,Female,True,0.58227719,2,2
WHYNOTPOLF1B_W36,gender,inferred,,Inferred from name,male,SEX,Male,Male,True,0.8791132500000003,2,2
WHYNOTPOLF1B_W36,gender,inferred,,Inferred from name,male,SEX,Female,Male,False,0.5430941500000002,2,2
WHYNOTPOLF1B_W36,gender,inferred,,Inferred from name,female,SEX,Male,Female,False,0.8791132485000002,2,2
WHYNOTPOLF1B_W36,gender,inferred,,Inferred from name,female,SEX,Female,Female,True,0.5430941485000002,2,2
WHYNOTPOLF1C_W36,gender,inferred,,Inferred from name,male,SEX,Male,Male,True,0.838118037381181,2,2
WHYNOTPOLF1C_W36,gender,inferred,,Inferred from name,male,SEX,Female,Male,False,0.8146077090000001,2,2
WHYNOTPOLF1C_W36,gender,inferred,,Inferred from name,female,SEX,Male,Female,False,0.83811803938118,2,2
WHYNOTPOLF1C_W36,gender,inferred,,Inferred from name,female,SEX,Female,Female,True,0.8146077109999992,2,2
WHYNOTPOLF1E_W36,gender,inferred,,Inferred from name,male,SEX,Male,Male,True,1.1245964320597015,2,2
WHYNOTPOLF1E_W36,gender,inferred,,Inferred from name,male,SEX,Female,Male,False,1.1630383720597015,2,2
WHYNOTPOLF1E_W36,gender,inferred,,Inferred from name,female,SEX,Male,Female,False,1.1258755219976608,2,2
WHYNOTPOLF1E_W36,gender,inferred,,Inferred from name,female,SEX,Female,Female,True,1.1643174619976608,2,2
WHYNOTPOLF1G_W36,gender,inferred,,Inferred from name,male,SEX,Male,Male,True,1.099154918568952,2,2
WHYNOTPOLF1G_W36,gender,inferred,,Inferred from name,male,SEX,Female,Male,False,0.7024114785689521,2,2
WHYNOTPOLF1G_W36,gender,inferred,,Inferred from name,female,SEX,Male,Female,False,1.1274427624829144,2,2
WHYNOTPOLF1G_W36,gender,inferred,,Inferred from name,female,SEX,Female,Female,True,0.7306993224829144,2,2
WHYNOTPOLF1I_W36,gender,inferred,,Inferred from name,male,SEX,Male,Male,True,0.9169386590338459,2,2
WHYNOTPOLF1I_W36,gender,inferred,,Inferred from name,male,SEX,Female,Male,False,1.0679346790338462,2,2
WHYNOTPOLF1I_W36,gender,inferred,,Inferred from name,female,SEX,Male,Female,False,0.9029097649817036,2,2
WHYNOTPOLF1I_W36,gender,inferred,,Inferred from name,female,SEX,Female,Female,True,1.0539057849817037,2,2
WHYNOTPOLF1J_W36,gender,inferred,,Inferred from name,male,SEX,Male,Male,True,0.96089926860901,2,2
WHYNOTPOLF1J_W36,gender,inferred,,Inferred from name,male,SEX,Female,Male,False,0.6116363951163816,2,2
WHYNOTPOLF1J_W36,gender,inferred,,Inferred from name,female,SEX,Male,Female,False,0.9608994311089907,2,2
WHYNOTPOLF1J_W36,gender,inferred,,Inferred from name,female,SEX,Female,Female,True,0.6116365576163622,2,2
WHYNOTPOLF1K_W36,gender,inferred,,Inferred from name,male,SEX,Male,Male,True,0.6843681078146754,2,2
WHYNOTPOLF1K_W36,gender,inferred,,Inferred from name,male,SEX,Female,Male,False,0.6936559009486823,2,2
WHYNOTPOLF1K_W36,gender,inferred,,Inferred from name,female,SEX,Male,Female,False,0.6862373463607447,2,2
WHYNOTPOLF1K_W36,gender,inferred,,Inferred from name,female,SEX,Female,Female,True,0.6955251394947515,2,2
WHYNOTPOLF1L_W36,gender,inferred,,Inferred from name,male,SEX,Male,Male,True,1.0001937040000013,2,2
WHYNOTPOLF1L_W36,gender,inferred,,Inferred from name,male,SEX,Female,Male,False,0.7164808140000014,2,2
WHYNOTPOLF1L_W36,gender,inferred,,Inferred from name,female,SEX,Male,Female,False,1.000193706000001,2,2
WHYNOTPOLF1L_W36,gender,inferred,,Inferred from name,female,SEX,Female,Female,True,0.7164808160000009,2,2
WMNPRZ1_W36,gender,inferred,,Inferred from name,male,SEX,Male,Male,True,0.5483979141122919,2,2
WMNPRZ1_W36,gender,inferred,,Inferred from name,male,SEX,Female,Male,False,0.6316560898409552,2,2
WMNPRZ1_W36,gender,inferred,,Inferred from name,female,SEX,Male,Female,False,0.5448839137816444,2,2
WMNPRZ1_W36,gender,inferred,,Inferred from name,female,SEX,Female,Female,True,0.6281420895103079,2,2
AUTOLKLY_W41,gender,inferred,,Inferred from name,male,SEX,Male,Male,True,1.0468958020001733,2,2
AUTOLKLY_W41,gender,inferred,,Inferred from name,male,SEX,Female,Male,False,0.9292525620001733,2,2
AUTOLKLY_W41,gender,inferred,,Inferred from name,female,SEX,Male,Female,False,1.0469002010000477,2,2
AUTOLKLY_W41,gender,inferred,,Inferred from name,female,SEX,Female,Female,True,0.9292569610000476,2,2
AUTOWKPLC_W41,gender,inferred,,Inferred from name,male,SEX,Male,Male,True,0.4028065897500727,2,2
AUTOWKPLC_W41,gender,inferred,,Inferred from name,male,SEX,Female,Male,False,0.3352895597500727,2,2
AUTOWKPLC_W41,gender,inferred,,Inferred from name,female,SEX,Male,Female,False,0.40277201924986805,2,2
AUTOWKPLC_W41,gender,inferred,,Inferred from name,female,SEX,Female,Female,True,0.3352549892498681,2,2
ETHNCMAJMOD_W41,gender,inferred,,Inferred from name,male,SEX,Male,Male,True,0.39279014845370236,2,2
ETHNCMAJMOD_W41,gender,inferred,,Inferred from name,male,SEX,Female,Male,False,0.35132607345370226,2,2
ETHNCMAJMOD_W41,gender,inferred,,Inferred from name,female,SEX,Male,Female,False,0.3435143642878783,2,2
ETHNCMAJMOD_W41,gender,inferred,,Inferred from name,female,SEX,Female,Female,True,0.3192468992878782,2,2
FTRWORRYc_W41,gender,inferred,,Inferred from name,male,SEX,Male,Male,True,0.6605945608891687,2,2
FTRWORRYc_W41,gender,inferred,,Inferred from name,male,SEX,Female,Male,False,0.6387504911076093,2,2
FTRWORRYc_W41,gender,inferred,,Inferred from name,female,SEX,Male,Female,False,0.6606215798837378,2,2
FTRWORRYc_W41,gender,inferred,,Inferred from name,female,SEX,Female,Female,True,0.6387775101021784,2,2
FTRWORRYe_W41,gender,inferred,,Inferred from name,male,SEX,Male,Male,True,0.685895772515112,2,2
FTRWORRYe_W41,gender,inferred,,Inferred from name,male,SEX,Female,Male,False,0.6990976883677403,2,2
FTRWORRYe_W41,gender,inferred,,Inferred from name,female,SEX,Male,Female,False,0.6809611700869018,2,2
FTRWORRYe_W41,gender,inferred,,Inferred from name,female,SEX,Female,Female,True,0.6941630859395301,2,2
FTRWORRYf_W41,gender,inferred,,Inferred from name,male,SEX,Male,Male,True,1.0707453024999527,2,2
FTRWORRYf_W41,gender,inferred,,Inferred from name,male,SEX,Female,Male,False,0.9134423124999527,2,2
FTRWORRYf_W41,gender,inferred,,Inferred from name,female,SEX,Male,Female,False,1.0707460754999802,2,2
FTRWORRYf_W41,gender,inferred,,Inferred from name,female,SEX,Female,Female,True,0.9134430854999802,2,2
FUTRCLASSb_W41,gender,inferred,,Inferred from name,male,SEX,Male,Male,True,0.3716946607500134,2,2
FUTRCLASSb_W41,gender,inferred,,Inferred from name,male,SEX,Female,Male,False,0.44172669575001333,2,2
FUTRCLASSb_W41,gender,inferred,,Inferred from name,female,SEX,Male,Female,False,0.3716933562498668,2,2
FUTRCLASSb_W41,gender,inferred,,Inferred from name,female,SEX,Female,Female,True,0.44172539124986676,2,2
FUTRCLASSc_W41,gender,inferred,,Inferred from name,male,SEX,Male,Male,True,0.27444654425000736,2,2
FUTRCLASSc_W41,gender,inferred,,Inferred from name,male,SEX,Female,Male,False,0.2794212792500074,2,2
FUTRCLASSc_W41,gender,inferred,,Inferred from name,female,SEX,Male,Female,False,0.2744466345000017,2,2
FUTRCLASSc_W41,gender,inferred,,Inferred from name,female,SEX,Female,Female,True,0.27942136950000174,2,2
FUTR_DIV_W41,gender,inferred,,Inferred from name,male,SEX,Male,Male,True,0.5961695237389301,2,2
FUTR_DIV_W41,gender,inferred,,Inferred from name,male,SEX,Female,Male,False,0.5768964687389301,2,2
FUTR_DIV_W41,gender,inferred,,Inferred from name,female,SEX,Male,Female,False,0.5960389959863943,2,2
FUTR_DIV_W41,gender,inferred,,Inferred from name,female,SEX,Female,Female,True,0.5767659409863942,2,2
GOVPRIOb_W41,gender,inferred,,Inferred from name,male,SEX,Male,Male,True,0.7504385160000412,2,2
GOVPRIOb_W41,gender,inferred,,Inferred from name,male,SEX,Female,Male,False,0.5337475713375529,2,2
GOVPRIOb_W41,gender,inferred,,Inferred from name,female,SEX,Male,Female,False,0.7504401884999911,2,2
GOVPRIOb_W41,gender,inferred,,Inferred from name,female,SEX,Female,Female,True,0.5337492438375028,2,2
GOVPRIOc_W41,gender,inferred,,Inferred from name,male,SEX,Male,Male,True,0.590737135592629,2,2
GOVPRIOc_W41,gender,inferred,,Inferred from name,male,SEX,Female,Male,False,0.3773873315000008,2,2
GOVPRIOc_W41,gender,inferred,,Inferred from name,female,SEX,Male,Female,False,0.5907371445926285,2,2
GOVPRIOc_W41,gender,inferred,,Inferred from name,female,SEX,Female,Female,True,0.37738734050000033,2,2
GOVPRIOe_W41,gender,inferred,,Inferred from name,male,SEX,Male,Male,True,0.8788082635000555,2,2
GOVPRIOe_W41,gender,inferred,,Inferred from name,male,SEX,Female,Male,False,0.7545302235000555,2,2
GOVPRIOe_W41,gender,inferred,,Inferred from name,female,SEX,Male,Female,False,0.8788098689999656,2,2
GOVPRIOe_W41,gender,inferred,,Inferred from name,female,SEX,Female,Female,True,0.7545318289999656,2,2
GOVPRIOfF1_W41,gender,inferred,,Inferred from name,male,SEX,Male,Male,True,0.70129258896539,2,2
GOVPRIOfF1_W41,gender,inferred,,Inferred from name,male,SEX,Female,Male,False,0.6301507860346114,2,2
GOVPRIOfF1_W41,gender,inferred,,Inferred from name,female,SEX,Male,Female,False,0.7201025200947404,2,2
GOVPRIOfF1_W41,gender,inferred,,Inferred from name,female,SEX,Female,Female,True,0.6406608400947406,2,2
GOVPRIOgF1_W41,gender,inferred,,Inferred from name,male,SEX,Male,Male,True,1.145214062662587,2,2
GOVPRIOgF1_W41,gender,inferred,,Inferred from name,male,SEX,Female,Male,False,1.1217367539506444,2,2
GOVPRIOgF1_W41,gender,inferred,,Inferred from name,female,SEX,Male,Female,False,1.1465745715941902,2,2
GOVPRIOgF1_W41,gender,inferred,,Inferred from name,female,SEX,Female,Female,True,1.1230972628822475,2,2
GOVPRIOhF1_W41,gender,inferred,,Inferred from name,male,SEX,Male,Male,True,0.9795485716927507,2,2
GOVPRIOhF1_W41,gender,inferred,,Inferred from name,male,SEX,Female,Male,False,1.0759464914984656,2,2
GOVPRIOhF1_W41,gender,inferred,,Inferred from name,female,SEX,Male,Female,False,0.9798036181912135,2,2
GOVPRIOhF1_W41,gender,inferred,,Inferred from name,female,SEX,Female,Female,True,1.0762015379969285,2,2
GOVPRIOiF1_W41,gender,inferred,,Inferred from name,male,SEX,Male,Male,True,0.48344373748066666,2,2
GOVPRIOiF1_W41,gender,inferred,,Inferred from name,male,SEX,Female,Male,False,0.49765556748066697,2,2
GOVPRIOiF1_W41,gender,inferred,,Inferred from name,female,SEX,Male,Female,False,0.48339442448621855,2,2
GOVPRIOiF1_W41,gender,inferred,,Inferred from name,female,SEX,Female,Female,True,0.49760625448621887,2,2
GOVPRIOjF1_W41,gender,inferred,,Inferred from name,male,SEX,Male,Male,True,0.7627285936572518,2,2
GOVPRIOjF1_W41,gender,inferred,,Inferred from name,male,SEX,Female,Male,False,0.6536451813939753,2,2
GOVPRIOjF1_W41,gender,inferred,,Inferred from name,female,SEX,Male,Female,False,0.767008408216629,2,2
GOVPRIOjF1_W41,gender,inferred,,Inferred from name,female,SEX,Female,Female,True,0.6579249959533525,2,2
GOVPRIOkF2_W41,gender,inferred,,Inferred from name,male,SEX,Male,Male,True,0.9916405854999802,2,2
GOVPRIOkF2_W41,gender,inferred,,Inferred from name,male,SEX,Female,Male,False,1.0565123649348318,2,2
GOVPRIOkF2_W41,gender,inferred,,Inferred from name,female,SEX,Male,Female,False,0.9916402894999917,2,2
GOVPRIOkF2_W41,gender,inferred,,Inferred from name,female,SEX,Female,Female,True,1.0565120689348433,2,2
GOVPRIOlF2_W41,gender,inferred,,Inferred from name,male,SEX,Male,Male,True,0.7454800596983285,2,2
GOVPRIOlF2_W41,gender,inferred,,Inferred from name,male,SEX,Female,Male,False,0.6749670296983286,2,2
GOVPRIOlF2_W41,gender,inferred,,Inferred from name,female,SEX,Male,Female,False,0.7436528537697744,2,2
GOVPRIOlF2_W41,gender,inferred,,Inferred from name,female,SEX,Female,Female,True,0.6731398237697744,2,2
GOVPRIOmF2_W41,gender,inferred,,Inferred from name,male,SEX,Male,Male,True,0.42506058849516287,2,2
GOVPRIOmF2_W41,gender,inferred,,Inferred from name,male,SEX,Female,Male,False,0.235698388495163,2,2
GOVPRIOmF2_W41,gender,inferred,,Inferred from name,female,SEX,Male,Female,False,0.6552379970727136,2,2
GOVPRIOmF2_W41,gender,inferred,,Inferred from name,female,SEX,Female,Female,True,0.46587579707271365,2,2
GOVPRIOnF2_W41,gender,inferred,,Inferred from name,male,SEX,Male,Male,True,1.1782614515068408,2,2
GOVPRIOnF2_W41,gender,inferred,,Inferred from name,male,SEX,Female,Male,False,0.9850557114942134,2,2
GOVPRIOnF2_W41,gender,inferred,,Inferred from name,female,SEX,Male,Female,False,1.1813790445686658,2,2
GOVPRIOnF2_W41,gender,inferred,,Inferred from name,female,SEX,Female,Female,True,0.9881733045560385,2,2
GOVPRIOoF2_W41,gender,inferred,,Inferred from name,male,SEX,Male,Male,True,0.8802019011979809,2,2
GOVPRIOoF2_W41,gender,inferred,,Inferred from name,male,SEX,Female,Male,False,0.7722725922772743,2,2
GOVPRIOoF2_W41,gender,inferred,,Inferred from name,female,SEX,Male,Female,False,0.8802019011979809,2,2
GOVPRIOoF2_W41,gender,inferred,,Inferred from name,female,SEX,Female,Female,True,0.7722725922772743,2,2
HAPPEN2b_W41,gender,inferred,,Inferred from name,male,SEX,Male,Male,True,0.6433702564337026,2,2
HAPPEN2b_W41,gender,inferred,,Inferred from name,male,SEX,Female,Male,False,0.5101510648984896,2,2
HAPPEN2b_W41,gender,inferred,,Inferred from name,female,SEX,Male,Female,False,0.6433702564337026,2,2
HAPPEN2b_W41,gender,inferred,,Inferred from name,female,SEX,Female,Female,True,0.5101510648984896,2,2
HAPPEN2f_W41,gender,inferred,,Inferred from name,male,SEX,Male,Male,True,0.508004555419955,2,2
HAPPEN2f_W41,gender,inferred,,Inferred from name,male,SEX,Female,Male,False,0.544543105945432,2,2
HAPPEN2f_W41,gender,inferred,,Inferred from name,female,SEX,Male,Female,False,0.508004555419955,2,2
HAPPEN2f_W41,gender,inferred,,Inferred from name,female,SEX,Female,Female,True,0.544543105945432,2,2
HARASS1F1b_W41,gender,inferred,,Inferred from name,male,SEX,Male,Male,True,0.6092899839070567,2,2
HARASS1F1b_W41,gender,inferred,,Inferred from name,male,SEX,Female,Male,False,0.6550516999999636,2,2
HARASS1F1b_W41,gender,inferred,,Inferred from name,female,SEX,Male,Female,False,0.609289901407048,2,2
HARASS1F1b_W41,gender,inferred,,Inferred from name,female,SEX,Female,Female,True,0.6550516174999549,2,2
HARASS1F1d_W41,gender,inferred,,Inferred from name,male,SEX,Male,Male,True,0.5590244699999999,2,2
HARASS1F1d_W41,gender,inferred,,Inferred from name,male,SEX,Female,Male,False,0.4005531000000001,2,2
HARASS1F1d_W41,gender,inferred,,Inferred from name,female,SEX,Male,Female,False,0.5590244689999999,2,2
HARASS1F1d_W41,gender,inferred,,Inferred from name,female,SEX,Female,Female,True,0.40055309900000013,2,2
HARASS1NOWRKF2d_W41,gender,inferred,,Inferred from name,male,SEX,Male,Male,True,0.62474847,2,2
HARASS1NOWRKF2d_W41,gender,inferred,,Inferred from name,male,SEX,Female,Male,False,0.3458835,2,2
HARASS1NOWRKF2d_W41,gender,inferred,,Inferred from name,female,SEX,Male,Female,False,0.62474847,2,2
HARASS1NOWRKF2d_W41,gender,inferred,,Inferred from name,female,SEX,Female,Female,True,0.3458835,2,2
HARASS3NOWRKF2_W41,gender,inferred,,Inferred from name,male,SEX,Male,Male,True,0.28762497974997525,2,2
HARASS3NOWRKF2_W41,gender,inferred,,Inferred from name,male,SEX,Female,Male,False,0.2879573597499752,2,2
HARASS3NOWRKF2_W41,gender,inferred,,Inferred from name,female,SEX,Male,Female,False,0.2876247437499756,2,2
HARASS3NOWRKF2_W41,gender,inferred,,Inferred from name,female,SEX,Female,Female,True,0.2879571237499756,2,2
INTRMAR_W41,gender,inferred,,Inferred from name,male,SEX,Male,Male,True,1.0312511121230004,2,2
INTRMAR_W41,gender,inferred,,Inferred from name,male,SEX,Female,Male,False,1.0333783263132905,2,2
INTRMAR_W41,gender,inferred,,Inferred from name,female,SEX,Male,Female,False,1.0366199554068274,2,2
INTRMAR_W41,gender,inferred,,Inferred from name,female,SEX,Female,Female,True,1.0387471695971175,2,2
LEGALIMG_W41,gender,inferred,,Inferred from name,male,SEX,Male,Male,True,0.9143468533208989,2,2
LEGALIMG_W41,gender,inferred,,Inferred from name,male,SEX,Female,Male,False,0.9801455024778136,2,2
LEGALIMG_W41,gender,inferred,,Inferred from name,female,SEX,Male,Female,False,0.9140861553735864,2,2
LEGALIMG_W41,gender,inferred,,Inferred from name,female,SEX,Female,Female,True,0.9798848045305012,2,2
SOLVPROBa_W41,gender,inferred,,Inferred from name,male,SEX,Male,Male,True,0.6316369748163693,2,2
SOLVPROBa_W41,gender,inferred,,Inferred from name,male,SEX,Female,Male,False,0.8027211084999986,2,2
SOLVPROBa_W41,gender,inferred,,Inferred from name,female,SEX,Male,Female,False,0.6316369718163681,2,2
SOLVPROBa_W41,gender,inferred,,Inferred from name,female,SEX,Female,Female,True,0.8027211054999974,2,2
SOLVPROBb_W41,gender,inferred,,Inferred from name,male,SEX,Male,Male,True,0.765935599989117,2,2
SOLVPROBb_W41,gender,inferred,,Inferred from name,male,SEX,Female,Male,False,0.7116986599891171,2,2
SOLVPROBb_W41,gender,inferred,,Inferred from name,female,SEX,Male,Female,False,0.7658511310022941,2,2
SOLVPROBb_W41,gender,inferred,,Inferred from name,female,SEX,Female,Female,True,0.7116141910022942,2,2
SOLVPROBc_W41,gender,inferred,,Inferred from name,male,SEX,Male,Male,True,0.7542961795000909,2,2
SOLVPROBc_W41,gender,inferred,,Inferred from name,male,SEX,Female,Male,False,0.6406193959063274,2,2
SOLVPROBc_W41,gender,inferred,,Inferred from name,female,SEX,Male,Female,False,0.7542967395000552,2,2
SOLVPROBc_W41,gender,inferred,,Inferred from name,female,SEX,Female,Female,True,0.6406199559062917,2,2
SOLVPROBdF1_W41,gender,inferred,,Inferred from name,male,SEX,Male,Male,True,0.837485655987861,2,2
SOLVPROBdF1_W41,gender,inferred,,Inferred from name,male,SEX,Female,Male,False,0.8105932975797678,2,2
SOLVPROBdF1_W41,gender,inferred,,Inferred from name,female,SEX,Male,Female,False,0.8393219583984252,2,2
SOLVPROBdF1_W41,gender,inferred,,Inferred from name,female,SEX,Female,Female,True,0.8124295999903318,2,2
SOLVPROBf_W41,gender,inferred,,Inferred from name,male,SEX,Male,Male,True,1.0133877664750035,2,2
SOLVPROBf_W41,gender,inferred,,Inferred from name,male,SEX,Female,Male,False,0.8719193264750033,2,2
SOLVPROBf_W41,gender,inferred,,Inferred from name,female,SEX,Male,Female,False,1.0125685004126113,2,2
SOLVPROBf_W41,gender,inferred,,Inferred from name,female,SEX,Female,Female,True,0.8711000604126109,2,2
SOLVPROBg_W41,gender,inferred,,Inferred from name,male,SEX,Male,Male,True,0.4976159372295542,2,2
SOLVPROBg_W41,gender,inferred,,Inferred from name,male,SEX,Female,Male,False,0.45557038270347366,2,2
SOLVPROBg_W41,gender,inferred,,Inferred from name,female,SEX,Male,Female,False,0.5586420173079548,2,2
SOLVPROBg_W41,gender,inferred,,Inferred from name,female,SEX,Female,Female,True,0.5165964627818743,2,2
SOLVPROBh_W41,gender,inferred,,Inferred from name,male,SEX,Male,Male,True,1.1714465029999648,2,2
SOLVPROBh_W41,gender,inferred,,Inferred from name,male,SEX,Female,Male,False,1.022487602999965,2,2
SOLVPROBh_W41,gender,inferred,,Inferred from name,female,SEX,Male,Female,False,1.1714462159999908,2,2
SOLVPROBh_W41,gender,inferred,,Inferred from name,female,SEX,Female,Female,True,1.0224873159999908,2,2
CONFb_W42,gender,inferred,,Inferred from name,male,SEX,Male,Male,True,0.7368658165000634,2,2
CONFb_W42,gender,inferred,,Inferred from name,male,SEX,Female,Male,False,0.7664829588351788,2,2
CONFb_W42,gender,inferred,,Inferred from name,female,SEX,Male,Female,False,0.7368509065005514,2,2
CONFb_W42,gender,inferred,,Inferred from name,female,SEX,Female,Female,True,0.7664680488356668,2,2
CONFc_W42,gender,inferred,,Inferred from name,male,SEX,Male,Male,True,0.5964376660523287,2,2
CONFc_W42,gender,inferred,,Inferred from name,male,SEX,Female,Male,False,0.552414256492563,2,2
CONFc_W42,gender,inferred,,Inferred from name,female,SEX,Male,Female,False,0.598697687009525,2,2
CONFc_W42,gender,inferred,,Inferred from name,female,SEX,Female,Female,True,0.5546742774497593,2,2
CONFe_W42,gender,inferred,,Inferred from name,male,SEX,Male,Male,True,0.8121754713782319,2,2
CONFe_W42,gender,inferred,,Inferred from name,male,SEX,Female,Male,False,0.8371335078713333,2,2
CONFe_W42,gender,inferred,,Inferred from name,female,SEX,Male,Female,False,0.8121752163782444,2,2
CONFe_W42,gender,inferred,,Inferred from name,female,SEX,Female,Female,True,0.837133252871346,2,2
CONFg_W42,gender,inferred,,Inferred from name,male,SEX,Male,Male,True,0.6332595619999983,2,2
CONFg_W42,gender,inferred,,Inferred from name,male,SEX,Female,Male,False,0.6299487019999983,2,2
CONFg_W42,gender,inferred,,Inferred from name,female,SEX,Male,Female,False,0.6332594894999974,2,2
CONFg_W42,gender,inferred,,Inferred from name,female,SEX,Female,Female,True,0.6299486294999974,2,2
PQ4_F2Aa_W42,gender,inferred,,Inferred from name,male,SEX,Male,Male,True,0.5695597078052671,2,2
PQ4_F2Aa_W42,gender,inferred,,Inferred from name,male,SEX,Female,Male,False,0.5822879078052671,2,2
PQ4_F2Aa_W42,gender,inferred,,Inferred from name,female,SEX,Male,Female,False,0.5846297672114472,2,2
PQ4_F2Aa_W42,gender,inferred,,Inferred from name,female,SEX,Female,Female,True,0.5973579672114472,2,2
PQ4_F2Ac_W42,gender,inferred,,Inferred from name,male,SEX,Male,Male,True,1.381652992649913,2,2
PQ4_F2Ac_W42,gender,inferred,,Inferred from name,male,SEX,Female,Male,False,1.3320906326499131,2,2
PQ4_F2Ac_W42,gender,inferred,,Inferred from name,female,SEX,Male,Female,False,1.4009033740281274,2,2
PQ4_F2Ac_W42,gender,inferred,,Inferred from name,female,SEX,Female,Female,True,1.3513410140281275,2,2
PQ4_F2Ae_W42,gender,inferred,,Inferred from name,male,SEX,Male,Male,True,0.51514461,2,2
PQ4_F2Ae_W42,gender,inferred,,Inferred from name,male,SEX,Female,Male,False,0.5615691856156919,2,2
PQ4_F2Ae_W42,gender,inferred,,Inferred from name,female,SEX,Male,Female,False,0.51514461,2,2
PQ4_F2Ae_W42,gender,inferred,,Inferred from name,female,SEX,Female,Female,True,0.5615691856156919,2,2
PQ4_F2Bb_W42,gender,inferred,,Inferred from name,male,SEX,Male,Male,True,0.7941892364999983,2,2
PQ4_F2Bb_W42,gender,inferred,,Inferred from name,male,SEX,Female,Male,False,0.8395021764999983,2,2
PQ4_F2Bb_W42,gender,inferred,,Inferred from name,female,SEX,Male,Female,False,0.7941892805000097,2,2
PQ4_F2Bb_W42,gender,inferred,,Inferred from name,female,SEX,Female,Female,True,0.8395022205000097,2,2
PQ4_F2Bc_W42,gender,inferred,,Inferred from name,male,SEX,Male,Male,True,1.3396764104999956,2,2
PQ4_F2Bc_W42,gender,inferred,,Inferred from name,male,SEX,Female,Male,False,1.3143344204999958,2,2
PQ4_F2Bc_W42,gender,inferred,,Inferred from name,female,SEX,Male,Female,False,1.3396767544999986,2,2
PQ4_F2Bc_W42,gender,inferred,,Inferred from name,female,SEX,Female,Female,True,1.3143347644999988,2,2
PQ4_F2Bd_W42,gender,inferred,,Inferred from name,male,SEX,Male,Male,True,0.5882357961145337,2,2
PQ4_F2Bd_W42,gender,inferred,,Inferred from name,male,SEX,Female,Male,False,0.5509960819985721,2,2
PQ4_F2Bd_W42,gender,inferred,,Inferred from name,female,SEX,Male,Female,False,0.5881744941218094,2,2
PQ4_F2Bd_W42,gender,inferred,,Inferred from name,female,SEX,Female,Female,True,0.5509347800058478,2,2
PQ4_F2Cc_W42,gender,inferred,,Inferred from name,male,SEX,Male,Male,True,1.2666620211864688,2,2
PQ4_F2Cc_W42,gender,inferred,,Inferred from name,male,SEX,Female,Male,False,1.1304906184933836,2,2
PQ4_F2Cc_W42,gender,inferred,,Inferred from name,female,SEX,Male,Female,False,1.269224437191824,2,2
PQ4_F2Cc_W42,gender,inferred,,Inferred from name,female,SEX,Female,Female,True,1.133053034498739,2,2
PQ8_F2B_W42,gender,inferred,,Inferred from name,male,SEX,Male,Male,True,0.6569417332587989,2,2
PQ8_F2B_W42,gender,inferred,,Inferred from name,male,SEX,Female,Male,False,0.5766699032587989,2,2
PQ8_F2B_W42,gender,inferred,,Inferred from name,female,SEX,Male,Female,False,0.6513502582224543,2,2
PQ8_F2B_W42,gender,inferred,,Inferred from name,female,SEX,Female,Female,True,0.5710784282224542,2,2
RQ1_F1B_W42,gender,inferred,,Inferred from name,male,SEX,Male,Male,True,0.29118487575,2,2
RQ1_F1B_W42,gender,inferred,,Inferred from name,male,SEX,Female,Male,False,0.27966493575,2,2
RQ1_F1B_W42,gender,inferred,,Inferred from name,female,SEX,Male,Female,False,0.29118487400000004,2,2
RQ1_F1B_W42,gender,inferred,,Inferred from name,female,SEX,Female,Female,True,0.27966493400000003,2,2
RQ1_F1C_W42,gender,inferred,,Inferred from name,male,SEX,Male,Male,True,0.3052495295524962,2,2
RQ1_F1C_W42,gender,inferred,,Inferred from name,male,SEX,Female,Male,False,0.2942503164999988,2,2
RQ1_F1C_W42,gender,inferred,,Inferred from name,female,SEX,Male,Female,False,0.3052493463025007,2,2
RQ1_F1C_W42,gender,inferred,,Inferred from name,female,SEX,Female,Female,True,0.2942501332500033,2,2
RQ2_F1A_W42,gender,inferred,,Inferred from name,male,SEX,Male,Male,True,0.3244984677605125,2,2
RQ2_F1A_W42,gender,inferred,,Inferred from name,male,SEX,Female,Male,False,0.3359002645063938,2,2
RQ2_F1A_W42,gender,inferred,,Inferred from name,female,SEX,Male,Female,False,0.32454368926149824,2,2
RQ2_F1A_W42,gender,inferred,,Inferred from name,female,SEX,Female,Female,True,0.33594548600737956,2,2
RQ4_F1Ab_W42,gender,inferred,,Inferred from name,male,SEX,Male,Male,True,0.837861064499996,2,2
RQ4_F1Ab_W42,gender,inferred,,Inferred from name,male,SEX,Female,Male,False,0.8425882844999959,2,2
RQ4_F1Ab_W42,gender,inferred,,Inferred from name,female,SEX,Male,Female,False,0.8378615409999738,2,2
RQ4_F1Ab_W42,gender,inferred,,Inferred from name,female,SEX,Female,Female,True,0.8425887609999737,2,2
RQ4_F1Ae_W42,gender,inferred,,Inferred from name,male,SEX,Male,Male,True,0.86792273,2,2
RQ4_F1Ae_W42,gender,inferred,,Inferred from name,male,SEX,Female,Male,False,0.8349464500000001,2,2
RQ4_F1Ae_W42,gender,inferred,,Inferred from name,female,SEX,Male,Female,False,0.86792273,2,2
RQ4_F1Ae_W42,gender,inferred,,Inferred from name,female,SEX,Female,Female,True,0.8349464500000001,2,2
RQ4_F1Ba_W42,gender,inferred,,Inferred from name,male,SEX,Male,Male,True,0.7627092430730588,2,2
RQ4_F1Ba_W42,gender,inferred,,Inferred from name,male,SEX,Female,Male,False,0.7110856202086805,2,2
RQ4_F1Ba_W42,gender,inferred,,Inferred from name,female,SEX,Male,Female,False,0.7632448615223207,2,2
RQ4_F1Ba_W42,gender,inferred,,Inferred from name,female,SEX,Female,Female,True,0.7116212386579425,2,2
RQ4_F1Bc_W42,gender,inferred,,Inferred from name,male,SEX,Male,Male,True,1.3162517945000003,2,2
RQ4_F1Bc_W42,gender,inferred,,Inferred from name,male,SEX,Female,Male,False,1.2333100321669,2,2
RQ4_F1Bc_W42,gender,inferred,,Inferred from name,female,SEX,Male,Female,False,1.3162517985000002,2,2
RQ4_F1Bc_W42,gender,inferred,,Inferred from name,female,SEX,Female,Female,True,1.2333100361668998,2,2
RQ4_F1Bd_W42,gender,inferred,,Inferred from name,male,SEX,Male,Male,True,0.4479648404669784,2,2
RQ4_F1Bd_W42,gender,inferred,,Inferred from name,male,SEX,Female,Male,False,0.3713774904669782,2,2
RQ4_F1Bd_W42,gender,inferred,,Inferred from name,female,SEX,Male,Female,False,0.5166264853754786,2,2
RQ4_F1Bd_W42,gender,inferred,,Inferred from name,female,SEX,Female,Female,True,0.44003913537547845,2,2
RQ4_F1Be_W42,gender,inferred,,Inferred from name,male,SEX,Male,Male,True,0.8481172500000003,2,2
RQ4_F1Be_W42,gender,inferred,,Inferred from name,male,SEX,Female,Male,False,0.8261799417382004,2,2
RQ4_F1Be_W42,gender,inferred,,Inferred from name,female,SEX,Male,Female,False,0.8481172500000003,2,2
RQ4_F1Be_W42,gender,inferred,,Inferred from name,female,SEX,Female,Female,True,0.8261799417382004,2,2
RQ4_F1Ca_W42,gender,inferred,,Inferred from name,male,SEX,Male,Male,True,0.7676202504357935,2,2
RQ4_F1Ca_W42,gender,inferred,,Inferred from name,male,SEX,Female,Male,False,0.7332441904357938,2,2
RQ4_F1Ca_W42,gender,inferred,,Inferred from name,female,SEX,Male,Female,False,0.8308004101346506,2,2
RQ4_F1Ca_W42,gender,inferred,,Inferred from name,female,SEX,Female,Female,True,0.7964243501346506,2,2
RQ4_F1Cb_W42,gender,inferred,,Inferred from name,male,SEX,Male,Male,True,1.0063540039999694,2,2
RQ4_F1Cb_W42,gender,inferred,,Inferred from name,male,SEX,Female,Male,False,0.9580094435800961,2,2
RQ4_F1Cb_W42,gender,inferred,,Inferred from name,female,SEX,Male,Female,False,1.0063556834999916,2,2
RQ4_F1Cb_W42,gender,inferred,,Inferred from name,female,SEX,Female,Female,True,0.9580111230801182,2,2
RQ4_F1Cd_W42,gender,inferred,,Inferred from name,male,SEX,Male,Male,True,0.5120112883026585,2,2
RQ4_F1Cd_W42,gender,inferred,,Inferred from name,male,SEX,Female,Male,False,0.45261296450000027,2,2
RQ4_F1Cd_W42,gender,inferred,,Inferred from name,female,SEX,Male,Female,False,0.5502763561185837,2,2
RQ4_F1Cd_W42,gender,inferred,,Inferred from name,female,SEX,Female,Female,True,0.46875188978608684,2,2
RQ5_F1B_W42,gender,inferred,,Inferred from name,male,SEX,Male,Male,True,0.8034005825422564,2,2
RQ5_F1B_W42,gender,inferred,,Inferred from name,male,SEX,Female,Male,False,0.8115550944917492,2,2
RQ5_F1B_W42,gender,inferred,,Inferred from name,female,SEX,Male,Female,False,0.8033483880471024,2,2
RQ5_F1B_W42,gender,inferred,,Inferred from name,female,SEX,Female,Female,True,0.8115028999965953,2,2
RQ5_F1C_W42,gender,inferred,,Inferred from name,male,SEX,Male,Male,True,0.7956775125012474,2,2
RQ5_F1C_W42,gender,inferred,,Inferred from name,male,SEX,Female,Male,False,0.7709879325012474,2,2
RQ5_F1C_W42,gender,inferred,,Inferred from name,female,SEX,Male,Female,False,0.7957125915048202,2,2
RQ5_F1C_W42,gender,inferred,,Inferred from name,female,SEX,Female,Female,True,0.7710230115048201,2,2
IDIMPORT_W43,gender,inferred,,Inferred from name,male,SEX,Male,Male,True,1.5408402605915954,2,2
IDIMPORT_W43,gender,inferred,,Inferred from name,male,SEX,Female,Male,False,1.7332587559999997,2,2
IDIMPORT_W43,gender,inferred,,Inferred from name,female,SEX,Male,Female,False,1.540840156091594,2,2
IDIMPORT_W43,gender,inferred,,Inferred from name,female,SEX,Female,Female,True,1.7332586514999986,2,2
RACESURV13_W43,gender,inferred,,Inferred from name,male,SEX,Male,Male,True,0.5756218163429372,2,2
RACESURV13_W43,gender,inferred,,Inferred from name,male,SEX,Female,Male,False,0.680713616342937,2,2
RACESURV13_W43,gender,inferred,,Inferred from name,female,SEX,Male,Female,False,0.5424670249728591,2,2
RACESURV13_W43,gender,inferred,,Inferred from name,female,SEX,Female,Female,True,0.647558824972859,2,2
RACESURV14_W43,gender,inferred,,Inferred from name,male,SEX,Male,Male,True,0.9164371333591621,2,2
RACESURV14_W43,gender,inferred,,Inferred from name,male,SEX,Female,Male,False,0.7631850233591618,2,2
RACESURV14_W43,gender,inferred,,Inferred from name,female,SEX,Male,Female,False,0.9309476084521249,2,2
RACESURV14_W43,gender,inferred,,Inferred from name,female,SEX,Female,Female,True,0.7776954984521246,2,2
RACESURV15a_W43,gender,inferred,,Inferred from name,male,SEX,Male,Male,True,0.2079792559911101,2,2
RACESURV15a_W43,gender,inferred,,Inferred from name,male,SEX,Female,Male,False,0.18806876099111014,2,2
RACESURV15a_W43,gender,inferred,,Inferred from name,female,SEX,Male,Female,False,0.20805775075040522,2,2
RACESURV15a_W43,gender,inferred,,Inferred from name,female,SEX,Female,Female,True,0.18814725575040525,2,2
RACESURV15b_W43,gender,inferred,,Inferred from name,male,SEX,Male,Male,True,0.31024919162897235,2,2
RACESURV15b_W43,gender,inferred,,Inferred from name,male,SEX,Female,Male,False,0.3322052478210087,2,2
RACESURV15b_W43,gender,inferred,,Inferred from name,female,SEX,Male,Female,False,0.3739999693929904,2,2
RACESURV15b_W43,gender,inferred,,Inferred from name,female,SEX,Female,Female,True,0.39595602558502674,2,2
RACESURV17_W43,gender,inferred,,Inferred from name,male,SEX,Male,Male,True,1.3130635600000002,2,2
RACESURV17_W43,gender,inferred,,Inferred from name,male,SEX,Female,Male,False,1.1107144688928554,2,2
RACESURV17_W43,gender,inferred,,Inferred from name,female,SEX,Male,Female,False,1.313063558,2,2
RACESURV17_W43,gender,inferred,,Inferred from name,female,SEX,Female,Female,True,1.1107144668928557,2,2
RACESURV18b_W43,gender,inferred,,Inferred from name,male,SEX,Male,Male,True,0.7983723593216668,2,2
RACESURV18b_W43,gender,inferred,,Inferred from name,male,SEX,Female,Male,False,0.8344355113370785,2,2
RACESURV18b_W43,gender,inferred,,Inferred from name,female,SEX,Male,Female,False,0.7984191932989781,2,2
RACESURV18b_W43,gender,inferred,,Inferred from name,female,SEX,Female,Female,True,0.8344823453143898,2,2
RACESURV18f_W43,gender,inferred,,Inferred from name,male,SEX,Male,Male,True,0.391958233523103,2,2
RACESURV18f_W43,gender,inferred,,Inferred from name,male,SEX,Female,Male,False,0.4425939535231032,2,2
RACESURV18f_W43,gender,inferred,,Inferred from name,female,SEX,Male,Female,False,0.39143090619229903,2,2
RACESURV18f_W43,gender,inferred,,Inferred from name,female,SEX,Female,Female,True,0.4420666261922992,2,2
RACESURV19a_W43,gender,inferred,,Inferred from name,male,SEX,Male,Male,True,0.84177733,2,2
RACESURV19a_W43,gender,inferred,,Inferred from name,male,SEX,Female,Male,False,0.7193773499999999,2,2
RACESURV19a_W43,gender,inferred,,Inferred from name,female,SEX,Male,Female,False,0.84177733,2,2
RACESURV19a_W43,gender,inferred,,Inferred from name,female,SEX,Female,Female,True,0.7193773499999999,2,2
RACESURV19c_W43,gender,inferred,,Inferred from name,male,SEX,Male,Male,True,0.8001334199999999,2,2
RACESURV19c_W43,gender,inferred,,Inferred from name,male,SEX,Female,Male,False,0.7275149099999999,2,2
RACESURV19c_W43,gender,inferred,,Inferred from name,female,SEX,Male,Female,False,0.8001334199999999,2,2
RACESURV19c_W43,gender,inferred,,Inferred from name,female,SEX,Female,Female,True,0.7275149099999999,2,2
RACESURV19e_W43,gender,inferred,,Inferred from name,male,SEX,Male,Male,True,0.8915750489157503,2,2
RACESURV19e_W43,gender,inferred,,Inferred from name,male,SEX,Female,Male,False,0.81569073,2,2
RACESURV19e_W43,gender,inferred,,Inferred from name,female,SEX,Male,Female,False,0.8915750489157503,2,2
RACESURV19e_W43,gender,inferred,,Inferred from name,female,SEX,Female,Female,True,0.81569073,2,2
RACESURV1b_W43,gender,inferred,,Inferred from name,male,SEX,Male,Male,True,0.2999859807866373,2,2
RACESURV1b_W43,gender,inferred,,Inferred from name,male,SEX,Female,Male,False,0.2773983838086166,2,2
RACESURV1b_W43,gender,inferred,,Inferred from name,female,SEX,Male,Female,False,0.2997957780380745,2,2
RACESURV1b_W43,gender,inferred,,Inferred from name,female,SEX,Female,Female,True,0.27720818106005374,2,2
RACESURV21_W43,gender,inferred,,Inferred from name,male,SEX,Male,Male,True,0.28945723261747125,2,2
RACESURV21_W43,gender,inferred,,Inferred from name,male,SEX,Female,Male,False,0.32440657261747124,2,2
RACESURV21_W43,gender,inferred,,Inferred from name,female,SEX,Male,Female,False,0.5852995421973672,2,2
RACESURV21_W43,gender,inferred,,Inferred from name,female,SEX,Female,Female,True,0.6202488821973672,2,2
RACESURV27_W43,gender,inferred,,Inferred from name,male,SEX,Male,Male,True,1.9211274115082901,2,2
RACESURV27_W43,gender,inferred,,Inferred from name,male,SEX,Female,Male,False,1.8697191303712841,2,2
RACESURV27_W43,gender,inferred,,Inferred from name,female,SEX,Male,Female,False,1.934761792042715,2,2
RACESURV27_W43,gender,inferred,,Inferred from name,female,SEX,Female,Female,True,1.8833535109057091,2,2
RACESURV28a_W43,gender,inferred,,Inferred from name,male,SEX,Male,Male,True,0.2801137054473359,2,2
RACESURV28a_W43,gender,inferred,,Inferred from name,male,SEX,Female,Male,False,0.260140143250509,2,2
RACESURV28a_W43,gender,inferred,,Inferred from name,female,SEX,Male,Female,False,0.28019525894462993,2,2
RACESURV28a_W43,gender,inferred,,Inferred from name,female,SEX,Female,Female,True,0.26022169674780304,2,2
RACESURV28b_W43,gender,inferred,,Inferred from name,male,SEX,Male,Male,True,0.29647551450004045,2,2
RACESURV28b_W43,gender,inferred,,Inferred from name,male,SEX,Female,Male,False,0.2748697795000405,2,2
RACESURV28b_W43,gender,inferred,,Inferred from name,female,SEX,Male,Female,False,0.29647580900004816,2,2
RACESURV28b_W43,gender,inferred,,Inferred from name,female,SEX,Female,Female,True,0.2748700740000482,2,2
RACESURV28c_W43,gender,inferred,,Inferred from name,male,SEX,Male,Male,True,0.2898396522500178,2,2
RACESURV28c_W43,gender,inferred,,Inferred from name,male,SEX,Female,Male,False,0.2838498872500178,2,2
RACESURV28c_W43,gender,inferred,,Inferred from name,female,SEX,Male,Female,False,0.289839840250018,2,2
RACESURV28c_W43,gender,inferred,,Inferred from name,female,SEX,Female,Female,True,0.283850075250018,2,2
RACESURV28d_W43,gender,inferred,,Inferred from name,male,SEX,Male,Male,True,0.18839808400000052,2,2
RACESURV28d_W43,gender,inferred,,Inferred from name,male,SEX,Female,Male,False,0.16462721064627284,2,2
RACESURV28d_W43,gender,inferred,,Inferred from name,female,SEX,Male,Female,False,0.18839808425000054,2,2
RACESURV28d_W43,gender,inferred,,Inferred from name,female,SEX,Female,Female,True,0.16462721089627286,2,2
RACESURV28e_W43,gender,inferred,,Inferred from name,male,SEX,Male,Male,True,0.20334007621659944,2,2
RACESURV28e_W43,gender,inferred,,Inferred from name,male,SEX,Female,Male,False,0.1749850182500003,2,2
RACESURV28e_W43,gender,inferred,,Inferred from name,female,SEX,Male,Female,False,0.20334007746659938,2,2
RACESURV28e_W43,gender,inferred,,Inferred from name,female,SEX,Female,Female,True,0.17498501950000023,2,2
RACESURV28f_W43,gender,inferred,,Inferred from name,male,SEX,Male,Male,True,0.20985676436205206,2,2
RACESURV28f_W43,gender,inferred,,Inferred from name,male,SEX,Female,Male,False,0.20180347936205204,2,2
RACESURV28f_W43,gender,inferred,,Inferred from name,female,SEX,Male,Female,False,0.23153744211094282,2,2
RACESURV28f_W43,gender,inferred,,Inferred from name,female,SEX,Female,Female,True,0.2234841571109428,2,2
RACESURV28g_W43,gender,inferred,,Inferred from name,male,SEX,Male,Male,True,0.3599930657501905,2,2
RACESURV28g_W43,gender,inferred,,Inferred from name,male,SEX,Female,Male,False,0.32998830575019056,2,2
RACESURV28g_W43,gender,inferred,,Inferred from name,female,SEX,Male,Female,False,0.35999432225007555,2,2
RACESURV28g_W43,gender,inferred,,Inferred from name,female,SEX,Female,Female,True,0.3299895622500756,2,2
RACESURV29d_W43,gender,inferred,,Inferred from name,male,SEX,Male,Male,True,0.6946078565159769,2,2
RACESURV29d_W43,gender,inferred,,Inferred from name,male,SEX,Female,Male,False,0.711522666515977,2,2
RACESURV29d_W43,gender,inferred,,Inferred from name,female,SEX,Male,Female,False,0.6960569650867575,2,2
RACESURV29d_W43,gender,inferred,,Inferred from name,female,SEX,Female,Female,True,0.7129717750867575,2,2
RACESURV2_W43,gender,inferred,,Inferred from name,male,SEX,Male,Male,True,0.6203108862031084,2,2
RACESURV2_W43,gender,inferred,,Inferred from name,male,SEX,Female,Male,False,0.5764616807646168,2,2
RACESURV2_W43,gender,inferred,,Inferred from name,female,SEX,Male,Female,False,0.6203108862031084,2,2
RACESURV2_W43,gender,inferred,,Inferred from name,female,SEX,Female,Female,True,0.5764616807646168,2,2
RACESURV34a_W43,gender,inferred,,Inferred from name,male,SEX,Male,Male,True,0.46664802375676245,2,2
RACESURV34a_W43,gender,inferred,,Inferred from name,male,SEX,Female,Male,False,0.44797806323887507,2,2
RACESURV34a_W43,gender,inferred,,Inferred from name,female,SEX,Male,Female,False,0.4666165355066167,2,2
RACESURV34a_W43,gender,inferred,,Inferred from name,female,SEX,Female,Female,True,0.4479465749887293,2,2
RACESURV34b_W43,gender,inferred,,Inferred from name,male,SEX,Male,Male,True,0.5584632046631376,2,2
RACESURV34b_W43,gender,inferred,,Inferred from name,male,SEX,Female,Male,False,0.4263528902494218,2,2
RACESURV34b_W43,gender,inferred,,Inferred from name,female,SEX,Male,Female,False,0.5584521611608958,2,2
RACESURV34b_W43,gender,inferred,,Inferred from name,female,SEX,Female,Female,True,0.42634184674718,2,2
RACESURV34c_W43,gender,inferred,,Inferred from name,male,SEX,Male,Male,True,0.6340579445871983,2,2
RACESURV34c_W43,gender,inferred,,Inferred from name,male,SEX,Female,Male,False,0.6360592318836115,2,2
RACESURV34c_W43,gender,inferred,,Inferred from name,female,SEX,Male,Female,False,0.6340127118397951,2,2
RACESURV34c_W43,gender,inferred,,Inferred from name,female,SEX,Female,Female,True,0.6360139991362084,2,2
RACESURV34d_W43,gender,inferred,,Inferred from name,male,SEX,Male,Male,True,0.17668149100773006,2,2
RACESURV34d_W43,gender,inferred,,Inferred from name,male,SEX,Female,Male,False,0.22934662100773012,2,2
RACESURV34d_W43,gender,inferred,,Inferred from name,female,SEX,Male,Female,False,0.28779577718396104,2,2
RACESURV34d_W43,gender,inferred,,Inferred from name,female,SEX,Female,Female,True,0.4014732671839611,2,2
RACESURV34e_W43,gender,inferred,,Inferred from name,male,SEX,Male,Male,True,0.5760554439538014,2,2
RACESURV34e_W43,gender,inferred,,Inferred from name,male,SEX,Female,Male,False,0.5138207576871077,2,2
RACESURV34e_W43,gender,inferred,,Inferred from name,female,SEX,Male,Female,False,0.5485194975170916,2,2
RACESURV34e_W43,gender,inferred,,Inferred from name,female,SEX,Female,Female,True,0.48628481125039796,2,2
RACESURV38_W43,gender,inferred,,Inferred from name,male,SEX,Male,Male,True,0.6519979273566625,2,2
RACESURV38_W43,gender,inferred,,Inferred from name,male,SEX,Female,Male,False,0.6701883373566624,2,2
RACESURV38_W43,gender,inferred,,Inferred from name,female,SEX,Male,Female,False,0.5572099437912241,2,2
RACESURV38_W43,gender,inferred,,Inferred from name,female,SEX,Female,Female,True,0.5754003537912241,2,2
RACESURV40_W43,gender,inferred,,Inferred from name,male,SEX,Male,Male,True,0.31898870449840677,2,2
RACESURV40_W43,gender,inferred,,Inferred from name,male,SEX,Female,Male,False,0.2696747971951591,2,2
RACESURV40_W43,gender,inferred,,Inferred from name,female,SEX,Male,Female,False,0.3189888668955319,2,2
RACESURV40_W43,gender,inferred,,Inferred from name,female,SEX,Female,Female,True,0.2696749595922842,2,2
RACESURV41_W43,gender,inferred,,Inferred from name,male,SEX,Male,Male,True,0.5055183660394778,2,2
RACESURV41_W43,gender,inferred,,Inferred from name,male,SEX,Female,Male,False,0.4533563460394777,2,2
RACESURV41_W43,gender,inferred,,Inferred from name,female,SEX,Male,Female,False,0.5054444346027627,2,2
RACESURV41_W43,gender,inferred,,Inferred from name,female,SEX,Female,Female,True,0.45328241460276264,2,2
RACESURV45_W43,gender,inferred,,Inferred from name,male,SEX,Male,Male,True,0.6315293586846525,2,2
RACESURV45_W43,gender,inferred,,Inferred from name,male,SEX,Female,Male,False,0.5801122186846525,2,2
RACESURV45_W43,gender,inferred,,Inferred from name,female,SEX,Male,Female,False,0.6315441887127193,2,2
RACESURV45_W43,gender,inferred,,Inferred from name,female,SEX,Female,Female,True,0.5801270487127194,2,2
RACESURV47a_W43,gender,inferred,,Inferred from name,male,SEX,Male,Male,True,1.7432076480679237,2,2
RACESURV47a_W43,gender,inferred,,Inferred from name,male,SEX,Female,Male,False,1.4704623055000001,2,2
RACESURV47a_W43,gender,inferred,,Inferred from name,female,SEX,Male,Female,False,1.7432076470679236,2,2
RACESURV47a_W43,gender,inferred,,Inferred from name,female,SEX,Female,Female,True,1.4704623045,2,2
RACESURV47b_W43,gender,inferred,,Inferred from name,male,SEX,Male,Male,True,1.1947585904999276,2,2
RACESURV47b_W43,gender,inferred,,Inferred from name,male,SEX,Female,Male,False,1.0007754404999276,2,2
RACESURV47b_W43,gender,inferred,,Inferred from name,female,SEX,Male,Female,False,1.1947585964999288,2,2
RACESURV47b_W43,gender,inferred,,Inferred from name,female,SEX,Female,Female,True,1.0007754464999288,2,2
RACESURV47d_W43,gender,inferred,,Inferred from name,male,SEX,Male,Male,True,1.6879839465281221,2,2
RACESURV47d_W43,gender,inferred,,Inferred from name,male,SEX,Female,Male,False,1.568369866528122,2,2
RACESURV47d_W43,gender,inferred,,Inferred from name,female,SEX,Male,Female,False,1.703289620348889,2,2
RACESURV47d_W43,gender,inferred,,Inferred from name,female,SEX,Female,Female,True,1.583675540348889,2,2
RACESURV47e_W43,gender,inferred,,Inferred from name,male,SEX,Male,Male,True,0.6812594838686952,2,2
RACESURV47e_W43,gender,inferred,,Inferred from name,male,SEX,Female,Male,False,0.7767530594371497,2,2
RACESURV47e_W43,gender,inferred,,Inferred from name,female,SEX,Male,Female,False,0.6525537774727568,2,2
RACESURV47e_W43,gender,inferred,,Inferred from name,female,SEX,Female,Female,True,0.7480473530412112,2,2
RACESURV47f_W43,gender,inferred,,Inferred from name,male,SEX,Male,Male,True,1.2458834340411633,2,2
RACESURV47f_W43,gender,inferred,,Inferred from name,male,SEX,Female,Male,False,1.0332792064999978,2,2
RACESURV47f_W43,gender,inferred,,Inferred from name,female,SEX,Male,Female,False,1.2458834360411637,2,2
RACESURV47f_W43,gender,inferred,,Inferred from name,female,SEX,Female,Female,True,1.033279208499998,2,2
RACESURV48_W43,gender,inferred,,Inferred from name,male,SEX,Male,Male,True,1.02309695,2,2
RACESURV48_W43,gender,inferred,,Inferred from name,male,SEX,Female,Male,False,0.7268718299999999,2,2
RACESURV48_W43,gender,inferred,,Inferred from name,female,SEX,Male,Female,False,1.02309695,2,2
RACESURV48_W43,gender,inferred,,Inferred from name,female,SEX,Female,Female,True,0.7268718299999999,2,2
RACESURV51_W43,gender,inferred,,Inferred from name,male,SEX,Male,Male,True,0.1607069610000093,2,2
RACESURV51_W43,gender,inferred,,Inferred from name,male,SEX,Female,Male,False,0.16903517930964204,2,2
RACESURV51_W43,gender,inferred,,Inferred from name,female,SEX,Male,Female,False,0.16070650099998296,2,2
RACESURV51_W43,gender,inferred,,Inferred from name,female,SEX,Female,Female,True,0.16903471930961567,2,2
RACESURV52_W43,gender,inferred,,Inferred from name,male,SEX,Male,Male,True,0.9418741740791382,2,2
RACESURV52_W43,gender,inferred,,Inferred from name,male,SEX,Female,Male,False,0.9198069227100836,2,2
RACESURV52_W43,gender,inferred,,Inferred from name,female,SEX,Male,Female,False,0.9416864110612212,2,2
RACESURV52_W43,gender,inferred,,Inferred from name,female,SEX,Female,Female,True,0.9196191596921665,2,2
RACESURV5a_W43,gender,inferred,,Inferred from name,male,SEX,Male,Male,True,0.6589984292418615,2,2
RACESURV5a_W43,gender,inferred,,Inferred from name,male,SEX,Female,Male,False,0.70418574718644,2,2
RACESURV5a_W43,gender,inferred,,Inferred from name,female,SEX,Male,Female,False,0.6560461689655307,2,2
RACESURV5a_W43,gender,inferred,,Inferred from name,female,SEX,Female,Female,True,0.7012334869101091,2,2
RACESURV5b_W43,gender,inferred,,Inferred from name,male,SEX,Male,Male,True,0.6304209010000582,2,2
RACESURV5b_W43,gender,inferred,,Inferred from name,male,SEX,Female,Male,False,0.6404993774051004,2,2
RACESURV5b_W43,gender,inferred,,Inferred from name,female,SEX,Male,Female,False,0.6304191432500529,2,2
RACESURV5b_W43,gender,inferred,,Inferred from name,female,SEX,Female,Female,True,0.6404976196550951,2,2
RACESURV5d_W43,gender,inferred,,Inferred from name,male,SEX,Male,Male,True,0.39402309094081994,2,2
RACESURV5d_W43,gender,inferred,,Inferred from name,male,SEX,Female,Male,False,0.3860477209408198,2,2
RACESURV5d_W43,gender,inferred,,Inferred from name,female,SEX,Male,Female,False,0.37503659255401106,2,2
RACESURV5d_W43,gender,inferred,,Inferred from name,female,SEX,Female,Female,True,0.36706122255401097,2,2
RACESURV5e_W43,gender,inferred,,Inferred from name,male,SEX,Male,Male,True,0.6690149073097892,2,2
RACESURV5e_W43,gender,inferred,,Inferred from name,male,SEX,Female,Male,False,0.6469403039999657,2,2
RACESURV5e_W43,gender,inferred,,Inferred from name,female,SEX,Male,Female,False,0.6690137575598254,2,2
RACESURV5e_W43,gender,inferred,,Inferred from name,female,SEX,Female,Female,True,0.646939154250002,2,2
RACESURV5f_W43,gender,inferred,,Inferred from name,male,SEX,Male,Male,True,0.39405475381250826,2,2
RACESURV5f_W43,gender,inferred,,Inferred from name,male,SEX,Female,Male,False,0.3026398847266568,2,2
RACESURV5f_W43,gender,inferred,,Inferred from name,female,SEX,Male,Female,False,0.39380057206849906,2,2
RACESURV5f_W43,gender,inferred,,Inferred from name,female,SEX,Female,Female,True,0.30238570298264766,2,2
RACESURV5g_W43,gender,inferred,,Inferred from name,male,SEX,Male,Male,True,0.7140647721586673,2,2
RACESURV5g_W43,gender,inferred,,Inferred from name,male,SEX,Female,Male,False,0.7049267020672866,2,2
RACESURV5g_W43,gender,inferred,,Inferred from name,female,SEX,Male,Female,False,0.6541536997321815,2,2
RACESURV5g_W43,gender,inferred,,Inferred from name,female,SEX,Female,Female,True,0.645015629640801,2,2
RACESURV5h_W43,gender,inferred,,Inferred from name,male,SEX,Male,Male,True,0.4520989117399214,2,2
RACESURV5h_W43,gender,inferred,,Inferred from name,male,SEX,Female,Male,False,0.46267301094564894,2,2
RACESURV5h_W43,gender,inferred,,Inferred from name,female,SEX,Male,Female,False,0.4317479700843573,2,2
RACESURV5h_W43,gender,inferred,,Inferred from name,female,SEX,Female,Female,True,0.4423220692900849,2,2
RACESURV5i_W43,gender,inferred,,Inferred from name,male,SEX,Male,Male,True,0.518478444231118,2,2
RACESURV5i_W43,gender,inferred,,Inferred from name,male,SEX,Female,Male,False,0.6018183725721985,2,2
RACESURV5i_W43,gender,inferred,,Inferred from name,female,SEX,Male,Female,False,0.5495454120165034,2,2
RACESURV5i_W43,gender,inferred,,Inferred from name,female,SEX,Female,Female,True,0.632885340357584,2,2
RACESURV5j_W43,gender,inferred,,Inferred from name,male,SEX,Male,Male,True,0.5072295337904287,2,2
RACESURV5j_W43,gender,inferred,,Inferred from name,male,SEX,Female,Male,False,0.535859578790429,2,2
RACESURV5j_W43,gender,inferred,,Inferred from name,female,SEX,Male,Female,False,0.409531692771515,2,2
RACESURV5j_W43,gender,inferred,,Inferred from name,female,SEX,Female,Female,True,0.486366544089941,2,2
RACESURV5l_W43,gender,inferred,,Inferred from name,male,SEX,Male,Male,True,0.2090035316729909,2,2
RACESURV5l_W43,gender,inferred,,Inferred from name,male,SEX,Female,Male,False,0.25998710167299083,2,2
RACESURV5l_W43,gender,inferred,,Inferred from name,female,SEX,Male,Female,False,0.19571545479098285,2,2
RACESURV5l_W43,gender,inferred,,Inferred from name,female,SEX,Female,Female,True,0.24669902479098277,2,2
RACESURV9_W43,gender,inferred,,Inferred from name,male,SEX,Male,Male,True,0.4375599545148387,2,2
RACESURV9_W43,gender,inferred,,Inferred from name,male,SEX,Female,Male,False,0.45960270894521926,2,2
RACESURV9_W43,gender,inferred,,Inferred from name,female,SEX,Male,Female,False,0.43481405603672363,2,2
RACESURV9_W43,gender,inferred,,Inferred from name,female,SEX,Female,Female,True,0.45685681046710425,2,2
INFOCHALa_W45,gender,inferred,,Inferred from name,male,SEX,Male,Male,True,0.44469672000000005,2,2
INFOCHALa_W45,gender,inferred,,Inferred from name,male,SEX,Female,Male,False,0.4826500600000001,2,2
INFOCHALa_W45,gender,inferred,,Inferred from name,female,SEX,Male,Female,False,0.44469672000000005,2,2
INFOCHALa_W45,gender,inferred,,Inferred from name,female,SEX,Female,Female,True,0.4826500600000001,2,2
INFOCREATEa_W45,gender,inferred,,Inferred from name,male,SEX,Male,Male,True,0.6183153355000521,2,2
INFOCREATEa_W45,gender,inferred,,Inferred from name,male,SEX,Female,Male,False,0.561223005500052,2,2
INFOCREATEa_W45,gender,inferred,,Inferred from name,female,SEX,Male,Female,False,0.6183200690000189,2,2
INFOCREATEa_W45,gender,inferred,,Inferred from name,female,SEX,Female,Female,True,0.5612277390000189,2,2
MADEUPOFT_W45,gender,inferred,,Inferred from name,male,SEX,Male,Male,True,0.7171464437697599,2,2
MADEUPOFT_W45,gender,inferred,,Inferred from name,male,SEX,Female,Male,False,0.7615944309804081,2,2
MADEUPOFT_W45,gender,inferred,,Inferred from name,female,SEX,Male,Female,False,0.7110181497340952,2,2
MADEUPOFT_W45,gender,inferred,,Inferred from name,female,SEX,Female,Female,True,0.7554661369447434,2,2
MADEUPTOPICb_W45,gender,inferred,,Inferred from name,male,SEX,Male,Male,True,0.4825642870000002,2,2
MADEUPTOPICb_W45,gender,inferred,,Inferred from name,male,SEX,Female,Male,False,0.3934692830653066,2,2
MADEUPTOPICb_W45,gender,inferred,,Inferred from name,female,SEX,Male,Female,False,0.48256428800000006,2,2
MADEUPTOPICb_W45,gender,inferred,,Inferred from name,female,SEX,Female,Female,True,0.39346928406530646,2,2
MADEUPTOPICc_W45,gender,inferred,,Inferred from name,male,SEX,Male,Male,True,1.1123961749999605,2,2
MADEUPTOPICc_W45,gender,inferred,,Inferred from name,male,SEX,Female,Male,False,1.1399923749999603,2,2
MADEUPTOPICc_W45,gender,inferred,,Inferred from name,female,SEX,Male,Female,False,1.112395053500027,2,2
MADEUPTOPICc_W45,gender,inferred,,Inferred from name,female,SEX,Female,Female,True,1.139991253500027,2,2
MADEUPTOPICd_W45,gender,inferred,,Inferred from name,male,SEX,Male,Male,True,0.9234234940000061,2,2
MADEUPTOPICd_W45,gender,inferred,,Inferred from name,male,SEX,Female,Male,False,0.8974505740000062,2,2
MADEUPTOPICd_W45,gender,inferred,,Inferred from name,female,SEX,Male,Female,False,0.9234232740000181,2,2
MADEUPTOPICd_W45,gender,inferred,,Inferred from name,female,SEX,Female,Female,True,0.8974503540000183,2,2
NEWSPROBd_W45,gender,inferred,,Inferred from name,male,SEX,Male,Male,True,1.330102700862117,2,2
NEWSPROBd_W45,gender,inferred,,Inferred from name,male,SEX,Female,Male,False,1.2558039736107438,2,2
NEWSPROBd_W45,gender,inferred,,Inferred from name,female,SEX,Male,Female,False,1.3211733510037864,2,2
NEWSPROBd_W45,gender,inferred,,Inferred from name,female,SEX,Female,Female,True,1.2468746237524129,2,2
NEWSPROBe_W45,gender,inferred,,Inferred from name,male,SEX,Male,Male,True,0.5059571151353204,2,2
NEWSPROBe_W45,gender,inferred,,Inferred from name,male,SEX,Female,Male,False,0.6591265336036263,2,2
NEWSPROBe_W45,gender,inferred,,Inferred from name,female,SEX,Male,Female,False,0.5803449946101339,2,2
NEWSPROBe_W45,gender,inferred,,Inferred from name,female,SEX,Female,Female,True,0.7335144130784398,2,2
NEWS_PLATFORMg_W45,gender,inferred,,Inferred from name,male,SEX,Male,Male,True,0.8742393060794836,2,2
NEWS_PLATFORMg_W45,gender,inferred,,Inferred from name,male,SEX,Female,Male,False,1.0429303160794836,2,2
NEWS_PLATFORMg_W45,gender,inferred,,Inferred from name,female,SEX,Male,Female,False,0.6231011494633923,2,2
NEWS_PLATFORMg_W45,gender,inferred,,Inferred from name,female,SEX,Female,Female,True,0.7917921594633923,2,2
SMLIKESb_W45,gender,inferred,,Inferred from name,male,SEX,Male,Male,True,0.7743295254208185,2,2
SMLIKESb_W45,gender,inferred,,Inferred from name,male,SEX,Female,Male,False,0.8536250154208183,2,2
SMLIKESb_W45,gender,inferred,,Inferred from name,female,SEX,Male,Female,False,0.6313385342632631,2,2
SMLIKESb_W45,gender,inferred,,Inferred from name,female,SEX,Female,Female,True,0.7106340242632629,2,2
SMLIKESf_W45,gender,inferred,,Inferred from name,male,SEX,Male,Male,True,0.6556138144982908,2,2
SMLIKESf_W45,gender,inferred,,Inferred from name,male,SEX,Female,Male,False,0.57066530020708,2,2
SMLIKESf_W45,gender,inferred,,Inferred from name,female,SEX,Male,Female,False,0.655731916001433,2,2
SMLIKESf_W45,gender,inferred,,Inferred from name,female,SEX,Female,Female,True,0.5707834017102221,2,2
BENEFITGOV_W49,gender,inferred,,Inferred from name,male,SEX,Male,Male,True,0.35418920749999994,2,2
BENEFITGOV_W49,gender,inferred,,Inferred from name,male,SEX,Female,Male,False,0.4727851222278513,2,2
BENEFITGOV_W49,gender,inferred,,Inferred from name,female,SEX,Male,Female,False,0.35418911850000034,2,2
BENEFITGOV_W49,gender,inferred,,Inferred from name,female,SEX,Female,Female,True,0.4727850332278517,2,2
CONCERNCO_W49,gender,inferred,,Inferred from name,male,SEX,Male,Male,True,0.8788546898319491,2,2
CONCERNCO_W49,gender,inferred,,Inferred from name,male,SEX,Female,Male,False,0.7932403806093813,2,2
CONCERNCO_W49,gender,inferred,,Inferred from name,female,SEX,Male,Female,False,0.8913801800990616,2,2
CONCERNCO_W49,gender,inferred,,Inferred from name,female,SEX,Female,Female,True,0.8057658708764938,2,2
CONCERNGRPa_W49,gender,inferred,,Inferred from name,male,SEX,Male,Male,True,0.7805874308447747,2,2
CONCERNGRPa_W49,gender,inferred,,Inferred from name,male,SEX,Female,Male,False,0.6200287708447745,2,2
CONCERNGRPa_W49,gender,inferred,,Inferred from name,female,SEX,Male,Female,False,0.641550152891205,2,2
CONCERNGRPa_W49,gender,inferred,,Inferred from name,female,SEX,Female,Female,True,0.48099149289120496,2,2
CONCERNGRPc_W49,gender,inferred,,Inferred from name,male,SEX,Male,Male,True,0.6090088426513762,2,2
CONCERNGRPc_W49,gender,inferred,,Inferred from name,male,SEX,Female,Male,False,0.5248605126513763,2,2
CONCERNGRPc_W49,gender,inferred,,Inferred from name,female,SEX,Male,Female,False,0.5560133692395294,2,2
CONCERNGRPc_W49,gender,inferred,,Inferred from name,female,SEX,Female,Female,True,0.47186503923952944,2,2
CONTROLCO_W49,gender,inferred,,Inferred from name,male,SEX,Male,Male,True,0.5636427504998547,2,2
CONTROLCO_W49,gender,inferred,,Inferred from name,male,SEX,Female,Male,False,0.48736872049985475,2,2
CONTROLCO_W49,gender,inferred,,Inferred from name,female,SEX,Male,Female,False,0.5636443485000117,2,2
CONTROLCO_W49,gender,inferred,,Inferred from name,female,SEX,Female,Female,True,0.4873703185000117,2,2
CONTROLGRPc_W49,gender,inferred,,Inferred from name,male,SEX,Male,Male,True,1.3464038403784793,2,2
CONTROLGRPc_W49,gender,inferred,,Inferred from name,male,SEX,Female,Male,False,1.3022506603784794,2,2
CONTROLGRPc_W49,gender,inferred,,Inferred from name,female,SEX,Male,Female,False,1.3456387987850227,2,2
CONTROLGRPc_W49,gender,inferred,,Inferred from name,female,SEX,Female,Female,True,1.3014856187850226,2,2
DATAUSEd_W49,gender,inferred,,Inferred from name,male,SEX,Male,Male,True,0.45430997362537584,2,2
DATAUSEd_W49,gender,inferred,,Inferred from name,male,SEX,Female,Male,False,0.4590757336253758,2,2
DATAUSEd_W49,gender,inferred,,Inferred from name,female,SEX,Male,Female,False,0.449157582140677,2,2
DATAUSEd_W49,gender,inferred,,Inferred from name,female,SEX,Female,Female,True,0.453923342140677,2,2
FACE3c_W49,gender,inferred,,Inferred from name,male,SEX,Male,Male,True,0.5991065899110206,2,2
FACE3c_W49,gender,inferred,,Inferred from name,male,SEX,Female,Male,False,0.5138739635697351,2,2
FACE3c_W49,gender,inferred,,Inferred from name,female,SEX,Male,Female,False,0.5837562883079479,2,2
FACE3c_W49,gender,inferred,,Inferred from name,female,SEX,Female,Female,True,0.49852366196666253,2,2
GOVREGV1_W49,gender,inferred,,Inferred from name,male,SEX,Male,Male,True,0.15791588667084105,2,2
GOVREGV1_W49,gender,inferred,,Inferred from name,male,SEX,Female,Male,False,0.16670029825,2,2
GOVREGV1_W49,gender,inferred,,Inferred from name,female,SEX,Male,Female,False,0.157915888170841,2,2
GOVREGV1_W49,gender,inferred,,Inferred from name,female,SEX,Female,Female,True,0.16670029974999995,2,2
HOMEASSIST2_W49,gender,inferred,,Inferred from name,male,SEX,Male,Male,True,0.7481056019912677,2,2
HOMEASSIST2_W49,gender,inferred,,Inferred from name,male,SEX,Female,Male,False,0.6277515219912678,2,2
HOMEASSIST2_W49,gender,inferred,,Inferred from name,female,SEX,Male,Female,False,0.7501171784371359,2,2
HOMEASSIST2_W49,gender,inferred,,Inferred from name,female,SEX,Female,Female,True,0.629763098437136,2,2
HOMEASSIST3_W49,gender,inferred,,Inferred from name,male,SEX,Male,Male,True,0.20563720970468524,2,2
HOMEASSIST3_W49,gender,inferred,,Inferred from name,male,SEX,Female,Male,False,0.3510844103287811,2,2
HOMEASSIST3_W49,gender,inferred,,Inferred from name,female,SEX,Male,Female,False,0.35245016184024,2,2
HOMEASSIST3_W49,gender,inferred,,Inferred from name,female,SEX,Female,Female,True,0.2743633918402399,2,2
HOMEASSIST4_W49,gender,inferred,,Inferred from name,male,SEX,Male,Male,True,1.426945685730543,2,2
HOMEASSIST4_W49,gender,inferred,,Inferred from name,male,SEX,Female,Male,False,1.3310667200000001,2,2
HOMEASSIST4_W49,gender,inferred,,Inferred from name,female,SEX,Male,Female,False,1.426945683730543,2,2
HOMEASSIST4_W49,gender,inferred,,Inferred from name,female,SEX,Female,Female,True,1.3310667180000002,2,2
PP5e_W49,gender,inferred,,Inferred from name,male,SEX,Male,Male,True,0.7700525630408073,2,2
PP5e_W49,gender,inferred,,Inferred from name,male,SEX,Female,Male,False,0.6010137927066783,2,2
PP5e_W49,gender,inferred,,Inferred from name,female,SEX,Male,Female,False,0.5118551531172926,2,2
PP5e_W49,gender,inferred,,Inferred from name,female,SEX,Female,Female,True,0.4877106771652573,2,2
PWMAN2_W49,gender,inferred,,Inferred from name,male,SEX,Male,Male,True,1.9449303074594106,2,2
PWMAN2_W49,gender,inferred,,Inferred from name,male,SEX,Female,Male,False,2.017623364859879,2,2
PWMAN2_W49,gender,inferred,,Inferred from name,female,SEX,Male,Female,False,1.7849582818690006,2,2
PWMAN2_W49,gender,inferred,,Inferred from name,female,SEX,Female,Female,True,1.8576513392694687,2,2
SMARTAPP_W49,gender,inferred,,Inferred from name,male,SEX,Male,Male,True,0.9588884255000892,2,2
SMARTAPP_W49,gender,inferred,,Inferred from name,male,SEX,Female,Male,False,0.9770393155000893,2,2
SMARTAPP_W49,gender,inferred,,Inferred from name,female,SEX,Male,Female,False,0.9588873920002059,2,2
SMARTAPP_W49,gender,inferred,,Inferred from name,female,SEX,Female,Female,True,0.9770382820002059,2,2
TRACKCO1a_W49,gender,inferred,,Inferred from name,male,SEX,Male,Male,True,0.9500174779706636,2,2
TRACKCO1a_W49,gender,inferred,,Inferred from name,male,SEX,Female,Male,False,1.041819747935695,2,2
TRACKCO1a_W49,gender,inferred,,Inferred from name,female,SEX,Male,Female,False,0.949610183013489,2,2
TRACKCO1a_W49,gender,inferred,,Inferred from name,female,SEX,Female,Female,True,1.0414124529785203,2,2
TRACKCO1b_W49,gender,inferred,,Inferred from name,male,SEX,Male,Male,True,1.9649403049739522,2,2
TRACKCO1b_W49,gender,inferred,,Inferred from name,male,SEX,Female,Male,False,1.9861930050739056,2,2
TRACKCO1b_W49,gender,inferred,,Inferred from name,female,SEX,Male,Female,False,1.9169661514252962,2,2
TRACKCO1b_W49,gender,inferred,,Inferred from name,female,SEX,Female,Female,True,1.9382188515252499,2,2
TRACKGOV1a_W49,gender,inferred,,Inferred from name,male,SEX,Male,Male,True,1.0456765525733869,2,2
TRACKGOV1a_W49,gender,inferred,,Inferred from name,male,SEX,Female,Male,False,1.0085116529450358,2,2
TRACKGOV1a_W49,gender,inferred,,Inferred from name,female,SEX,Male,Female,False,1.0489695204436056,2,2
TRACKGOV1a_W49,gender,inferred,,Inferred from name,female,SEX,Female,Female,True,1.0118046208152545,2,2
TRACKGOV1b_W49,gender,inferred,,Inferred from name,male,SEX,Male,Male,True,0.9357547814409972,2,2
TRACKGOV1b_W49,gender,inferred,,Inferred from name,male,SEX,Female,Male,False,0.9380475814409975,2,2
TRACKGOV1b_W49,gender,inferred,,Inferred from name,female,SEX,Male,Female,False,0.9370166259873187,2,2
TRACKGOV1b_W49,gender,inferred,,Inferred from name,female,SEX,Female,Female,True,0.939309425987319,2,2
COHABDUR_W50,gender,inferred,,Inferred from name,male,SEX,Male,Male,True,1.6515584031385635,2,2
COHABDUR_W50,gender,inferred,,Inferred from name,male,SEX,Female,Male,False,1.7257554031385636,2,2
COHABDUR_W50,gender,inferred,,Inferred from name,female,SEX,Male,Female,False,1.2298685532508178,2,2
COHABDUR_W50,gender,inferred,,Inferred from name,female,SEX,Female,Female,True,1.2550259291865928,2,2
DNA2b_W50,gender,inferred,,Inferred from name,male,SEX,Male,Male,True,0.3692339430263322,2,2
DNA2b_W50,gender,inferred,,Inferred from name,male,SEX,Female,Male,False,0.3522941430263322,2,2
DNA2b_W50,gender,inferred,,Inferred from name,female,SEX,Male,Female,False,0.3522294905758199,2,2
DNA2b_W50,gender,inferred,,Inferred from name,female,SEX,Female,Female,True,0.3352896905758199,2,2
DNA5_W50,gender,inferred,,Inferred from name,male,SEX,Male,Male,True,0.15061455306500235,2,2
DNA5_W50,gender,inferred,,Inferred from name,male,SEX,Female,Male,False,0.14084005306500236,2,2
DNA5_W50,gender,inferred,,Inferred from name,female,SEX,Male,Female,False,0.1470189515845806,2,2
DNA5_W50,gender,inferred,,Inferred from name,female,SEX,Female,Female,True,0.1372444515845806,2,2
E5MOD_W50,gender,inferred,,Inferred from name,male,SEX,Male,Male,True,1.092316674999999,2,2
E5MOD_W50,gender,inferred,,Inferred from name,male,SEX,Female,Male,False,1.366301884999999,2,2
E5MOD_W50,gender,inferred,,Inferred from name,female,SEX,Male,Female,False,1.092316535500005,2,2
E5MOD_W50,gender,inferred,,Inferred from name,female,SEX,Female,Female,True,1.3663017455000053,2,2
FAMSURV10c_W50,gender,inferred,,Inferred from name,male,SEX,Male,Male,True,0.40393487982634046,2,2
FAMSURV10c_W50,gender,inferred,,Inferred from name,male,SEX,Female,Male,False,0.42521999517893216,2,2
FAMSURV10c_W50,gender,inferred,,Inferred from name,female,SEX,Male,Female,False,0.426774400700723,2,2
FAMSURV10c_W50,gender,inferred,,Inferred from name,female,SEX,Female,Female,True,0.40259663930336054,2,2
FAMSURV16_W50,gender,inferred,,Inferred from name,male,SEX,Male,Male,True,0.3338276397470603,2,2
FAMSURV16_W50,gender,inferred,,Inferred from name,male,SEX,Female,Male,False,0.32108973974706034,2,2
FAMSURV16_W50,gender,inferred,,Inferred from name,female,SEX,Male,Female,False,0.3343064887500944,2,2
FAMSURV16_W50,gender,inferred,,Inferred from name,female,SEX,Female,Female,True,0.32156858875009436,2,2
FAMSURV1_W50,gender,inferred,,Inferred from name,male,SEX,Male,Male,True,0.13754386536365837,2,2
FAMSURV1_W50,gender,inferred,,Inferred from name,male,SEX,Female,Male,False,0.35351730177024804,2,2
FAMSURV1_W50,gender,inferred,,Inferred from name,female,SEX,Male,Female,False,0.6159205845973739,2,2
FAMSURV1_W50,gender,inferred,,Inferred from name,female,SEX,Female,Female,True,0.39994714819078414,2,2
FAMSURV20_W50,gender,inferred,,Inferred from name,male,SEX,Male,Male,True,0.39514750592714776,2,2
FAMSURV20_W50,gender,inferred,,Inferred from name,male,SEX,Female,Male,False,0.41563963592714775,2,2
FAMSURV20_W50,gender,inferred,,Inferred from name,female,SEX,Male,Female,False,0.38178139384969,2,2
FAMSURV20_W50,gender,inferred,,Inferred from name,female,SEX,Female,Female,True,0.40227352384969,2,2
FAMSURV23b_W50,gender,inferred,,Inferred from name,male,SEX,Male,Male,True,0.5536395906085424,2,2
FAMSURV23b_W50,gender,inferred,,Inferred from name,male,SEX,Female,Male,False,0.44853038585188265,2,2
FAMSURV23b_W50,gender,inferred,,Inferred from name,female,SEX,Male,Female,False,0.5292838916653069,2,2
FAMSURV23b_W50,gender,inferred,,Inferred from name,female,SEX,Female,Female,True,0.4241746869086471,2,2
FAMSURV23c_W50,gender,inferred,,Inferred from name,male,SEX,Male,Male,True,0.22891644199567285,2,2
FAMSURV23c_W50,gender,inferred,,Inferred from name,male,SEX,Female,Male,False,0.2898900419956729,2,2
FAMSURV23c_W50,gender,inferred,,Inferred from name,female,SEX,Male,Female,False,0.21984068907455884,2,2
FAMSURV23c_W50,gender,inferred,,Inferred from name,female,SEX,Female,Female,True,0.28081428907455885,2,2
FAMSURV23d_W50,gender,inferred,,Inferred from name,male,SEX,Male,Male,True,0.7764546418844963,2,2
FAMSURV23d_W50,gender,inferred,,Inferred from name,male,SEX,Female,Male,False,0.7654210202494682,2,2
FAMSURV23d_W50,gender,inferred,,Inferred from name,female,SEX,Male,Female,False,0.7911172473173684,2,2
FAMSURV23d_W50,gender,inferred,,Inferred from name,female,SEX,Female,Female,True,0.7800836256823405,2,2
FAMSURV23e_W50,gender,inferred,,Inferred from name,male,SEX,Male,Male,True,0.9766639215867172,2,2
FAMSURV23e_W50,gender,inferred,,Inferred from name,male,SEX,Female,Male,False,0.9382812416701432,2,2
FAMSURV23e_W50,gender,inferred,,Inferred from name,female,SEX,Male,Female,False,0.9727136089071019,2,2
FAMSURV23e_W50,gender,inferred,,Inferred from name,female,SEX,Female,Female,True,0.9343309289905279,2,2
FAMSURV23f_W50,gender,inferred,,Inferred from name,male,SEX,Male,Male,True,0.642502467485154,2,2
FAMSURV23f_W50,gender,inferred,,Inferred from name,male,SEX,Female,Male,False,0.7038608007594829,2,2
FAMSURV23f_W50,gender,inferred,,Inferred from name,female,SEX,Male,Female,False,0.6518424703500187,2,2
FAMSURV23f_W50,gender,inferred,,Inferred from name,female,SEX,Female,Female,True,0.7132008036243477,2,2
FAMSURV23g_W50,gender,inferred,,Inferred from name,male,SEX,Male,Male,True,0.6063380833352852,2,2
FAMSURV23g_W50,gender,inferred,,Inferred from name,male,SEX,Female,Male,False,0.6201793233352851,2,2
FAMSURV23g_W50,gender,inferred,,Inferred from name,female,SEX,Male,Female,False,0.6148051649543838,2,2
FAMSURV23g_W50,gender,inferred,,Inferred from name,female,SEX,Female,Female,True,0.6286464049543836,2,2
FAMSURV26a_W50,gender,inferred,,Inferred from name,male,SEX,Male,Male,True,0.7319453780000003,2,2
FAMSURV26a_W50,gender,inferred,,Inferred from name,male,SEX,Female,Male,False,0.4669596280000003,2,2
FAMSURV26a_W50,gender,inferred,,Inferred from name,female,SEX,Male,Female,False,0.7319453695000004,2,2
FAMSURV26a_W50,gender,inferred,,Inferred from name,female,SEX,Female,Female,True,0.46695961950000053,2,2
FAMSURV26b_W50,gender,inferred,,Inferred from name,male,SEX,Male,Male,True,0.6780789085000025,2,2
FAMSURV26b_W50,gender,inferred,,Inferred from name,male,SEX,Female,Male,False,0.8132515785000026,2,2
FAMSURV26b_W50,gender,inferred,,Inferred from name,female,SEX,Male,Female,False,0.6780787385000026,2,2
FAMSURV26b_W50,gender,inferred,,Inferred from name,female,SEX,Female,Female,True,0.8132514085000027,2,2
FAMSURV26c_W50,gender,inferred,,Inferred from name,male,SEX,Male,Male,True,0.393469199000003,2,2
FAMSURV26c_W50,gender,inferred,,Inferred from name,male,SEX,Female,Male,False,0.459127489000003,2,2
FAMSURV26c_W50,gender,inferred,,Inferred from name,female,SEX,Male,Female,False,0.39346912700000564,2,2
FAMSURV26c_W50,gender,inferred,,Inferred from name,female,SEX,Female,Female,True,0.4591274170000057,2,2
FAMSURV26d_W50,gender,inferred,,Inferred from name,male,SEX,Male,Male,True,0.7579797585000069,2,2
FAMSURV26d_W50,gender,inferred,,Inferred from name,male,SEX,Female,Male,False,0.8423296485000068,2,2
FAMSURV26d_W50,gender,inferred,,Inferred from name,female,SEX,Male,Female,False,0.7579776259999846,2,2
FAMSURV26d_W50,gender,inferred,,Inferred from name,female,SEX,Female,Female,True,0.8423275159999846,2,2
FAMSURV29_W50,gender,inferred,,Inferred from name,male,SEX,Male,Male,True,1.1599389274096639,2,2
FAMSURV29_W50,gender,inferred,,Inferred from name,male,SEX,Female,Male,False,1.1699760690392302,2,2
FAMSURV29_W50,gender,inferred,,Inferred from name,female,SEX,Male,Female,False,1.1203191308277962,2,2
FAMSURV29_W50,gender,inferred,,Inferred from name,female,SEX,Female,Female,True,1.1303562724573626,2,2
FAMSURV2Ma_W50,gender,inferred,,Inferred from name,male,SEX,Male,Male,True,0.4679735564999681,2,2
FAMSURV2Ma_W50,gender,inferred,,Inferred from name,male,SEX,Female,Male,False,0.4379142164999681,2,2
FAMSURV2Ma_W50,gender,inferred,,Inferred from name,female,SEX,Male,Female,False,0.4679645694999691,2,2
FAMSURV2Ma_W50,gender,inferred,,Inferred from name,female,SEX,Female,Female,True,0.43790522949996913,2,2
FAMSURV2Mc_W50,gender,inferred,,Inferred from name,male,SEX,Male,Male,True,0.4312490369999465,2,2
FAMSURV2Mc_W50,gender,inferred,,Inferred from name,male,SEX,Female,Male,False,0.40909685290896414,2,2
FAMSURV2Mc_W50,gender,inferred,,Inferred from name,female,SEX,Male,Female,False,0.431243524999914,2,2
FAMSURV2Mc_W50,gender,inferred,,Inferred from name,female,SEX,Female,Female,True,0.4090913409089316,2,2
FAMSURV2Wa_W50,gender,inferred,,Inferred from name,male,SEX,Male,Male,True,0.4357958873579332,2,2
FAMSURV2Wa_W50,gender,inferred,,Inferred from name,male,SEX,Female,Male,False,0.4677997129999013,2,2
FAMSURV2Wa_W50,gender,inferred,,Inferred from name,female,SEX,Male,Female,False,0.43579738535804335,2,2
FAMSURV2Wa_W50,gender,inferred,,Inferred from name,female,SEX,Female,Female,True,0.4678012110000115,2,2
FAMSURV2Wc_W50,gender,inferred,,Inferred from name,male,SEX,Male,Male,True,0.4250498704999693,2,2
FAMSURV2Wc_W50,gender,inferred,,Inferred from name,male,SEX,Female,Male,False,0.43149310049996925,2,2
FAMSURV2Wc_W50,gender,inferred,,Inferred from name,female,SEX,Male,Female,False,0.42505024149999865,2,2
FAMSURV2Wc_W50,gender,inferred,,Inferred from name,female,SEX,Female,Female,True,0.4314934714999986,2,2
FAMSURV32e_W50,gender,inferred,,Inferred from name,male,SEX,Male,Male,True,0.3017371900000002,2,2
FAMSURV32e_W50,gender,inferred,,Inferred from name,male,SEX,Female,Male,False,0.5772539600000002,2,2
FAMSURV32e_W50,gender,inferred,,Inferred from name,female,SEX,Male,Female,False,0.1499989901198615,2,2
FAMSURV32e_W50,gender,inferred,,Inferred from name,female,SEX,Female,Female,True,0.42551576011986153,2,2
FAMSURV39_W50,gender,inferred,,Inferred from name,male,SEX,Male,Male,True,1.246556482532288,2,2
FAMSURV39_W50,gender,inferred,,Inferred from name,male,SEX,Female,Male,False,1.610763202532288,2,2
FAMSURV39_W50,gender,inferred,,Inferred from name,female,SEX,Male,Female,False,1.23887600785964,2,2
FAMSURV39_W50,gender,inferred,,Inferred from name,female,SEX,Female,Female,True,1.60308272785964,2,2
FAMSURV3_W50,gender,inferred,,Inferred from name,male,SEX,Male,Male,True,0.420653380912164,2,2
FAMSURV3_W50,gender,inferred,,Inferred from name,male,SEX,Female,Male,False,0.4494383809121639,2,2
FAMSURV3_W50,gender,inferred,,Inferred from name,female,SEX,Male,Female,False,0.4267317360498817,2,2
FAMSURV3_W50,gender,inferred,,Inferred from name,female,SEX,Female,Female,True,0.45551673604988163,2,2
FAMSURV40_W50,gender,inferred,,Inferred from name,male,SEX,Male,Male,True,1.3476580689766378,2,2
FAMSURV40_W50,gender,inferred,,Inferred from name,male,SEX,Female,Male,False,1.3332740621672579,2,2
FAMSURV40_W50,gender,inferred,,Inferred from name,female,SEX,Male,Female,False,1.3476468059765532,2,2
FAMSURV40_W50,gender,inferred,,Inferred from name,female,SEX,Female,Female,True,1.3332627991671735,2,2
FAMSURV43_W50,gender,inferred,,Inferred from name,male,SEX,Male,Male,True,0.6095324156994577,2,2
FAMSURV43_W50,gender,inferred,,Inferred from name,male,SEX,Female,Male,False,0.6277318693042795,2,2
FAMSURV43_W50,gender,inferred,,Inferred from name,female,SEX,Male,Female,False,0.616568561575997,2,2
FAMSURV43_W50,gender,inferred,,Inferred from name,female,SEX,Female,Female,True,0.6347680151808188,2,2
FAMSURV44_W50,gender,inferred,,Inferred from name,male,SEX,Male,Male,True,1.71364415163693,2,2
FAMSURV44_W50,gender,inferred,,Inferred from name,male,SEX,Female,Male,False,1.7149488245003077,2,2
FAMSURV44_W50,gender,inferred,,Inferred from name,female,SEX,Male,Female,False,1.7136107751382696,2,2
FAMSURV44_W50,gender,inferred,,Inferred from name,female,SEX,Female,Female,True,1.714915448001647,2,2
FAMSURV6_W50,gender,inferred,,Inferred from name,male,SEX,Male,Male,True,1.1790759354995064,2,2
FAMSURV6_W50,gender,inferred,,Inferred from name,male,SEX,Female,Male,False,1.1589798139093133,2,2
FAMSURV6_W50,gender,inferred,,Inferred from name,female,SEX,Male,Female,False,1.1790859614996023,2,2
FAMSURV6_W50,gender,inferred,,Inferred from name,female,SEX,Female,Female,True,1.1589898399094092,2,2
FAMSURV9c_W50,gender,inferred,,Inferred from name,male,SEX,Male,Male,True,0.855946953891494,2,2
FAMSURV9c_W50,gender,inferred,,Inferred from name,male,SEX,Female,Male,False,0.8846817141098402,2,2
FAMSURV9c_W50,gender,inferred,,Inferred from name,female,SEX,Male,Female,False,0.6156803063209686,2,2
FAMSURV9c_W50,gender,inferred,,Inferred from name,female,SEX,Female,Female,True,0.6444150665393149,2,2
FATHER_W50,gender,inferred,,Inferred from name,male,SEX,Male,Male,True,0.4976412700000039,2,2
FATHER_W50,gender,inferred,,Inferred from name,male,SEX,Female,Male,False,0.4741953000000039,2,2
FATHER_W50,gender,inferred,,Inferred from name,female,SEX,Male,Female,False,0.4976402664999697,2,2
FATHER_W50,gender,inferred,,Inferred from name,female,SEX,Female,Female,True,0.4741942964999697,2,2
HAVEKIDS1_W50,gender,inferred,,Inferred from name,male,SEX,Male,Male,True,1.4927439865001029,2,2
HAVEKIDS1_W50,gender,inferred,,Inferred from name,male,SEX,Female,Male,False,1.7234516192654934,2,2
HAVEKIDS1_W50,gender,inferred,,Inferred from name,female,SEX,Male,Female,False,1.4927164830004052,2,2
HAVEKIDS1_W50,gender,inferred,,Inferred from name,female,SEX,Female,Female,True,1.7234241157657957,2,2
MARRDUR_W50,gender,inferred,,Inferred from name,male,SEX,Male,Male,True,3.8381446477663084,2,2
MARRDUR_W50,gender,inferred,,Inferred from name,male,SEX,Female,Male,False,3.835275127766308,2,2
MARRDUR_W50,gender,inferred,,Inferred from name,female,SEX,Male,Female,False,3.3940685306449487,2,2
MARRDUR_W50,gender,inferred,,Inferred from name,female,SEX,Female,Female,True,3.3911990106449483,2,2
MARRYPREF1_W50,gender,inferred,,Inferred from name,male,SEX,Male,Male,True,0.32502289824999553,2,2
MARRYPREF1_W50,gender,inferred,,Inferred from name,male,SEX,Female,Male,False,0.3440722432499955,2,2
MARRYPREF1_W50,gender,inferred,,Inferred from name,female,SEX,Male,Female,False,0.32502293899999896,2,2
MARRYPREF1_W50,gender,inferred,,Inferred from name,female,SEX,Female,Female,True,0.34407228399999895,2,2
MARRYPREF2_W50,gender,inferred,,Inferred from name,male,SEX,Male,Male,True,0.32275181074999665,2,2
MARRYPREF2_W50,gender,inferred,,Inferred from name,male,SEX,Female,Male,False,0.32539932574999664,2,2
MARRYPREF2_W50,gender,inferred,,Inferred from name,female,SEX,Male,Female,False,0.3227522127499956,2,2
MARRYPREF2_W50,gender,inferred,,Inferred from name,female,SEX,Female,Female,True,0.3253997277499956,2,2
MOTHER_W50,gender,inferred,,Inferred from name,male,SEX,Male,Male,True,0.6199116910000023,2,2
MOTHER_W50,gender,inferred,,Inferred from name,male,SEX,Female,Male,False,0.5968962310000023,2,2
MOTHER_W50,gender,inferred,,Inferred from name,female,SEX,Male,Female,False,0.6199117445000056,2,2
MOTHER_W50,gender,inferred,,Inferred from name,female,SEX,Female,Female,True,0.5968962845000056,2,2
PAR1_W50,gender,inferred,,Inferred from name,male,SEX,Male,Male,True,0.17598681825020088,2,2
PAR1_W50,gender,inferred,,Inferred from name,male,SEX,Female,Male,False,0.1861845663882883,2,2
PAR1_W50,gender,inferred,,Inferred from name,female,SEX,Male,Female,False,0.1759836512498668,2,2
PAR1_W50,gender,inferred,,Inferred from name,female,SEX,Female,Female,True,0.18618139938795422,2,2
PAR2_W50,gender,inferred,,Inferred from name,male,SEX,Male,Male,True,0.16207858374999742,2,2
PAR2_W50,gender,inferred,,Inferred from name,male,SEX,Female,Male,False,0.18119963874999753,2,2
PAR2_W50,gender,inferred,,Inferred from name,female,SEX,Male,Female,False,0.1620786144999949,2,2
PAR2_W50,gender,inferred,,Inferred from name,female,SEX,Female,Female,True,0.181199669499995,2,2
ROMRELDUR_W50,gender,inferred,,Inferred from name,male,SEX,Male,Male,True,2.3193761922957243,2,2
ROMRELDUR_W50,gender,inferred,,Inferred from name,male,SEX,Female,Male,False,3.0328679222957238,2,2
ROMRELDUR_W50,gender,inferred,,Inferred from name,female,SEX,Male,Female,False,1.8096483336164502,2,2
ROMRELDUR_W50,gender,inferred,,Inferred from name,female,SEX,Female,Female,True,2.5231400636164505,2,2
ROMRELSER_W50,gender,inferred,,Inferred from name,male,SEX,Male,Male,True,2.024448074107234,2,2
ROMRELSER_W50,gender,inferred,,Inferred from name,male,SEX,Female,Male,False,2.135862714107234,2,2
ROMRELSER_W50,gender,inferred,,Inferred from name,female,SEX,Male,Female,False,1.917709151780369,2,2
ROMRELSER_W50,gender,inferred,,Inferred from name,female,SEX,Female,Female,True,2.029123791780369,2,2
SATLIFEc_W50,gender,inferred,,Inferred from name,male,SEX,Male,Male,True,0.2879808992716245,2,2
SATLIFEc_W50,gender,inferred,,Inferred from name,male,SEX,Female,Male,False,0.26028407860733205,2,2
SATLIFEc_W50,gender,inferred,,Inferred from name,female,SEX,Male,Female,False,0.25252300569433894,2,2
SATLIFEc_W50,gender,inferred,,Inferred from name,female,SEX,Female,Female,True,0.33650470260768095,2,2
ECIMPg_W54,gender,inferred,,Inferred from name,male,SEX,Male,Male,True,0.11149890400000056,2,2
ECIMPg_W54,gender,inferred,,Inferred from name,male,SEX,Female,Male,False,0.09037815809621685,2,2
ECIMPg_W54,gender,inferred,,Inferred from name,female,SEX,Male,Female,False,0.111498920000001,2,2
ECIMPg_W54,gender,inferred,,Inferred from name,female,SEX,Female,Female,True,0.09037817409621729,2,2
ECON1_W54,gender,inferred,,Inferred from name,male,SEX,Male,Male,True,0.6142041774472423,2,2
ECON1_W54,gender,inferred,,Inferred from name,male,SEX,Female,Male,False,0.4613331874472423,2,2
ECON1_W54,gender,inferred,,Inferred from name,female,SEX,Male,Female,False,0.6613206898379265,2,2
ECON1_W54,gender,inferred,,Inferred from name,female,SEX,Female,Female,True,0.5084496998379264,2,2
ECON3_d_W54,gender,inferred,,Inferred from name,male,SEX,Male,Male,True,0.612964799203164,2,2
ECON3_d_W54,gender,inferred,,Inferred from name,male,SEX,Female,Male,False,0.4741410892031639,2,2
ECON3_d_W54,gender,inferred,,Inferred from name,female,SEX,Male,Female,False,0.6694761583429938,2,2
ECON3_d_W54,gender,inferred,,Inferred from name,female,SEX,Female,Female,True,0.5306524483429936,2,2
ECON4_a_W54,gender,inferred,,Inferred from name,male,SEX,Male,Male,True,0.8807333465179316,2,2
ECON4_a_W54,gender,inferred,,Inferred from name,male,SEX,Female,Male,False,0.876611983498638,2,2
ECON4_a_W54,gender,inferred,,Inferred from name,female,SEX,Male,Female,False,0.9014035711161391,2,2
ECON4_a_W54,gender,inferred,,Inferred from name,female,SEX,Female,Female,True,0.8972822080968456,2,2
ECON4_b_W54,gender,inferred,,Inferred from name,male,SEX,Male,Male,True,0.6883014980859292,2,2
ECON4_b_W54,gender,inferred,,Inferred from name,male,SEX,Female,Male,False,0.7447181896035702,2,2
ECON4_b_W54,gender,inferred,,Inferred from name,female,SEX,Male,Female,False,0.6446847202929827,2,2
ECON4_b_W54,gender,inferred,,Inferred from name,female,SEX,Female,Female,True,0.7011014118106237,2,2
ECON4_e_W54,gender,inferred,,Inferred from name,male,SEX,Male,Male,True,0.9861848965466335,2,2
ECON4_e_W54,gender,inferred,,Inferred from name,male,SEX,Female,Male,False,1.0327665760808167,2,2
ECON4_e_W54,gender,inferred,,Inferred from name,female,SEX,Male,Female,False,0.987099795431472,2,2
ECON4_e_W54,gender,inferred,,Inferred from name,female,SEX,Female,Female,True,1.033681474965655,2,2
ECON4_f_W54,gender,inferred,,Inferred from name,male,SEX,Male,Male,True,0.9618793079973569,2,2
ECON4_f_W54,gender,inferred,,Inferred from name,male,SEX,Female,Male,False,1.0963730979973567,2,2
ECON4_f_W54,gender,inferred,,Inferred from name,female,SEX,Male,Female,False,0.9621163059786488,2,2
ECON4_f_W54,gender,inferred,,Inferred from name,female,SEX,Female,Female,True,1.0966100959786487,2,2
ECON4_g_W54,gender,inferred,,Inferred from name,male,SEX,Male,Male,True,0.7226351253779533,2,2
ECON4_g_W54,gender,inferred,,Inferred from name,male,SEX,Female,Male,False,0.7897059053779533,2,2
ECON4_g_W54,gender,inferred,,Inferred from name,female,SEX,Male,Female,False,0.7247651861904126,2,2
ECON4_g_W54,gender,inferred,,Inferred from name,female,SEX,Female,Female,True,0.7918359661904125,2,2
ECON5_b_W54,gender,inferred,,Inferred from name,male,SEX,Male,Male,True,0.8010579359504598,2,2
ECON5_b_W54,gender,inferred,,Inferred from name,male,SEX,Female,Male,False,0.7604593739742463,2,2
ECON5_b_W54,gender,inferred,,Inferred from name,female,SEX,Male,Female,False,0.8009312489356869,2,2
ECON5_b_W54,gender,inferred,,Inferred from name,female,SEX,Female,Female,True,0.7603326869594735,2,2
ECON5_c_W54,gender,inferred,,Inferred from name,male,SEX,Male,Male,True,0.7877917476271402,2,2
ECON5_c_W54,gender,inferred,,Inferred from name,male,SEX,Female,Male,False,0.6908248097487519,2,2
ECON5_c_W54,gender,inferred,,Inferred from name,female,SEX,Male,Female,False,0.7877963453775809,2,2
ECON5_c_W54,gender,inferred,,Inferred from name,female,SEX,Female,Female,True,0.6908294074991926,2,2
ECON5_d_W54,gender,inferred,,Inferred from name,male,SEX,Male,Male,True,0.9487052230126588,2,2
ECON5_d_W54,gender,inferred,,Inferred from name,male,SEX,Female,Male,False,0.8988679230126588,2,2
ECON5_d_W54,gender,inferred,,Inferred from name,female,SEX,Male,Female,False,0.9481002295084846,2,2
ECON5_d_W54,gender,inferred,,Inferred from name,female,SEX,Female,Female,True,0.8982629295084846,2,2
ECON5_e_W54,gender,inferred,,Inferred from name,male,SEX,Male,Male,True,0.769762612504526,2,2
ECON5_e_W54,gender,inferred,,Inferred from name,male,SEX,Female,Male,False,0.7251877552397167,2,2
ECON5_e_W54,gender,inferred,,Inferred from name,female,SEX,Male,Female,False,0.7698306932261109,2,2
ECON5_e_W54,gender,inferred,,Inferred from name,female,SEX,Female,Female,True,0.7252558359613015,2,2
ECON5_f_W54,gender,inferred,,Inferred from name,male,SEX,Male,Male,True,0.7835610043341916,2,2
ECON5_f_W54,gender,inferred,,Inferred from name,male,SEX,Female,Male,False,0.7067265864979217,2,2
ECON5_f_W54,gender,inferred,,Inferred from name,female,SEX,Male,Female,False,0.7835673433346897,2,2
ECON5_f_W54,gender,inferred,,Inferred from name,female,SEX,Female,Female,True,0.7067329254984198,2,2
ECON5_g_W54,gender,inferred,,Inferred from name,male,SEX,Male,Male,True,0.5787311804825306,2,2
ECON5_g_W54,gender,inferred,,Inferred from name,male,SEX,Female,Male,False,0.5661276069934645,2,2
ECON5_g_W54,gender,inferred,,Inferred from name,female,SEX,Male,Female,False,0.5871360673320051,2,2
ECON5_g_W54,gender,inferred,,Inferred from name,female,SEX,Female,Female,True,0.5745324938429389,2,2
ECON5_h_W54,gender,inferred,,Inferred from name,male,SEX,Male,Male,True,0.8375717121707732,2,2
ECON5_h_W54,gender,inferred,,Inferred from name,male,SEX,Female,Male,False,0.7501562096071117,2,2
ECON5_h_W54,gender,inferred,,Inferred from name,female,SEX,Male,Female,False,0.833738837325321,2,2
ECON5_h_W54,gender,inferred,,Inferred from name,female,SEX,Female,Female,True,0.7463233347616596,2,2
ECON5_i_W54,gender,inferred,,Inferred from name,male,SEX,Male,Male,True,0.8083893644984511,2,2
ECON5_i_W54,gender,inferred,,Inferred from name,male,SEX,Female,Male,False,0.7708320272074166,2,2
ECON5_i_W54,gender,inferred,,Inferred from name,female,SEX,Male,Female,False,0.8083804344969145,2,2
ECON5_i_W54,gender,inferred,,Inferred from name,female,SEX,Female,Female,True,0.77082309720588,2,2
ECON5_j_W54,gender,inferred,,Inferred from name,male,SEX,Male,Male,True,0.7768494984797643,2,2
ECON5_j_W54,gender,inferred,,Inferred from name,male,SEX,Female,Male,False,0.6546597427962777,2,2
ECON5_j_W54,gender,inferred,,Inferred from name,female,SEX,Male,Female,False,0.776815529732107,2,2
ECON5_j_W54,gender,inferred,,Inferred from name,female,SEX,Female,Female,True,0.6546257740486203,2,2
ECON5_k_W54,gender,inferred,,Inferred from name,male,SEX,Male,Male,True,0.6376303928712316,2,2
ECON5_k_W54,gender,inferred,,Inferred from name,male,SEX,Female,Male,False,0.7010904314822457,2,2
ECON5_k_W54,gender,inferred,,Inferred from name,female,SEX,Male,Female,False,0.6380994568618161,2,2
ECON5_k_W54,gender,inferred,,Inferred from name,female,SEX,Female,Female,True,0.7015594954728303,2,2
FIN_SIT_W54,gender,inferred,,Inferred from name,male,SEX,Male,Male,True,0.999820236500273,2,2
FIN_SIT_W54,gender,inferred,,Inferred from name,male,SEX,Female,Male,False,1.127132976500273,2,2
FIN_SIT_W54,gender,inferred,,Inferred from name,female,SEX,Male,Female,False,0.999782802500317,2,2
FIN_SIT_W54,gender,inferred,,Inferred from name,female,SEX,Female,Female,True,1.1270955425003173,2,2
GOVPRIORITYb_W54,gender,inferred,,Inferred from name,male,SEX,Male,Male,True,0.3372905319039365,2,2
GOVPRIORITYb_W54,gender,inferred,,Inferred from name,male,SEX,Female,Male,False,0.3180030950703601,2,2
GOVPRIORITYb_W54,gender,inferred,,Inferred from name,female,SEX,Male,Female,False,0.48622149636569423,2,2
GOVPRIORITYb_W54,gender,inferred,,Inferred from name,female,SEX,Female,Female,True,0.46693405953211786,2,2
GOVPRIORITYc_W54,gender,inferred,,Inferred from name,male,SEX,Male,Male,True,0.9544024369548646,2,2
GOVPRIORITYc_W54,gender,inferred,,Inferred from name,male,SEX,Female,Male,False,0.7288299964996057,2,2
GOVPRIORITYc_W54,gender,inferred,,Inferred from name,female,SEX,Male,Female,False,0.9544331349546031,2,2
GOVPRIORITYc_W54,gender,inferred,,Inferred from name,female,SEX,Female,Female,True,0.7288606944993443,2,2
GOVPRIORITYd_W54,gender,inferred,,Inferred from name,male,SEX,Male,Male,True,0.9136531908634681,2,2
GOVPRIORITYd_W54,gender,inferred,,Inferred from name,male,SEX,Female,Male,False,0.7315823800000001,2,2
GOVPRIORITYd_W54,gender,inferred,,Inferred from name,female,SEX,Male,Female,False,0.913653189863468,2,2
GOVPRIORITYd_W54,gender,inferred,,Inferred from name,female,SEX,Female,Female,True,0.7315823790000001,2,2
GOVPRIORITYf_W54,gender,inferred,,Inferred from name,male,SEX,Male,Male,True,0.7258173000000239,2,2
GOVPRIORITYf_W54,gender,inferred,,Inferred from name,male,SEX,Female,Male,False,0.4421050800000239,2,2
GOVPRIORITYf_W54,gender,inferred,,Inferred from name,female,SEX,Male,Female,False,0.7258173330000446,2,2
GOVPRIORITYf_W54,gender,inferred,,Inferred from name,female,SEX,Female,Female,True,0.4421051130000446,2,2
INEQ11_W54,gender,inferred,,Inferred from name,male,SEX,Male,Male,True,0.11456789206069959,2,2
INEQ11_W54,gender,inferred,,Inferred from name,male,SEX,Female,Male,False,0.06593371206069959,2,2
INEQ11_W54,gender,inferred,,Inferred from name,female,SEX,Male,Female,False,0.11715756464034194,2,2
INEQ11_W54,gender,inferred,,Inferred from name,female,SEX,Female,Female,True,0.06852338464034194,2,2
INEQ1_W54,gender,inferred,,Inferred from name,male,SEX,Male,Male,True,0.2348859095000012,2,2
INEQ1_W54,gender,inferred,,Inferred from name,male,SEX,Female,Male,False,0.2750073195000012,2,2
INEQ1_W54,gender,inferred,,Inferred from name,female,SEX,Male,Female,False,0.23488673674999888,2,2
INEQ1_W54,gender,inferred,,Inferred from name,female,SEX,Female,Female,True,0.27500814674999885,2,2
INEQ4_a_W54,gender,inferred,,Inferred from name,male,SEX,Male,Male,True,0.20820776535708052,2,2
INEQ4_a_W54,gender,inferred,,Inferred from name,male,SEX,Female,Male,False,0.20018665265120683,2,2
INEQ4_a_W54,gender,inferred,,Inferred from name,female,SEX,Male,Female,False,0.06092970831898992,2,2
INEQ4_a_W54,gender,inferred,,Inferred from name,female,SEX,Female,Female,True,0.052208598763542446,2,2
INEQ5_a_W54,gender,inferred,,Inferred from name,male,SEX,Male,Male,True,0.7011623923133731,2,2
INEQ5_a_W54,gender,inferred,,Inferred from name,male,SEX,Female,Male,False,0.6485512145029153,2,2
INEQ5_a_W54,gender,inferred,,Inferred from name,female,SEX,Male,Female,False,0.7395262368122233,2,2
INEQ5_a_W54,gender,inferred,,Inferred from name,female,SEX,Female,Female,True,0.6869150590017656,2,2
INEQ5_d_W54,gender,inferred,,Inferred from name,male,SEX,Male,Male,True,0.8625557145178978,2,2
INEQ5_d_W54,gender,inferred,,Inferred from name,male,SEX,Female,Male,False,0.75763132648454,2,2
INEQ5_d_W54,gender,inferred,,Inferred from name,female,SEX,Male,Female,False,0.9090154993401789,2,2
INEQ5_d_W54,gender,inferred,,Inferred from name,female,SEX,Female,Female,True,0.8006120693401787,2,2
INEQ5_e_W54,gender,inferred,,Inferred from name,male,SEX,Male,Male,True,1.1202265290142757,2,2
INEQ5_e_W54,gender,inferred,,Inferred from name,male,SEX,Female,Male,False,0.9607001990142756,2,2
INEQ5_e_W54,gender,inferred,,Inferred from name,female,SEX,Male,Female,False,1.1203358085033186,2,2
INEQ5_e_W54,gender,inferred,,Inferred from name,female,SEX,Female,Female,True,0.9608094785033184,2,2
INEQ5_f_W54,gender,inferred,,Inferred from name,male,SEX,Male,Male,True,0.6850079270318297,2,2
INEQ5_f_W54,gender,inferred,,Inferred from name,male,SEX,Female,Male,False,0.6902537749055446,2,2
INEQ5_f_W54,gender,inferred,,Inferred from name,female,SEX,Male,Female,False,0.661025192342731,2,2
INEQ5_f_W54,gender,inferred,,Inferred from name,female,SEX,Female,Female,True,0.6662710402164461,2,2
INEQ5_h_W54,gender,inferred,,Inferred from name,male,SEX,Male,Male,True,0.7681890443783925,2,2
INEQ5_h_W54,gender,inferred,,Inferred from name,male,SEX,Female,Male,False,0.8933951656304543,2,2
INEQ5_h_W54,gender,inferred,,Inferred from name,female,SEX,Male,Female,False,0.7707120567306587,2,2
INEQ5_h_W54,gender,inferred,,Inferred from name,female,SEX,Female,Female,True,0.8959181779827204,2,2
INEQ5_i_W54,gender,inferred,,Inferred from name,male,SEX,Male,Male,True,0.9218780052309647,2,2
INEQ5_i_W54,gender,inferred,,Inferred from name,male,SEX,Female,Male,False,0.8105797745753822,2,2
INEQ5_i_W54,gender,inferred,,Inferred from name,female,SEX,Male,Female,False,0.9283462618658763,2,2
INEQ5_i_W54,gender,inferred,,Inferred from name,female,SEX,Female,Female,True,0.8170480312102936,2,2
INEQ5_k_W54,gender,inferred,,Inferred from name,male,SEX,Male,Male,True,1.3605525709999988,2,2
INEQ5_k_W54,gender,inferred,,Inferred from name,male,SEX,Female,Male,False,1.020130890999999,2,2
INEQ5_k_W54,gender,inferred,,Inferred from name,female,SEX,Male,Female,False,1.3605525960000011,2,2
INEQ5_k_W54,gender,inferred,,Inferred from name,female,SEX,Female,Female,True,1.0201309160000012,2,2
INEQ5_l_W54,gender,inferred,,Inferred from name,male,SEX,Male,Male,True,0.9147685569999043,2,2
INEQ5_l_W54,gender,inferred,,Inferred from name,male,SEX,Female,Male,False,0.8760348969999042,2,2
INEQ5_l_W54,gender,inferred,,Inferred from name,female,SEX,Male,Female,False,0.9147514964997171,2,2
INEQ5_l_W54,gender,inferred,,Inferred from name,female,SEX,Female,Female,True,0.876017836499717,2,2
INEQ5_m_W54,gender,inferred,,Inferred from name,male,SEX,Male,Male,True,0.9264753872358619,2,2
INEQ5_m_W54,gender,inferred,,Inferred from name,male,SEX,Female,Male,False,0.9192974965010263,2,2
INEQ5_m_W54,gender,inferred,,Inferred from name,female,SEX,Male,Female,False,0.9264861972355464,2,2
INEQ5_m_W54,gender,inferred,,Inferred from name,female,SEX,Female,Female,True,0.9193083065007107,2,2
INEQ8_a_W54,gender,inferred,,Inferred from name,male,SEX,Male,Male,True,0.9010087042240729,2,2
INEQ8_a_W54,gender,inferred,,Inferred from name,male,SEX,Female,Male,False,0.7840281863232308,2,2
INEQ8_a_W54,gender,inferred,,Inferred from name,female,SEX,Male,Female,False,0.8936755797878666,2,2
INEQ8_a_W54,gender,inferred,,Inferred from name,female,SEX,Female,Female,True,0.7766950618870245,2,2
INEQ8_b_W54,gender,inferred,,Inferred from name,male,SEX,Male,Male,True,0.9011314334549991,2,2
INEQ8_b_W54,gender,inferred,,Inferred from name,male,SEX,Female,Male,False,0.853899713454999,2,2
INEQ8_b_W54,gender,inferred,,Inferred from name,female,SEX,Male,Female,False,0.89895177350518,2,2
INEQ8_b_W54,gender,inferred,,Inferred from name,female,SEX,Female,Female,True,0.8517200535051799,2,2
INEQ8_c_W54,gender,inferred,,Inferred from name,male,SEX,Male,Male,True,0.6777585642582487,2,2
INEQ8_c_W54,gender,inferred,,Inferred from name,male,SEX,Female,Male,False,0.5535143542582488,2,2
INEQ8_c_W54,gender,inferred,,Inferred from name,female,SEX,Male,Female,False,0.5395052004705747,2,2
INEQ8_c_W54,gender,inferred,,Inferred from name,female,SEX,Female,Female,True,0.41526099047057474,2,2
INEQ8_d_W54,gender,inferred,,Inferred from name,male,SEX,Male,Male,True,0.9067602540787227,2,2
INEQ8_d_W54,gender,inferred,,Inferred from name,male,SEX,Female,Male,False,0.8457464950010108,2,2
INEQ8_d_W54,gender,inferred,,Inferred from name,female,SEX,Male,Female,False,0.9061493650939302,2,2
INEQ8_d_W54,gender,inferred,,Inferred from name,female,SEX,Female,Female,True,0.8451356060162183,2,2
INEQ8_f_W54,gender,inferred,,Inferred from name,male,SEX,Male,Male,True,0.8152710778361885,2,2
INEQ8_f_W54,gender,inferred,,Inferred from name,male,SEX,Female,Male,False,0.7945206080436931,2,2
INEQ8_f_W54,gender,inferred,,Inferred from name,female,SEX,Male,Female,False,0.8149608043170203,2,2
INEQ8_f_W54,gender,inferred,,Inferred from name,female,SEX,Female,Female,True,0.794210334524525,2,2
INEQ8_g_W54,gender,inferred,,Inferred from name,male,SEX,Male,Male,True,0.6456212047426264,2,2
INEQ8_g_W54,gender,inferred,,Inferred from name,male,SEX,Female,Male,False,0.5229416747426264,2,2
INEQ8_g_W54,gender,inferred,,Inferred from name,female,SEX,Male,Female,False,0.6142643150313019,2,2
INEQ8_g_W54,gender,inferred,,Inferred from name,female,SEX,Female,Female,True,0.3773919879687008,2,2
INEQ8_h_W54,gender,inferred,,Inferred from name,male,SEX,Male,Male,True,1.6234455145980546,2,2
INEQ8_h_W54,gender,inferred,,Inferred from name,male,SEX,Female,Male,False,1.7181331845980545,2,2
INEQ8_h_W54,gender,inferred,,Inferred from name,female,SEX,Male,Female,False,1.6220874007307322,2,2
INEQ8_h_W54,gender,inferred,,Inferred from name,female,SEX,Female,Female,True,1.716775070730732,2,2
INEQ8_i_W54,gender,inferred,,Inferred from name,male,SEX,Male,Male,True,0.8569230796738396,2,2
INEQ8_i_W54,gender,inferred,,Inferred from name,male,SEX,Female,Male,False,0.7842125517118246,2,2
INEQ8_i_W54,gender,inferred,,Inferred from name,female,SEX,Male,Female,False,0.8478103553270762,2,2
INEQ8_i_W54,gender,inferred,,Inferred from name,female,SEX,Female,Female,True,0.7750998273650611,2,2
INEQ8_j_W54,gender,inferred,,Inferred from name,male,SEX,Male,Male,True,0.7385776758946342,2,2
INEQ8_j_W54,gender,inferred,,Inferred from name,male,SEX,Female,Male,False,0.6054618034403091,2,2
INEQ8_j_W54,gender,inferred,,Inferred from name,female,SEX,Male,Female,False,0.7801126934681362,2,2
INEQ8_j_W54,gender,inferred,,Inferred from name,female,SEX,Female,Female,True,0.6469968210138111,2,2
JOBTRAIN_W54,gender,inferred,,Inferred from name,male,SEX,Male,Male,True,0.6814462168144622,2,2
JOBTRAIN_W54,gender,inferred,,Inferred from name,male,SEX,Female,Male,False,0.61485219,2,2
JOBTRAIN_W54,gender,inferred,,Inferred from name,female,SEX,Male,Female,False,0.6814462168144622,2,2
JOBTRAIN_W54,gender,inferred,,Inferred from name,female,SEX,Female,Female,True,0.61485219,2,2
WORRY2a_W54,gender,inferred,,Inferred from name,male,SEX,Male,Male,True,2.014192395001125,2,2
WORRY2a_W54,gender,inferred,,Inferred from name,male,SEX,Female,Male,False,2.30956231809719,2,2
WORRY2a_W54,gender,inferred,,Inferred from name,female,SEX,Male,Female,False,2.013805451498491,2,2
WORRY2a_W54,gender,inferred,,Inferred from name,female,SEX,Female,Female,True,2.3091753745945556,2,2
WORRY2b_W54,gender,inferred,,Inferred from name,male,SEX,Male,Male,True,1.5889404020162798,2,2
WORRY2b_W54,gender,inferred,,Inferred from name,male,SEX,Female,Male,False,1.6390235220162799,2,2
WORRY2b_W54,gender,inferred,,Inferred from name,female,SEX,Male,Female,False,1.5888527040124008,2,2
WORRY2b_W54,gender,inferred,,Inferred from name,female,SEX,Female,Female,True,1.638935824012401,2,2
WORRY2c_W54,gender,inferred,,Inferred from name,male,SEX,Male,Male,True,2.0716473464965572,2,2
WORRY2c_W54,gender,inferred,,Inferred from name,male,SEX,Female,Male,False,2.3576918064965566,2,2
WORRY2c_W54,gender,inferred,,Inferred from name,female,SEX,Male,Female,False,2.071123465020882,2,2
WORRY2c_W54,gender,inferred,,Inferred from name,female,SEX,Female,Female,True,2.3571679250208817,2,2
WORRY2d_W54,gender,inferred,,Inferred from name,male,SEX,Male,Male,True,1.6335039177402981,2,2
WORRY2d_W54,gender,inferred,,Inferred from name,male,SEX,Female,Male,False,1.8662762577402985,2,2
WORRY2d_W54,gender,inferred,,Inferred from name,female,SEX,Male,Female,False,1.420884073738503,2,2
WORRY2d_W54,gender,inferred,,Inferred from name,female,SEX,Female,Female,True,1.6536564137385028,2,2
WORRY2e_W54,gender,inferred,,Inferred from name,male,SEX,Male,Male,True,1.467480335065422,2,2
WORRY2e_W54,gender,inferred,,Inferred from name,male,SEX,Female,Male,False,1.6709218550654223,2,2
WORRY2e_W54,gender,inferred,,Inferred from name,female,SEX,Male,Female,False,1.4317830547783412,2,2
WORRY2e_W54,gender,inferred,,Inferred from name,female,SEX,Female,Female,True,1.5981686147783414,2,2
GAP21Q10_W82,gender,inferred,,Inferred from name,male,SEX,Male,Male,True,0.41663078354749733,2,2
GAP21Q10_W82,gender,inferred,,Inferred from name,male,SEX,Female,Male,False,0.4106399635474973,2,2
GAP21Q10_W82,gender,inferred,,Inferred from name,female,SEX,Male,Female,False,0.417044135323937,2,2
GAP21Q10_W82,gender,inferred,,Inferred from name,female,SEX,Female,Female,True,0.411053315323937,2,2
GAP21Q13_b_W82,gender,inferred,,Inferred from name,male,SEX,Male,Male,True,0.5941386435000903,2,2
GAP21Q13_b_W82,gender,inferred,,Inferred from name,male,SEX,Female,Male,False,0.5430198535000902,2,2
GAP21Q13_b_W82,gender,inferred,,Inferred from name,female,SEX,Male,Female,False,0.594145900500023,2,2
GAP21Q13_b_W82,gender,inferred,,Inferred from name,female,SEX,Female,Female,True,0.543027110500023,2,2
GAP21Q15_a_W82,gender,inferred,,Inferred from name,male,SEX,Male,Male,True,1.0483880981546005,2,2
GAP21Q15_a_W82,gender,inferred,,Inferred from name,male,SEX,Female,Male,False,0.9794770972913426,2,2
GAP21Q15_a_W82,gender,inferred,,Inferred from name,female,SEX,Male,Female,False,1.0593295721748541,2,2
GAP21Q15_a_W82,gender,inferred,,Inferred from name,female,SEX,Female,Female,True,0.9904185713115962,2,2
GAP21Q15_b_W82,gender,inferred,,Inferred from name,male,SEX,Male,Male,True,0.8293847092235638,2,2
GAP21Q15_b_W82,gender,inferred,,Inferred from name,male,SEX,Female,Male,False,0.8647497588699132,2,2
GAP21Q15_b_W82,gender,inferred,,Inferred from name,female,SEX,Male,Female,False,0.8295758116709174,2,2
GAP21Q15_b_W82,gender,inferred,,Inferred from name,female,SEX,Female,Female,True,0.8649408613172669,2,2
GAP21Q15_c_W82,gender,inferred,,Inferred from name,male,SEX,Male,Male,True,0.705869500058504,2,2
GAP21Q15_c_W82,gender,inferred,,Inferred from name,male,SEX,Female,Male,False,0.8766711429991726,2,2
GAP21Q15_c_W82,gender,inferred,,Inferred from name,female,SEX,Male,Female,False,0.7058326425580248,2,2
GAP21Q15_c_W82,gender,inferred,,Inferred from name,female,SEX,Female,Female,True,0.8766342854986935,2,2
GAP21Q15_d_W82,gender,inferred,,Inferred from name,male,SEX,Male,Male,True,0.6718752782876269,2,2
GAP21Q15_d_W82,gender,inferred,,Inferred from name,male,SEX,Female,Male,False,0.6333799416154419,2,2
GAP21Q15_d_W82,gender,inferred,,Inferred from name,female,SEX,Male,Female,False,0.6865054725672293,2,2
GAP21Q15_d_W82,gender,inferred,,Inferred from name,female,SEX,Female,Female,True,0.6480101358950442,2,2
GAP21Q15_e_W82,gender,inferred,,Inferred from name,male,SEX,Male,Male,True,0.4925724862193489,2,2
GAP21Q15_e_W82,gender,inferred,,Inferred from name,male,SEX,Female,Male,False,0.6112369062193489,2,2
GAP21Q15_e_W82,gender,inferred,,Inferred from name,female,SEX,Male,Female,False,0.503830107107562,2,2
GAP21Q15_e_W82,gender,inferred,,Inferred from name,female,SEX,Female,Female,True,0.622494527107562,2,2
GAP21Q15_f_W82,gender,inferred,,Inferred from name,male,SEX,Male,Male,True,0.6872200113005807,2,2
GAP21Q15_f_W82,gender,inferred,,Inferred from name,male,SEX,Female,Male,False,0.6788175483373339,2,2
GAP21Q15_f_W82,gender,inferred,,Inferred from name,female,SEX,Male,Female,False,0.6937579348640732,2,2
GAP21Q15_f_W82,gender,inferred,,Inferred from name,female,SEX,Female,Female,True,0.6853554719008265,2,2
GAP21Q17_W82,gender,inferred,,Inferred from name,male,SEX,Male,Male,True,0.518554768496425,2,2
GAP21Q17_W82,gender,inferred,,Inferred from name,male,SEX,Female,Male,False,0.4974626735204495,2,2
GAP21Q17_W82,gender,inferred,,Inferred from name,female,SEX,Male,Female,False,0.5185391339987205,2,2
GAP21Q17_W82,gender,inferred,,Inferred from name,female,SEX,Female,Female,True,0.49744703902274495,2,2
GAP21Q19_a_W82,gender,inferred,,Inferred from name,male,SEX,Male,Male,True,0.9666936599756312,2,2
GAP21Q19_a_W82,gender,inferred,,Inferred from name,male,SEX,Female,Male,False,0.9050914699756313,2,2
GAP21Q19_a_W82,gender,inferred,,Inferred from name,female,SEX,Male,Female,False,0.9681237294773756,2,2
GAP21Q19_a_W82,gender,inferred,,Inferred from name,female,SEX,Female,Female,True,0.9065215394773757,2,2
GAP21Q19_b_W82,gender,inferred,,Inferred from name,male,SEX,Male,Male,True,2.3746010777554902,2,2
GAP21Q19_b_W82,gender,inferred,,Inferred from name,male,SEX,Female,Male,False,2.190441121505792,2,2
GAP21Q19_b_W82,gender,inferred,,Inferred from name,female,SEX,Male,Female,False,2.3660631696958965,2,2
GAP21Q19_b_W82,gender,inferred,,Inferred from name,female,SEX,Female,Female,True,2.1819032134461978,2,2
GAP21Q19_c_W82,gender,inferred,,Inferred from name,male,SEX,Male,Male,True,0.683865154,2,2
GAP21Q19_c_W82,gender,inferred,,Inferred from name,male,SEX,Female,Male,False,0.620998794,2,2
GAP21Q19_c_W82,gender,inferred,,Inferred from name,female,SEX,Male,Female,False,0.6838651565,2,2
GAP21Q19_c_W82,gender,inferred,,Inferred from name,female,SEX,Female,Female,True,0.6209987965,2,2
GAP21Q19_d_W82,gender,inferred,,Inferred from name,male,SEX,Male,Male,True,0.5926075275649237,2,2
GAP21Q19_d_W82,gender,inferred,,Inferred from name,male,SEX,Female,Male,False,0.5759148638691644,2,2
GAP21Q19_d_W82,gender,inferred,,Inferred from name,female,SEX,Male,Female,False,0.6298044506038737,2,2
GAP21Q19_d_W82,gender,inferred,,Inferred from name,female,SEX,Female,Female,True,0.6131117869081142,2,2
GAP21Q19_e_W82,gender,inferred,,Inferred from name,male,SEX,Male,Male,True,0.3943145705303971,2,2
GAP21Q19_e_W82,gender,inferred,,Inferred from name,male,SEX,Female,Male,False,0.328806220530397,2,2
GAP21Q19_e_W82,gender,inferred,,Inferred from name,female,SEX,Male,Female,False,0.4722780743486291,2,2
GAP21Q19_e_W82,gender,inferred,,Inferred from name,female,SEX,Female,Female,True,0.406769724348629,2,2
GAP21Q21_a_W82,gender,inferred,,Inferred from name,male,SEX,Male,Male,True,0.5264250940211632,2,2
GAP21Q21_a_W82,gender,inferred,,Inferred from name,male,SEX,Female,Male,False,0.5954702340211633,2,2
GAP21Q21_a_W82,gender,inferred,,Inferred from name,female,SEX,Male,Female,False,0.5277348690976589,2,2
GAP21Q21_a_W82,gender,inferred,,Inferred from name,female,SEX,Female,Female,True,0.5967800090976589,2,2
GAP21Q21_e_W82,gender,inferred,,Inferred from name,male,SEX,Male,Male,True,0.6426435969264166,2,2
GAP21Q21_e_W82,gender,inferred,,Inferred from name,male,SEX,Female,Male,False,0.6521009139788604,2,2
GAP21Q21_e_W82,gender,inferred,,Inferred from name,female,SEX,Male,Female,False,0.64264371392663,2,2
GAP21Q21_e_W82,gender,inferred,,Inferred from name,female,SEX,Female,Female,True,0.6521010309790738,2,2
GAP21Q23_W82,gender,inferred,,Inferred from name,male,SEX,Male,Male,True,1.017282695990513,2,2
GAP21Q23_W82,gender,inferred,,Inferred from name,male,SEX,Female,Male,False,0.744492005990513,2,2
GAP21Q23_W82,gender,inferred,,Inferred from name,female,SEX,Male,Female,False,1.0184114050026902,2,2
GAP21Q23_W82,gender,inferred,,Inferred from name,female,SEX,Female,Female,True,0.7456207150026902,2,2
GAP21Q24_W82,gender,inferred,,Inferred from name,male,SEX,Male,Male,True,1.4229066337316287,2,2
GAP21Q24_W82,gender,inferred,,Inferred from name,male,SEX,Female,Male,False,1.1589302610918653,2,2
GAP21Q24_W82,gender,inferred,,Inferred from name,female,SEX,Male,Female,False,1.4229301467318711,2,2
GAP21Q24_W82,gender,inferred,,Inferred from name,female,SEX,Female,Female,True,1.1589537740921076,2,2
GAP21Q25_W82,gender,inferred,,Inferred from name,male,SEX,Male,Male,True,0.7274369275812408,2,2
GAP21Q25_W82,gender,inferred,,Inferred from name,male,SEX,Female,Male,False,0.5858205975812408,2,2
GAP21Q25_W82,gender,inferred,,Inferred from name,female,SEX,Male,Female,False,0.725892323619367,2,2
GAP21Q25_W82,gender,inferred,,Inferred from name,female,SEX,Female,Female,True,0.584275993619367,2,2
GAP21Q26_a_W82,gender,inferred,,Inferred from name,male,SEX,Male,Male,True,0.6335991321621475,2,2
GAP21Q26_a_W82,gender,inferred,,Inferred from name,male,SEX,Female,Male,False,0.5948641421621474,2,2
GAP21Q26_a_W82,gender,inferred,,Inferred from name,female,SEX,Male,Female,False,0.6395904493873582,2,2
GAP21Q26_a_W82,gender,inferred,,Inferred from name,female,SEX,Female,Female,True,0.6008554593873582,2,2
GAP21Q26_b_W82,gender,inferred,,Inferred from name,male,SEX,Male,Male,True,0.347361664591058,2,2
GAP21Q26_b_W82,gender,inferred,,Inferred from name,male,SEX,Female,Male,False,0.1653587344090268,2,2
GAP21Q26_b_W82,gender,inferred,,Inferred from name,female,SEX,Male,Female,False,0.4722384965857415,2,2
GAP21Q26_b_W82,gender,inferred,,Inferred from name,female,SEX,Female,Female,True,0.24115346658574172,2,2
GAP21Q26_c_W82,gender,inferred,,Inferred from name,male,SEX,Male,Male,True,1.4346642125007874,2,2
GAP21Q26_c_W82,gender,inferred,,Inferred from name,male,SEX,Female,Male,False,1.1876422525007873,2,2
GAP21Q26_c_W82,gender,inferred,,Inferred from name,female,SEX,Male,Female,False,1.4346495274997382,2,2
GAP21Q26_c_W82,gender,inferred,,Inferred from name,female,SEX,Female,Female,True,1.187627567499738,2,2
GAP21Q27_W82,gender,inferred,,Inferred from name,male,SEX,Male,Male,True,0.22726199540598985,2,2
GAP21Q27_W82,gender,inferred,,Inferred from name,male,SEX,Female,Male,False,0.30172233040598984,2,2
GAP21Q27_W82,gender,inferred,,Inferred from name,female,SEX,Male,Female,False,0.13251581590312989,2,2
GAP21Q27_W82,gender,inferred,,Inferred from name,female,SEX,Female,Female,True,0.17873920090312986,2,2
GAP21Q28_W82,gender,inferred,,Inferred from name,male,SEX,Male,Male,True,0.7162283401634568,2,2
GAP21Q28_W82,gender,inferred,,Inferred from name,male,SEX,Female,Male,False,0.6940984729988265,2,2
GAP21Q28_W82,gender,inferred,,Inferred from name,female,SEX,Male,Female,False,0.7163932341642465,2,2
GAP21Q28_W82,gender,inferred,,Inferred from name,female,SEX,Female,Female,True,0.6942633669996161,2,2
GAP21Q31_W82,gender,inferred,,Inferred from name,male,SEX,Male,Male,True,0.6737529180000001,2,2
GAP21Q31_W82,gender,inferred,,Inferred from name,male,SEX,Female,Male,False,0.6258660017413382,2,2
GAP21Q31_W82,gender,inferred,,Inferred from name,female,SEX,Male,Female,False,0.6737528239999981,2,2
GAP21Q31_W82,gender,inferred,,Inferred from name,female,SEX,Female,Female,True,0.6258659077413363,2,2
GAP21Q32_W82,gender,inferred,,Inferred from name,male,SEX,Male,Male,True,0.7863859333638598,2,2
GAP21Q32_W82,gender,inferred,,Inferred from name,male,SEX,Female,Male,False,0.7504254754999987,2,2
GAP21Q32_W82,gender,inferred,,Inferred from name,female,SEX,Male,Female,False,0.7863859488638603,2,2
GAP21Q32_W82,gender,inferred,,Inferred from name,female,SEX,Female,Female,True,0.7504254909999992,2,2
GAP21Q33_c_W82,gender,inferred,,Inferred from name,male,SEX,Male,Male,True,0.4065117471219593,2,2
GAP21Q33_c_W82,gender,inferred,,Inferred from name,male,SEX,Female,Male,False,0.35927365712195947,2,2
GAP21Q33_c_W82,gender,inferred,,Inferred from name,female,SEX,Male,Female,False,0.336198073462865,2,2
GAP21Q33_c_W82,gender,inferred,,Inferred from name,female,SEX,Female,Female,True,0.28895998346286517,2,2
GAP21Q33_g_W82,gender,inferred,,Inferred from name,male,SEX,Male,Male,True,0.5609092436091988,2,2
GAP21Q33_g_W82,gender,inferred,,Inferred from name,male,SEX,Female,Male,False,0.5458492679997519,2,2
GAP21Q33_g_W82,gender,inferred,,Inferred from name,female,SEX,Male,Female,False,0.5608948716089238,2,2
GAP21Q33_g_W82,gender,inferred,,Inferred from name,female,SEX,Female,Female,True,0.5458348959994769,2,2
GAP21Q33_i_W82,gender,inferred,,Inferred from name,male,SEX,Male,Male,True,0.6121601941730597,2,2
GAP21Q33_i_W82,gender,inferred,,Inferred from name,male,SEX,Female,Male,False,0.6997301880427361,2,2
GAP21Q33_i_W82,gender,inferred,,Inferred from name,female,SEX,Male,Female,False,0.6108173001668721,2,2
GAP21Q33_i_W82,gender,inferred,,Inferred from name,female,SEX,Female,Female,True,0.6983872940365485,2,2
GAP21Q33_j_W82,gender,inferred,,Inferred from name,male,SEX,Male,Male,True,0.8092856684071437,2,2
GAP21Q33_j_W82,gender,inferred,,Inferred from name,male,SEX,Female,Male,False,0.6760812997391872,2,2
GAP21Q33_j_W82,gender,inferred,,Inferred from name,female,SEX,Male,Female,False,0.8092856794071441,2,2
GAP21Q33_j_W82,gender,inferred,,Inferred from name,female,SEX,Female,Female,True,0.6760813107391876,2,2
GAP21Q33_m_W82,gender,inferred,,Inferred from name,male,SEX,Male,Male,True,0.30013257253853487,2,2
GAP21Q33_m_W82,gender,inferred,,Inferred from name,male,SEX,Female,Male,False,0.2506969298388918,2,2
GAP21Q33_m_W82,gender,inferred,,Inferred from name,female,SEX,Male,Female,False,0.3126550766011731,2,2
GAP21Q33_m_W82,gender,inferred,,Inferred from name,female,SEX,Female,Female,True,0.26321943390153,2,2
GAP21Q33_n_W82,gender,inferred,,Inferred from name,male,SEX,Male,Male,True,0.32409983291950933,2,2
GAP21Q33_n_W82,gender,inferred,,Inferred from name,male,SEX,Female,Male,False,0.3169823429195093,2,2
GAP21Q33_n_W82,gender,inferred,,Inferred from name,female,SEX,Male,Female,False,0.28954474191339075,2,2
GAP21Q33_n_W82,gender,inferred,,Inferred from name,female,SEX,Female,Female,True,0.2824272519133907,2,2
GAP21Q33_q_W82,gender,inferred,,Inferred from name,male,SEX,Male,Male,True,0.5539843955561252,2,2
GAP21Q33_q_W82,gender,inferred,,Inferred from name,male,SEX,Female,Male,False,0.45653474000935307,2,2
GAP21Q33_q_W82,gender,inferred,,Inferred from name,female,SEX,Male,Female,False,0.5539591790503624,2,2
GAP21Q33_q_W82,gender,inferred,,Inferred from name,female,SEX,Female,Female,True,0.4565095235035902,2,2
GAP21Q33_r_W82,gender,inferred,,Inferred from name,male,SEX,Male,Male,True,0.20963252425251505,2,2
GAP21Q33_r_W82,gender,inferred,,Inferred from name,male,SEX,Female,Male,False,0.17957736425251503,2,2
GAP21Q33_r_W82,gender,inferred,,Inferred from name,female,SEX,Male,Female,False,0.4632536159890088,2,2
GAP21Q33_r_W82,gender,inferred,,Inferred from name,female,SEX,Female,Female,True,0.36133007598900874,2,2
GAP21Q33_s_W82,gender,inferred,,Inferred from name,male,SEX,Male,Male,True,0.6362108060013448,2,2
GAP21Q33_s_W82,gender,inferred,,Inferred from name,male,SEX,Female,Male,False,0.5694597960013448,2,2
GAP21Q33_s_W82,gender,inferred,,Inferred from name,female,SEX,Male,Female,False,0.6360791460000002,2,2
GAP21Q33_s_W82,gender,inferred,,Inferred from name,female,SEX,Female,Female,True,0.5693281360000001,2,2
GAP21Q34_a_W82,gender,inferred,,Inferred from name,male,SEX,Male,Male,True,0.9513488424968319,2,2
GAP21Q34_a_W82,gender,inferred,,Inferred from name,male,SEX,Female,Male,False,0.8541257424968319,2,2
GAP21Q34_a_W82,gender,inferred,,Inferred from name,female,SEX,Male,Female,False,0.9514113379980423,2,2
GAP21Q34_a_W82,gender,inferred,,Inferred from name,female,SEX,Female,Female,True,0.8541882379980423,2,2
GAP21Q34_b_W82,gender,inferred,,Inferred from name,male,SEX,Male,Male,True,0.9089773020003974,2,2
GAP21Q34_b_W82,gender,inferred,,Inferred from name,male,SEX,Female,Male,False,0.8639030706396128,2,2
GAP21Q34_b_W82,gender,inferred,,Inferred from name,female,SEX,Male,Female,False,0.9089859135002368,2,2
GAP21Q34_b_W82,gender,inferred,,Inferred from name,female,SEX,Female,Female,True,0.8639116821394522,2,2
GAP21Q34_c_W82,gender,inferred,,Inferred from name,male,SEX,Male,Male,True,0.9884121313842885,2,2
GAP21Q34_c_W82,gender,inferred,,Inferred from name,male,SEX,Female,Male,False,0.881560591500113,2,2
GAP21Q34_c_W82,gender,inferred,,Inferred from name,female,SEX,Male,Female,False,0.9884147043841993,2,2
GAP21Q34_c_W82,gender,inferred,,Inferred from name,female,SEX,Female,Female,True,0.8815631645000238,2,2
GAP21Q34_d_W82,gender,inferred,,Inferred from name,male,SEX,Male,Male,True,0.9321861343222283,2,2
GAP21Q34_d_W82,gender,inferred,,Inferred from name,male,SEX,Female,Male,False,0.8065758269343317,2,2
GAP21Q34_d_W82,gender,inferred,,Inferred from name,female,SEX,Male,Female,False,0.9321912838221561,2,2
GAP21Q34_d_W82,gender,inferred,,Inferred from name,female,SEX,Female,Female,True,0.8065809764342595,2,2
GAP21Q34_e_W82,gender,inferred,,Inferred from name,male,SEX,Male,Male,True,0.907825271005159,2,2
GAP21Q34_e_W82,gender,inferred,,Inferred from name,male,SEX,Female,Male,False,0.8640788210051589,2,2
GAP21Q34_e_W82,gender,inferred,,Inferred from name,female,SEX,Male,Female,False,0.9080866490486788,2,2
GAP21Q34_e_W82,gender,inferred,,Inferred from name,female,SEX,Female,Female,True,0.8643401990486785,2,2
GAP21Q34_f_W82,gender,inferred,,Inferred from name,male,SEX,Male,Male,True,0.9990185560010313,2,2
GAP21Q34_f_W82,gender,inferred,,Inferred from name,male,SEX,Female,Male,False,0.8471812160010314,2,2
GAP21Q34_f_W82,gender,inferred,,Inferred from name,female,SEX,Male,Female,False,0.9990457250010255,2,2
GAP21Q34_f_W82,gender,inferred,,Inferred from name,female,SEX,Female,Female,True,0.8472083850010256,2,2
GAP21Q38_a_W82,gender,inferred,,Inferred from name,male,SEX,Male,Male,True,1.042375905694913,2,2
GAP21Q38_a_W82,gender,inferred,,Inferred from name,male,SEX,Female,Male,False,1.023276215694913,2,2
GAP21Q38_a_W82,gender,inferred,,Inferred from name,female,SEX,Male,Female,False,1.0377785182387,2,2
GAP21Q38_a_W82,gender,inferred,,Inferred from name,female,SEX,Female,Female,True,1.0186788282387003,2,2
GAP21Q38_b_W82,gender,inferred,,Inferred from name,male,SEX,Male,Male,True,1.216031388009866,2,2
GAP21Q38_b_W82,gender,inferred,,Inferred from name,male,SEX,Female,Male,False,0.9763622977824579,2,2
GAP21Q38_b_W82,gender,inferred,,Inferred from name,female,SEX,Male,Female,False,1.2160805225072062,2,2
GAP21Q38_b_W82,gender,inferred,,Inferred from name,female,SEX,Female,Female,True,0.976411432279798,2,2
GAP21Q38_c_W82,gender,inferred,,Inferred from name,male,SEX,Male,Male,True,1.2621786024993806,2,2
GAP21Q38_c_W82,gender,inferred,,Inferred from name,male,SEX,Female,Male,False,1.0348818224993805,2,2
GAP21Q38_c_W82,gender,inferred,,Inferred from name,female,SEX,Male,Female,False,1.2621875274991092,2,2
GAP21Q38_c_W82,gender,inferred,,Inferred from name,female,SEX,Female,Female,True,1.0348907474991094,2,2
GAP21Q41_W82,gender,inferred,,Inferred from name,male,SEX,Male,Male,True,0.5188977334931919,2,2
GAP21Q41_W82,gender,inferred,,Inferred from name,male,SEX,Female,Male,False,0.4869144734931919,2,2
GAP21Q41_W82,gender,inferred,,Inferred from name,female,SEX,Male,Female,False,0.5190777230000001,2,2
GAP21Q41_W82,gender,inferred,,Inferred from name,female,SEX,Female,Female,True,0.4870944630000001,2,2
GAP21Q43_g_W82,gender,inferred,,Inferred from name,male,SEX,Male,Male,True,0.6888365749999946,2,2
GAP21Q43_g_W82,gender,inferred,,Inferred from name,male,SEX,Female,Male,False,0.7209424522094213,2,2
GAP21Q43_g_W82,gender,inferred,,Inferred from name,female,SEX,Male,Female,False,0.6888365439999925,2,2
GAP21Q43_g_W82,gender,inferred,,Inferred from name,female,SEX,Female,Female,True,0.7209424212094193,2,2
GAP21Q47_W82,gender,inferred,,Inferred from name,male,SEX,Male,Male,True,0.9830490616511689,2,2
GAP21Q47_W82,gender,inferred,,Inferred from name,male,SEX,Female,Male,False,0.8829793916511688,2,2
GAP21Q47_W82,gender,inferred,,Inferred from name,female,SEX,Male,Female,False,0.9996033317385433,2,2
GAP21Q47_W82,gender,inferred,,Inferred from name,female,SEX,Female,Female,True,0.8995336617385432,2,2
GAP21Q4_a_W82,gender,inferred,,Inferred from name,male,SEX,Male,Male,True,0.5811795873121115,2,2
GAP21Q4_a_W82,gender,inferred,,Inferred from name,male,SEX,Female,Male,False,0.6090415414996142,2,2
GAP21Q4_a_W82,gender,inferred,,Inferred from name,female,SEX,Male,Female,False,0.5811627803114102,2,2
GAP21Q4_a_W82,gender,inferred,,Inferred from name,female,SEX,Female,Female,True,0.6090247344989129,2,2
GAP21Q4_b_W82,gender,inferred,,Inferred from name,male,SEX,Male,Male,True,1.244195286558047,2,2
GAP21Q4_b_W82,gender,inferred,,Inferred from name,male,SEX,Female,Male,False,1.1731660690006498,2,2
GAP21Q4_b_W82,gender,inferred,,Inferred from name,female,SEX,Male,Female,False,1.2442272300578763,2,2
GAP21Q4_b_W82,gender,inferred,,Inferred from name,female,SEX,Female,Female,True,1.1731980125004793,2,2
GAP21Q4_c_W82,gender,inferred,,Inferred from name,male,SEX,Male,Male,True,0.40490462881120104,2,2
GAP21Q4_c_W82,gender,inferred,,Inferred from name,male,SEX,Female,Male,False,0.5421371288112011,2,2
GAP21Q4_c_W82,gender,inferred,,Inferred from name,female,SEX,Male,Female,False,0.49184184468424585,2,2
GAP21Q4_c_W82,gender,inferred,,Inferred from name,female,SEX,Female,Female,True,0.629074344684246,2,2
GAP21Q4_d_W82,gender,inferred,,Inferred from name,male,SEX,Male,Male,True,0.5498033314980052,2,2
GAP21Q4_d_W82,gender,inferred,,Inferred from name,male,SEX,Female,Male,False,0.5199744211997159,2,2
GAP21Q4_d_W82,gender,inferred,,Inferred from name,female,SEX,Male,Female,False,0.54980488549806,2,2
GAP21Q4_d_W82,gender,inferred,,Inferred from name,female,SEX,Female,Female,True,0.5199759751997706,2,2
GAP21Q4_e_W82,gender,inferred,,Inferred from name,male,SEX,Male,Male,True,0.710679742893253,2,2
GAP21Q4_e_W82,gender,inferred,,Inferred from name,male,SEX,Female,Male,False,0.6141742100000728,2,2
GAP21Q4_e_W82,gender,inferred,,Inferred from name,female,SEX,Male,Female,False,0.7106751273933685,2,2
GAP21Q4_e_W82,gender,inferred,,Inferred from name,female,SEX,Female,Female,True,0.6141695945001882,2,2
GAP21Q4_f_W82,gender,inferred,,Inferred from name,male,SEX,Male,Male,True,0.5718928772190883,2,2
GAP21Q4_f_W82,gender,inferred,,Inferred from name,male,SEX,Female,Male,False,0.6113948053859836,2,2
GAP21Q4_f_W82,gender,inferred,,Inferred from name,female,SEX,Male,Female,False,0.5718925247189548,2,2
GAP21Q4_f_W82,gender,inferred,,Inferred from name,female,SEX,Female,Female,True,0.6113944528858499,2,2
GAP21Q7_a_W82,gender,inferred,,Inferred from name,male,SEX,Male,Male,True,1.1208349638635382,2,2
GAP21Q7_a_W82,gender,inferred,,Inferred from name,male,SEX,Female,Male,False,1.2064013238635383,2,2
GAP21Q7_a_W82,gender,inferred,,Inferred from name,female,SEX,Male,Female,False,1.0487322119348086,2,2
GAP21Q7_a_W82,gender,inferred,,Inferred from name,female,SEX,Female,Female,True,1.1342985719348087,2,2
GAP21Q7_b_W82,gender,inferred,,Inferred from name,male,SEX,Male,Male,True,1.772326951011641,2,2
GAP21Q7_b_W82,gender,inferred,,Inferred from name,male,SEX,Female,Male,False,1.6439015510116408,2,2
GAP21Q7_b_W82,gender,inferred,,Inferred from name,female,SEX,Male,Female,False,1.7708805488711037,2,2
GAP21Q7_b_W82,gender,inferred,,Inferred from name,female,SEX,Female,Female,True,1.6424551488711037,2,2
GAP21Q7_d_W82,gender,inferred,,Inferred from name,male,SEX,Male,Male,True,0.8009814038156171,2,2
GAP21Q7_d_W82,gender,inferred,,Inferred from name,male,SEX,Female,Male,False,0.5946963638156171,2,2
GAP21Q7_d_W82,gender,inferred,,Inferred from name,female,SEX,Male,Female,False,0.8041209852399217,2,2
GAP21Q7_d_W82,gender,inferred,,Inferred from name,female,SEX,Female,Female,True,0.5978359452399217,2,2
BILLION_W92,gender,inferred,,Inferred from name,male,SEX,Male,Male,True,0.2359804654999917,2,2
BILLION_W92,gender,inferred,,Inferred from name,male,SEX,Female,Male,False,0.2035468604999917,2,2
BILLION_W92,gender,inferred,,Inferred from name,female,SEX,Male,Female,False,0.2359667142494396,2,2
BILLION_W92,gender,inferred,,Inferred from name,female,SEX,Female,Female,True,0.20353310924943963,2,2
CANDEXP_W92,gender,inferred,,Inferred from name,male,SEX,Male,Male,True,1.295379570068687,2,2
CANDEXP_W92,gender,inferred,,Inferred from name,male,SEX,Female,Male,False,1.0030511800686868,2,2
CANDEXP_W92,gender,inferred,,Inferred from name,female,SEX,Male,Female,False,1.2953731931332781,2,2
CANDEXP_W92,gender,inferred,,Inferred from name,female,SEX,Female,Female,True,1.0030448031332782,2,2
ELECT_CONF3_PRVFR_W92,gender,inferred,,Inferred from name,male,SEX,Male,Male,True,1.0182725709999914,2,2
ELECT_CONF3_PRVFR_W92,gender,inferred,,Inferred from name,male,SEX,Female,Male,False,0.9876716209999913,2,2
ELECT_CONF3_PRVFR_W92,gender,inferred,,Inferred from name,female,SEX,Male,Female,False,1.0182724074999987,2,2
ELECT_CONF3_PRVFR_W92,gender,inferred,,Inferred from name,female,SEX,Female,Female,True,0.9876714574999985,2,2
ELECT_CONF3_PRVSUP_W92,gender,inferred,,Inferred from name,male,SEX,Male,Male,True,0.6951117965309533,2,2
ELECT_CONF3_PRVSUP_W92,gender,inferred,,Inferred from name,male,SEX,Female,Male,False,0.6577305765309533,2,2
ELECT_CONF3_PRVSUP_W92,gender,inferred,,Inferred from name,female,SEX,Male,Female,False,0.6954186809989152,2,2
ELECT_CONF3_PRVSUP_W92,gender,inferred,,Inferred from name,female,SEX,Female,Female,True,0.6580374609989152,2,2
ELECT_IMPT3_PRVFR_W92,gender,inferred,,Inferred from name,male,SEX,Male,Male,True,0.5530469505304711,2,2
ELECT_IMPT3_PRVFR_W92,gender,inferred,,Inferred from name,male,SEX,Female,Male,False,0.7163776250000011,2,2
ELECT_IMPT3_PRVFR_W92,gender,inferred,,Inferred from name,female,SEX,Male,Female,False,0.5530469415304713,2,2
ELECT_IMPT3_PRVFR_W92,gender,inferred,,Inferred from name,female,SEX,Female,Female,True,0.7163776160000013,2,2
FREECOLL_W92,gender,inferred,,Inferred from name,male,SEX,Male,Male,True,0.9770463145109423,2,2
FREECOLL_W92,gender,inferred,,Inferred from name,male,SEX,Female,Male,False,0.8597118659023055,2,2
FREECOLL_W92,gender,inferred,,Inferred from name,female,SEX,Male,Female,False,0.9768384230074784,2,2
FREECOLL_W92,gender,inferred,,Inferred from name,female,SEX,Female,Female,True,0.8595039743988416,2,2
GODMORALIMP_W92,gender,inferred,,Inferred from name,male,SEX,Male,Male,True,0.9900579270012657,2,2
GODMORALIMP_W92,gender,inferred,,Inferred from name,male,SEX,Female,Male,False,0.8871897270012656,2,2
GODMORALIMP_W92,gender,inferred,,Inferred from name,female,SEX,Male,Female,False,0.9900650800001417,2,2
GODMORALIMP_W92,gender,inferred,,Inferred from name,female,SEX,Female,Female,True,0.8871968800001416,2,2
LEGALIMMIGAMT_W92,gender,inferred,,Inferred from name,male,SEX,Male,Male,True,0.8054685944818019,2,2
LEGALIMMIGAMT_W92,gender,inferred,,Inferred from name,male,SEX,Female,Male,False,0.7726973944818019,2,2
LEGALIMMIGAMT_W92,gender,inferred,,Inferred from name,female,SEX,Male,Female,False,0.8054950090112883,2,2
LEGALIMMIGAMT_W92,gender,inferred,,Inferred from name,female,SEX,Female,Female,True,0.7727238090112885,2,2
POLINTOL2_a_W92,gender,inferred,,Inferred from name,male,SEX,Male,Male,True,0.8134781520005006,2,2
POLINTOL2_a_W92,gender,inferred,,Inferred from name,male,SEX,Female,Male,False,0.7977090420005005,2,2
POLINTOL2_a_W92,gender,inferred,,Inferred from name,female,SEX,Male,Female,False,0.8134972575000979,2,2
POLINTOL2_a_W92,gender,inferred,,Inferred from name,female,SEX,Female,Female,True,0.7977281475000978,2,2
PROG_RNEED_W92,gender,inferred,,Inferred from name,male,SEX,Male,Male,True,0.7338802200000002,2,2
PROG_RNEED_W92,gender,inferred,,Inferred from name,male,SEX,Female,Male,False,0.5692147300000001,2,2
PROG_RNEED_W92,gender,inferred,,Inferred from name,female,SEX,Male,Female,False,0.7338802180000001,2,2
PROG_RNEED_W92,gender,inferred,,Inferred from name,female,SEX,Female,Female,True,0.5692147280000001,2,2
RACESURV52MOD_W92,gender,inferred,,Inferred from name,male,SEX,Male,Male,True,0.6561573040302939,2,2
RACESURV52MOD_W92,gender,inferred,,Inferred from name,male,SEX,Female,Male,False,0.705535904030294,2,2
RACESURV52MOD_W92,gender,inferred,,Inferred from name,female,SEX,Male,Female,False,0.7180416753424306,2,2
RACESURV52MOD_W92,gender,inferred,,Inferred from name,female,SEX,Female,Female,True,0.7674202753424306,2,2
REPRSNTDEM_W92,gender,inferred,,Inferred from name,male,SEX,Male,Male,True,0.4340203254171514,2,2
REPRSNTDEM_W92,gender,inferred,,Inferred from name,male,SEX,Female,Male,False,0.4539249952181047,2,2
REPRSNTDEM_W92,gender,inferred,,Inferred from name,female,SEX,Male,Female,False,0.6361237640621952,2,2
REPRSNTDEM_W92,gender,inferred,,Inferred from name,female,SEX,Female,Female,True,0.46287371579469566,2,2
REPRSNTREP_W92,gender,inferred,,Inferred from name,male,SEX,Male,Male,True,0.8159418840213207,2,2
REPRSNTREP_W92,gender,inferred,,Inferred from name,male,SEX,Female,Male,False,0.8136676821653495,2,2
REPRSNTREP_W92,gender,inferred,,Inferred from name,female,SEX,Male,Female,False,0.8164983624986596,2,2
REPRSNTREP_W92,gender,inferred,,Inferred from name,female,SEX,Female,Female,True,0.8142241606426883,2,2
SOCIETY_GUNS_W92,gender,inferred,,Inferred from name,male,SEX,Male,Male,True,1.61560660549369,2,2
SOCIETY_GUNS_W92,gender,inferred,,Inferred from name,male,SEX,Female,Male,False,1.3006322654936895,2,2
SOCIETY_GUNS_W92,gender,inferred,,Inferred from name,female,SEX,Male,Female,False,1.616024951001482,2,2
SOCIETY_GUNS_W92,gender,inferred,,Inferred from name,female,SEX,Female,Female,True,1.3010506110014814,2,2
SOCIETY_RELG_W92,gender,inferred,,Inferred from name,male,SEX,Male,Male,True,1.0000360200009402,2,2
SOCIETY_RELG_W92,gender,inferred,,Inferred from name,male,SEX,Female,Male,False,0.8936081400009401,2,2
SOCIETY_RELG_W92,gender,inferred,,Inferred from name,female,SEX,Male,Female,False,1.0000378005005242,2,2
SOCIETY_RELG_W92,gender,inferred,,Inferred from name,female,SEX,Female,Female,True,0.8936099205005241,2,2
SOCIETY_RHIST_W92,gender,inferred,,Inferred from name,male,SEX,Male,Male,True,0.890828580039065,2,2
SOCIETY_RHIST_W92,gender,inferred,,Inferred from name,male,SEX,Female,Male,False,0.8593768100390651,2,2
SOCIETY_RHIST_W92,gender,inferred,,Inferred from name,female,SEX,Male,Female,False,0.9537859258591449,2,2
SOCIETY_RHIST_W92,gender,inferred,,Inferred from name,female,SEX,Female,Female,True,0.8593423158591448,2,2
SOCIETY_SSM_W92,gender,inferred,,Inferred from name,male,SEX,Male,Male,True,1.2620170430922943,2,2
SOCIETY_SSM_W92,gender,inferred,,Inferred from name,male,SEX,Female,Male,False,1.0889690611493912,2,2
SOCIETY_SSM_W92,gender,inferred,,Inferred from name,female,SEX,Male,Female,False,1.4729073588348292,2,2
SOCIETY_SSM_W92,gender,inferred,,Inferred from name,female,SEX,Female,Female,True,1.2998593768919258,2,2
SOCIETY_TRANS_W92,gender,inferred,,Inferred from name,male,SEX,Male,Male,True,2.0103999833116237,2,2
SOCIETY_TRANS_W92,gender,inferred,,Inferred from name,male,SEX,Female,Male,False,1.7770628431063442,2,2
SOCIETY_TRANS_W92,gender,inferred,,Inferred from name,female,SEX,Male,Female,False,2.0104174392507774,2,2
SOCIETY_TRANS_W92,gender,inferred,,Inferred from name,female,SEX,Female,Female,True,1.7770802990454975,2,2
SOCIETY_WHT_W92,gender,inferred,,Inferred from name,male,SEX,Male,Male,True,0.5185266951854214,2,2
SOCIETY_WHT_W92,gender,inferred,,Inferred from name,male,SEX,Female,Male,False,0.5530025700000887,2,2
SOCIETY_WHT_W92,gender,inferred,,Inferred from name,female,SEX,Male,Female,False,0.5185088441855037,2,2
SOCIETY_WHT_W92,gender,inferred,,Inferred from name,female,SEX,Female,Female,True,0.5529847190001709,2,2
UNIMMIGCOMM_W92,gender,inferred,,Inferred from name,male,SEX,Male,Male,True,0.8379922151200587,2,2
UNIMMIGCOMM_W92,gender,inferred,,Inferred from name,male,SEX,Female,Male,False,0.7687874234999877,2,2
UNIMMIGCOMM_W92,gender,inferred,,Inferred from name,female,SEX,Male,Female,False,0.8379918841200676,2,2
UNIMMIGCOMM_W92,gender,inferred,,Inferred from name,female,SEX,Female,Female,True,0.7687870924999967,2,2
USEXCEPT_W92,gender,inferred,,Inferred from name,male,SEX,Male,Male,True,0.46952704850000054,2,2
USEXCEPT_W92,gender,inferred,,Inferred from name,male,SEX,Female,Male,False,0.47320497376795045,2,2
USEXCEPT_W92,gender,inferred,,Inferred from name,female,SEX,Male,Female,False,0.4695270450000007,2,2
USEXCEPT_W92,gender,inferred,,Inferred from name,female,SEX,Female,Female,True,0.4732049702679506,2,2
USMILSIZ_W92,gender,inferred,,Inferred from name,male,SEX,Male,Male,True,0.9067405876332006,2,2
USMILSIZ_W92,gender,inferred,,Inferred from name,male,SEX,Female,Male,False,0.8829534176332009,2,2
USMILSIZ_W92,gender,inferred,,Inferred from name,female,SEX,Male,Female,False,1.0037914930696994,2,2
USMILSIZ_W92,gender,inferred,,Inferred from name,female,SEX,Female,Female,True,0.9800043230696994,2,2
WHADVANT_W92,gender,inferred,,Inferred from name,male,SEX,Male,Male,True,0.7386673849505115,2,2
WHADVANT_W92,gender,inferred,,Inferred from name,male,SEX,Female,Male,False,0.6624672149505118,2,2
WHADVANT_W92,gender,inferred,,Inferred from name,female,SEX,Male,Female,False,0.6799557203561152,2,2
WHADVANT_W92,gender,inferred,,Inferred from name,female,SEX,Female,Female,True,0.5994286096438997,2,2
