qkey,attribute,group_a,group_b,human_gap,quartile,channel,magnitude,regime,target_human_group,expected_model_class,competitor_model_class,distance_own_profile,distance_competitor_profile,difference
CARRYGUN_W26,gender,Male,Female,0.12741612642365374,Q3,inferred,,Inferred from name,Male,male,female,1.027814863000005,1.0278148860000043,-2.2999999238493274e-08
GROWUPGUN2A_W26,gender,Male,Female,0.02645808000000005,Q1,inferred,,Inferred from name,Male,male,female,0.3818926350000327,0.3818946604999711,-2.025499938440589e-06
GROWUPGUN2B_W26,gender,Male,Female,0.06983356000000007,Q2,inferred,,Inferred from name,Male,male,female,0.2977565780000002,0.29775660150000005,-2.3499999834974972e-08
GROWUPGUN2C_W26,gender,Male,Female,0.12567848999999998,Q3,inferred,,Inferred from name,Male,male,female,0.4768780419997901,0.4768867374998862,-8.695500096078668e-06
GROWUPGUN4_W26,gender,Male,Female,0.19573881999999995,Q3,inferred,,Inferred from name,Male,male,female,0.5161992267430604,0.503896621,0.012302605743060413
GROWUPGUN6_W26,gender,Male,Female,0.41024151006297305,Q4,inferred,,Inferred from name,Male,male,female,1.0062972475629728,1.0062972515629733,-4.000000553006089e-09
GROWUPGUN7_W26,gender,Male,Female,0.9799193065335078,Q4,inferred,,Inferred from name,Male,male,female,1.6533507470335076,1.6533507480335075,-9.99999860695766e-10
GROWUPVIOL_W26,gender,Male,Female,0.10525287000000001,Q3,inferred,,Inferred from name,Male,male,female,0.7168246811875894,0.6767694347046053,0.040055246482984086
GUNACCESS_W26,gender,Male,Female,0.26847898271435916,Q4,inferred,,Inferred from name,Male,male,female,1.7285640157143591,1.72856401521436,4.999991531917658e-10
GUNACTIVITYA_W26,gender,Male,Female,0.40512179,Q4,inferred,,Inferred from name,Male,male,female,0.7067413964994792,0.7068558070001032,-0.00011441050062399594
GUNACTIVITYB_W26,gender,Male,Female,0.293537986141301,Q4,inferred,,Inferred from name,Male,male,female,0.9968465919988097,0.9968572514991946,-1.0659500384924137e-05
GUNCONTRIBA_W26,gender,Male,Female,0.3380495241731196,Q4,inferred,,Inferred from name,Male,male,female,1.4168101366706105,1.4169168336760831,-0.0001066970054726113
GUNCONTRIBC_W26,gender,Male,Female,0.32655844454925986,Q4,inferred,,Inferred from name,Male,male,female,0.8513186685256183,0.8513892625164468,-7.059399082842699e-05
GUNCONTRIBE_W26,gender,Male,Female,0.4420735348417624,Q4,inferred,,Inferred from name,Male,male,female,0.8750370467504365,0.8750316207505653,5.425999871189191e-06
GUNCONTRIBF_W26,gender,Male,Female,0.17482951127702093,Q3,inferred,,Inferred from name,Male,male,female,0.561144625488719,0.5611938385224474,-4.9213033728401356e-05
GUNFRIEND_W26,gender,Male,Female,0.19455915999999993,Q3,inferred,,Inferred from name,Male,male,female,2.047170333500007,2.047170309000005,2.450000202713909e-08
GUNIDENTITY_W26,gender,Male,Female,0.11044064000000012,Q3,inferred,,Inferred from name,Male,male,female,0.845045333419018,1.0145557681270203,-0.1695104347080023
GUNLOADED1_W26,gender,Male,Female,0.19281009481260167,Q3,inferred,,Inferred from name,Male,male,female,0.5181418841766352,0.5163126116934665,0.0018292724831686646
GUNLOADED2_W26,gender,Male,Female,0.007936229999999989,Q1,inferred,,Inferred from name,Male,male,female,0.32388948299943426,0.3239360059979119,-4.65229984776272e-05
GUNLOCKED1_W26,gender,Male,Female,0.13664473661173004,Q3,inferred,,Inferred from name,Male,male,female,0.6033630417230604,0.6548010555636286,-0.05143801384056812
GUNLOCKED2_W26,gender,Male,Female,0.0073127900000000134,Q1,inferred,,Inferred from name,Male,male,female,0.5729867715001795,0.572986782000058,-1.0499878522196582e-08
GUNRESPKIDSD_W26,gender,Male,Female,0.049383065098697915,Q2,inferred,,Inferred from name,Male,male,female,1.6067289315025126,1.6067248680020412,4.063500471440662e-06
GUNRESPKIDSE_W26,gender,Male,Female,0.4011035927178682,Q4,inferred,,Inferred from name,Male,male,female,1.1293132990001005,1.129311879500113,1.4194999875538628e-06
GUNRESPNOKIDSA_W26,gender,Male,Female,0.20231650202316498,Q4,inferred,,Inferred from name,Male,male,female,0.6899834978998575,0.6899833698998551,1.280000023751171e-07
GUNRESPNOKIDSB_W26,gender,Male,Female,0.20836038244064875,Q4,inferred,,Inferred from name,Male,male,female,0.6390080843126452,0.7397776932754822,-0.10076960896283693
GUNRESPNOKIDSC_W26,gender,Male,Female,0.13126636676495096,Q3,inferred,,Inferred from name,Male,male,female,0.46453896300010333,0.46454118899998753,-2.2259998841978046e-06
GUNRESPNOKIDSD_W26,gender,Male,Female,0.09794651307353333,Q2,inferred,,Inferred from name,Male,male,female,1.6573016216493552,1.658062283598513,-0.0007606619491578037
GUNRESPNOKIDSE_W26,gender,Male,Female,0.39602702999999995,Q4,inferred,,Inferred from name,Male,male,female,1.052094694502816,1.0518995284940593,0.00019516600875668644
GUNRESPNOKIDSF_W26,gender,Male,Female,0.3287998575984771,Q4,inferred,,Inferred from name,Male,male,female,1.0886431525000484,1.088641058000094,2.0944999543637266e-06
GUNSAFETYKIDS_W26,gender,Male,Female,0.06337907499999995,Q2,inferred,,Inferred from name,Male,male,female,0.49633954625021937,0.4962919139987458,4.763225147358385e-05
GUNSAFE_W26,gender,Male,Female,0.058513780000000015,Q2,inferred,,Inferred from name,Male,male,female,0.34990937478714934,0.37394744850109224,-0.024038073713942898
GUNTYPEOWNC_W26,gender,Male,Female,0.3429450999999999,Q4,inferred,,Inferred from name,Male,male,female,1.17269198,1.1726919795,5.000000413701855e-10
NOCARRYGUN_W26,gender,Male,Female,0.07325672999999999,Q2,inferred,,Inferred from name,Male,male,female,0.5831014825888453,0.5804581530983509,0.002643329490494395
REASONGUNA_W26,gender,Male,Female,0.0564977173782516,Q2,inferred,,Inferred from name,Male,male,female,0.41736659682629595,0.41736606082630434,5.359999916132452e-07
REASONGUNB_W26,gender,Male,Female,0.3048543790664093,Q4,inferred,,Inferred from name,Male,male,female,0.2409318746509193,0.3384640548968096,-0.09753218024589028
REASONGUNC_W26,gender,Male,Female,0.2864709918426144,Q4,inferred,,Inferred from name,Male,male,female,0.5669913572277476,0.5685260160417129,-0.0015346588139653061
REASONGUND_W26,gender,Male,Female,0.10994980000000001,Q3,inferred,,Inferred from name,Male,male,female,0.4322025264818456,0.33885209908109937,0.09335042740074623
REASONGUNE_W26,gender,Male,Female,0.009247210000000033,Q1,inferred,,Inferred from name,Male,male,female,0.1956464406891494,0.14154469759421895,0.05410174309493046
SHOOTFREQ_W26,gender,Male,Female,0.3223292400000001,Q4,inferred,,Inferred from name,Male,male,female,0.9953445275000006,0.9953445285000005,-9.999999717180685e-10
WORRYB_W26,gender,Male,Female,0.2456113560527844,Q4,inferred,,Inferred from name,Male,male,female,0.5192752519311965,0.539788484733095,-0.02051323280189854
WORRYD_W26,gender,Male,Female,0.24918405000000002,Q4,inferred,,Inferred from name,Male,male,female,0.9529680764986543,0.9529389784985388,2.909800011552388e-05
WORRYE_W26,gender,Male,Female,0.21775253999999988,Q4,inferred,,Inferred from name,Male,male,female,0.6839264035091316,0.6842209765,-0.0002945729908684358
WORRYF_W26,gender,Male,Female,0.29852211547938284,Q4,inferred,,Inferred from name,Male,male,female,0.4509012860159754,0.4515527460274884,-0.0006514600115130054
BOYSF1B_W29,gender,Male,Female,0.10429201499999999,Q2,inferred,,Inferred from name,Male,male,female,0.12286885472960869,0.22764757511954337,-0.10477872038993467
FAVORS_CPS_W29,gender,Male,Female,0.1534800723761155,Q3,inferred,,Inferred from name,Male,male,female,1.1513195598473378,1.1391730182570732,0.012146541590264626
GIRLSF2C_W29,gender,Male,Female,0.051575777581438845,Q2,inferred,,Inferred from name,Male,male,female,0.22834805318063134,0.21779241929947835,0.010555633881152993
GIRLSF2D_W29,gender,Male,Female,0.055314156985722465,Q2,inferred,,Inferred from name,Male,male,female,0.21796081920995436,0.21797610555378194,-1.5286343827580762e-05
GOPDIRCT_W29,gender,Male,Female,0.20523859999999997,Q4,inferred,,Inferred from name,Male,male,female,0.5353435482028487,0.5703309492822276,-0.03498740107937892
HOOD_NHISB_W29,gender,Male,Female,0.0722041700000004,Q2,inferred,,Inferred from name,Male,male,female,0.5983407324943342,0.5980268550078753,0.0003138774864588356
LOCALELECT_W29,gender,Male,Female,0.12393901000000018,Q3,inferred,,Inferred from name,Male,male,female,0.8509628171405829,0.8281884129509826,0.022774404189600306
MAN1A_W29,gender,Male,Female,1.01920817,Q4,inferred,,Inferred from name,Male,male,female,0.5893050539558323,0.594615911939824,-0.005310857983991668
MAN1B_W29,gender,Male,Female,1.25869198,Q4,inferred,,Inferred from name,Male,male,female,0.9591797379502632,0.9585304489736951,0.0006492889765681298
MAN1C_W29,gender,Male,Female,0.92679733,Q4,inferred,,Inferred from name,Male,male,female,1.6076887824320418,1.6066625771216851,0.001026205310356687
MAN1D_W29,gender,Male,Female,1.597301294026987,Q4,inferred,,Inferred from name,Male,male,female,0.6848968414851067,0.6827451833025298,0.0021516581825768988
MAN1E_W29,gender,Male,Female,0.44492107,Q4,inferred,,Inferred from name,Male,male,female,0.7739408899904017,0.7717004896245991,0.0022404003658025307
MASC2_W29,gender,Male,Female,2.1469449414694495,Q4,inferred,,Inferred from name,Male,male,female,1.2082192917255736,1.1615294384184038,0.04668985330716979
S12_W29,gender,Male,Female,0.08920571999999993,Q2,inferred,,Inferred from name,Male,male,female,1.5121266181934407,0.8778006407224298,0.6343259774710109
S13_W29,gender,Male,Female,0.21724843782751463,Q4,inferred,,Inferred from name,Male,male,female,3.214440481251355,3.1574712380768197,0.05696924317453522
SEENMASC_W29,gender,Male,Female,1.3613361099999999,Q4,inferred,,Inferred from name,Male,male,female,1.3592376714643266,1.3610585545080491,-0.001820883043722521
TALK_CPS_W29,gender,Male,Female,0.10569955999999986,Q3,inferred,,Inferred from name,Male,male,female,2.876948420896412,2.752217546173448,0.12473087472296385
WORRYBILL_W29,gender,Male,Female,0.20622763999999988,Q4,inferred,,Inferred from name,Male,male,female,1.380896873985602,1.377936994491242,0.0029598794943599405
CLASS_W32,gender,Male,Female,0.050516119999999894,Q2,inferred,,Inferred from name,Male,male,female,0.6192311998667026,0.5913901479776031,0.027841051889099466
COMMIMPA_W32,gender,Male,Female,0.20555360097783684,Q4,inferred,,Inferred from name,Male,male,female,1.3028194665106154,1.3029220845093419,-0.00010261799872646193
COMMIMPB_W32,gender,Male,Female,0.13809401999999982,Q3,inferred,,Inferred from name,Male,male,female,0.699177256999772,0.6991828960010681,-5.639001296131596e-06
COMMIMPC_W32,gender,Male,Female,0.2745834836520892,Q4,inferred,,Inferred from name,Male,male,female,1.0372903622791578,1.1275853767708819,-0.09029501449172406
COMMIMPF_W32,gender,Male,Female,0.32438873,Q4,inferred,,Inferred from name,Male,male,female,1.1040601439435571,1.1010415069532735,0.0030186369902835963
COMMIMPG_W32,gender,Male,Female,0.1306033199999996,Q3,inferred,,Inferred from name,Male,male,female,1.0381452759989518,1.0385046105079239,-0.00035933450897207564
COMMIMPH_W32,gender,Male,Female,0.16139326000000004,Q3,inferred,,Inferred from name,Male,male,female,0.8760712472297416,0.8971835116892598,-0.021112264459518193
COMMYRS_W32,gender,Male,Female,0.03268944432555873,Q1,inferred,,Inferred from name,Male,male,female,2.4973237069956467,2.4969803459892295,0.0003433610064171866
ETHNCMAJ_W32,gender,Male,Female,0.021256514999999976,Q1,inferred,,Inferred from name,Male,male,female,0.21358990200423247,0.21353189725944566,5.800474478681594e-05
GAYMARR2_W32,gender,Male,Female,0.12598261291643065,Q3,inferred,,Inferred from name,Male,male,female,0.9635750209501606,0.9528634951905658,0.010711525759594775
HARASS2F1_W32,gender,Male,Female,0.015190887486521226,Q1,inferred,,Inferred from name,Male,male,female,0.4526907080000003,0.45269070975000025,-1.7499999782621956e-09
IMMIMPACT_W32,gender,Male,Female,0.006735459999999943,Q1,inferred,,Inferred from name,Male,male,female,0.33363696,0.33363696,0.0
MOVERURAL_W32,gender,Male,Female,0.09271421092714194,Q2,inferred,,Inferred from name,Male,male,female,1.068231389199049,1.0682264926908434,4.896508205565198e-06
MOVESUBURB_W32,gender,Male,Female,0.23398872999999987,Q4,inferred,,Inferred from name,Male,male,female,1.041583617640173,1.0083412264394553,0.03324239120071759
MOVEURBAN_W32,gender,Male,Female,0.11238852914038994,Q3,inferred,,Inferred from name,Male,male,female,0.8205700697730853,0.8312659586216099,-0.01069588884852457
NEIGHINTERA_W32,gender,Male,Female,0.15930686558483725,Q3,inferred,,Inferred from name,Male,male,female,2.1854458726422914,2.166007084920929,0.019438787721362427
NEIGHINTERB_W32,gender,Male,Female,0.055633150536500434,Q2,inferred,,Inferred from name,Male,male,female,0.5615009919370801,0.5168374907738444,0.0446635011632357
NEIGHKIDS_W32,gender,Male,Female,0.008486627672213254,Q1,inferred,,Inferred from name,Male,male,female,0.18804777558444496,0.08782391124281591,0.10022386434162905
NEIGHSAMEA_W32,gender,Male,Female,0.037218929217532976,Q1,inferred,,Inferred from name,Male,male,female,1.458105070209879,1.467622745542132,-0.009517675332253006
SATLIFED_W32,gender,Male,Female,0.021616910000000156,Q1,inferred,,Inferred from name,Male,male,female,0.18548176911223235,0.08780170861943815,0.09768006049279421
SOCTRUST2_W32,gender,Male,Female,0.004883829999999922,Q1,inferred,,Inferred from name,Male,male,female,0.42847924000000004,0.42847924000000004,0.0
VALUERURAL_W32,gender,Male,Female,0.05414281000000004,Q2,inferred,,Inferred from name,Male,male,female,0.7456744915028999,0.7457765730001181,-0.00010208149721824267
WHADVANT_W32,gender,Male,Female,0.18604241625616164,Q3,inferred,,Inferred from name,Male,male,female,0.8464936067013544,0.8142571747269671,0.0322364319743873
WILLMOVE_W32,gender,Male,Female,0.05563259096600065,Q2,inferred,,Inferred from name,Male,male,female,0.8476986260005839,0.8477104694993174,-1.1843498733510316e-05
EAT1_W34,gender,Male,Female,0.15373783540426678,Q3,inferred,,Inferred from name,Male,male,female,0.8779670890042413,0.8803260809908152,-0.002358991986573966
EAT2_W34,gender,Male,Female,0.12846561000000023,Q3,inferred,,Inferred from name,Male,male,female,0.360834311253065,0.45342125914045184,-0.09258694788738686
EAT5B_W34,gender,Male,Female,0.2871463100000002,Q4,inferred,,Inferred from name,Male,male,female,0.5654954345010443,0.5654606035011309,3.483099991341554e-05
EAT5C_W34,gender,Male,Female,0.31826349999999987,Q4,inferred,,Inferred from name,Male,male,female,0.8564203605000067,0.8564198354999868,5.250000199019667e-07
EAT5D_W34,gender,Male,Female,0.250491737495083,Q4,inferred,,Inferred from name,Male,male,female,0.9949673765503266,0.9949673715503269,4.99999974756804e-09
EVOBIOA_W34,gender,Male,Female,0.0754553,Q2,inferred,,Inferred from name,Male,male,female,0.15728885000000004,0.15728885000000004,0.0
EVOBIOB_W34,gender,Male,Female,0.13486962000000002,Q3,inferred,,Inferred from name,Male,male,female,0.48044180999999997,0.48044180999999997,0.0
EVOPERS3_W34,gender,Male,Female,0.06027303999999983,Q2,inferred,,Inferred from name,Male,male,female,0.815416079,0.815416079,0.0
EVOTHREE_W34,gender,Male,Female,0.04082140000000001,Q1,inferred,,Inferred from name,Male,male,female,0.38139690000000004,0.3813968995,5.000000413701855e-10
FUD22_W34,gender,Male,Female,0.04161787999999995,Q1,inferred,,Inferred from name,Male,male,female,1.2633575850703722,0.7407703428906313,0.522587242179741
FUD24_W34,gender,Male,Female,0.004887359999999924,Q1,inferred,,Inferred from name,Male,male,female,0.07431348002101293,0.19597819664369856,-0.12166471662268563
FUD33B_W34,gender,Male,Female,0.010624351970052043,Q1,inferred,,Inferred from name,Male,male,female,0.20762955500000002,0.20762955500000002,0.0
FUD35_W34,gender,Male,Female,0.20807841000000013,Q4,inferred,,Inferred from name,Male,male,female,0.8652611530508706,0.8650849476563122,0.00017620539455842632
FUD37A_W34,gender,Male,Female,0.1387911224072796,Q3,inferred,,Inferred from name,Male,male,female,0.6605930300097197,0.6606603620106355,-6.73320009157985e-05
FUD37B_W34,gender,Male,Female,0.31001652390825574,Q4,inferred,,Inferred from name,Male,male,female,0.7887357643806929,0.7907967388971601,-0.00206097451646714
FUD37C_W34,gender,Male,Female,0.3344374266556259,Q4,inferred,,Inferred from name,Male,male,female,0.7565606899343741,0.7565669754342625,-6.285499888458723e-06
BETTERBIZ1F2D_W36,gender,Male,Female,0.13906907920001157,Q3,inferred,,Inferred from name,Male,male,female,0.18721750312782492,0.18721750312782492,0.0
BETTERBIZ1F2E_W36,gender,Male,Female,0.10112174500000007,Q2,inferred,,Inferred from name,Male,male,female,0.25962467,0.25962467,0.0
BETTERBIZ1F2H_W36,gender,Male,Female,0.05083484500000002,Q2,inferred,,Inferred from name,Male,male,female,0.17930833499999999,0.17930833499999999,0.0
BETTERBIZ2F2C_W36,gender,Male,Female,0.003796159999999965,Q1,inferred,,Inferred from name,Male,male,female,0.13595582,0.13595582,0.0
BETTERBIZ2F2E_W36,gender,Male,Female,0.07120169000000003,Q2,inferred,,Inferred from name,Male,male,female,0.14045164,0.14045164,0.0
BETTERBIZ2F2F_W36,gender,Male,Female,0.015175765000000008,Q1,inferred,,Inferred from name,Male,male,female,0.24453069,0.24453069,0.0
BETTERPOL1F1B_W36,gender,Male,Female,0.11506277838188708,Q3,inferred,,Inferred from name,Male,male,female,0.28068357,0.28068357,0.0
BETTERPOL1F1E_W36,gender,Male,Female,0.02863504499999997,Q1,inferred,,Inferred from name,Male,male,female,0.23456874000000003,0.23456874000000003,0.0
BETTERPOL1F1I_W36,gender,Male,Female,0.020927120000000042,Q1,inferred,,Inferred from name,Male,male,female,0.23307257500000003,0.23307257000000012,4.999999914101494e-09
BETTERPOL2F1A_W36,gender,Male,Female,0.1100957003638004,Q3,inferred,,Inferred from name,Male,male,female,0.13425760634257605,0.13425760634257605,0.0
BETTERPOL2F1C_W36,gender,Male,Female,0.02366024499999999,Q1,inferred,,Inferred from name,Male,male,female,0.195726475,0.195726475,0.0
BETTERPOL2F1D_W36,gender,Male,Female,0.06683086827838364,Q2,inferred,,Inferred from name,Male,male,female,0.23899250500000002,0.23899250500000002,0.0
BETTERPOL2F1F_W36,gender,Male,Female,0.07022496453138671,Q2,inferred,,Inferred from name,Male,male,female,0.20627795293722045,0.20627795293722045,0.0
E5_W36,gender,Male,Female,0.28371384678917827,Q4,inferred,,Inferred from name,Male,male,female,1.037363629499941,1.0373162200001302,4.7409499810857625e-05
ESSENBIZF2E_W36,gender,Male,Female,0.12374938000000002,Q3,inferred,,Inferred from name,Male,male,female,0.5376059085457854,0.5297572612091188,0.00784864733666657
ESSENBIZF2J_W36,gender,Male,Female,0.07901336665965797,Q2,inferred,,Inferred from name,Male,male,female,0.4117001125276225,0.41062165901212955,0.0010784535154929609
ESSENPOLF1A_W36,gender,Male,Female,0.005056240594104033,Q1,inferred,,Inferred from name,Male,male,female,0.120030198799698,0.12003019529969805,3.499999956524391e-09
ESSENPOLF1B_W36,gender,Male,Female,0.13900076468087597,Q3,inferred,,Inferred from name,Male,male,female,0.19403039455116222,0.34499540043419497,-0.15096500588303274
ESSENPOLF1D_W36,gender,Male,Female,0.019113471809949156,Q1,inferred,,Inferred from name,Male,male,female,0.24413043494184128,0.24410447744111163,2.595750072964531e-05
ESSENPOLF1G_W36,gender,Male,Female,0.019975089999999918,Q1,inferred,,Inferred from name,Male,male,female,0.39733542341571854,0.35916142991840866,0.03817399349730988
ESSENPOLF1H_W36,gender,Male,Female,0.16617941452302765,Q3,inferred,,Inferred from name,Male,male,female,0.45230230652303904,0.4523022035230394,1.0299999964047402e-07
HIGHEDWRNGB_W36,gender,Male,Female,0.21626960783730398,Q4,inferred,,Inferred from name,Male,male,female,0.7089741661990032,0.7243871924022189,-0.015413026203215718
HIGHEDWRNGC_W36,gender,Male,Female,0.2365128723563944,Q4,inferred,,Inferred from name,Male,male,female,0.6157396055224827,0.6604563562168347,-0.04471675069435199
IMPROVE1_W36,gender,Male,Female,0.2558220380755256,Q4,inferred,,Inferred from name,Male,male,female,1.063374111500015,1.0633742855000008,-1.7399998575307052e-07
IMPROVE2_W36,gender,Male,Female,0.37886175195758826,Q4,inferred,,Inferred from name,Male,male,female,0.8308257045012453,0.8308024075026846,2.3296998560629056e-05
IMPROVE3_W36,gender,Male,Female,0.4380959699999999,Q4,inferred,,Inferred from name,Male,male,female,1.3411485310004552,1.3412237524996886,-7.522149923344656e-05
MOREWMN1F2_W36,gender,Male,Female,0.08016822000000007,Q2,inferred,,Inferred from name,Male,male,female,0.18548688127439072,0.2528672674119501,-0.06738038613755937
POLCHF1_W36,gender,Male,Female,0.11088972999999996,Q3,inferred,,Inferred from name,Male,male,female,0.75667803,0.75667803,0.0
TRAITBIZMF2C_W36,gender,Male,Female,0.01692983000000009,Q1,inferred,,Inferred from name,Male,male,female,0.16081207499999994,0.16081207274999998,2.24999996412123e-09
TRAITBIZMF2D_W36,gender,Male,Female,0.04837335499999995,Q1,inferred,,Inferred from name,Male,male,female,0.19618879325000016,0.1961886734999978,1.1975000235864286e-07
TRAITBIZMF2E_W36,gender,Male,Female,0.047860681249754344,Q1,inferred,,Inferred from name,Male,male,female,0.12497542750024576,0.12497540350024644,2.3999999321233645e-08
TRAITBIZMF2G_W36,gender,Male,Female,0.02493734500000011,Q1,inferred,,Inferred from name,Male,male,female,0.2964897190508769,0.2855441650131576,0.010945554037719296
TRAITBIZWF2C_W36,gender,Male,Female,0.08499667866851895,Q2,inferred,,Inferred from name,Male,male,female,0.2818550817500004,0.28185515799999983,-7.624999942557054e-08
TRAITBIZWF2D_W36,gender,Male,Female,0.05977729499999995,Q2,inferred,,Inferred from name,Male,male,female,0.2175313089999999,0.21753134224999982,-3.324999992004862e-08
TRAITBIZWF2E_W36,gender,Male,Female,0.02512165500000002,Q1,inferred,,Inferred from name,Male,male,female,0.3417655330000005,0.34176555950000087,-2.650000036075184e-08
TRAITBIZWF2G_W36,gender,Male,Female,0.007233266034997077,Q1,inferred,,Inferred from name,Male,male,female,0.3960632937882746,0.39645678653360494,-0.0003934927453303483
TRAITPOLMF1B_W36,gender,Male,Female,0.04691485000000006,Q1,inferred,,Inferred from name,Male,male,female,0.36168424600330484,0.33840331224572034,0.0232809337575845
TRAITPOLMF1C_W36,gender,Male,Female,0.058866184999999904,Q2,inferred,,Inferred from name,Male,male,female,0.21104835175000064,0.21104831599999996,3.575000068201106e-08
TRAITPOLMF1D_W36,gender,Male,Female,0.02277273614339609,Q1,inferred,,Inferred from name,Male,male,female,0.20421655370783437,0.20421650970783406,4.400000030990725e-08
TRAITPOLMF1E_W36,gender,Male,Female,0.03634763499999999,Q1,inferred,,Inferred from name,Male,male,female,0.13418692374999958,0.13418663225001454,2.914999850389677e-07
TRAITPOLMF1F_W36,gender,Male,Female,0.07763790844281045,Q2,inferred,,Inferred from name,Male,male,female,0.2769998343664952,0.2707872198541871,0.0062126145123081455
TRAITPOLMF1G_W36,gender,Male,Female,0.02511408230362816,Q1,inferred,,Inferred from name,Male,male,female,0.2630855623295338,0.26939556429902817,-0.006310001969494383
TRAITPOLWF1A_W36,gender,Male,Female,0.04861821999999999,Q1,inferred,,Inferred from name,Male,male,female,0.21645391175006573,0.21645489950000008,-9.87749934344695e-07
TRAITPOLWF1C_W36,gender,Male,Female,0.04557793901507745,Q1,inferred,,Inferred from name,Male,male,female,0.34884460574989695,0.34884874875001953,-4.14300012258062e-06
TRAITPOLWF1D_W36,gender,Male,Female,0.06005998082735997,Q2,inferred,,Inferred from name,Male,male,female,0.21402482350000057,0.2140248317500002,-8.249999627896187e-09
TRAITPOLWF1E_W36,gender,Male,Female,0.09019199499999997,Q2,inferred,,Inferred from name,Male,male,female,0.31170326649999497,0.31170336125000164,-9.475000667391598e-08
TRAITPOLWF1F_W36,gender,Male,Female,0.10941712499999999,Q3,inferred,,Inferred from name,Male,male,female,0.25524041482673154,0.23424326965247833,0.020997145174253218
TRAITPOLWF1G_W36,gender,Male,Female,0.027406316819713228,Q1,inferred,,Inferred from name,Male,male,female,0.313523396385234,0.3162983594597022,-0.002774963074468173
WHYNOTBIZF2A_W36,gender,Male,Female,0.2069332900000001,Q4,inferred,,Inferred from name,Male,male,female,0.8250298180002037,0.8250198130001974,1.0005000006252374e-05
WHYNOTBIZF2B_W36,gender,Male,Female,0.30786238000000005,Q4,inferred,,Inferred from name,Male,male,female,0.7775027910000003,0.777502796,-4.99999974756804e-09
WHYNOTBIZF2D_W36,gender,Male,Female,0.17277060999999996,Q3,inferred,,Inferred from name,Male,male,female,0.4855258688564784,0.6038539809946863,-0.11832811213820793
WHYNOTBIZF2F_W36,gender,Male,Female,0.06454030000000002,Q2,inferred,,Inferred from name,Male,male,female,0.17803362994653135,0.32253124505356656,-0.1444976151070352
WHYNOTBIZF2G_W36,gender,Male,Female,0.30909547167423673,Q4,inferred,,Inferred from name,Male,male,female,1.167273292179725,1.1673817426742366,-0.00010845049451146949
WHYNOTBIZF2H_W36,gender,Male,Female,0.4704290200000001,Q4,inferred,,Inferred from name,Male,male,female,0.7953754289999411,0.7953760490000193,-6.200000782774495e-07
WHYNOTBIZF2J_W36,gender,Male,Female,0.1546794586562173,Q3,inferred,,Inferred from name,Male,male,female,0.8656217116562176,0.8656217121562173,-4.999997083032781e-10
WHYNOTBIZF2M_W36,gender,Male,Female,0.23776273000000003,Q4,inferred,,Inferred from name,Male,male,female,1.1794669344836777,1.219164572420165,-0.039697637936487284
WHYNOTBIZF2N_W36,gender,Male,Female,0.22575662013847292,Q4,inferred,,Inferred from name,Male,male,female,1.2396005700000434,1.239601767499984,-1.1974999405417464e-06
WHYNOTBIZF2O_W36,gender,Male,Female,0.32858024049728085,Q4,inferred,,Inferred from name,Male,male,female,0.9502719189972809,0.9502719189972809,0.0
WHYNOTPOLF1A_W36,gender,Male,Female,0.4279508699999999,Q4,inferred,,Inferred from name,Male,male,female,1.0102003534989452,1.01022806,-2.770650105476946e-05
WHYNOTPOLF1B_W36,gender,Male,Female,0.33601910000000007,Q4,inferred,,Inferred from name,Male,male,female,0.8791132500000003,0.8791132485000002,1.5000001241105565e-09
WHYNOTPOLF1C_W36,gender,Male,Female,0.029591344603907555,Q1,inferred,,Inferred from name,Male,male,female,0.838118037381181,0.83811803938118,-1.9999990552577174e-09
WHYNOTPOLF1E_W36,gender,Male,Female,0.03844194000000001,Q1,inferred,,Inferred from name,Male,male,female,1.1245964320597015,1.1258755219976608,-0.0012790899379593323
WHYNOTPOLF1G_W36,gender,Male,Female,0.39674344,Q4,inferred,,Inferred from name,Male,male,female,1.099154918568952,1.1274427624829144,-0.02828784391396244
WHYNOTPOLF1I_W36,gender,Male,Female,0.15099602000000018,Q3,inferred,,Inferred from name,Male,male,female,0.9169386590338459,0.9029097649817036,0.014028894052142249
WHYNOTPOLF1J_W36,gender,Male,Female,0.3492628734926291,Q4,inferred,,Inferred from name,Male,male,female,0.96089926860901,0.9608994311089907,-1.6249998069373106e-07
WHYNOTPOLF1K_W36,gender,Male,Female,0.08491950505041128,Q2,inferred,,Inferred from name,Male,male,female,0.6843681078146754,0.6862373463607447,-0.0018692385460693517
WHYNOTPOLF1L_W36,gender,Male,Female,0.28371289000000005,Q4,inferred,,Inferred from name,Male,male,female,1.0001937040000013,1.000193706000001,-1.999999721391532e-09
WMNPRZ1_W36,gender,Male,Female,0.2460131707058666,Q4,inferred,,Inferred from name,Male,male,female,0.5483979141122919,0.5448839137816444,0.0035140003306475265
AUTOLKLY_W41,gender,Male,Female,0.11764324,Q3,inferred,,Inferred from name,Male,male,female,1.0468958020001733,1.0469002010000477,-4.398999874366538e-06
AUTOWKPLC_W41,gender,Male,Female,0.06751702999999999,Q2,inferred,,Inferred from name,Male,male,female,0.4028065897500727,0.40277201924986805,3.457050020466701e-05
ETHNCMAJMOD_W41,gender,Male,Female,0.0414640750000001,Q1,inferred,,Inferred from name,Male,male,female,0.39279014845370236,0.3435143642878783,0.049275784165824066
FTRWORRYc_W41,gender,Male,Female,0.042709369572906164,Q1,inferred,,Inferred from name,Male,male,female,0.6605945608891687,0.6606215798837378,-2.7018994569139032e-05
FTRWORRYe_W41,gender,Male,Female,0.14941128717784286,Q3,inferred,,Inferred from name,Male,male,female,0.685895772515112,0.6809611700869018,0.0049346024282102
FTRWORRYf_W41,gender,Male,Female,0.15730299000000003,Q3,inferred,,Inferred from name,Male,male,female,1.0707453024999527,1.0707460754999802,-7.730000275429916e-07
FUTRCLASSb_W41,gender,Male,Female,0.07003203499999996,Q2,inferred,,Inferred from name,Male,male,female,0.3716946607500134,0.3716933562498668,1.3045001465705752e-06
FUTRCLASSc_W41,gender,Male,Female,0.026930445000000025,Q1,inferred,,Inferred from name,Male,male,female,0.27444654425000736,0.2744466345000017,-9.024999431117564e-08
FUTR_DIV_W41,gender,Male,Female,0.03522945499999999,Q1,inferred,,Inferred from name,Male,male,female,0.5961695237389301,0.5960389959863943,0.00013052775253574733
GOVPRIOb_W41,gender,Male,Female,0.21669094466248778,Q4,inferred,,Inferred from name,Male,male,female,0.7504385160000412,0.7504401884999911,-1.672499949867401e-06
GOVPRIOc_W41,gender,Male,Female,0.21334980409262816,Q4,inferred,,Inferred from name,Male,male,female,0.590737135592629,0.5907371445926285,-8.999999523418012e-09
GOVPRIOe_W41,gender,Male,Female,0.12427803999999992,Q3,inferred,,Inferred from name,Male,male,female,0.8788082635000555,0.8788098689999656,-1.605499910128927e-06
GOVPRIOfF1_W41,gender,Male,Female,0.07944167999999979,Q2,inferred,,Inferred from name,Male,male,female,0.70129258896539,0.7201025200947404,-0.018809931129350366
GOVPRIOgF1_W41,gender,Male,Female,0.08601999097147484,Q2,inferred,,Inferred from name,Male,male,female,1.145214062662587,1.1465745715941902,-0.0013605089316031105
GOVPRIOhF1_W41,gender,Male,Female,0.14924699163789362,Q3,inferred,,Inferred from name,Male,male,female,0.9795485716927507,0.9798036181912135,-0.0002550464984628631
GOVPRIOiF1_W41,gender,Male,Female,0.07559282999999972,Q2,inferred,,Inferred from name,Male,male,female,0.48344373748066666,0.48339442448621855,4.9312994448103e-05
GOVPRIOjF1_W41,gender,Male,Female,0.19135331967111657,Q3,inferred,,Inferred from name,Male,male,female,0.7627285936572518,0.767008408216629,-0.004279814559377204
GOVPRIOkF2_W41,gender,Male,Female,0.19631632216369685,Q3,inferred,,Inferred from name,Male,male,female,0.9916405854999802,0.9916402894999917,2.959999885199238e-07
GOVPRIOlF2_W41,gender,Male,Female,0.07051302999999998,Q2,inferred,,Inferred from name,Male,male,female,0.7454800596983285,0.7436528537697744,0.001827205928554121
GOVPRIOmF2_W41,gender,Male,Female,0.18936220000000054,Q3,inferred,,Inferred from name,Male,male,female,0.42506058849516287,0.6552379970727136,-0.2301774085775507
GOVPRIOnF2_W41,gender,Male,Female,0.2994199434289234,Q4,inferred,,Inferred from name,Male,male,female,1.1782614515068408,1.1813790445686658,-0.003117593061825019
GOVPRIOoF2_W41,gender,Male,Female,0.10792930892070651,Q3,inferred,,Inferred from name,Male,male,female,0.8802019011979809,0.8802019011979809,0.0
HAPPEN2b_W41,gender,Male,Female,0.1332191915352135,Q3,inferred,,Inferred from name,Male,male,female,0.6433702564337026,0.6433702564337026,0.0
HAPPEN2f_W41,gender,Male,Female,0.10509362541962743,Q2,inferred,,Inferred from name,Male,male,female,0.508004555419955,0.508004555419955,0.0
HARASS1F1b_W41,gender,Male,Female,0.04576171609290697,Q1,inferred,,Inferred from name,Male,male,female,0.6092899839070567,0.609289901407048,8.250000871345975e-08
HARASS1F1d_W41,gender,Male,Female,0.15847136999999978,Q3,inferred,,Inferred from name,Male,male,female,0.5590244699999999,0.5590244689999999,9.999999717180685e-10
HARASS1NOWRKF2d_W41,gender,Male,Female,0.27886497,Q4,inferred,,Inferred from name,Male,male,female,0.62474847,0.62474847,0.0
HARASS3NOWRKF2_W41,gender,Male,Female,0.031663419999999984,Q1,inferred,,Inferred from name,Male,male,female,0.28762497974997525,0.2876247437499756,2.3599999965373541e-07
INTRMAR_W41,gender,Male,Female,0.042950987717980005,Q1,inferred,,Inferred from name,Male,male,female,1.0312511121230004,1.0366199554068274,-0.0053688432838270295
LEGALIMG_W41,gender,Male,Female,0.06579864915691469,Q2,inferred,,Inferred from name,Male,male,female,0.9143468533208989,0.9140861553735864,0.00026069794731253815
SOLVPROBa_W41,gender,Male,Female,0.17108413368362924,Q3,inferred,,Inferred from name,Male,male,female,0.6316369748163693,0.6316369718163681,3.0000011363995327e-09
SOLVPROBb_W41,gender,Male,Female,0.05423693999999987,Q2,inferred,,Inferred from name,Male,male,female,0.765935599989117,0.7658511310022941,8.446898682290538e-05
SOLVPROBc_W41,gender,Male,Female,0.14913932675404692,Q3,inferred,,Inferred from name,Male,male,female,0.7542961795000909,0.7542967395000552,-5.599999642891262e-07
SOLVPROBdF1_W41,gender,Male,Female,0.07186137719213181,Q2,inferred,,Inferred from name,Male,male,female,0.837485655987861,0.8393219583984252,-0.0018363024105642056
SOLVPROBf_W41,gender,Male,Female,0.17203899999999997,Q3,inferred,,Inferred from name,Male,male,female,1.0133877664750035,1.0125685004126113,0.0008192660623922432
SOLVPROBg_W41,gender,Male,Female,0.07123741899092681,Q2,inferred,,Inferred from name,Male,male,female,0.4976159372295542,0.5586420173079548,-0.0610260800784006
SOLVPROBh_W41,gender,Male,Female,0.14895890000000045,Q3,inferred,,Inferred from name,Male,male,female,1.1714465029999648,1.1714462159999908,2.86999974008495e-07
CONFb_W42,gender,Male,Female,0.14258080733711123,Q3,inferred,,Inferred from name,Male,male,female,0.7368658165000634,0.7368509065005514,1.4909999512036087e-05
CONFc_W42,gender,Male,Female,0.04402340955976641,Q1,inferred,,Inferred from name,Male,male,female,0.5964376660523287,0.598697687009525,-0.0022600209571962404
CONFe_W42,gender,Male,Female,0.11466535145868638,Q3,inferred,,Inferred from name,Male,male,female,0.8121754713782319,0.8121752163782444,2.5499998745903696e-07
CONFg_W42,gender,Male,Female,0.06137301999999999,Q2,inferred,,Inferred from name,Male,male,female,0.6332595619999983,0.6332594894999974,7.250000089165098e-08
PQ4_F2Aa_W42,gender,Male,Female,0.030503539999999996,Q1,inferred,,Inferred from name,Male,male,female,0.5695597078052671,0.5846297672114472,-0.015070059406180114
PQ4_F2Ac_W42,gender,Male,Female,0.04956236000000029,Q2,inferred,,Inferred from name,Male,male,female,1.381652992649913,1.4009033740281274,-0.019250381378214332
PQ4_F2Ae_W42,gender,Male,Female,0.04642457561569191,Q1,inferred,,Inferred from name,Male,male,female,0.51514461,0.51514461,0.0
PQ4_F2Bb_W42,gender,Male,Female,0.045312940000000024,Q1,inferred,,Inferred from name,Male,male,female,0.7941892364999983,0.7941892805000097,-4.4000011412137496e-08
PQ4_F2Bc_W42,gender,Male,Female,0.02534198999999987,Q1,inferred,,Inferred from name,Male,male,female,1.3396764104999956,1.3396767544999986,-3.4400000292755806e-07
PQ4_F2Bd_W42,gender,Male,Female,0.037239714115961886,Q1,inferred,,Inferred from name,Male,male,female,0.5882357961145337,0.5881744941218094,6.130199272424974e-05
PQ4_F2Cc_W42,gender,Male,Female,0.1361714026930852,Q3,inferred,,Inferred from name,Male,male,female,1.2666620211864688,1.269224437191824,-0.002562416005355228
PQ8_F2B_W42,gender,Male,Female,0.12413767000000007,Q3,inferred,,Inferred from name,Male,male,female,0.6569417332587989,0.6513502582224543,0.005591475036344606
RQ1_F1B_W42,gender,Male,Female,0.016965200000000014,Q1,inferred,,Inferred from name,Male,male,female,0.29118487575,0.29118487400000004,1.7499999782621956e-09
RQ1_F1C_W42,gender,Male,Female,0.01116388815783731,Q1,inferred,,Inferred from name,Male,male,female,0.3052495295524962,0.3052493463025007,1.832499954557143e-07
RQ2_F1A_W42,gender,Male,Female,0.01140179674588132,Q1,inferred,,Inferred from name,Male,male,female,0.3244984677605125,0.32454368926149824,-4.522150098573707e-05
RQ4_F1Ab_W42,gender,Male,Female,0.013568479999999994,Q1,inferred,,Inferred from name,Male,male,female,0.837861064499996,0.8378615409999738,-4.764999778084089e-07
RQ4_F1Ae_W42,gender,Male,Female,0.043150940000000026,Q1,inferred,,Inferred from name,Male,male,female,0.86792273,0.86792273,0.0
RQ4_F1Ba_W42,gender,Male,Female,0.060501923366962085,Q2,inferred,,Inferred from name,Male,male,female,0.7627092430730588,0.7632448615223207,-0.0005356184492619764
RQ4_F1Bc_W42,gender,Male,Female,0.11627450552682436,Q3,inferred,,Inferred from name,Male,male,female,1.3162517945000003,1.3162517985000002,-3.999999886872274e-09
RQ4_F1Bd_W42,gender,Male,Female,0.07658734999999983,Q2,inferred,,Inferred from name,Male,male,female,0.4479648404669784,0.5166264853754786,-0.06866164490850024
RQ4_F1Be_W42,gender,Male,Female,0.0439659958125449,Q1,inferred,,Inferred from name,Male,male,female,0.8481172500000003,0.8481172500000003,0.0
RQ4_F1Ca_W42,gender,Male,Female,0.03437605999999982,Q1,inferred,,Inferred from name,Male,male,female,0.7676202504357935,0.8308004101346506,-0.06318015969885704
RQ4_F1Cb_W42,gender,Male,Female,0.04834456041987287,Q1,inferred,,Inferred from name,Male,male,female,1.0063540039999694,1.0063556834999916,-1.679500022166991e-06
RQ4_F1Cd_W42,gender,Male,Female,0.08152446633249717,Q2,inferred,,Inferred from name,Male,male,female,0.5120112883026585,0.5502763561185837,-0.0382650678159252
RQ5_F1B_W42,gender,Male,Female,0.1463030974676227,Q3,inferred,,Inferred from name,Male,male,female,0.8034005825422564,0.8033483880471024,5.219449515403429e-05
RQ5_F1C_W42,gender,Male,Female,0.07404645999999997,Q2,inferred,,Inferred from name,Male,male,female,0.7956775125012474,0.7957125915048202,-3.5079003572802137e-05
IDIMPORT_W43,gender,Male,Female,0.1924184954084044,Q3,inferred,,Inferred from name,Male,male,female,1.5408402605915954,1.540840156091594,1.0450000131889681e-07
RACESURV13_W43,gender,Male,Female,0.10509179999999982,Q2,inferred,,Inferred from name,Male,male,female,0.5756218163429372,0.5424670249728591,0.03315479137007804
RACESURV14_W43,gender,Male,Female,0.1532521100000002,Q3,inferred,,Inferred from name,Male,male,female,0.9164371333591621,0.9309476084521249,-0.014510475092962771
RACESURV15a_W43,gender,Male,Female,0.019910494999999973,Q1,inferred,,Inferred from name,Male,male,female,0.2079792559911101,0.20805775075040522,-7.84947592951113e-05
RACESURV15b_W43,gender,Male,Female,0.021956056192036333,Q1,inferred,,Inferred from name,Male,male,female,0.31024919162897235,0.3739999693929904,-0.06375077776401805
RACESURV17_W43,gender,Male,Female,0.20234909110714516,Q4,inferred,,Inferred from name,Male,male,female,1.3130635600000002,1.313063558,2.000000165480742e-09
RACESURV18b_W43,gender,Male,Female,0.042685573193469314,Q1,inferred,,Inferred from name,Male,male,female,0.7983723593216668,0.7984191932989781,-4.683397731131134e-05
RACESURV18f_W43,gender,Male,Female,0.0506357200000002,Q2,inferred,,Inferred from name,Male,male,female,0.391958233523103,0.39143090619229903,0.0005273273308039617
RACESURV19a_W43,gender,Male,Female,0.12239998000000002,Q3,inferred,,Inferred from name,Male,male,female,0.84177733,0.84177733,0.0
RACESURV19c_W43,gender,Male,Female,0.07261851000000002,Q2,inferred,,Inferred from name,Male,male,female,0.8001334199999999,0.8001334199999999,0.0
RACESURV19e_W43,gender,Male,Female,0.07588431891575054,Q2,inferred,,Inferred from name,Male,male,female,0.8915750489157503,0.8915750489157503,0.0
RACESURV1b_W43,gender,Male,Female,0.022587596978020735,Q1,inferred,,Inferred from name,Male,male,female,0.2999859807866373,0.2997957780380745,0.0001902027485627955
RACESURV21_W43,gender,Male,Female,0.03494933999999998,Q1,inferred,,Inferred from name,Male,male,female,0.28945723261747125,0.5852995421973672,-0.295842309579896
RACESURV27_W43,gender,Male,Female,0.05140828113700614,Q2,inferred,,Inferred from name,Male,male,female,1.9211274115082901,1.934761792042715,-0.013634380534424784
RACESURV28a_W43,gender,Male,Female,0.01997356219682689,Q1,inferred,,Inferred from name,Male,male,female,0.2801137054473359,0.28019525894462993,-8.155349729405126e-05
RACESURV28b_W43,gender,Male,Female,0.021605734999999987,Q1,inferred,,Inferred from name,Male,male,female,0.29647551450004045,0.29647580900004816,-2.945000077136939e-07
RACESURV28c_W43,gender,Male,Female,0.005989765000000008,Q1,inferred,,Inferred from name,Male,male,female,0.2898396522500178,0.289839840250018,-1.88000000234112e-07
RACESURV28d_W43,gender,Male,Female,0.024159853618862803,Q1,inferred,,Inferred from name,Male,male,female,0.18839808400000052,0.18839808425000054,-2.5000002068509275e-10
RACESURV28e_W43,gender,Male,Female,0.02835505796659915,Q1,inferred,,Inferred from name,Male,male,female,0.20334007621659944,0.20334007746659938,-1.24999993689201e-09
RACESURV28f_W43,gender,Male,Female,0.008053285000000021,Q1,inferred,,Inferred from name,Male,male,female,0.20985676436205206,0.23153744211094282,-0.021680677748890764
RACESURV28g_W43,gender,Male,Female,0.030004759999999964,Q1,inferred,,Inferred from name,Male,male,female,0.3599930657501905,0.35999432225007555,-1.2564998850272957e-06
RACESURV29d_W43,gender,Male,Female,0.028174069999999996,Q1,inferred,,Inferred from name,Male,male,female,0.6946078565159769,0.6960569650867575,-0.0014491085707806217
RACESURV2_W43,gender,Male,Female,0.06570212565702127,Q2,inferred,,Inferred from name,Male,male,female,0.6203108862031084,0.6203108862031084,0.0
RACESURV34a_W43,gender,Male,Female,0.02409972142732475,Q1,inferred,,Inferred from name,Male,male,female,0.46664802375676245,0.4666165355066167,3.14882501457614e-05
RACESURV34b_W43,gender,Male,Female,0.5830017956616329,Q4,inferred,,Inferred from name,Male,male,female,0.5584632046631376,0.5584521611608958,1.104350224179207e-05
RACESURV34c_W43,gender,Male,Female,0.03216680091941554,Q1,inferred,,Inferred from name,Male,male,female,0.6340579445871983,0.6340127118397951,4.5232747403201046e-05
RACESURV34d_W43,gender,Male,Female,0.11367748999999949,Q3,inferred,,Inferred from name,Male,male,female,0.17668149100773006,0.28779577718396104,-0.11111428617623098
RACESURV34e_W43,gender,Male,Female,0.07770165523268377,Q2,inferred,,Inferred from name,Male,male,female,0.5760554439538014,0.5485194975170916,0.027535946436709757
RACESURV38_W43,gender,Male,Female,0.037806249999999944,Q1,inferred,,Inferred from name,Male,male,female,0.6519979273566625,0.5572099437912241,0.09478798356543838
RACESURV40_W43,gender,Male,Female,0.11716968971190134,Q3,inferred,,Inferred from name,Male,male,female,0.31898870449840677,0.3189888668955319,-1.6239712513632654e-07
RACESURV41_W43,gender,Male,Female,0.05216201999999999,Q2,inferred,,Inferred from name,Male,male,female,0.5055183660394778,0.5054444346027627,7.393143671508007e-05
RACESURV45_W43,gender,Male,Female,0.09225974,Q2,inferred,,Inferred from name,Male,male,female,0.6315293586846525,0.6315441887127193,-1.4830028066792345e-05
RACESURV47a_W43,gender,Male,Female,0.27274534256792354,Q4,inferred,,Inferred from name,Male,male,female,1.7432076480679237,1.7432076470679236,1.000000082740371e-09
RACESURV47b_W43,gender,Male,Female,0.1939831499999999,Q3,inferred,,Inferred from name,Male,male,female,1.1947585904999276,1.1947585964999288,-6.000001162576041e-09
RACESURV47d_W43,gender,Male,Female,0.11961408000000004,Q3,inferred,,Inferred from name,Male,male,female,1.6879839465281221,1.703289620348889,-0.015305673820766863
RACESURV47e_W43,gender,Male,Female,0.19142168321531727,Q3,inferred,,Inferred from name,Male,male,female,0.6812594838686952,0.6525537774727568,0.02870570639593839
RACESURV47f_W43,gender,Male,Female,0.2126042275411655,Q4,inferred,,Inferred from name,Male,male,female,1.2458834340411633,1.2458834360411637,-2.000000387525347e-09
RACESURV48_W43,gender,Male,Female,0.29622512000000006,Q4,inferred,,Inferred from name,Male,male,female,1.02309695,1.02309695,0.0
RACESURV51_W43,gender,Male,Female,0.03262940901895439,Q1,inferred,,Inferred from name,Male,male,female,0.1607069610000093,0.16070650099998296,4.6000002634771775e-07
RACESURV52_W43,gender,Male,Female,0.03080720740686288,Q1,inferred,,Inferred from name,Male,male,female,0.9418741740791382,0.9416864110612212,0.00018776301791700867
RACESURV5a_W43,gender,Male,Female,0.07795453385377021,Q2,inferred,,Inferred from name,Male,male,female,0.6589984292418615,0.6560461689655307,0.002952260276330776
RACESURV5b_W43,gender,Male,Female,0.04774588900706875,Q1,inferred,,Inferred from name,Male,male,female,0.6304209010000582,0.6304191432500529,1.7577500053267414e-06
RACESURV5d_W43,gender,Male,Female,0.014738909999999925,Q1,inferred,,Inferred from name,Male,male,female,0.39402309094081994,0.37503659255401106,0.01898649838680888
RACESURV5e_W43,gender,Male,Female,0.029781786482193956,Q1,inferred,,Inferred from name,Male,male,female,0.6690149073097892,0.6690137575598254,1.1497499637913577e-06
RACESURV5f_W43,gender,Male,Female,0.12094092879059076,Q3,inferred,,Inferred from name,Male,male,female,0.39405475381250826,0.39380057206849906,0.00025418174400920757
RACESURV5g_W43,gender,Male,Female,0.04022169040221696,Q1,inferred,,Inferred from name,Male,male,female,0.7140647721586673,0.6541536997321815,0.059911072426485745
RACESURV5h_W43,gender,Male,Female,0.060739602027487474,Q2,inferred,,Inferred from name,Male,male,female,0.4520989117399214,0.4317479700843573,0.020350941655564114
RACESURV5i_W43,gender,Male,Female,0.34439714199326016,Q4,inferred,,Inferred from name,Male,male,female,0.518478444231118,0.5495454120165034,-0.031066967785385424
RACESURV5j_W43,gender,Male,Female,0.22961236500000037,Q4,inferred,,Inferred from name,Male,male,female,0.5072295337904287,0.409531692771515,0.09769784101891366
RACESURV5l_W43,gender,Male,Female,0.05098356999999992,Q2,inferred,,Inferred from name,Male,male,female,0.2090035316729909,0.19571545479098285,0.01328807688200806
RACESURV9_W43,gender,Male,Female,0.03926082291635377,Q1,inferred,,Inferred from name,Male,male,female,0.4375599545148387,0.43481405603672363,0.002745898478115072
INFOCHALa_W45,gender,Male,Female,0.03795334000000006,Q1,inferred,,Inferred from name,Male,male,female,0.44469672000000005,0.44469672000000005,0.0
INFOCREATEa_W45,gender,Male,Female,0.05709233000000008,Q2,inferred,,Inferred from name,Male,male,female,0.6183153355000521,0.6183200690000189,-4.733499966769195e-06
MADEUPOFT_W45,gender,Male,Female,0.04444798721064824,Q1,inferred,,Inferred from name,Male,male,female,0.7171464437697599,0.7110181497340952,0.0061282940356647275
MADEUPTOPICb_W45,gender,Male,Female,0.0890950039346936,Q2,inferred,,Inferred from name,Male,male,female,0.4825642870000002,0.48256428800000006,-9.99999860695766e-10
MADEUPTOPICc_W45,gender,Male,Female,0.027596199999999987,Q1,inferred,,Inferred from name,Male,male,female,1.1123961749999605,1.112395053500027,1.1214999333652997e-06
MADEUPTOPICd_W45,gender,Male,Female,0.03863299999999986,Q1,inferred,,Inferred from name,Male,male,female,0.9234234940000061,0.9234232740000181,2.1999998800481535e-07
NEWSPROBd_W45,gender,Male,Female,0.08714294354044466,Q2,inferred,,Inferred from name,Male,male,female,1.330102700862117,1.3211733510037864,0.008929349858330493
NEWSPROBe_W45,gender,Male,Female,0.15316941846830595,Q3,inferred,,Inferred from name,Male,male,female,0.5059571151353204,0.5803449946101339,-0.07438787947481351
NEWS_PLATFORMg_W45,gender,Male,Female,0.33846166999999994,Q4,inferred,,Inferred from name,Male,male,female,0.8742393060794836,0.6231011494633923,0.2511381566160913
SMLIKESb_W45,gender,Male,Female,0.07929549000000011,Q2,inferred,,Inferred from name,Male,male,female,0.7743295254208185,0.6313385342632631,0.1429909911575553
SMLIKESf_W45,gender,Male,Female,0.08494851429121053,Q2,inferred,,Inferred from name,Male,male,female,0.6556138144982908,0.655731916001433,-0.00011810150314217616
BENEFITGOV_W49,gender,Male,Female,0.11859591472785132,Q3,inferred,,Inferred from name,Male,male,female,0.35418920749999994,0.35418911850000034,8.899999959233185e-08
CONCERNCO_W49,gender,Male,Female,0.08561430922256785,Q2,inferred,,Inferred from name,Male,male,female,0.8788546898319491,0.8913801800990616,-0.012525490267112471
CONCERNGRPa_W49,gender,Male,Female,0.16055866000000005,Q3,inferred,,Inferred from name,Male,male,female,0.7805874308447747,0.641550152891205,0.13903727795356968
CONCERNGRPc_W49,gender,Male,Female,0.08414832999999988,Q2,inferred,,Inferred from name,Male,male,female,0.6090088426513762,0.5560133692395294,0.05299547341184685
CONTROLCO_W49,gender,Male,Female,0.07627402999999994,Q2,inferred,,Inferred from name,Male,male,female,0.5636427504998547,0.5636443485000117,-1.5980001569770863e-06
CONTROLGRPc_W49,gender,Male,Female,0.05065947999999994,Q2,inferred,,Inferred from name,Male,male,female,1.3464038403784793,1.3456387987850227,0.0007650415934565835
DATAUSEd_W49,gender,Male,Female,0.004765759999999952,Q1,inferred,,Inferred from name,Male,male,female,0.45430997362537584,0.449157582140677,0.005152391484698815
FACE3c_W49,gender,Male,Female,0.137226434471903,Q3,inferred,,Inferred from name,Male,male,female,0.5991065899110206,0.5837562883079479,0.015350301603072714
GOVREGV1_W49,gender,Male,Female,0.008784411579158935,Q1,inferred,,Inferred from name,Male,male,female,0.15791588667084105,0.157915888170841,-1.4999999575771028e-09
HOMEASSIST2_W49,gender,Male,Female,0.171142,Q3,inferred,,Inferred from name,Male,male,female,0.7481056019912677,0.7501171784371359,-0.002011576445868135
HOMEASSIST3_W49,gender,Male,Female,0.2802847500000001,Q4,inferred,,Inferred from name,Male,male,female,0.20563720970468524,0.35245016184024,-0.14681295213555473
HOMEASSIST4_W49,gender,Male,Female,0.09587896573054283,Q2,inferred,,Inferred from name,Male,male,female,1.426945685730543,1.426945683730543,1.999999943436137e-09
PP5e_W49,gender,Male,Female,0.2019253093742297,Q4,inferred,,Inferred from name,Male,male,female,0.7700525630408073,0.5118551531172926,0.2581974099235147
PWMAN2_W49,gender,Male,Female,0.13037337962233558,Q3,inferred,,Inferred from name,Male,male,female,1.9449303074594106,1.7849582818690006,0.15997202559041002
SMARTAPP_W49,gender,Male,Female,0.039681709999999926,Q1,inferred,,Inferred from name,Male,male,female,0.9588884255000892,0.9588873920002059,1.0334998833405606e-06
TRACKCO1a_W49,gender,Male,Female,0.09255436641540321,Q2,inferred,,Inferred from name,Male,male,female,0.9500174779706636,0.949610183013489,0.00040729495717461983
TRACKCO1b_W49,gender,Male,Female,0.03862227784112483,Q1,inferred,,Inferred from name,Male,male,female,1.9649403049739522,1.9169661514252962,0.04797415354865597
TRACKGOV1a_W49,gender,Male,Female,0.10515747894842492,Q3,inferred,,Inferred from name,Male,male,female,1.0456765525733869,1.0489695204436056,-0.0032929678702187104
TRACKGOV1b_W49,gender,Male,Female,0.05625022000000003,Q2,inferred,,Inferred from name,Male,male,female,0.9357547814409972,0.9370166259873187,-0.0012618445463215
COHABDUR_W50,gender,Male,Female,0.17356132000000007,Q3,inferred,,Inferred from name,Male,male,female,1.6515584031385635,1.2298685532508178,0.4216898498877457
DNA2b_W50,gender,Male,Female,0.016939800000000005,Q1,inferred,,Inferred from name,Male,male,female,0.3692339430263322,0.3522294905758199,0.017004452450512297
DNA5_W50,gender,Male,Female,0.009774499999999992,Q1,inferred,,Inferred from name,Male,male,female,0.15061455306500235,0.1470189515845806,0.0035956014804217618
E5MOD_W50,gender,Male,Female,0.27398521000000003,Q4,inferred,,Inferred from name,Male,male,female,1.092316674999999,1.092316535500005,1.3949999400075797e-07
FAMSURV10c_W50,gender,Male,Female,0.05715171999999996,Q2,inferred,,Inferred from name,Male,male,female,0.40393487982634046,0.426774400700723,-0.022839520874382513
FAMSURV16_W50,gender,Male,Female,0.11924572999999997,Q3,inferred,,Inferred from name,Male,male,female,0.3338276397470603,0.3343064887500944,-0.0004788490030340764
FAMSURV1_W50,gender,Male,Female,0.21597343640658967,Q4,inferred,,Inferred from name,Male,male,female,0.13754386536365837,0.6159205845973739,-0.4783767192337155
FAMSURV20_W50,gender,Male,Female,0.020492129999999997,Q1,inferred,,Inferred from name,Male,male,female,0.39514750592714776,0.38178139384969,0.013366112077457748
FAMSURV23b_W50,gender,Male,Female,0.10510920475666008,Q3,inferred,,Inferred from name,Male,male,female,0.5536395906085424,0.5292838916653069,0.024355698943235526
FAMSURV23c_W50,gender,Male,Female,0.06097360000000002,Q2,inferred,,Inferred from name,Male,male,female,0.22891644199567285,0.21984068907455884,0.009075752921114011
FAMSURV23d_W50,gender,Male,Female,0.14412306377336404,Q3,inferred,,Inferred from name,Male,male,female,0.7764546418844963,0.7911172473173684,-0.014662605432872122
FAMSURV23e_W50,gender,Male,Female,0.03838267991657429,Q1,inferred,,Inferred from name,Male,male,female,0.9766639215867172,0.9727136089071019,0.00395031267961532
FAMSURV23f_W50,gender,Male,Female,0.06135833327432888,Q2,inferred,,Inferred from name,Male,male,female,0.642502467485154,0.6518424703500187,-0.009340002864864694
FAMSURV23g_W50,gender,Male,Female,0.013841239999999977,Q1,inferred,,Inferred from name,Male,male,female,0.6063380833352852,0.6148051649543838,-0.008467081619098593
FAMSURV26a_W50,gender,Male,Female,0.26498575,Q4,inferred,,Inferred from name,Male,male,female,0.7319453780000003,0.7319453695000004,8.499999815114734e-09
FAMSURV26b_W50,gender,Male,Female,0.13517267000000008,Q3,inferred,,Inferred from name,Male,male,female,0.6780789085000025,0.6780787385000026,1.6999999996603066e-07
FAMSURV26c_W50,gender,Male,Female,0.06832285000000002,Q2,inferred,,Inferred from name,Male,male,female,0.393469199000003,0.39346912700000564,7.199999735307827e-08
FAMSURV26d_W50,gender,Male,Female,0.08434988999999996,Q2,inferred,,Inferred from name,Male,male,female,0.7579797585000069,0.7579776259999846,2.132500022233863e-06
FAMSURV29_W50,gender,Male,Female,0.08180861377468811,Q2,inferred,,Inferred from name,Male,male,female,1.1599389274096639,1.1203191308277962,0.03961979658186765
FAMSURV2Ma_W50,gender,Male,Female,0.04682557999999998,Q1,inferred,,Inferred from name,Male,male,female,0.4679735564999681,0.4679645694999691,8.986999998961132e-06
FAMSURV2Mc_W50,gender,Male,Female,0.07746805873095702,Q2,inferred,,Inferred from name,Male,male,female,0.4312490369999465,0.431243524999914,5.512000032514841e-06
FAMSURV2Wa_W50,gender,Male,Female,0.08852090941295879,Q2,inferred,,Inferred from name,Male,male,female,0.4357958873579332,0.43579738535804335,-1.4980001101783103e-06
FAMSURV2Wc_W50,gender,Male,Female,0.01841592999999994,Q1,inferred,,Inferred from name,Male,male,female,0.4250498704999693,0.42505024149999865,-3.7100002936441e-07
FAMSURV32e_W50,gender,Male,Female,0.27551677,Q4,inferred,,Inferred from name,Male,male,female,0.3017371900000002,0.1499989901198615,0.1517381998801387
FAMSURV39_W50,gender,Male,Female,0.3642067200000001,Q4,inferred,,Inferred from name,Male,male,female,1.246556482532288,1.23887600785964,0.0076804746726479856
FAMSURV3_W50,gender,Male,Female,0.028785000000000283,Q1,inferred,,Inferred from name,Male,male,female,0.420653380912164,0.4267317360498817,-0.006078355137717706
FAMSURV40_W50,gender,Male,Female,0.05875561734592116,Q2,inferred,,Inferred from name,Male,male,female,1.3476580689766378,1.3476468059765532,1.1263000084582586e-05
FAMSURV43_W50,gender,Male,Female,0.21327697822678515,Q4,inferred,,Inferred from name,Male,male,female,0.6095324156994577,0.616568561575997,-0.007036145876539335
FAMSURV44_W50,gender,Male,Female,0.02461490480150219,Q1,inferred,,Inferred from name,Male,male,female,1.71364415163693,1.7136107751382696,3.337649866042014e-05
FAMSURV6_W50,gender,Male,Female,0.02325439848263272,Q1,inferred,,Inferred from name,Male,male,female,1.1790759354995064,1.1790859614996023,-1.0026000095919585e-05
FAMSURV9c_W50,gender,Male,Female,0.0516569870585713,Q2,inferred,,Inferred from name,Male,male,female,0.855946953891494,0.6156803063209686,0.2402666475705254
FATHER_W50,gender,Male,Female,0.023445969999999983,Q1,inferred,,Inferred from name,Male,male,female,0.4976412700000039,0.4976402664999697,1.0035000342356604e-06
HAVEKIDS1_W50,gender,Male,Female,0.23070763276539047,Q4,inferred,,Inferred from name,Male,male,female,1.4927439865001029,1.4927164830004052,2.750349969771193e-05
MARRDUR_W50,gender,Male,Female,0.061115499999999906,Q2,inferred,,Inferred from name,Male,male,female,3.8381446477663084,3.3940685306449487,0.44407611712135964
MARRYPREF1_W50,gender,Male,Female,0.04678201500000001,Q1,inferred,,Inferred from name,Male,male,female,0.32502289824999553,0.32502293899999896,-4.075000342718127e-08
MARRYPREF2_W50,gender,Male,Female,0.036061584999999965,Q1,inferred,,Inferred from name,Male,male,female,0.32275181074999665,0.3227522127499956,-4.019999989557377e-07
MOTHER_W50,gender,Male,Female,0.023015459999999988,Q1,inferred,,Inferred from name,Male,male,female,0.6199116910000023,0.6199117445000056,-5.3500003316386824e-08
PAR1_W50,gender,Male,Female,0.026656018894076344,Q1,inferred,,Inferred from name,Male,male,female,0.17598681825020088,0.1759836512498668,3.1670003340644737e-06
PAR2_W50,gender,Male,Female,0.046118685000000104,Q1,inferred,,Inferred from name,Male,male,female,0.16207858374999742,0.1620786144999949,-3.074999746499607e-08
ROMRELDUR_W50,gender,Male,Female,0.71349173,Q4,inferred,,Inferred from name,Male,male,female,2.3193761922957243,1.8096483336164502,0.5097278586792742
ROMRELSER_W50,gender,Male,Female,0.11141464000000012,Q3,inferred,,Inferred from name,Male,male,female,2.024448074107234,1.917709151780369,0.1067389223268651
SATLIFEc_W50,gender,Male,Female,0.10872400353748612,Q3,inferred,,Inferred from name,Male,male,female,0.2879808992716245,0.25252300569433894,0.03545789357728557
ECIMPg_W54,gender,Male,Female,0.02782285561331138,Q1,inferred,,Inferred from name,Male,male,female,0.11149890400000056,0.111498920000001,-1.6000000435667516e-08
ECON1_W54,gender,Male,Female,0.2252770899999999,Q4,inferred,,Inferred from name,Male,male,female,0.6142041774472423,0.6613206898379265,-0.04711651239068415
ECON3_d_W54,gender,Male,Female,0.1388237099999996,Q3,inferred,,Inferred from name,Male,male,female,0.612964799203164,0.6694761583429938,-0.05651135913982974
ECON4_a_W54,gender,Male,Female,0.02896168008290645,Q1,inferred,,Inferred from name,Male,male,female,0.8807333465179316,0.9014035711161391,-0.020670224598207554
ECON4_b_W54,gender,Male,Female,0.05641669151764103,Q2,inferred,,Inferred from name,Male,male,female,0.6883014980859292,0.6446847202929827,0.04361677779294648
ECON4_e_W54,gender,Male,Female,0.046581679534183185,Q1,inferred,,Inferred from name,Male,male,female,0.9861848965466335,0.987099795431472,-0.0009148988848384221
ECON4_f_W54,gender,Male,Female,0.20061898999999989,Q3,inferred,,Inferred from name,Male,male,female,0.9618793079973569,0.9621163059786488,-0.00023699798129195315
ECON4_g_W54,gender,Male,Female,0.11209588000000009,Q3,inferred,,Inferred from name,Male,male,female,0.7226351253779533,0.7247651861904126,-0.0021300608124593667
ECON5_b_W54,gender,Male,Female,0.11549129458815305,Q3,inferred,,Inferred from name,Male,male,female,0.8010579359504598,0.8009312489356869,0.00012668701477291933
ECON5_c_W54,gender,Male,Female,0.2105049130582974,Q4,inferred,,Inferred from name,Male,male,female,0.7877917476271402,0.7877963453775809,-4.597750440704651e-06
ECON5_d_W54,gender,Male,Female,0.2804633799999999,Q4,inferred,,Inferred from name,Male,male,female,0.9487052230126588,0.9481002295084846,0.0006049935041742005
ECON5_e_W54,gender,Male,Female,0.31881676906753403,Q4,inferred,,Inferred from name,Male,male,female,0.769762612504526,0.7698306932261109,-6.808072158481782e-05
ECON5_f_W54,gender,Male,Female,0.18944139234868923,Q3,inferred,,Inferred from name,Male,male,female,0.7835610043341916,0.7835673433346897,-6.339000498067904e-06
ECON5_g_W54,gender,Male,Female,0.15456912668131,Q3,inferred,,Inferred from name,Male,male,female,0.5787311804825306,0.5871360673320051,-0.008404886849474491
ECON5_h_W54,gender,Male,Female,0.23702203669295097,Q4,inferred,,Inferred from name,Male,male,female,0.8375717121707732,0.833738837325321,0.00383287484545225
ECON5_i_W54,gender,Male,Female,0.19137758256370208,Q3,inferred,,Inferred from name,Male,male,female,0.8083893644984511,0.8083804344969145,8.930001536566756e-06
ECON5_j_W54,gender,Male,Female,0.2323359884449129,Q4,inferred,,Inferred from name,Male,male,female,0.7768494984797643,0.776815529732107,3.3968747657264764e-05
ECON5_k_W54,gender,Male,Female,0.1859557028217574,Q3,inferred,,Inferred from name,Male,male,female,0.6376303928712316,0.6380994568618161,-0.0004690639905845506
FIN_SIT_W54,gender,Male,Female,0.12731273999999976,Q3,inferred,,Inferred from name,Male,male,female,0.999820236500273,0.999782802500317,3.7433999955927e-05
GOVPRIORITYb_W54,gender,Male,Female,0.06117451052005263,Q2,inferred,,Inferred from name,Male,male,female,0.3372905319039365,0.48622149636569423,-0.14893096446175774
GOVPRIORITYc_W54,gender,Male,Female,0.22557244045525887,Q4,inferred,,Inferred from name,Male,male,female,0.9544024369548646,0.9544331349546031,-3.069799973853815e-05
GOVPRIORITYd_W54,gender,Male,Female,0.18207081086346794,Q3,inferred,,Inferred from name,Male,male,female,0.9136531908634681,0.913653189863468,1.000000082740371e-09
GOVPRIORITYf_W54,gender,Male,Female,0.28371221999999996,Q4,inferred,,Inferred from name,Male,male,female,0.7258173000000239,0.7258173330000446,-3.300002071604524e-08
INEQ11_W54,gender,Male,Female,0.04863418,Q2,inferred,,Inferred from name,Male,male,female,0.11456789206069959,0.11715756464034194,-0.002589672579642349
INEQ1_W54,gender,Male,Female,0.04012140999999997,Q1,inferred,,Inferred from name,Male,male,female,0.2348859095000012,0.23488673674999888,-8.272499976702541e-07
INEQ4_a_W54,gender,Male,Female,0.029559046082531792,Q1,inferred,,Inferred from name,Male,male,female,0.20820776535708052,0.06092970831898992,0.1472780570380906
INEQ5_a_W54,gender,Male,Female,0.052611177810458376,Q2,inferred,,Inferred from name,Male,male,female,0.7011623923133731,0.7395262368122233,-0.03836384449885022
INEQ5_d_W54,gender,Male,Female,0.10840343000000016,Q3,inferred,,Inferred from name,Male,male,female,0.8625557145178978,0.9090154993401789,-0.04645978482228108
INEQ5_e_W54,gender,Male,Female,0.15952633000000016,Q3,inferred,,Inferred from name,Male,male,female,1.1202265290142757,1.1203358085033186,-0.00010927948904293494
INEQ5_f_W54,gender,Male,Female,0.07016332065988096,Q2,inferred,,Inferred from name,Male,male,female,0.6850079270318297,0.661025192342731,0.023982734689098617
INEQ5_h_W54,gender,Male,Female,0.12520612125206082,Q3,inferred,,Inferred from name,Male,male,female,0.7681890443783925,0.7707120567306587,-0.002523012352266152
INEQ5_i_W54,gender,Male,Female,0.11129823065558264,Q3,inferred,,Inferred from name,Male,male,female,0.9218780052309647,0.9283462618658763,-0.006468256634911573
INEQ5_k_W54,gender,Male,Female,0.34042167999999984,Q4,inferred,,Inferred from name,Male,male,female,1.3605525709999988,1.3605525960000011,-2.500000229055388e-08
INEQ5_l_W54,gender,Male,Female,0.16451407999999956,Q3,inferred,,Inferred from name,Male,male,female,0.9147685569999043,0.9147514964997171,1.7060500187238148e-05
INEQ5_m_W54,gender,Male,Female,0.14434331471164027,Q3,inferred,,Inferred from name,Male,male,female,0.9264753872358619,0.9264861972355464,-1.0809999684502358e-05
INEQ8_a_W54,gender,Male,Female,0.3439817089904118,Q4,inferred,,Inferred from name,Male,male,female,0.9010087042240729,0.8936755797878666,0.007333124436206262
INEQ8_b_W54,gender,Male,Female,0.2858902599999999,Q4,inferred,,Inferred from name,Male,male,female,0.9011314334549991,0.89895177350518,0.0021796599498191682
INEQ8_c_W54,gender,Male,Female,0.21648916999999995,Q4,inferred,,Inferred from name,Male,male,female,0.6777585642582487,0.5395052004705747,0.13825336378767394
INEQ8_d_W54,gender,Male,Female,0.18334063149198226,Q3,inferred,,Inferred from name,Male,male,female,0.9067602540787227,0.9061493650939302,0.0006108889847925569
INEQ8_f_W54,gender,Male,Female,0.2644248673557509,Q4,inferred,,Inferred from name,Male,male,female,0.8152710778361885,0.8149608043170203,0.00031027351916812496
INEQ8_g_W54,gender,Male,Female,0.31028845000000044,Q4,inferred,,Inferred from name,Male,male,female,0.6456212047426264,0.6142643150313019,0.031356889711324554
INEQ8_h_W54,gender,Male,Female,0.09468767000000006,Q2,inferred,,Inferred from name,Male,male,female,1.6234455145980546,1.6220874007307322,0.0013581138673224302
INEQ8_i_W54,gender,Male,Female,0.25788718096981006,Q4,inferred,,Inferred from name,Male,male,female,0.8569230796738396,0.8478103553270762,0.009112724346763468
INEQ8_j_W54,gender,Male,Female,0.1331158724543251,Q3,inferred,,Inferred from name,Male,male,female,0.7385776758946342,0.7801126934681362,-0.041535017573501976
JOBTRAIN_W54,gender,Male,Female,0.06659402681446214,Q2,inferred,,Inferred from name,Male,male,female,0.6814462168144622,0.6814462168144622,0.0
WORRY2a_W54,gender,Male,Female,0.29536992309606447,Q4,inferred,,Inferred from name,Male,male,female,2.014192395001125,2.013805451498491,0.00038694350263401844
WORRY2b_W54,gender,Male,Female,0.0500831199999997,Q2,inferred,,Inferred from name,Male,male,female,1.5889404020162798,1.5888527040124008,8.769800387908866e-05
WORRY2c_W54,gender,Male,Female,0.2860444599999997,Q4,inferred,,Inferred from name,Male,male,female,2.0716473464965572,2.071123465020882,0.0005238814756753918
WORRY2d_W54,gender,Male,Female,0.23277234000000008,Q4,inferred,,Inferred from name,Male,male,female,1.6335039177402981,1.420884073738503,0.21261984400179523
WORRY2e_W54,gender,Male,Female,0.2034415200000002,Q4,inferred,,Inferred from name,Male,male,female,1.467480335065422,1.4317830547783412,0.035697280287080746
GAP21Q10_W82,gender,Male,Female,0.09454133000000003,Q2,inferred,,Inferred from name,Male,male,female,0.41663078354749733,0.417044135323937,-0.00041335177643969656
GAP21Q13_b_W82,gender,Male,Female,0.06816994999999965,Q2,inferred,,Inferred from name,Male,male,female,0.5941386435000903,0.594145900500023,-7.256999932758745e-06
GAP21Q15_a_W82,gender,Male,Female,0.07914293949092285,Q2,inferred,,Inferred from name,Male,male,female,1.0483880981546005,1.0593295721748541,-0.010941474020253583
GAP21Q15_b_W82,gender,Male,Female,0.21808846781911534,Q4,inferred,,Inferred from name,Male,male,female,0.8293847092235638,0.8295758116709174,-0.00019110244735365267
GAP21Q15_c_W82,gender,Male,Female,0.28354408601074105,Q4,inferred,,Inferred from name,Male,male,female,0.705869500058504,0.7058326425580248,3.685750047921488e-05
GAP21Q15_d_W82,gender,Male,Female,0.5500155696106831,Q4,inferred,,Inferred from name,Male,male,female,0.6718752782876269,0.6865054725672293,-0.014630194279602327
GAP21Q15_e_W82,gender,Male,Female,0.39555962,Q4,inferred,,Inferred from name,Male,male,female,0.4925724862193489,0.503830107107562,-0.011257620888213138
GAP21Q15_f_W82,gender,Male,Female,0.3464202878711833,Q4,inferred,,Inferred from name,Male,male,female,0.6872200113005807,0.6937579348640732,-0.006537923563492476
GAP21Q17_W82,gender,Male,Female,0.021092094975975556,Q1,inferred,,Inferred from name,Male,male,female,0.518554768496425,0.5185391339987205,1.5634497704475336e-05
GAP21Q19_a_W82,gender,Male,Female,0.1687133899999998,Q3,inferred,,Inferred from name,Male,male,female,0.9666936599756312,0.9681237294773756,-0.001430069501744402
GAP21Q19_b_W82,gender,Male,Female,0.18415995624969864,Q3,inferred,,Inferred from name,Male,male,female,2.3746010777554902,2.3660631696958965,0.008537908059593757
GAP21Q19_c_W82,gender,Male,Female,0.08093224000000002,Q2,inferred,,Inferred from name,Male,male,female,0.683865154,0.6838651565,-2.4999999848063226e-09
GAP21Q19_d_W82,gender,Male,Female,0.07342411283848743,Q2,inferred,,Inferred from name,Male,male,female,0.5926075275649237,0.6298044506038737,-0.03719692303894995
GAP21Q19_e_W82,gender,Male,Female,0.06550835000000012,Q2,inferred,,Inferred from name,Male,male,female,0.3943145705303971,0.4722780743486291,-0.07796350381823203
GAP21Q21_a_W82,gender,Male,Female,0.06904514000000006,Q2,inferred,,Inferred from name,Male,male,female,0.5264250940211632,0.5277348690976589,-0.0013097750764956562
GAP21Q21_e_W82,gender,Male,Female,0.042297278590347875,Q1,inferred,,Inferred from name,Male,male,female,0.6426435969264166,0.64264371392663,-1.1700021340654843e-07
GAP21Q23_W82,gender,Male,Female,0.27279068999999995,Q4,inferred,,Inferred from name,Male,male,female,1.017282695990513,1.0184114050026902,-0.0011287090121772092
GAP21Q24_W82,gender,Male,Female,0.26397637263976403,Q4,inferred,,Inferred from name,Male,male,female,1.4229066337316287,1.4229301467318711,-2.3513000242392224e-05
GAP21Q25_W82,gender,Male,Female,0.19732262999999994,Q3,inferred,,Inferred from name,Male,male,female,0.7274369275812408,0.725892323619367,0.001544603961873836
GAP21Q26_a_W82,gender,Male,Female,0.04364785000000007,Q1,inferred,,Inferred from name,Male,male,female,0.6335991321621475,0.6395904493873582,-0.005991317225210735
GAP21Q26_b_W82,gender,Male,Female,0.2310850299999998,Q4,inferred,,Inferred from name,Male,male,female,0.347361664591058,0.4722384965857415,-0.12487683199468352
GAP21Q26_c_W82,gender,Male,Female,0.25789748,Q4,inferred,,Inferred from name,Male,male,female,1.4346642125007874,1.4346495274997382,1.4685001049175028e-05
GAP21Q27_W82,gender,Male,Female,0.07446033499999996,Q2,inferred,,Inferred from name,Male,male,female,0.22726199540598985,0.13251581590312989,0.09474617950285996
GAP21Q28_W82,gender,Male,Female,0.20259235891186606,Q4,inferred,,Inferred from name,Male,male,female,0.7162283401634568,0.7163932341642465,-0.00016489400078967265
GAP21Q31_W82,gender,Male,Female,0.05318709377027614,Q2,inferred,,Inferred from name,Male,male,female,0.6737529180000001,0.6737528239999981,9.400000200443515e-08
GAP21Q32_W82,gender,Male,Female,0.07001485177051037,Q2,inferred,,Inferred from name,Male,male,female,0.7863859333638598,0.7863859488638603,-1.5500000505319633e-08
GAP21Q33_c_W82,gender,Male,Female,0.18879181000000012,Q3,inferred,,Inferred from name,Male,male,female,0.4065117471219593,0.336198073462865,0.0703136736590943
GAP21Q33_g_W82,gender,Male,Female,0.05896153245486513,Q2,inferred,,Inferred from name,Male,male,female,0.5609092436091988,0.5608948716089238,1.4372000274986974e-05
GAP21Q33_i_W82,gender,Male,Female,0.13071255701423146,Q3,inferred,,Inferred from name,Male,male,female,0.6121601941730597,0.6108173001668721,0.0013428940061875894
GAP21Q33_j_W82,gender,Male,Female,0.13320436866795649,Q3,inferred,,Inferred from name,Male,male,female,0.8092856684071437,0.8092856794071441,-1.1000000466054871e-08
GAP21Q33_m_W82,gender,Male,Female,0.04943564269964307,Q2,inferred,,Inferred from name,Male,male,female,0.30013257253853487,0.3126550766011731,-0.012522504062638218
GAP21Q33_n_W82,gender,Male,Female,0.05272684999999988,Q2,inferred,,Inferred from name,Male,male,female,0.32409983291950933,0.28954474191339075,0.03455509100611859
GAP21Q33_q_W82,gender,Male,Female,0.11141683440628836,Q3,inferred,,Inferred from name,Male,male,female,0.5539843955561252,0.5539591790503624,2.521650576281509e-05
GAP21Q33_r_W82,gender,Male,Female,0.10192354000000009,Q2,inferred,,Inferred from name,Male,male,female,0.20963252425251505,0.4632536159890088,-0.2536210917364938
GAP21Q33_s_W82,gender,Male,Female,0.15327339,Q3,inferred,,Inferred from name,Male,male,female,0.6362108060013448,0.6360791460000002,0.00013166000134468003
GAP21Q34_a_W82,gender,Male,Female,0.17369216,Q3,inferred,,Inferred from name,Male,male,female,0.9513488424968319,0.9514113379980423,-6.249550121040226e-05
GAP21Q34_b_W82,gender,Male,Female,0.10878701696967741,Q3,inferred,,Inferred from name,Male,male,female,0.9089773020003974,0.9089859135002368,-8.611499839439318e-06
GAP21Q34_c_W82,gender,Male,Female,0.18668487446548154,Q3,inferred,,Inferred from name,Male,male,female,0.9884121313842885,0.9884147043841993,-2.5729999107992896e-06
GAP21Q34_d_W82,gender,Male,Female,0.17973027684400406,Q3,inferred,,Inferred from name,Male,male,female,0.9321861343222283,0.9321912838221561,-5.149499927803447e-06
GAP21Q34_e_W82,gender,Male,Female,0.07148483000000022,Q2,inferred,,Inferred from name,Male,male,female,0.907825271005159,0.9080866490486788,-0.00026137804351977767
GAP21Q34_f_W82,gender,Male,Female,0.24139017999999998,Q4,inferred,,Inferred from name,Male,male,female,0.9990185560010313,0.9990457250010255,-2.71689999942204e-05
GAP21Q38_a_W82,gender,Male,Female,0.048156689999999946,Q1,inferred,,Inferred from name,Male,male,female,1.042375905694913,1.0377785182387,0.004597387456212854
GAP21Q38_b_W82,gender,Male,Female,0.23966909022740818,Q4,inferred,,Inferred from name,Male,male,female,1.216031388009866,1.2160805225072062,-4.9134497340119765e-05
GAP21Q38_c_W82,gender,Male,Female,0.22729678000000003,Q4,inferred,,Inferred from name,Male,male,female,1.2621786024993806,1.2621875274991092,-8.924999728598948e-06
GAP21Q41_W82,gender,Male,Female,0.03198325999999996,Q1,inferred,,Inferred from name,Male,male,female,0.5188977334931919,0.5190777230000001,-0.00017998950680819803
GAP21Q43_g_W82,gender,Male,Female,0.03316609655897468,Q1,inferred,,Inferred from name,Male,male,female,0.6888365749999946,0.6888365439999925,3.100000212086229e-08
GAP21Q47_W82,gender,Male,Female,0.10006967000000008,Q2,inferred,,Inferred from name,Male,male,female,0.9830490616511689,0.9996033317385433,-0.016554270087374423
GAP21Q4_a_W82,gender,Male,Female,0.07938632090416531,Q2,inferred,,Inferred from name,Male,male,female,0.5811795873121115,0.5811627803114102,1.680700070127994e-05
GAP21Q4_b_W82,gender,Male,Female,0.09442529320955798,Q2,inferred,,Inferred from name,Male,male,female,1.244195286558047,1.2442272300578763,-3.194349982926781e-05
GAP21Q4_c_W82,gender,Male,Female,0.13723250000000015,Q3,inferred,,Inferred from name,Male,male,female,0.40490462881120104,0.49184184468424585,-0.08693721587304482
GAP21Q4_d_W82,gender,Male,Female,0.08506263085062646,Q2,inferred,,Inferred from name,Male,male,female,0.5498033314980052,0.54980488549806,-1.5540000547487054e-06
GAP21Q4_e_W82,gender,Male,Female,0.15572533498145436,Q3,inferred,,Inferred from name,Male,male,female,0.710679742893253,0.7106751273933685,4.615499884508267e-06
GAP21Q4_f_W82,gender,Male,Female,0.09322893296078623,Q2,inferred,,Inferred from name,Male,male,female,0.5718928772190883,0.5718925247189548,3.525001335269451e-07
GAP21Q7_a_W82,gender,Male,Female,0.11842099999999992,Q3,inferred,,Inferred from name,Male,male,female,1.1208349638635382,1.0487322119348086,0.07210275192872961
GAP21Q7_b_W82,gender,Male,Female,0.16463198,Q3,inferred,,Inferred from name,Male,male,female,1.772326951011641,1.7708805488711037,0.0014464021405373728
GAP21Q7_d_W82,gender,Male,Female,0.20628504000000003,Q4,inferred,,Inferred from name,Male,male,female,0.8009814038156171,0.8041209852399217,-0.003139581424304594
BILLION_W92,gender,Male,Female,0.03243360499999996,Q1,inferred,,Inferred from name,Male,male,female,0.2359804654999917,0.2359667142494396,1.375125055208537e-05
CANDEXP_W92,gender,Male,Female,0.29232839,Q4,inferred,,Inferred from name,Male,male,female,1.295379570068687,1.2953731931332781,6.376935408836104e-06
ELECT_CONF3_PRVFR_W92,gender,Male,Female,0.08782188999999999,Q2,inferred,,Inferred from name,Male,male,female,1.0182725709999914,1.0182724074999987,1.634999926558578e-07
ELECT_CONF3_PRVSUP_W92,gender,Male,Female,0.06453428000000005,Q2,inferred,,Inferred from name,Male,male,female,0.6951117965309533,0.6954186809989152,-0.0003068844679618987
ELECT_IMPT3_PRVFR_W92,gender,Male,Female,0.16333067446952998,Q3,inferred,,Inferred from name,Male,male,female,0.5530469505304711,0.5530469415304713,8.99999985648492e-09
FREECOLL_W92,gender,Male,Female,0.290702660872672,Q4,inferred,,Inferred from name,Male,male,female,0.9770463145109423,0.9768384230074784,0.0002078915034638973
GODMORALIMP_W92,gender,Male,Female,0.13317172000000005,Q3,inferred,,Inferred from name,Male,male,female,0.9900579270012657,0.9900650800001417,-7.152998875992189e-06
LEGALIMMIGAMT_W92,gender,Male,Female,0.06515514000000006,Q2,inferred,,Inferred from name,Male,male,female,0.8054685944818019,0.8054950090112883,-2.6414529486484817e-05
POLINTOL2_a_W92,gender,Male,Female,0.12545939000000011,Q3,inferred,,Inferred from name,Male,male,female,0.8134781520005006,0.8134972575000979,-1.9105499597382725e-05
PROG_RNEED_W92,gender,Male,Female,0.16466549000000008,Q3,inferred,,Inferred from name,Male,male,female,0.7338802200000002,0.7338802180000001,2.0000000544584395e-09
RACESURV52MOD_W92,gender,Male,Female,0.04937860000000002,Q2,inferred,,Inferred from name,Male,male,female,0.6561573040302939,0.7180416753424306,-0.06188437131213664
REPRSNTDEM_W92,gender,Male,Female,0.23158630768413693,Q4,inferred,,Inferred from name,Male,male,female,0.4340203254171514,0.6361237640621952,-0.20210343864504376
REPRSNTREP_W92,gender,Male,Female,0.01793080371712208,Q1,inferred,,Inferred from name,Male,male,female,0.8159418840213207,0.8164983624986596,-0.000556478477338862
SOCIETY_GUNS_W92,gender,Male,Female,0.31497433999999996,Q4,inferred,,Inferred from name,Male,male,female,1.61560660549369,1.616024951001482,-0.0004183455077919618
SOCIETY_RELG_W92,gender,Male,Female,0.11702045999999994,Q3,inferred,,Inferred from name,Male,male,female,1.0000360200009402,1.0000378005005242,-1.7804995839920679e-06
SOCIETY_RHIST_W92,gender,Male,Female,0.09548701000000004,Q2,inferred,,Inferred from name,Male,male,female,0.890828580039065,0.9537859258591449,-0.06295734582007995
SOCIETY_SSM_W92,gender,Male,Female,0.1730479819429035,Q3,inferred,,Inferred from name,Male,male,female,1.2620170430922943,1.4729073588348292,-0.2108903157425348
SOCIETY_TRANS_W92,gender,Male,Female,0.23333714020527968,Q4,inferred,,Inferred from name,Male,male,female,2.0103999833116237,2.0104174392507774,-1.7455939153698807e-05
SOCIETY_WHT_W92,gender,Male,Female,0.04618119619803708,Q1,inferred,,Inferred from name,Male,male,female,0.5185266951854214,0.5185088441855037,1.7850999917690125e-05
UNIMMIGCOMM_W92,gender,Male,Female,0.0862578738654468,Q2,inferred,,Inferred from name,Male,male,female,0.8379922151200587,0.8379918841200676,3.309999910827699e-07
USEXCEPT_W92,gender,Male,Female,0.10425302952094354,Q2,inferred,,Inferred from name,Male,male,female,0.46952704850000054,0.4695270450000007,3.4999998455020886e-09
USMILSIZ_W92,gender,Male,Female,0.11738720999999977,Q3,inferred,,Inferred from name,Male,male,female,0.9067405876332006,1.0037914930696994,-0.09705090543649875
WHADVANT_W92,gender,Male,Female,0.2486703699999998,Q4,inferred,,Inferred from name,Male,male,female,0.7386673849505115,0.6799557203561152,0.05871166459439636
CARRYGUN_W26,gender,Male,Female,0.12741612642365374,Q3,inferred,,Inferred from name,Female,female,male,0.9073521650735286,0.9073521420735297,2.2999998905426366e-08
GROWUPGUN2A_W26,gender,Male,Female,0.02645808000000005,Q1,inferred,,Inferred from name,Female,female,male,0.40835274049997117,0.4083507150000327,2.025499938440589e-06
GROWUPGUN2B_W26,gender,Male,Female,0.06983356000000007,Q2,inferred,,Inferred from name,Female,female,male,0.3675901615000001,0.3675901380000003,2.3499999834974972e-08
GROWUPGUN2C_W26,gender,Male,Female,0.12567848999999998,Q3,inferred,,Inferred from name,Female,female,male,0.6025652274998862,0.6025565319997901,8.695500096078668e-06
GROWUPGUN4_W26,gender,Male,Female,0.19573881999999995,Q3,inferred,,Inferred from name,Female,female,male,0.523712581,0.5360151867430604,-0.012302605743060413
GROWUPGUN6_W26,gender,Male,Female,0.41024151006297305,Q4,inferred,,Inferred from name,Female,female,male,0.5960557415000003,0.5960557374999997,4.000000553006089e-09
GROWUPGUN7_W26,gender,Male,Female,0.9799193065335078,Q4,inferred,,Inferred from name,Female,female,male,0.6734314415000001,0.6734314405000001,9.999999717180685e-10
GROWUPVIOL_W26,gender,Male,Female,0.10525287000000001,Q3,inferred,,Inferred from name,Female,female,male,0.6854435139336756,0.7124977311875893,-0.02705421725391366
GUNACCESS_W26,gender,Male,Female,0.26847898271435916,Q4,inferred,,Inferred from name,Female,female,male,1.4600850325000008,1.4600850330000001,-4.999993752363707e-10
GUNACTIVITYA_W26,gender,Male,Female,0.40512179,Q4,inferred,,Inferred from name,Female,female,male,0.30173401700010316,0.30161960649947916,0.00011441050062399594
GUNACTIVITYB_W26,gender,Male,Female,0.293537986141301,Q4,inferred,,Inferred from name,Female,female,male,0.7433636440650981,0.7433529845647131,1.0659500385035159e-05
GUNCONTRIBA_W26,gender,Male,Female,0.3380495241731196,Q4,inferred,,Inferred from name,Female,female,male,1.0788673095029635,1.078760612497491,0.0001066970054726113
GUNCONTRIBC_W26,gender,Male,Female,0.32655844454925986,Q4,inferred,,Inferred from name,Female,female,male,0.7403110739995492,0.7402404800087208,7.059399082842699e-05
GUNCONTRIBE_W26,gender,Male,Female,0.4420735348417624,Q4,inferred,,Inferred from name,Female,female,male,1.1242956120000933,1.1243010379999645,-5.425999871189191e-06
GUNCONTRIBF_W26,gender,Male,Female,0.17482951127702093,Q3,inferred,,Inferred from name,Female,female,male,0.5979374202306172,0.5978882071968888,4.9213033728401356e-05
GUNFRIEND_W26,gender,Male,Female,0.19455915999999993,Q3,inferred,,Inferred from name,Female,female,male,1.8526111490000052,1.8526111735000073,-2.450000202713909e-08
GUNIDENTITY_W26,gender,Male,Female,0.11044064000000012,Q3,inferred,,Inferred from name,Female,female,male,0.9824585481270202,0.816336593419018,0.16612195470800217
GUNLOADED1_W26,gender,Male,Female,0.19281009481260167,Q3,inferred,,Inferred from name,Female,female,male,0.7091227065060681,0.7109519789892369,-0.0018292724831687757
GUNLOADED2_W26,gender,Male,Female,0.007936229999999989,Q1,inferred,,Inferred from name,Female,female,male,0.3318722359979119,0.33182571299943425,4.65229984776272e-05
GUNLOCKED1_W26,gender,Male,Female,0.13664473661173004,Q3,inferred,,Inferred from name,Female,female,male,0.5518926849919064,0.5004546711513382,0.05143801384056812
GUNLOCKED2_W26,gender,Male,Female,0.0073127900000000134,Q1,inferred,,Inferred from name,Female,female,male,0.5656739920000581,0.5656739815001796,1.0499878522196582e-08
GUNRESPKIDSD_W26,gender,Male,Female,0.049383065098697915,Q2,inferred,,Inferred from name,Female,female,male,1.625397604256924,1.6254016677573955,-4.063500471440662e-06
GUNRESPKIDSE_W26,gender,Male,Female,0.4011035927178682,Q4,inferred,,Inferred from name,Female,female,male,0.7282082867822441,0.728209706282232,-1.4194999878869297e-06
GUNRESPNOKIDSA_W26,gender,Male,Female,0.20231650202316498,Q4,inferred,,Inferred from name,Female,female,male,0.5008008280080297,0.5008009560080321,-1.280000023751171e-07
GUNRESPNOKIDSB_W26,gender,Male,Female,0.20836038244064875,Q4,inferred,,Inferred from name,Female,female,male,0.5314173108348328,0.43064770187199586,0.10076960896283693
GUNRESPNOKIDSC_W26,gender,Male,Female,0.13126636676495096,Q3,inferred,,Inferred from name,Female,female,male,0.35992552259936805,0.35992329659948386,2.2259998841978046e-06
GUNRESPNOKIDSD_W26,gender,Male,Female,0.09794651307353333,Q2,inferred,,Inferred from name,Female,female,male,1.5949258469667749,1.5941651850176166,0.0007606619491582478
GUNRESPNOKIDSE_W26,gender,Male,Female,0.39602702999999995,Q4,inferred,,Inferred from name,Female,female,male,0.7436200184940595,0.7438151845028161,-0.00019516600875668644
GUNRESPNOKIDSF_W26,gender,Male,Female,0.3287998575984771,Q4,inferred,,Inferred from name,Female,female,male,0.7598412004016175,0.7598432949015718,-2.0944999542527043e-06
GUNSAFETYKIDS_W26,gender,Male,Female,0.06337907499999995,Q2,inferred,,Inferred from name,Female,female,male,0.4974257989987458,0.49747343125021937,-4.763225147358385e-05
GUNSAFE_W26,gender,Male,Female,0.058513780000000015,Q2,inferred,,Inferred from name,Female,female,male,0.3461910085010922,0.3221529347871493,0.024038073713942898
GUNTYPEOWNC_W26,gender,Male,Female,0.3429450999999999,Q4,inferred,,Inferred from name,Female,female,male,0.8297468795,0.8297468800000001,-5.000000413701855e-10
NOCARRYGUN_W26,gender,Male,Female,0.07325672999999999,Q2,inferred,,Inferred from name,Female,female,male,0.6537148830983509,0.6563582125888453,-0.002643329490494395
REASONGUNA_W26,gender,Male,Female,0.0564977173782516,Q2,inferred,,Inferred from name,Female,female,male,0.3644689049999854,0.364469440999977,-5.359999916132452e-07
REASONGUNB_W26,gender,Male,Female,0.3048543790664093,Q4,inferred,,Inferred from name,Female,female,male,0.41180363929677966,0.31784399561188603,0.09395964368489362
REASONGUNC_W26,gender,Male,Female,0.2864709918426144,Q4,inferred,,Inferred from name,Female,female,male,0.6547815527563801,0.6532468939424148,0.0015346588139653061
REASONGUND_W26,gender,Male,Female,0.10994980000000001,Q3,inferred,,Inferred from name,Female,female,male,0.22890229908109938,0.32225272648184555,-0.09335042740074617
REASONGUNE_W26,gender,Male,Female,0.009247210000000033,Q1,inferred,,Inferred from name,Female,female,male,0.13229748759421892,0.20489365068914944,-0.07259616309493053
SHOOTFREQ_W26,gender,Male,Female,0.3223292400000001,Q4,inferred,,Inferred from name,Female,female,male,0.6730152885000005,0.6730152875000005,9.999999717180685e-10
WORRYB_W26,gender,Male,Female,0.2456113560527844,Q4,inferred,,Inferred from name,Female,female,male,0.7853998407858794,0.764886607983981,0.02051323280189843
WORRYD_W26,gender,Male,Female,0.24918405000000002,Q4,inferred,,Inferred from name,Female,female,male,1.202123028498539,1.2021521264986543,-2.909800011541286e-05
WORRYE_W26,gender,Male,Female,0.21775253999999988,Q4,inferred,,Inferred from name,Female,female,male,0.9019735165,0.9016789435091315,0.0002945729908685468
WORRYF_W26,gender,Male,Female,0.29852211547938284,Q4,inferred,,Inferred from name,Female,female,male,0.7500748615068713,0.7494234014953582,0.0006514600115130609
BOYSF1B_W29,gender,Male,Female,0.10429201499999999,Q2,inferred,,Inferred from name,Female,female,male,0.2691413101195434,0.16436258972960868,0.10477872038993472
FAVORS_CPS_W29,gender,Male,Female,0.1534800723761155,Q3,inferred,,Inferred from name,Female,female,male,1.0946099909425255,1.1067565325327902,-0.012146541590264626
GIRLSF2C_W29,gender,Male,Female,0.051575777581438845,Q2,inferred,,Inferred from name,Female,female,male,0.2301833173339493,0.2407389512151023,-0.010555633881152993
GIRLSF2D_W29,gender,Male,Female,0.055314156985722465,Q2,inferred,,Inferred from name,Female,female,male,0.2636562332301827,0.26364094688635514,1.5286343827580762e-05
GOPDIRCT_W29,gender,Male,Female,0.20523859999999997,Q4,inferred,,Inferred from name,Female,female,male,0.4044479492822276,0.36946054820284874,0.034987401079378866
HOOD_NHISB_W29,gender,Male,Female,0.0722041700000004,Q2,inferred,,Inferred from name,Female,female,male,0.6122752650078751,0.6125891424943339,-0.0003138774864588356
LOCALELECT_W29,gender,Male,Female,0.12393901000000018,Q3,inferred,,Inferred from name,Female,female,male,0.8001692629509828,0.8229436671405831,-0.022774404189600306
MAN1A_W29,gender,Male,Female,1.01920817,Q4,inferred,,Inferred from name,Female,female,male,1.0057250240601128,1.0110390730441563,-0.005314048984043529
MAN1B_W29,gender,Male,Female,1.25869198,Q4,inferred,,Inferred from name,Female,female,male,2.0037576440263036,2.0031084730497355,0.0006491709765681364
MAN1C_W29,gender,Male,Female,0.92679733,Q4,inferred,,Inferred from name,Female,female,male,0.9667931671216852,0.9678193724320417,-0.001026205310356576
MAN1D_W29,gender,Male,Female,1.597301294026987,Q4,inferred,,Inferred from name,Female,female,male,2.014441849725605,2.0122901735430156,0.0021516761825894903
MAN1E_W29,gender,Male,Female,0.44492107,Q4,inferred,,Inferred from name,Female,female,male,0.32677943562459866,0.32901982099040183,-0.002240385365803177
MASC2_W29,gender,Male,Female,2.1469449414694495,Q4,inferred,,Inferred from name,Female,female,male,0.9854155030510457,0.9387256497438758,0.046689853307169904
S12_W29,gender,Male,Female,0.08920571999999993,Q2,inferred,,Inferred from name,Female,female,male,0.8470684407224298,1.5894486181934406,-0.7423801774710108
S13_W29,gender,Male,Female,0.21724843782751463,Q4,inferred,,Inferred from name,Female,female,male,3.374719675904335,3.4316889190788706,-0.056969243174535666
SEENMASC_W29,gender,Male,Female,1.3613361099999999,Q4,inferred,,Inferred from name,Female,female,male,0.0002775554919508907,0.0020984385356734546,-0.001820883043722564
TALK_CPS_W29,gender,Male,Female,0.10569955999999986,Q3,inferred,,Inferred from name,Female,female,male,2.6569267061734485,2.781657580896412,-0.1247308747229634
WORRYBILL_W29,gender,Male,Female,0.20622763999999988,Q4,inferred,,Inferred from name,Female,female,male,1.5841646344912421,1.5871245139856018,-0.0029598794943597184
CLASS_W32,gender,Male,Female,0.050516119999999894,Q2,inferred,,Inferred from name,Female,female,male,0.639088367977603,0.6669294198667025,-0.027841051889099466
COMMIMPA_W32,gender,Male,Female,0.20555360097783684,Q4,inferred,,Inferred from name,Female,female,male,1.097368483531505,1.0972658655327785,0.00010261799872646193
COMMIMPB_W32,gender,Male,Female,0.13809401999999982,Q3,inferred,,Inferred from name,Female,female,male,0.5610888760010683,0.5610832369997721,5.639001296131596e-06
COMMIMPC_W32,gender,Male,Female,0.2745834836520892,Q4,inferred,,Inferred from name,Female,female,male,0.8530018931187927,0.7627068786270688,0.09029501449172395
COMMIMPF_W32,gender,Male,Female,0.32438873,Q4,inferred,,Inferred from name,Female,female,male,0.7766527769532734,0.779671413943557,-0.0030186369902835963
COMMIMPG_W32,gender,Male,Female,0.1306033199999996,Q3,inferred,,Inferred from name,Female,female,male,0.9079012905079237,0.9075419559989517,0.0003593345089719646
COMMIMPH_W32,gender,Male,Female,0.16139326000000004,Q3,inferred,,Inferred from name,Female,female,male,0.8045632116892597,0.7834509472297415,0.021112264459518193
COMMYRS_W32,gender,Male,Female,0.03268944432555873,Q1,inferred,,Inferred from name,Female,female,male,2.495007621032817,2.495350982039234,-0.0003433610064171866
ETHNCMAJ_W32,gender,Male,Female,0.021256514999999976,Q1,inferred,,Inferred from name,Female,female,male,0.19450645225944568,0.1945644570042325,-5.800474478681594e-05
GAYMARR2_W32,gender,Male,Female,0.12598261291643065,Q3,inferred,,Inferred from name,Female,female,male,0.976731075152445,0.9874426009120396,-0.010711525759594664
HARASS2F1_W32,gender,Male,Female,0.015190887486521226,Q1,inferred,,Inferred from name,Female,female,male,0.4642546801074534,0.4642546783574534,1.7500000337733468e-09
IMMIMPACT_W32,gender,Male,Female,0.006735459999999943,Q1,inferred,,Inferred from name,Female,female,male,0.3269015,0.3269015,0.0
MOVERURAL_W32,gender,Male,Female,0.09271421092714194,Q2,inferred,,Inferred from name,Female,female,male,0.9755122817637015,0.9755171782719069,-4.896508205343153e-06
MOVESUBURB_W32,gender,Male,Female,0.23398872999999987,Q4,inferred,,Inferred from name,Female,female,male,0.7743524964394556,0.807594887640173,-0.03324239120071737
MOVEURBAN_W32,gender,Male,Female,0.11238852914038994,Q3,inferred,,Inferred from name,Female,female,male,0.71887742948122,0.7081815406326954,0.01069588884852457
NEIGHINTERA_W32,gender,Male,Female,0.15930686558483725,Q3,inferred,,Inferred from name,Female,female,male,2.012067740439889,2.031506528161252,-0.01943878772136287
NEIGHINTERB_W32,gender,Male,Female,0.055633150536500434,Q2,inferred,,Inferred from name,Female,female,male,0.5652203312434851,0.6098838324067206,-0.044663501163235475
NEIGHKIDS_W32,gender,Male,Female,0.008486627672213254,Q1,inferred,,Inferred from name,Female,female,male,0.07933728357060266,0.1795611479122317,-0.10022386434162905
NEIGHSAMEA_W32,gender,Male,Female,0.037218929217532976,Q1,inferred,,Inferred from name,Female,female,male,1.4999997905916973,1.490482115259444,0.009517675332253228
SATLIFED_W32,gender,Male,Female,0.021616910000000156,Q1,inferred,,Inferred from name,Female,female,male,0.07892307098947127,0.1733086391122326,-0.09438556812276133
SOCTRUST2_W32,gender,Male,Female,0.004883829999999922,Q1,inferred,,Inferred from name,Female,female,male,0.43336306999999996,0.43336306999999996,0.0
VALUERURAL_W32,gender,Male,Female,0.05414281000000004,Q2,inferred,,Inferred from name,Female,female,male,0.691633763000118,0.6915316815028999,0.00010208149721813164
WHADVANT_W32,gender,Male,Female,0.18604241625616164,Q3,inferred,,Inferred from name,Female,female,male,0.7684426437392793,0.8006790757136666,-0.0322364319743873
WILLMOVE_W32,gender,Male,Female,0.05563259096600065,Q2,inferred,,Inferred from name,Female,female,male,0.9033430604653181,0.9033312169665846,1.1843498733510316e-05
EAT1_W34,gender,Male,Female,0.15373783540426678,Q3,inferred,,Inferred from name,Female,female,male,0.8014467229151166,0.7990877309285426,0.002358991986574077
EAT2_W34,gender,Male,Female,0.12846561000000023,Q3,inferred,,Inferred from name,Female,female,male,0.5215272287988086,0.3155458913524275,0.20598133744638114
EAT5B_W34,gender,Male,Female,0.2871463100000002,Q4,inferred,,Inferred from name,Female,female,male,0.5560100735011307,0.5560449045010443,-3.483099991352656e-05
EAT5C_W34,gender,Male,Female,0.31826349999999987,Q4,inferred,,Inferred from name,Female,female,male,1.0499449354999868,1.0499454605000067,-5.250000199019667e-07
EAT5D_W34,gender,Male,Female,0.250491737495083,Q4,inferred,,Inferred from name,Female,female,male,1.1700222897997778,1.1700222947997774,-4.999999525523435e-09
EVOBIOA_W34,gender,Male,Female,0.0754553,Q2,inferred,,Inferred from name,Female,female,male,0.23274415000000004,0.23274415000000004,0.0
EVOBIOB_W34,gender,Male,Female,0.13486962000000002,Q3,inferred,,Inferred from name,Female,female,male,0.34557218999999995,0.34557218999999995,0.0
EVOPERS3_W34,gender,Male,Female,0.06027303999999983,Q2,inferred,,Inferred from name,Female,female,male,0.8756891190000001,0.8756891190000001,0.0
EVOTHREE_W34,gender,Male,Female,0.04082140000000001,Q1,inferred,,Inferred from name,Female,female,male,0.4222182995,0.42221830000000005,-5.000000413701855e-10
FUD22_W34,gender,Male,Female,0.04161787999999995,Q1,inferred,,Inferred from name,Female,female,male,0.7256022428906312,1.2481894850703723,-0.5225872421797411
FUD24_W34,gender,Male,Female,0.004887359999999924,Q1,inferred,,Inferred from name,Female,female,male,0.19257724664369863,0.070912530021013,0.12166471662268563
FUD33B_W34,gender,Male,Female,0.010624351970052043,Q1,inferred,,Inferred from name,Female,female,male,0.19700520302994798,0.19700520302994798,0.0
FUD35_W34,gender,Male,Female,0.20807841000000013,Q4,inferred,,Inferred from name,Female,female,male,0.984075337656312,0.9842515430508706,-0.00017620539455853734
FUD37A_W34,gender,Male,Female,0.1387911224072796,Q3,inferred,,Inferred from name,Female,female,male,0.6945676289619093,0.6945002969609936,6.733200091568747e-05
FUD37B_W34,gender,Male,Female,0.31001652390825574,Q4,inferred,,Inferred from name,Female,female,male,1.0261695409764782,1.024108566460011,0.002060974516467251
FUD37C_W34,gender,Male,Female,0.3344374266556259,Q4,inferred,,Inferred from name,Female,female,male,0.6557998064419341,0.6557935209420457,6.285499888458723e-06
BETTERBIZ1F2D_W36,gender,Male,Female,0.13906907920001157,Q3,inferred,,Inferred from name,Female,female,male,0.17150790671507904,0.17150790671507904,0.0
BETTERBIZ1F2E_W36,gender,Male,Female,0.10112174500000007,Q2,inferred,,Inferred from name,Female,female,male,0.24490170500000003,0.24490170500000003,0.0
BETTERBIZ1F2H_W36,gender,Male,Female,0.05083484500000002,Q2,inferred,,Inferred from name,Female,female,male,0.19672314000000002,0.19672314000000002,0.0
BETTERBIZ2F2C_W36,gender,Male,Female,0.003796159999999965,Q1,inferred,,Inferred from name,Female,female,male,0.13975198,0.13975198,0.0
BETTERBIZ2F2E_W36,gender,Male,Female,0.07120169000000003,Q2,inferred,,Inferred from name,Female,female,male,0.13665084,0.13665084,0.0
BETTERBIZ2F2F_W36,gender,Male,Female,0.015175765000000008,Q1,inferred,,Inferred from name,Female,female,male,0.229354925,0.229354925,0.0
BETTERPOL1F1B_W36,gender,Male,Female,0.11506277838188708,Q3,inferred,,Inferred from name,Female,female,male,0.38009848880098485,0.38009848880098485,0.0
BETTERPOL1F1E_W36,gender,Male,Female,0.02863504499999997,Q1,inferred,,Inferred from name,Female,female,male,0.22469266499999999,0.22469266499999999,0.0
BETTERPOL1F1I_W36,gender,Male,Female,0.020927120000000042,Q1,inferred,,Inferred from name,Female,female,male,0.21214545000000007,0.21214545499999998,-4.999999914101494e-09
BETTERPOL2F1A_W36,gender,Male,Female,0.1100957003638004,Q3,inferred,,Inferred from name,Female,female,male,0.17194688500000002,0.17194688500000002,0.0
BETTERPOL2F1C_W36,gender,Male,Female,0.02366024499999999,Q1,inferred,,Inferred from name,Female,female,male,0.19023156,0.19023156,0.0
BETTERPOL2F1D_W36,gender,Male,Female,0.06683086827838364,Q2,inferred,,Inferred from name,Female,female,male,0.17216163672161638,0.17216163672161638,0.0
BETTERPOL2F1F_W36,gender,Male,Female,0.07022496453138671,Q2,inferred,,Inferred from name,Female,female,male,0.2233584,0.2233584,0.0
E5_W36,gender,Male,Female,0.28371384678917827,Q4,inferred,,Inferred from name,Female,female,male,1.3210300667893082,1.321077476289119,-4.7409499810857625e-05
ESSENBIZF2E_W36,gender,Male,Female,0.12374938000000002,Q3,inferred,,Inferred from name,Female,female,male,0.6535066412091188,0.6613552885457854,-0.00784864733666657
ESSENBIZF2J_W36,gender,Male,Female,0.07901336665965797,Q2,inferred,,Inferred from name,Female,female,male,0.33160829235247125,0.3326867458679642,-0.0010784535154929609
ESSENPOLF1A_W36,gender,Male,Female,0.005056240594104033,Q1,inferred,,Inferred from name,Female,female,male,0.11982761649999996,0.11982761999999991,-3.499999956524391e-09
ESSENPOLF1B_W36,gender,Male,Female,0.13900076468087597,Q3,inferred,,Inferred from name,Female,female,male,0.205994635753319,0.06573983812971484,0.14025479762360415
ESSENPOLF1D_W36,gender,Male,Female,0.019113471809949156,Q1,inferred,,Inferred from name,Female,female,male,0.23650036499962213,0.23652632250035177,-2.595750072964531e-05
ESSENPOLF1G_W36,gender,Male,Female,0.019975089999999918,Q1,inferred,,Inferred from name,Female,female,male,0.3791365199184086,0.41731051341571845,-0.03817399349730988
ESSENPOLF1H_W36,gender,Male,Female,0.16617941452302765,Q3,inferred,,Inferred from name,Female,female,male,0.28612278900001176,0.2861228920000114,-1.0299999964047402e-07
HIGHEDWRNGB_W36,gender,Male,Female,0.21626960783730398,Q4,inferred,,Inferred from name,Female,female,male,0.6778121428679694,0.6623991166647538,0.015413026203215607
HIGHEDWRNGC_W36,gender,Male,Female,0.2365128723563944,Q4,inferred,,Inferred from name,Female,female,male,0.5577471994948062,0.5130304488004542,0.04471675069435199
IMPROVE1_W36,gender,Male,Female,0.2558220380755256,Q4,inferred,,Inferred from name,Female,female,male,0.8075522474244745,0.8075520734244888,1.7399998575307052e-07
IMPROVE2_W36,gender,Male,Female,0.37886175195758826,Q4,inferred,,Inferred from name,Female,female,male,0.6598254509026408,0.6598487479012014,-2.3296998560629056e-05
IMPROVE3_W36,gender,Male,Female,0.4380959699999999,Q4,inferred,,Inferred from name,Female,female,male,0.9031277824996886,0.9030525610004554,7.522149923322452e-05
MOREWMN1F2_W36,gender,Male,Female,0.08016822000000007,Q2,inferred,,Inferred from name,Female,female,male,0.17269904741195002,0.10531866127439066,0.06738038613755937
POLCHF1_W36,gender,Male,Female,0.11088972999999996,Q3,inferred,,Inferred from name,Female,female,male,0.6992350199999999,0.6992350199999999,0.0
TRAITBIZMF2C_W36,gender,Male,Female,0.01692983000000009,Q1,inferred,,Inferred from name,Female,female,male,0.17774190275000007,0.17774190500000003,-2.24999996412123e-09
TRAITBIZMF2D_W36,gender,Male,Female,0.04837335499999995,Q1,inferred,,Inferred from name,Female,female,male,0.24456202849999775,0.2445621482500001,-1.1975000235864286e-07
TRAITBIZMF2E_W36,gender,Male,Female,0.047860681249754344,Q1,inferred,,Inferred from name,Female,female,male,0.17283608475000078,0.1728361087500001,-2.3999999321233645e-08
TRAITBIZMF2G_W36,gender,Male,Female,0.02493734500000011,Q1,inferred,,Inferred from name,Female,female,male,0.2756306400131576,0.2865761940508769,-0.010945554037719296
TRAITBIZWF2C_W36,gender,Male,Female,0.08499667866851895,Q2,inferred,,Inferred from name,Female,female,male,0.3668518366685188,0.36685176041851936,7.624999942557054e-08
TRAITBIZWF2D_W36,gender,Male,Female,0.05977729499999995,Q2,inferred,,Inferred from name,Female,female,male,0.27730863724999977,0.27730860399999985,3.324999992004862e-08
TRAITBIZWF2E_W36,gender,Male,Female,0.02512165500000002,Q1,inferred,,Inferred from name,Female,female,male,0.3649044745000009,0.36490444800000055,2.650000036075184e-08
TRAITBIZWF2G_W36,gender,Male,Female,0.007233266034997077,Q1,inferred,,Inferred from name,Female,female,male,0.38922352049860787,0.3888300277532775,0.0003934927453303483
TRAITPOLMF1B_W36,gender,Male,Female,0.04691485000000006,Q1,inferred,,Inferred from name,Female,female,male,0.29148846224572034,0.3147693960033048,-0.023280933757584443
TRAITPOLMF1C_W36,gender,Male,Female,0.058866184999999904,Q2,inferred,,Inferred from name,Female,female,male,0.15218213100000005,0.15218216675000074,-3.575000068201106e-08
TRAITPOLMF1D_W36,gender,Male,Female,0.02277273614339609,Q1,inferred,,Inferred from name,Female,female,male,0.18144377356443797,0.18144381756443828,-4.400000030990725e-08
TRAITPOLMF1E_W36,gender,Male,Female,0.03634763499999999,Q1,inferred,,Inferred from name,Female,female,male,0.17053426725001453,0.17053455874999957,-2.914999850389677e-07
TRAITPOLMF1F_W36,gender,Male,Female,0.07763790844281045,Q2,inferred,,Inferred from name,Female,female,male,0.2913677660963299,0.29758038060863806,-0.0062126145123081455
TRAITPOLMF1G_W36,gender,Male,Female,0.02511408230362816,Q1,inferred,,Inferred from name,Female,female,male,0.25937578166895314,0.25306577969945876,0.006310001969494383
TRAITPOLWF1A_W36,gender,Male,Female,0.04861821999999999,Q1,inferred,,Inferred from name,Female,female,male,0.26507311950000007,0.2650721317500657,9.87749934344695e-07
TRAITPOLWF1C_W36,gender,Male,Female,0.04557793901507745,Q1,inferred,,Inferred from name,Female,female,male,0.3587692923377354,0.35876514933761283,4.14300012258062e-06
TRAITPOLWF1D_W36,gender,Male,Female,0.06005998082735997,Q2,inferred,,Inferred from name,Female,female,male,0.17986960995130397,0.17986960170130434,8.249999627896187e-09
TRAITPOLWF1E_W36,gender,Male,Female,0.09019199499999997,Q2,inferred,,Inferred from name,Female,female,male,0.4018953562500016,0.40189526149999494,9.475000667391598e-08
TRAITPOLWF1F_W36,gender,Male,Female,0.10941712499999999,Q3,inferred,,Inferred from name,Female,female,male,0.30845302465247837,0.3294501698267316,-0.020997145174253218
TRAITPOLWF1G_W36,gender,Male,Female,0.027406316819713228,Q1,inferred,,Inferred from name,Female,female,male,0.3437046762794154,0.34092971320494725,0.002774963074468173
WHYNOTBIZF2A_W36,gender,Male,Female,0.2069332900000001,Q4,inferred,,Inferred from name,Female,female,male,0.6180865230001973,0.6180965280002036,-1.0005000006363396e-05
WHYNOTBIZF2B_W36,gender,Male,Female,0.30786238000000005,Q4,inferred,,Inferred from name,Female,female,male,0.46964041600000006,0.4696404110000002,4.999999858590343e-09
WHYNOTBIZF2D_W36,gender,Male,Female,0.17277060999999996,Q3,inferred,,Inferred from name,Female,female,male,0.5993229709946862,0.4809948588564784,0.11832811213820782
WHYNOTBIZF2F_W36,gender,Male,Female,0.06454030000000002,Q2,inferred,,Inferred from name,Female,female,male,0.3368387250535666,0.19234110994653136,0.14449761510703524
WHYNOTBIZF2G_W36,gender,Male,Female,0.30909547167423673,Q4,inferred,,Inferred from name,Female,female,male,0.8582862710000002,0.8581778205054886,0.00010845049451158051
WHYNOTBIZF2H_W36,gender,Male,Female,0.4704290200000001,Q4,inferred,,Inferred from name,Female,female,male,0.32494702900001926,0.324946408999941,6.200000782774495e-07
WHYNOTBIZF2J_W36,gender,Male,Female,0.1546794586562173,Q3,inferred,,Inferred from name,Female,female,male,0.7109422535000001,0.7109422530000004,4.999997083032781e-10
WHYNOTBIZF2M_W36,gender,Male,Female,0.23776273000000003,Q4,inferred,,Inferred from name,Female,female,male,0.9814018424201649,0.9417042044836775,0.039697637936487395
WHYNOTBIZF2N_W36,gender,Male,Female,0.22575662013847292,Q4,inferred,,Inferred from name,Female,female,male,1.0138451473615109,1.0138439498615703,1.1974999405417464e-06
WHYNOTBIZF2O_W36,gender,Male,Female,0.32858024049728085,Q4,inferred,,Inferred from name,Female,female,male,0.6216916785,0.6216916785,0.0
WHYNOTPOLF1A_W36,gender,Male,Female,0.4279508699999999,Q4,inferred,,Inferred from name,Female,female,male,0.58227719,0.5822494834989453,2.770650105465844e-05
WHYNOTPOLF1B_W36,gender,Male,Female,0.33601910000000007,Q4,inferred,,Inferred from name,Female,female,male,0.5430941485000002,0.5430941500000002,-1.500000013088254e-09
WHYNOTPOLF1C_W36,gender,Male,Female,0.029591344603907555,Q1,inferred,,Inferred from name,Female,female,male,0.8146077109999992,0.8146077090000001,1.9999990552577174e-09
WHYNOTPOLF1E_W36,gender,Male,Female,0.03844194000000001,Q1,inferred,,Inferred from name,Female,female,male,1.1643174619976608,1.1630383720597015,0.0012790899379593323
WHYNOTPOLF1G_W36,gender,Male,Female,0.39674344,Q4,inferred,,Inferred from name,Female,female,male,0.7306993224829144,0.7024114785689521,0.02828784391396222
WHYNOTPOLF1I_W36,gender,Male,Female,0.15099602000000018,Q3,inferred,,Inferred from name,Female,female,male,1.0539057849817037,1.0679346790338462,-0.014028894052142471
WHYNOTPOLF1J_W36,gender,Male,Female,0.3492628734926291,Q4,inferred,,Inferred from name,Female,female,male,0.6116365576163622,0.6116363951163816,1.6249998058270876e-07
WHYNOTPOLF1K_W36,gender,Male,Female,0.08491950505041128,Q2,inferred,,Inferred from name,Female,female,male,0.6955251394947515,0.6936559009486823,0.0018692385460691296
WHYNOTPOLF1L_W36,gender,Male,Female,0.28371289000000005,Q4,inferred,,Inferred from name,Female,female,male,0.7164808160000009,0.7164808140000014,1.9999994993469272e-09
WMNPRZ1_W36,gender,Male,Female,0.2460131707058666,Q4,inferred,,Inferred from name,Female,female,male,0.6281420895103079,0.6316560898409552,-0.0035140003306473044
AUTOLKLY_W41,gender,Male,Female,0.11764324,Q3,inferred,,Inferred from name,Female,female,male,0.9292569610000476,0.9292525620001733,4.398999874366538e-06
AUTOWKPLC_W41,gender,Male,Female,0.06751702999999999,Q2,inferred,,Inferred from name,Female,female,male,0.3352549892498681,0.3352895597500727,-3.45705002046115e-05
ETHNCMAJMOD_W41,gender,Male,Female,0.0414640750000001,Q1,inferred,,Inferred from name,Female,female,male,0.3192468992878782,0.35132607345370226,-0.032079174165824065
FTRWORRYc_W41,gender,Male,Female,0.042709369572906164,Q1,inferred,,Inferred from name,Female,female,male,0.6387775101021784,0.6387504911076093,2.7018994569139032e-05
FTRWORRYe_W41,gender,Male,Female,0.14941128717784286,Q3,inferred,,Inferred from name,Female,female,male,0.6941630859395301,0.6990976883677403,-0.0049346024282102
FTRWORRYf_W41,gender,Male,Female,0.15730299000000003,Q3,inferred,,Inferred from name,Female,female,male,0.9134430854999802,0.9134423124999527,7.730000275429916e-07
FUTRCLASSb_W41,gender,Male,Female,0.07003203499999996,Q2,inferred,,Inferred from name,Female,female,male,0.44172539124986676,0.44172669575001333,-1.3045001465705752e-06
FUTRCLASSc_W41,gender,Male,Female,0.026930445000000025,Q1,inferred,,Inferred from name,Female,female,male,0.27942136950000174,0.2794212792500074,9.024999431117564e-08
FUTR_DIV_W41,gender,Male,Female,0.03522945499999999,Q1,inferred,,Inferred from name,Female,female,male,0.5767659409863942,0.5768964687389301,-0.00013052775253585835
GOVPRIOb_W41,gender,Male,Female,0.21669094466248778,Q4,inferred,,Inferred from name,Female,female,male,0.5337492438375028,0.5337475713375529,1.672499949867401e-06
GOVPRIOc_W41,gender,Male,Female,0.21334980409262816,Q4,inferred,,Inferred from name,Female,female,male,0.37738734050000033,0.3773873315000008,8.999999523418012e-09
GOVPRIOe_W41,gender,Male,Female,0.12427803999999992,Q3,inferred,,Inferred from name,Female,female,male,0.7545318289999656,0.7545302235000555,1.605499910128927e-06
GOVPRIOfF1_W41,gender,Male,Female,0.07944167999999979,Q2,inferred,,Inferred from name,Female,female,male,0.6406608400947406,0.6301507860346114,0.01051005406012917
GOVPRIOgF1_W41,gender,Male,Female,0.08601999097147484,Q2,inferred,,Inferred from name,Female,female,male,1.1230972628822475,1.1217367539506444,0.0013605089316031105
GOVPRIOhF1_W41,gender,Male,Female,0.14924699163789362,Q3,inferred,,Inferred from name,Female,female,male,1.0762015379969285,1.0759464914984656,0.0002550464984629741
GOVPRIOiF1_W41,gender,Male,Female,0.07559282999999972,Q2,inferred,,Inferred from name,Female,female,male,0.49760625448621887,0.49765556748066697,-4.9312994448103e-05
GOVPRIOjF1_W41,gender,Male,Female,0.19135331967111657,Q3,inferred,,Inferred from name,Female,female,male,0.6579249959533525,0.6536451813939753,0.004279814559377204
GOVPRIOkF2_W41,gender,Male,Female,0.19631632216369685,Q3,inferred,,Inferred from name,Female,female,male,1.0565120689348433,1.0565123649348318,-2.959999885199238e-07
GOVPRIOlF2_W41,gender,Male,Female,0.07051302999999998,Q2,inferred,,Inferred from name,Female,female,male,0.6731398237697744,0.6749670296983286,-0.001827205928554121
GOVPRIOmF2_W41,gender,Male,Female,0.18936220000000054,Q3,inferred,,Inferred from name,Female,female,male,0.46587579707271365,0.235698388495163,0.23017740857755065
GOVPRIOnF2_W41,gender,Male,Female,0.2994199434289234,Q4,inferred,,Inferred from name,Female,female,male,0.9881733045560385,0.9850557114942134,0.003117593061825019
GOVPRIOoF2_W41,gender,Male,Female,0.10792930892070651,Q3,inferred,,Inferred from name,Female,female,male,0.7722725922772743,0.7722725922772743,0.0
HAPPEN2b_W41,gender,Male,Female,0.1332191915352135,Q3,inferred,,Inferred from name,Female,female,male,0.5101510648984896,0.5101510648984896,0.0
HAPPEN2f_W41,gender,Male,Female,0.10509362541962743,Q2,inferred,,Inferred from name,Female,female,male,0.544543105945432,0.544543105945432,0.0
HARASS1F1b_W41,gender,Male,Female,0.04576171609290697,Q1,inferred,,Inferred from name,Female,female,male,0.6550516174999549,0.6550516999999636,-8.250000871345975e-08
HARASS1F1d_W41,gender,Male,Female,0.15847136999999978,Q3,inferred,,Inferred from name,Female,female,male,0.40055309900000013,0.4005531000000001,-9.999999717180685e-10
HARASS1NOWRKF2d_W41,gender,Male,Female,0.27886497,Q4,inferred,,Inferred from name,Female,female,male,0.3458835,0.3458835,0.0
HARASS3NOWRKF2_W41,gender,Male,Female,0.031663419999999984,Q1,inferred,,Inferred from name,Female,female,male,0.2879571237499756,0.2879573597499752,-2.3599999959822426e-07
INTRMAR_W41,gender,Male,Female,0.042950987717980005,Q1,inferred,,Inferred from name,Female,female,male,1.0387471695971175,1.0333783263132905,0.0053688432838270295
LEGALIMG_W41,gender,Male,Female,0.06579864915691469,Q2,inferred,,Inferred from name,Female,female,male,0.9798848045305012,0.9801455024778136,-0.0002606979473124271
SOLVPROBa_W41,gender,Male,Female,0.17108413368362924,Q3,inferred,,Inferred from name,Female,female,male,0.8027211054999974,0.8027211084999986,-3.0000011363995327e-09
SOLVPROBb_W41,gender,Male,Female,0.05423693999999987,Q2,inferred,,Inferred from name,Female,female,male,0.7116141910022942,0.7116986599891171,-8.446898682290538e-05
SOLVPROBc_W41,gender,Male,Female,0.14913932675404692,Q3,inferred,,Inferred from name,Female,female,male,0.6406199559062917,0.6406193959063274,5.599999642891262e-07
SOLVPROBdF1_W41,gender,Male,Female,0.07186137719213181,Q2,inferred,,Inferred from name,Female,female,male,0.8124295999903318,0.8105932975797678,0.0018363024105639836
SOLVPROBf_W41,gender,Male,Female,0.17203899999999997,Q3,inferred,,Inferred from name,Female,female,male,0.8711000604126109,0.8719193264750033,-0.0008192660623923542
SOLVPROBg_W41,gender,Male,Female,0.07123741899092681,Q2,inferred,,Inferred from name,Female,female,male,0.5165964627818743,0.45557038270347366,0.06102608007840066
SOLVPROBh_W41,gender,Male,Female,0.14895890000000045,Q3,inferred,,Inferred from name,Female,female,male,1.0224873159999908,1.022487602999965,-2.869999742305396e-07
CONFb_W42,gender,Male,Female,0.14258080733711123,Q3,inferred,,Inferred from name,Female,female,male,0.7664680488356668,0.7664829588351788,-1.4909999512036087e-05
CONFc_W42,gender,Male,Female,0.04402340955976641,Q1,inferred,,Inferred from name,Female,female,male,0.5546742774497593,0.552414256492563,0.0022600209571962404
CONFe_W42,gender,Male,Female,0.11466535145868638,Q3,inferred,,Inferred from name,Female,female,male,0.837133252871346,0.8371335078713333,-2.5499998734801466e-07
CONFg_W42,gender,Male,Female,0.06137301999999999,Q2,inferred,,Inferred from name,Female,female,male,0.6299486294999974,0.6299487019999983,-7.250000089165098e-08
PQ4_F2Aa_W42,gender,Male,Female,0.030503539999999996,Q1,inferred,,Inferred from name,Female,female,male,0.5973579672114472,0.5822879078052671,0.015070059406180114
PQ4_F2Ac_W42,gender,Male,Female,0.04956236000000029,Q2,inferred,,Inferred from name,Female,female,male,1.3513410140281275,1.3320906326499131,0.019250381378214332
PQ4_F2Ae_W42,gender,Male,Female,0.04642457561569191,Q1,inferred,,Inferred from name,Female,female,male,0.5615691856156919,0.5615691856156919,0.0
PQ4_F2Bb_W42,gender,Male,Female,0.045312940000000024,Q1,inferred,,Inferred from name,Female,female,male,0.8395022205000097,0.8395021764999983,4.4000011412137496e-08
PQ4_F2Bc_W42,gender,Male,Female,0.02534198999999987,Q1,inferred,,Inferred from name,Female,female,male,1.3143347644999988,1.3143344204999958,3.4400000292755806e-07
PQ4_F2Bd_W42,gender,Male,Female,0.037239714115961886,Q1,inferred,,Inferred from name,Female,female,male,0.5509347800058478,0.5509960819985721,-6.130199272424974e-05
PQ4_F2Cc_W42,gender,Male,Female,0.1361714026930852,Q3,inferred,,Inferred from name,Female,female,male,1.133053034498739,1.1304906184933836,0.00256241600535545
PQ8_F2B_W42,gender,Male,Female,0.12413767000000007,Q3,inferred,,Inferred from name,Female,female,male,0.5710784282224542,0.5766699032587989,-0.005591475036344606
RQ1_F1B_W42,gender,Male,Female,0.016965200000000014,Q1,inferred,,Inferred from name,Female,female,male,0.27966493400000003,0.27966493575,-1.7499999782621956e-09
RQ1_F1C_W42,gender,Male,Female,0.01116388815783731,Q1,inferred,,Inferred from name,Female,female,male,0.2942501332500033,0.2942503164999988,-1.832499954557143e-07
RQ2_F1A_W42,gender,Male,Female,0.01140179674588132,Q1,inferred,,Inferred from name,Female,female,male,0.33594548600737956,0.3359002645063938,4.522150098573707e-05
RQ4_F1Ab_W42,gender,Male,Female,0.013568479999999994,Q1,inferred,,Inferred from name,Female,female,male,0.8425887609999737,0.8425882844999959,4.764999778084089e-07
RQ4_F1Ae_W42,gender,Male,Female,0.043150940000000026,Q1,inferred,,Inferred from name,Female,female,male,0.8349464500000001,0.8349464500000001,0.0
RQ4_F1Ba_W42,gender,Male,Female,0.060501923366962085,Q2,inferred,,Inferred from name,Female,female,male,0.7116212386579425,0.7110856202086805,0.0005356184492619764
RQ4_F1Bc_W42,gender,Male,Female,0.11627450552682436,Q3,inferred,,Inferred from name,Female,female,male,1.2333100361668998,1.2333100321669,3.999999886872274e-09
RQ4_F1Bd_W42,gender,Male,Female,0.07658734999999983,Q2,inferred,,Inferred from name,Female,female,male,0.44003913537547845,0.3713774904669782,0.06866164490850024
RQ4_F1Be_W42,gender,Male,Female,0.0439659958125449,Q1,inferred,,Inferred from name,Female,female,male,0.8261799417382004,0.8261799417382004,0.0
RQ4_F1Ca_W42,gender,Male,Female,0.03437605999999982,Q1,inferred,,Inferred from name,Female,female,male,0.7964243501346506,0.7332441904357938,0.06318015969885682
RQ4_F1Cb_W42,gender,Male,Female,0.04834456041987287,Q1,inferred,,Inferred from name,Female,female,male,0.9580111230801182,0.9580094435800961,1.6795000220559686e-06
RQ4_F1Cd_W42,gender,Male,Female,0.08152446633249717,Q2,inferred,,Inferred from name,Female,female,male,0.46875188978608684,0.45261296450000027,0.01613892528608657
RQ5_F1B_W42,gender,Male,Female,0.1463030974676227,Q3,inferred,,Inferred from name,Female,female,male,0.8115028999965953,0.8115550944917492,-5.219449515392327e-05
RQ5_F1C_W42,gender,Male,Female,0.07404645999999997,Q2,inferred,,Inferred from name,Female,female,male,0.7710230115048201,0.7709879325012474,3.5079003572691114e-05
IDIMPORT_W43,gender,Male,Female,0.1924184954084044,Q3,inferred,,Inferred from name,Female,female,male,1.7332586514999986,1.7332587559999997,-1.045000010968522e-07
RACESURV13_W43,gender,Male,Female,0.10509179999999982,Q2,inferred,,Inferred from name,Female,female,male,0.647558824972859,0.680713616342937,-0.03315479137007804
RACESURV14_W43,gender,Male,Female,0.1532521100000002,Q3,inferred,,Inferred from name,Female,female,male,0.7776954984521246,0.7631850233591618,0.014510475092962771
RACESURV15a_W43,gender,Male,Female,0.019910494999999973,Q1,inferred,,Inferred from name,Female,female,male,0.18814725575040525,0.18806876099111014,7.84947592951113e-05
RACESURV15b_W43,gender,Male,Female,0.021956056192036333,Q1,inferred,,Inferred from name,Female,female,male,0.39595602558502674,0.3322052478210087,0.06375077776401805
RACESURV17_W43,gender,Male,Female,0.20234909110714516,Q4,inferred,,Inferred from name,Female,female,male,1.1107144668928557,1.1107144688928554,-1.999999721391532e-09
RACESURV18b_W43,gender,Male,Female,0.042685573193469314,Q1,inferred,,Inferred from name,Female,female,male,0.8344823453143898,0.8344355113370785,4.683397731131134e-05
RACESURV18f_W43,gender,Male,Female,0.0506357200000002,Q2,inferred,,Inferred from name,Female,female,male,0.4420666261922992,0.4425939535231032,-0.0005273273308040172
RACESURV19a_W43,gender,Male,Female,0.12239998000000002,Q3,inferred,,Inferred from name,Female,female,male,0.7193773499999999,0.7193773499999999,0.0
RACESURV19c_W43,gender,Male,Female,0.07261851000000002,Q2,inferred,,Inferred from name,Female,female,male,0.7275149099999999,0.7275149099999999,0.0
RACESURV19e_W43,gender,Male,Female,0.07588431891575054,Q2,inferred,,Inferred from name,Female,female,male,0.81569073,0.81569073,0.0
RACESURV1b_W43,gender,Male,Female,0.022587596978020735,Q1,inferred,,Inferred from name,Female,female,male,0.27720818106005374,0.2773983838086166,-0.00019020274856285102
RACESURV21_W43,gender,Male,Female,0.03494933999999998,Q1,inferred,,Inferred from name,Female,female,male,0.6202488821973672,0.32440657261747124,0.29584230957989593
RACESURV27_W43,gender,Male,Female,0.05140828113700614,Q2,inferred,,Inferred from name,Female,female,male,1.8833535109057091,1.8697191303712841,0.013634380534425006
RACESURV28a_W43,gender,Male,Female,0.01997356219682689,Q1,inferred,,Inferred from name,Female,female,male,0.26022169674780304,0.260140143250509,8.155349729405126e-05
RACESURV28b_W43,gender,Male,Female,0.021605734999999987,Q1,inferred,,Inferred from name,Female,female,male,0.2748700740000482,0.2748697795000405,2.945000077136939e-07
RACESURV28c_W43,gender,Male,Female,0.005989765000000008,Q1,inferred,,Inferred from name,Female,female,male,0.283850075250018,0.2838498872500178,1.8800000017860086e-07
RACESURV28d_W43,gender,Male,Female,0.024159853618862803,Q1,inferred,,Inferred from name,Female,female,male,0.16462721089627286,0.16462721064627284,2.5000002068509275e-10
RACESURV28e_W43,gender,Male,Female,0.02835505796659915,Q1,inferred,,Inferred from name,Female,female,male,0.17498501950000023,0.1749850182500003,1.24999993689201e-09
RACESURV28f_W43,gender,Male,Female,0.008053285000000021,Q1,inferred,,Inferred from name,Female,female,male,0.2234841571109428,0.20180347936205204,0.021680677748890764
RACESURV28g_W43,gender,Male,Female,0.030004759999999964,Q1,inferred,,Inferred from name,Female,female,male,0.3299895622500756,0.32998830575019056,1.2564998850272957e-06
RACESURV29d_W43,gender,Male,Female,0.028174069999999996,Q1,inferred,,Inferred from name,Female,female,male,0.7129717750867575,0.711522666515977,0.0014491085707805107
RACESURV2_W43,gender,Male,Female,0.06570212565702127,Q2,inferred,,Inferred from name,Female,female,male,0.5764616807646168,0.5764616807646168,0.0
RACESURV34a_W43,gender,Male,Female,0.02409972142732475,Q1,inferred,,Inferred from name,Female,female,male,0.4479465749887293,0.44797806323887507,-3.14882501457614e-05
RACESURV34b_W43,gender,Male,Female,0.5830017956616329,Q4,inferred,,Inferred from name,Female,female,male,0.42634184674718,0.4263528902494218,-1.104350224179207e-05
RACESURV34c_W43,gender,Male,Female,0.03216680091941554,Q1,inferred,,Inferred from name,Female,female,male,0.6360139991362084,0.6360592318836115,-4.5232747403090023e-05
RACESURV34d_W43,gender,Male,Female,0.11367748999999949,Q3,inferred,,Inferred from name,Female,female,male,0.4014732671839611,0.22934662100773012,0.17212664617623097
RACESURV34e_W43,gender,Male,Female,0.07770165523268377,Q2,inferred,,Inferred from name,Female,female,male,0.48628481125039796,0.5138207576871077,-0.027535946436709702
RACESURV38_W43,gender,Male,Female,0.037806249999999944,Q1,inferred,,Inferred from name,Female,female,male,0.5754003537912241,0.6701883373566624,-0.09478798356543827
RACESURV40_W43,gender,Male,Female,0.11716968971190134,Q3,inferred,,Inferred from name,Female,female,male,0.2696749595922842,0.2696747971951591,1.6239712513632654e-07
RACESURV41_W43,gender,Male,Female,0.05216201999999999,Q2,inferred,,Inferred from name,Female,female,male,0.45328241460276264,0.4533563460394777,-7.393143671508007e-05
RACESURV45_W43,gender,Male,Female,0.09225974,Q2,inferred,,Inferred from name,Female,female,male,0.5801270487127194,0.5801122186846525,1.4830028066903367e-05
RACESURV47a_W43,gender,Male,Female,0.27274534256792354,Q4,inferred,,Inferred from name,Female,female,male,1.4704623045,1.4704623055000001,-1.000000082740371e-09
RACESURV47b_W43,gender,Male,Female,0.1939831499999999,Q3,inferred,,Inferred from name,Female,female,male,1.0007754464999288,1.0007754404999276,6.000001162576041e-09
RACESURV47d_W43,gender,Male,Female,0.11961408000000004,Q3,inferred,,Inferred from name,Female,female,male,1.583675540348889,1.568369866528122,0.015305673820766863
RACESURV47e_W43,gender,Male,Female,0.19142168321531727,Q3,inferred,,Inferred from name,Female,female,male,0.7480473530412112,0.7767530594371497,-0.0287057063959385
RACESURV47f_W43,gender,Male,Female,0.2126042275411655,Q4,inferred,,Inferred from name,Female,female,male,1.033279208499998,1.0332792064999978,2.000000165480742e-09
RACESURV48_W43,gender,Male,Female,0.29622512000000006,Q4,inferred,,Inferred from name,Female,female,male,0.7268718299999999,0.7268718299999999,0.0
RACESURV51_W43,gender,Male,Female,0.03262940901895439,Q1,inferred,,Inferred from name,Female,female,male,0.16903471930961567,0.16903517930964204,-4.600000263754733e-07
RACESURV52_W43,gender,Male,Female,0.03080720740686288,Q1,inferred,,Inferred from name,Female,female,male,0.9196191596921665,0.9198069227100836,-0.0001877630179171197
RACESURV5a_W43,gender,Male,Female,0.07795453385377021,Q2,inferred,,Inferred from name,Female,female,male,0.7012334869101091,0.70418574718644,-0.002952260276330887
RACESURV5b_W43,gender,Male,Female,0.04774588900706875,Q1,inferred,,Inferred from name,Female,female,male,0.6404976196550951,0.6404993774051004,-1.7577500053267414e-06
RACESURV5d_W43,gender,Male,Female,0.014738909999999925,Q1,inferred,,Inferred from name,Female,female,male,0.36706122255401097,0.3860477209408198,-0.018986498386808826
RACESURV5e_W43,gender,Male,Female,0.029781786482193956,Q1,inferred,,Inferred from name,Female,female,male,0.646939154250002,0.6469403039999657,-1.1497499636803354e-06
RACESURV5f_W43,gender,Male,Female,0.12094092879059076,Q3,inferred,,Inferred from name,Female,female,male,0.30238570298264766,0.3026398847266568,-0.00025418174400915206
RACESURV5g_W43,gender,Male,Female,0.04022169040221696,Q1,inferred,,Inferred from name,Female,female,male,0.645015629640801,0.7049267020672866,-0.059911072426485634
RACESURV5h_W43,gender,Male,Female,0.060739602027487474,Q2,inferred,,Inferred from name,Female,female,male,0.4423220692900849,0.46267301094564894,-0.02035094165556406
RACESURV5i_W43,gender,Male,Female,0.34439714199326016,Q4,inferred,,Inferred from name,Female,female,male,0.632885340357584,0.6018183725721985,0.031066967785385535
RACESURV5j_W43,gender,Male,Female,0.22961236500000037,Q4,inferred,,Inferred from name,Female,female,male,0.486366544089941,0.535859578790429,-0.04949303470048799
RACESURV5l_W43,gender,Male,Female,0.05098356999999992,Q2,inferred,,Inferred from name,Female,female,male,0.24669902479098277,0.25998710167299083,-0.01328807688200806
RACESURV9_W43,gender,Male,Female,0.03926082291635377,Q1,inferred,,Inferred from name,Female,female,male,0.45685681046710425,0.45960270894521926,-0.0027458984781150164
INFOCHALa_W45,gender,Male,Female,0.03795334000000006,Q1,inferred,,Inferred from name,Female,female,male,0.4826500600000001,0.4826500600000001,0.0
INFOCREATEa_W45,gender,Male,Female,0.05709233000000008,Q2,inferred,,Inferred from name,Female,female,male,0.5612277390000189,0.561223005500052,4.733499966880217e-06
MADEUPOFT_W45,gender,Male,Female,0.04444798721064824,Q1,inferred,,Inferred from name,Female,female,male,0.7554661369447434,0.7615944309804081,-0.0061282940356647275
MADEUPTOPICb_W45,gender,Male,Female,0.0890950039346936,Q2,inferred,,Inferred from name,Female,female,male,0.39346928406530646,0.3934692830653066,9.99999860695766e-10
MADEUPTOPICc_W45,gender,Male,Female,0.027596199999999987,Q1,inferred,,Inferred from name,Female,female,male,1.139991253500027,1.1399923749999603,-1.1214999333652997e-06
MADEUPTOPICd_W45,gender,Male,Female,0.03863299999999986,Q1,inferred,,Inferred from name,Female,female,male,0.8974503540000183,0.8974505740000062,-2.1999998789379305e-07
NEWSPROBd_W45,gender,Male,Female,0.08714294354044466,Q2,inferred,,Inferred from name,Female,female,male,1.2468746237524129,1.2558039736107438,-0.008929349858330937
NEWSPROBe_W45,gender,Male,Female,0.15316941846830595,Q3,inferred,,Inferred from name,Female,female,male,0.7335144130784398,0.6591265336036263,0.07438787947481351
NEWS_PLATFORMg_W45,gender,Male,Female,0.33846166999999994,Q4,inferred,,Inferred from name,Female,female,male,0.7917921594633923,1.0429303160794836,-0.2511381566160913
SMLIKESb_W45,gender,Male,Female,0.07929549000000011,Q2,inferred,,Inferred from name,Female,female,male,0.7106340242632629,0.8536250154208183,-0.1429909911575553
SMLIKESf_W45,gender,Male,Female,0.08494851429121053,Q2,inferred,,Inferred from name,Female,female,male,0.5707834017102221,0.57066530020708,0.00011810150314217616
BENEFITGOV_W49,gender,Male,Female,0.11859591472785132,Q3,inferred,,Inferred from name,Female,female,male,0.4727850332278517,0.4727851222278513,-8.899999959233185e-08
CONCERNCO_W49,gender,Male,Female,0.08561430922256785,Q2,inferred,,Inferred from name,Female,female,male,0.8057658708764938,0.7932403806093813,0.012525490267112471
CONCERNGRPa_W49,gender,Male,Female,0.16055866000000005,Q3,inferred,,Inferred from name,Female,female,male,0.48099149289120496,0.6200287708447745,-0.13903727795356952
CONCERNGRPc_W49,gender,Male,Female,0.08414832999999988,Q2,inferred,,Inferred from name,Female,female,male,0.47186503923952944,0.5248605126513763,-0.052995473411846905
CONTROLCO_W49,gender,Male,Female,0.07627402999999994,Q2,inferred,,Inferred from name,Female,female,male,0.4873703185000117,0.48736872049985475,1.5980001569770863e-06
CONTROLGRPc_W49,gender,Male,Female,0.05065947999999994,Q2,inferred,,Inferred from name,Female,female,male,1.3014856187850226,1.3022506603784794,-0.0007650415934568056
DATAUSEd_W49,gender,Male,Female,0.004765759999999952,Q1,inferred,,Inferred from name,Female,female,male,0.453923342140677,0.4590757336253758,-0.005152391484698815
FACE3c_W49,gender,Male,Female,0.137226434471903,Q3,inferred,,Inferred from name,Female,female,male,0.49852366196666253,0.5138739635697351,-0.015350301603072602
GOVREGV1_W49,gender,Male,Female,0.008784411579158935,Q1,inferred,,Inferred from name,Female,female,male,0.16670029974999995,0.16670029825,1.4999999575771028e-09
HOMEASSIST2_W49,gender,Male,Female,0.171142,Q3,inferred,,Inferred from name,Female,female,male,0.629763098437136,0.6277515219912678,0.002011576445868135
HOMEASSIST3_W49,gender,Male,Female,0.2802847500000001,Q4,inferred,,Inferred from name,Female,female,male,0.2743633918402399,0.3510844103287811,-0.07672101848854124
HOMEASSIST4_W49,gender,Male,Female,0.09587896573054283,Q2,inferred,,Inferred from name,Female,female,male,1.3310667180000002,1.3310667200000001,-1.999999943436137e-09
PP5e_W49,gender,Male,Female,0.2019253093742297,Q4,inferred,,Inferred from name,Female,female,male,0.4877106771652573,0.6010137927066783,-0.11330311554142103
PWMAN2_W49,gender,Male,Female,0.13037337962233558,Q3,inferred,,Inferred from name,Female,female,male,1.8576513392694687,2.017623364859879,-0.15997202559041046
SMARTAPP_W49,gender,Male,Female,0.039681709999999926,Q1,inferred,,Inferred from name,Female,female,male,0.9770382820002059,0.9770393155000893,-1.0334998833405606e-06
TRACKCO1a_W49,gender,Male,Female,0.09255436641540321,Q2,inferred,,Inferred from name,Female,female,male,1.0414124529785203,1.041819747935695,-0.00040729495717473085
TRACKCO1b_W49,gender,Male,Female,0.03862227784112483,Q1,inferred,,Inferred from name,Female,female,male,1.9382188515252499,1.9861930050739056,-0.04797415354865575
TRACKGOV1a_W49,gender,Male,Female,0.10515747894842492,Q3,inferred,,Inferred from name,Female,female,male,1.0118046208152545,1.0085116529450358,0.0032929678702187104
TRACKGOV1b_W49,gender,Male,Female,0.05625022000000003,Q2,inferred,,Inferred from name,Female,female,male,0.939309425987319,0.9380475814409975,0.0012618445463215
COHABDUR_W50,gender,Male,Female,0.17356132000000007,Q3,inferred,,Inferred from name,Female,female,male,1.2550259291865928,1.7257554031385636,-0.47072947395197073
DNA2b_W50,gender,Male,Female,0.016939800000000005,Q1,inferred,,Inferred from name,Female,female,male,0.3352896905758199,0.3522941430263322,-0.017004452450512297
DNA5_W50,gender,Male,Female,0.009774499999999992,Q1,inferred,,Inferred from name,Female,female,male,0.1372444515845806,0.14084005306500236,-0.0035956014804217618
E5MOD_W50,gender,Male,Female,0.27398521000000003,Q4,inferred,,Inferred from name,Female,female,male,1.3663017455000053,1.366301884999999,-1.3949999377871336e-07
FAMSURV10c_W50,gender,Male,Female,0.05715171999999996,Q2,inferred,,Inferred from name,Female,female,male,0.40259663930336054,0.42521999517893216,-0.022623355875571627
FAMSURV16_W50,gender,Male,Female,0.11924572999999997,Q3,inferred,,Inferred from name,Female,female,male,0.32156858875009436,0.32108973974706034,0.0004788490030340209
FAMSURV1_W50,gender,Male,Female,0.21597343640658967,Q4,inferred,,Inferred from name,Female,female,male,0.39994714819078414,0.35351730177024804,0.0464298464205361
FAMSURV20_W50,gender,Male,Female,0.020492129999999997,Q1,inferred,,Inferred from name,Female,female,male,0.40227352384969,0.41563963592714775,-0.013366112077457748
FAMSURV23b_W50,gender,Male,Female,0.10510920475666008,Q3,inferred,,Inferred from name,Female,female,male,0.4241746869086471,0.44853038585188265,-0.024355698943235526
FAMSURV23c_W50,gender,Male,Female,0.06097360000000002,Q2,inferred,,Inferred from name,Female,female,male,0.28081428907455885,0.2898900419956729,-0.009075752921114066
FAMSURV23d_W50,gender,Male,Female,0.14412306377336404,Q3,inferred,,Inferred from name,Female,female,male,0.7800836256823405,0.7654210202494682,0.014662605432872233
FAMSURV23e_W50,gender,Male,Female,0.03838267991657429,Q1,inferred,,Inferred from name,Female,female,male,0.9343309289905279,0.9382812416701432,-0.003950312679615209
FAMSURV23f_W50,gender,Male,Female,0.06135833327432888,Q2,inferred,,Inferred from name,Female,female,male,0.7132008036243477,0.7038608007594829,0.009340002864864805
FAMSURV23g_W50,gender,Male,Female,0.013841239999999977,Q1,inferred,,Inferred from name,Female,female,male,0.6286464049543836,0.6201793233352851,0.008467081619098482
FAMSURV26a_W50,gender,Male,Female,0.26498575,Q4,inferred,,Inferred from name,Female,female,male,0.46695961950000053,0.4669596280000003,-8.499999759603583e-09
FAMSURV26b_W50,gender,Male,Female,0.13517267000000008,Q3,inferred,,Inferred from name,Female,female,male,0.8132514085000027,0.8132515785000026,-1.6999999996603066e-07
FAMSURV26c_W50,gender,Male,Female,0.06832285000000002,Q2,inferred,,Inferred from name,Female,female,male,0.4591274170000057,0.459127489000003,-7.199999729756712e-08
FAMSURV26d_W50,gender,Male,Female,0.08434988999999996,Q2,inferred,,Inferred from name,Female,female,male,0.8423275159999846,0.8423296485000068,-2.132500022233863e-06
FAMSURV29_W50,gender,Male,Female,0.08180861377468811,Q2,inferred,,Inferred from name,Female,female,male,1.1303562724573626,1.1699760690392302,-0.03961979658186765
FAMSURV2Ma_W50,gender,Male,Female,0.04682557999999998,Q1,inferred,,Inferred from name,Female,female,male,0.43790522949996913,0.4379142164999681,-8.986999998961132e-06
FAMSURV2Mc_W50,gender,Male,Female,0.07746805873095702,Q2,inferred,,Inferred from name,Female,female,male,0.4090913409089316,0.40909685290896414,-5.512000032514841e-06
FAMSURV2Wa_W50,gender,Male,Female,0.08852090941295879,Q2,inferred,,Inferred from name,Female,female,male,0.4678012110000115,0.4677997129999013,1.4980001101783103e-06
FAMSURV2Wc_W50,gender,Male,Female,0.01841592999999994,Q1,inferred,,Inferred from name,Female,female,male,0.4314934714999986,0.43149310049996925,3.7100002936441e-07
FAMSURV32e_W50,gender,Male,Female,0.27551677,Q4,inferred,,Inferred from name,Female,female,male,0.42551576011986153,0.5772539600000002,-0.15173819988013865
FAMSURV39_W50,gender,Male,Female,0.3642067200000001,Q4,inferred,,Inferred from name,Female,female,male,1.60308272785964,1.610763202532288,-0.0076804746726479856
FAMSURV3_W50,gender,Male,Female,0.028785000000000283,Q1,inferred,,Inferred from name,Female,female,male,0.45551673604988163,0.4494383809121639,0.006078355137717706
FAMSURV40_W50,gender,Male,Female,0.05875561734592116,Q2,inferred,,Inferred from name,Female,female,male,1.3332627991671735,1.3332740621672579,-1.1263000084360542e-05
FAMSURV43_W50,gender,Male,Female,0.21327697822678515,Q4,inferred,,Inferred from name,Female,female,male,0.6347680151808188,0.6277318693042795,0.007036145876539335
FAMSURV44_W50,gender,Male,Female,0.02461490480150219,Q1,inferred,,Inferred from name,Female,female,male,1.714915448001647,1.7149488245003077,-3.3376498660642184e-05
FAMSURV6_W50,gender,Male,Female,0.02325439848263272,Q1,inferred,,Inferred from name,Female,female,male,1.1589898399094092,1.1589798139093133,1.0026000095919585e-05
FAMSURV9c_W50,gender,Male,Female,0.0516569870585713,Q2,inferred,,Inferred from name,Female,female,male,0.6444150665393149,0.8846817141098402,-0.2402666475705253
FATHER_W50,gender,Male,Female,0.023445969999999983,Q1,inferred,,Inferred from name,Female,female,male,0.4741942964999697,0.4741953000000039,-1.0035000342356604e-06
HAVEKIDS1_W50,gender,Male,Female,0.23070763276539047,Q4,inferred,,Inferred from name,Female,female,male,1.7234241157657957,1.7234516192654934,-2.750349969771193e-05
MARRDUR_W50,gender,Male,Female,0.061115499999999906,Q2,inferred,,Inferred from name,Female,female,male,3.3911990106449483,3.835275127766308,-0.44407611712135964
MARRYPREF1_W50,gender,Male,Female,0.04678201500000001,Q1,inferred,,Inferred from name,Female,female,male,0.34407228399999895,0.3440722432499955,4.075000342718127e-08
MARRYPREF2_W50,gender,Male,Female,0.036061584999999965,Q1,inferred,,Inferred from name,Female,female,male,0.3253997277499956,0.32539932574999664,4.019999989557377e-07
MOTHER_W50,gender,Male,Female,0.023015459999999988,Q1,inferred,,Inferred from name,Female,female,male,0.5968962845000056,0.5968962310000023,5.3500003316386824e-08
PAR1_W50,gender,Male,Female,0.026656018894076344,Q1,inferred,,Inferred from name,Female,female,male,0.18618139938795422,0.1861845663882883,-3.1670003340644737e-06
PAR2_W50,gender,Male,Female,0.046118685000000104,Q1,inferred,,Inferred from name,Female,female,male,0.181199669499995,0.18119963874999753,3.074999746499607e-08
ROMRELDUR_W50,gender,Male,Female,0.71349173,Q4,inferred,,Inferred from name,Female,female,male,2.5231400636164505,3.0328679222957238,-0.5097278586792733
ROMRELSER_W50,gender,Male,Female,0.11141464000000012,Q3,inferred,,Inferred from name,Female,female,male,2.029123791780369,2.135862714107234,-0.1067389223268651
SATLIFEc_W50,gender,Male,Female,0.10872400353748612,Q3,inferred,,Inferred from name,Female,female,male,0.33650470260768095,0.26028407860733205,0.0762206240003489
ECIMPg_W54,gender,Male,Female,0.02782285561331138,Q1,inferred,,Inferred from name,Female,female,male,0.09037817409621729,0.09037815809621685,1.6000000435667516e-08
ECON1_W54,gender,Male,Female,0.2252770899999999,Q4,inferred,,Inferred from name,Female,female,male,0.5084496998379264,0.4613331874472423,0.04711651239068415
ECON3_d_W54,gender,Male,Female,0.1388237099999996,Q3,inferred,,Inferred from name,Female,female,male,0.5306524483429936,0.4741410892031639,0.05651135913982974
ECON4_a_W54,gender,Male,Female,0.02896168008290645,Q1,inferred,,Inferred from name,Female,female,male,0.8972822080968456,0.876611983498638,0.020670224598207554
ECON4_b_W54,gender,Male,Female,0.05641669151764103,Q2,inferred,,Inferred from name,Female,female,male,0.7011014118106237,0.7447181896035702,-0.04361677779294648
ECON4_e_W54,gender,Male,Female,0.046581679534183185,Q1,inferred,,Inferred from name,Female,female,male,1.033681474965655,1.0327665760808167,0.0009148988848384221
ECON4_f_W54,gender,Male,Female,0.20061898999999989,Q3,inferred,,Inferred from name,Female,female,male,1.0966100959786487,1.0963730979973567,0.00023699798129195315
ECON4_g_W54,gender,Male,Female,0.11209588000000009,Q3,inferred,,Inferred from name,Female,female,male,0.7918359661904125,0.7897059053779533,0.0021300608124592557
ECON5_b_W54,gender,Male,Female,0.11549129458815305,Q3,inferred,,Inferred from name,Female,female,male,0.7603326869594735,0.7604593739742463,-0.0001266870147728083
ECON5_c_W54,gender,Male,Female,0.2105049130582974,Q4,inferred,,Inferred from name,Female,female,male,0.6908294074991926,0.6908248097487519,4.597750440704651e-06
ECON5_d_W54,gender,Male,Female,0.2804633799999999,Q4,inferred,,Inferred from name,Female,female,male,0.8982629295084846,0.8988679230126588,-0.0006049935041742005
ECON5_e_W54,gender,Male,Female,0.31881676906753403,Q4,inferred,,Inferred from name,Female,female,male,0.7252558359613015,0.7251877552397167,6.808072158481782e-05
ECON5_f_W54,gender,Male,Female,0.18944139234868923,Q3,inferred,,Inferred from name,Female,female,male,0.7067329254984198,0.7067265864979217,6.339000498067904e-06
ECON5_g_W54,gender,Male,Female,0.15456912668131,Q3,inferred,,Inferred from name,Female,female,male,0.5745324938429389,0.5661276069934645,0.00840488684947438
ECON5_h_W54,gender,Male,Female,0.23702203669295097,Q4,inferred,,Inferred from name,Female,female,male,0.7463233347616596,0.7501562096071117,-0.003832874845452139
ECON5_i_W54,gender,Male,Female,0.19137758256370208,Q3,inferred,,Inferred from name,Female,female,male,0.77082309720588,0.7708320272074166,-8.930001536566756e-06
ECON5_j_W54,gender,Male,Female,0.2323359884449129,Q4,inferred,,Inferred from name,Female,female,male,0.6546257740486203,0.6546597427962777,-3.3968747657375786e-05
ECON5_k_W54,gender,Male,Female,0.1859557028217574,Q3,inferred,,Inferred from name,Female,female,male,0.7015594954728303,0.7010904314822457,0.0004690639905845506
FIN_SIT_W54,gender,Male,Female,0.12731273999999976,Q3,inferred,,Inferred from name,Female,female,male,1.1270955425003173,1.127132976500273,-3.743399995581598e-05
GOVPRIORITYb_W54,gender,Male,Female,0.06117451052005263,Q2,inferred,,Inferred from name,Female,female,male,0.46693405953211786,0.3180030950703601,0.14893096446175774
GOVPRIORITYc_W54,gender,Male,Female,0.22557244045525887,Q4,inferred,,Inferred from name,Female,female,male,0.7288606944993443,0.7288299964996057,3.069799973864917e-05
GOVPRIORITYd_W54,gender,Male,Female,0.18207081086346794,Q3,inferred,,Inferred from name,Female,female,male,0.7315823790000001,0.7315823800000001,-9.999999717180685e-10
GOVPRIORITYf_W54,gender,Male,Female,0.28371221999999996,Q4,inferred,,Inferred from name,Female,female,male,0.4421051130000446,0.4421050800000239,3.300002071604524e-08
INEQ11_W54,gender,Male,Female,0.04863418,Q2,inferred,,Inferred from name,Female,female,male,0.06852338464034194,0.06593371206069959,0.002589672579642349
INEQ1_W54,gender,Male,Female,0.04012140999999997,Q1,inferred,,Inferred from name,Female,female,male,0.27500814674999885,0.2750073195000012,8.272499976702541e-07
INEQ4_a_W54,gender,Male,Female,0.029559046082531792,Q1,inferred,,Inferred from name,Female,female,male,0.052208598763542446,0.20018665265120683,-0.14797805388766438
INEQ5_a_W54,gender,Male,Female,0.052611177810458376,Q2,inferred,,Inferred from name,Female,female,male,0.6869150590017656,0.6485512145029153,0.03836384449885033
INEQ5_d_W54,gender,Male,Female,0.10840343000000016,Q3,inferred,,Inferred from name,Female,female,male,0.8006120693401787,0.75763132648454,0.04298074285563869
INEQ5_e_W54,gender,Male,Female,0.15952633000000016,Q3,inferred,,Inferred from name,Female,female,male,0.9608094785033184,0.9607001990142756,0.00010927948904282392
INEQ5_f_W54,gender,Male,Female,0.07016332065988096,Q2,inferred,,Inferred from name,Female,female,male,0.6662710402164461,0.6902537749055446,-0.023982734689098506
INEQ5_h_W54,gender,Male,Female,0.12520612125206082,Q3,inferred,,Inferred from name,Female,female,male,0.8959181779827204,0.8933951656304543,0.002523012352266152
INEQ5_i_W54,gender,Male,Female,0.11129823065558264,Q3,inferred,,Inferred from name,Female,female,male,0.8170480312102936,0.8105797745753822,0.006468256634911351
INEQ5_k_W54,gender,Male,Female,0.34042167999999984,Q4,inferred,,Inferred from name,Female,female,male,1.0201309160000012,1.020130890999999,2.5000002068509275e-08
INEQ5_l_W54,gender,Male,Female,0.16451407999999956,Q3,inferred,,Inferred from name,Female,female,male,0.876017836499717,0.8760348969999042,-1.7060500187238148e-05
INEQ5_m_W54,gender,Male,Female,0.14434331471164027,Q3,inferred,,Inferred from name,Female,female,male,0.9193083065007107,0.9192974965010263,1.0809999684391336e-05
INEQ8_a_W54,gender,Male,Female,0.3439817089904118,Q4,inferred,,Inferred from name,Female,female,male,0.7766950618870245,0.7840281863232308,-0.007333124436206262
INEQ8_b_W54,gender,Male,Female,0.2858902599999999,Q4,inferred,,Inferred from name,Female,female,male,0.8517200535051799,0.853899713454999,-0.0021796599498191682
INEQ8_c_W54,gender,Male,Female,0.21648916999999995,Q4,inferred,,Inferred from name,Female,female,male,0.41526099047057474,0.5535143542582488,-0.13825336378767406
INEQ8_d_W54,gender,Male,Female,0.18334063149198226,Q3,inferred,,Inferred from name,Female,female,male,0.8451356060162183,0.8457464950010108,-0.0006108889847925569
INEQ8_f_W54,gender,Male,Female,0.2644248673557509,Q4,inferred,,Inferred from name,Female,female,male,0.794210334524525,0.7945206080436931,-0.00031027351916801393
INEQ8_g_W54,gender,Male,Female,0.31028845000000044,Q4,inferred,,Inferred from name,Female,female,male,0.3773919879687008,0.5229416747426264,-0.1455496867739256
INEQ8_h_W54,gender,Male,Female,0.09468767000000006,Q2,inferred,,Inferred from name,Female,female,male,1.716775070730732,1.7181331845980545,-0.0013581138673224302
INEQ8_i_W54,gender,Male,Female,0.25788718096981006,Q4,inferred,,Inferred from name,Female,female,male,0.7750998273650611,0.7842125517118246,-0.009112724346763468
INEQ8_j_W54,gender,Male,Female,0.1331158724543251,Q3,inferred,,Inferred from name,Female,female,male,0.6469968210138111,0.6054618034403091,0.041535017573501976
JOBTRAIN_W54,gender,Male,Female,0.06659402681446214,Q2,inferred,,Inferred from name,Female,female,male,0.61485219,0.61485219,0.0
WORRY2a_W54,gender,Male,Female,0.29536992309606447,Q4,inferred,,Inferred from name,Female,female,male,2.3091753745945556,2.30956231809719,-0.00038694350263446253
WORRY2b_W54,gender,Male,Female,0.0500831199999997,Q2,inferred,,Inferred from name,Female,female,male,1.638935824012401,1.6390235220162799,-8.769800387886661e-05
WORRY2c_W54,gender,Male,Female,0.2860444599999997,Q4,inferred,,Inferred from name,Female,female,male,2.3571679250208817,2.3576918064965566,-0.0005238814756749477
WORRY2d_W54,gender,Male,Female,0.23277234000000008,Q4,inferred,,Inferred from name,Female,female,male,1.6536564137385028,1.8662762577402985,-0.21261984400179568
WORRY2e_W54,gender,Male,Female,0.2034415200000002,Q4,inferred,,Inferred from name,Female,female,male,1.5981686147783414,1.6709218550654223,-0.07275324028708097
GAP21Q10_W82,gender,Male,Female,0.09454133000000003,Q2,inferred,,Inferred from name,Female,female,male,0.411053315323937,0.4106399635474973,0.00041335177643969656
GAP21Q13_b_W82,gender,Male,Female,0.06816994999999965,Q2,inferred,,Inferred from name,Female,female,male,0.543027110500023,0.5430198535000902,7.256999932758745e-06
GAP21Q15_a_W82,gender,Male,Female,0.07914293949092285,Q2,inferred,,Inferred from name,Female,female,male,0.9904185713115962,0.9794770972913426,0.010941474020253583
GAP21Q15_b_W82,gender,Male,Female,0.21808846781911534,Q4,inferred,,Inferred from name,Female,female,male,0.8649408613172669,0.8647497588699132,0.00019110244735365267
GAP21Q15_c_W82,gender,Male,Female,0.28354408601074105,Q4,inferred,,Inferred from name,Female,female,male,0.8766342854986935,0.8766711429991726,-3.6857500479103855e-05
GAP21Q15_d_W82,gender,Male,Female,0.5500155696106831,Q4,inferred,,Inferred from name,Female,female,male,0.6480101358950442,0.6333799416154419,0.014630194279602327
GAP21Q15_e_W82,gender,Male,Female,0.39555962,Q4,inferred,,Inferred from name,Female,female,male,0.622494527107562,0.6112369062193489,0.011257620888213138
GAP21Q15_f_W82,gender,Male,Female,0.3464202878711833,Q4,inferred,,Inferred from name,Female,female,male,0.6853554719008265,0.6788175483373339,0.006537923563492587
GAP21Q17_W82,gender,Male,Female,0.021092094975975556,Q1,inferred,,Inferred from name,Female,female,male,0.49744703902274495,0.4974626735204495,-1.5634497704530848e-05
GAP21Q19_a_W82,gender,Male,Female,0.1687133899999998,Q3,inferred,,Inferred from name,Female,female,male,0.9065215394773757,0.9050914699756313,0.001430069501744402
GAP21Q19_b_W82,gender,Male,Female,0.18415995624969864,Q3,inferred,,Inferred from name,Female,female,male,2.1819032134461978,2.190441121505792,-0.008537908059594201
GAP21Q19_c_W82,gender,Male,Female,0.08093224000000002,Q2,inferred,,Inferred from name,Female,female,male,0.6209987965,0.620998794,2.4999999848063226e-09
GAP21Q19_d_W82,gender,Male,Female,0.07342411283848743,Q2,inferred,,Inferred from name,Female,female,male,0.6131117869081142,0.5759148638691644,0.037196923038949836
GAP21Q19_e_W82,gender,Male,Female,0.06550835000000012,Q2,inferred,,Inferred from name,Female,female,male,0.406769724348629,0.328806220530397,0.07796350381823203
GAP21Q21_a_W82,gender,Male,Female,0.06904514000000006,Q2,inferred,,Inferred from name,Female,female,male,0.5967800090976589,0.5954702340211633,0.0013097750764956562
GAP21Q21_e_W82,gender,Male,Female,0.042297278590347875,Q1,inferred,,Inferred from name,Female,female,male,0.6521010309790738,0.6521009139788604,1.1700021340654843e-07
GAP21Q23_W82,gender,Male,Female,0.27279068999999995,Q4,inferred,,Inferred from name,Female,female,male,0.7456207150026902,0.744492005990513,0.0011287090121772092
GAP21Q24_W82,gender,Male,Female,0.26397637263976403,Q4,inferred,,Inferred from name,Female,female,male,1.1589537740921076,1.1589302610918653,2.3513000242392224e-05
GAP21Q25_W82,gender,Male,Female,0.19732262999999994,Q3,inferred,,Inferred from name,Female,female,male,0.584275993619367,0.5858205975812408,-0.001544603961873836
GAP21Q26_a_W82,gender,Male,Female,0.04364785000000007,Q1,inferred,,Inferred from name,Female,female,male,0.6008554593873582,0.5948641421621474,0.005991317225210735
GAP21Q26_b_W82,gender,Male,Female,0.2310850299999998,Q4,inferred,,Inferred from name,Female,female,male,0.24115346658574172,0.1653587344090268,0.07579473217671492
GAP21Q26_c_W82,gender,Male,Female,0.25789748,Q4,inferred,,Inferred from name,Female,female,male,1.187627567499738,1.1876422525007873,-1.4685001049175028e-05
GAP21Q27_W82,gender,Male,Female,0.07446033499999996,Q2,inferred,,Inferred from name,Female,female,male,0.17873920090312986,0.30172233040598984,-0.12298312950285997
GAP21Q28_W82,gender,Male,Female,0.20259235891186606,Q4,inferred,,Inferred from name,Female,female,male,0.6942633669996161,0.6940984729988265,0.00016489400078956162
GAP21Q31_W82,gender,Male,Female,0.05318709377027614,Q2,inferred,,Inferred from name,Female,female,male,0.6258659077413363,0.6258660017413382,-9.400000189341284e-08
GAP21Q32_W82,gender,Male,Female,0.07001485177051037,Q2,inferred,,Inferred from name,Female,female,male,0.7504254909999992,0.7504254754999987,1.5500000505319633e-08
GAP21Q33_c_W82,gender,Male,Female,0.18879181000000012,Q3,inferred,,Inferred from name,Female,female,male,0.28895998346286517,0.35927365712195947,-0.0703136736590943
GAP21Q33_g_W82,gender,Male,Female,0.05896153245486513,Q2,inferred,,Inferred from name,Female,female,male,0.5458348959994769,0.5458492679997519,-1.4372000274986974e-05
GAP21Q33_i_W82,gender,Male,Female,0.13071255701423146,Q3,inferred,,Inferred from name,Female,female,male,0.6983872940365485,0.6997301880427361,-0.0013428940061875894
GAP21Q33_j_W82,gender,Male,Female,0.13320436866795649,Q3,inferred,,Inferred from name,Female,female,male,0.6760813107391876,0.6760812997391872,1.1000000466054871e-08
GAP21Q33_m_W82,gender,Male,Female,0.04943564269964307,Q2,inferred,,Inferred from name,Female,female,male,0.26321943390153,0.2506969298388918,0.012522504062638218
GAP21Q33_n_W82,gender,Male,Female,0.05272684999999988,Q2,inferred,,Inferred from name,Female,female,male,0.2824272519133907,0.3169823429195093,-0.03455509100611859
GAP21Q33_q_W82,gender,Male,Female,0.11141683440628836,Q3,inferred,,Inferred from name,Female,female,male,0.4565095235035902,0.45653474000935307,-2.52165057628706e-05
GAP21Q33_r_W82,gender,Male,Female,0.10192354000000009,Q2,inferred,,Inferred from name,Female,female,male,0.36133007598900874,0.17957736425251503,0.1817527117364937
GAP21Q33_s_W82,gender,Male,Female,0.15327339,Q3,inferred,,Inferred from name,Female,female,male,0.5693281360000001,0.5694597960013448,-0.00013166000134468003
GAP21Q34_a_W82,gender,Male,Female,0.17369216,Q3,inferred,,Inferred from name,Female,female,male,0.8541882379980423,0.8541257424968319,6.249550121040226e-05
GAP21Q34_b_W82,gender,Male,Female,0.10878701696967741,Q3,inferred,,Inferred from name,Female,female,male,0.8639116821394522,0.8639030706396128,8.611499839439318e-06
GAP21Q34_c_W82,gender,Male,Female,0.18668487446548154,Q3,inferred,,Inferred from name,Female,female,male,0.8815631645000238,0.881560591500113,2.5729999107992896e-06
GAP21Q34_d_W82,gender,Male,Female,0.17973027684400406,Q3,inferred,,Inferred from name,Female,female,male,0.8065809764342595,0.8065758269343317,5.149499927803447e-06
GAP21Q34_e_W82,gender,Male,Female,0.07148483000000022,Q2,inferred,,Inferred from name,Female,female,male,0.8643401990486785,0.8640788210051589,0.00026137804351966665
GAP21Q34_f_W82,gender,Male,Female,0.24139017999999998,Q4,inferred,,Inferred from name,Female,female,male,0.8472083850010256,0.8471812160010314,2.71689999942204e-05
GAP21Q38_a_W82,gender,Male,Female,0.048156689999999946,Q1,inferred,,Inferred from name,Female,female,male,1.0186788282387003,1.023276215694913,-0.0045973874562126316
GAP21Q38_b_W82,gender,Male,Female,0.23966909022740818,Q4,inferred,,Inferred from name,Female,female,male,0.976411432279798,0.9763622977824579,4.9134497340119765e-05
GAP21Q38_c_W82,gender,Male,Female,0.22729678000000003,Q4,inferred,,Inferred from name,Female,female,male,1.0348907474991094,1.0348818224993805,8.924999728820993e-06
GAP21Q41_W82,gender,Male,Female,0.03198325999999996,Q1,inferred,,Inferred from name,Female,female,male,0.4870944630000001,0.4869144734931919,0.00017998950680819803
GAP21Q43_g_W82,gender,Male,Female,0.03316609655897468,Q1,inferred,,Inferred from name,Female,female,male,0.7209424212094193,0.7209424522094213,-3.100000200983999e-08
GAP21Q47_W82,gender,Male,Female,0.10006967000000008,Q2,inferred,,Inferred from name,Female,female,male,0.8995336617385432,0.8829793916511688,0.016554270087374423
GAP21Q4_a_W82,gender,Male,Female,0.07938632090416531,Q2,inferred,,Inferred from name,Female,female,male,0.6090247344989129,0.6090415414996142,-1.680700070127994e-05
GAP21Q4_b_W82,gender,Male,Female,0.09442529320955798,Q2,inferred,,Inferred from name,Female,female,male,1.1731980125004793,1.1731660690006498,3.194349982948985e-05
GAP21Q4_c_W82,gender,Male,Female,0.13723250000000015,Q3,inferred,,Inferred from name,Female,female,male,0.629074344684246,0.5421371288112011,0.08693721587304482
GAP21Q4_d_W82,gender,Male,Female,0.08506263085062646,Q2,inferred,,Inferred from name,Female,female,male,0.5199759751997706,0.5199744211997159,1.554000054637683e-06
GAP21Q4_e_W82,gender,Male,Female,0.15572533498145436,Q3,inferred,,Inferred from name,Female,female,male,0.6141695945001882,0.6141742100000728,-4.61549988461929e-06
GAP21Q4_f_W82,gender,Male,Female,0.09322893296078623,Q2,inferred,,Inferred from name,Female,female,male,0.6113944528858499,0.6113948053859836,-3.525001336379674e-07
GAP21Q7_a_W82,gender,Male,Female,0.11842099999999992,Q3,inferred,,Inferred from name,Female,female,male,1.1342985719348087,1.2064013238635383,-0.07210275192872961
GAP21Q7_b_W82,gender,Male,Female,0.16463198,Q3,inferred,,Inferred from name,Female,female,male,1.6424551488711037,1.6439015510116408,-0.0014464021405371508
GAP21Q7_d_W82,gender,Male,Female,0.20628504000000003,Q4,inferred,,Inferred from name,Female,female,male,0.5978359452399217,0.5946963638156171,0.003139581424304594
BILLION_W92,gender,Male,Female,0.03243360499999996,Q1,inferred,,Inferred from name,Female,female,male,0.20353310924943963,0.2035468604999917,-1.375125055208537e-05
CANDEXP_W92,gender,Male,Female,0.29232839,Q4,inferred,,Inferred from name,Female,female,male,1.0030448031332782,1.0030511800686868,-6.3769354086140595e-06
ELECT_CONF3_PRVFR_W92,gender,Male,Female,0.08782188999999999,Q2,inferred,,Inferred from name,Female,female,male,0.9876714574999985,0.9876716209999913,-1.634999927668801e-07
ELECT_CONF3_PRVSUP_W92,gender,Male,Female,0.06453428000000005,Q2,inferred,,Inferred from name,Female,female,male,0.6580374609989152,0.6577305765309533,0.0003068844679618987
ELECT_IMPT3_PRVFR_W92,gender,Male,Female,0.16333067446952998,Q3,inferred,,Inferred from name,Female,female,male,0.7163776160000013,0.7163776250000011,-8.99999985648492e-09
FREECOLL_W92,gender,Male,Female,0.290702660872672,Q4,inferred,,Inferred from name,Female,female,male,0.8595039743988416,0.8597118659023055,-0.0002078915034638973
GODMORALIMP_W92,gender,Male,Female,0.13317172000000005,Q3,inferred,,Inferred from name,Female,female,male,0.8871968800001416,0.8871897270012656,7.152998875992189e-06
LEGALIMMIGAMT_W92,gender,Male,Female,0.06515514000000006,Q2,inferred,,Inferred from name,Female,female,male,0.7727238090112885,0.7726973944818019,2.641452948659584e-05
POLINTOL2_a_W92,gender,Male,Female,0.12545939000000011,Q3,inferred,,Inferred from name,Female,female,male,0.7977281475000978,0.7977090420005005,1.9105499597271702e-05
PROG_RNEED_W92,gender,Male,Female,0.16466549000000008,Q3,inferred,,Inferred from name,Female,female,male,0.5692147280000001,0.5692147300000001,-2.0000000544584395e-09
RACESURV52MOD_W92,gender,Male,Female,0.04937860000000002,Q2,inferred,,Inferred from name,Female,female,male,0.7674202753424306,0.705535904030294,0.06188437131213664
REPRSNTDEM_W92,gender,Male,Female,0.23158630768413693,Q4,inferred,,Inferred from name,Female,female,male,0.46287371579469566,0.4539249952181047,0.008948720576590963
REPRSNTREP_W92,gender,Male,Female,0.01793080371712208,Q1,inferred,,Inferred from name,Female,female,male,0.8142241606426883,0.8136676821653495,0.000556478477338862
SOCIETY_GUNS_W92,gender,Male,Female,0.31497433999999996,Q4,inferred,,Inferred from name,Female,female,male,1.3010506110014814,1.3006322654936895,0.0004183455077919618
SOCIETY_RELG_W92,gender,Male,Female,0.11702045999999994,Q3,inferred,,Inferred from name,Female,female,male,0.8936099205005241,0.8936081400009401,1.7804995839920679e-06
SOCIETY_RHIST_W92,gender,Male,Female,0.09548701000000004,Q2,inferred,,Inferred from name,Female,female,male,0.8593423158591448,0.8593768100390651,-3.449417992029691e-05
SOCIETY_SSM_W92,gender,Male,Female,0.1730479819429035,Q3,inferred,,Inferred from name,Female,female,male,1.2998593768919258,1.0889690611493912,0.21089031574253458
SOCIETY_TRANS_W92,gender,Male,Female,0.23333714020527968,Q4,inferred,,Inferred from name,Female,female,male,1.7770802990454975,1.7770628431063442,1.7455939153254718e-05
SOCIETY_WHT_W92,gender,Male,Female,0.04618119619803708,Q1,inferred,,Inferred from name,Female,female,male,0.5529847190001709,0.5530025700000887,-1.7850999917801147e-05
UNIMMIGCOMM_W92,gender,Male,Female,0.0862578738654468,Q2,inferred,,Inferred from name,Female,female,male,0.7687870924999967,0.7687874234999877,-3.309999910827699e-07
USEXCEPT_W92,gender,Male,Female,0.10425302952094354,Q2,inferred,,Inferred from name,Female,female,male,0.4732049702679506,0.47320497376795045,-3.4999998455020886e-09
USMILSIZ_W92,gender,Male,Female,0.11738720999999977,Q3,inferred,,Inferred from name,Female,female,male,0.9800043230696994,0.8829534176332009,0.09705090543649852
WHADVANT_W92,gender,Male,Female,0.2486703699999998,Q4,inferred,,Inferred from name,Female,female,male,0.5994286096438997,0.6624672149505118,-0.0630386053066121
