qkey,attribute,channel,magnitude,regime,model_class,own_human_group,predicted_human_group,n_tied_nearest,correct,correct_in_tie,fractional_credit,nearest_distance
CARRYGUN_W26,gender,inferred,,Inferred from name,male,Male,Female,1,False,False,0.0,0.9073521420735297
CARRYGUN_W26,gender,inferred,,Inferred from name,female,Female,Female,1,True,True,1.0,0.9073521650735286
GROWUPGUN2A_W26,gender,inferred,,Inferred from name,male,Male,Male,1,True,True,1.0,0.3818926350000327
GROWUPGUN2A_W26,gender,inferred,,Inferred from name,female,Female,Male,1,False,False,0.0,0.3818946604999711
GROWUPGUN2B_W26,gender,inferred,,Inferred from name,male,Male,Male,1,True,True,1.0,0.2977565780000002
GROWUPGUN2B_W26,gender,inferred,,Inferred from name,female,Female,Male,1,False,False,0.0,0.29775660150000005
GROWUPGUN2C_W26,gender,inferred,,Inferred from name,male,Male,Male,1,True,True,1.0,0.4768780419997901
GROWUPGUN2C_W26,gender,inferred,,Inferred from name,female,Female,Male,1,False,False,0.0,0.4768867374998862
GROWUPGUN4_W26,gender,inferred,,Inferred from name,male,Male,Male,1,True,True,1.0,0.5161992267430604
GROWUPGUN4_W26,gender,inferred,,Inferred from name,female,Female,Male,1,False,False,0.0,0.503896621
GROWUPGUN6_W26,gender,inferred,,Inferred from name,male,Male,Female,1,False,False,0.0,0.5960557374999997
GROWUPGUN6_W26,gender,inferred,,Inferred from name,female,Female,Female,1,True,True,1.0,0.5960557415000003
GROWUPGUN7_W26,gender,inferred,,Inferred from name,male,Male,Female,1,False,False,0.0,0.6734314405000001
GROWUPGUN7_W26,gender,inferred,,Inferred from name,female,Female,Female,1,True,True,1.0,0.6734314415000001
GROWUPVIOL_W26,gender,inferred,,Inferred from name,male,Male,Female,1,False,False,0.0,0.7124977311875893
GROWUPVIOL_W26,gender,inferred,,Inferred from name,female,Female,Male,1,False,False,0.0,0.6767694347046053
GUNACCESS_W26,gender,inferred,,Inferred from name,male,Male,Female,1,False,False,0.0,1.4600850330000001
GUNACCESS_W26,gender,inferred,,Inferred from name,female,Female,Female,1,True,True,1.0,1.4600850325000008
GUNACTIVITYA_W26,gender,inferred,,Inferred from name,male,Male,Female,1,False,False,0.0,0.30161960649947916
GUNACTIVITYA_W26,gender,inferred,,Inferred from name,female,Female,Female,1,True,True,1.0,0.30173401700010316
GUNACTIVITYB_W26,gender,inferred,,Inferred from name,male,Male,Female,1,False,False,0.0,0.7433529845647131
GUNACTIVITYB_W26,gender,inferred,,Inferred from name,female,Female,Female,1,True,True,1.0,0.7433636440650981
GUNCONTRIBA_W26,gender,inferred,,Inferred from name,male,Male,Female,1,False,False,0.0,1.078760612497491
GUNCONTRIBA_W26,gender,inferred,,Inferred from name,female,Female,Female,1,True,True,1.0,1.0788673095029635
GUNCONTRIBC_W26,gender,inferred,,Inferred from name,male,Male,Female,1,False,False,0.0,0.7402404800087208
GUNCONTRIBC_W26,gender,inferred,,Inferred from name,female,Female,Female,1,True,True,1.0,0.7403110739995492
GUNCONTRIBE_W26,gender,inferred,,Inferred from name,male,Male,Male,1,True,True,1.0,0.8750370467504365
GUNCONTRIBE_W26,gender,inferred,,Inferred from name,female,Female,Male,1,False,False,0.0,0.8750316207505653
GUNCONTRIBF_W26,gender,inferred,,Inferred from name,male,Male,Male,1,True,True,1.0,0.561144625488719
GUNCONTRIBF_W26,gender,inferred,,Inferred from name,female,Female,Male,1,False,False,0.0,0.5611938385224474
GUNFRIEND_W26,gender,inferred,,Inferred from name,male,Male,Female,1,False,False,0.0,1.8526111735000073
GUNFRIEND_W26,gender,inferred,,Inferred from name,female,Female,Female,1,True,True,1.0,1.8526111490000052
GUNIDENTITY_W26,gender,inferred,,Inferred from name,male,Male,Female,1,False,False,0.0,0.816336593419018
GUNIDENTITY_W26,gender,inferred,,Inferred from name,female,Female,Female,1,True,True,1.0,0.9824585481270202
GUNLOADED1_W26,gender,inferred,,Inferred from name,male,Male,Male,1,True,True,1.0,0.5181418841766352
GUNLOADED1_W26,gender,inferred,,Inferred from name,female,Female,Male,1,False,False,0.0,0.5163126116934665
GUNLOADED2_W26,gender,inferred,,Inferred from name,male,Male,Male,1,True,True,1.0,0.32388948299943426
GUNLOADED2_W26,gender,inferred,,Inferred from name,female,Female,Male,1,False,False,0.0,0.3239360059979119
GUNLOCKED1_W26,gender,inferred,,Inferred from name,male,Male,Female,1,False,False,0.0,0.5004546711513382
GUNLOCKED1_W26,gender,inferred,,Inferred from name,female,Female,Female,1,True,True,1.0,0.5518926849919064
GUNLOCKED2_W26,gender,inferred,,Inferred from name,male,Male,Female,1,False,False,0.0,0.5656739815001796
GUNLOCKED2_W26,gender,inferred,,Inferred from name,female,Female,Female,1,True,True,1.0,0.5656739920000581
GUNRESPKIDSD_W26,gender,inferred,,Inferred from name,male,Male,Male,1,True,True,1.0,1.6067289315025126
GUNRESPKIDSD_W26,gender,inferred,,Inferred from name,female,Female,Male,1,False,False,0.0,1.6067248680020412
GUNRESPKIDSE_W26,gender,inferred,,Inferred from name,male,Male,Female,1,False,False,0.0,0.728209706282232
GUNRESPKIDSE_W26,gender,inferred,,Inferred from name,female,Female,Female,1,True,True,1.0,0.7282082867822441
GUNRESPNOKIDSA_W26,gender,inferred,,Inferred from name,male,Male,Female,1,False,False,0.0,0.5008009560080321
GUNRESPNOKIDSA_W26,gender,inferred,,Inferred from name,female,Female,Female,1,True,True,1.0,0.5008008280080297
GUNRESPNOKIDSB_W26,gender,inferred,,Inferred from name,male,Male,Female,1,False,False,0.0,0.43064770187199586
GUNRESPNOKIDSB_W26,gender,inferred,,Inferred from name,female,Female,Female,1,True,True,1.0,0.5314173108348328
GUNRESPNOKIDSC_W26,gender,inferred,,Inferred from name,male,Male,Female,1,False,False,0.0,0.35992329659948386
GUNRESPNOKIDSC_W26,gender,inferred,,Inferred from name,female,Female,Female,1,True,True,1.0,0.35992552259936805
GUNRESPNOKIDSD_W26,gender,inferred,,Inferred from name,male,Male,Female,1,False,False,0.0,1.5941651850176166
GUNRESPNOKIDSD_W26,gender,inferred,,Inferred from name,female,Female,Female,1,True,True,1.0,1.5949258469667749
GUNRESPNOKIDSE_W26,gender,inferred,,Inferred from name,male,Male,Female,1,False,False,0.0,0.7438151845028161
GUNRESPNOKIDSE_W26,gender,inferred,,Inferred from name,female,Female,Female,1,True,True,1.0,0.7436200184940595
GUNRESPNOKIDSF_W26,gender,inferred,,Inferred from name,male,Male,Female,1,False,False,0.0,0.7598432949015718
GUNRESPNOKIDSF_W26,gender,inferred,,Inferred from name,female,Female,Female,1,True,True,1.0,0.7598412004016175
GUNSAFETYKIDS_W26,gender,inferred,,Inferred from name,male,Male,Male,1,True,True,1.0,0.49633954625021937
GUNSAFETYKIDS_W26,gender,inferred,,Inferred from name,female,Female,Male,1,False,False,0.0,0.4962919139987458
GUNSAFE_W26,gender,inferred,,Inferred from name,male,Male,Female,1,False,False,0.0,0.3221529347871493
GUNSAFE_W26,gender,inferred,,Inferred from name,female,Female,Female,1,True,True,1.0,0.3461910085010922
GUNTYPEOWNC_W26,gender,inferred,,Inferred from name,male,Male,Female,1,False,False,0.0,0.8297468800000001
GUNTYPEOWNC_W26,gender,inferred,,Inferred from name,female,Female,Female,1,True,True,1.0,0.8297468795
NOCARRYGUN_W26,gender,inferred,,Inferred from name,male,Male,Male,1,True,True,1.0,0.5831014825888453
NOCARRYGUN_W26,gender,inferred,,Inferred from name,female,Female,Male,1,False,False,0.0,0.5804581530983509
REASONGUNA_W26,gender,inferred,,Inferred from name,male,Male,Female,1,False,False,0.0,0.364469440999977
REASONGUNA_W26,gender,inferred,,Inferred from name,female,Female,Female,1,True,True,1.0,0.3644689049999854
REASONGUNB_W26,gender,inferred,,Inferred from name,male,Male,Male,1,True,True,1.0,0.2409318746509193
REASONGUNB_W26,gender,inferred,,Inferred from name,female,Female,Male,1,False,False,0.0,0.3384640548968096
REASONGUNC_W26,gender,inferred,,Inferred from name,male,Male,Male,1,True,True,1.0,0.5669913572277476
REASONGUNC_W26,gender,inferred,,Inferred from name,female,Female,Male,1,False,False,0.0,0.5685260160417129
REASONGUND_W26,gender,inferred,,Inferred from name,male,Male,Female,1,False,False,0.0,0.32225272648184555
REASONGUND_W26,gender,inferred,,Inferred from name,female,Female,Female,1,True,True,1.0,0.22890229908109938
REASONGUNE_W26,gender,inferred,,Inferred from name,male,Male,Male,1,True,True,1.0,0.1956464406891494
REASONGUNE_W26,gender,inferred,,Inferred from name,female,Female,Female,1,True,True,1.0,0.13229748759421892
SHOOTFREQ_W26,gender,inferred,,Inferred from name,male,Male,Female,1,False,False,0.0,0.6730152875000005
SHOOTFREQ_W26,gender,inferred,,Inferred from name,female,Female,Female,1,True,True,1.0,0.6730152885000005
WORRYB_W26,gender,inferred,,Inferred from name,male,Male,Male,1,True,True,1.0,0.5192752519311965
WORRYB_W26,gender,inferred,,Inferred from name,female,Female,Male,1,False,False,0.0,0.539788484733095
WORRYD_W26,gender,inferred,,Inferred from name,male,Male,Male,1,True,True,1.0,0.9529680764986543
WORRYD_W26,gender,inferred,,Inferred from name,female,Female,Male,1,False,False,0.0,0.9529389784985388
WORRYE_W26,gender,inferred,,Inferred from name,male,Male,Male,1,True,True,1.0,0.6839264035091316
WORRYE_W26,gender,inferred,,Inferred from name,female,Female,Male,1,False,False,0.0,0.6842209765
WORRYF_W26,gender,inferred,,Inferred from name,male,Male,Male,1,True,True,1.0,0.4509012860159754
WORRYF_W26,gender,inferred,,Inferred from name,female,Female,Male,1,False,False,0.0,0.4515527460274884
BOYSF1B_W29,gender,inferred,,Inferred from name,male,Male,Male,1,True,True,1.0,0.12286885472960869
BOYSF1B_W29,gender,inferred,,Inferred from name,female,Female,Male,1,False,False,0.0,0.22764757511954337
FAVORS_CPS_W29,gender,inferred,,Inferred from name,male,Male,Female,1,False,False,0.0,1.1067565325327902
FAVORS_CPS_W29,gender,inferred,,Inferred from name,female,Female,Female,1,True,True,1.0,1.0946099909425255
GIRLSF2C_W29,gender,inferred,,Inferred from name,male,Male,Male,1,True,True,1.0,0.22834805318063134
GIRLSF2C_W29,gender,inferred,,Inferred from name,female,Female,Male,1,False,False,0.0,0.21779241929947835
GIRLSF2D_W29,gender,inferred,,Inferred from name,male,Male,Male,1,True,True,1.0,0.21796081920995436
GIRLSF2D_W29,gender,inferred,,Inferred from name,female,Female,Male,1,False,False,0.0,0.21797610555378194
GOPDIRCT_W29,gender,inferred,,Inferred from name,male,Male,Female,1,False,False,0.0,0.36946054820284874
GOPDIRCT_W29,gender,inferred,,Inferred from name,female,Female,Female,1,True,True,1.0,0.4044479492822276
HOOD_NHISB_W29,gender,inferred,,Inferred from name,male,Male,Male,1,True,True,1.0,0.5983407324943342
HOOD_NHISB_W29,gender,inferred,,Inferred from name,female,Female,Male,1,False,False,0.0,0.5980268550078753
LOCALELECT_W29,gender,inferred,,Inferred from name,male,Male,Female,1,False,False,0.0,0.8229436671405831
LOCALELECT_W29,gender,inferred,,Inferred from name,female,Female,Female,1,True,True,1.0,0.8001692629509828
MAN1A_W29,gender,inferred,,Inferred from name,male,Male,Male,1,True,True,1.0,0.5893050539558323
MAN1A_W29,gender,inferred,,Inferred from name,female,Female,Male,1,False,False,0.0,0.594615911939824
MAN1B_W29,gender,inferred,,Inferred from name,male,Male,Male,1,True,True,1.0,0.9591797379502632
MAN1B_W29,gender,inferred,,Inferred from name,female,Female,Male,1,False,False,0.0,0.9585304489736951
MAN1C_W29,gender,inferred,,Inferred from name,male,Male,Female,1,False,False,0.0,0.9678193724320417
MAN1C_W29,gender,inferred,,Inferred from name,female,Female,Female,1,True,True,1.0,0.9667931671216852
MAN1D_W29,gender,inferred,,Inferred from name,male,Male,Male,1,True,True,1.0,0.6848968414851067
MAN1D_W29,gender,inferred,,Inferred from name,female,Female,Male,1,False,False,0.0,0.6827451833025298
MAN1E_W29,gender,inferred,,Inferred from name,male,Male,Female,1,False,False,0.0,0.32901982099040183
MAN1E_W29,gender,inferred,,Inferred from name,female,Female,Female,1,True,True,1.0,0.32677943562459866
MASC2_W29,gender,inferred,,Inferred from name,male,Male,Female,1,False,False,0.0,0.9387256497438758
MASC2_W29,gender,inferred,,Inferred from name,female,Female,Female,1,True,True,1.0,0.9854155030510457
S12_W29,gender,inferred,,Inferred from name,male,Male,Male,1,True,True,1.0,1.5121266181934407
S12_W29,gender,inferred,,Inferred from name,female,Female,Female,1,True,True,1.0,0.8470684407224298
S13_W29,gender,inferred,,Inferred from name,male,Male,Male,1,True,True,1.0,3.214440481251355
S13_W29,gender,inferred,,Inferred from name,female,Female,Male,1,False,False,0.0,3.1574712380768197
SEENMASC_W29,gender,inferred,,Inferred from name,male,Male,Female,1,False,False,0.0,0.0020984385356734546
SEENMASC_W29,gender,inferred,,Inferred from name,female,Female,Female,1,True,True,1.0,0.0002775554919508907
TALK_CPS_W29,gender,inferred,,Inferred from name,male,Male,Female,1,False,False,0.0,2.781657580896412
TALK_CPS_W29,gender,inferred,,Inferred from name,female,Female,Female,1,True,True,1.0,2.6569267061734485
WORRYBILL_W29,gender,inferred,,Inferred from name,male,Male,Male,1,True,True,1.0,1.380896873985602
WORRYBILL_W29,gender,inferred,,Inferred from name,female,Female,Male,1,False,False,0.0,1.377936994491242
CLASS_W32,gender,inferred,,Inferred from name,male,Male,Male,1,True,True,1.0,0.6192311998667026
CLASS_W32,gender,inferred,,Inferred from name,female,Female,Male,1,False,False,0.0,0.5913901479776031
COMMIMPA_W32,gender,inferred,,Inferred from name,male,Male,Female,1,False,False,0.0,1.0972658655327785
COMMIMPA_W32,gender,inferred,,Inferred from name,female,Female,Female,1,True,True,1.0,1.097368483531505
COMMIMPB_W32,gender,inferred,,Inferred from name,male,Male,Female,1,False,False,0.0,0.5610832369997721
COMMIMPB_W32,gender,inferred,,Inferred from name,female,Female,Female,1,True,True,1.0,0.5610888760010683
COMMIMPC_W32,gender,inferred,,Inferred from name,male,Male,Female,1,False,False,0.0,0.7627068786270688
COMMIMPC_W32,gender,inferred,,Inferred from name,female,Female,Female,1,True,True,1.0,0.8530018931187927
COMMIMPF_W32,gender,inferred,,Inferred from name,male,Male,Female,1,False,False,0.0,0.779671413943557
COMMIMPF_W32,gender,inferred,,Inferred from name,female,Female,Female,1,True,True,1.0,0.7766527769532734
COMMIMPG_W32,gender,inferred,,Inferred from name,male,Male,Female,1,False,False,0.0,0.9075419559989517
COMMIMPG_W32,gender,inferred,,Inferred from name,female,Female,Female,1,True,True,1.0,0.9079012905079237
COMMIMPH_W32,gender,inferred,,Inferred from name,male,Male,Female,1,False,False,0.0,0.7834509472297415
COMMIMPH_W32,gender,inferred,,Inferred from name,female,Female,Female,1,True,True,1.0,0.8045632116892597
COMMYRS_W32,gender,inferred,,Inferred from name,male,Male,Female,1,False,False,0.0,2.495350982039234
COMMYRS_W32,gender,inferred,,Inferred from name,female,Female,Female,1,True,True,1.0,2.495007621032817
ETHNCMAJ_W32,gender,inferred,,Inferred from name,male,Male,Female,1,False,False,0.0,0.1945644570042325
ETHNCMAJ_W32,gender,inferred,,Inferred from name,female,Female,Female,1,True,True,1.0,0.19450645225944568
GAYMARR2_W32,gender,inferred,,Inferred from name,male,Male,Male,1,True,True,1.0,0.9635750209501606
GAYMARR2_W32,gender,inferred,,Inferred from name,female,Female,Male,1,False,False,0.0,0.9528634951905658
HARASS2F1_W32,gender,inferred,,Inferred from name,male,Male,Male,1,True,True,1.0,0.4526907080000003
HARASS2F1_W32,gender,inferred,,Inferred from name,female,Female,Male,1,False,False,0.0,0.45269070975000025
IMMIMPACT_W32,gender,inferred,,Inferred from name,male,Male,Female,1,False,False,0.0,0.3269015
IMMIMPACT_W32,gender,inferred,,Inferred from name,female,Female,Female,1,True,True,1.0,0.3269015
MOVERURAL_W32,gender,inferred,,Inferred from name,male,Male,Female,1,False,False,0.0,0.9755171782719069
MOVERURAL_W32,gender,inferred,,Inferred from name,female,Female,Female,1,True,True,1.0,0.9755122817637015
MOVESUBURB_W32,gender,inferred,,Inferred from name,male,Male,Female,1,False,False,0.0,0.807594887640173
MOVESUBURB_W32,gender,inferred,,Inferred from name,female,Female,Female,1,True,True,1.0,0.7743524964394556
MOVEURBAN_W32,gender,inferred,,Inferred from name,male,Male,Female,1,False,False,0.0,0.7081815406326954
MOVEURBAN_W32,gender,inferred,,Inferred from name,female,Female,Female,1,True,True,1.0,0.71887742948122
NEIGHINTERA_W32,gender,inferred,,Inferred from name,male,Male,Female,1,False,False,0.0,2.031506528161252
NEIGHINTERA_W32,gender,inferred,,Inferred from name,female,Female,Female,1,True,True,1.0,2.012067740439889
NEIGHINTERB_W32,gender,inferred,,Inferred from name,male,Male,Male,1,True,True,1.0,0.5615009919370801
NEIGHINTERB_W32,gender,inferred,,Inferred from name,female,Female,Male,1,False,False,0.0,0.5168374907738444
NEIGHKIDS_W32,gender,inferred,,Inferred from name,male,Male,Female,1,False,False,0.0,0.1795611479122317
NEIGHKIDS_W32,gender,inferred,,Inferred from name,female,Female,Female,1,True,True,1.0,0.07933728357060266
NEIGHSAMEA_W32,gender,inferred,,Inferred from name,male,Male,Male,1,True,True,1.0,1.458105070209879
NEIGHSAMEA_W32,gender,inferred,,Inferred from name,female,Female,Male,1,False,False,0.0,1.467622745542132
SATLIFED_W32,gender,inferred,,Inferred from name,male,Male,Female,1,False,False,0.0,0.1733086391122326
SATLIFED_W32,gender,inferred,,Inferred from name,female,Female,Female,1,True,True,1.0,0.07892307098947127
SOCTRUST2_W32,gender,inferred,,Inferred from name,male,Male,Male,1,True,True,1.0,0.42847924000000004
SOCTRUST2_W32,gender,inferred,,Inferred from name,female,Female,Male,1,False,False,0.0,0.42847924000000004
VALUERURAL_W32,gender,inferred,,Inferred from name,male,Male,Female,1,False,False,0.0,0.6915316815028999
VALUERURAL_W32,gender,inferred,,Inferred from name,female,Female,Female,1,True,True,1.0,0.691633763000118
WHADVANT_W32,gender,inferred,,Inferred from name,male,Male,Female,1,False,False,0.0,0.8006790757136666
WHADVANT_W32,gender,inferred,,Inferred from name,female,Female,Female,1,True,True,1.0,0.7684426437392793
WILLMOVE_W32,gender,inferred,,Inferred from name,male,Male,Male,1,True,True,1.0,0.8476986260005839
WILLMOVE_W32,gender,inferred,,Inferred from name,female,Female,Male,1,False,False,0.0,0.8477104694993174
EAT1_W34,gender,inferred,,Inferred from name,male,Male,Female,1,False,False,0.0,0.7990877309285426
EAT1_W34,gender,inferred,,Inferred from name,female,Female,Female,1,True,True,1.0,0.8014467229151166
EAT2_W34,gender,inferred,,Inferred from name,male,Male,Female,1,False,False,0.0,0.3155458913524275
EAT2_W34,gender,inferred,,Inferred from name,female,Female,Male,1,False,False,0.0,0.45342125914045184
EAT5B_W34,gender,inferred,,Inferred from name,male,Male,Female,1,False,False,0.0,0.5560449045010443
EAT5B_W34,gender,inferred,,Inferred from name,female,Female,Female,1,True,True,1.0,0.5560100735011307
EAT5C_W34,gender,inferred,,Inferred from name,male,Male,Male,1,True,True,1.0,0.8564203605000067
EAT5C_W34,gender,inferred,,Inferred from name,female,Female,Male,1,False,False,0.0,0.8564198354999868
EAT5D_W34,gender,inferred,,Inferred from name,male,Male,Male,1,True,True,1.0,0.9949673765503266
EAT5D_W34,gender,inferred,,Inferred from name,female,Female,Male,1,False,False,0.0,0.9949673715503269
EVOBIOA_W34,gender,inferred,,Inferred from name,male,Male,Male,1,True,True,1.0,0.15728885000000004
EVOBIOA_W34,gender,inferred,,Inferred from name,female,Female,Male,1,False,False,0.0,0.15728885000000004
EVOBIOB_W34,gender,inferred,,Inferred from name,male,Male,Female,1,False,False,0.0,0.34557218999999995
EVOBIOB_W34,gender,inferred,,Inferred from name,female,Female,Female,1,True,True,1.0,0.34557218999999995
EVOPERS3_W34,gender,inferred,,Inferred from name,male,Male,Male,1,True,True,1.0,0.815416079
EVOPERS3_W34,gender,inferred,,Inferred from name,female,Female,Male,1,False,False,0.0,0.815416079
EVOTHREE_W34,gender,inferred,,Inferred from name,male,Male,Male,1,True,True,1.0,0.38139690000000004
EVOTHREE_W34,gender,inferred,,Inferred from name,female,Female,Male,1,False,False,0.0,0.3813968995
FUD22_W34,gender,inferred,,Inferred from name,male,Male,Female,1,False,False,0.0,1.2481894850703723
FUD22_W34,gender,inferred,,Inferred from name,female,Female,Female,1,True,True,1.0,0.7256022428906312
FUD24_W34,gender,inferred,,Inferred from name,male,Male,Female,1,False,False,0.0,0.070912530021013
FUD24_W34,gender,inferred,,Inferred from name,female,Female,Female,1,True,True,1.0,0.19257724664369863
FUD33B_W34,gender,inferred,,Inferred from name,male,Male,Female,1,False,False,0.0,0.19700520302994798
FUD33B_W34,gender,inferred,,Inferred from name,female,Female,Female,1,True,True,1.0,0.19700520302994798
FUD35_W34,gender,inferred,,Inferred from name,male,Male,Male,1,True,True,1.0,0.8652611530508706
FUD35_W34,gender,inferred,,Inferred from name,female,Female,Male,1,False,False,0.0,0.8650849476563122
FUD37A_W34,gender,inferred,,Inferred from name,male,Male,Male,1,True,True,1.0,0.6605930300097197
FUD37A_W34,gender,inferred,,Inferred from name,female,Female,Male,1,False,False,0.0,0.6606603620106355
FUD37B_W34,gender,inferred,,Inferred from name,male,Male,Male,1,True,True,1.0,0.7887357643806929
FUD37B_W34,gender,inferred,,Inferred from name,female,Female,Male,1,False,False,0.0,0.7907967388971601
FUD37C_W34,gender,inferred,,Inferred from name,male,Male,Female,1,False,False,0.0,0.6557935209420457
FUD37C_W34,gender,inferred,,Inferred from name,female,Female,Female,1,True,True,1.0,0.6557998064419341
BETTERBIZ1F2D_W36,gender,inferred,,Inferred from name,male,Male,Female,1,False,False,0.0,0.17150790671507904
BETTERBIZ1F2D_W36,gender,inferred,,Inferred from name,female,Female,Female,1,True,True,1.0,0.17150790671507904
BETTERBIZ1F2E_W36,gender,inferred,,Inferred from name,male,Male,Female,1,False,False,0.0,0.24490170500000003
BETTERBIZ1F2E_W36,gender,inferred,,Inferred from name,female,Female,Female,1,True,True,1.0,0.24490170500000003
BETTERBIZ1F2H_W36,gender,inferred,,Inferred from name,male,Male,Male,1,True,True,1.0,0.17930833499999999
BETTERBIZ1F2H_W36,gender,inferred,,Inferred from name,female,Female,Male,1,False,False,0.0,0.17930833499999999
BETTERBIZ2F2C_W36,gender,inferred,,Inferred from name,male,Male,Male,1,True,True,1.0,0.13595582
BETTERBIZ2F2C_W36,gender,inferred,,Inferred from name,female,Female,Male,1,False,False,0.0,0.13595582
BETTERBIZ2F2E_W36,gender,inferred,,Inferred from name,male,Male,Female,1,False,False,0.0,0.13665084
BETTERBIZ2F2E_W36,gender,inferred,,Inferred from name,female,Female,Female,1,True,True,1.0,0.13665084
BETTERBIZ2F2F_W36,gender,inferred,,Inferred from name,male,Male,Female,1,False,False,0.0,0.229354925
BETTERBIZ2F2F_W36,gender,inferred,,Inferred from name,female,Female,Female,1,True,True,1.0,0.229354925
BETTERPOL1F1B_W36,gender,inferred,,Inferred from name,male,Male,Male,1,True,True,1.0,0.28068357
BETTERPOL1F1B_W36,gender,inferred,,Inferred from name,female,Female,Male,1,False,False,0.0,0.28068357
BETTERPOL1F1E_W36,gender,inferred,,Inferred from name,male,Male,Female,1,False,False,0.0,0.22469266499999999
BETTERPOL1F1E_W36,gender,inferred,,Inferred from name,female,Female,Female,1,True,True,1.0,0.22469266499999999
BETTERPOL1F1I_W36,gender,inferred,,Inferred from name,male,Male,Female,1,False,False,0.0,0.21214545499999998
BETTERPOL1F1I_W36,gender,inferred,,Inferred from name,female,Female,Female,1,True,True,1.0,0.21214545000000007
BETTERPOL2F1A_W36,gender,inferred,,Inferred from name,male,Male,Male,1,True,True,1.0,0.13425760634257605
BETTERPOL2F1A_W36,gender,inferred,,Inferred from name,female,Female,Male,1,False,False,0.0,0.13425760634257605
BETTERPOL2F1C_W36,gender,inferred,,Inferred from name,male,Male,Female,1,False,False,0.0,0.19023156
BETTERPOL2F1C_W36,gender,inferred,,Inferred from name,female,Female,Female,1,True,True,1.0,0.19023156
BETTERPOL2F1D_W36,gender,inferred,,Inferred from name,male,Male,Female,1,False,False,0.0,0.17216163672161638
BETTERPOL2F1D_W36,gender,inferred,,Inferred from name,female,Female,Female,1,True,True,1.0,0.17216163672161638
BETTERPOL2F1F_W36,gender,inferred,,Inferred from name,male,Male,Male,1,True,True,1.0,0.20627795293722045
BETTERPOL2F1F_W36,gender,inferred,,Inferred from name,female,Female,Male,1,False,False,0.0,0.20627795293722045
E5_W36,gender,inferred,,Inferred from name,male,Male,Male,1,True,True,1.0,1.037363629499941
E5_W36,gender,inferred,,Inferred from name,female,Female,Male,1,False,False,0.0,1.0373162200001302
ESSENBIZF2E_W36,gender,inferred,,Inferred from name,male,Male,Male,1,True,True,1.0,0.5376059085457854
ESSENBIZF2E_W36,gender,inferred,,Inferred from name,female,Female,Male,1,False,False,0.0,0.5297572612091188
ESSENBIZF2J_W36,gender,inferred,,Inferred from name,male,Male,Female,1,False,False,0.0,0.3326867458679642
ESSENBIZF2J_W36,gender,inferred,,Inferred from name,female,Female,Female,1,True,True,1.0,0.33160829235247125
ESSENPOLF1A_W36,gender,inferred,,Inferred from name,male,Male,Female,1,False,False,0.0,0.11982761999999991
ESSENPOLF1A_W36,gender,inferred,,Inferred from name,female,Female,Female,1,True,True,1.0,0.11982761649999996
ESSENPOLF1B_W36,gender,inferred,,Inferred from name,male,Male,Female,1,False,False,0.0,0.06573983812971484
ESSENPOLF1B_W36,gender,inferred,,Inferred from name,female,Female,Female,1,True,True,1.0,0.205994635753319
ESSENPOLF1D_W36,gender,inferred,,Inferred from name,male,Male,Female,1,False,False,0.0,0.23652632250035177
ESSENPOLF1D_W36,gender,inferred,,Inferred from name,female,Female,Female,1,True,True,1.0,0.23650036499962213
ESSENPOLF1G_W36,gender,inferred,,Inferred from name,male,Male,Male,1,True,True,1.0,0.39733542341571854
ESSENPOLF1G_W36,gender,inferred,,Inferred from name,female,Female,Male,1,False,False,0.0,0.35916142991840866
ESSENPOLF1H_W36,gender,inferred,,Inferred from name,male,Male,Female,1,False,False,0.0,0.2861228920000114
ESSENPOLF1H_W36,gender,inferred,,Inferred from name,female,Female,Female,1,True,True,1.0,0.28612278900001176
HIGHEDWRNGB_W36,gender,inferred,,Inferred from name,male,Male,Female,1,False,False,0.0,0.6623991166647538
HIGHEDWRNGB_W36,gender,inferred,,Inferred from name,female,Female,Female,1,True,True,1.0,0.6778121428679694
HIGHEDWRNGC_W36,gender,inferred,,Inferred from name,male,Male,Female,1,False,False,0.0,0.5130304488004542
HIGHEDWRNGC_W36,gender,inferred,,Inferred from name,female,Female,Female,1,True,True,1.0,0.5577471994948062
IMPROVE1_W36,gender,inferred,,Inferred from name,male,Male,Female,1,False,False,0.0,0.8075520734244888
IMPROVE1_W36,gender,inferred,,Inferred from name,female,Female,Female,1,True,True,1.0,0.8075522474244745
IMPROVE2_W36,gender,inferred,,Inferred from name,male,Male,Female,1,False,False,0.0,0.6598487479012014
IMPROVE2_W36,gender,inferred,,Inferred from name,female,Female,Female,1,True,True,1.0,0.6598254509026408
IMPROVE3_W36,gender,inferred,,Inferred from name,male,Male,Female,1,False,False,0.0,0.9030525610004554
IMPROVE3_W36,gender,inferred,,Inferred from name,female,Female,Female,1,True,True,1.0,0.9031277824996886
MOREWMN1F2_W36,gender,inferred,,Inferred from name,male,Male,Female,1,False,False,0.0,0.10531866127439066
MOREWMN1F2_W36,gender,inferred,,Inferred from name,female,Female,Female,1,True,True,1.0,0.17269904741195002
POLCHF1_W36,gender,inferred,,Inferred from name,male,Male,Female,1,False,False,0.0,0.6992350199999999
POLCHF1_W36,gender,inferred,,Inferred from name,female,Female,Female,1,True,True,1.0,0.6992350199999999
TRAITBIZMF2C_W36,gender,inferred,,Inferred from name,male,Male,Male,1,True,True,1.0,0.16081207499999994
TRAITBIZMF2C_W36,gender,inferred,,Inferred from name,female,Female,Male,1,False,False,0.0,0.16081207274999998
TRAITBIZMF2D_W36,gender,inferred,,Inferred from name,male,Male,Male,1,True,True,1.0,0.19618879325000016
TRAITBIZMF2D_W36,gender,inferred,,Inferred from name,female,Female,Male,1,False,False,0.0,0.1961886734999978
TRAITBIZMF2E_W36,gender,inferred,,Inferred from name,male,Male,Male,1,True,True,1.0,0.12497542750024576
TRAITBIZMF2E_W36,gender,inferred,,Inferred from name,female,Female,Male,1,False,False,0.0,0.12497540350024644
TRAITBIZMF2G_W36,gender,inferred,,Inferred from name,male,Male,Female,1,False,False,0.0,0.2865761940508769
TRAITBIZMF2G_W36,gender,inferred,,Inferred from name,female,Female,Female,1,True,True,1.0,0.2756306400131576
TRAITBIZWF2C_W36,gender,inferred,,Inferred from name,male,Male,Male,1,True,True,1.0,0.2818550817500004
TRAITBIZWF2C_W36,gender,inferred,,Inferred from name,female,Female,Male,1,False,False,0.0,0.28185515799999983
TRAITBIZWF2D_W36,gender,inferred,,Inferred from name,male,Male,Male,1,True,True,1.0,0.2175313089999999
TRAITBIZWF2D_W36,gender,inferred,,Inferred from name,female,Female,Male,1,False,False,0.0,0.21753134224999982
TRAITBIZWF2E_W36,gender,inferred,,Inferred from name,male,Male,Male,1,True,True,1.0,0.3417655330000005
TRAITBIZWF2E_W36,gender,inferred,,Inferred from name,female,Female,Male,1,False,False,0.0,0.34176555950000087
TRAITBIZWF2G_W36,gender,inferred,,Inferred from name,male,Male,Female,1,False,False,0.0,0.3888300277532775
TRAITBIZWF2G_W36,gender,inferred,,Inferred from name,female,Female,Female,1,True,True,1.0,0.38922352049860787
TRAITPOLMF1B_W36,gender,inferred,,Inferred from name,male,Male,Female,1,False,False,0.0,0.3147693960033048
TRAITPOLMF1B_W36,gender,inferred,,Inferred from name,female,Female,Female,1,True,True,1.0,0.29148846224572034
TRAITPOLMF1C_W36,gender,inferred,,Inferred from name,male,Male,Female,1,False,False,0.0,0.15218216675000074
TRAITPOLMF1C_W36,gender,inferred,,Inferred from name,female,Female,Female,1,True,True,1.0,0.15218213100000005
TRAITPOLMF1D_W36,gender,inferred,,Inferred from name,male,Male,Female,1,False,False,0.0,0.18144381756443828
TRAITPOLMF1D_W36,gender,inferred,,Inferred from name,female,Female,Female,1,True,True,1.0,0.18144377356443797
TRAITPOLMF1E_W36,gender,inferred,,Inferred from name,male,Male,Male,1,True,True,1.0,0.13418692374999958
TRAITPOLMF1E_W36,gender,inferred,,Inferred from name,female,Female,Male,1,False,False,0.0,0.13418663225001454
TRAITPOLMF1F_W36,gender,inferred,,Inferred from name,male,Male,Male,1,True,True,1.0,0.2769998343664952
TRAITPOLMF1F_W36,gender,inferred,,Inferred from name,female,Female,Male,1,False,False,0.0,0.2707872198541871
TRAITPOLMF1G_W36,gender,inferred,,Inferred from name,male,Male,Female,1,False,False,0.0,0.25306577969945876
TRAITPOLMF1G_W36,gender,inferred,,Inferred from name,female,Female,Female,1,True,True,1.0,0.25937578166895314
TRAITPOLWF1A_W36,gender,inferred,,Inferred from name,male,Male,Male,1,True,True,1.0,0.21645391175006573
TRAITPOLWF1A_W36,gender,inferred,,Inferred from name,female,Female,Male,1,False,False,0.0,0.21645489950000008
TRAITPOLWF1C_W36,gender,inferred,,Inferred from name,male,Male,Male,1,True,True,1.0,0.34884460574989695
TRAITPOLWF1C_W36,gender,inferred,,Inferred from name,female,Female,Male,1,False,False,0.0,0.34884874875001953
TRAITPOLWF1D_W36,gender,inferred,,Inferred from name,male,Male,Female,1,False,False,0.0,0.17986960170130434
TRAITPOLWF1D_W36,gender,inferred,,Inferred from name,female,Female,Female,1,True,True,1.0,0.17986960995130397
TRAITPOLWF1E_W36,gender,inferred,,Inferred from name,male,Male,Male,1,True,True,1.0,0.31170326649999497
TRAITPOLWF1E_W36,gender,inferred,,Inferred from name,female,Female,Male,1,False,False,0.0,0.31170336125000164
TRAITPOLWF1F_W36,gender,inferred,,Inferred from name,male,Male,Male,1,True,True,1.0,0.25524041482673154
TRAITPOLWF1F_W36,gender,inferred,,Inferred from name,female,Female,Male,1,False,False,0.0,0.23424326965247833
TRAITPOLWF1G_W36,gender,inferred,,Inferred from name,male,Male,Male,1,True,True,1.0,0.313523396385234
TRAITPOLWF1G_W36,gender,inferred,,Inferred from name,female,Female,Male,1,False,False,0.0,0.3162983594597022
WHYNOTBIZF2A_W36,gender,inferred,,Inferred from name,male,Male,Female,1,False,False,0.0,0.6180965280002036
WHYNOTBIZF2A_W36,gender,inferred,,Inferred from name,female,Female,Female,1,True,True,1.0,0.6180865230001973
WHYNOTBIZF2B_W36,gender,inferred,,Inferred from name,male,Male,Female,1,False,False,0.0,0.4696404110000002
WHYNOTBIZF2B_W36,gender,inferred,,Inferred from name,female,Female,Female,1,True,True,1.0,0.46964041600000006
WHYNOTBIZF2D_W36,gender,inferred,,Inferred from name,male,Male,Female,1,False,False,0.0,0.4809948588564784
WHYNOTBIZF2D_W36,gender,inferred,,Inferred from name,female,Female,Female,1,True,True,1.0,0.5993229709946862
WHYNOTBIZF2F_W36,gender,inferred,,Inferred from name,male,Male,Male,1,True,True,1.0,0.17803362994653135
WHYNOTBIZF2F_W36,gender,inferred,,Inferred from name,female,Female,Male,1,False,False,0.0,0.32253124505356656
WHYNOTBIZF2G_W36,gender,inferred,,Inferred from name,male,Male,Female,1,False,False,0.0,0.8581778205054886
WHYNOTBIZF2G_W36,gender,inferred,,Inferred from name,female,Female,Female,1,True,True,1.0,0.8582862710000002
WHYNOTBIZF2H_W36,gender,inferred,,Inferred from name,male,Male,Female,1,False,False,0.0,0.324946408999941
WHYNOTBIZF2H_W36,gender,inferred,,Inferred from name,female,Female,Female,1,True,True,1.0,0.32494702900001926
WHYNOTBIZF2J_W36,gender,inferred,,Inferred from name,male,Male,Female,1,False,False,0.0,0.7109422530000004
WHYNOTBIZF2J_W36,gender,inferred,,Inferred from name,female,Female,Female,1,True,True,1.0,0.7109422535000001
WHYNOTBIZF2M_W36,gender,inferred,,Inferred from name,male,Male,Female,1,False,False,0.0,0.9417042044836775
WHYNOTBIZF2M_W36,gender,inferred,,Inferred from name,female,Female,Female,1,True,True,1.0,0.9814018424201649
WHYNOTBIZF2N_W36,gender,inferred,,Inferred from name,male,Male,Female,1,False,False,0.0,1.0138439498615703
WHYNOTBIZF2N_W36,gender,inferred,,Inferred from name,female,Female,Female,1,True,True,1.0,1.0138451473615109
WHYNOTBIZF2O_W36,gender,inferred,,Inferred from name,male,Male,Female,1,False,False,0.0,0.6216916785
WHYNOTBIZF2O_W36,gender,inferred,,Inferred from name,female,Female,Female,1,True,True,1.0,0.6216916785
WHYNOTPOLF1A_W36,gender,inferred,,Inferred from name,male,Male,Female,1,False,False,0.0,0.5822494834989453
WHYNOTPOLF1A_W36,gender,inferred,,Inferred from name,female,Female,Female,1,True,True,1.0,0.58227719
WHYNOTPOLF1B_W36,gender,inferred,,Inferred from name,male,Male,Female,1,False,False,0.0,0.5430941500000002
WHYNOTPOLF1B_W36,gender,inferred,,Inferred from name,female,Female,Female,1,True,True,1.0,0.5430941485000002
WHYNOTPOLF1C_W36,gender,inferred,,Inferred from name,male,Male,Female,1,False,False,0.0,0.8146077090000001
WHYNOTPOLF1C_W36,gender,inferred,,Inferred from name,female,Female,Female,1,True,True,1.0,0.8146077109999992
WHYNOTPOLF1E_W36,gender,inferred,,Inferred from name,male,Male,Male,1,True,True,1.0,1.1245964320597015
WHYNOTPOLF1E_W36,gender,inferred,,Inferred from name,female,Female,Male,1,False,False,0.0,1.1258755219976608
WHYNOTPOLF1G_W36,gender,inferred,,Inferred from name,male,Male,Female,1,False,False,0.0,0.7024114785689521
WHYNOTPOLF1G_W36,gender,inferred,,Inferred from name,female,Female,Female,1,True,True,1.0,0.7306993224829144
WHYNOTPOLF1I_W36,gender,inferred,,Inferred from name,male,Male,Male,1,True,True,1.0,0.9169386590338459
WHYNOTPOLF1I_W36,gender,inferred,,Inferred from name,female,Female,Male,1,False,False,0.0,0.9029097649817036
WHYNOTPOLF1J_W36,gender,inferred,,Inferred from name,male,Male,Female,1,False,False,0.0,0.6116363951163816
WHYNOTPOLF1J_W36,gender,inferred,,Inferred from name,female,Female,Female,1,True,True,1.0,0.6116365576163622
WHYNOTPOLF1K_W36,gender,inferred,,Inferred from name,male,Male,Male,1,True,True,1.0,0.6843681078146754
WHYNOTPOLF1K_W36,gender,inferred,,Inferred from name,female,Female,Male,1,False,False,0.0,0.6862373463607447
WHYNOTPOLF1L_W36,gender,inferred,,Inferred from name,male,Male,Female,1,False,False,0.0,0.7164808140000014
WHYNOTPOLF1L_W36,gender,inferred,,Inferred from name,female,Female,Female,1,True,True,1.0,0.7164808160000009
WMNPRZ1_W36,gender,inferred,,Inferred from name,male,Male,Male,1,True,True,1.0,0.5483979141122919
WMNPRZ1_W36,gender,inferred,,Inferred from name,female,Female,Male,1,False,False,0.0,0.5448839137816444
AUTOLKLY_W41,gender,inferred,,Inferred from name,male,Male,Female,1,False,False,0.0,0.9292525620001733
AUTOLKLY_W41,gender,inferred,,Inferred from name,female,Female,Female,1,True,True,1.0,0.9292569610000476
AUTOWKPLC_W41,gender,inferred,,Inferred from name,male,Male,Female,1,False,False,0.0,0.3352895597500727
AUTOWKPLC_W41,gender,inferred,,Inferred from name,female,Female,Female,1,True,True,1.0,0.3352549892498681
ETHNCMAJMOD_W41,gender,inferred,,Inferred from name,male,Male,Female,1,False,False,0.0,0.35132607345370226
ETHNCMAJMOD_W41,gender,inferred,,Inferred from name,female,Female,Female,1,True,True,1.0,0.3192468992878782
FTRWORRYc_W41,gender,inferred,,Inferred from name,male,Male,Female,1,False,False,0.0,0.6387504911076093
FTRWORRYc_W41,gender,inferred,,Inferred from name,female,Female,Female,1,True,True,1.0,0.6387775101021784
FTRWORRYe_W41,gender,inferred,,Inferred from name,male,Male,Male,1,True,True,1.0,0.685895772515112
FTRWORRYe_W41,gender,inferred,,Inferred from name,female,Female,Male,1,False,False,0.0,0.6809611700869018
FTRWORRYf_W41,gender,inferred,,Inferred from name,male,Male,Female,1,False,False,0.0,0.9134423124999527
FTRWORRYf_W41,gender,inferred,,Inferred from name,female,Female,Female,1,True,True,1.0,0.9134430854999802
FUTRCLASSb_W41,gender,inferred,,Inferred from name,male,Male,Male,1,True,True,1.0,0.3716946607500134
FUTRCLASSb_W41,gender,inferred,,Inferred from name,female,Female,Male,1,False,False,0.0,0.3716933562498668
FUTRCLASSc_W41,gender,inferred,,Inferred from name,male,Male,Male,1,True,True,1.0,0.27444654425000736
FUTRCLASSc_W41,gender,inferred,,Inferred from name,female,Female,Male,1,False,False,0.0,0.2744466345000017
FUTR_DIV_W41,gender,inferred,,Inferred from name,male,Male,Female,1,False,False,0.0,0.5768964687389301
FUTR_DIV_W41,gender,inferred,,Inferred from name,female,Female,Female,1,True,True,1.0,0.5767659409863942
GOVPRIOb_W41,gender,inferred,,Inferred from name,male,Male,Female,1,False,False,0.0,0.5337475713375529
GOVPRIOb_W41,gender,inferred,,Inferred from name,female,Female,Female,1,True,True,1.0,0.5337492438375028
GOVPRIOc_W41,gender,inferred,,Inferred from name,male,Male,Female,1,False,False,0.0,0.3773873315000008
GOVPRIOc_W41,gender,inferred,,Inferred from name,female,Female,Female,1,True,True,1.0,0.37738734050000033
GOVPRIOe_W41,gender,inferred,,Inferred from name,male,Male,Female,1,False,False,0.0,0.7545302235000555
GOVPRIOe_W41,gender,inferred,,Inferred from name,female,Female,Female,1,True,True,1.0,0.7545318289999656
GOVPRIOfF1_W41,gender,inferred,,Inferred from name,male,Male,Female,1,False,False,0.0,0.6301507860346114
GOVPRIOfF1_W41,gender,inferred,,Inferred from name,female,Female,Female,1,True,True,1.0,0.6406608400947406
GOVPRIOgF1_W41,gender,inferred,,Inferred from name,male,Male,Female,1,False,False,0.0,1.1217367539506444
GOVPRIOgF1_W41,gender,inferred,,Inferred from name,female,Female,Female,1,True,True,1.0,1.1230972628822475
GOVPRIOhF1_W41,gender,inferred,,Inferred from name,male,Male,Male,1,True,True,1.0,0.9795485716927507
GOVPRIOhF1_W41,gender,inferred,,Inferred from name,female,Female,Male,1,False,False,0.0,0.9798036181912135
GOVPRIOiF1_W41,gender,inferred,,Inferred from name,male,Male,Male,1,True,True,1.0,0.48344373748066666
GOVPRIOiF1_W41,gender,inferred,,Inferred from name,female,Female,Male,1,False,False,0.0,0.48339442448621855
GOVPRIOjF1_W41,gender,inferred,,Inferred from name,male,Male,Female,1,False,False,0.0,0.6536451813939753
GOVPRIOjF1_W41,gender,inferred,,Inferred from name,female,Female,Female,1,True,True,1.0,0.6579249959533525
GOVPRIOkF2_W41,gender,inferred,,Inferred from name,male,Male,Male,1,True,True,1.0,0.9916405854999802
GOVPRIOkF2_W41,gender,inferred,,Inferred from name,female,Female,Male,1,False,False,0.0,0.9916402894999917
GOVPRIOlF2_W41,gender,inferred,,Inferred from name,male,Male,Female,1,False,False,0.0,0.6749670296983286
GOVPRIOlF2_W41,gender,inferred,,Inferred from name,female,Female,Female,1,True,True,1.0,0.6731398237697744
GOVPRIOmF2_W41,gender,inferred,,Inferred from name,male,Male,Female,1,False,False,0.0,0.235698388495163
GOVPRIOmF2_W41,gender,inferred,,Inferred from name,female,Female,Female,1,True,True,1.0,0.46587579707271365
GOVPRIOnF2_W41,gender,inferred,,Inferred from name,male,Male,Female,1,False,False,0.0,0.9850557114942134
GOVPRIOnF2_W41,gender,inferred,,Inferred from name,female,Female,Female,1,True,True,1.0,0.9881733045560385
GOVPRIOoF2_W41,gender,inferred,,Inferred from name,male,Male,Female,1,False,False,0.0,0.7722725922772743
GOVPRIOoF2_W41,gender,inferred,,Inferred from name,female,Female,Female,1,True,True,1.0,0.7722725922772743
HAPPEN2b_W41,gender,inferred,,Inferred from name,male,Male,Female,1,False,False,0.0,0.5101510648984896
HAPPEN2b_W41,gender,inferred,,Inferred from name,female,Female,Female,1,True,True,1.0,0.5101510648984896
HAPPEN2f_W41,gender,inferred,,Inferred from name,male,Male,Male,1,True,True,1.0,0.508004555419955
HAPPEN2f_W41,gender,inferred,,Inferred from name,female,Female,Male,1,False,False,0.0,0.508004555419955
HARASS1F1b_W41,gender,inferred,,Inferred from name,male,Male,Male,1,True,True,1.0,0.6092899839070567
HARASS1F1b_W41,gender,inferred,,Inferred from name,female,Female,Male,1,False,False,0.0,0.609289901407048
HARASS1F1d_W41,gender,inferred,,Inferred from name,male,Male,Female,1,False,False,0.0,0.4005531000000001
HARASS1F1d_W41,gender,inferred,,Inferred from name,female,Female,Female,1,True,True,1.0,0.40055309900000013
HARASS1NOWRKF2d_W41,gender,inferred,,Inferred from name,male,Male,Female,1,False,False,0.0,0.3458835
HARASS1NOWRKF2d_W41,gender,inferred,,Inferred from name,female,Female,Female,1,True,True,1.0,0.3458835
HARASS3NOWRKF2_W41,gender,inferred,,Inferred from name,male,Male,Male,1,True,True,1.0,0.28762497974997525
HARASS3NOWRKF2_W41,gender,inferred,,Inferred from name,female,Female,Male,1,False,False,0.0,0.2876247437499756
INTRMAR_W41,gender,inferred,,Inferred from name,male,Male,Male,1,True,True,1.0,1.0312511121230004
INTRMAR_W41,gender,inferred,,Inferred from name,female,Female,Male,1,False,False,0.0,1.0366199554068274
LEGALIMG_W41,gender,inferred,,Inferred from name,male,Male,Male,1,True,True,1.0,0.9143468533208989
LEGALIMG_W41,gender,inferred,,Inferred from name,female,Female,Male,1,False,False,0.0,0.9140861553735864
SOLVPROBa_W41,gender,inferred,,Inferred from name,male,Male,Male,1,True,True,1.0,0.6316369748163693
SOLVPROBa_W41,gender,inferred,,Inferred from name,female,Female,Male,1,False,False,0.0,0.6316369718163681
SOLVPROBb_W41,gender,inferred,,Inferred from name,male,Male,Female,1,False,False,0.0,0.7116986599891171
SOLVPROBb_W41,gender,inferred,,Inferred from name,female,Female,Female,1,True,True,1.0,0.7116141910022942
SOLVPROBc_W41,gender,inferred,,Inferred from name,male,Male,Female,1,False,False,0.0,0.6406193959063274
SOLVPROBc_W41,gender,inferred,,Inferred from name,female,Female,Female,1,True,True,1.0,0.6406199559062917
SOLVPROBdF1_W41,gender,inferred,,Inferred from name,male,Male,Female,1,False,False,0.0,0.8105932975797678
SOLVPROBdF1_W41,gender,inferred,,Inferred from name,female,Female,Female,1,True,True,1.0,0.8124295999903318
SOLVPROBf_W41,gender,inferred,,Inferred from name,male,Male,Female,1,False,False,0.0,0.8719193264750033
SOLVPROBf_W41,gender,inferred,,Inferred from name,female,Female,Female,1,True,True,1.0,0.8711000604126109
SOLVPROBg_W41,gender,inferred,,Inferred from name,male,Male,Female,1,False,False,0.0,0.45557038270347366
SOLVPROBg_W41,gender,inferred,,Inferred from name,female,Female,Female,1,True,True,1.0,0.5165964627818743
SOLVPROBh_W41,gender,inferred,,Inferred from name,male,Male,Female,1,False,False,0.0,1.022487602999965
SOLVPROBh_W41,gender,inferred,,Inferred from name,female,Female,Female,1,True,True,1.0,1.0224873159999908
CONFb_W42,gender,inferred,,Inferred from name,male,Male,Male,1,True,True,1.0,0.7368658165000634
CONFb_W42,gender,inferred,,Inferred from name,female,Female,Male,1,False,False,0.0,0.7368509065005514
CONFc_W42,gender,inferred,,Inferred from name,male,Male,Female,1,False,False,0.0,0.552414256492563
CONFc_W42,gender,inferred,,Inferred from name,female,Female,Female,1,True,True,1.0,0.5546742774497593
CONFe_W42,gender,inferred,,Inferred from name,male,Male,Male,1,True,True,1.0,0.8121754713782319
CONFe_W42,gender,inferred,,Inferred from name,female,Female,Male,1,False,False,0.0,0.8121752163782444
CONFg_W42,gender,inferred,,Inferred from name,male,Male,Female,1,False,False,0.0,0.6299487019999983
CONFg_W42,gender,inferred,,Inferred from name,female,Female,Female,1,True,True,1.0,0.6299486294999974
PQ4_F2Aa_W42,gender,inferred,,Inferred from name,male,Male,Male,1,True,True,1.0,0.5695597078052671
PQ4_F2Aa_W42,gender,inferred,,Inferred from name,female,Female,Male,1,False,False,0.0,0.5846297672114472
PQ4_F2Ac_W42,gender,inferred,,Inferred from name,male,Male,Female,1,False,False,0.0,1.3320906326499131
PQ4_F2Ac_W42,gender,inferred,,Inferred from name,female,Female,Female,1,True,True,1.0,1.3513410140281275
PQ4_F2Ae_W42,gender,inferred,,Inferred from name,male,Male,Male,1,True,True,1.0,0.51514461
PQ4_F2Ae_W42,gender,inferred,,Inferred from name,female,Female,Male,1,False,False,0.0,0.51514461
PQ4_F2Bb_W42,gender,inferred,,Inferred from name,male,Male,Male,1,True,True,1.0,0.7941892364999983
PQ4_F2Bb_W42,gender,inferred,,Inferred from name,female,Female,Male,1,False,False,0.0,0.7941892805000097
PQ4_F2Bc_W42,gender,inferred,,Inferred from name,male,Male,Female,1,False,False,0.0,1.3143344204999958
PQ4_F2Bc_W42,gender,inferred,,Inferred from name,female,Female,Female,1,True,True,1.0,1.3143347644999988
PQ4_F2Bd_W42,gender,inferred,,Inferred from name,male,Male,Female,1,False,False,0.0,0.5509960819985721
PQ4_F2Bd_W42,gender,inferred,,Inferred from name,female,Female,Female,1,True,True,1.0,0.5509347800058478
PQ4_F2Cc_W42,gender,inferred,,Inferred from name,male,Male,Female,1,False,False,0.0,1.1304906184933836
PQ4_F2Cc_W42,gender,inferred,,Inferred from name,female,Female,Female,1,True,True,1.0,1.133053034498739
PQ8_F2B_W42,gender,inferred,,Inferred from name,male,Male,Female,1,False,False,0.0,0.5766699032587989
PQ8_F2B_W42,gender,inferred,,Inferred from name,female,Female,Female,1,True,True,1.0,0.5710784282224542
RQ1_F1B_W42,gender,inferred,,Inferred from name,male,Male,Female,1,False,False,0.0,0.27966493575
RQ1_F1B_W42,gender,inferred,,Inferred from name,female,Female,Female,1,True,True,1.0,0.27966493400000003
RQ1_F1C_W42,gender,inferred,,Inferred from name,male,Male,Female,1,False,False,0.0,0.2942503164999988
RQ1_F1C_W42,gender,inferred,,Inferred from name,female,Female,Female,1,True,True,1.0,0.2942501332500033
RQ2_F1A_W42,gender,inferred,,Inferred from name,male,Male,Male,1,True,True,1.0,0.3244984677605125
RQ2_F1A_W42,gender,inferred,,Inferred from name,female,Female,Male,1,False,False,0.0,0.32454368926149824
RQ4_F1Ab_W42,gender,inferred,,Inferred from name,male,Male,Male,1,True,True,1.0,0.837861064499996
RQ4_F1Ab_W42,gender,inferred,,Inferred from name,female,Female,Male,1,False,False,0.0,0.8378615409999738
RQ4_F1Ae_W42,gender,inferred,,Inferred from name,male,Male,Female,1,False,False,0.0,0.8349464500000001
RQ4_F1Ae_W42,gender,inferred,,Inferred from name,female,Female,Female,1,True,True,1.0,0.8349464500000001
RQ4_F1Ba_W42,gender,inferred,,Inferred from name,male,Male,Female,1,False,False,0.0,0.7110856202086805
RQ4_F1Ba_W42,gender,inferred,,Inferred from name,female,Female,Female,1,True,True,1.0,0.7116212386579425
RQ4_F1Bc_W42,gender,inferred,,Inferred from name,male,Male,Female,1,False,False,0.0,1.2333100321669
RQ4_F1Bc_W42,gender,inferred,,Inferred from name,female,Female,Female,1,True,True,1.0,1.2333100361668998
RQ4_F1Bd_W42,gender,inferred,,Inferred from name,male,Male,Female,1,False,False,0.0,0.3713774904669782
RQ4_F1Bd_W42,gender,inferred,,Inferred from name,female,Female,Female,1,True,True,1.0,0.44003913537547845
RQ4_F1Be_W42,gender,inferred,,Inferred from name,male,Male,Female,1,False,False,0.0,0.8261799417382004
RQ4_F1Be_W42,gender,inferred,,Inferred from name,female,Female,Female,1,True,True,1.0,0.8261799417382004
RQ4_F1Ca_W42,gender,inferred,,Inferred from name,male,Male,Female,1,False,False,0.0,0.7332441904357938
RQ4_F1Ca_W42,gender,inferred,,Inferred from name,female,Female,Female,1,True,True,1.0,0.7964243501346506
RQ4_F1Cb_W42,gender,inferred,,Inferred from name,male,Male,Female,1,False,False,0.0,0.9580094435800961
RQ4_F1Cb_W42,gender,inferred,,Inferred from name,female,Female,Female,1,True,True,1.0,0.9580111230801182
RQ4_F1Cd_W42,gender,inferred,,Inferred from name,male,Male,Female,1,False,False,0.0,0.45261296450000027
RQ4_F1Cd_W42,gender,inferred,,Inferred from name,female,Female,Female,1,True,True,1.0,0.46875188978608684
RQ5_F1B_W42,gender,inferred,,Inferred from name,male,Male,Male,1,True,True,1.0,0.8034005825422564
RQ5_F1B_W42,gender,inferred,,Inferred from name,female,Female,Male,1,False,False,0.0,0.8033483880471024
RQ5_F1C_W42,gender,inferred,,Inferred from name,male,Male,Female,1,False,False,0.0,0.7709879325012474
RQ5_F1C_W42,gender,inferred,,Inferred from name,female,Female,Female,1,True,True,1.0,0.7710230115048201
IDIMPORT_W43,gender,inferred,,Inferred from name,male,Male,Male,1,True,True,1.0,1.5408402605915954
IDIMPORT_W43,gender,inferred,,Inferred from name,female,Female,Male,1,False,False,0.0,1.540840156091594
RACESURV13_W43,gender,inferred,,Inferred from name,male,Male,Male,1,True,True,1.0,0.5756218163429372
RACESURV13_W43,gender,inferred,,Inferred from name,female,Female,Male,1,False,False,0.0,0.5424670249728591
RACESURV14_W43,gender,inferred,,Inferred from name,male,Male,Female,1,False,False,0.0,0.7631850233591618
RACESURV14_W43,gender,inferred,,Inferred from name,female,Female,Female,1,True,True,1.0,0.7776954984521246
RACESURV15a_W43,gender,inferred,,Inferred from name,male,Male,Female,1,False,False,0.0,0.18806876099111014
RACESURV15a_W43,gender,inferred,,Inferred from name,female,Female,Female,1,True,True,1.0,0.18814725575040525
RACESURV15b_W43,gender,inferred,,Inferred from name,male,Male,Male,1,True,True,1.0,0.31024919162897235
RACESURV15b_W43,gender,inferred,,Inferred from name,female,Female,Male,1,False,False,0.0,0.3739999693929904
RACESURV17_W43,gender,inferred,,Inferred from name,male,Male,Female,1,False,False,0.0,1.1107144688928554
RACESURV17_W43,gender,inferred,,Inferred from name,female,Female,Female,1,True,True,1.0,1.1107144668928557
RACESURV18b_W43,gender,inferred,,Inferred from name,male,Male,Male,1,True,True,1.0,0.7983723593216668
RACESURV18b_W43,gender,inferred,,Inferred from name,female,Female,Male,1,False,False,0.0,0.7984191932989781
RACESURV18f_W43,gender,inferred,,Inferred from name,male,Male,Male,1,True,True,1.0,0.391958233523103
RACESURV18f_W43,gender,inferred,,Inferred from name,female,Female,Male,1,False,False,0.0,0.39143090619229903
RACESURV19a_W43,gender,inferred,,Inferred from name,male,Male,Female,1,False,False,0.0,0.7193773499999999
RACESURV19a_W43,gender,inferred,,Inferred from name,female,Female,Female,1,True,True,1.0,0.7193773499999999
RACESURV19c_W43,gender,inferred,,Inferred from name,male,Male,Female,1,False,False,0.0,0.7275149099999999
RACESURV19c_W43,gender,inferred,,Inferred from name,female,Female,Female,1,True,True,1.0,0.7275149099999999
RACESURV19e_W43,gender,inferred,,Inferred from name,male,Male,Female,1,False,False,0.0,0.81569073
RACESURV19e_W43,gender,inferred,,Inferred from name,female,Female,Female,1,True,True,1.0,0.81569073
RACESURV1b_W43,gender,inferred,,Inferred from name,male,Male,Female,1,False,False,0.0,0.2773983838086166
RACESURV1b_W43,gender,inferred,,Inferred from name,female,Female,Female,1,True,True,1.0,0.27720818106005374
RACESURV21_W43,gender,inferred,,Inferred from name,male,Male,Male,1,True,True,1.0,0.28945723261747125
RACESURV21_W43,gender,inferred,,Inferred from name,female,Female,Male,1,False,False,0.0,0.5852995421973672
RACESURV27_W43,gender,inferred,,Inferred from name,male,Male,Female,1,False,False,0.0,1.8697191303712841
RACESURV27_W43,gender,inferred,,Inferred from name,female,Female,Female,1,True,True,1.0,1.8833535109057091
RACESURV28a_W43,gender,inferred,,Inferred from name,male,Male,Female,1,False,False,0.0,0.260140143250509
RACESURV28a_W43,gender,inferred,,Inferred from name,female,Female,Female,1,True,True,1.0,0.26022169674780304
RACESURV28b_W43,gender,inferred,,Inferred from name,male,Male,Female,1,False,False,0.0,0.2748697795000405
RACESURV28b_W43,gender,inferred,,Inferred from name,female,Female,Female,1,True,True,1.0,0.2748700740000482
RACESURV28c_W43,gender,inferred,,Inferred from name,male,Male,Female,1,False,False,0.0,0.2838498872500178
RACESURV28c_W43,gender,inferred,,Inferred from name,female,Female,Female,1,True,True,1.0,0.283850075250018
RACESURV28d_W43,gender,inferred,,Inferred from name,male,Male,Female,1,False,False,0.0,0.16462721064627284
RACESURV28d_W43,gender,inferred,,Inferred from name,female,Female,Female,1,True,True,1.0,0.16462721089627286
RACESURV28e_W43,gender,inferred,,Inferred from name,male,Male,Female,1,False,False,0.0,0.1749850182500003
RACESURV28e_W43,gender,inferred,,Inferred from name,female,Female,Female,1,True,True,1.0,0.17498501950000023
RACESURV28f_W43,gender,inferred,,Inferred from name,male,Male,Female,1,False,False,0.0,0.20180347936205204
RACESURV28f_W43,gender,inferred,,Inferred from name,female,Female,Female,1,True,True,1.0,0.2234841571109428
RACESURV28g_W43,gender,inferred,,Inferred from name,male,Male,Female,1,False,False,0.0,0.32998830575019056
RACESURV28g_W43,gender,inferred,,Inferred from name,female,Female,Female,1,True,True,1.0,0.3299895622500756
RACESURV29d_W43,gender,inferred,,Inferred from name,male,Male,Male,1,True,True,1.0,0.6946078565159769
RACESURV29d_W43,gender,inferred,,Inferred from name,female,Female,Male,1,False,False,0.0,0.6960569650867575
RACESURV2_W43,gender,inferred,,Inferred from name,male,Male,Female,1,False,False,0.0,0.5764616807646168
RACESURV2_W43,gender,inferred,,Inferred from name,female,Female,Female,1,True,True,1.0,0.5764616807646168
RACESURV34a_W43,gender,inferred,,Inferred from name,male,Male,Female,1,False,False,0.0,0.44797806323887507
RACESURV34a_W43,gender,inferred,,Inferred from name,female,Female,Female,1,True,True,1.0,0.4479465749887293
RACESURV34b_W43,gender,inferred,,Inferred from name,male,Male,Female,1,False,False,0.0,0.4263528902494218
RACESURV34b_W43,gender,inferred,,Inferred from name,female,Female,Female,1,True,True,1.0,0.42634184674718
RACESURV34c_W43,gender,inferred,,Inferred from name,male,Male,Male,1,True,True,1.0,0.6340579445871983
RACESURV34c_W43,gender,inferred,,Inferred from name,female,Female,Male,1,False,False,0.0,0.6340127118397951
RACESURV34d_W43,gender,inferred,,Inferred from name,male,Male,Male,1,True,True,1.0,0.17668149100773006
RACESURV34d_W43,gender,inferred,,Inferred from name,female,Female,Male,1,False,False,0.0,0.28779577718396104
RACESURV34e_W43,gender,inferred,,Inferred from name,male,Male,Female,1,False,False,0.0,0.5138207576871077
RACESURV34e_W43,gender,inferred,,Inferred from name,female,Female,Female,1,True,True,1.0,0.48628481125039796
RACESURV38_W43,gender,inferred,,Inferred from name,male,Male,Male,1,True,True,1.0,0.6519979273566625
RACESURV38_W43,gender,inferred,,Inferred from name,female,Female,Male,1,False,False,0.0,0.5572099437912241
RACESURV40_W43,gender,inferred,,Inferred from name,male,Male,Female,1,False,False,0.0,0.2696747971951591
RACESURV40_W43,gender,inferred,,Inferred from name,female,Female,Female,1,True,True,1.0,0.2696749595922842
RACESURV41_W43,gender,inferred,,Inferred from name,male,Male,Female,1,False,False,0.0,0.4533563460394777
RACESURV41_W43,gender,inferred,,Inferred from name,female,Female,Female,1,True,True,1.0,0.45328241460276264
RACESURV45_W43,gender,inferred,,Inferred from name,male,Male,Female,1,False,False,0.0,0.5801122186846525
RACESURV45_W43,gender,inferred,,Inferred from name,female,Female,Female,1,True,True,1.0,0.5801270487127194
RACESURV47a_W43,gender,inferred,,Inferred from name,male,Male,Female,1,False,False,0.0,1.4704623055000001
RACESURV47a_W43,gender,inferred,,Inferred from name,female,Female,Female,1,True,True,1.0,1.4704623045
RACESURV47b_W43,gender,inferred,,Inferred from name,male,Male,Female,1,False,False,0.0,1.0007754404999276
RACESURV47b_W43,gender,inferred,,Inferred from name,female,Female,Female,1,True,True,1.0,1.0007754464999288
RACESURV47d_W43,gender,inferred,,Inferred from name,male,Male,Female,1,False,False,0.0,1.568369866528122
RACESURV47d_W43,gender,inferred,,Inferred from name,female,Female,Female,1,True,True,1.0,1.583675540348889
RACESURV47e_W43,gender,inferred,,Inferred from name,male,Male,Male,1,True,True,1.0,0.6812594838686952
RACESURV47e_W43,gender,inferred,,Inferred from name,female,Female,Male,1,False,False,0.0,0.6525537774727568
RACESURV47f_W43,gender,inferred,,Inferred from name,male,Male,Female,1,False,False,0.0,1.0332792064999978
RACESURV47f_W43,gender,inferred,,Inferred from name,female,Female,Female,1,True,True,1.0,1.033279208499998
RACESURV48_W43,gender,inferred,,Inferred from name,male,Male,Female,1,False,False,0.0,0.7268718299999999
RACESURV48_W43,gender,inferred,,Inferred from name,female,Female,Female,1,True,True,1.0,0.7268718299999999
RACESURV51_W43,gender,inferred,,Inferred from name,male,Male,Male,1,True,True,1.0,0.1607069610000093
RACESURV51_W43,gender,inferred,,Inferred from name,female,Female,Male,1,False,False,0.0,0.16070650099998296
RACESURV52_W43,gender,inferred,,Inferred from name,male,Male,Female,1,False,False,0.0,0.9198069227100836
RACESURV52_W43,gender,inferred,,Inferred from name,female,Female,Female,1,True,True,1.0,0.9196191596921665
RACESURV5a_W43,gender,inferred,,Inferred from name,male,Male,Male,1,True,True,1.0,0.6589984292418615
RACESURV5a_W43,gender,inferred,,Inferred from name,female,Female,Male,1,False,False,0.0,0.6560461689655307
RACESURV5b_W43,gender,inferred,,Inferred from name,male,Male,Male,1,True,True,1.0,0.6304209010000582
RACESURV5b_W43,gender,inferred,,Inferred from name,female,Female,Male,1,False,False,0.0,0.6304191432500529
RACESURV5d_W43,gender,inferred,,Inferred from name,male,Male,Female,1,False,False,0.0,0.3860477209408198
RACESURV5d_W43,gender,inferred,,Inferred from name,female,Female,Female,1,True,True,1.0,0.36706122255401097
RACESURV5e_W43,gender,inferred,,Inferred from name,male,Male,Female,1,False,False,0.0,0.6469403039999657
RACESURV5e_W43,gender,inferred,,Inferred from name,female,Female,Female,1,True,True,1.0,0.646939154250002
RACESURV5f_W43,gender,inferred,,Inferred from name,male,Male,Female,1,False,False,0.0,0.3026398847266568
RACESURV5f_W43,gender,inferred,,Inferred from name,female,Female,Female,1,True,True,1.0,0.30238570298264766
RACESURV5g_W43,gender,inferred,,Inferred from name,male,Male,Female,1,False,False,0.0,0.7049267020672866
RACESURV5g_W43,gender,inferred,,Inferred from name,female,Female,Female,1,True,True,1.0,0.645015629640801
RACESURV5h_W43,gender,inferred,,Inferred from name,male,Male,Male,1,True,True,1.0,0.4520989117399214
RACESURV5h_W43,gender,inferred,,Inferred from name,female,Female,Male,1,False,False,0.0,0.4317479700843573
RACESURV5i_W43,gender,inferred,,Inferred from name,male,Male,Male,1,True,True,1.0,0.518478444231118
RACESURV5i_W43,gender,inferred,,Inferred from name,female,Female,Male,1,False,False,0.0,0.5495454120165034
RACESURV5j_W43,gender,inferred,,Inferred from name,male,Male,Male,1,True,True,1.0,0.5072295337904287
RACESURV5j_W43,gender,inferred,,Inferred from name,female,Female,Male,1,False,False,0.0,0.409531692771515
RACESURV5l_W43,gender,inferred,,Inferred from name,male,Male,Male,1,True,True,1.0,0.2090035316729909
RACESURV5l_W43,gender,inferred,,Inferred from name,female,Female,Male,1,False,False,0.0,0.19571545479098285
RACESURV9_W43,gender,inferred,,Inferred from name,male,Male,Male,1,True,True,1.0,0.4375599545148387
RACESURV9_W43,gender,inferred,,Inferred from name,female,Female,Male,1,False,False,0.0,0.43481405603672363
INFOCHALa_W45,gender,inferred,,Inferred from name,male,Male,Male,1,True,True,1.0,0.44469672000000005
INFOCHALa_W45,gender,inferred,,Inferred from name,female,Female,Male,1,False,False,0.0,0.44469672000000005
INFOCREATEa_W45,gender,inferred,,Inferred from name,male,Male,Female,1,False,False,0.0,0.561223005500052
INFOCREATEa_W45,gender,inferred,,Inferred from name,female,Female,Female,1,True,True,1.0,0.5612277390000189
MADEUPOFT_W45,gender,inferred,,Inferred from name,male,Male,Male,1,True,True,1.0,0.7171464437697599
MADEUPOFT_W45,gender,inferred,,Inferred from name,female,Female,Male,1,False,False,0.0,0.7110181497340952
MADEUPTOPICb_W45,gender,inferred,,Inferred from name,male,Male,Female,1,False,False,0.0,0.3934692830653066
MADEUPTOPICb_W45,gender,inferred,,Inferred from name,female,Female,Female,1,True,True,1.0,0.39346928406530646
MADEUPTOPICc_W45,gender,inferred,,Inferred from name,male,Male,Male,1,True,True,1.0,1.1123961749999605
MADEUPTOPICc_W45,gender,inferred,,Inferred from name,female,Female,Male,1,False,False,0.0,1.112395053500027
MADEUPTOPICd_W45,gender,inferred,,Inferred from name,male,Male,Female,1,False,False,0.0,0.8974505740000062
MADEUPTOPICd_W45,gender,inferred,,Inferred from name,female,Female,Female,1,True,True,1.0,0.8974503540000183
NEWSPROBd_W45,gender,inferred,,Inferred from name,male,Male,Female,1,False,False,0.0,1.2558039736107438
NEWSPROBd_W45,gender,inferred,,Inferred from name,female,Female,Female,1,True,True,1.0,1.2468746237524129
NEWSPROBe_W45,gender,inferred,,Inferred from name,male,Male,Male,1,True,True,1.0,0.5059571151353204
NEWSPROBe_W45,gender,inferred,,Inferred from name,female,Female,Male,1,False,False,0.0,0.5803449946101339
NEWS_PLATFORMg_W45,gender,inferred,,Inferred from name,male,Male,Male,1,True,True,1.0,0.8742393060794836
NEWS_PLATFORMg_W45,gender,inferred,,Inferred from name,female,Female,Male,1,False,False,0.0,0.6231011494633923
SMLIKESb_W45,gender,inferred,,Inferred from name,male,Male,Male,1,True,True,1.0,0.7743295254208185
SMLIKESb_W45,gender,inferred,,Inferred from name,female,Female,Male,1,False,False,0.0,0.6313385342632631
SMLIKESf_W45,gender,inferred,,Inferred from name,male,Male,Female,1,False,False,0.0,0.57066530020708
SMLIKESf_W45,gender,inferred,,Inferred from name,female,Female,Female,1,True,True,1.0,0.5707834017102221
BENEFITGOV_W49,gender,inferred,,Inferred from name,male,Male,Male,1,True,True,1.0,0.35418920749999994
BENEFITGOV_W49,gender,inferred,,Inferred from name,female,Female,Male,1,False,False,0.0,0.35418911850000034
CONCERNCO_W49,gender,inferred,,Inferred from name,male,Male,Female,1,False,False,0.0,0.7932403806093813
CONCERNCO_W49,gender,inferred,,Inferred from name,female,Female,Female,1,True,True,1.0,0.8057658708764938
CONCERNGRPa_W49,gender,inferred,,Inferred from name,male,Male,Female,1,False,False,0.0,0.6200287708447745
CONCERNGRPa_W49,gender,inferred,,Inferred from name,female,Female,Female,1,True,True,1.0,0.48099149289120496
CONCERNGRPc_W49,gender,inferred,,Inferred from name,male,Male,Female,1,False,False,0.0,0.5248605126513763
CONCERNGRPc_W49,gender,inferred,,Inferred from name,female,Female,Female,1,True,True,1.0,0.47186503923952944
CONTROLCO_W49,gender,inferred,,Inferred from name,male,Male,Female,1,False,False,0.0,0.48736872049985475
CONTROLCO_W49,gender,inferred,,Inferred from name,female,Female,Female,1,True,True,1.0,0.4873703185000117
CONTROLGRPc_W49,gender,inferred,,Inferred from name,male,Male,Female,1,False,False,0.0,1.3022506603784794
CONTROLGRPc_W49,gender,inferred,,Inferred from name,female,Female,Female,1,True,True,1.0,1.3014856187850226
DATAUSEd_W49,gender,inferred,,Inferred from name,male,Male,Male,1,True,True,1.0,0.45430997362537584
DATAUSEd_W49,gender,inferred,,Inferred from name,female,Female,Male,1,False,False,0.0,0.449157582140677
FACE3c_W49,gender,inferred,,Inferred from name,male,Male,Female,1,False,False,0.0,0.5138739635697351
FACE3c_W49,gender,inferred,,Inferred from name,female,Female,Female,1,True,True,1.0,0.49852366196666253
GOVREGV1_W49,gender,inferred,,Inferred from name,male,Male,Male,1,True,True,1.0,0.15791588667084105
GOVREGV1_W49,gender,inferred,,Inferred from name,female,Female,Male,1,False,False,0.0,0.157915888170841
HOMEASSIST2_W49,gender,inferred,,Inferred from name,male,Male,Female,1,False,False,0.0,0.6277515219912678
HOMEASSIST2_W49,gender,inferred,,Inferred from name,female,Female,Female,1,True,True,1.0,0.629763098437136
HOMEASSIST3_W49,gender,inferred,,Inferred from name,male,Male,Male,1,True,True,1.0,0.20563720970468524
HOMEASSIST3_W49,gender,inferred,,Inferred from name,female,Female,Female,1,True,True,1.0,0.2743633918402399
HOMEASSIST4_W49,gender,inferred,,Inferred from name,male,Male,Female,1,False,False,0.0,1.3310667200000001
HOMEASSIST4_W49,gender,inferred,,Inferred from name,female,Female,Female,1,True,True,1.0,1.3310667180000002
PP5e_W49,gender,inferred,,Inferred from name,male,Male,Female,1,False,False,0.0,0.6010137927066783
PP5e_W49,gender,inferred,,Inferred from name,female,Female,Female,1,True,True,1.0,0.4877106771652573
PWMAN2_W49,gender,inferred,,Inferred from name,male,Male,Male,1,True,True,1.0,1.9449303074594106
PWMAN2_W49,gender,inferred,,Inferred from name,female,Female,Male,1,False,False,0.0,1.7849582818690006
SMARTAPP_W49,gender,inferred,,Inferred from name,male,Male,Male,1,True,True,1.0,0.9588884255000892
SMARTAPP_W49,gender,inferred,,Inferred from name,female,Female,Male,1,False,False,0.0,0.9588873920002059
TRACKCO1a_W49,gender,inferred,,Inferred from name,male,Male,Male,1,True,True,1.0,0.9500174779706636
TRACKCO1a_W49,gender,inferred,,Inferred from name,female,Female,Male,1,False,False,0.0,0.949610183013489
TRACKCO1b_W49,gender,inferred,,Inferred from name,male,Male,Male,1,True,True,1.0,1.9649403049739522
TRACKCO1b_W49,gender,inferred,,Inferred from name,female,Female,Male,1,False,False,0.0,1.9169661514252962
TRACKGOV1a_W49,gender,inferred,,Inferred from name,male,Male,Female,1,False,False,0.0,1.0085116529450358
TRACKGOV1a_W49,gender,inferred,,Inferred from name,female,Female,Female,1,True,True,1.0,1.0118046208152545
TRACKGOV1b_W49,gender,inferred,,Inferred from name,male,Male,Male,1,True,True,1.0,0.9357547814409972
TRACKGOV1b_W49,gender,inferred,,Inferred from name,female,Female,Male,1,False,False,0.0,0.9370166259873187
COHABDUR_W50,gender,inferred,,Inferred from name,male,Male,Male,1,True,True,1.0,1.6515584031385635
COHABDUR_W50,gender,inferred,,Inferred from name,female,Female,Male,1,False,False,0.0,1.2298685532508178
DNA2b_W50,gender,inferred,,Inferred from name,male,Male,Female,1,False,False,0.0,0.3522941430263322
DNA2b_W50,gender,inferred,,Inferred from name,female,Female,Female,1,True,True,1.0,0.3352896905758199
DNA5_W50,gender,inferred,,Inferred from name,male,Male,Female,1,False,False,0.0,0.14084005306500236
DNA5_W50,gender,inferred,,Inferred from name,female,Female,Female,1,True,True,1.0,0.1372444515845806
E5MOD_W50,gender,inferred,,Inferred from name,male,Male,Male,1,True,True,1.0,1.092316674999999
E5MOD_W50,gender,inferred,,Inferred from name,female,Female,Male,1,False,False,0.0,1.092316535500005
FAMSURV10c_W50,gender,inferred,,Inferred from name,male,Male,Male,1,True,True,1.0,0.40393487982634046
FAMSURV10c_W50,gender,inferred,,Inferred from name,female,Female,Female,1,True,True,1.0,0.40259663930336054
FAMSURV16_W50,gender,inferred,,Inferred from name,male,Male,Female,1,False,False,0.0,0.32108973974706034
FAMSURV16_W50,gender,inferred,,Inferred from name,female,Female,Female,1,True,True,1.0,0.32156858875009436
FAMSURV1_W50,gender,inferred,,Inferred from name,male,Male,Male,1,True,True,1.0,0.13754386536365837
FAMSURV1_W50,gender,inferred,,Inferred from name,female,Female,Female,1,True,True,1.0,0.39994714819078414
FAMSURV20_W50,gender,inferred,,Inferred from name,male,Male,Male,1,True,True,1.0,0.39514750592714776
FAMSURV20_W50,gender,inferred,,Inferred from name,female,Female,Male,1,False,False,0.0,0.38178139384969
FAMSURV23b_W50,gender,inferred,,Inferred from name,male,Male,Female,1,False,False,0.0,0.44853038585188265
FAMSURV23b_W50,gender,inferred,,Inferred from name,female,Female,Female,1,True,True,1.0,0.4241746869086471
FAMSURV23c_W50,gender,inferred,,Inferred from name,male,Male,Male,1,True,True,1.0,0.22891644199567285
FAMSURV23c_W50,gender,inferred,,Inferred from name,female,Female,Male,1,False,False,0.0,0.21984068907455884
FAMSURV23d_W50,gender,inferred,,Inferred from name,male,Male,Female,1,False,False,0.0,0.7654210202494682
FAMSURV23d_W50,gender,inferred,,Inferred from name,female,Female,Female,1,True,True,1.0,0.7800836256823405
FAMSURV23e_W50,gender,inferred,,Inferred from name,male,Male,Female,1,False,False,0.0,0.9382812416701432
FAMSURV23e_W50,gender,inferred,,Inferred from name,female,Female,Female,1,True,True,1.0,0.9343309289905279
FAMSURV23f_W50,gender,inferred,,Inferred from name,male,Male,Male,1,True,True,1.0,0.642502467485154
FAMSURV23f_W50,gender,inferred,,Inferred from name,female,Female,Male,1,False,False,0.0,0.6518424703500187
FAMSURV23g_W50,gender,inferred,,Inferred from name,male,Male,Male,1,True,True,1.0,0.6063380833352852
FAMSURV23g_W50,gender,inferred,,Inferred from name,female,Female,Male,1,False,False,0.0,0.6148051649543838
FAMSURV26a_W50,gender,inferred,,Inferred from name,male,Male,Female,1,False,False,0.0,0.4669596280000003
FAMSURV26a_W50,gender,inferred,,Inferred from name,female,Female,Female,1,True,True,1.0,0.46695961950000053
FAMSURV26b_W50,gender,inferred,,Inferred from name,male,Male,Male,1,True,True,1.0,0.6780789085000025
FAMSURV26b_W50,gender,inferred,,Inferred from name,female,Female,Male,1,False,False,0.0,0.6780787385000026
FAMSURV26c_W50,gender,inferred,,Inferred from name,male,Male,Male,1,True,True,1.0,0.393469199000003
FAMSURV26c_W50,gender,inferred,,Inferred from name,female,Female,Male,1,False,False,0.0,0.39346912700000564
FAMSURV26d_W50,gender,inferred,,Inferred from name,male,Male,Male,1,True,True,1.0,0.7579797585000069
FAMSURV26d_W50,gender,inferred,,Inferred from name,female,Female,Male,1,False,False,0.0,0.7579776259999846
FAMSURV29_W50,gender,inferred,,Inferred from name,male,Male,Male,1,True,True,1.0,1.1599389274096639
FAMSURV29_W50,gender,inferred,,Inferred from name,female,Female,Male,1,False,False,0.0,1.1203191308277962
FAMSURV2Ma_W50,gender,inferred,,Inferred from name,male,Male,Female,1,False,False,0.0,0.4379142164999681
FAMSURV2Ma_W50,gender,inferred,,Inferred from name,female,Female,Female,1,True,True,1.0,0.43790522949996913
FAMSURV2Mc_W50,gender,inferred,,Inferred from name,male,Male,Female,1,False,False,0.0,0.40909685290896414
FAMSURV2Mc_W50,gender,inferred,,Inferred from name,female,Female,Female,1,True,True,1.0,0.4090913409089316
FAMSURV2Wa_W50,gender,inferred,,Inferred from name,male,Male,Male,1,True,True,1.0,0.4357958873579332
FAMSURV2Wa_W50,gender,inferred,,Inferred from name,female,Female,Male,1,False,False,0.0,0.43579738535804335
FAMSURV2Wc_W50,gender,inferred,,Inferred from name,male,Male,Male,1,True,True,1.0,0.4250498704999693
FAMSURV2Wc_W50,gender,inferred,,Inferred from name,female,Female,Male,1,False,False,0.0,0.42505024149999865
FAMSURV32e_W50,gender,inferred,,Inferred from name,male,Male,Male,1,True,True,1.0,0.3017371900000002
FAMSURV32e_W50,gender,inferred,,Inferred from name,female,Female,Male,1,False,False,0.0,0.1499989901198615
FAMSURV39_W50,gender,inferred,,Inferred from name,male,Male,Male,1,True,True,1.0,1.246556482532288
FAMSURV39_W50,gender,inferred,,Inferred from name,female,Female,Male,1,False,False,0.0,1.23887600785964
FAMSURV3_W50,gender,inferred,,Inferred from name,male,Male,Male,1,True,True,1.0,0.420653380912164
FAMSURV3_W50,gender,inferred,,Inferred from name,female,Female,Male,1,False,False,0.0,0.4267317360498817
FAMSURV40_W50,gender,inferred,,Inferred from name,male,Male,Female,1,False,False,0.0,1.3332740621672579
FAMSURV40_W50,gender,inferred,,Inferred from name,female,Female,Female,1,True,True,1.0,1.3332627991671735
FAMSURV43_W50,gender,inferred,,Inferred from name,male,Male,Male,1,True,True,1.0,0.6095324156994577
FAMSURV43_W50,gender,inferred,,Inferred from name,female,Female,Male,1,False,False,0.0,0.616568561575997
FAMSURV44_W50,gender,inferred,,Inferred from name,male,Male,Male,1,True,True,1.0,1.71364415163693
FAMSURV44_W50,gender,inferred,,Inferred from name,female,Female,Male,1,False,False,0.0,1.7136107751382696
FAMSURV6_W50,gender,inferred,,Inferred from name,male,Male,Female,1,False,False,0.0,1.1589798139093133
FAMSURV6_W50,gender,inferred,,Inferred from name,female,Female,Female,1,True,True,1.0,1.1589898399094092
FAMSURV9c_W50,gender,inferred,,Inferred from name,male,Male,Male,1,True,True,1.0,0.855946953891494
FAMSURV9c_W50,gender,inferred,,Inferred from name,female,Female,Male,1,False,False,0.0,0.6156803063209686
FATHER_W50,gender,inferred,,Inferred from name,male,Male,Female,1,False,False,0.0,0.4741953000000039
FATHER_W50,gender,inferred,,Inferred from name,female,Female,Female,1,True,True,1.0,0.4741942964999697
HAVEKIDS1_W50,gender,inferred,,Inferred from name,male,Male,Male,1,True,True,1.0,1.4927439865001029
HAVEKIDS1_W50,gender,inferred,,Inferred from name,female,Female,Male,1,False,False,0.0,1.4927164830004052
MARRDUR_W50,gender,inferred,,Inferred from name,male,Male,Female,1,False,False,0.0,3.835275127766308
MARRDUR_W50,gender,inferred,,Inferred from name,female,Female,Female,1,True,True,1.0,3.3911990106449483
MARRYPREF1_W50,gender,inferred,,Inferred from name,male,Male,Male,1,True,True,1.0,0.32502289824999553
MARRYPREF1_W50,gender,inferred,,Inferred from name,female,Female,Male,1,False,False,0.0,0.32502293899999896
MARRYPREF2_W50,gender,inferred,,Inferred from name,male,Male,Male,1,True,True,1.0,0.32275181074999665
MARRYPREF2_W50,gender,inferred,,Inferred from name,female,Female,Male,1,False,False,0.0,0.3227522127499956
MOTHER_W50,gender,inferred,,Inferred from name,male,Male,Female,1,False,False,0.0,0.5968962310000023
MOTHER_W50,gender,inferred,,Inferred from name,female,Female,Female,1,True,True,1.0,0.5968962845000056
PAR1_W50,gender,inferred,,Inferred from name,male,Male,Male,1,True,True,1.0,0.17598681825020088
PAR1_W50,gender,inferred,,Inferred from name,female,Female,Male,1,False,False,0.0,0.1759836512498668
PAR2_W50,gender,inferred,,Inferred from name,male,Male,Male,1,True,True,1.0,0.16207858374999742
PAR2_W50,gender,inferred,,Inferred from name,female,Female,Male,1,False,False,0.0,0.1620786144999949
ROMRELDUR_W50,gender,inferred,,Inferred from name,male,Male,Male,1,True,True,1.0,2.3193761922957243
ROMRELDUR_W50,gender,inferred,,Inferred from name,female,Female,Male,1,False,False,0.0,1.8096483336164502
ROMRELSER_W50,gender,inferred,,Inferred from name,male,Male,Male,1,True,True,1.0,2.024448074107234
ROMRELSER_W50,gender,inferred,,Inferred from name,female,Female,Male,1,False,False,0.0,1.917709151780369
SATLIFEc_W50,gender,inferred,,Inferred from name,male,Male,Female,1,False,False,0.0,0.26028407860733205
SATLIFEc_W50,gender,inferred,,Inferred from name,female,Female,Male,1,False,False,0.0,0.25252300569433894
ECIMPg_W54,gender,inferred,,Inferred from name,male,Male,Female,1,False,False,0.0,0.09037815809621685
ECIMPg_W54,gender,inferred,,Inferred from name,female,Female,Female,1,True,True,1.0,0.09037817409621729
ECON1_W54,gender,inferred,,Inferred from name,male,Male,Female,1,False,False,0.0,0.4613331874472423
ECON1_W54,gender,inferred,,Inferred from name,female,Female,Female,1,True,True,1.0,0.5084496998379264
ECON3_d_W54,gender,inferred,,Inferred from name,male,Male,Female,1,False,False,0.0,0.4741410892031639
ECON3_d_W54,gender,inferred,,Inferred from name,female,Female,Female,1,True,True,1.0,0.5306524483429936
ECON4_a_W54,gender,inferred,,Inferred from name,male,Male,Female,1,False,False,0.0,0.876611983498638
ECON4_a_W54,gender,inferred,,Inferred from name,female,Female,Female,1,True,True,1.0,0.8972822080968456
ECON4_b_W54,gender,inferred,,Inferred from name,male,Male,Male,1,True,True,1.0,0.6883014980859292
ECON4_b_W54,gender,inferred,,Inferred from name,female,Female,Male,1,False,False,0.0,0.6446847202929827
ECON4_e_W54,gender,inferred,,Inferred from name,male,Male,Male,1,True,True,1.0,0.9861848965466335
ECON4_e_W54,gender,inferred,,Inferred from name,female,Female,Male,1,False,False,0.0,0.987099795431472
ECON4_f_W54,gender,inferred,,Inferred from name,male,Male,Male,1,True,True,1.0,0.9618793079973569
ECON4_f_W54,gender,inferred,,Inferred from name,female,Female,Male,1,False,False,0.0,0.9621163059786488
ECON4_g_W54,gender,inferred,,Inferred from name,male,Male,Male,1,True,True,1.0,0.7226351253779533
ECON4_g_W54,gender,inferred,,Inferred from name,female,Female,Male,1,False,False,0.0,0.7247651861904126
ECON5_b_W54,gender,inferred,,Inferred from name,male,Male,Female,1,False,False,0.0,0.7604593739742463
ECON5_b_W54,gender,inferred,,Inferred from name,female,Female,Female,1,True,True,1.0,0.7603326869594735
ECON5_c_W54,gender,inferred,,Inferred from name,male,Male,Female,1,False,False,0.0,0.6908248097487519
ECON5_c_W54,gender,inferred,,Inferred from name,female,Female,Female,1,True,True,1.0,0.6908294074991926
ECON5_d_W54,gender,inferred,,Inferred from name,male,Male,Female,1,False,False,0.0,0.8988679230126588
ECON5_d_W54,gender,inferred,,Inferred from name,female,Female,Female,1,True,True,1.0,0.8982629295084846
ECON5_e_W54,gender,inferred,,Inferred from name,male,Male,Female,1,False,False,0.0,0.7251877552397167
ECON5_e_W54,gender,inferred,,Inferred from name,female,Female,Female,1,True,True,1.0,0.7252558359613015
ECON5_f_W54,gender,inferred,,Inferred from name,male,Male,Female,1,False,False,0.0,0.7067265864979217
ECON5_f_W54,gender,inferred,,Inferred from name,female,Female,Female,1,True,True,1.0,0.7067329254984198
ECON5_g_W54,gender,inferred,,Inferred from name,male,Male,Female,1,False,False,0.0,0.5661276069934645
ECON5_g_W54,gender,inferred,,Inferred from name,female,Female,Female,1,True,True,1.0,0.5745324938429389
ECON5_h_W54,gender,inferred,,Inferred from name,male,Male,Female,1,False,False,0.0,0.7501562096071117
ECON5_h_W54,gender,inferred,,Inferred from name,female,Female,Female,1,True,True,1.0,0.7463233347616596
ECON5_i_W54,gender,inferred,,Inferred from name,male,Male,Female,1,False,False,0.0,0.7708320272074166
ECON5_i_W54,gender,inferred,,Inferred from name,female,Female,Female,1,True,True,1.0,0.77082309720588
ECON5_j_W54,gender,inferred,,Inferred from name,male,Male,Female,1,False,False,0.0,0.6546597427962777
ECON5_j_W54,gender,inferred,,Inferred from name,female,Female,Female,1,True,True,1.0,0.6546257740486203
ECON5_k_W54,gender,inferred,,Inferred from name,male,Male,Male,1,True,True,1.0,0.6376303928712316
ECON5_k_W54,gender,inferred,,Inferred from name,female,Female,Male,1,False,False,0.0,0.6380994568618161
FIN_SIT_W54,gender,inferred,,Inferred from name,male,Male,Male,1,True,True,1.0,0.999820236500273
FIN_SIT_W54,gender,inferred,,Inferred from name,female,Female,Male,1,False,False,0.0,0.999782802500317
GOVPRIORITYb_W54,gender,inferred,,Inferred from name,male,Male,Female,1,False,False,0.0,0.3180030950703601
GOVPRIORITYb_W54,gender,inferred,,Inferred from name,female,Female,Female,1,True,True,1.0,0.46693405953211786
GOVPRIORITYc_W54,gender,inferred,,Inferred from name,male,Male,Female,1,False,False,0.0,0.7288299964996057
GOVPRIORITYc_W54,gender,inferred,,Inferred from name,female,Female,Female,1,True,True,1.0,0.7288606944993443
GOVPRIORITYd_W54,gender,inferred,,Inferred from name,male,Male,Female,1,False,False,0.0,0.7315823800000001
GOVPRIORITYd_W54,gender,inferred,,Inferred from name,female,Female,Female,1,True,True,1.0,0.7315823790000001
GOVPRIORITYf_W54,gender,inferred,,Inferred from name,male,Male,Female,1,False,False,0.0,0.4421050800000239
GOVPRIORITYf_W54,gender,inferred,,Inferred from name,female,Female,Female,1,True,True,1.0,0.4421051130000446
INEQ11_W54,gender,inferred,,Inferred from name,male,Male,Female,1,False,False,0.0,0.06593371206069959
INEQ11_W54,gender,inferred,,Inferred from name,female,Female,Female,1,True,True,1.0,0.06852338464034194
INEQ1_W54,gender,inferred,,Inferred from name,male,Male,Male,1,True,True,1.0,0.2348859095000012
INEQ1_W54,gender,inferred,,Inferred from name,female,Female,Male,1,False,False,0.0,0.23488673674999888
INEQ4_a_W54,gender,inferred,,Inferred from name,male,Male,Female,1,False,False,0.0,0.20018665265120683
INEQ4_a_W54,gender,inferred,,Inferred from name,female,Female,Female,1,True,True,1.0,0.052208598763542446
INEQ5_a_W54,gender,inferred,,Inferred from name,male,Male,Female,1,False,False,0.0,0.6485512145029153
INEQ5_a_W54,gender,inferred,,Inferred from name,female,Female,Female,1,True,True,1.0,0.6869150590017656
INEQ5_d_W54,gender,inferred,,Inferred from name,male,Male,Female,1,False,False,0.0,0.75763132648454
INEQ5_d_W54,gender,inferred,,Inferred from name,female,Female,Female,1,True,True,1.0,0.8006120693401787
INEQ5_e_W54,gender,inferred,,Inferred from name,male,Male,Female,1,False,False,0.0,0.9607001990142756
INEQ5_e_W54,gender,inferred,,Inferred from name,female,Female,Female,1,True,True,1.0,0.9608094785033184
INEQ5_f_W54,gender,inferred,,Inferred from name,male,Male,Male,1,True,True,1.0,0.6850079270318297
INEQ5_f_W54,gender,inferred,,Inferred from name,female,Female,Male,1,False,False,0.0,0.661025192342731
INEQ5_h_W54,gender,inferred,,Inferred from name,male,Male,Male,1,True,True,1.0,0.7681890443783925
INEQ5_h_W54,gender,inferred,,Inferred from name,female,Female,Male,1,False,False,0.0,0.7707120567306587
INEQ5_i_W54,gender,inferred,,Inferred from name,male,Male,Female,1,False,False,0.0,0.8105797745753822
INEQ5_i_W54,gender,inferred,,Inferred from name,female,Female,Female,1,True,True,1.0,0.8170480312102936
INEQ5_k_W54,gender,inferred,,Inferred from name,male,Male,Female,1,False,False,0.0,1.020130890999999
INEQ5_k_W54,gender,inferred,,Inferred from name,female,Female,Female,1,True,True,1.0,1.0201309160000012
INEQ5_l_W54,gender,inferred,,Inferred from name,male,Male,Female,1,False,False,0.0,0.8760348969999042
INEQ5_l_W54,gender,inferred,,Inferred from name,female,Female,Female,1,True,True,1.0,0.876017836499717
INEQ5_m_W54,gender,inferred,,Inferred from name,male,Male,Female,1,False,False,0.0,0.9192974965010263
INEQ5_m_W54,gender,inferred,,Inferred from name,female,Female,Female,1,True,True,1.0,0.9193083065007107
INEQ8_a_W54,gender,inferred,,Inferred from name,male,Male,Female,1,False,False,0.0,0.7840281863232308
INEQ8_a_W54,gender,inferred,,Inferred from name,female,Female,Female,1,True,True,1.0,0.7766950618870245
INEQ8_b_W54,gender,inferred,,Inferred from name,male,Male,Female,1,False,False,0.0,0.853899713454999
INEQ8_b_W54,gender,inferred,,Inferred from name,female,Female,Female,1,True,True,1.0,0.8517200535051799
INEQ8_c_W54,gender,inferred,,Inferred from name,male,Male,Female,1,False,False,0.0,0.5535143542582488
INEQ8_c_W54,gender,inferred,,Inferred from name,female,Female,Female,1,True,True,1.0,0.41526099047057474
INEQ8_d_W54,gender,inferred,,Inferred from name,male,Male,Female,1,False,False,0.0,0.8457464950010108
INEQ8_d_W54,gender,inferred,,Inferred from name,female,Female,Female,1,True,True,1.0,0.8451356060162183
INEQ8_f_W54,gender,inferred,,Inferred from name,male,Male,Female,1,False,False,0.0,0.7945206080436931
INEQ8_f_W54,gender,inferred,,Inferred from name,female,Female,Female,1,True,True,1.0,0.794210334524525
INEQ8_g_W54,gender,inferred,,Inferred from name,male,Male,Female,1,False,False,0.0,0.5229416747426264
INEQ8_g_W54,gender,inferred,,Inferred from name,female,Female,Female,1,True,True,1.0,0.3773919879687008
INEQ8_h_W54,gender,inferred,,Inferred from name,male,Male,Male,1,True,True,1.0,1.6234455145980546
INEQ8_h_W54,gender,inferred,,Inferred from name,female,Female,Male,1,False,False,0.0,1.6220874007307322
INEQ8_i_W54,gender,inferred,,Inferred from name,male,Male,Female,1,False,False,0.0,0.7842125517118246
INEQ8_i_W54,gender,inferred,,Inferred from name,female,Female,Female,1,True,True,1.0,0.7750998273650611
INEQ8_j_W54,gender,inferred,,Inferred from name,male,Male,Female,1,False,False,0.0,0.6054618034403091
INEQ8_j_W54,gender,inferred,,Inferred from name,female,Female,Female,1,True,True,1.0,0.6469968210138111
JOBTRAIN_W54,gender,inferred,,Inferred from name,male,Male,Female,1,False,False,0.0,0.61485219
JOBTRAIN_W54,gender,inferred,,Inferred from name,female,Female,Female,1,True,True,1.0,0.61485219
WORRY2a_W54,gender,inferred,,Inferred from name,male,Male,Male,1,True,True,1.0,2.014192395001125
WORRY2a_W54,gender,inferred,,Inferred from name,female,Female,Male,1,False,False,0.0,2.013805451498491
WORRY2b_W54,gender,inferred,,Inferred from name,male,Male,Male,1,True,True,1.0,1.5889404020162798
WORRY2b_W54,gender,inferred,,Inferred from name,female,Female,Male,1,False,False,0.0,1.5888527040124008
WORRY2c_W54,gender,inferred,,Inferred from name,male,Male,Male,1,True,True,1.0,2.0716473464965572
WORRY2c_W54,gender,inferred,,Inferred from name,female,Female,Male,1,False,False,0.0,2.071123465020882
WORRY2d_W54,gender,inferred,,Inferred from name,male,Male,Male,1,True,True,1.0,1.6335039177402981
WORRY2d_W54,gender,inferred,,Inferred from name,female,Female,Male,1,False,False,0.0,1.420884073738503
WORRY2e_W54,gender,inferred,,Inferred from name,male,Male,Male,1,True,True,1.0,1.467480335065422
WORRY2e_W54,gender,inferred,,Inferred from name,female,Female,Male,1,False,False,0.0,1.4317830547783412
GAP21Q10_W82,gender,inferred,,Inferred from name,male,Male,Female,1,False,False,0.0,0.4106399635474973
GAP21Q10_W82,gender,inferred,,Inferred from name,female,Female,Female,1,True,True,1.0,0.411053315323937
GAP21Q13_b_W82,gender,inferred,,Inferred from name,male,Male,Female,1,False,False,0.0,0.5430198535000902
GAP21Q13_b_W82,gender,inferred,,Inferred from name,female,Female,Female,1,True,True,1.0,0.543027110500023
GAP21Q15_a_W82,gender,inferred,,Inferred from name,male,Male,Female,1,False,False,0.0,0.9794770972913426
GAP21Q15_a_W82,gender,inferred,,Inferred from name,female,Female,Female,1,True,True,1.0,0.9904185713115962
GAP21Q15_b_W82,gender,inferred,,Inferred from name,male,Male,Male,1,True,True,1.0,0.8293847092235638
GAP21Q15_b_W82,gender,inferred,,Inferred from name,female,Female,Male,1,False,False,0.0,0.8295758116709174
GAP21Q15_c_W82,gender,inferred,,Inferred from name,male,Male,Male,1,True,True,1.0,0.705869500058504
GAP21Q15_c_W82,gender,inferred,,Inferred from name,female,Female,Male,1,False,False,0.0,0.7058326425580248
GAP21Q15_d_W82,gender,inferred,,Inferred from name,male,Male,Female,1,False,False,0.0,0.6333799416154419
GAP21Q15_d_W82,gender,inferred,,Inferred from name,female,Female,Female,1,True,True,1.0,0.6480101358950442
GAP21Q15_e_W82,gender,inferred,,Inferred from name,male,Male,Male,1,True,True,1.0,0.4925724862193489
GAP21Q15_e_W82,gender,inferred,,Inferred from name,female,Female,Male,1,False,False,0.0,0.503830107107562
GAP21Q15_f_W82,gender,inferred,,Inferred from name,male,Male,Female,1,False,False,0.0,0.6788175483373339
GAP21Q15_f_W82,gender,inferred,,Inferred from name,female,Female,Female,1,True,True,1.0,0.6853554719008265
GAP21Q17_W82,gender,inferred,,Inferred from name,male,Male,Female,1,False,False,0.0,0.4974626735204495
GAP21Q17_W82,gender,inferred,,Inferred from name,female,Female,Female,1,True,True,1.0,0.49744703902274495
GAP21Q19_a_W82,gender,inferred,,Inferred from name,male,Male,Female,1,False,False,0.0,0.9050914699756313
GAP21Q19_a_W82,gender,inferred,,Inferred from name,female,Female,Female,1,True,True,1.0,0.9065215394773757
GAP21Q19_b_W82,gender,inferred,,Inferred from name,male,Male,Female,1,False,False,0.0,2.190441121505792
GAP21Q19_b_W82,gender,inferred,,Inferred from name,female,Female,Female,1,True,True,1.0,2.1819032134461978
GAP21Q19_c_W82,gender,inferred,,Inferred from name,male,Male,Female,1,False,False,0.0,0.620998794
GAP21Q19_c_W82,gender,inferred,,Inferred from name,female,Female,Female,1,True,True,1.0,0.6209987965
GAP21Q19_d_W82,gender,inferred,,Inferred from name,male,Male,Female,1,False,False,0.0,0.5759148638691644
GAP21Q19_d_W82,gender,inferred,,Inferred from name,female,Female,Female,1,True,True,1.0,0.6131117869081142
GAP21Q19_e_W82,gender,inferred,,Inferred from name,male,Male,Female,1,False,False,0.0,0.328806220530397
GAP21Q19_e_W82,gender,inferred,,Inferred from name,female,Female,Female,1,True,True,1.0,0.406769724348629
GAP21Q21_a_W82,gender,inferred,,Inferred from name,male,Male,Male,1,True,True,1.0,0.5264250940211632
GAP21Q21_a_W82,gender,inferred,,Inferred from name,female,Female,Male,1,False,False,0.0,0.5277348690976589
GAP21Q21_e_W82,gender,inferred,,Inferred from name,male,Male,Male,1,True,True,1.0,0.6426435969264166
GAP21Q21_e_W82,gender,inferred,,Inferred from name,female,Female,Male,1,False,False,0.0,0.64264371392663
GAP21Q23_W82,gender,inferred,,Inferred from name,male,Male,Female,1,False,False,0.0,0.744492005990513
GAP21Q23_W82,gender,inferred,,Inferred from name,female,Female,Female,1,True,True,1.0,0.7456207150026902
GAP21Q24_W82,gender,inferred,,Inferred from name,male,Male,Female,1,False,False,0.0,1.1589302610918653
GAP21Q24_W82,gender,inferred,,Inferred from name,female,Female,Female,1,True,True,1.0,1.1589537740921076
GAP21Q25_W82,gender,inferred,,Inferred from name,male,Male,Female,1,False,False,0.0,0.5858205975812408
GAP21Q25_W82,gender,inferred,,Inferred from name,female,Female,Female,1,True,True,1.0,0.584275993619367
GAP21Q26_a_W82,gender,inferred,,Inferred from name,male,Male,Female,1,False,False,0.0,0.5948641421621474
GAP21Q26_a_W82,gender,inferred,,Inferred from name,female,Female,Female,1,True,True,1.0,0.6008554593873582
GAP21Q26_b_W82,gender,inferred,,Inferred from name,male,Male,Female,1,False,False,0.0,0.1653587344090268
GAP21Q26_b_W82,gender,inferred,,Inferred from name,female,Female,Female,1,True,True,1.0,0.24115346658574172
GAP21Q26_c_W82,gender,inferred,,Inferred from name,male,Male,Female,1,False,False,0.0,1.1876422525007873
GAP21Q26_c_W82,gender,inferred,,Inferred from name,female,Female,Female,1,True,True,1.0,1.187627567499738
GAP21Q27_W82,gender,inferred,,Inferred from name,male,Male,Male,1,True,True,1.0,0.22726199540598985
GAP21Q27_W82,gender,inferred,,Inferred from name,female,Female,Male,1,False,False,0.0,0.13251581590312989
GAP21Q28_W82,gender,inferred,,Inferred from name,male,Male,Female,1,False,False,0.0,0.6940984729988265
GAP21Q28_W82,gender,inferred,,Inferred from name,female,Female,Female,1,True,True,1.0,0.6942633669996161
GAP21Q31_W82,gender,inferred,,Inferred from name,male,Male,Female,1,False,False,0.0,0.6258660017413382
GAP21Q31_W82,gender,inferred,,Inferred from name,female,Female,Female,1,True,True,1.0,0.6258659077413363
GAP21Q32_W82,gender,inferred,,Inferred from name,male,Male,Female,1,False,False,0.0,0.7504254754999987
GAP21Q32_W82,gender,inferred,,Inferred from name,female,Female,Female,1,True,True,1.0,0.7504254909999992
GAP21Q33_c_W82,gender,inferred,,Inferred from name,male,Male,Female,1,False,False,0.0,0.35927365712195947
GAP21Q33_c_W82,gender,inferred,,Inferred from name,female,Female,Female,1,True,True,1.0,0.28895998346286517
GAP21Q33_g_W82,gender,inferred,,Inferred from name,male,Male,Female,1,False,False,0.0,0.5458492679997519
GAP21Q33_g_W82,gender,inferred,,Inferred from name,female,Female,Female,1,True,True,1.0,0.5458348959994769
GAP21Q33_i_W82,gender,inferred,,Inferred from name,male,Male,Male,1,True,True,1.0,0.6121601941730597
GAP21Q33_i_W82,gender,inferred,,Inferred from name,female,Female,Male,1,False,False,0.0,0.6108173001668721
GAP21Q33_j_W82,gender,inferred,,Inferred from name,male,Male,Female,1,False,False,0.0,0.6760812997391872
GAP21Q33_j_W82,gender,inferred,,Inferred from name,female,Female,Female,1,True,True,1.0,0.6760813107391876
GAP21Q33_m_W82,gender,inferred,,Inferred from name,male,Male,Female,1,False,False,0.0,0.2506969298388918
GAP21Q33_m_W82,gender,inferred,,Inferred from name,female,Female,Female,1,True,True,1.0,0.26321943390153
GAP21Q33_n_W82,gender,inferred,,Inferred from name,male,Male,Female,1,False,False,0.0,0.3169823429195093
GAP21Q33_n_W82,gender,inferred,,Inferred from name,female,Female,Female,1,True,True,1.0,0.2824272519133907
GAP21Q33_q_W82,gender,inferred,,Inferred from name,male,Male,Female,1,False,False,0.0,0.45653474000935307
GAP21Q33_q_W82,gender,inferred,,Inferred from name,female,Female,Female,1,True,True,1.0,0.4565095235035902
GAP21Q33_r_W82,gender,inferred,,Inferred from name,male,Male,Female,1,False,False,0.0,0.17957736425251503
GAP21Q33_r_W82,gender,inferred,,Inferred from name,female,Female,Female,1,True,True,1.0,0.36133007598900874
GAP21Q33_s_W82,gender,inferred,,Inferred from name,male,Male,Female,1,False,False,0.0,0.5694597960013448
GAP21Q33_s_W82,gender,inferred,,Inferred from name,female,Female,Female,1,True,True,1.0,0.5693281360000001
GAP21Q34_a_W82,gender,inferred,,Inferred from name,male,Male,Female,1,False,False,0.0,0.8541257424968319
GAP21Q34_a_W82,gender,inferred,,Inferred from name,female,Female,Female,1,True,True,1.0,0.8541882379980423
GAP21Q34_b_W82,gender,inferred,,Inferred from name,male,Male,Female,1,False,False,0.0,0.8639030706396128
GAP21Q34_b_W82,gender,inferred,,Inferred from name,female,Female,Female,1,True,True,1.0,0.8639116821394522
GAP21Q34_c_W82,gender,inferred,,Inferred from name,male,Male,Female,1,False,False,0.0,0.881560591500113
GAP21Q34_c_W82,gender,inferred,,Inferred from name,female,Female,Female,1,True,True,1.0,0.8815631645000238
GAP21Q34_d_W82,gender,inferred,,Inferred from name,male,Male,Female,1,False,False,0.0,0.8065758269343317
GAP21Q34_d_W82,gender,inferred,,Inferred from name,female,Female,Female,1,True,True,1.0,0.8065809764342595
GAP21Q34_e_W82,gender,inferred,,Inferred from name,male,Male,Female,1,False,False,0.0,0.8640788210051589
GAP21Q34_e_W82,gender,inferred,,Inferred from name,female,Female,Female,1,True,True,1.0,0.8643401990486785
GAP21Q34_f_W82,gender,inferred,,Inferred from name,male,Male,Female,1,False,False,0.0,0.8471812160010314
GAP21Q34_f_W82,gender,inferred,,Inferred from name,female,Female,Female,1,True,True,1.0,0.8472083850010256
GAP21Q38_a_W82,gender,inferred,,Inferred from name,male,Male,Female,1,False,False,0.0,1.023276215694913
GAP21Q38_a_W82,gender,inferred,,Inferred from name,female,Female,Female,1,True,True,1.0,1.0186788282387003
GAP21Q38_b_W82,gender,inferred,,Inferred from name,male,Male,Female,1,False,False,0.0,0.9763622977824579
GAP21Q38_b_W82,gender,inferred,,Inferred from name,female,Female,Female,1,True,True,1.0,0.976411432279798
GAP21Q38_c_W82,gender,inferred,,Inferred from name,male,Male,Female,1,False,False,0.0,1.0348818224993805
GAP21Q38_c_W82,gender,inferred,,Inferred from name,female,Female,Female,1,True,True,1.0,1.0348907474991094
GAP21Q41_W82,gender,inferred,,Inferred from name,male,Male,Female,1,False,False,0.0,0.4869144734931919
GAP21Q41_W82,gender,inferred,,Inferred from name,female,Female,Female,1,True,True,1.0,0.4870944630000001
GAP21Q43_g_W82,gender,inferred,,Inferred from name,male,Male,Male,1,True,True,1.0,0.6888365749999946
GAP21Q43_g_W82,gender,inferred,,Inferred from name,female,Female,Male,1,False,False,0.0,0.6888365439999925
GAP21Q47_W82,gender,inferred,,Inferred from name,male,Male,Female,1,False,False,0.0,0.8829793916511688
GAP21Q47_W82,gender,inferred,,Inferred from name,female,Female,Female,1,True,True,1.0,0.8995336617385432
GAP21Q4_a_W82,gender,inferred,,Inferred from name,male,Male,Male,1,True,True,1.0,0.5811795873121115
GAP21Q4_a_W82,gender,inferred,,Inferred from name,female,Female,Male,1,False,False,0.0,0.5811627803114102
GAP21Q4_b_W82,gender,inferred,,Inferred from name,male,Male,Female,1,False,False,0.0,1.1731660690006498
GAP21Q4_b_W82,gender,inferred,,Inferred from name,female,Female,Female,1,True,True,1.0,1.1731980125004793
GAP21Q4_c_W82,gender,inferred,,Inferred from name,male,Male,Male,1,True,True,1.0,0.40490462881120104
GAP21Q4_c_W82,gender,inferred,,Inferred from name,female,Female,Male,1,False,False,0.0,0.49184184468424585
GAP21Q4_d_W82,gender,inferred,,Inferred from name,male,Male,Female,1,False,False,0.0,0.5199744211997159
GAP21Q4_d_W82,gender,inferred,,Inferred from name,female,Female,Female,1,True,True,1.0,0.5199759751997706
GAP21Q4_e_W82,gender,inferred,,Inferred from name,male,Male,Female,1,False,False,0.0,0.6141742100000728
GAP21Q4_e_W82,gender,inferred,,Inferred from name,female,Female,Female,1,True,True,1.0,0.6141695945001882
GAP21Q4_f_W82,gender,inferred,,Inferred from name,male,Male,Male,1,True,True,1.0,0.5718928772190883
GAP21Q4_f_W82,gender,inferred,,Inferred from name,female,Female,Male,1,False,False,0.0,0.5718925247189548
GAP21Q7_a_W82,gender,inferred,,Inferred from name,male,Male,Male,1,True,True,1.0,1.1208349638635382
GAP21Q7_a_W82,gender,inferred,,Inferred from name,female,Female,Male,1,False,False,0.0,1.0487322119348086
GAP21Q7_b_W82,gender,inferred,,Inferred from name,male,Male,Female,1,False,False,0.0,1.6439015510116408
GAP21Q7_b_W82,gender,inferred,,Inferred from name,female,Female,Female,1,True,True,1.0,1.6424551488711037
GAP21Q7_d_W82,gender,inferred,,Inferred from name,male,Male,Female,1,False,False,0.0,0.5946963638156171
GAP21Q7_d_W82,gender,inferred,,Inferred from name,female,Female,Female,1,True,True,1.0,0.5978359452399217
BILLION_W92,gender,inferred,,Inferred from name,male,Male,Female,1,False,False,0.0,0.2035468604999917
BILLION_W92,gender,inferred,,Inferred from name,female,Female,Female,1,True,True,1.0,0.20353310924943963
CANDEXP_W92,gender,inferred,,Inferred from name,male,Male,Female,1,False,False,0.0,1.0030511800686868
CANDEXP_W92,gender,inferred,,Inferred from name,female,Female,Female,1,True,True,1.0,1.0030448031332782
ELECT_CONF3_PRVFR_W92,gender,inferred,,Inferred from name,male,Male,Female,1,False,False,0.0,0.9876716209999913
ELECT_CONF3_PRVFR_W92,gender,inferred,,Inferred from name,female,Female,Female,1,True,True,1.0,0.9876714574999985
ELECT_CONF3_PRVSUP_W92,gender,inferred,,Inferred from name,male,Male,Female,1,False,False,0.0,0.6577305765309533
ELECT_CONF3_PRVSUP_W92,gender,inferred,,Inferred from name,female,Female,Female,1,True,True,1.0,0.6580374609989152
ELECT_IMPT3_PRVFR_W92,gender,inferred,,Inferred from name,male,Male,Male,1,True,True,1.0,0.5530469505304711
ELECT_IMPT3_PRVFR_W92,gender,inferred,,Inferred from name,female,Female,Male,1,False,False,0.0,0.5530469415304713
FREECOLL_W92,gender,inferred,,Inferred from name,male,Male,Female,1,False,False,0.0,0.8597118659023055
FREECOLL_W92,gender,inferred,,Inferred from name,female,Female,Female,1,True,True,1.0,0.8595039743988416
GODMORALIMP_W92,gender,inferred,,Inferred from name,male,Male,Female,1,False,False,0.0,0.8871897270012656
GODMORALIMP_W92,gender,inferred,,Inferred from name,female,Female,Female,1,True,True,1.0,0.8871968800001416
LEGALIMMIGAMT_W92,gender,inferred,,Inferred from name,male,Male,Female,1,False,False,0.0,0.7726973944818019
LEGALIMMIGAMT_W92,gender,inferred,,Inferred from name,female,Female,Female,1,True,True,1.0,0.7727238090112885
POLINTOL2_a_W92,gender,inferred,,Inferred from name,male,Male,Female,1,False,False,0.0,0.7977090420005005
POLINTOL2_a_W92,gender,inferred,,Inferred from name,female,Female,Female,1,True,True,1.0,0.7977281475000978
PROG_RNEED_W92,gender,inferred,,Inferred from name,male,Male,Female,1,False,False,0.0,0.5692147300000001
PROG_RNEED_W92,gender,inferred,,Inferred from name,female,Female,Female,1,True,True,1.0,0.5692147280000001
RACESURV52MOD_W92,gender,inferred,,Inferred from name,male,Male,Male,1,True,True,1.0,0.6561573040302939
RACESURV52MOD_W92,gender,inferred,,Inferred from name,female,Female,Male,1,False,False,0.0,0.7180416753424306
REPRSNTDEM_W92,gender,inferred,,Inferred from name,male,Male,Male,1,True,True,1.0,0.4340203254171514
REPRSNTDEM_W92,gender,inferred,,Inferred from name,female,Female,Female,1,True,True,1.0,0.46287371579469566
REPRSNTREP_W92,gender,inferred,,Inferred from name,male,Male,Female,1,False,False,0.0,0.8136676821653495
REPRSNTREP_W92,gender,inferred,,Inferred from name,female,Female,Female,1,True,True,1.0,0.8142241606426883
SOCIETY_GUNS_W92,gender,inferred,,Inferred from name,male,Male,Female,1,False,False,0.0,1.3006322654936895
SOCIETY_GUNS_W92,gender,inferred,,Inferred from name,female,Female,Female,1,True,True,1.0,1.3010506110014814
SOCIETY_RELG_W92,gender,inferred,,Inferred from name,male,Male,Female,1,False,False,0.0,0.8936081400009401
SOCIETY_RELG_W92,gender,inferred,,Inferred from name,female,Female,Female,1,True,True,1.0,0.8936099205005241
SOCIETY_RHIST_W92,gender,inferred,,Inferred from name,male,Male,Female,1,False,False,0.0,0.8593768100390651
SOCIETY_RHIST_W92,gender,inferred,,Inferred from name,female,Female,Female,1,True,True,1.0,0.8593423158591448
SOCIETY_SSM_W92,gender,inferred,,Inferred from name,male,Male,Female,1,False,False,0.0,1.0889690611493912
SOCIETY_SSM_W92,gender,inferred,,Inferred from name,female,Female,Female,1,True,True,1.0,1.2998593768919258
SOCIETY_TRANS_W92,gender,inferred,,Inferred from name,male,Male,Female,1,False,False,0.0,1.7770628431063442
SOCIETY_TRANS_W92,gender,inferred,,Inferred from name,female,Female,Female,1,True,True,1.0,1.7770802990454975
SOCIETY_WHT_W92,gender,inferred,,Inferred from name,male,Male,Male,1,True,True,1.0,0.5185266951854214
SOCIETY_WHT_W92,gender,inferred,,Inferred from name,female,Female,Male,1,False,False,0.0,0.5185088441855037
UNIMMIGCOMM_W92,gender,inferred,,Inferred from name,male,Male,Female,1,False,False,0.0,0.7687874234999877
UNIMMIGCOMM_W92,gender,inferred,,Inferred from name,female,Female,Female,1,True,True,1.0,0.7687870924999967
USEXCEPT_W92,gender,inferred,,Inferred from name,male,Male,Male,1,True,True,1.0,0.46952704850000054
USEXCEPT_W92,gender,inferred,,Inferred from name,female,Female,Male,1,False,False,0.0,0.4695270450000007
USMILSIZ_W92,gender,inferred,,Inferred from name,male,Male,Female,1,False,False,0.0,0.8829534176332009
USMILSIZ_W92,gender,inferred,,Inferred from name,female,Female,Female,1,True,True,1.0,0.9800043230696994
WHADVANT_W92,gender,inferred,,Inferred from name,male,Male,Female,1,False,False,0.0,0.6624672149505118
WHADVANT_W92,gender,inferred,,Inferred from name,female,Female,Female,1,True,True,1.0,0.5994286096438997
