attribute,group_a,group_b,channel,magnitude,regime,quartile,n_questions,n_predictions,mean_human_gap,strict_accuracy,strict_accuracy_ci95_low,strict_accuracy_ci95_high,tie_aware_accuracy,fractional_accuracy,chance_accuracy,lift_over_chance,lift_ci95_low,lift_ci95_high,bootstrap_p_lift_le_zero
gender,Male,Female,declared,,Declared,All,484,968,0.14910505453674847,0.5113636363636364,0.496900826446281,0.5247933884297521,0.5113636363636364,0.5113636363636364,0.5,0.011363636363636354,-0.0030991735537190257,0.024793388429752095,0.06296851574212893
gender,Male,Female,declared,,Declared,Q1,121,242,0.028549971618702995,0.49173553719008267,0.47520661157024796,0.5082644628099173,0.49173553719008267,0.49173553719008267,0.5,-0.008264462809917328,-0.02479338842975204,0.008264462809917328,0.9180409795102449
gender,Male,Female,declared,,Declared,Q2,121,242,0.07189303539381058,0.5041322314049587,0.47520661157024796,0.5330578512396694,0.5041322314049587,0.5041322314049587,0.5,0.004132231404958664,-0.02479338842975204,0.03305785123966942,0.4382808595702149
gender,Male,Female,declared,,Declared,Q3,121,242,0.1451051137081419,0.5041322314049587,0.4793388429752066,0.5289256198347108,0.5041322314049587,0.5041322314049587,0.5,0.004132231404958664,-0.020661157024793375,0.02892561983471076,0.4337831084457771
gender,Male,Female,declared,,Declared,Q4,121,242,0.3508720974263384,0.5454545454545454,0.512396694214876,0.5785123966942148,0.5454545454545454,0.5454545454545454,0.5,0.045454545454545414,0.012396694214875992,0.07851239669421484,0.004497751124437781
gender,Male,Female,steered,0.0,Neutral (N=0),All,484,968,0.14910505453674847,0.5,0.5,0.5,0.5,0.5,0.5,0.0,0.0,0.0,1.0
gender,Male,Female,steered,0.0,Neutral (N=0),Q1,121,242,0.028549971618702995,0.5,0.5,0.5,0.5,0.5,0.5,0.0,0.0,0.0,1.0
gender,Male,Female,steered,0.0,Neutral (N=0),Q2,121,242,0.07189303539381058,0.5,0.5,0.5,0.5,0.5,0.5,0.0,0.0,0.0,1.0
gender,Male,Female,steered,0.0,Neutral (N=0),Q3,121,242,0.1451051137081419,0.5,0.5,0.5,0.5,0.5,0.5,0.0,0.0,0.0,1.0
gender,Male,Female,steered,0.0,Neutral (N=0),Q4,121,242,0.3508720974263384,0.5,0.5,0.5,0.5,0.5,0.5,0.0,0.0,0.0,1.0
gender,Male,Female,steered,2.0,Steered N=2,All,484,968,0.14910505453674847,0.4555785123966942,0.42768595041322316,0.484504132231405,0.4555785123966942,0.4555785123966942,0.5,-0.044421487603305776,-0.07231404958677684,-0.015495867768595017,0.999000499750125
gender,Male,Female,steered,2.0,Steered N=2,Q1,121,242,0.028549971618702995,0.5165289256198347,0.47520661157024796,0.5619834710743802,0.5165289256198347,0.5165289256198347,0.5,0.016528925619834656,-0.02479338842975204,0.06198347107438018,0.2698650674662669
gender,Male,Female,steered,2.0,Steered N=2,Q2,121,242,0.07189303539381058,0.47107438016528924,0.4214876033057851,0.5206611570247934,0.47107438016528924,0.47107438016528924,0.5,-0.02892561983471076,-0.07851239669421489,0.02066115702479343,0.8810594702648675
gender,Male,Female,steered,2.0,Steered N=2,Q3,121,242,0.1451051137081419,0.4380165289256198,0.3760330578512397,0.5041322314049587,0.4380165289256198,0.4380165289256198,0.5,-0.06198347107438018,-0.1239669421487603,0.004132231404958664,0.974512743628186
gender,Male,Female,steered,2.0,Steered N=2,Q4,121,242,0.3508720974263384,0.39669421487603307,0.3347107438016529,0.45867768595041325,0.39669421487603307,0.39669421487603307,0.5,-0.10330578512396693,-0.1652892561983471,-0.04132231404958675,0.9995002498750625
gender,Male,Female,steered,4.0,Steered N=4,All,484,968,0.14910505453674847,0.48037190082644626,0.4555785123966942,0.503099173553719,0.48037190082644626,0.48037190082644626,0.5,-0.019628099173553737,-0.044421487603305776,0.0030991735537190257,0.9555222388805598
gender,Male,Female,steered,4.0,Steered N=4,Q1,121,242,0.028549971618702995,0.5330578512396694,0.48760330578512395,0.5785123966942148,0.5330578512396694,0.5330578512396694,0.5,0.03305785123966942,-0.012396694214876047,0.07851239669421484,0.0814592703648176
gender,Male,Female,steered,4.0,Steered N=4,Q2,121,242,0.07189303539381058,0.47520661157024796,0.4297520661157025,0.5206611570247934,0.47520661157024796,0.47520661157024796,0.5,-0.02479338842975204,-0.07024793388429751,0.02066115702479343,0.8695652173913043
gender,Male,Female,steered,4.0,Steered N=4,Q3,121,242,0.1451051137081419,0.4669421487603306,0.4132231404958678,0.5165289256198347,0.4669421487603306,0.4669421487603306,0.5,-0.03305785123966942,-0.08677685950413222,0.016528925619834656,0.9080459770114943
gender,Male,Female,steered,4.0,Steered N=4,Q4,121,242,0.3508720974263384,0.4462809917355372,0.40082644628099173,0.4918388429752061,0.4462809917355372,0.4462809917355372,0.5,-0.0537190082644628,-0.09917355371900827,-0.008161157024793924,0.9890054972513743
gender,Male,Female,steered,6.0,Steered N=6,All,484,968,0.14910505453674847,0.4865702479338843,0.46487603305785125,0.5092975206611571,0.4865702479338843,0.4865702479338843,0.5,-0.013429752066115686,-0.035123966942148754,0.009297520661157077,0.8950524737631185
gender,Male,Female,steered,6.0,Steered N=6,Q1,121,242,0.028549971618702995,0.5289256198347108,0.48760330578512395,0.5702479338842975,0.5289256198347108,0.5289256198347108,0.5,0.02892561983471076,-0.012396694214876047,0.07024793388429751,0.11894052973513243
gender,Male,Female,steered,6.0,Steered N=6,Q2,121,242,0.07189303539381058,0.4834710743801653,0.4380165289256198,0.5247933884297521,0.4834710743801653,0.4834710743801653,0.5,-0.01652892561983471,-0.06198347107438018,0.024793388429752095,0.8170914542728636
gender,Male,Female,steered,6.0,Steered N=6,Q3,121,242,0.1451051137081419,0.45454545454545453,0.4049586776859504,0.5041322314049587,0.45454545454545453,0.45454545454545453,0.5,-0.04545454545454547,-0.0950413223140496,0.004132231404958664,0.9685157421289355
gender,Male,Female,steered,6.0,Steered N=6,Q4,121,242,0.3508720974263384,0.4793388429752066,0.4380165289256198,0.5247933884297521,0.4793388429752066,0.4793388429752066,0.5,-0.020661157024793375,-0.06198347107438018,0.024793388429752095,0.8405797101449275
gender,Male,Female,steered,8.0,Steered N=8,All,484,968,0.14910505453674847,0.490702479338843,0.4669421487603306,0.512396694214876,0.490702479338843,0.490702479338843,0.5,-0.009297520661157022,-0.03305785123966942,0.012396694214875992,0.8205897051474262
gender,Male,Female,steered,8.0,Steered N=8,Q1,121,242,0.028549971618702995,0.5247933884297521,0.4793388429752066,0.5661157024793388,0.5247933884297521,0.5247933884297521,0.5,0.024793388429752095,-0.020661157024793375,0.06611570247933884,0.1724137931034483
gender,Male,Female,steered,8.0,Steered N=8,Q2,121,242,0.07189303539381058,0.49173553719008267,0.4462809917355372,0.5371900826446281,0.49173553719008267,0.49173553719008267,0.5,-0.008264462809917328,-0.0537190082644628,0.037190082644628086,0.663168415792104
gender,Male,Female,steered,8.0,Steered N=8,Q3,121,242,0.1451051137081419,0.4669421487603306,0.4214876033057851,0.512396694214876,0.4669421487603306,0.4669421487603306,0.5,-0.03305785123966942,-0.07851239669421489,0.012396694214875992,0.9245377311344328
gender,Male,Female,steered,8.0,Steered N=8,Q4,121,242,0.3508720974263384,0.4793388429752066,0.43388429752066116,0.5206611570247934,0.4793388429752066,0.4793388429752066,0.5,-0.020661157024793375,-0.06611570247933884,0.02066115702479343,0.8515742128935532
gender,Male,Female,steered,10.0,Steered N=10,All,484,968,0.14910505453674847,0.4896694214876033,0.4659090909090909,0.512396694214876,0.4896694214876033,0.4896694214876033,0.5,-0.010330578512396715,-0.034090909090909116,0.012396694214875992,0.8315842078960519
gender,Male,Female,steered,10.0,Steered N=10,Q1,121,242,0.028549971618702995,0.5206611570247934,0.47520661157024796,0.5619834710743802,0.5206611570247934,0.5206611570247934,0.5,0.02066115702479343,-0.02479338842975204,0.06198347107438018,0.22188905547226387
gender,Male,Female,steered,10.0,Steered N=10,Q2,121,242,0.07189303539381058,0.49173553719008267,0.4462809917355372,0.5330578512396694,0.49173553719008267,0.49173553719008267,0.5,-0.008264462809917328,-0.0537190082644628,0.03305785123966942,0.6851574212893553
gender,Male,Female,steered,10.0,Steered N=10,Q3,121,242,0.1451051137081419,0.47107438016528924,0.4256198347107438,0.5166322314049581,0.47107438016528924,0.47107438016528924,0.5,-0.02892561983471076,-0.07438016528925617,0.01663223140495806,0.894552723638181
gender,Male,Female,steered,10.0,Steered N=10,Q4,121,242,0.3508720974263384,0.47520661157024796,0.4297520661157025,0.5206611570247934,0.47520661157024796,0.47520661157024796,0.5,-0.02479338842975204,-0.07024793388429751,0.02066115702479343,0.879560219890055
gender,Male,Female,steered,12.0,Steered N=12,All,484,968,0.14910505453674847,0.4896694214876033,0.4679493801652893,0.5113894628099172,0.4896694214876033,0.4896694214876033,0.5,-0.010330578512396715,-0.03205061983471072,0.011389462809917204,0.8290854572713643
gender,Male,Female,steered,12.0,Steered N=12,Q1,121,242,0.028549971618702995,0.5247933884297521,0.4834710743801653,0.5702479338842975,0.5247933884297521,0.5247933884297521,0.5,0.024793388429752095,-0.01652892561983471,0.07024793388429751,0.1504247876061969
gender,Male,Female,steered,12.0,Steered N=12,Q2,121,242,0.07189303539381058,0.48760330578512395,0.44617768595041324,0.5330578512396694,0.48760330578512395,0.48760330578512395,0.5,-0.012396694214876047,-0.05382231404958676,0.03305785123966942,0.7311344327836082
gender,Male,Female,steered,12.0,Steered N=12,Q3,121,242,0.1451051137081419,0.4669421487603306,0.4214876033057851,0.512396694214876,0.4669421487603306,0.4669421487603306,0.5,-0.03305785123966942,-0.07851239669421489,0.012396694214875992,0.9395302348825587
gender,Male,Female,steered,12.0,Steered N=12,Q4,121,242,0.3508720974263384,0.4793388429752066,0.4380165289256198,0.5206611570247934,0.4793388429752066,0.4793388429752066,0.5,-0.020661157024793375,-0.06198347107438018,0.02066115702479343,0.855072463768116
gender,Male,Female,steered,14.0,Steered N=14,All,484,968,0.14910505453674847,0.4927685950413223,0.4700413223140496,0.5144628099173554,0.4927685950413223,0.4927685950413223,0.5,-0.00723140495867769,-0.029958677685950397,0.01446280991735538,0.7586206896551724
gender,Male,Female,steered,14.0,Steered N=14,Q1,121,242,0.028549971618702995,0.5206611570247934,0.4793388429752066,0.5661157024793388,0.5206611570247934,0.5206611570247934,0.5,0.02066115702479343,-0.020661157024793375,0.06611570247933884,0.19990004997501248
gender,Male,Female,steered,14.0,Steered N=14,Q2,121,242,0.07189303539381058,0.49173553719008267,0.45041322314049587,0.5330578512396694,0.49173553719008267,0.49173553719008267,0.5,-0.008264462809917328,-0.049586776859504134,0.03305785123966942,0.6911544227886057
gender,Male,Female,steered,14.0,Steered N=14,Q3,121,242,0.1451051137081419,0.47520661157024796,0.4337809917355372,0.5206611570247934,0.47520661157024796,0.47520661157024796,0.5,-0.02479338842975204,-0.06621900826446281,0.02066115702479343,0.8860569715142429
gender,Male,Female,steered,14.0,Steered N=14,Q4,121,242,0.3508720974263384,0.4834710743801653,0.4380165289256198,0.5289256198347108,0.4834710743801653,0.4834710743801653,0.5,-0.01652892561983471,-0.06198347107438018,0.02892561983471076,0.7971014492753623
gender,Male,Female,steered,16.0,Steered N=16,All,484,968,0.14910505453674847,0.4927685950413223,0.47107438016528924,0.5134297520661157,0.4927685950413223,0.4927685950413223,0.5,-0.00723140495867769,-0.02892561983471076,0.013429752066115741,0.7596201899050474
gender,Male,Female,steered,16.0,Steered N=16,Q1,121,242,0.028549971618702995,0.5165289256198347,0.47107438016528924,0.5619834710743802,0.5165289256198347,0.5165289256198347,0.5,0.016528925619834656,-0.02892561983471076,0.06198347107438018,0.24687656171914044
gender,Male,Female,steered,16.0,Steered N=16,Q2,121,242,0.07189303539381058,0.49173553719008267,0.45041322314049587,0.5371900826446281,0.49173553719008267,0.49173553719008267,0.5,-0.008264462809917328,-0.049586776859504134,0.037190082644628086,0.671664167916042
gender,Male,Female,steered,16.0,Steered N=16,Q3,121,242,0.1451051137081419,0.47107438016528924,0.4256198347107438,0.5165289256198347,0.47107438016528924,0.47107438016528924,0.5,-0.02892561983471076,-0.07438016528925617,0.016528925619834656,0.9105447276361819
gender,Male,Female,steered,16.0,Steered N=16,Q4,121,242,0.3508720974263384,0.49173553719008267,0.45041322314049587,0.5371900826446281,0.49173553719008267,0.49173553719008267,0.5,-0.008264462809917328,-0.049586776859504134,0.037190082644628086,0.6831584207896052
gender,Male,Female,steered,18.0,Steered N=18,All,484,968,0.14910505453674847,0.49483471074380164,0.4731404958677686,0.515495867768595,0.49483471074380164,0.49483471074380164,0.5,-0.005165289256198358,-0.026859504132231427,0.015495867768595017,0.697151424287856
gender,Male,Female,steered,18.0,Steered N=18,Q1,121,242,0.028549971618702995,0.5206611570247934,0.47520661157024796,0.5619834710743802,0.5206611570247934,0.5206611570247934,0.5,0.02066115702479343,-0.02479338842975204,0.06198347107438018,0.20089955022488756
gender,Male,Female,steered,18.0,Steered N=18,Q2,121,242,0.07189303539381058,0.49173553719008267,0.4462809917355372,0.5330578512396694,0.49173553719008267,0.49173553719008267,0.5,-0.008264462809917328,-0.0537190082644628,0.03305785123966942,0.6601699150424788
gender,Male,Female,steered,18.0,Steered N=18,Q3,121,242,0.1451051137081419,0.47520661157024796,0.4297520661157025,0.5206611570247934,0.47520661157024796,0.47520661157024796,0.5,-0.02479338842975204,-0.07024793388429751,0.02066115702479343,0.8935532233883059
gender,Male,Female,steered,18.0,Steered N=18,Q4,121,242,0.3508720974263384,0.49173553719008267,0.4462809917355372,0.5371900826446281,0.49173553719008267,0.49173553719008267,0.5,-0.008264462809917328,-0.0537190082644628,0.037190082644628086,0.6901549225387307
gender,Male,Female,steered,20.0,Steered N=20,All,484,968,0.14910505453674847,0.493801652892562,0.47107438016528924,0.515495867768595,0.493801652892562,0.493801652892562,0.5,-0.006198347107437996,-0.02892561983471076,0.015495867768595017,0.7306346826586707
gender,Male,Female,steered,20.0,Steered N=20,Q1,121,242,0.028549971618702995,0.5165289256198347,0.47107438016528924,0.5619834710743802,0.5165289256198347,0.5165289256198347,0.5,0.016528925619834656,-0.02892561983471076,0.06198347107438018,0.26186906546726635
gender,Male,Female,steered,20.0,Steered N=20,Q2,121,242,0.07189303539381058,0.49173553719008267,0.45041322314049587,0.5330578512396694,0.49173553719008267,0.49173553719008267,0.5,-0.008264462809917328,-0.049586776859504134,0.03305785123966942,0.6866566716641679
gender,Male,Female,steered,20.0,Steered N=20,Q3,121,242,0.1451051137081419,0.47520661157024796,0.4297520661157025,0.5165289256198347,0.47520661157024796,0.47520661157024796,0.5,-0.02479338842975204,-0.07024793388429751,0.016528925619834656,0.887056471764118
gender,Male,Female,steered,20.0,Steered N=20,Q4,121,242,0.3508720974263384,0.49173553719008267,0.45041322314049587,0.5371900826446281,0.49173553719008267,0.49173553719008267,0.5,-0.008264462809917328,-0.049586776859504134,0.037190082644628086,0.6751624187906047
age,30-49,65+,declared,,Declared,All,482,964,0.19746946466702953,0.5031120331950207,0.4896265560165975,0.5176348547717843,0.5031120331950207,0.5031120331950207,0.5,0.003112033195020736,-0.010373443983402508,0.01763485477178428,0.3733133433283358
age,30-49,65+,declared,,Declared,Q1,120,240,0.0453729179841157,0.48333333333333334,0.4625,0.5,0.48333333333333334,0.48333333333333334,0.5,-0.016666666666666663,-0.03749999999999998,0.0,0.9795102448775612
age,30-49,65+,declared,,Declared,Q2,121,242,0.10531555622536115,0.49173553719008267,0.4669421487603306,0.512396694214876,0.49173553719008267,0.49173553719008267,0.5,-0.008264462809917328,-0.03305785123966942,0.012396694214875992,0.8100949525237381
age,30-49,65+,declared,,Declared,Q3,120,240,0.18359113731692728,0.5208333333333334,0.49166666666666664,0.55,0.5208333333333334,0.5208333333333334,0.5,0.02083333333333337,-0.00833333333333336,0.050000000000000044,0.09795102448775612
age,30-49,65+,declared,,Declared,Q4,121,242,0.45422655396788736,0.5165289256198347,0.4793388429752066,0.5537190082644629,0.5165289256198347,0.5165289256198347,0.5,0.016528925619834656,-0.020661157024793375,0.05371900826446285,0.21039480259870064
age,30-49,65+,steered,0.0,Neutral (N=0),All,482,964,0.19746946466702953,0.5,0.5,0.5,0.5,0.5,0.5,0.0,0.0,0.0,1.0
age,30-49,65+,steered,0.0,Neutral (N=0),Q1,120,240,0.0453729179841157,0.5,0.5,0.5,0.5,0.5,0.5,0.0,0.0,0.0,1.0
age,30-49,65+,steered,0.0,Neutral (N=0),Q2,121,242,0.10531555622536115,0.5,0.5,0.5,0.5,0.5,0.5,0.0,0.0,0.0,1.0
age,30-49,65+,steered,0.0,Neutral (N=0),Q3,120,240,0.18359113731692728,0.5,0.5,0.5,0.5,0.5,0.5,0.0,0.0,0.0,1.0
age,30-49,65+,steered,0.0,Neutral (N=0),Q4,121,242,0.45422655396788736,0.5,0.5,0.5,0.5,0.5,0.5,0.0,0.0,0.0,1.0
age,30-49,65+,steered,2.0,Steered N=2,All,482,964,0.19746946466702953,0.5134854771784232,0.4916753112033195,0.5352697095435685,0.5134854771784232,0.5134854771784232,0.5,0.013485477178423189,-0.008324688796680522,0.03526970954356845,0.12193903048475763
age,30-49,65+,steered,2.0,Steered N=2,Q1,120,240,0.0453729179841157,0.5166666666666667,0.4708333333333333,0.5583333333333333,0.5166666666666667,0.5166666666666667,0.5,0.01666666666666672,-0.029166666666666674,0.05833333333333335,0.25237381309345325
age,30-49,65+,steered,2.0,Steered N=2,Q2,121,242,0.10531555622536115,0.5165289256198347,0.47520661157024796,0.5619834710743802,0.5165289256198347,0.5165289256198347,0.5,0.016528925619834656,-0.02479338842975204,0.06198347107438018,0.26436781609195403
age,30-49,65+,steered,2.0,Steered N=2,Q3,120,240,0.18359113731692728,0.5083333333333333,0.4666666666666667,0.5541666666666667,0.5083333333333333,0.5083333333333333,0.5,0.008333333333333304,-0.033333333333333326,0.054166666666666696,0.39480259870064965
age,30-49,65+,steered,2.0,Steered N=2,Q4,121,242,0.45422655396788736,0.512396694214876,0.47107438016528924,0.5537190082644629,0.512396694214876,0.512396694214876,0.5,0.012396694214875992,-0.02892561983471076,0.05371900826446285,0.31284357821089454
age,30-49,65+,steered,4.0,Steered N=4,All,482,964,0.19746946466702953,0.495850622406639,0.4730290456431535,0.5186981327800829,0.495850622406639,0.495850622406639,0.5,-0.004149377593360981,-0.026970954356846488,0.01869813278008289,0.6571714142928535
age,30-49,65+,steered,4.0,Steered N=4,Q1,120,240,0.0453729179841157,0.5208333333333334,0.475,0.5626041666666661,0.5208333333333334,0.5208333333333334,0.5,0.02083333333333337,-0.025000000000000022,0.0626041666666661,0.19440279860069964
age,30-49,65+,steered,4.0,Steered N=4,Q2,121,242,0.10531555622536115,0.49173553719008267,0.4462809917355372,0.5371900826446281,0.49173553719008267,0.49173553719008267,0.5,-0.008264462809917328,-0.0537190082644628,0.037190082644628086,0.672663668165917
age,30-49,65+,steered,4.0,Steered N=4,Q3,120,240,0.18359113731692728,0.49166666666666664,0.44583333333333336,0.5333333333333333,0.49166666666666664,0.49166666666666664,0.5,-0.00833333333333336,-0.05416666666666664,0.033333333333333326,0.6976511744127936
age,30-49,65+,steered,4.0,Steered N=4,Q4,121,242,0.45422655396788736,0.4793388429752066,0.4256198347107438,0.5371900826446281,0.4793388429752066,0.4793388429752066,0.5,-0.020661157024793375,-0.07438016528925617,0.037190082644628086,0.7916041979010495
age,30-49,65+,steered,6.0,Steered N=6,All,482,964,0.19746946466702953,0.4948132780082988,0.4730290456431535,0.516597510373444,0.4948132780082988,0.4948132780082988,0.5,-0.005186721991701226,-0.026970954356846488,0.016597510373444035,0.6696651674162919
age,30-49,65+,steered,6.0,Steered N=6,Q1,120,240,0.0453729179841157,0.5208333333333334,0.4791666666666667,0.5625,0.5208333333333334,0.5208333333333334,0.5,0.02083333333333337,-0.020833333333333315,0.0625,0.17991004497751126
age,30-49,65+,steered,6.0,Steered N=6,Q2,121,242,0.10531555622536115,0.48760330578512395,0.44214876033057854,0.5330578512396694,0.48760330578512395,0.48760330578512395,0.5,-0.012396694214876047,-0.05785123966942146,0.03305785123966942,0.744127936031984
age,30-49,65+,steered,6.0,Steered N=6,Q3,120,240,0.18359113731692728,0.49166666666666664,0.45,0.5333333333333333,0.49166666666666664,0.49166666666666664,0.5,-0.00833333333333336,-0.04999999999999999,0.033333333333333326,0.6911544227886057
age,30-49,65+,steered,6.0,Steered N=6,Q4,121,242,0.45422655396788736,0.4793388429752066,0.4297520661157025,0.5330578512396694,0.4793388429752066,0.4793388429752066,0.5,-0.020661157024793375,-0.07024793388429751,0.03305785123966942,0.8125937031484258
age,30-49,65+,steered,8.0,Steered N=8,All,482,964,0.19746946466702953,0.49066390041493774,0.46887966804979253,0.5124481327800829,0.49066390041493774,0.49066390041493774,0.5,-0.009336099585062263,-0.03112033195020747,0.012448132780082943,0.7976011994002998
age,30-49,65+,steered,8.0,Steered N=8,Q1,120,240,0.0453729179841157,0.5208333333333334,0.48333333333333334,0.5583333333333333,0.5208333333333334,0.5208333333333334,0.5,0.02083333333333337,-0.016666666666666663,0.05833333333333335,0.1934032983508246
age,30-49,65+,steered,8.0,Steered N=8,Q2,121,242,0.10531555622536115,0.48760330578512395,0.4462809917355372,0.5330578512396694,0.48760330578512395,0.48760330578512395,0.5,-0.012396694214876047,-0.0537190082644628,0.03305785123966942,0.7586206896551724
age,30-49,65+,steered,8.0,Steered N=8,Q3,120,240,0.18359113731692728,0.48333333333333334,0.44166666666666665,0.525,0.48333333333333334,0.48333333333333334,0.5,-0.016666666666666663,-0.05833333333333335,0.025000000000000022,0.8185907046476761
age,30-49,65+,steered,8.0,Steered N=8,Q4,121,242,0.45422655396788736,0.47107438016528924,0.41735537190082644,0.5247933884297521,0.47107438016528924,0.47107438016528924,0.5,-0.02892561983471076,-0.08264462809917356,0.024793388429752095,0.8740629685157422
age,30-49,65+,steered,10.0,Steered N=10,All,482,964,0.19746946466702953,0.48858921161825725,0.4657676348547718,0.5093360995850622,0.48858921161825725,0.48858921161825725,0.5,-0.011410788381742754,-0.034232365145228205,0.009336099585062207,0.8565717141429285
age,30-49,65+,steered,10.0,Steered N=10,Q1,120,240,0.0453729179841157,0.5125,0.475,0.55,0.5125,0.5125,0.5,0.012499999999999956,-0.025000000000000022,0.050000000000000044,0.2868565717141429
age,30-49,65+,steered,10.0,Steered N=10,Q2,121,242,0.10531555622536115,0.49173553719008267,0.45041322314049587,0.5330578512396694,0.49173553719008267,0.49173553719008267,0.5,-0.008264462809917328,-0.049586776859504134,0.03305785123966942,0.6806596701649176
age,30-49,65+,steered,10.0,Steered N=10,Q3,120,240,0.18359113731692728,0.4791666666666667,0.4375,0.525,0.4791666666666667,0.4791666666666667,0.5,-0.020833333333333315,-0.0625,0.025000000000000022,0.8510744627686156
age,30-49,65+,steered,10.0,Steered N=10,Q4,121,242,0.45422655396788736,0.47107438016528924,0.42138429752066114,0.5247933884297521,0.47107438016528924,0.47107438016528924,0.5,-0.02892561983471076,-0.07861570247933886,0.024793388429752095,0.8920539730134932
age,30-49,65+,steered,12.0,Steered N=12,All,482,964,0.19746946466702953,0.49066390041493774,0.4678423236514523,0.5145228215767634,0.49066390041493774,0.49066390041493774,0.5,-0.009336099585062263,-0.032157676348547715,0.014522821576763434,0.7951024487756122
age,30-49,65+,steered,12.0,Steered N=12,Q1,120,240,0.0453729179841157,0.5208333333333334,0.48333333333333334,0.5625,0.5208333333333334,0.5208333333333334,0.5,0.02083333333333337,-0.016666666666666663,0.0625,0.17491254372813594
age,30-49,65+,steered,12.0,Steered N=12,Q2,121,242,0.10531555622536115,0.49586776859504134,0.45041322314049587,0.5371900826446281,0.49586776859504134,0.49586776859504134,0.5,-0.004132231404958664,-0.049586776859504134,0.037190082644628086,0.6221889055472264
age,30-49,65+,steered,12.0,Steered N=12,Q3,120,240,0.18359113731692728,0.475,0.42916666666666664,0.5208333333333334,0.475,0.475,0.5,-0.025000000000000022,-0.07083333333333336,0.02083333333333337,0.8935532233883059
age,30-49,65+,steered,12.0,Steered N=12,Q4,121,242,0.45422655396788736,0.47107438016528924,0.41735537190082644,0.5247933884297521,0.47107438016528924,0.47107438016528924,0.5,-0.02892561983471076,-0.08264462809917356,0.024793388429752095,0.8650674662668666
age,30-49,65+,steered,14.0,Steered N=14,All,482,964,0.19746946466702953,0.48858921161825725,0.4657676348547718,0.5114107883817427,0.48858921161825725,0.48858921161825725,0.5,-0.011410788381742754,-0.034232365145228205,0.011410788381742698,0.8540729635182409
age,30-49,65+,steered,14.0,Steered N=14,Q1,120,240,0.0453729179841157,0.5166666666666667,0.48333333333333334,0.5541666666666667,0.5166666666666667,0.5166666666666667,0.5,0.01666666666666672,-0.016666666666666663,0.054166666666666696,0.21689155422288856
age,30-49,65+,steered,14.0,Steered N=14,Q2,121,242,0.10531555622536115,0.49173553719008267,0.4462809917355372,0.5330578512396694,0.49173553719008267,0.49173553719008267,0.5,-0.008264462809917328,-0.0537190082644628,0.03305785123966942,0.6936531734132934
age,30-49,65+,steered,14.0,Steered N=14,Q3,120,240,0.18359113731692728,0.4791666666666667,0.4375,0.525,0.4791666666666667,0.4791666666666667,0.5,-0.020833333333333315,-0.0625,0.025000000000000022,0.8460769615192404
age,30-49,65+,steered,14.0,Steered N=14,Q4,121,242,0.45422655396788736,0.4669421487603306,0.4131198347107438,0.5206611570247934,0.4669421487603306,0.4669421487603306,0.5,-0.03305785123966942,-0.08688016528925618,0.02066115702479343,0.9070464767616192
age,30-49,65+,steered,16.0,Steered N=16,All,482,964,0.19746946466702953,0.48858921161825725,0.4678423236514523,0.5114107883817427,0.48858921161825725,0.48858921161825725,0.5,-0.011410788381742754,-0.032157676348547715,0.011410788381742698,0.8525737131434283
age,30-49,65+,steered,16.0,Steered N=16,Q1,120,240,0.0453729179841157,0.5208333333333334,0.4791666666666667,0.5583333333333333,0.5208333333333334,0.5208333333333334,0.5,0.02083333333333337,-0.020833333333333315,0.05833333333333335,0.17491254372813594
age,30-49,65+,steered,16.0,Steered N=16,Q2,121,242,0.10531555622536115,0.48760330578512395,0.44214876033057854,0.5330578512396694,0.48760330578512395,0.48760330578512395,0.5,-0.012396694214876047,-0.05785123966942146,0.03305785123966942,0.7361319340329835
age,30-49,65+,steered,16.0,Steered N=16,Q3,120,240,0.18359113731692728,0.4791666666666667,0.43333333333333335,0.525,0.4791666666666667,0.4791666666666667,0.5,-0.020833333333333315,-0.06666666666666665,0.025000000000000022,0.8445777111444278
age,30-49,65+,steered,16.0,Steered N=16,Q4,121,242,0.45422655396788736,0.4669421487603306,0.41735537190082644,0.5165289256198347,0.4669421487603306,0.4669421487603306,0.5,-0.03305785123966942,-0.08264462809917356,0.016528925619834656,0.9070464767616192
age,30-49,65+,steered,18.0,Steered N=18,All,482,964,0.19746946466702953,0.4854771784232365,0.46265560165975106,0.508298755186722,0.4854771784232365,0.4854771784232365,0.5,-0.01452282157676349,-0.03734439834024894,0.008298755186721962,0.8895552223888056
age,30-49,65+,steered,18.0,Steered N=18,Q1,120,240,0.0453729179841157,0.5166666666666667,0.4791666666666667,0.5541666666666667,0.5166666666666667,0.5166666666666667,0.5,0.01666666666666672,-0.020833333333333315,0.054166666666666696,0.22088955522238882
age,30-49,65+,steered,18.0,Steered N=18,Q2,121,242,0.10531555622536115,0.48760330578512395,0.4462809917355372,0.5330578512396694,0.48760330578512395,0.48760330578512395,0.5,-0.012396694214876047,-0.0537190082644628,0.03305785123966942,0.7331334332833583
age,30-49,65+,steered,18.0,Steered N=18,Q3,120,240,0.18359113731692728,0.475,0.42916666666666664,0.5208333333333334,0.475,0.475,0.5,-0.025000000000000022,-0.07083333333333336,0.02083333333333337,0.8835582208895553
age,30-49,65+,steered,18.0,Steered N=18,Q4,121,242,0.45422655396788736,0.4628099173553719,0.4090909090909091,0.512396694214876,0.4628099173553719,0.4628099173553719,0.5,-0.037190082644628086,-0.09090909090909088,0.012396694214875992,0.9245377311344328
age,30-49,65+,steered,20.0,Steered N=20,All,482,964,0.19746946466702953,0.48651452282157676,0.46470435684647304,0.5103734439834025,0.48651452282157676,0.48651452282157676,0.5,-0.013485477178423244,-0.03529564315352696,0.010373443983402453,0.8820589705147426
age,30-49,65+,steered,20.0,Steered N=20,Q1,120,240,0.0453729179841157,0.5208333333333334,0.48322916666666665,0.5625,0.5208333333333334,0.5208333333333334,0.5,0.02083333333333337,-0.01677083333333332,0.0625,0.17891054472763618
age,30-49,65+,steered,20.0,Steered N=20,Q2,121,242,0.10531555622536115,0.48760330578512395,0.44214876033057854,0.5289256198347108,0.48760330578512395,0.48760330578512395,0.5,-0.012396694214876047,-0.05785123966942146,0.02892561983471076,0.7331334332833583
age,30-49,65+,steered,20.0,Steered N=20,Q3,120,240,0.18359113731692728,0.475,0.42906249999999996,0.525,0.475,0.475,0.5,-0.025000000000000022,-0.07093750000000001,0.025000000000000022,0.8725637181409296
age,30-49,65+,steered,20.0,Steered N=20,Q4,121,242,0.45422655396788736,0.4628099173553719,0.4090909090909091,0.5165289256198347,0.4628099173553719,0.4628099173553719,0.5,-0.037190082644628086,-0.09090909090909088,0.016528925619834656,0.935032483758121
education,Less than high school,High school graduate,declared,,Declared,All,486,972,0.1685863093397156,0.22633744855967078,0.2037037037037037,0.25,0.22633744855967078,0.22633744855967078,0.3333333333333333,-0.10699588477366254,-0.12962962962962962,-0.08333333333333331,1.0
education,Less than high school,High school graduate,declared,,Declared,Q1,121,242,0.05022713243882999,0.1859504132231405,0.14049586776859505,0.23140495867768596,0.1859504132231405,0.1859504132231405,0.3333333333333333,-0.14738292011019283,-0.19283746556473827,-0.10192837465564736,1.0
education,Less than high school,High school graduate,declared,,Declared,Q2,122,244,0.10533572781477823,0.19672131147540983,0.1557377049180328,0.23770491803278687,0.19672131147540983,0.19672131147540983,0.3333333333333333,-0.13661202185792348,-0.17759562841530052,-0.09562841530054644,1.0
education,Less than high school,High school graduate,declared,,Declared,Q3,121,242,0.1744355733262929,0.2396694214876033,0.19421487603305784,0.28522727272727216,0.2396694214876033,0.2396694214876033,0.3333333333333333,-0.09366391184573,-0.13911845730027547,-0.04810606060606116,0.9995002498750625
education,Less than high school,High school graduate,declared,,Declared,Q4,122,244,0.3434245913780245,0.2827868852459016,0.2336065573770492,0.3319672131147541,0.2827868852459016,0.2827868852459016,0.3333333333333333,-0.050546448087431695,-0.09972677595628412,-0.0013661202185792365,0.9820089955022488
education,Less than high school,College graduate/some postgrad,declared,,Declared,All,486,972,0.25089930296449475,0.4331275720164609,0.411522633744856,0.4547325102880658,0.4331275720164609,0.4331275720164609,0.3333333333333333,0.09979423868312759,0.07818930041152267,0.12139917695473251,0.0004997501249375312
education,Less than high school,College graduate/some postgrad,declared,,Declared,Q1,121,242,0.06905410319135591,0.35537190082644626,0.3140495867768595,0.40082644628099173,0.35537190082644626,0.35537190082644626,0.3333333333333333,0.02203856749311295,-0.019283746556473802,0.06749311294765842,0.13943028485757122
education,Less than high school,College graduate/some postgrad,declared,,Declared,Q2,122,244,0.15552976945782074,0.4057377049180328,0.36475409836065575,0.44672131147540983,0.4057377049180328,0.4057377049180328,0.3333333333333333,0.07240437158469948,0.03142076502732244,0.11338797814207652,0.0004997501249375312
education,Less than high school,College graduate/some postgrad,declared,,Declared,Q3,121,242,0.26784469192948973,0.4793388429752066,0.4380165289256198,0.5206611570247934,0.4793388429752066,0.4793388429752066,0.3333333333333333,0.1460055096418733,0.1046831955922865,0.18732782369146012,0.0004997501249375312
education,Less than high school,College graduate/some postgrad,declared,,Declared,Q4,122,244,0.5098170094858034,0.4918032786885246,0.45081967213114754,0.5327868852459017,0.4918032786885246,0.4918032786885246,0.3333333333333333,0.15846994535519127,0.11748633879781423,0.19945355191256836,0.0004997501249375312
education,Less than high school,High school graduate,steered,0.0,Neutral (N=0),All,486,972,0.1685863093397156,0.2139917695473251,0.1934156378600823,0.23559670781893005,0.2139917695473251,0.2139917695473251,0.3333333333333333,-0.11934156378600821,-0.139917695473251,-0.09773662551440326,1.0
education,Less than high school,High school graduate,steered,0.0,Neutral (N=0),Q1,121,242,0.05022713243882999,0.1859504132231405,0.1446280991735537,0.22727272727272727,0.1859504132231405,0.1859504132231405,0.3333333333333333,-0.14738292011019283,-0.1887052341597796,-0.10606060606060605,1.0
education,Less than high school,High school graduate,steered,0.0,Neutral (N=0),Q2,122,244,0.10533572781477823,0.20081967213114754,0.1598360655737705,0.24180327868852458,0.20081967213114754,0.20081967213114754,0.3333333333333333,-0.13251366120218577,-0.1734972677595628,-0.09153005464480873,1.0
education,Less than high school,High school graduate,steered,0.0,Neutral (N=0),Q3,121,242,0.1744355733262929,0.2231404958677686,0.18181818181818182,0.2644628099173554,0.2231404958677686,0.2231404958677686,0.3333333333333333,-0.11019283746556471,-0.1515151515151515,-0.06887052341597794,1.0
education,Less than high school,High school graduate,steered,0.0,Neutral (N=0),Q4,122,244,0.3434245913780245,0.2459016393442623,0.20081967213114754,0.28688524590163933,0.2459016393442623,0.2459016393442623,0.3333333333333333,-0.08743169398907102,-0.13251366120218577,-0.046448087431693985,1.0
education,Less than high school,College graduate/some postgrad,steered,0.0,Neutral (N=0),All,486,972,0.25089930296449475,0.411522633744856,0.3940329218106996,0.426980452674897,0.411522633744856,0.411522633744856,0.3333333333333333,0.07818930041152267,0.060699588477366284,0.0936471193415637,0.0004997501249375312
education,Less than high school,College graduate/some postgrad,steered,0.0,Neutral (N=0),Q1,121,242,0.06905410319135591,0.36363636363636365,0.32231404958677684,0.40082644628099173,0.36363636363636365,0.36363636363636365,0.3333333333333333,0.03030303030303033,-0.011019283746556474,0.06749311294765842,0.06496751624187906
education,Less than high school,College graduate/some postgrad,steered,0.0,Neutral (N=0),Q2,122,244,0.15552976945782074,0.4139344262295082,0.38114754098360654,0.44672131147540983,0.4139344262295082,0.4139344262295082,0.3333333333333333,0.0806010928961749,0.04781420765027322,0.11338797814207652,0.0004997501249375312
education,Less than high school,College graduate/some postgrad,steered,0.0,Neutral (N=0),Q3,121,242,0.26784469192948973,0.4214876033057851,0.3884297520661157,0.45041322314049587,0.4214876033057851,0.4214876033057851,0.3333333333333333,0.0881542699724518,0.05509641873278237,0.11707988980716255,0.0004997501249375312
education,Less than high school,College graduate/some postgrad,steered,0.0,Neutral (N=0),Q4,122,244,0.5098170094858034,0.44672131147540983,0.4180327868852459,0.4713114754098361,0.44672131147540983,0.44672131147540983,0.3333333333333333,0.11338797814207652,0.0846994535519126,0.13797814207650277,0.0004997501249375312
education,Less than high school,High school graduate,steered,2.0,Steered N=2,All,486,972,0.1685863093397156,0.37962962962962965,0.3487654320987654,0.4104938271604938,0.37962962962962965,0.37962962962962965,0.3333333333333333,0.046296296296296335,0.015432098765432112,0.0771604938271605,0.0014992503748125937
education,Less than high school,High school graduate,steered,2.0,Steered N=2,Q1,121,242,0.05022713243882999,0.359504132231405,0.2975206611570248,0.4214876033057851,0.359504132231405,0.359504132231405,0.3333333333333333,0.026170798898071668,-0.03581267217630851,0.0881542699724518,0.20539730134932535
education,Less than high school,High school graduate,steered,2.0,Steered N=2,Q2,122,244,0.10533572781477823,0.35655737704918034,0.29918032786885246,0.4139344262295082,0.35655737704918034,0.35655737704918034,0.3333333333333333,0.02322404371584702,-0.03415300546448086,0.0806010928961749,0.2193903048475762
education,Less than high school,High school graduate,steered,2.0,Steered N=2,Q3,121,242,0.1744355733262929,0.3677685950413223,0.30578512396694213,0.4297520661157025,0.3677685950413223,0.3677685950413223,0.3333333333333333,0.034435261707988996,-0.027548209366391185,0.09641873278236918,0.12843578210894552
education,Less than high school,High school graduate,steered,2.0,Steered N=2,Q4,122,244,0.3434245913780245,0.4344262295081967,0.36885245901639346,0.5040983606557377,0.4344262295081967,0.4344262295081967,0.3333333333333333,0.10109289617486339,0.03551912568306015,0.17076502732240434,0.0024987506246876563
education,Less than high school,College graduate/some postgrad,steered,2.0,Steered N=2,All,486,972,0.25089930296449475,0.36728395061728397,0.3395061728395062,0.3950617283950617,0.36728395061728397,0.36728395061728397,0.3333333333333333,0.03395061728395066,0.006172839506172867,0.06172839506172839,0.010994502748625687
education,Less than high school,College graduate/some postgrad,steered,2.0,Steered N=2,Q1,121,242,0.06905410319135591,0.34297520661157027,0.2892561983471074,0.40082644628099173,0.34297520661157027,0.34297520661157027,0.3333333333333333,0.009641873278236957,-0.0440771349862259,0.06749311294765842,0.35732133933033483
education,Less than high school,College graduate/some postgrad,steered,2.0,Steered N=2,Q2,122,244,0.15552976945782074,0.36475409836065575,0.3114754098360656,0.4180327868852459,0.36475409836065575,0.36475409836065575,0.3333333333333333,0.03142076502732244,-0.02185792349726773,0.0846994535519126,0.12643678160919541
education,Less than high school,College graduate/some postgrad,steered,2.0,Steered N=2,Q3,121,242,0.26784469192948973,0.3925619834710744,0.3347107438016529,0.45041322314049587,0.3925619834710744,0.3925619834710744,0.3333333333333333,0.05922865013774109,0.0013774104683195731,0.11707988980716255,0.02348825587206397
education,Less than high school,College graduate/some postgrad,steered,2.0,Steered N=2,Q4,122,244,0.5098170094858034,0.36885245901639346,0.3237704918032787,0.4180327868852459,0.36885245901639346,0.36885245901639346,0.3333333333333333,0.03551912568306015,-0.0095628415300546,0.0846994535519126,0.0769615192403798
education,Less than high school,High school graduate,steered,4.0,Steered N=4,All,486,972,0.1685863093397156,0.37037037037037035,0.3405349794238683,0.39814814814814814,0.37037037037037035,0.37037037037037035,0.3333333333333333,0.037037037037037035,0.007201646090534974,0.06481481481481483,0.0074962518740629685
education,Less than high school,High school graduate,steered,4.0,Steered N=4,Q1,121,242,0.05022713243882999,0.35537190082644626,0.29338842975206614,0.41735537190082644,0.35537190082644626,0.35537190082644626,0.3333333333333333,0.02203856749311295,-0.03994490358126718,0.08402203856749313,0.23488255872063968
education,Less than high school,High school graduate,steered,4.0,Steered N=4,Q2,122,244,0.10533572781477823,0.3401639344262295,0.2827868852459016,0.3975409836065574,0.3401639344262295,0.3401639344262295,0.3333333333333333,0.0068306010928961824,-0.050546448087431695,0.06420765027322406,0.42978510744627685
education,Less than high school,High school graduate,steered,4.0,Steered N=4,Q3,121,242,0.1744355733262929,0.38016528925619836,0.32231404958677684,0.44214876033057854,0.38016528925619836,0.38016528925619836,0.3333333333333333,0.04683195592286504,-0.011019283746556474,0.10881542699724522,0.06846576711644178
education,Less than high school,High school graduate,steered,4.0,Steered N=4,Q4,122,244,0.3434245913780245,0.4057377049180328,0.3442622950819672,0.4713114754098361,0.4057377049180328,0.4057377049180328,0.3333333333333333,0.07240437158469948,0.010928961748633892,0.13797814207650277,0.013493253373313344
education,Less than high school,College graduate/some postgrad,steered,4.0,Steered N=4,All,486,972,0.25089930296449475,0.345679012345679,0.3209619341563786,0.3724279835390947,0.34670781893004116,0.3461934156378601,0.3333333333333333,0.012860082304526788,-0.012358539094650204,0.03909465020576136,0.15142428785607195
education,Less than high school,College graduate/some postgrad,steered,4.0,Steered N=4,Q1,121,242,0.06905410319135591,0.29338842975206614,0.24380165289256198,0.3430785123966937,0.2975206611570248,0.29545454545454547,0.3333333333333333,-0.037878787878787845,-0.08746556473829198,0.01377410468319562,0.9270364817591205
education,Less than high school,College graduate/some postgrad,steered,4.0,Steered N=4,Q2,122,244,0.15552976945782074,0.36065573770491804,0.3073770491803279,0.4098360655737705,0.36065573770491804,0.36065573770491804,0.3333333333333333,0.02732240437158473,-0.025956284153005438,0.07650273224043719,0.16691654172913542
education,Less than high school,College graduate/some postgrad,steered,4.0,Steered N=4,Q3,121,242,0.26784469192948973,0.35537190082644626,0.2975206611570248,0.4132231404958678,0.35537190082644626,0.35537190082644626,0.3333333333333333,0.02203856749311295,-0.03581267217630851,0.07988980716253447,0.18940529735132433
education,Less than high school,College graduate/some postgrad,steered,4.0,Steered N=4,Q4,122,244,0.5098170094858034,0.3729508196721312,0.3237704918032787,0.42213114754098363,0.3729508196721312,0.3729508196721312,0.3333333333333333,0.03961748633879786,-0.0095628415300546,0.08879781420765032,0.062468765617191405
education,Less than high school,High school graduate,steered,6.0,Steered N=6,All,486,972,0.1685863093397156,0.37962962962962965,0.3487654320987654,0.4094650205761317,0.37962962962962965,0.37962962962962965,0.3333333333333333,0.046296296296296335,0.015432098765432112,0.0761316872427984,0.0014992503748125937
education,Less than high school,High school graduate,steered,6.0,Steered N=6,Q1,121,242,0.05022713243882999,0.36363636363636365,0.2975206611570248,0.4256198347107438,0.36363636363636365,0.36363636363636365,0.3333333333333333,0.03030303030303033,-0.03581267217630851,0.09228650137741051,0.1854072963518241
education,Less than high school,High school graduate,steered,6.0,Steered N=6,Q2,122,244,0.10533572781477823,0.3442622950819672,0.28688524590163933,0.4016393442622951,0.3442622950819672,0.3442622950819672,0.3333333333333333,0.010928961748633892,-0.046448087431693985,0.06830601092896177,0.37181409295352325
education,Less than high school,High school graduate,steered,6.0,Steered N=6,Q3,121,242,0.1744355733262929,0.384297520661157,0.32231404958677684,0.44214876033057854,0.384297520661157,0.384297520661157,0.3333333333333333,0.05096418732782371,-0.011019283746556474,0.10881542699724522,0.04547726136931534
education,Less than high school,High school graduate,steered,6.0,Steered N=6,Q4,122,244,0.3434245913780245,0.4262295081967213,0.36885245901639346,0.48770491803278687,0.4262295081967213,0.4262295081967213,0.3333333333333333,0.09289617486338797,0.03551912568306015,0.15437158469945356,0.001999000499750125
education,Less than high school,College graduate/some postgrad,steered,6.0,Steered N=6,All,486,972,0.25089930296449475,0.3497942386831276,0.32510288065843623,0.37551440329218105,0.3508230452674897,0.35030864197530864,0.3333333333333333,0.01697530864197533,-0.008230452674897082,0.04269547325102885,0.09795102448775612
education,Less than high school,College graduate/some postgrad,steered,6.0,Steered N=6,Q1,121,242,0.06905410319135591,0.29338842975206614,0.2396694214876033,0.34297520661157027,0.2975206611570248,0.29545454545454547,0.3333333333333333,-0.037878787878787845,-0.08953168044077134,0.009693526170798657,0.9405297351324338
education,Less than high school,College graduate/some postgrad,steered,6.0,Steered N=6,Q2,122,244,0.15552976945782074,0.3524590163934426,0.30327868852459017,0.4057377049180328,0.3524590163934426,0.3524590163934426,0.3333333333333333,0.01912568306010931,-0.030054644808743147,0.07240437158469948,0.223888055972014
education,Less than high school,College graduate/some postgrad,steered,6.0,Steered N=6,Q3,121,242,0.26784469192948973,0.3512396694214876,0.2975206611570248,0.4049586776859504,0.3512396694214876,0.3512396694214876,0.3333333333333333,0.017906336088154284,-0.03581267217630851,0.07162534435261708,0.2518740629685157
education,Less than high school,College graduate/some postgrad,steered,6.0,Steered N=6,Q4,122,244,0.5098170094858034,0.4016393442622951,0.3524590163934426,0.44672131147540983,0.4016393442622951,0.4016393442622951,0.3333333333333333,0.06830601092896177,0.01912568306010931,0.11338797814207652,0.004997501249375313
education,Less than high school,High school graduate,steered,8.0,Steered N=8,All,486,972,0.1685863093397156,0.3816872427983539,0.35288065843621397,0.4104938271604938,0.3816872427983539,0.3816872427983539,0.3333333333333333,0.048353909465020606,0.019547325102880653,0.0771604938271605,0.0014992503748125937
education,Less than high school,High school graduate,steered,8.0,Steered N=8,Q1,121,242,0.05022713243882999,0.3677685950413223,0.30578512396694213,0.4297520661157025,0.3677685950413223,0.3677685950413223,0.3333333333333333,0.034435261707988996,-0.027548209366391185,0.09641873278236918,0.1454272863568216
education,Less than high school,High school graduate,steered,8.0,Steered N=8,Q2,122,244,0.10533572781477823,0.3360655737704918,0.2827868852459016,0.38934426229508196,0.3360655737704918,0.3360655737704918,0.3333333333333333,0.002732240437158473,-0.050546448087431695,0.05601092896174864,0.47626186906546725
education,Less than high school,High school graduate,steered,8.0,Steered N=8,Q3,121,242,0.1744355733262929,0.3884297520661157,0.3305785123966942,0.45041322314049587,0.3884297520661157,0.3884297520661157,0.3333333333333333,0.05509641873278237,-0.0027548209366390908,0.11707988980716255,0.031984007996002
education,Less than high school,High school graduate,steered,8.0,Steered N=8,Q4,122,244,0.3434245913780245,0.4344262295081967,0.3729508196721312,0.5,0.4344262295081967,0.4344262295081967,0.3333333333333333,0.10109289617486339,0.03961748633879786,0.16666666666666669,0.0024987506246876563
education,Less than high school,College graduate/some postgrad,steered,8.0,Steered N=8,All,486,972,0.25089930296449475,0.3477366255144033,0.3220164609053498,0.37448559670781895,0.3487654320987654,0.3482510288065844,0.3333333333333333,0.014917695473251058,-0.009773662551440299,0.04115226337448563,0.12993503248375812
education,Less than high school,College graduate/some postgrad,steered,8.0,Steered N=8,Q1,121,242,0.06905410319135591,0.2975206611570248,0.24793388429752067,0.34710743801652894,0.30165289256198347,0.29958677685950413,0.3333333333333333,-0.03374655647382918,-0.08539944903581265,0.017906336088154284,0.9005497251374313
education,Less than high school,College graduate/some postgrad,steered,8.0,Steered N=8,Q2,122,244,0.15552976945782074,0.3401639344262295,0.28688524590163933,0.39344262295081966,0.3401639344262295,0.3401639344262295,0.3333333333333333,0.0068306010928961824,-0.046448087431693985,0.06010928961748635,0.3988005997001499
education,Less than high school,College graduate/some postgrad,steered,8.0,Steered N=8,Q3,121,242,0.26784469192948973,0.3512396694214876,0.30165289256198347,0.4049586776859504,0.3512396694214876,0.3512396694214876,0.3333333333333333,0.017906336088154284,-0.03168044077134985,0.07162534435261708,0.23938030984507747
education,Less than high school,College graduate/some postgrad,steered,8.0,Steered N=8,Q4,122,244,0.5098170094858034,0.4016393442622951,0.35655737704918034,0.44672131147540983,0.4016393442622951,0.4016393442622951,0.3333333333333333,0.06830601092896177,0.02322404371584702,0.11338797814207652,0.0034982508745627187
education,Less than high school,High school graduate,steered,10.0,Steered N=10,All,486,972,0.1685863093397156,0.3816872427983539,0.35185185185185186,0.411522633744856,0.3816872427983539,0.3816872427983539,0.3333333333333333,0.048353909465020606,0.018518518518518545,0.07818930041152267,0.0024987506246876563
education,Less than high school,High school graduate,steered,10.0,Steered N=10,Q1,121,242,0.05022713243882999,0.3760330578512397,0.3140495867768595,0.4380165289256198,0.3760330578512397,0.3760330578512397,0.3333333333333333,0.04269972451790638,-0.019283746556473802,0.1046831955922865,0.08695652173913043
education,Less than high school,High school graduate,steered,10.0,Steered N=10,Q2,122,244,0.10533572781477823,0.3442622950819672,0.29508196721311475,0.4016393442622951,0.3442622950819672,0.3442622950819672,0.3333333333333333,0.010928961748633892,-0.038251366120218566,0.06830601092896177,0.3378310844577711
education,Less than high school,High school graduate,steered,10.0,Steered N=10,Q3,121,242,0.1744355733262929,0.38016528925619836,0.3181818181818182,0.4380165289256198,0.38016528925619836,0.38016528925619836,0.3333333333333333,0.04683195592286504,-0.015151515151515138,0.1046831955922865,0.05547226386806597
education,Less than high school,High school graduate,steered,10.0,Steered N=10,Q4,122,244,0.3434245913780245,0.4262295081967213,0.36475409836065575,0.4918032786885246,0.4262295081967213,0.4262295081967213,0.3333333333333333,0.09289617486338797,0.03142076502732244,0.15846994535519127,0.0024987506246876563
education,Less than high school,College graduate/some postgrad,steered,10.0,Steered N=10,All,486,972,0.25089930296449475,0.345679012345679,0.32098765432098764,0.3734567901234568,0.34670781893004116,0.3461934156378601,0.3333333333333333,0.012860082304526788,-0.012345679012345678,0.04012345679012347,0.16841579210394803
education,Less than high school,College graduate/some postgrad,steered,10.0,Steered N=10,Q1,121,242,0.06905410319135591,0.2975206611570248,0.24793388429752067,0.3512396694214876,0.30165289256198347,0.29958677685950413,0.3333333333333333,-0.03374655647382918,-0.08539944903581265,0.020024104683195317,0.894552723638181
education,Less than high school,College graduate/some postgrad,steered,10.0,Steered N=10,Q2,122,244,0.15552976945782074,0.3401639344262295,0.2908811475409836,0.39344262295081966,0.3401639344262295,0.3401639344262295,0.3333333333333333,0.0068306010928961824,-0.04245218579234971,0.06010928961748635,0.4192903548225887
education,Less than high school,College graduate/some postgrad,steered,10.0,Steered N=10,Q3,121,242,0.26784469192948973,0.34710743801652894,0.29338842975206614,0.40082644628099173,0.34710743801652894,0.34710743801652894,0.3333333333333333,0.01377410468319562,-0.03994490358126718,0.06749311294765842,0.26786606696651677
education,Less than high school,College graduate/some postgrad,steered,10.0,Steered N=10,Q4,122,244,0.5098170094858034,0.3975409836065574,0.3524590163934426,0.4426229508196721,0.3975409836065574,0.3975409836065574,0.3333333333333333,0.06420765027322406,0.01912568306010931,0.10928961748633881,0.0074962518740629685
education,Less than high school,High school graduate,steered,12.0,Steered N=12,All,486,972,0.1685863093397156,0.3816872427983539,0.35288065843621397,0.411522633744856,0.3816872427983539,0.3816872427983539,0.3333333333333333,0.048353909465020606,0.019547325102880653,0.07818930041152267,0.0009995002498750624
education,Less than high school,High school graduate,steered,12.0,Steered N=12,Q1,121,242,0.05022713243882999,0.38016528925619836,0.3181818181818182,0.44214876033057854,0.38016528925619836,0.38016528925619836,0.3333333333333333,0.04683195592286504,-0.015151515151515138,0.10881542699724522,0.06646676661669165
education,Less than high school,High school graduate,steered,12.0,Steered N=12,Q2,122,244,0.10533572781477823,0.3401639344262295,0.28688524590163933,0.38934426229508196,0.3401639344262295,0.3401639344262295,0.3333333333333333,0.0068306010928961824,-0.046448087431693985,0.05601092896174864,0.40229885057471265
education,Less than high school,High school graduate,steered,12.0,Steered N=12,Q3,121,242,0.1744355733262929,0.384297520661157,0.32644628099173556,0.44214876033057854,0.384297520661157,0.384297520661157,0.3333333333333333,0.05096418732782371,-0.006887052341597755,0.10881542699724522,0.04247876061969016
education,Less than high school,High school graduate,steered,12.0,Steered N=12,Q4,122,244,0.3434245913780245,0.42213114754098363,0.36065573770491804,0.48360655737704916,0.42213114754098363,0.42213114754098363,0.3333333333333333,0.08879781420765032,0.02732240437158473,0.15027322404371585,0.004997501249375313
education,Less than high school,College graduate/some postgrad,steered,12.0,Steered N=12,All,486,972,0.25089930296449475,0.3446502057613169,0.31893004115226337,0.36934156378600824,0.345679012345679,0.34516460905349794,0.3333333333333333,0.011831275720164625,-0.013888888888888895,0.03600823045267493,0.17091454272863568
education,Less than high school,College graduate/some postgrad,steered,12.0,Steered N=12,Q1,121,242,0.06905410319135591,0.2975206611570248,0.24380165289256198,0.3512396694214876,0.30165289256198347,0.29958677685950413,0.3333333333333333,-0.03374655647382918,-0.08539944903581265,0.019972451790633616,0.896551724137931
education,Less than high school,College graduate/some postgrad,steered,12.0,Steered N=12,Q2,122,244,0.15552976945782074,0.3442622950819672,0.29508196721311475,0.3975409836065574,0.3442622950819672,0.3442622950819672,0.3333333333333333,0.010928961748633892,-0.038251366120218566,0.06420765027322406,0.3633183408295852
education,Less than high school,College graduate/some postgrad,steered,12.0,Steered N=12,Q3,121,242,0.26784469192948973,0.34297520661157027,0.2975206611570248,0.3925619834710744,0.34297520661157027,0.34297520661157027,0.3333333333333333,0.009641873278236957,-0.03581267217630851,0.05922865013774109,0.32533733133433285
education,Less than high school,College graduate/some postgrad,steered,12.0,Steered N=12,Q4,122,244,0.5098170094858034,0.39344262295081966,0.3442622950819672,0.4426229508196721,0.39344262295081966,0.39344262295081966,0.3333333333333333,0.06010928961748635,0.010928961748633892,0.10928961748633881,0.008995502248875561
education,Less than high school,High school graduate,steered,14.0,Steered N=14,All,486,972,0.1685863093397156,0.3837448559670782,0.3549382716049383,0.41358024691358025,0.3837448559670782,0.3837448559670782,0.3333333333333333,0.050411522633744876,0.02160493827160498,0.08024691358024694,0.0004997501249375312
education,Less than high school,High school graduate,steered,14.0,Steered N=14,Q1,121,242,0.05022713243882999,0.384297520661157,0.3181818181818182,0.4462809917355372,0.384297520661157,0.384297520661157,0.3333333333333333,0.05096418732782371,-0.015151515151515138,0.11294765840220389,0.0559720139930035
education,Less than high school,High school graduate,steered,14.0,Steered N=14,Q2,122,244,0.10533572781477823,0.3442622950819672,0.29098360655737704,0.4016393442622951,0.3442622950819672,0.3442622950819672,0.3333333333333333,0.010928961748633892,-0.042349726775956276,0.06830601092896177,0.3543228385807096
education,Less than high school,High school graduate,steered,14.0,Steered N=14,Q3,121,242,0.1744355733262929,0.384297520661157,0.32644628099173556,0.44225206611570195,0.384297520661157,0.384297520661157,0.3333333333333333,0.05096418732782371,-0.006887052341597755,0.10891873278236863,0.03698150924537731
education,Less than high school,High school graduate,steered,14.0,Steered N=14,Q4,122,244,0.3434245913780245,0.42213114754098363,0.36065573770491804,0.48360655737704916,0.42213114754098363,0.42213114754098363,0.3333333333333333,0.08879781420765032,0.02732240437158473,0.15027322404371585,0.0014992503748125937
education,Less than high school,College graduate/some postgrad,steered,14.0,Steered N=14,All,486,972,0.25089930296449475,0.345679012345679,0.32098765432098764,0.3713991769547325,0.34670781893004116,0.3461934156378601,0.3333333333333333,0.012860082304526788,-0.011329732510288041,0.03858024691358025,0.16091954022988506
education,Less than high school,College graduate/some postgrad,steered,14.0,Steered N=14,Q1,121,242,0.06905410319135591,0.30165289256198347,0.24793388429752067,0.3512396694214876,0.30578512396694213,0.3037190082644628,0.3333333333333333,-0.029614325068870517,-0.08126721763085398,0.017957988980715985,0.8785607196401799
education,Less than high school,College graduate/some postgrad,steered,14.0,Steered N=14,Q2,122,244,0.15552976945782074,0.3401639344262295,0.29098360655737704,0.38934426229508196,0.3401639344262295,0.3401639344262295,0.3333333333333333,0.0068306010928961824,-0.042349726775956276,0.05601092896174864,0.39580209895052476
education,Less than high school,College graduate/some postgrad,steered,14.0,Steered N=14,Q3,121,242,0.26784469192948973,0.3512396694214876,0.30165289256198347,0.40082644628099173,0.3512396694214876,0.3512396694214876,0.3333333333333333,0.017906336088154284,-0.03168044077134985,0.06749311294765842,0.24237881059470265
education,Less than high school,College graduate/some postgrad,steered,14.0,Steered N=14,Q4,122,244,0.5098170094858034,0.38934426229508196,0.3442622950819672,0.4385245901639344,0.38934426229508196,0.38934426229508196,0.3333333333333333,0.05601092896174864,0.010928961748633892,0.1051912568306011,0.013993003498250875
education,Less than high school,High school graduate,steered,16.0,Steered N=16,All,486,972,0.1685863093397156,0.38271604938271603,0.35185185185185186,0.41360596707818914,0.38271604938271603,0.38271604938271603,0.3333333333333333,0.04938271604938271,0.018518518518518545,0.08027263374485585,0.0004997501249375312
education,Less than high school,High school graduate,steered,16.0,Steered N=16,Q1,121,242,0.05022713243882999,0.384297520661157,0.32231404958677684,0.45041322314049587,0.384297520661157,0.384297520661157,0.3333333333333333,0.05096418732782371,-0.011019283746556474,0.11707988980716255,0.050974512743628186
education,Less than high school,High school graduate,steered,16.0,Steered N=16,Q2,122,244,0.10533572781477823,0.3442622950819672,0.29098360655737704,0.4016393442622951,0.3442622950819672,0.3442622950819672,0.3333333333333333,0.010928961748633892,-0.042349726775956276,0.06830601092896177,0.35282358820589704
education,Less than high school,High school graduate,steered,16.0,Steered N=16,Q3,121,242,0.1744355733262929,0.38016528925619836,0.3181818181818182,0.44214876033057854,0.38016528925619836,0.38016528925619836,0.3333333333333333,0.04683195592286504,-0.015151515151515138,0.10881542699724522,0.06646676661669165
education,Less than high school,High school graduate,steered,16.0,Steered N=16,Q4,122,244,0.3434245913780245,0.42213114754098363,0.3646516393442623,0.48360655737704916,0.42213114754098363,0.42213114754098363,0.3333333333333333,0.08879781420765032,0.031318306010929005,0.15027322404371585,0.0029985007496251873
education,Less than high school,College graduate/some postgrad,steered,16.0,Steered N=16,All,486,972,0.25089930296449475,0.34670781893004116,0.3220164609053498,0.3713991769547325,0.3477366255144033,0.3472222222222222,0.3333333333333333,0.013888888888888895,-0.010802469135802462,0.0380658436213992,0.13343328335832083
education,Less than high school,College graduate/some postgrad,steered,16.0,Steered N=16,Q1,121,242,0.06905410319135591,0.30165289256198347,0.25206611570247933,0.3512396694214876,0.30578512396694213,0.3037190082644628,0.3333333333333333,-0.029614325068870517,-0.07713498622589532,0.019972451790633616,0.872063968015992
education,Less than high school,College graduate/some postgrad,steered,16.0,Steered N=16,Q2,122,244,0.15552976945782074,0.3442622950819672,0.29098360655737704,0.3975409836065574,0.3442622950819672,0.3442622950819672,0.3333333333333333,0.010928961748633892,-0.042349726775956276,0.06420765027322406,0.36281859070464767
education,Less than high school,College graduate/some postgrad,steered,16.0,Steered N=16,Q3,121,242,0.26784469192948973,0.34710743801652894,0.2975206611570248,0.39669421487603307,0.34710743801652894,0.34710743801652894,0.3333333333333333,0.01377410468319562,-0.03581267217630851,0.06336088154269975,0.28085957021489255
education,Less than high school,College graduate/some postgrad,steered,16.0,Steered N=16,Q4,122,244,0.5098170094858034,0.39344262295081966,0.3442622950819672,0.4426229508196721,0.39344262295081966,0.39344262295081966,0.3333333333333333,0.06010928961748635,0.010928961748633892,0.10928961748633881,0.008995502248875561
education,Less than high school,High school graduate,steered,18.0,Steered N=18,All,486,972,0.1685863093397156,0.38271604938271603,0.35288065843621397,0.411522633744856,0.38271604938271603,0.38271604938271603,0.3333333333333333,0.04938271604938271,0.019547325102880653,0.07818930041152267,0.0004997501249375312
education,Less than high school,High school graduate,steered,18.0,Steered N=18,Q1,121,242,0.05022713243882999,0.3884297520661157,0.32644628099173556,0.45454545454545453,0.3884297520661157,0.3884297520661157,0.3333333333333333,0.05509641873278237,-0.006887052341597755,0.12121212121212122,0.04597701149425287
education,Less than high school,High school graduate,steered,18.0,Steered N=18,Q2,122,244,0.10533572781477823,0.3442622950819672,0.29098360655737704,0.3975409836065574,0.3442622950819672,0.3442622950819672,0.3333333333333333,0.010928961748633892,-0.042349726775956276,0.06420765027322406,0.3618190904547726
education,Less than high school,High school graduate,steered,18.0,Steered N=18,Q3,121,242,0.1744355733262929,0.38016528925619836,0.32231404958677684,0.4380165289256198,0.38016528925619836,0.38016528925619836,0.3333333333333333,0.04683195592286504,-0.011019283746556474,0.1046831955922865,0.0559720139930035
education,Less than high school,High school graduate,steered,18.0,Steered N=18,Q4,122,244,0.3434245913780245,0.4180327868852459,0.36065573770491804,0.48360655737704916,0.4180327868852459,0.4180327868852459,0.3333333333333333,0.0846994535519126,0.02732240437158473,0.15027322404371585,0.0014992503748125937
education,Less than high school,College graduate/some postgrad,steered,18.0,Steered N=18,All,486,972,0.25089930296449475,0.34670781893004116,0.32098765432098764,0.3724279835390947,0.3477366255144033,0.3472222222222222,0.3333333333333333,0.013888888888888895,-0.011831275720164569,0.03910751028806582,0.15342328835582209
education,Less than high school,College graduate/some postgrad,steered,18.0,Steered N=18,Q1,121,242,0.06905410319135591,0.30165289256198347,0.25196280991735537,0.3512396694214876,0.30578512396694213,0.3037190082644628,0.3333333333333333,-0.029614325068870517,-0.08126721763085398,0.019972451790633616,0.8730634682658671
education,Less than high school,College graduate/some postgrad,steered,18.0,Steered N=18,Q2,122,244,0.15552976945782074,0.3442622950819672,0.29098360655737704,0.39354508196721255,0.3442622950819672,0.3442622950819672,0.3333333333333333,0.010928961748633892,-0.042349726775956276,0.060211748633879236,0.3523238380809595
education,Less than high school,College graduate/some postgrad,steered,18.0,Steered N=18,Q3,121,242,0.26784469192948973,0.34710743801652894,0.2975206611570248,0.39669421487603307,0.34710743801652894,0.34710743801652894,0.3333333333333333,0.01377410468319562,-0.03581267217630851,0.06336088154269975,0.27886056971514245
education,Less than high school,College graduate/some postgrad,steered,18.0,Steered N=18,Q4,122,244,0.5098170094858034,0.39344262295081966,0.3442622950819672,0.4426229508196721,0.39344262295081966,0.39344262295081966,0.3333333333333333,0.06010928961748635,0.010928961748633892,0.10928961748633881,0.009495252373813094
education,Less than high school,High school graduate,steered,20.0,Steered N=20,All,486,972,0.1685863093397156,0.3816872427983539,0.3508230452674897,0.411522633744856,0.3816872427983539,0.3816872427983539,0.3333333333333333,0.048353909465020606,0.017489711934156382,0.07818930041152267,0.001999000499750125
education,Less than high school,High school graduate,steered,20.0,Steered N=20,Q1,121,242,0.05022713243882999,0.3884297520661157,0.32644628099173556,0.4505165289256193,0.3884297520661157,0.3884297520661157,0.3333333333333333,0.05509641873278237,-0.006887052341597755,0.11718319559228596,0.038980509745127435
education,Less than high school,High school graduate,steered,20.0,Steered N=20,Q2,122,244,0.10533572781477823,0.3483606557377049,0.29918032786885246,0.4016393442622951,0.3483606557377049,0.3483606557377049,0.3333333333333333,0.015027322404371601,-0.03415300546448086,0.06830601092896177,0.296351824087956
education,Less than high school,High school graduate,steered,20.0,Steered N=20,Q3,121,242,0.1744355733262929,0.3760330578512397,0.3181818181818182,0.43388429752066116,0.3760330578512397,0.3760330578512397,0.3333333333333333,0.04269972451790638,-0.015151515151515138,0.10055096418732784,0.06946526736631684
education,Less than high school,High school graduate,steered,20.0,Steered N=20,Q4,122,244,0.3434245913780245,0.4139344262295082,0.3524590163934426,0.4713114754098361,0.4139344262295082,0.4139344262295082,0.3333333333333333,0.0806010928961749,0.01912568306010931,0.13797814207650277,0.006496751624187906
education,Less than high school,College graduate/some postgrad,steered,20.0,Steered N=20,All,486,972,0.25089930296449475,0.34670781893004116,0.32098765432098764,0.3724794238683125,0.3477366255144033,0.3472222222222222,0.3333333333333333,0.013888888888888895,-0.011844135802469097,0.040149176954732385,0.15092453773113443
education,Less than high school,College graduate/some postgrad,steered,20.0,Steered N=20,Q1,121,242,0.06905410319135591,0.2975206611570248,0.24793388429752067,0.3512396694214876,0.30165289256198347,0.29958677685950413,0.3333333333333333,-0.03374655647382918,-0.0833849862258953,0.017957988980715985,0.8975512243878061
education,Less than high school,College graduate/some postgrad,steered,20.0,Steered N=20,Q2,122,244,0.15552976945782074,0.3442622950819672,0.29098360655737704,0.3975409836065574,0.3442622950819672,0.3442622950819672,0.3333333333333333,0.010928961748633892,-0.042349726775956276,0.06420765027322406,0.36281859070464767
education,Less than high school,College graduate/some postgrad,steered,20.0,Steered N=20,Q3,121,242,0.26784469192948973,0.3512396694214876,0.30165289256198347,0.40082644628099173,0.3512396694214876,0.3512396694214876,0.3333333333333333,0.017906336088154284,-0.03168044077134985,0.06749311294765842,0.23738130934532733
education,Less than high school,College graduate/some postgrad,steered,20.0,Steered N=20,Q4,122,244,0.5098170094858034,0.39344262295081966,0.3442622950819672,0.4386270491803273,0.39344262295081966,0.39344262295081966,0.3333333333333333,0.06010928961748635,0.010928961748633892,0.10529371584699398,0.008995502248875561
education,High school graduate,College graduate/some postgrad,declared,,Declared,All,486,972,0.17017613626227454,0.3734567901234568,0.35288065843621397,0.39609053497942387,0.3734567901234568,0.3734567901234568,0.3333333333333333,0.04012345679012347,0.019547325102880653,0.06275720164609055,0.0009995002498750624
education,High school graduate,College graduate/some postgrad,declared,,Declared,Q1,121,242,0.048746712886811996,0.34710743801652894,0.30165289256198347,0.3925619834710744,0.34710743801652894,0.34710743801652894,0.3333333333333333,0.01377410468319562,-0.03168044077134985,0.05922865013774109,0.25037481259370314
education,High school graduate,College graduate/some postgrad,declared,,Declared,Q2,122,244,0.10797407847401763,0.3729508196721312,0.32786885245901637,0.4139344262295082,0.3729508196721312,0.3729508196721312,0.3333333333333333,0.03961748633879786,-0.005464480874316946,0.0806010928961749,0.041979010494752625
education,High school graduate,College graduate/some postgrad,declared,,Declared,Q3,121,242,0.18585507629900233,0.3677685950413223,0.32644628099173556,0.4049586776859504,0.3677685950413223,0.3677685950413223,0.3333333333333333,0.034435261707988996,-0.006887052341597755,0.07162534435261708,0.044977511244377814
education,High school graduate,College graduate/some postgrad,declared,,Declared,Q4,122,244,0.3372618701487849,0.4057377049180328,0.36065573770491804,0.44672131147540983,0.4057377049180328,0.4057377049180328,0.3333333333333333,0.07240437158469948,0.02732240437158473,0.11338797814207652,0.0009995002498750624
education,High school graduate,College graduate/some postgrad,steered,0.0,Neutral (N=0),All,486,972,0.17017613626227454,0.37448559670781895,0.3549382716049383,0.3940329218106996,0.37448559670781895,0.37448559670781895,0.3333333333333333,0.04115226337448563,0.02160493827160498,0.060699588477366284,0.0004997501249375312
education,High school graduate,College graduate/some postgrad,steered,0.0,Neutral (N=0),Q1,121,242,0.048746712886811996,0.35537190082644626,0.3140495867768595,0.3926652892561978,0.35537190082644626,0.35537190082644626,0.3333333333333333,0.02203856749311295,-0.019283746556473802,0.05933195592286449,0.12393803098450774
education,High school graduate,College graduate/some postgrad,steered,0.0,Neutral (N=0),Q2,122,244,0.10797407847401763,0.36885245901639346,0.32786885245901637,0.4057377049180328,0.36885245901639346,0.36885245901639346,0.3333333333333333,0.03551912568306015,-0.005464480874316946,0.07240437158469948,0.04147926036981509
education,High school graduate,College graduate/some postgrad,steered,0.0,Neutral (N=0),Q3,121,242,0.18585507629900233,0.3760330578512397,0.33884297520661155,0.4132231404958678,0.3760330578512397,0.3760330578512397,0.3333333333333333,0.04269972451790638,0.005509641873278237,0.07988980716253447,0.01249375312343828
education,High school graduate,College graduate/some postgrad,steered,0.0,Neutral (N=0),Q4,122,244,0.3372618701487849,0.3975409836065574,0.36065573770491804,0.430327868852459,0.3975409836065574,0.3975409836065574,0.3333333333333333,0.06420765027322406,0.02732240437158473,0.09699453551912568,0.0004997501249375312
education,High school graduate,College graduate/some postgrad,steered,2.0,Steered N=2,All,486,972,0.17017613626227454,0.31069958847736623,0.28189300411522633,0.33953189300411507,0.31069958847736623,0.31069958847736623,0.3333333333333333,-0.022633744855967086,-0.051440329218106984,0.006198559670781779,0.9480259870064968
education,High school graduate,College graduate/some postgrad,steered,2.0,Steered N=2,Q1,121,242,0.048746712886811996,0.29338842975206614,0.23553719008264462,0.3512396694214876,0.29338842975206614,0.29338842975206614,0.3333333333333333,-0.03994490358126718,-0.0977961432506887,0.017906336088154284,0.9090454772613693
education,High school graduate,College graduate/some postgrad,steered,2.0,Steered N=2,Q2,122,244,0.10797407847401763,0.2459016393442623,0.19262295081967212,0.29508196721311475,0.2459016393442623,0.2459016393442623,0.3333333333333333,-0.08743169398907102,-0.1407103825136612,-0.038251366120218566,1.0
education,High school graduate,College graduate/some postgrad,steered,2.0,Steered N=2,Q3,121,242,0.18585507629900233,0.3512396694214876,0.2892561983471074,0.4132231404958678,0.3512396694214876,0.3512396694214876,0.3333333333333333,0.017906336088154284,-0.0440771349862259,0.07988980716253447,0.27886056971514245
education,High school graduate,College graduate/some postgrad,steered,2.0,Steered N=2,Q4,122,244,0.3372618701487849,0.3524590163934426,0.29508196721311475,0.4098360655737705,0.3524590163934426,0.3524590163934426,0.3333333333333333,0.01912568306010931,-0.038251366120218566,0.07650273224043719,0.25237381309345325
education,High school graduate,College graduate/some postgrad,steered,4.0,Steered N=4,All,486,972,0.17017613626227454,0.2736625514403292,0.24691358024691357,0.301440329218107,0.27469135802469136,0.2741769547325103,0.3333333333333333,-0.05915637860082301,-0.0859182098765432,-0.03137860082304522,1.0
education,High school graduate,College graduate/some postgrad,steered,4.0,Steered N=4,Q1,121,242,0.048746712886811996,0.2727272727272727,0.2190082644628099,0.3305785123966942,0.2727272727272727,0.2727272727272727,0.3333333333333333,-0.06060606060606061,-0.1143250688705234,-0.0027548209366390908,0.9775112443778111
education,High school graduate,College graduate/some postgrad,steered,4.0,Steered N=4,Q2,122,244,0.10797407847401763,0.21721311475409835,0.1680327868852459,0.26639344262295084,0.22131147540983606,0.2192622950819672,0.3333333333333333,-0.11407103825136611,-0.1612021857923497,-0.06693989071038248,1.0
education,High school graduate,College graduate/some postgrad,steered,4.0,Steered N=4,Q3,121,242,0.18585507629900233,0.2809917355371901,0.2231404958677686,0.33884297520661155,0.2809917355371901,0.2809917355371901,0.3333333333333333,-0.052341597796143224,-0.11019283746556471,0.005509641873278237,0.9645177411294353
education,High school graduate,College graduate/some postgrad,steered,4.0,Steered N=4,Q4,122,244,0.3372618701487849,0.3237704918032787,0.26639344262295084,0.38114754098360654,0.3237704918032787,0.3237704918032787,0.3333333333333333,-0.0095628415300546,-0.06693989071038248,0.04781420765027322,0.6531734132933533
education,High school graduate,College graduate/some postgrad,steered,6.0,Steered N=6,All,486,972,0.17017613626227454,0.2664609053497942,0.2397119341563786,0.29218106995884774,0.2674897119341564,0.26697530864197533,0.3333333333333333,-0.06635802469135799,-0.09259259259259259,-0.040625000000000064,1.0
education,High school graduate,College graduate/some postgrad,steered,6.0,Steered N=6,Q1,121,242,0.048746712886811996,0.2727272727272727,0.21487603305785125,0.3305785123966942,0.2727272727272727,0.2727272727272727,0.3333333333333333,-0.06060606060606061,-0.11845730027548207,-0.0027548209366390908,0.9775112443778111
education,High school graduate,College graduate/some postgrad,steered,6.0,Steered N=6,Q2,122,244,0.10797407847401763,0.22131147540983606,0.1721311475409836,0.27049180327868855,0.22540983606557377,0.22336065573770492,0.3333333333333333,-0.1099726775956284,-0.15715505464480872,-0.0607411202185795,1.0
education,High school graduate,College graduate/some postgrad,steered,6.0,Steered N=6,Q3,121,242,0.18585507629900233,0.2768595041322314,0.2271694214876033,0.3347107438016529,0.2768595041322314,0.2768595041322314,0.3333333333333333,-0.05647382920110189,-0.10616391184573001,0.0013774104683195731,0.9730134932533733
education,High school graduate,College graduate/some postgrad,steered,6.0,Steered N=6,Q4,122,244,0.3372618701487849,0.29508196721311475,0.24180327868852458,0.3483606557377049,0.29508196721311475,0.29508196721311475,0.3333333333333333,-0.038251366120218566,-0.09153005464480873,0.015027322404371601,0.9195402298850575
education,High school graduate,College graduate/some postgrad,steered,8.0,Steered N=8,All,486,972,0.17017613626227454,0.26851851851851855,0.24279835390946503,0.294238683127572,0.26954732510288065,0.2690329218106996,0.3333333333333333,-0.06430041152263372,-0.09002057613168724,-0.03858024691358025,1.0
education,High school graduate,College graduate/some postgrad,steered,8.0,Steered N=8,Q1,121,242,0.048746712886811996,0.28512396694214875,0.23140495867768596,0.33884297520661155,0.28512396694214875,0.28512396694214875,0.3333333333333333,-0.04820936639118456,-0.10192837465564736,0.005509641873278237,0.953023488255872
education,High school graduate,College graduate/some postgrad,steered,8.0,Steered N=8,Q2,122,244,0.10797407847401763,0.22540983606557377,0.18032786885245902,0.27459016393442626,0.22950819672131148,0.22745901639344263,0.3333333333333333,-0.10587431693989069,-0.14890710382513658,-0.05669398907103823,1.0
education,High school graduate,College graduate/some postgrad,steered,8.0,Steered N=8,Q3,121,242,0.18585507629900233,0.2809917355371901,0.22727272727272727,0.33884297520661155,0.2809917355371901,0.2809917355371901,0.3333333333333333,-0.052341597796143224,-0.10606060606060605,0.005509641873278237,0.9665167416291854
education,High school graduate,College graduate/some postgrad,steered,8.0,Steered N=8,Q4,122,244,0.3372618701487849,0.2827868852459016,0.2336065573770492,0.3319672131147541,0.2827868852459016,0.2827868852459016,0.3333333333333333,-0.050546448087431695,-0.09972677595628412,-0.0013661202185792365,0.9760119940029985
education,High school graduate,College graduate/some postgrad,steered,10.0,Steered N=10,All,486,972,0.17017613626227454,0.2664609053497942,0.23868312757201646,0.29218106995884774,0.2674897119341564,0.26697530864197533,0.3333333333333333,-0.06635802469135799,-0.09363425925925925,-0.04063786008230452,1.0
education,High school graduate,College graduate/some postgrad,steered,10.0,Steered N=10,Q1,121,242,0.048746712886811996,0.28512396694214875,0.23140495867768596,0.34297520661157027,0.28512396694214875,0.28512396694214875,0.3333333333333333,-0.04820936639118456,-0.10192837465564736,0.009641873278236957,0.9450274862568716
education,High school graduate,College graduate/some postgrad,steered,10.0,Steered N=10,Q2,122,244,0.10797407847401763,0.21721311475409835,0.1721311475409836,0.26639344262295084,0.22131147540983606,0.2192622950819672,0.3333333333333333,-0.11407103825136611,-0.15715505464480872,-0.06489071038251365,1.0
education,High school graduate,College graduate/some postgrad,steered,10.0,Steered N=10,Q3,121,242,0.18585507629900233,0.2809917355371901,0.22727272727272727,0.3347107438016529,0.2809917355371901,0.2809917355371901,0.3333333333333333,-0.052341597796143224,-0.10606060606060605,0.0013774104683195731,0.9690154922538731
education,High school graduate,College graduate/some postgrad,steered,10.0,Steered N=10,Q4,122,244,0.3372618701487849,0.2827868852459016,0.2336065573770492,0.3360655737704918,0.2827868852459016,0.2827868852459016,0.3333333333333333,-0.050546448087431695,-0.09972677595628412,0.002732240437158473,0.9695152423788106
education,High school graduate,College graduate/some postgrad,steered,12.0,Steered N=12,All,486,972,0.17017613626227454,0.2654320987654321,0.23868312757201646,0.29218106995884774,0.2664609053497942,0.26594650205761317,0.3333333333333333,-0.06738683127572015,-0.09465020576131686,-0.04012345679012341,1.0
education,High school graduate,College graduate/some postgrad,steered,12.0,Steered N=12,Q1,121,242,0.048746712886811996,0.28512396694214875,0.23140495867768596,0.33894628099173496,0.28512396694214875,0.28512396694214875,0.3333333333333333,-0.04820936639118456,-0.10192837465564736,0.0056129476584016414,0.953023488255872
education,High school graduate,College graduate/some postgrad,steered,12.0,Steered N=12,Q2,122,244,0.10797407847401763,0.21721311475409835,0.1721311475409836,0.26229508196721313,0.22131147540983606,0.2192622950819672,0.3333333333333333,-0.11407103825136611,-0.157103825136612,-0.06693989071038248,1.0
education,High school graduate,College graduate/some postgrad,steered,12.0,Steered N=12,Q3,121,242,0.18585507629900233,0.2809917355371901,0.22727272727272727,0.3347107438016529,0.2809917355371901,0.2809917355371901,0.3333333333333333,-0.052341597796143224,-0.10606060606060605,0.0013774104683195731,0.9660169915042479
education,High school graduate,College graduate/some postgrad,steered,12.0,Steered N=12,Q4,122,244,0.3372618701487849,0.2786885245901639,0.22540983606557377,0.3319672131147541,0.2786885245901639,0.2786885245901639,0.3333333333333333,-0.054644808743169404,-0.10792349726775954,-0.0013661202185792365,0.9775112443778111
education,High school graduate,College graduate/some postgrad,steered,14.0,Steered N=14,All,486,972,0.17017613626227454,0.26440329218106995,0.23765432098765432,0.29218106995884774,0.2654320987654321,0.264917695473251,0.3333333333333333,-0.06841563786008231,-0.09517746913580244,-0.041152263374485576,1.0
education,High school graduate,College graduate/some postgrad,steered,14.0,Steered N=14,Q1,121,242,0.048746712886811996,0.28512396694214875,0.23140495867768596,0.34297520661157027,0.28512396694214875,0.28512396694214875,0.3333333333333333,-0.04820936639118456,-0.10192837465564736,0.009641873278236957,0.9580209895052474
education,High school graduate,College graduate/some postgrad,steered,14.0,Steered N=14,Q2,122,244,0.10797407847401763,0.21721311475409835,0.1680327868852459,0.26229508196721313,0.22131147540983606,0.2192622950819672,0.3333333333333333,-0.11407103825136611,-0.16325136612021857,-0.06693989071038248,1.0
education,High school graduate,College graduate/some postgrad,steered,14.0,Steered N=14,Q3,121,242,0.18585507629900233,0.2768595041322314,0.22727272727272727,0.3347107438016529,0.2768595041322314,0.2768595041322314,0.3333333333333333,-0.05647382920110189,-0.10606060606060605,0.0013774104683195731,0.9720139930034982
education,High school graduate,College graduate/some postgrad,steered,14.0,Steered N=14,Q4,122,244,0.3372618701487849,0.2786885245901639,0.22540983606557377,0.3360655737704918,0.2786885245901639,0.2786885245901639,0.3333333333333333,-0.054644808743169404,-0.10792349726775954,0.002732240437158473,0.9720139930034982
education,High school graduate,College graduate/some postgrad,steered,16.0,Steered N=16,All,486,972,0.17017613626227454,0.26440329218106995,0.23559670781893005,0.29012345679012347,0.2654320987654321,0.264917695473251,0.3333333333333333,-0.06841563786008231,-0.09722222222222221,-0.04269547325102879,1.0
education,High school graduate,College graduate/some postgrad,steered,16.0,Steered N=16,Q1,121,242,0.048746712886811996,0.2809917355371901,0.22727272727272727,0.33884297520661155,0.2809917355371901,0.2809917355371901,0.3333333333333333,-0.052341597796143224,-0.10606060606060605,0.005509641873278237,0.9620189905047476
education,High school graduate,College graduate/some postgrad,steered,16.0,Steered N=16,Q2,122,244,0.10797407847401763,0.22131147540983606,0.1762295081967213,0.27049180327868855,0.22540983606557377,0.22336065573770492,0.3333333333333333,-0.1099726775956284,-0.15505464480874315,-0.06284153005464477,1.0
education,High school graduate,College graduate/some postgrad,steered,16.0,Steered N=16,Q3,121,242,0.18585507629900233,0.2768595041322314,0.2190082644628099,0.3305785123966942,0.2768595041322314,0.2768595041322314,0.3333333333333333,-0.05647382920110189,-0.1143250688705234,-0.0027548209366390908,0.9760119940029985
education,High school graduate,College graduate/some postgrad,steered,16.0,Steered N=16,Q4,122,244,0.3372618701487849,0.2786885245901639,0.22540983606557377,0.3360655737704918,0.2786885245901639,0.2786885245901639,0.3333333333333333,-0.054644808743169404,-0.10792349726775954,0.002732240437158473,0.974512743628186
education,High school graduate,College graduate/some postgrad,steered,18.0,Steered N=18,All,486,972,0.17017613626227454,0.26440329218106995,0.2366255144032922,0.29218106995884774,0.2654320987654321,0.264917695473251,0.3333333333333333,-0.06841563786008231,-0.09569187242798352,-0.041152263374485576,1.0
education,High school graduate,College graduate/some postgrad,steered,18.0,Steered N=18,Q1,121,242,0.048746712886811996,0.28512396694214875,0.23140495867768596,0.34297520661157027,0.28512396694214875,0.28512396694214875,0.3333333333333333,-0.04820936639118456,-0.10192837465564736,0.009641873278236957,0.9455272363818091
education,High school graduate,College graduate/some postgrad,steered,18.0,Steered N=18,Q2,122,244,0.10797407847401763,0.22131147540983606,0.1762295081967213,0.27459016393442626,0.22540983606557377,0.22336065573770492,0.3333333333333333,-0.1099726775956284,-0.15505464480874315,-0.05874316939890706,1.0
education,High school graduate,College graduate/some postgrad,steered,18.0,Steered N=18,Q3,121,242,0.18585507629900233,0.2768595041322314,0.2231404958677686,0.3305785123966942,0.2768595041322314,0.2768595041322314,0.3333333333333333,-0.05647382920110189,-0.11019283746556471,-0.0027548209366390908,0.9775112443778111
education,High school graduate,College graduate/some postgrad,steered,18.0,Steered N=18,Q4,122,244,0.3372618701487849,0.27459016393442626,0.22131147540983606,0.32786885245901637,0.27459016393442626,0.27459016393442626,0.3333333333333333,-0.05874316939890706,-0.11202185792349725,-0.005464480874316946,0.9855072463768116
education,High school graduate,College graduate/some postgrad,steered,20.0,Steered N=20,All,486,972,0.17017613626227454,0.2654320987654321,0.23868312757201646,0.29218106995884774,0.2664609053497942,0.26594650205761317,0.3333333333333333,-0.06738683127572015,-0.09363425925925925,-0.04063786008230452,1.0
education,High school graduate,College graduate/some postgrad,steered,20.0,Steered N=20,Q1,121,242,0.048746712886811996,0.28512396694214875,0.23140495867768596,0.34297520661157027,0.28512396694214875,0.28512396694214875,0.3333333333333333,-0.04820936639118456,-0.10192837465564736,0.009641873278236957,0.9445277361319341
education,High school graduate,College graduate/some postgrad,steered,20.0,Steered N=20,Q2,122,244,0.10797407847401763,0.22131147540983606,0.1762295081967213,0.27059426229508143,0.22540983606557377,0.22336065573770492,0.3333333333333333,-0.1099726775956284,-0.157103825136612,-0.05874316939890706,1.0
education,High school graduate,College graduate/some postgrad,steered,20.0,Steered N=20,Q3,121,242,0.18585507629900233,0.2809917355371901,0.22727272727272727,0.3347107438016529,0.2809917355371901,0.2809917355371901,0.3333333333333333,-0.052341597796143224,-0.10606060606060605,0.0013774104683195731,0.9715142428785607
education,High school graduate,College graduate/some postgrad,steered,20.0,Steered N=20,Q4,122,244,0.3372618701487849,0.27459016393442626,0.22540983606557377,0.32786885245901637,0.27459016393442626,0.27459016393442626,0.3333333333333333,-0.05874316939890706,-0.10792349726775954,-0.005464480874316946,0.9860069965017492
socioeco,"Less than $30,000","$100,000 or more",declared,,Declared,All,486,972,0.20496130601456683,0.5504115226337448,0.5308641975308642,0.5699588477366255,0.5504115226337448,0.5504115226337448,0.5,0.05041152263374482,0.030864197530864224,0.06995884773662553,0.0004997501249375312
socioeco,"Less than $30,000","$100,000 or more",declared,,Declared,Q1,121,242,0.04815234216570784,0.5247933884297521,0.49173553719008267,0.5578512396694215,0.5247933884297521,0.5247933884297521,0.5,0.024793388429752095,-0.008264462809917328,0.05785123966942152,0.08345827086456771
socioeco,"Less than $30,000","$100,000 or more",declared,,Declared,Q2,122,244,0.11008846585942775,0.5286885245901639,0.5,0.5614754098360656,0.5286885245901639,0.5286885245901639,0.5,0.02868852459016391,0.0,0.061475409836065587,0.04147926036981509
socioeco,"Less than $30,000","$100,000 or more",declared,,Declared,Q3,121,242,0.20565233374747746,0.5082644628099173,0.47107438016528924,0.5454545454545454,0.5082644628099173,0.5082644628099173,0.5,0.008264462809917328,-0.02892561983471076,0.045454545454545414,0.36231884057971014
socioeco,"Less than $30,000","$100,000 or more",declared,,Declared,Q4,122,244,0.4546724270715891,0.639344262295082,0.5942622950819673,0.6885245901639344,0.639344262295082,0.639344262295082,0.5,0.139344262295082,0.09426229508196726,0.1885245901639344,0.0004997501249375312
socioeco,"Less than $30,000","$100,000 or more",steered,0.0,Neutral (N=0),All,486,972,0.20496130601456683,0.49897119341563784,0.49691358024691357,0.5,0.5010288065843621,0.5,0.5,0.0,0.0,0.0,1.0
socioeco,"Less than $30,000","$100,000 or more",steered,0.0,Neutral (N=0),Q1,121,242,0.04815234216570784,0.49586776859504134,0.48760330578512395,0.5,0.5041322314049587,0.5,0.5,0.0,0.0,0.0,1.0
socioeco,"Less than $30,000","$100,000 or more",steered,0.0,Neutral (N=0),Q2,122,244,0.11008846585942775,0.5,0.5,0.5,0.5,0.5,0.5,0.0,0.0,0.0,1.0
socioeco,"Less than $30,000","$100,000 or more",steered,0.0,Neutral (N=0),Q3,121,242,0.20565233374747746,0.5,0.5,0.5,0.5,0.5,0.5,0.0,0.0,0.0,1.0
socioeco,"Less than $30,000","$100,000 or more",steered,0.0,Neutral (N=0),Q4,122,244,0.4546724270715891,0.5,0.5,0.5,0.5,0.5,0.5,0.0,0.0,0.0,1.0
socioeco,"Less than $30,000","$100,000 or more",steered,2.0,Steered N=2,All,486,972,0.20496130601456683,0.5020576131687243,0.4835390946502058,0.5206018518518517,0.5020576131687243,0.5020576131687243,0.5,0.002057613168724326,-0.01646090534979422,0.02060185185185173,0.44427786106946526
socioeco,"Less than $30,000","$100,000 or more",steered,2.0,Steered N=2,Q1,121,242,0.04815234216570784,0.5041322314049587,0.4669421487603306,0.5413223140495868,0.5041322314049587,0.5041322314049587,0.5,0.004132231404958664,-0.03305785123966942,0.04132231404958675,0.44127936031984005
socioeco,"Less than $30,000","$100,000 or more",steered,2.0,Steered N=2,Q2,122,244,0.11008846585942775,0.5204918032786885,0.48770491803278687,0.5532786885245902,0.5204918032786885,0.5204918032786885,0.5,0.020491803278688492,-0.012295081967213128,0.05327868852459017,0.14442778610694654
socioeco,"Less than $30,000","$100,000 or more",steered,2.0,Steered N=2,Q3,121,242,0.20565233374747746,0.49586776859504134,0.45867768595041325,0.5371900826446281,0.49586776859504134,0.49586776859504134,0.5,-0.004132231404958664,-0.04132231404958675,0.037190082644628086,0.6201899050474763
socioeco,"Less than $30,000","$100,000 or more",steered,2.0,Steered N=2,Q4,122,244,0.4546724270715891,0.48770491803278687,0.44672131147540983,0.5286885245901639,0.48770491803278687,0.48770491803278687,0.5,-0.012295081967213128,-0.05327868852459017,0.02868852459016391,0.7471264367816092
socioeco,"Less than $30,000","$100,000 or more",steered,4.0,Steered N=4,All,486,972,0.20496130601456683,0.5,0.4794238683127572,0.5205761316872428,0.5,0.5,0.5,0.0,-0.020576131687242816,0.020576131687242816,0.4992503748125937
socioeco,"Less than $30,000","$100,000 or more",steered,4.0,Steered N=4,Q1,121,242,0.04815234216570784,0.4834710743801653,0.44214876033057854,0.5247933884297521,0.4834710743801653,0.4834710743801653,0.5,-0.01652892561983471,-0.05785123966942146,0.024793388429752095,0.8095952023988006
socioeco,"Less than $30,000","$100,000 or more",steered,4.0,Steered N=4,Q2,122,244,0.11008846585942775,0.5122950819672131,0.47950819672131145,0.5450819672131147,0.5122950819672131,0.5122950819672131,0.5,0.012295081967213073,-0.020491803278688547,0.04508196721311475,0.26036981509245377
socioeco,"Less than $30,000","$100,000 or more",steered,4.0,Steered N=4,Q3,121,242,0.20565233374747746,0.5165289256198347,0.47520661157024796,0.5578512396694215,0.5165289256198347,0.5165289256198347,0.5,0.016528925619834656,-0.02479338842975204,0.05785123966942152,0.23338330834582707
socioeco,"Less than $30,000","$100,000 or more",steered,4.0,Steered N=4,Q4,122,244,0.4546724270715891,0.48770491803278687,0.4385245901639344,0.5368852459016393,0.48770491803278687,0.48770491803278687,0.5,-0.012295081967213128,-0.061475409836065587,0.03688524590163933,0.719640179910045
socioeco,"Less than $30,000","$100,000 or more",steered,6.0,Steered N=6,All,486,972,0.20496130601456683,0.5082304526748971,0.48559670781893005,0.5308899176954731,0.5082304526748971,0.5082304526748971,0.5,0.008230452674897082,-0.014403292181069949,0.030889917695473137,0.23938030984507747
socioeco,"Less than $30,000","$100,000 or more",steered,6.0,Steered N=6,Q1,121,242,0.04815234216570784,0.49173553719008267,0.4462809917355372,0.5413223140495868,0.49173553719008267,0.49173553719008267,0.5,-0.008264462809917328,-0.0537190082644628,0.04132231404958675,0.6516741629185407
socioeco,"Less than $30,000","$100,000 or more",steered,6.0,Steered N=6,Q2,122,244,0.11008846585942775,0.5204918032786885,0.47950819672131145,0.5614754098360656,0.5204918032786885,0.5204918032786885,0.5,0.020491803278688492,-0.020491803278688547,0.061475409836065587,0.18640679660169915
socioeco,"Less than $30,000","$100,000 or more",steered,6.0,Steered N=6,Q3,121,242,0.20565233374747746,0.512396694214876,0.4669421487603306,0.5538223140495863,0.512396694214876,0.512396694214876,0.5,0.012396694214875992,-0.03305785123966942,0.053822314049586255,0.30634682658670664
socioeco,"Less than $30,000","$100,000 or more",steered,6.0,Steered N=6,Q4,122,244,0.4546724270715891,0.5081967213114754,0.45901639344262296,0.5614754098360656,0.5081967213114754,0.5081967213114754,0.5,0.008196721311475419,-0.04098360655737704,0.061475409836065587,0.40729635182408797
socioeco,"Less than $30,000","$100,000 or more",steered,8.0,Steered N=8,All,486,972,0.20496130601456683,0.507201646090535,0.4845679012345679,0.529835390946502,0.507201646090535,0.507201646090535,0.5,0.007201646090534974,-0.015432098765432112,0.029835390946502005,0.27636181909045476
socioeco,"Less than $30,000","$100,000 or more",steered,8.0,Steered N=8,Q1,121,242,0.04815234216570784,0.4834710743801653,0.4380165289256198,0.5330578512396694,0.4834710743801653,0.4834710743801653,0.5,-0.01652892561983471,-0.06198347107438018,0.03305785123966942,0.7886056971514243
socioeco,"Less than $30,000","$100,000 or more",steered,8.0,Steered N=8,Q2,122,244,0.11008846585942775,0.5245901639344263,0.48360655737704916,0.5614754098360656,0.5245901639344263,0.5245901639344263,0.5,0.024590163934426257,-0.016393442622950838,0.061475409836065587,0.12293853073463268
socioeco,"Less than $30,000","$100,000 or more",steered,8.0,Steered N=8,Q3,121,242,0.20565233374747746,0.5082644628099173,0.4628099173553719,0.5537190082644629,0.5082644628099173,0.5082644628099173,0.5,0.008264462809917328,-0.037190082644628086,0.05371900826446285,0.40679660169915044
socioeco,"Less than $30,000","$100,000 or more",steered,8.0,Steered N=8,Q4,122,244,0.4546724270715891,0.5122950819672131,0.46311475409836067,0.5614754098360656,0.5122950819672131,0.5122950819672131,0.5,0.012295081967213073,-0.03688524590163933,0.061475409836065587,0.35082458770614694
socioeco,"Less than $30,000","$100,000 or more",steered,10.0,Steered N=10,All,486,972,0.20496130601456683,0.507201646090535,0.4845679012345679,0.5308641975308642,0.507201646090535,0.507201646090535,0.5,0.007201646090534974,-0.015432098765432112,0.030864197530864224,0.27786106946526734
socioeco,"Less than $30,000","$100,000 or more",steered,10.0,Steered N=10,Q1,121,242,0.04815234216570784,0.47520661157024796,0.4256198347107438,0.5247933884297521,0.47520661157024796,0.47520661157024796,0.5,-0.02479338842975204,-0.07438016528925617,0.024793388429752095,0.8620689655172413
socioeco,"Less than $30,000","$100,000 or more",steered,10.0,Steered N=10,Q2,122,244,0.11008846585942775,0.5245901639344263,0.48360655737704916,0.5655737704918032,0.5245901639344263,0.5245901639344263,0.5,0.024590163934426257,-0.016393442622950838,0.06557377049180324,0.14192903548225888
socioeco,"Less than $30,000","$100,000 or more",steered,10.0,Steered N=10,Q3,121,242,0.20565233374747746,0.5,0.45454545454545453,0.5454545454545454,0.5,0.5,0.5,0.0,-0.04545454545454547,0.045454545454545414,0.553223388305847
socioeco,"Less than $30,000","$100,000 or more",steered,10.0,Steered N=10,Q4,122,244,0.4546724270715891,0.5286885245901639,0.47950819672131145,0.5778688524590164,0.5286885245901639,0.5286885245901639,0.5,0.02868852459016391,-0.020491803278688547,0.07786885245901642,0.12743628185907047
socioeco,"Less than $30,000","$100,000 or more",steered,12.0,Steered N=12,All,486,972,0.20496130601456683,0.5092592592592593,0.4865997942386831,0.5308641975308642,0.5092592592592593,0.5092592592592593,0.5,0.0092592592592593,-0.013400205761316893,0.030864197530864224,0.24037981009495252
socioeco,"Less than $30,000","$100,000 or more",steered,12.0,Steered N=12,Q1,121,242,0.04815234216570784,0.4793388429752066,0.4297520661157025,0.5289256198347108,0.4793388429752066,0.4793388429752066,0.5,-0.020661157024793375,-0.07024793388429751,0.02892561983471076,0.8175912043978011
socioeco,"Less than $30,000","$100,000 or more",steered,12.0,Steered N=12,Q2,122,244,0.11008846585942775,0.5204918032786885,0.48360655737704916,0.5614754098360656,0.5204918032786885,0.5204918032786885,0.5,0.020491803278688492,-0.016393442622950838,0.061475409836065587,0.1839080459770115
socioeco,"Less than $30,000","$100,000 or more",steered,12.0,Steered N=12,Q3,121,242,0.20565233374747746,0.5082644628099173,0.4628099173553719,0.5537190082644629,0.5082644628099173,0.5082644628099173,0.5,0.008264462809917328,-0.037190082644628086,0.05371900826446285,0.37031484257871067
socioeco,"Less than $30,000","$100,000 or more",steered,12.0,Steered N=12,Q4,122,244,0.4546724270715891,0.5286885245901639,0.47950819672131145,0.5778688524590164,0.5286885245901639,0.5286885245901639,0.5,0.02868852459016391,-0.020491803278688547,0.07786885245901642,0.14842578710644677
socioeco,"Less than $30,000","$100,000 or more",steered,14.0,Steered N=14,All,486,972,0.20496130601456683,0.5113168724279835,0.4886831275720165,0.5349794238683128,0.5113168724279835,0.5113168724279835,0.5,0.011316872427983515,-0.011316872427983515,0.034979423868312765,0.17341329335332334
socioeco,"Less than $30,000","$100,000 or more",steered,14.0,Steered N=14,Q1,121,242,0.04815234216570784,0.4793388429752066,0.4297520661157025,0.5289256198347108,0.4793388429752066,0.4793388429752066,0.5,-0.020661157024793375,-0.07024793388429751,0.02892561983471076,0.8105947026486756
socioeco,"Less than $30,000","$100,000 or more",steered,14.0,Steered N=14,Q2,122,244,0.11008846585942775,0.5204918032786885,0.48360655737704916,0.5614754098360656,0.5204918032786885,0.5204918032786885,0.5,0.020491803278688492,-0.016393442622950838,0.061475409836065587,0.17691154422788605
socioeco,"Less than $30,000","$100,000 or more",steered,14.0,Steered N=14,Q3,121,242,0.20565233374747746,0.512396694214876,0.4669421487603306,0.5537190082644629,0.512396694214876,0.512396694214876,0.5,0.012396694214875992,-0.03305785123966942,0.05371900826446285,0.3428285857071464
socioeco,"Less than $30,000","$100,000 or more",steered,14.0,Steered N=14,Q4,122,244,0.4546724270715891,0.5327868852459017,0.48360655737704916,0.5819672131147541,0.5327868852459017,0.5327868852459017,0.5,0.032786885245901676,-0.016393442622950838,0.08196721311475408,0.1089455272363818
socioeco,"Less than $30,000","$100,000 or more",steered,16.0,Steered N=16,All,486,972,0.20496130601456683,0.5154320987654321,0.492798353909465,0.5390946502057613,0.5154320987654321,0.5154320987654321,0.5,0.015432098765432056,-0.007201646090534974,0.039094650205761305,0.09895052473763119
socioeco,"Less than $30,000","$100,000 or more",steered,16.0,Steered N=16,Q1,121,242,0.04815234216570784,0.4834710743801653,0.43388429752066116,0.5330578512396694,0.4834710743801653,0.4834710743801653,0.5,-0.01652892561983471,-0.06611570247933884,0.03305785123966942,0.7746126936531734
socioeco,"Less than $30,000","$100,000 or more",steered,16.0,Steered N=16,Q2,122,244,0.11008846585942775,0.5245901639344263,0.48360655737704916,0.5615778688524584,0.5245901639344263,0.5245901639344263,0.5,0.024590163934426257,-0.016393442622950838,0.061577868852458466,0.12493753123438281
socioeco,"Less than $30,000","$100,000 or more",steered,16.0,Steered N=16,Q3,121,242,0.20565233374747746,0.512396694214876,0.4669421487603306,0.5578512396694215,0.512396694214876,0.512396694214876,0.5,0.012396694214875992,-0.03305785123966942,0.05785123966942152,0.33383308345827084
socioeco,"Less than $30,000","$100,000 or more",steered,16.0,Steered N=16,Q4,122,244,0.4546724270715891,0.5409836065573771,0.4959016393442623,0.5860655737704918,0.5409836065573771,0.5409836065573771,0.5,0.040983606557377095,-0.0040983606557377095,0.08606557377049184,0.04897551224387806
socioeco,"Less than $30,000","$100,000 or more",steered,18.0,Steered N=18,All,486,972,0.20496130601456683,0.5154320987654321,0.49382716049382713,0.537062757201646,0.5154320987654321,0.5154320987654321,0.5,0.015432098765432056,-0.006172839506172867,0.037062757201646,0.09645177411294353
socioeco,"Less than $30,000","$100,000 or more",steered,18.0,Steered N=18,Q1,121,242,0.04815234216570784,0.4834710743801653,0.43388429752066116,0.5330578512396694,0.4834710743801653,0.4834710743801653,0.5,-0.01652892561983471,-0.06611570247933884,0.03305785123966942,0.7776111944027986
socioeco,"Less than $30,000","$100,000 or more",steered,18.0,Steered N=18,Q2,122,244,0.11008846585942775,0.5204918032786885,0.47950819672131145,0.5655737704918032,0.5204918032786885,0.5204918032786885,0.5,0.020491803278688492,-0.020491803278688547,0.06557377049180324,0.19640179910044978
socioeco,"Less than $30,000","$100,000 or more",steered,18.0,Steered N=18,Q3,121,242,0.20565233374747746,0.512396694214876,0.4669421487603306,0.5578512396694215,0.512396694214876,0.512396694214876,0.5,0.012396694214875992,-0.03305785123966942,0.05785123966942152,0.3218390804597701
socioeco,"Less than $30,000","$100,000 or more",steered,18.0,Steered N=18,Q4,122,244,0.4546724270715891,0.5450819672131147,0.5,0.5901639344262295,0.5450819672131147,0.5450819672131147,0.5,0.04508196721311475,0.0,0.0901639344262295,0.030484757621189407
socioeco,"Less than $30,000","$100,000 or more",steered,20.0,Steered N=20,All,486,972,0.20496130601456683,0.5164609053497943,0.492798353909465,0.5401234567901234,0.5164609053497943,0.5164609053497943,0.5,0.016460905349794275,-0.007201646090534974,0.04012345679012341,0.09395302348825588
socioeco,"Less than $30,000","$100,000 or more",steered,20.0,Steered N=20,Q1,121,242,0.04815234216570784,0.4834710743801653,0.4380165289256198,0.5330578512396694,0.4834710743801653,0.4834710743801653,0.5,-0.01652892561983471,-0.06198347107438018,0.03305785123966942,0.7616191904047976
socioeco,"Less than $30,000","$100,000 or more",steered,20.0,Steered N=20,Q2,122,244,0.11008846585942775,0.5245901639344263,0.48360655737704916,0.5655737704918032,0.5245901639344263,0.5245901639344263,0.5,0.024590163934426257,-0.016393442622950838,0.06557377049180324,0.14492753623188406
socioeco,"Less than $30,000","$100,000 or more",steered,20.0,Steered N=20,Q3,121,242,0.20565233374747746,0.5165289256198347,0.47107438016528924,0.5579545454545449,0.5165289256198347,0.5165289256198347,0.5,0.016528925619834656,-0.02892561983471076,0.05795454545454492,0.2768615692153923
socioeco,"Less than $30,000","$100,000 or more",steered,20.0,Steered N=20,Q4,122,244,0.4546724270715891,0.5409836065573771,0.4918032786885246,0.5860655737704918,0.5409836065573771,0.5409836065573771,0.5,0.040983606557377095,-0.008196721311475419,0.08606557377049184,0.05847076461769116
