qkey,attribute,group_a,group_b,human_gap,quartile,channel,magnitude,regime,target_human_group,expected_model_class,competitor_model_class,distance_own_profile,distance_competitor_profile,difference
CARRYGUN_W26,socioeco,"Less than $30,000","$100,000 or more",0.2880934599999999,Q4,inferred,,Inferred from occupation,"Less than $30,000",low,high,0.5680576078519641,0.5624528771151791,0.005604730736785024
GROWUPGUN2A_W26,socioeco,"Less than $30,000","$100,000 or more",0.09769391000000005,Q2,inferred,,Inferred from occupation,"Less than $30,000",low,high,0.06740214049850912,0.0037131643590863073,0.06368897613942281
GROWUPGUN2B_W26,socioeco,"Less than $30,000","$100,000 or more",0.008390769999999992,Q1,inferred,,Inferred from occupation,"Less than $30,000",low,high,0.29276666680103913,0.3157600214959222,-0.02299335469488306
GROWUPGUN2C_W26,socioeco,"Less than $30,000","$100,000 or more",0.019583569999999995,Q1,inferred,,Inferred from occupation,"Less than $30,000",low,high,0.3547621989233646,0.4706621149301845,-0.11589991600681993
GROWUPGUN4_W26,socioeco,"Less than $30,000","$100,000 or more",0.012939660000000047,Q1,inferred,,Inferred from occupation,"Less than $30,000",low,high,0.9707589919999999,1.0362593956187958,-0.06550040361879583
GROWUPGUN6_W26,socioeco,"Less than $30,000","$100,000 or more",0.06630533710350016,Q1,inferred,,Inferred from occupation,"Less than $30,000",low,high,0.6084988301529604,0.49133248644339533,0.11716634370956502
GROWUPGUN7_W26,socioeco,"Less than $30,000","$100,000 or more",0.17496282810305397,Q3,inferred,,Inferred from occupation,"Less than $30,000",low,high,0.6988842479999999,0.373391998,0.3254922499999999
GROWUPVIOL_W26,socioeco,"Less than $30,000","$100,000 or more",0.34762645000000003,Q4,inferred,,Inferred from occupation,"Less than $30,000",low,high,0.3258988134327806,0.45984655075390113,-0.13394773732112053
GUNACCESS_W26,socioeco,"Less than $30,000","$100,000 or more",0.2689714254613356,Q3,inferred,,Inferred from occupation,"Less than $30,000",low,high,1.0597699172896085,1.0781401486728681,-0.01837023138325966
GUNACTIVITYA_W26,socioeco,"Less than $30,000","$100,000 or more",0.02500299860760772,Q1,inferred,,Inferred from occupation,"Less than $30,000",low,high,1.1916192391485938,1.6572390215519408,-0.465619782403347
GUNACTIVITYB_W26,socioeco,"Less than $30,000","$100,000 or more",0.238170670976464,Q3,inferred,,Inferred from occupation,"Less than $30,000",low,high,0.42170223598188794,0.5640979018709757,-0.1423956658890878
GUNCONTRIBA_W26,socioeco,"Less than $30,000","$100,000 or more",0.1395215577683978,Q2,inferred,,Inferred from occupation,"Less than $30,000",low,high,0.6122006685464784,0.5151734437683975,0.0970272247780809
GUNCONTRIBC_W26,socioeco,"Less than $30,000","$100,000 or more",0.251734842193157,Q3,inferred,,Inferred from occupation,"Less than $30,000",low,high,0.26889160588695094,0.2857728719544759,-0.01688126606752499
GUNCONTRIBE_W26,socioeco,"Less than $30,000","$100,000 or more",0.2966307399999998,Q4,inferred,,Inferred from occupation,"Less than $30,000",low,high,0.8823542758020247,0.8599044664719667,0.022449809330058024
GUNCONTRIBF_W26,socioeco,"Less than $30,000","$100,000 or more",0.06634947534984631,Q1,inferred,,Inferred from occupation,"Less than $30,000",low,high,0.7978003354333469,0.6258347303435604,0.17196560508978653
GUNFRIEND_W26,socioeco,"Less than $30,000","$100,000 or more",0.02805672542223825,Q1,inferred,,Inferred from occupation,"Less than $30,000",low,high,0.8496834470348694,0.7451374191694632,0.10454602786540623
GUNIDENTITY_W26,socioeco,"Less than $30,000","$100,000 or more",0.14942341000000026,Q3,inferred,,Inferred from occupation,"Less than $30,000",low,high,1.2552656492367604,1.0328565359597104,0.22240911327705004
GUNLOADED1_W26,socioeco,"Less than $30,000","$100,000 or more",0.06113508000000001,Q1,inferred,,Inferred from occupation,"Less than $30,000",low,high,0.22788359599253505,0.22409420429222665,0.0037893917003083977
GUNLOADED2_W26,socioeco,"Less than $30,000","$100,000 or more",0.1400977,Q2,inferred,,Inferred from occupation,"Less than $30,000",low,high,0.3648951549054122,0.4007241018104814,-0.035828946905069214
GUNLOCKED1_W26,socioeco,"Less than $30,000","$100,000 or more",0.005873760000000006,Q1,inferred,,Inferred from occupation,"Less than $30,000",low,high,0.39786054673178106,0.2815848652616245,0.11627568147015654
GUNLOCKED2_W26,socioeco,"Less than $30,000","$100,000 or more",0.13649793999999998,Q2,inferred,,Inferred from occupation,"Less than $30,000",low,high,0.3294678761598017,0.34809707881473057,-0.018629202654928845
GUNRESPKIDSD_W26,socioeco,"Less than $30,000","$100,000 or more",0.31453171285008275,Q4,inferred,,Inferred from occupation,"Less than $30,000",low,high,0.42785322498828293,0.3445121707244216,0.08334105426386135
GUNRESPKIDSE_W26,socioeco,"Less than $30,000","$100,000 or more",0.237899100191574,Q3,inferred,,Inferred from occupation,"Less than $30,000",low,high,0.3496231457049057,0.33354548449495625,0.016077661209949468
GUNRESPNOKIDSA_W26,socioeco,"Less than $30,000","$100,000 or more",0.020608745304618203,Q1,inferred,,Inferred from occupation,"Less than $30,000",low,high,0.509346608811215,0.6072385818658611,-0.09789197305464614
GUNRESPNOKIDSB_W26,socioeco,"Less than $30,000","$100,000 or more",0.06817230068172286,Q1,inferred,,Inferred from occupation,"Less than $30,000",low,high,0.5749486510977802,0.64685101360373,-0.07190236250594984
GUNRESPNOKIDSC_W26,socioeco,"Less than $30,000","$100,000 or more",0.13751966137519644,Q2,inferred,,Inferred from occupation,"Less than $30,000",low,high,0.7992241834355209,0.8319062725938658,-0.03268208915834492
GUNRESPNOKIDSD_W26,socioeco,"Less than $30,000","$100,000 or more",0.14888568000000008,Q3,inferred,,Inferred from occupation,"Less than $30,000",low,high,0.3323103784693989,0.250597701742994,0.08171267672640492
GUNRESPNOKIDSE_W26,socioeco,"Less than $30,000","$100,000 or more",0.22954815000000012,Q3,inferred,,Inferred from occupation,"Less than $30,000",low,high,0.10904379428265881,0.17905970643384134,-0.07001591215118252
GUNRESPNOKIDSF_W26,socioeco,"Less than $30,000","$100,000 or more",0.08967349340336533,Q2,inferred,,Inferred from occupation,"Less than $30,000",low,high,0.2980116248432675,0.3322085789858888,-0.034196954142621305
GUNSAFETYKIDS_W26,socioeco,"Less than $30,000","$100,000 or more",0.01821644999999994,Q1,inferred,,Inferred from occupation,"Less than $30,000",low,high,0.10178155872681788,0.2212111042050494,-0.11942954547823154
GUNSAFE_W26,socioeco,"Less than $30,000","$100,000 or more",0.06438964322447221,Q1,inferred,,Inferred from occupation,"Less than $30,000",low,high,0.0955903428196711,0.04708081557447785,0.04850952724519325
GUNTYPEOWNC_W26,socioeco,"Less than $30,000","$100,000 or more",0.3743136922050839,Q4,inferred,,Inferred from occupation,"Less than $30,000",low,high,0.07734229831147588,0.11977331427225596,-0.04243101596078008
NOCARRYGUN_W26,socioeco,"Less than $30,000","$100,000 or more",0.011883250000000012,Q1,inferred,,Inferred from occupation,"Less than $30,000",low,high,0.22443010445427503,0.24166667363732597,-0.017236569183050943
REASONGUNA_W26,socioeco,"Less than $30,000","$100,000 or more",0.16121826000000006,Q3,inferred,,Inferred from occupation,"Less than $30,000",low,high,1.0275780421020098,0.8860923080497036,0.14148573405230613
REASONGUNB_W26,socioeco,"Less than $30,000","$100,000 or more",0.13052286917795747,Q2,inferred,,Inferred from occupation,"Less than $30,000",low,high,0.7368264664149351,0.6633357987175897,0.07349066769734536
REASONGUNC_W26,socioeco,"Less than $30,000","$100,000 or more",0.1626540406299693,Q3,inferred,,Inferred from occupation,"Less than $30,000",low,high,0.6333256017656689,0.5651699577282825,0.06815564403738639
REASONGUND_W26,socioeco,"Less than $30,000","$100,000 or more",0.1327946499999999,Q2,inferred,,Inferred from occupation,"Less than $30,000",low,high,0.2366203751689202,0.2829120419929347,-0.04629166682401448
REASONGUNE_W26,socioeco,"Less than $30,000","$100,000 or more",0.07425042999999998,Q1,inferred,,Inferred from occupation,"Less than $30,000",low,high,0.27857688864414015,0.31207059318560737,-0.03349370454146722
SHOOTFREQ_W26,socioeco,"Less than $30,000","$100,000 or more",0.2467498505774362,Q3,inferred,,Inferred from occupation,"Less than $30,000",low,high,0.40278357732276227,0.4105378353403662,-0.007754258017603932
WORRYB_W26,socioeco,"Less than $30,000","$100,000 or more",0.34924579000000006,Q4,inferred,,Inferred from occupation,"Less than $30,000",low,high,0.38963682626926155,0.3364933599403936,0.05314346632886796
WORRYD_W26,socioeco,"Less than $30,000","$100,000 or more",0.68089223,Q4,inferred,,Inferred from occupation,"Less than $30,000",low,high,0.5158582725451515,0.540736233609316,-0.02487796106416451
WORRYE_W26,socioeco,"Less than $30,000","$100,000 or more",0.295965820952076,Q4,inferred,,Inferred from occupation,"Less than $30,000",low,high,0.3720788868281113,0.36205865386660857,0.010020232961502729
WORRYF_W26,socioeco,"Less than $30,000","$100,000 or more",0.36198761999999995,Q4,inferred,,Inferred from occupation,"Less than $30,000",low,high,0.14528389455948917,0.12212230379640288,0.0231615907630863
BOYSF1B_W29,socioeco,"Less than $30,000","$100,000 or more",0.031561885,Q1,inferred,,Inferred from occupation,"Less than $30,000",low,high,0.5260298578108591,0.5760826745265164,-0.05005281671565731
FAVORS_CPS_W29,socioeco,"Less than $30,000","$100,000 or more",0.31190621735643553,Q4,inferred,,Inferred from occupation,"Less than $30,000",low,high,1.8803979759810843,2.0826361396587982,-0.20223816367771397
FEM2_W29,socioeco,"Less than $30,000","$100,000 or more",0.19331657225602072,Q3,inferred,,Inferred from occupation,"Less than $30,000",low,high,1.8062401575207292,1.8662687830157911,-0.06002862549506194
GIRLSF2C_W29,socioeco,"Less than $30,000","$100,000 or more",0.027267642373446355,Q1,inferred,,Inferred from occupation,"Less than $30,000",low,high,0.46667573843401255,0.5287322509791686,-0.062056512545156095
GIRLSF2D_W29,socioeco,"Less than $30,000","$100,000 or more",0.061267082577475304,Q1,inferred,,Inferred from occupation,"Less than $30,000",low,high,0.4030108128018677,0.49552757006173365,-0.09251675725986597
GOPDIRCT_W29,socioeco,"Less than $30,000","$100,000 or more",0.5194614385676164,Q4,inferred,,Inferred from occupation,"Less than $30,000",low,high,1.7361607763264146,1.2076908563564221,0.5284699199699925
HOOD_NHISB_W29,socioeco,"Less than $30,000","$100,000 or more",0.5343234026814261,Q4,inferred,,Inferred from occupation,"Less than $30,000",low,high,1.0908252265719758,0.766198992259038,0.3246262343129378
LOCALELECT_W29,socioeco,"Less than $30,000","$100,000 or more",0.6755055936824541,Q4,inferred,,Inferred from occupation,"Less than $30,000",low,high,0.4129208574636994,0.821630458151705,-0.4087096006880056
MAN1A_W29,socioeco,"Less than $30,000","$100,000 or more",0.22436507000000003,Q3,inferred,,Inferred from occupation,"Less than $30,000",low,high,1.4309074671390367,0.756348692775904,0.6745587743631327
MAN1B_W29,socioeco,"Less than $30,000","$100,000 or more",0.3650245300000001,Q4,inferred,,Inferred from occupation,"Less than $30,000",low,high,0.5519247769447475,0.5475863387048628,0.004338438239884668
MAN1C_W29,socioeco,"Less than $30,000","$100,000 or more",0.4201561955037122,Q4,inferred,,Inferred from occupation,"Less than $30,000",low,high,1.1485835670929863,1.0794199453875173,0.06916362170546897
MAN1D_W29,socioeco,"Less than $30,000","$100,000 or more",0.2853261599999997,Q4,inferred,,Inferred from occupation,"Less than $30,000",low,high,1.1743699377098045,1.0360158735403413,0.13835406416946316
MAN1E_W29,socioeco,"Less than $30,000","$100,000 or more",0.25829197498133877,Q3,inferred,,Inferred from occupation,"Less than $30,000",low,high,1.4155775515602367,1.015825219271596,0.3997523322886407
MASC2_W29,socioeco,"Less than $30,000","$100,000 or more",0.12110675999999998,Q2,inferred,,Inferred from occupation,"Less than $30,000",low,high,1.6784585680000002,1.695567941637425,-0.01710937363742482
S12_W29,socioeco,"Less than $30,000","$100,000 or more",0.7723084465021626,Q4,inferred,,Inferred from occupation,"Less than $30,000",low,high,0.5166962450166745,0.45328408588961894,0.06341215912705561
S13_W29,socioeco,"Less than $30,000","$100,000 or more",0.2964937452964356,Q4,inferred,,Inferred from occupation,"Less than $30,000",low,high,0.5657180313413483,0.5205659674062215,0.04515206393512683
SEENFEM_W29,socioeco,"Less than $30,000","$100,000 or more",0.18776166,Q3,inferred,,Inferred from occupation,"Less than $30,000",low,high,1.1556853060797063,1.1977164545147425,-0.04203114843503619
SEENMASC_W29,socioeco,"Less than $30,000","$100,000 or more",0.0751844752174334,Q1,inferred,,Inferred from occupation,"Less than $30,000",low,high,0.8401869776269755,0.8239449285979978,0.016242049028977634
TALK_CPS_W29,socioeco,"Less than $30,000","$100,000 or more",0.38025178000000004,Q4,inferred,,Inferred from occupation,"Less than $30,000",low,high,0.6944404012816725,0.6156032362755897,0.07883716500608284
WORRYBILL_W29,socioeco,"Less than $30,000","$100,000 or more",1.1275066616620635,Q4,inferred,,Inferred from occupation,"Less than $30,000",low,high,0.48733272440433645,0.3587287677627629,0.12860395664157354
CLASS_W32,socioeco,"Less than $30,000","$100,000 or more",1.1672827040469576,Q4,inferred,,Inferred from occupation,"Less than $30,000",low,high,0.515967151267624,0.9823613866073881,-0.4663942353397641
COMMIMPA_W32,socioeco,"Less than $30,000","$100,000 or more",0.09287370789168559,Q2,inferred,,Inferred from occupation,"Less than $30,000",low,high,0.5443019467958027,0.48292691302796775,0.06137503376783493
COMMIMPB_W32,socioeco,"Less than $30,000","$100,000 or more",0.026607140000000085,Q1,inferred,,Inferred from occupation,"Less than $30,000",low,high,0.3440564799117416,0.28670011349995483,0.05735636641178676
COMMIMPC_W32,socioeco,"Less than $30,000","$100,000 or more",0.0986442676354575,Q2,inferred,,Inferred from occupation,"Less than $30,000",low,high,0.6914256487947861,0.7263419312896102,-0.03491628249482415
COMMIMPF_W32,socioeco,"Less than $30,000","$100,000 or more",0.21057993999999997,Q3,inferred,,Inferred from occupation,"Less than $30,000",low,high,0.49295586846375644,0.449939704,0.043016164463756446
COMMIMPG_W32,socioeco,"Less than $30,000","$100,000 or more",0.08654338073068257,Q2,inferred,,Inferred from occupation,"Less than $30,000",low,high,0.7264363541192773,0.6850906604143938,0.0413456937048835
COMMIMPH_W32,socioeco,"Less than $30,000","$100,000 or more",0.22760973912283822,Q3,inferred,,Inferred from occupation,"Less than $30,000",low,high,0.7271604561073992,0.89203999,-0.1648795338926008
COMMYRS_W32,socioeco,"Less than $30,000","$100,000 or more",0.21699426688606432,Q3,inferred,,Inferred from occupation,"Less than $30,000",low,high,0.5524030873739476,0.5430314636917537,0.009371623682193908
ETHNCMAJ_W32,socioeco,"Less than $30,000","$100,000 or more",0.038640262149933116,Q1,inferred,,Inferred from occupation,"Less than $30,000",low,high,0.13061296818762552,0.1199281863894121,0.010684781798213416
GAYMARR2_W32,socioeco,"Less than $30,000","$100,000 or more",0.3238905899999999,Q4,inferred,,Inferred from occupation,"Less than $30,000",low,high,1.1054562317453183,0.869904327437629,0.23555190430768924
HARASS2F1_W32,socioeco,"Less than $30,000","$100,000 or more",0.0815416,Q2,inferred,,Inferred from occupation,"Less than $30,000",low,high,0.11164192776137598,0.06727395660095976,0.044367971160416214
IMMIMPACT_W32,socioeco,"Less than $30,000","$100,000 or more",0.05774296790852182,Q1,inferred,,Inferred from occupation,"Less than $30,000",low,high,0.16381145804962638,0.17337828930762794,-0.009566831258001562
MOVERURAL_W32,socioeco,"Less than $30,000","$100,000 or more",0.1465538524443859,Q2,inferred,,Inferred from occupation,"Less than $30,000",low,high,0.3387596836468031,0.46581645662503235,-0.12705677297822926
MOVESUBURB_W32,socioeco,"Less than $30,000","$100,000 or more",0.06641782000000002,Q1,inferred,,Inferred from occupation,"Less than $30,000",low,high,0.31943759628506785,0.4703472331274169,-0.15090963684234904
MOVEURBAN_W32,socioeco,"Less than $30,000","$100,000 or more",0.2931767104819855,Q4,inferred,,Inferred from occupation,"Less than $30,000",low,high,0.45121309746267246,0.6527924708142473,-0.20157937335157483
NEIGHINTERA_W32,socioeco,"Less than $30,000","$100,000 or more",0.26752165294381636,Q3,inferred,,Inferred from occupation,"Less than $30,000",low,high,0.7196928788874826,0.9417153765053081,-0.22202249761782555
NEIGHINTERB_W32,socioeco,"Less than $30,000","$100,000 or more",0.33371404873815536,Q4,inferred,,Inferred from occupation,"Less than $30,000",low,high,2.090977582447771,2.3279765633550618,-0.23699898090729077
NEIGHKIDS_W32,socioeco,"Less than $30,000","$100,000 or more",0.10813625000000004,Q2,inferred,,Inferred from occupation,"Less than $30,000",low,high,0.2248826360433642,0.23413026382512367,-0.009247627781759471
NEIGHSAMEA_W32,socioeco,"Less than $30,000","$100,000 or more",0.4140787582304698,Q4,inferred,,Inferred from occupation,"Less than $30,000",low,high,1.093173764445879,1.1346907286907961,-0.04151696424491713
SATLIFED_W32,socioeco,"Less than $30,000","$100,000 or more",0.3377017877221706,Q4,inferred,,Inferred from occupation,"Less than $30,000",low,high,0.4732628237342682,0.4132363466114386,0.0600264771228296
SOCTRUST2_W32,socioeco,"Less than $30,000","$100,000 or more",0.26040363,Q3,inferred,,Inferred from occupation,"Less than $30,000",low,high,0.11048903423599832,0.087413336748905,0.023075697487093316
VALUERURAL_W32,socioeco,"Less than $30,000","$100,000 or more",0.03950338999999983,Q1,inferred,,Inferred from occupation,"Less than $30,000",low,high,0.4234903373713943,0.33331066605135395,0.09017967132004034
WHADVANT_W32,socioeco,"Less than $30,000","$100,000 or more",0.06143526999999993,Q1,inferred,,Inferred from occupation,"Less than $30,000",low,high,0.8345537807714422,0.811220060128841,0.023333720642601197
WILLMOVE_W32,socioeco,"Less than $30,000","$100,000 or more",0.0970999205458094,Q2,inferred,,Inferred from occupation,"Less than $30,000",low,high,0.5348560409908125,0.822112474392242,-0.2872564334014295
EAT1_W34,socioeco,"Less than $30,000","$100,000 or more",0.2905723400000001,Q4,inferred,,Inferred from occupation,"Less than $30,000",low,high,0.43769626147353485,0.5855617265644922,-0.14786546509095738
EAT2_W34,socioeco,"Less than $30,000","$100,000 or more",0.44699933016499543,Q4,inferred,,Inferred from occupation,"Less than $30,000",low,high,0.344878216,0.4375943398661247,-0.09271612386612471
EAT5B_W34,socioeco,"Less than $30,000","$100,000 or more",0.23478514999999997,Q3,inferred,,Inferred from occupation,"Less than $30,000",low,high,0.6366719653648096,0.8159490327699349,-0.17927706740512528
EAT5C_W34,socioeco,"Less than $30,000","$100,000 or more",0.23599255000000008,Q3,inferred,,Inferred from occupation,"Less than $30,000",low,high,0.458735725776817,0.48254276254581974,-0.023807036769002754
EAT5D_W34,socioeco,"Less than $30,000","$100,000 or more",0.13057742130577418,Q2,inferred,,Inferred from occupation,"Less than $30,000",low,high,0.6114911368191417,0.6734397663304381,-0.06194862951129643
EVOBIOA_W34,socioeco,"Less than $30,000","$100,000 or more",0.26846758000000004,Q3,inferred,,Inferred from occupation,"Less than $30,000",low,high,0.26578771673686696,0.248354843583117,0.017432873153749973
EVOBIOB_W34,socioeco,"Less than $30,000","$100,000 or more",0.19501971000000007,Q3,inferred,,Inferred from occupation,"Less than $30,000",low,high,0.3672220644961388,0.35782204400000006,0.00940002049613875
EVOPERS3_W34,socioeco,"Less than $30,000","$100,000 or more",0.2571466242575404,Q3,inferred,,Inferred from occupation,"Less than $30,000",low,high,0.47622527844832707,0.5762793115948748,-0.1000540331465477
EVOTHREE_W34,socioeco,"Less than $30,000","$100,000 or more",0.10935358000000006,Q2,inferred,,Inferred from occupation,"Less than $30,000",low,high,0.40034530633505416,0.3908832531187072,0.009462053216346966
FUD22_W34,socioeco,"Less than $30,000","$100,000 or more",0.34368985631189586,Q4,inferred,,Inferred from occupation,"Less than $30,000",low,high,1.0222879197771206,1.3016621181099708,-0.27937419833285015
FUD24_W34,socioeco,"Less than $30,000","$100,000 or more",0.04042640000000006,Q1,inferred,,Inferred from occupation,"Less than $30,000",low,high,0.01859785318857432,0.02169609986134241,-0.00309824667276809
FUD33B_W34,socioeco,"Less than $30,000","$100,000 or more",0.05287582714442343,Q1,inferred,,Inferred from occupation,"Less than $30,000",low,high,0.2543792087912814,0.27111484091937793,-0.016735632128096534
FUD35_W34,socioeco,"Less than $30,000","$100,000 or more",0.15381768163429804,Q3,inferred,,Inferred from occupation,"Less than $30,000",low,high,0.5909445449299745,0.40673931597127183,0.18420522895870267
FUD37A_W34,socioeco,"Less than $30,000","$100,000 or more",0.25792945999999994,Q3,inferred,,Inferred from occupation,"Less than $30,000",low,high,0.8076118252252373,0.9904982665040393,-0.18288644127880194
FUD37B_W34,socioeco,"Less than $30,000","$100,000 or more",0.4693113007319356,Q4,inferred,,Inferred from occupation,"Less than $30,000",low,high,0.4633022137708751,0.38121461653307476,0.08208759723780035
FUD37C_W34,socioeco,"Less than $30,000","$100,000 or more",0.2824339483899866,Q4,inferred,,Inferred from occupation,"Less than $30,000",low,high,0.6910102402103004,0.6912633503363016,-0.0002531101260011548
BETTERBIZ1F2D_W36,socioeco,"Less than $30,000","$100,000 or more",0.060416266406510544,Q1,inferred,,Inferred from occupation,"Less than $30,000",low,high,0.05364769465239343,0.15078215191413463,-0.0971344572617412
BETTERBIZ1F2E_W36,socioeco,"Less than $30,000","$100,000 or more",0.08989537499999997,Q2,inferred,,Inferred from occupation,"Less than $30,000",low,high,0.061509594066254364,0.023668735974480992,0.03784085809177337
BETTERBIZ1F2H_W36,socioeco,"Less than $30,000","$100,000 or more",0.05310815791955001,Q1,inferred,,Inferred from occupation,"Less than $30,000",low,high,0.014901836080449954,0.0835852277402537,-0.06868339165980375
BETTERBIZ2F2C_W36,socioeco,"Less than $30,000","$100,000 or more",0.08396168499999998,Q2,inferred,,Inferred from occupation,"Less than $30,000",low,high,0.04248531937484126,0.018319680301796648,0.024165639073044615
BETTERBIZ2F2E_W36,socioeco,"Less than $30,000","$100,000 or more",0.05405074500000004,Q1,inferred,,Inferred from occupation,"Less than $30,000",low,high,0.07359476899999998,0.06785266092600406,0.005742108073995916
BETTERBIZ2F2F_W36,socioeco,"Less than $30,000","$100,000 or more",0.04324040000000004,Q1,inferred,,Inferred from occupation,"Less than $30,000",low,high,0.20128910612621756,0.1980448028608051,0.003244303265412446
BETTERPOL1F1B_W36,socioeco,"Less than $30,000","$100,000 or more",0.0669808,Q1,inferred,,Inferred from occupation,"Less than $30,000",low,high,0.270405293753883,0.28384124945657196,-0.013435955702688962
BETTERPOL1F1E_W36,socioeco,"Less than $30,000","$100,000 or more",0.03602598000000001,Q1,inferred,,Inferred from occupation,"Less than $30,000",low,high,0.09325870720904417,0.0831717358202892,0.010086971388754973
BETTERPOL1F1I_W36,socioeco,"Less than $30,000","$100,000 or more",0.028985945000000016,Q1,inferred,,Inferred from occupation,"Less than $30,000",low,high,0.2353600810503375,0.22358822206839563,0.011771858981941885
BETTERPOL2F1A_W36,socioeco,"Less than $30,000","$100,000 or more",0.07717558006833744,Q1,inferred,,Inferred from occupation,"Less than $30,000",low,high,0.12370924370775693,0.14241186943242012,-0.01870262572466319
BETTERPOL2F1C_W36,socioeco,"Less than $30,000","$100,000 or more",0.03780051999999997,Q1,inferred,,Inferred from occupation,"Less than $30,000",low,high,0.0942435169510637,0.09587836762332219,-0.0016348506722584921
BETTERPOL2F1D_W36,socioeco,"Less than $30,000","$100,000 or more",0.041779992802059296,Q1,inferred,,Inferred from occupation,"Less than $30,000",low,high,0.11546392465595827,0.10320663391614875,0.012257290739809523
BETTERPOL2F1F_W36,socioeco,"Less than $30,000","$100,000 or more",0.08465948915340514,Q2,inferred,,Inferred from occupation,"Less than $30,000",low,high,0.12265096414496429,0.09270086619040879,0.0299500979545555
E5_W36,socioeco,"Less than $30,000","$100,000 or more",0.43779327999999995,Q4,inferred,,Inferred from occupation,"Less than $30,000",low,high,0.3217330748935108,0.5909630630159038,-0.26922998812239307
ESSENBIZF2E_W36,socioeco,"Less than $30,000","$100,000 or more",0.08600579510109135,Q2,inferred,,Inferred from occupation,"Less than $30,000",low,high,0.5803305141262753,0.5739568837341034,0.006373630392171981
ESSENBIZF2J_W36,socioeco,"Less than $30,000","$100,000 or more",0.25163483000000003,Q3,inferred,,Inferred from occupation,"Less than $30,000",low,high,0.5851769187714967,0.892120117579755,-0.30694319880825827
ESSENPOLF1A_W36,socioeco,"Less than $30,000","$100,000 or more",0.17553441000000014,Q3,inferred,,Inferred from occupation,"Less than $30,000",low,high,0.19591977260857618,0.3904901359999997,-0.19457036339142353
ESSENPOLF1B_W36,socioeco,"Less than $30,000","$100,000 or more",0.12017668660826397,Q2,inferred,,Inferred from occupation,"Less than $30,000",low,high,0.21073504385128639,0.2115513233749129,-0.0008162795236265064
ESSENPOLF1D_W36,socioeco,"Less than $30,000","$100,000 or more",0.19153513,Q3,inferred,,Inferred from occupation,"Less than $30,000",low,high,0.188425333840061,0.195899580197897,-0.007474246357836001
ESSENPOLF1G_W36,socioeco,"Less than $30,000","$100,000 or more",0.10835326000000006,Q2,inferred,,Inferred from occupation,"Less than $30,000",low,high,0.48341594616351197,0.4786007161979359,0.00481522996557604
ESSENPOLF1H_W36,socioeco,"Less than $30,000","$100,000 or more",0.11607464,Q2,inferred,,Inferred from occupation,"Less than $30,000",low,high,0.2090977861452592,0.32399375099726113,-0.11489596485200193
HIGHEDWRNGB_W36,socioeco,"Less than $30,000","$100,000 or more",0.17157769,Q3,inferred,,Inferred from occupation,"Less than $30,000",low,high,0.5327228914007356,0.4586889653137999,0.07403392608693571
HIGHEDWRNGC_W36,socioeco,"Less than $30,000","$100,000 or more",0.12339997769159922,Q2,inferred,,Inferred from occupation,"Less than $30,000",low,high,0.8209107051627967,0.7632947183781398,0.05761598678465696
IMPROVE1_W36,socioeco,"Less than $30,000","$100,000 or more",0.09980065010687394,Q2,inferred,,Inferred from occupation,"Less than $30,000",low,high,0.39356677668139295,0.37757279664754817,0.01599398003384478
IMPROVE2_W36,socioeco,"Less than $30,000","$100,000 or more",0.10635122999999996,Q2,inferred,,Inferred from occupation,"Less than $30,000",low,high,1.1732986800902019,1.0156600244636342,0.15763865562656765
IMPROVE3_W36,socioeco,"Less than $30,000","$100,000 or more",0.18035068816536826,Q3,inferred,,Inferred from occupation,"Less than $30,000",low,high,0.4841969855184676,0.3865858055901052,0.09761117992836243
MOREWMN1F2_W36,socioeco,"Less than $30,000","$100,000 or more",0.05489848676972742,Q1,inferred,,Inferred from occupation,"Less than $30,000",low,high,0.2043961910623774,0.13971674331102846,0.06467944775134896
POLCHF1_W36,socioeco,"Less than $30,000","$100,000 or more",0.33681012209874145,Q4,inferred,,Inferred from occupation,"Less than $30,000",low,high,0.8305785341083025,0.863302434594402,-0.03272390048609952
TRAITBIZMF2C_W36,socioeco,"Less than $30,000","$100,000 or more",0.17467239999999995,Q3,inferred,,Inferred from occupation,"Less than $30,000",low,high,0.17219264823150252,0.17085216228604422,0.0013404859454582974
TRAITBIZMF2D_W36,socioeco,"Less than $30,000","$100,000 or more",0.04222981789778302,Q1,inferred,,Inferred from occupation,"Less than $30,000",low,high,0.17502887316031374,0.16964463309065395,0.00538424006965979
TRAITBIZMF2E_W36,socioeco,"Less than $30,000","$100,000 or more",0.15584198499999996,Q3,inferred,,Inferred from occupation,"Less than $30,000",low,high,0.23192751731045724,0.23305768664101334,-0.0011301693305560967
TRAITBIZMF2G_W36,socioeco,"Less than $30,000","$100,000 or more",0.14133624000000006,Q2,inferred,,Inferred from occupation,"Less than $30,000",low,high,0.15778172750405645,0.12863190306612218,0.029149824437934263
TRAITBIZWF2C_W36,socioeco,"Less than $30,000","$100,000 or more",0.006861050000000035,Q1,inferred,,Inferred from occupation,"Less than $30,000",low,high,0.2915474735574236,0.28785236694189414,0.0036951066155294643
TRAITBIZWF2D_W36,socioeco,"Less than $30,000","$100,000 or more",0.03232807747852845,Q1,inferred,,Inferred from occupation,"Less than $30,000",low,high,0.20791147005460253,0.23075289835525786,-0.02284142830065533
TRAITBIZWF2E_W36,socioeco,"Less than $30,000","$100,000 or more",0.05521484500000001,Q1,inferred,,Inferred from occupation,"Less than $30,000",low,high,0.2666149800559868,0.2800113934993564,-0.01339641344336956
TRAITBIZWF2G_W36,socioeco,"Less than $30,000","$100,000 or more",0.0641386370625644,Q1,inferred,,Inferred from occupation,"Less than $30,000",low,high,0.29236976996765923,0.2870335282058373,0.005336241761821958
TRAITPOLMF1B_W36,socioeco,"Less than $30,000","$100,000 or more",0.03486093715110275,Q1,inferred,,Inferred from occupation,"Less than $30,000",low,high,0.1101056090523514,0.08909585284889729,0.021009756203454105
TRAITPOLMF1C_W36,socioeco,"Less than $30,000","$100,000 or more",0.08835160088351607,Q2,inferred,,Inferred from occupation,"Less than $30,000",low,high,0.12039998092980225,0.11380611496727677,0.00659386596252548
TRAITPOLMF1D_W36,socioeco,"Less than $30,000","$100,000 or more",0.06467493000000007,Q1,inferred,,Inferred from occupation,"Less than $30,000",low,high,0.18445628399749323,0.1275940553715484,0.05686222862594484
TRAITPOLMF1E_W36,socioeco,"Less than $30,000","$100,000 or more",0.15845353999999995,Q3,inferred,,Inferred from occupation,"Less than $30,000",low,high,0.23571656123268098,0.18490975852810893,0.05080680270457205
TRAITPOLMF1F_W36,socioeco,"Less than $30,000","$100,000 or more",0.10437653499999998,Q2,inferred,,Inferred from occupation,"Less than $30,000",low,high,0.16593930651837493,0.14222508072038634,0.023714225797988597
TRAITPOLMF1G_W36,socioeco,"Less than $30,000","$100,000 or more",0.14227596,Q2,inferred,,Inferred from occupation,"Less than $30,000",low,high,0.14582683394824206,0.12692047323366573,0.018906360714576326
TRAITPOLWF1A_W36,socioeco,"Less than $30,000","$100,000 or more",0.03738843889101667,Q1,inferred,,Inferred from occupation,"Less than $30,000",low,high,0.2443718932202401,0.2404171162259222,0.003954776994317899
TRAITPOLWF1C_W36,socioeco,"Less than $30,000","$100,000 or more",0.073827496694504,Q1,inferred,,Inferred from occupation,"Less than $30,000",low,high,0.18887241221188097,0.20600152610459616,-0.01712911389271518
TRAITPOLWF1D_W36,socioeco,"Less than $30,000","$100,000 or more",0.1169522799999998,Q2,inferred,,Inferred from occupation,"Less than $30,000",low,high,0.24382637569419557,0.22928668998218044,0.014539685712015138
TRAITPOLWF1E_W36,socioeco,"Less than $30,000","$100,000 or more",0.05679156341485314,Q1,inferred,,Inferred from occupation,"Less than $30,000",low,high,0.22416371299300614,0.22058849585976592,0.003575217133240216
TRAITPOLWF1F_W36,socioeco,"Less than $30,000","$100,000 or more",0.08023431999999996,Q2,inferred,,Inferred from occupation,"Less than $30,000",low,high,0.24634770054577415,0.2581346428277451,-0.011786942281970969
TRAITPOLWF1G_W36,socioeco,"Less than $30,000","$100,000 or more",0.07974930500000005,Q1,inferred,,Inferred from occupation,"Less than $30,000",low,high,0.23566863504929159,0.23291700401782617,0.002751631031465418
WHYNOTBIZF2A_W36,socioeco,"Less than $30,000","$100,000 or more",0.16403282000000002,Q3,inferred,,Inferred from occupation,"Less than $30,000",low,high,1.0814144361792006,0.970207474,0.11120696217920067
WHYNOTBIZF2B_W36,socioeco,"Less than $30,000","$100,000 or more",0.1753956300000003,Q3,inferred,,Inferred from occupation,"Less than $30,000",low,high,1.0273118168236632,0.9077589720870627,0.11955284473660055
WHYNOTBIZF2D_W36,socioeco,"Less than $30,000","$100,000 or more",0.32564688999999997,Q4,inferred,,Inferred from occupation,"Less than $30,000",low,high,0.2663649095343399,0.270625917215786,-0.004261007681446105
WHYNOTBIZF2F_W36,socioeco,"Less than $30,000","$100,000 or more",0.31540334999999997,Q4,inferred,,Inferred from occupation,"Less than $30,000",low,high,0.23088547826439615,0.21596765600000004,0.014917822264396113
WHYNOTBIZF2G_W36,socioeco,"Less than $30,000","$100,000 or more",0.09305027000000005,Q2,inferred,,Inferred from occupation,"Less than $30,000",low,high,0.6644684964947569,0.5865000267796263,0.0779684697151306
WHYNOTBIZF2H_W36,socioeco,"Less than $30,000","$100,000 or more",0.15971493819618432,Q3,inferred,,Inferred from occupation,"Less than $30,000",low,high,1.1269187897791038,1.0298941922989417,0.09702459748016201
WHYNOTBIZF2J_W36,socioeco,"Less than $30,000","$100,000 or more",0.10906475314045672,Q2,inferred,,Inferred from occupation,"Less than $30,000",low,high,0.5589831546343118,0.5168426121088354,0.04214054252547639
WHYNOTBIZF2M_W36,socioeco,"Less than $30,000","$100,000 or more",0.0641884684345618,Q1,inferred,,Inferred from occupation,"Less than $30,000",low,high,0.38222487335587685,0.28242482624868115,0.0998000471071957
WHYNOTBIZF2N_W36,socioeco,"Less than $30,000","$100,000 or more",0.07826967000000007,Q1,inferred,,Inferred from occupation,"Less than $30,000",low,high,0.6304775674742388,0.5803125661422006,0.05016500133203816
WHYNOTBIZF2O_W36,socioeco,"Less than $30,000","$100,000 or more",0.32429057970993735,Q4,inferred,,Inferred from occupation,"Less than $30,000",low,high,1.1322111104626282,1.1201498000618235,0.012061310400804715
WHYNOTPOLF1A_W36,socioeco,"Less than $30,000","$100,000 or more",0.13127911703192385,Q2,inferred,,Inferred from occupation,"Less than $30,000",low,high,1.0669604525962029,1.0548640930963755,0.012096359499827347
WHYNOTPOLF1B_W36,socioeco,"Less than $30,000","$100,000 or more",0.12654594336433234,Q2,inferred,,Inferred from occupation,"Less than $30,000",low,high,0.6452724527168341,0.47826291220092576,0.16700954051590833
WHYNOTPOLF1C_W36,socioeco,"Less than $30,000","$100,000 or more",0.08795852087958528,Q2,inferred,,Inferred from occupation,"Less than $30,000",low,high,0.36248520170241855,0.37374992069848273,-0.011264718996064182
WHYNOTPOLF1E_W36,socioeco,"Less than $30,000","$100,000 or more",0.18168728000000003,Q3,inferred,,Inferred from occupation,"Less than $30,000",low,high,0.476833191005544,0.4133827708735257,0.06345042013201829
WHYNOTPOLF1G_W36,socioeco,"Less than $30,000","$100,000 or more",0.10812466999999992,Q2,inferred,,Inferred from occupation,"Less than $30,000",low,high,0.5367672767903534,0.3612569973501537,0.1755102794401997
WHYNOTPOLF1I_W36,socioeco,"Less than $30,000","$100,000 or more",0.08918990999432103,Q2,inferred,,Inferred from occupation,"Less than $30,000",low,high,0.4203967921082258,0.3319314367288553,0.0884653553793705
WHYNOTPOLF1J_W36,socioeco,"Less than $30,000","$100,000 or more",0.08962361281277054,Q2,inferred,,Inferred from occupation,"Less than $30,000",low,high,0.7130562990428059,0.6316841017601226,0.0813721972826833
WHYNOTPOLF1K_W36,socioeco,"Less than $30,000","$100,000 or more",0.12111610999999997,Q2,inferred,,Inferred from occupation,"Less than $30,000",low,high,0.45615088421516425,0.4354763163567521,0.02067456785841215
WHYNOTPOLF1L_W36,socioeco,"Less than $30,000","$100,000 or more",0.289409463038319,Q4,inferred,,Inferred from occupation,"Less than $30,000",low,high,1.1600184638610351,1.1760003263619399,-0.01598186250090472
WMNPRZ1_W36,socioeco,"Less than $30,000","$100,000 or more",0.15105601000000024,Q3,inferred,,Inferred from occupation,"Less than $30,000",low,high,1.4737056421605637,1.4294274270116196,0.04427821514894403
AUTOLKLY_W41,socioeco,"Less than $30,000","$100,000 or more",0.5842882443009798,Q4,inferred,,Inferred from occupation,"Less than $30,000",low,high,0.6793291036444176,0.5010073978396086,0.178321705804809
AUTOWKPLC_W41,socioeco,"Less than $30,000","$100,000 or more",0.06051081500000005,Q1,inferred,,Inferred from occupation,"Less than $30,000",low,high,0.3605773934723057,0.3827169740842977,-0.022139580611992005
ETHNCMAJMOD_W41,socioeco,"Less than $30,000","$100,000 or more",0.09486651999999979,Q2,inferred,,Inferred from occupation,"Less than $30,000",low,high,1.2143689571946075,1.269610037792214,-0.05524108059760646
FTRWORRYc_W41,socioeco,"Less than $30,000","$100,000 or more",0.18645142442448914,Q3,inferred,,Inferred from occupation,"Less than $30,000",low,high,0.6467299973302567,0.47885499466221787,0.16787500266803884
FTRWORRYe_W41,socioeco,"Less than $30,000","$100,000 or more",0.05497590000000002,Q1,inferred,,Inferred from occupation,"Less than $30,000",low,high,0.7559302949328072,0.40347539351985884,0.35245490141294833
FTRWORRYf_W41,socioeco,"Less than $30,000","$100,000 or more",0.1031985889680142,Q2,inferred,,Inferred from occupation,"Less than $30,000",low,high,0.4555314087536478,0.42162962746805394,0.033901781285593846
FUTRCLASSb_W41,socioeco,"Less than $30,000","$100,000 or more",0.08692977586929768,Q2,inferred,,Inferred from occupation,"Less than $30,000",low,high,0.43421635056433433,0.38654607340555186,0.04767027715878247
FUTRCLASSc_W41,socioeco,"Less than $30,000","$100,000 or more",0.10139810500000002,Q2,inferred,,Inferred from occupation,"Less than $30,000",low,high,0.17386168735302693,0.1631810149464084,0.010680672406618519
FUTR_DIV_W41,socioeco,"Less than $30,000","$100,000 or more",0.05734758264673562,Q1,inferred,,Inferred from occupation,"Less than $30,000",low,high,0.14767348963432547,0.1342843812218264,0.013389108412499073
GOVPRIOb_W41,socioeco,"Less than $30,000","$100,000 or more",0.14078296472799579,Q2,inferred,,Inferred from occupation,"Less than $30,000",low,high,1.3857587797724862,1.0092399800398502,0.376518799732636
GOVPRIOc_W41,socioeco,"Less than $30,000","$100,000 or more",0.18958046000000006,Q3,inferred,,Inferred from occupation,"Less than $30,000",low,high,1.1739799854188093,0.9493732801046602,0.22460670531414917
GOVPRIOe_W41,socioeco,"Less than $30,000","$100,000 or more",0.2709841300000001,Q3,inferred,,Inferred from occupation,"Less than $30,000",low,high,1.2931180816413046,1.0334884585552973,0.25962962308600734
GOVPRIOfF1_W41,socioeco,"Less than $30,000","$100,000 or more",0.1391118740833656,Q2,inferred,,Inferred from occupation,"Less than $30,000",low,high,0.45961165103142554,0.31146588646496026,0.14814576456646528
GOVPRIOgF1_W41,socioeco,"Less than $30,000","$100,000 or more",0.1644235688285774,Q3,inferred,,Inferred from occupation,"Less than $30,000",low,high,1.0012252673020479,0.9256145235981991,0.07561074370384879
GOVPRIOhF1_W41,socioeco,"Less than $30,000","$100,000 or more",0.26349138898927715,Q3,inferred,,Inferred from occupation,"Less than $30,000",low,high,0.525974035228207,0.3649391880082611,0.16103484721994588
GOVPRIOiF1_W41,socioeco,"Less than $30,000","$100,000 or more",0.08828057804737804,Q2,inferred,,Inferred from occupation,"Less than $30,000",low,high,0.7796616584854703,0.6151698299182863,0.16449182856718403
GOVPRIOjF1_W41,socioeco,"Less than $30,000","$100,000 or more",0.5382907780860551,Q4,inferred,,Inferred from occupation,"Less than $30,000",low,high,1.178797517632567,0.8495746728206138,0.3292228448119531
GOVPRIOkF2_W41,socioeco,"Less than $30,000","$100,000 or more",0.21375711469481518,Q3,inferred,,Inferred from occupation,"Less than $30,000",low,high,0.7579655968043688,0.6383314974611141,0.11963409934325475
GOVPRIOlF2_W41,socioeco,"Less than $30,000","$100,000 or more",0.28427799930181963,Q4,inferred,,Inferred from occupation,"Less than $30,000",low,high,1.0342240138426197,0.9727242024610003,0.06149981138161942
GOVPRIOmF2_W41,socioeco,"Less than $30,000","$100,000 or more",0.3448381599999998,Q4,inferred,,Inferred from occupation,"Less than $30,000",low,high,1.2115521516848586,0.8042630312957999,0.40728912038905873
GOVPRIOnF2_W41,socioeco,"Less than $30,000","$100,000 or more",0.6101931700000001,Q4,inferred,,Inferred from occupation,"Less than $30,000",low,high,0.42288416276788565,0.29125426481414163,0.13162989795374402
GOVPRIOoF2_W41,socioeco,"Less than $30,000","$100,000 or more",0.1787665199999997,Q3,inferred,,Inferred from occupation,"Less than $30,000",low,high,1.2813721069091466,0.9268034101536751,0.35456869675547154
HAPPEN2b_W41,socioeco,"Less than $30,000","$100,000 or more",0.1571397521693849,Q3,inferred,,Inferred from occupation,"Less than $30,000",low,high,0.5579373822935834,0.5530424178054587,0.0048949644881246535
HAPPEN2f_W41,socioeco,"Less than $30,000","$100,000 or more",0.18965791454000708,Q3,inferred,,Inferred from occupation,"Less than $30,000",low,high,0.7640390827511689,1.0263587850341933,-0.26231970228302437
HARASS1F1b_W41,socioeco,"Less than $30,000","$100,000 or more",0.41214423000000006,Q4,inferred,,Inferred from occupation,"Less than $30,000",low,high,0.9161771776748717,0.8970147996736749,0.0191623780011968
HARASS1F1d_W41,socioeco,"Less than $30,000","$100,000 or more",0.07343752000000014,Q1,inferred,,Inferred from occupation,"Less than $30,000",low,high,0.9863304903177588,1.034612615392549,-0.04828212507479024
HARASS1NOWRKF2d_W41,socioeco,"Less than $30,000","$100,000 or more",0.09776517490438641,Q2,inferred,,Inferred from occupation,"Less than $30,000",low,high,0.48763337359079484,0.40177955553343603,0.08585381805735881
HARASS3NOWRKF2_W41,socioeco,"Less than $30,000","$100,000 or more",0.061170640000000026,Q1,inferred,,Inferred from occupation,"Less than $30,000",low,high,0.1905462902484988,0.18626153499999998,0.004284755248498834
INTRMAR_W41,socioeco,"Less than $30,000","$100,000 or more",0.23990956739909547,Q3,inferred,,Inferred from occupation,"Less than $30,000",low,high,1.213917599578556,0.9398602826407609,0.2740573169377951
LEGALIMG_W41,socioeco,"Less than $30,000","$100,000 or more",0.203597909731849,Q3,inferred,,Inferred from occupation,"Less than $30,000",low,high,0.5110376640788217,0.4082040464451412,0.10283361763368049
SOLVPROBa_W41,socioeco,"Less than $30,000","$100,000 or more",0.2650896300000004,Q3,inferred,,Inferred from occupation,"Less than $30,000",low,high,0.44566437199999986,0.3623326087437826,0.08333176325621727
SOLVPROBb_W41,socioeco,"Less than $30,000","$100,000 or more",0.1616020431156558,Q3,inferred,,Inferred from occupation,"Less than $30,000",low,high,0.29483276000000014,0.39278907390397977,-0.09795631390397963
SOLVPROBc_W41,socioeco,"Less than $30,000","$100,000 or more",0.30557677,Q4,inferred,,Inferred from occupation,"Less than $30,000",low,high,1.187570066,0.8043873960566716,0.3831826699433283
SOLVPROBdF1_W41,socioeco,"Less than $30,000","$100,000 or more",0.15146541879777844,Q3,inferred,,Inferred from occupation,"Less than $30,000",low,high,0.3742499521538887,0.239560133090369,0.13468981906351968
SOLVPROBf_W41,socioeco,"Less than $30,000","$100,000 or more",0.13619409999999993,Q2,inferred,,Inferred from occupation,"Less than $30,000",low,high,0.30013250883261017,0.6394503829673299,-0.33931787413471975
SOLVPROBg_W41,socioeco,"Less than $30,000","$100,000 or more",0.20337971899366186,Q3,inferred,,Inferred from occupation,"Less than $30,000",low,high,1.387924350132161,0.9246764881195848,0.4632478620125762
SOLVPROBh_W41,socioeco,"Less than $30,000","$100,000 or more",0.09918693000000045,Q2,inferred,,Inferred from occupation,"Less than $30,000",low,high,0.4810618068537617,0.3324134508418861,0.1486483560118756
CONFb_W42,socioeco,"Less than $30,000","$100,000 or more",0.060597954437416765,Q1,inferred,,Inferred from occupation,"Less than $30,000",low,high,0.5002144857272921,0.36077394891716597,0.13944053681012614
CONFc_W42,socioeco,"Less than $30,000","$100,000 or more",0.10298426148798856,Q2,inferred,,Inferred from occupation,"Less than $30,000",low,high,0.9181255606370614,0.5368385003122282,0.38128706032483317
CONFe_W42,socioeco,"Less than $30,000","$100,000 or more",0.05187860830558169,Q1,inferred,,Inferred from occupation,"Less than $30,000",low,high,0.7077904507895848,0.5017142402721391,0.20607621051744573
CONFg_W42,socioeco,"Less than $30,000","$100,000 or more",0.07518952000000004,Q1,inferred,,Inferred from occupation,"Less than $30,000",low,high,0.6578465485260554,0.5023039014127204,0.155542647113335
PQ4_F2Aa_W42,socioeco,"Less than $30,000","$100,000 or more",0.40456271000000044,Q4,inferred,,Inferred from occupation,"Less than $30,000",low,high,1.2094758707735416,0.9420567172129019,0.2674191535606397
PQ4_F2Ac_W42,socioeco,"Less than $30,000","$100,000 or more",0.13593567253236777,Q2,inferred,,Inferred from occupation,"Less than $30,000",low,high,0.6767311168704756,0.7042830175984782,-0.02755190072800262
PQ4_F2Ae_W42,socioeco,"Less than $30,000","$100,000 or more",0.4971038122358365,Q4,inferred,,Inferred from occupation,"Less than $30,000",low,high,0.46440259276838597,0.3505580677641637,0.11384452500422226
PQ4_F2Bb_W42,socioeco,"Less than $30,000","$100,000 or more",0.1528595688454194,Q3,inferred,,Inferred from occupation,"Less than $30,000",low,high,1.1613238915034123,0.6357938758698797,0.5255300156335326
PQ4_F2Bc_W42,socioeco,"Less than $30,000","$100,000 or more",0.04909673566685244,Q1,inferred,,Inferred from occupation,"Less than $30,000",low,high,0.571023148131949,0.6193467295761603,-0.04832358144421134
PQ4_F2Bd_W42,socioeco,"Less than $30,000","$100,000 or more",0.12121293502201327,Q2,inferred,,Inferred from occupation,"Less than $30,000",low,high,0.7217571287707625,0.4910065448998181,0.23075058387094438
PQ4_F2Cc_W42,socioeco,"Less than $30,000","$100,000 or more",0.10313365608586739,Q2,inferred,,Inferred from occupation,"Less than $30,000",low,high,0.5160527444242279,0.4364530077343174,0.0795997366899105
PQ8_F2B_W42,socioeco,"Less than $30,000","$100,000 or more",0.3222527069527823,Q4,inferred,,Inferred from occupation,"Less than $30,000",low,high,0.7696076807832226,0.4643842210304474,0.3052234597527752
RQ1_F1B_W42,socioeco,"Less than $30,000","$100,000 or more",0.08562608,Q2,inferred,,Inferred from occupation,"Less than $30,000",low,high,0.142448894010571,0.11574965463663323,0.026699239373937783
RQ1_F1C_W42,socioeco,"Less than $30,000","$100,000 or more",0.008140855000000002,Q1,inferred,,Inferred from occupation,"Less than $30,000",low,high,0.14719483602855873,0.09883764339567316,0.04835719263288557
RQ2_F1A_W42,socioeco,"Less than $30,000","$100,000 or more",0.23334321000000005,Q3,inferred,,Inferred from occupation,"Less than $30,000",low,high,0.5460496623289341,0.5616565929183535,-0.01560693058941931
RQ4_F1Ab_W42,socioeco,"Less than $30,000","$100,000 or more",0.33360953002000115,Q4,inferred,,Inferred from occupation,"Less than $30,000",low,high,1.0370283064969201,0.7617394309250409,0.2752888755718792
RQ4_F1Ae_W42,socioeco,"Less than $30,000","$100,000 or more",0.30514430715714946,Q4,inferred,,Inferred from occupation,"Less than $30,000",low,high,0.647722518697308,0.43075707232262833,0.21696544637467968
RQ4_F1Ba_W42,socioeco,"Less than $30,000","$100,000 or more",0.19122297000000016,Q3,inferred,,Inferred from occupation,"Less than $30,000",low,high,1.1482772739648879,0.654192272558767,0.4940850014061209
RQ4_F1Bc_W42,socioeco,"Less than $30,000","$100,000 or more",0.08793977999999963,Q2,inferred,,Inferred from occupation,"Less than $30,000",low,high,0.5847936400000001,0.6960264920321869,-0.1112328520321868
RQ4_F1Bd_W42,socioeco,"Less than $30,000","$100,000 or more",0.04225304397369292,Q1,inferred,,Inferred from occupation,"Less than $30,000",low,high,0.6592077324051366,0.49946003880121825,0.15974769360391838
RQ4_F1Be_W42,socioeco,"Less than $30,000","$100,000 or more",0.23054055000000034,Q3,inferred,,Inferred from occupation,"Less than $30,000",low,high,0.496218428351784,0.372895496,0.12332293235178399
RQ4_F1Ca_W42,socioeco,"Less than $30,000","$100,000 or more",0.1086990500000003,Q2,inferred,,Inferred from occupation,"Less than $30,000",low,high,0.9994282237218307,0.5517438141351582,0.44768440958667255
RQ4_F1Cb_W42,socioeco,"Less than $30,000","$100,000 or more",0.14329165999999965,Q2,inferred,,Inferred from occupation,"Less than $30,000",low,high,0.8500472279366345,0.5688486448963395,0.281198583040295
RQ4_F1Cd_W42,socioeco,"Less than $30,000","$100,000 or more",0.09901093999999998,Q2,inferred,,Inferred from occupation,"Less than $30,000",low,high,0.5715804311434305,0.4380958574238938,0.1334845737195367
RQ5_F1B_W42,socioeco,"Less than $30,000","$100,000 or more",0.28950205,Q4,inferred,,Inferred from occupation,"Less than $30,000",low,high,0.7121032711799314,0.55017972415115,0.16192354702878142
RQ5_F1C_W42,socioeco,"Less than $30,000","$100,000 or more",0.25161639,Q3,inferred,,Inferred from occupation,"Less than $30,000",low,high,0.69416359313767,0.503480864641104,0.19068272849656598
IDIMPORT_W43,socioeco,"Less than $30,000","$100,000 or more",0.2893016100000001,Q4,inferred,,Inferred from occupation,"Less than $30,000",low,high,0.7519108846874833,0.7265283524570283,0.025382532230455057
RACESURV13_W43,socioeco,"Less than $30,000","$100,000 or more",0.16516058921642549,Q3,inferred,,Inferred from occupation,"Less than $30,000",low,high,0.92536824335109,0.8922344486424751,0.03313379470861488
RACESURV14_W43,socioeco,"Less than $30,000","$100,000 or more",0.060358142281710436,Q1,inferred,,Inferred from occupation,"Less than $30,000",low,high,0.18382527081398617,0.16721368458841118,0.016611586225574987
RACESURV15a_W43,socioeco,"Less than $30,000","$100,000 or more",0.050919237756242186,Q1,inferred,,Inferred from occupation,"Less than $30,000",low,high,0.2704231232333556,0.2969466355849164,-0.026523512351560807
RACESURV15b_W43,socioeco,"Less than $30,000","$100,000 or more",0.11308514999999994,Q2,inferred,,Inferred from occupation,"Less than $30,000",low,high,0.2177014176710954,0.21218800949950944,0.005513408171585965
RACESURV17_W43,socioeco,"Less than $30,000","$100,000 or more",0.04996936000000002,Q1,inferred,,Inferred from occupation,"Less than $30,000",low,high,0.2793278660283917,0.28586543778855616,-0.006537571760164451
RACESURV18b_W43,socioeco,"Less than $30,000","$100,000 or more",0.14870248223682492,Q3,inferred,,Inferred from occupation,"Less than $30,000",low,high,1.0956008732677491,1.1929122516321713,-0.09731137836442216
RACESURV18f_W43,socioeco,"Less than $30,000","$100,000 or more",0.07342945073429451,Q1,inferred,,Inferred from occupation,"Less than $30,000",low,high,0.8370682615785343,0.8641912881356836,-0.027123026557149266
RACESURV19a_W43,socioeco,"Less than $30,000","$100,000 or more",0.04582994312043631,Q1,inferred,,Inferred from occupation,"Less than $30,000",low,high,0.7877397339660319,0.7513544655704508,0.036385268395581094
RACESURV19c_W43,socioeco,"Less than $30,000","$100,000 or more",0.1629405699999999,Q3,inferred,,Inferred from occupation,"Less than $30,000",low,high,0.6374527469686385,0.5907964989231145,0.04665624804552404
RACESURV19e_W43,socioeco,"Less than $30,000","$100,000 or more",0.027891895958388757,Q1,inferred,,Inferred from occupation,"Less than $30,000",low,high,0.6747646079639268,0.6358373387457019,0.03892726921822487
RACESURV1b_W43,socioeco,"Less than $30,000","$100,000 or more",0.1531344784686553,Q3,inferred,,Inferred from occupation,"Less than $30,000",low,high,0.2749959516153472,0.27783535502040557,-0.002839403405058394
RACESURV21_W43,socioeco,"Less than $30,000","$100,000 or more",0.3364888266351118,Q4,inferred,,Inferred from occupation,"Less than $30,000",low,high,0.4418058478342106,0.39159551944699134,0.05021032838721928
RACESURV27_W43,socioeco,"Less than $30,000","$100,000 or more",0.11925969033530831,Q2,inferred,,Inferred from occupation,"Less than $30,000",low,high,0.5718228756610924,0.6884645707821155,-0.11664169512102318
RACESURV28a_W43,socioeco,"Less than $30,000","$100,000 or more",0.015349624999999978,Q1,inferred,,Inferred from occupation,"Less than $30,000",low,high,0.21205269220987844,0.21267243586751783,-0.0006197436576393933
RACESURV28b_W43,socioeco,"Less than $30,000","$100,000 or more",0.037529884999999985,Q1,inferred,,Inferred from occupation,"Less than $30,000",low,high,0.1843230354674289,0.18349328618582117,0.0008297492816077279
RACESURV28c_W43,socioeco,"Less than $30,000","$100,000 or more",0.03396232499999996,Q1,inferred,,Inferred from occupation,"Less than $30,000",low,high,0.18531776197279912,0.1836612528238768,0.0016565091489223194
RACESURV28d_W43,socioeco,"Less than $30,000","$100,000 or more",0.035200420000000066,Q1,inferred,,Inferred from occupation,"Less than $30,000",low,high,0.3062136526513867,0.3029683357802589,0.0032453168711278346
RACESURV28e_W43,socioeco,"Less than $30,000","$100,000 or more",0.0038351799999998826,Q1,inferred,,Inferred from occupation,"Less than $30,000",low,high,0.30592395097846214,0.30379370236117786,0.0021302486172842805
RACESURV28f_W43,socioeco,"Less than $30,000","$100,000 or more",0.0604450864273704,Q1,inferred,,Inferred from occupation,"Less than $30,000",low,high,0.13630400048256686,0.13653545358503272,-0.0002314531024658617
RACESURV28g_W43,socioeco,"Less than $30,000","$100,000 or more",0.03035423819018293,Q1,inferred,,Inferred from occupation,"Less than $30,000",low,high,0.13684245366915956,0.13375944606747212,0.0030830076016874486
RACESURV29d_W43,socioeco,"Less than $30,000","$100,000 or more",0.39589305375556566,Q4,inferred,,Inferred from occupation,"Less than $30,000",low,high,0.8976522325095826,0.9718637335109053,-0.07421150100132268
RACESURV2_W43,socioeco,"Less than $30,000","$100,000 or more",0.2488893926842083,Q3,inferred,,Inferred from occupation,"Less than $30,000",low,high,1.631359257798256,1.0501173314425776,0.5812419263556785
RACESURV34a_W43,socioeco,"Less than $30,000","$100,000 or more",0.2520057740119579,Q3,inferred,,Inferred from occupation,"Less than $30,000",low,high,0.7972713132961627,0.7428162743745051,0.054455038921657595
RACESURV34b_W43,socioeco,"Less than $30,000","$100,000 or more",0.10841161810635952,Q2,inferred,,Inferred from occupation,"Less than $30,000",low,high,1.1115624282041403,1.0125248315054074,0.09903759669873291
RACESURV34c_W43,socioeco,"Less than $30,000","$100,000 or more",0.42600003426,Q4,inferred,,Inferred from occupation,"Less than $30,000",low,high,1.104840498032814,1.1924007650758726,-0.08756026704305864
RACESURV34d_W43,socioeco,"Less than $30,000","$100,000 or more",0.4843864103540296,Q4,inferred,,Inferred from occupation,"Less than $30,000",low,high,0.3936212805357207,0.3491385250468864,0.04448275548883429
RACESURV34e_W43,socioeco,"Less than $30,000","$100,000 or more",0.21560540597817002,Q3,inferred,,Inferred from occupation,"Less than $30,000",low,high,0.7565216766856354,0.7396333721881612,0.01688830449747425
RACESURV38_W43,socioeco,"Less than $30,000","$100,000 or more",0.15582831999999996,Q3,inferred,,Inferred from occupation,"Less than $30,000",low,high,0.38164933595416983,0.38986935282341195,-0.00822001686924212
RACESURV40_W43,socioeco,"Less than $30,000","$100,000 or more",0.08064263080642635,Q2,inferred,,Inferred from occupation,"Less than $30,000",low,high,0.9500399700485896,0.9390868541916522,0.010953115856937479
RACESURV41_W43,socioeco,"Less than $30,000","$100,000 or more",0.05444975000000001,Q1,inferred,,Inferred from occupation,"Less than $30,000",low,high,0.6976477876729965,0.7115674343083713,-0.013919646635374816
RACESURV45_W43,socioeco,"Less than $30,000","$100,000 or more",0.10297635999999993,Q2,inferred,,Inferred from occupation,"Less than $30,000",low,high,0.5733460108001116,0.594994461129621,-0.02164845032950935
RACESURV47a_W43,socioeco,"Less than $30,000","$100,000 or more",0.11641905000000011,Q2,inferred,,Inferred from occupation,"Less than $30,000",low,high,0.6127718189230824,0.4946528809073804,0.118118938015702
RACESURV47b_W43,socioeco,"Less than $30,000","$100,000 or more",0.10827083,Q2,inferred,,Inferred from occupation,"Less than $30,000",low,high,0.3284071628407371,0.2998600269203332,0.02854713592040392
RACESURV47d_W43,socioeco,"Less than $30,000","$100,000 or more",0.2218545478030579,Q3,inferred,,Inferred from occupation,"Less than $30,000",low,high,0.5489596037178893,0.6077183414162496,-0.058758737698360264
RACESURV47e_W43,socioeco,"Less than $30,000","$100,000 or more",0.13487718000000015,Q2,inferred,,Inferred from occupation,"Less than $30,000",low,high,0.9246918605549043,1.0673099480976016,-0.14261808754269734
RACESURV47f_W43,socioeco,"Less than $30,000","$100,000 or more",0.0757288094073287,Q1,inferred,,Inferred from occupation,"Less than $30,000",low,high,0.36537913553903245,0.30190533692419197,0.06347379861484048
RACESURV48_W43,socioeco,"Less than $30,000","$100,000 or more",0.09682389080110809,Q2,inferred,,Inferred from occupation,"Less than $30,000",low,high,0.31117673064046353,0.27425249929015233,0.0369242313503112
RACESURV51_W43,socioeco,"Less than $30,000","$100,000 or more",0.046241248735494164,Q1,inferred,,Inferred from occupation,"Less than $30,000",low,high,0.04755783780409098,0.056805467187230965,-0.009247629383139985
RACESURV52_W43,socioeco,"Less than $30,000","$100,000 or more",0.18872453000000006,Q3,inferred,,Inferred from occupation,"Less than $30,000",low,high,0.4650358503113524,0.5898371205949171,-0.12480127028356469
RACESURV5a_W43,socioeco,"Less than $30,000","$100,000 or more",0.17443832668547699,Q3,inferred,,Inferred from occupation,"Less than $30,000",low,high,1.0935190595964581,1.038288282883578,0.055230776712880125
RACESURV5b_W43,socioeco,"Less than $30,000","$100,000 or more",0.16134562483985856,Q3,inferred,,Inferred from occupation,"Less than $30,000",low,high,0.48478096971559603,0.4075470550000001,0.07723391471559593
RACESURV5d_W43,socioeco,"Less than $30,000","$100,000 or more",0.06263871033389114,Q1,inferred,,Inferred from occupation,"Less than $30,000",low,high,1.2213926297132676,1.1991899982947531,0.022202631418514418
RACESURV5e_W43,socioeco,"Less than $30,000","$100,000 or more",0.28855220000000015,Q4,inferred,,Inferred from occupation,"Less than $30,000",low,high,0.49928719845552505,0.5295448447534032,-0.030257646297878193
RACESURV5f_W43,socioeco,"Less than $30,000","$100,000 or more",0.06095199118227868,Q1,inferred,,Inferred from occupation,"Less than $30,000",low,high,0.8776475086434591,0.846709576537221,0.030937932106238075
RACESURV5g_W43,socioeco,"Less than $30,000","$100,000 or more",0.17250203499999983,Q3,inferred,,Inferred from occupation,"Less than $30,000",low,high,0.7125407358290828,0.7152608945906731,-0.0027201587615902634
RACESURV5h_W43,socioeco,"Less than $30,000","$100,000 or more",0.14085461640854607,Q2,inferred,,Inferred from occupation,"Less than $30,000",low,high,1.1077944632232941,1.0946004634660798,0.013193999757214359
RACESURV5i_W43,socioeco,"Less than $30,000","$100,000 or more",0.08947454509150732,Q2,inferred,,Inferred from occupation,"Less than $30,000",low,high,1.879138482681351,1.6794765840875148,0.19966189859383632
RACESURV5j_W43,socioeco,"Less than $30,000","$100,000 or more",0.10316130500000009,Q2,inferred,,Inferred from occupation,"Less than $30,000",low,high,0.7412299923318002,0.6373326441252484,0.10389734820655183
RACESURV5l_W43,socioeco,"Less than $30,000","$100,000 or more",0.17379970499999997,Q3,inferred,,Inferred from occupation,"Less than $30,000",low,high,1.4076725081857524,1.263571137,0.1441013711857524
RACESURV9_W43,socioeco,"Less than $30,000","$100,000 or more",0.10774148999999994,Q2,inferred,,Inferred from occupation,"Less than $30,000",low,high,1.1211532831678859,1.0686368941117559,0.052516389056129986
INFOCHALa_W45,socioeco,"Less than $30,000","$100,000 or more",0.32699286999999977,Q4,inferred,,Inferred from occupation,"Less than $30,000",low,high,0.9949528165267189,0.7164075704752261,0.2785452460514928
INFOCREATEa_W45,socioeco,"Less than $30,000","$100,000 or more",0.1735635296774144,Q3,inferred,,Inferred from occupation,"Less than $30,000",low,high,1.7690185021152507,1.877358971970779,-0.10834046985552837
MADEUPOFT_W45,socioeco,"Less than $30,000","$100,000 or more",0.10638791708712841,Q2,inferred,,Inferred from occupation,"Less than $30,000",low,high,0.571472174435537,0.47496682568958193,0.09650534874595507
MADEUPTOPICb_W45,socioeco,"Less than $30,000","$100,000 or more",0.04183380000000014,Q1,inferred,,Inferred from occupation,"Less than $30,000",low,high,0.312465415684425,0.29232778762851575,0.02013762805590924
MADEUPTOPICc_W45,socioeco,"Less than $30,000","$100,000 or more",0.03779307931115472,Q1,inferred,,Inferred from occupation,"Less than $30,000",low,high,0.5155274935199855,0.4892214136614762,0.0263060798585093
MADEUPTOPICd_W45,socioeco,"Less than $30,000","$100,000 or more",0.11269314002075606,Q2,inferred,,Inferred from occupation,"Less than $30,000",low,high,0.7159594223928556,0.7778727819786243,-0.06191335958576871
NEWSPROBd_W45,socioeco,"Less than $30,000","$100,000 or more",0.08974966061541967,Q2,inferred,,Inferred from occupation,"Less than $30,000",low,high,0.80197130581449,0.6742074506353596,0.12776385517913047
NEWSPROBe_W45,socioeco,"Less than $30,000","$100,000 or more",0.10742406902385437,Q2,inferred,,Inferred from occupation,"Less than $30,000",low,high,0.6675246688550319,0.5008227949917721,0.16670187386325985
NEWS_PLATFORMg_W45,socioeco,"Less than $30,000","$100,000 or more",0.32111767278716313,Q4,inferred,,Inferred from occupation,"Less than $30,000",low,high,0.41598514342908116,0.5538962972128367,-0.13791115378375557
SMLIKESb_W45,socioeco,"Less than $30,000","$100,000 or more",0.010746680000000008,Q1,inferred,,Inferred from occupation,"Less than $30,000",low,high,0.6237107409525562,0.7079002463140796,-0.08418950536152336
SMLIKESf_W45,socioeco,"Less than $30,000","$100,000 or more",0.07971442999999995,Q1,inferred,,Inferred from occupation,"Less than $30,000",low,high,0.7190795371055221,0.7895850415633483,-0.07050550445782622
BENEFITGOV_W49,socioeco,"Less than $30,000","$100,000 or more",0.23874836999999996,Q3,inferred,,Inferred from occupation,"Less than $30,000",low,high,0.8891389909211355,1.003362819448749,-0.11422382852761348
CONCERNCO_W49,socioeco,"Less than $30,000","$100,000 or more",0.16179116999999982,Q3,inferred,,Inferred from occupation,"Less than $30,000",low,high,0.7539369396227391,0.530291674986533,0.22364526463620615
CONCERNGRPa_W49,socioeco,"Less than $30,000","$100,000 or more",0.2061189199358142,Q3,inferred,,Inferred from occupation,"Less than $30,000",low,high,0.24129315508370985,0.35289927582753355,-0.1116061207438237
CONCERNGRPc_W49,socioeco,"Less than $30,000","$100,000 or more",0.04203335000000008,Q1,inferred,,Inferred from occupation,"Less than $30,000",low,high,0.31809008063639027,0.30580634321620476,0.012283737420185514
CONTROLCO_W49,socioeco,"Less than $30,000","$100,000 or more",0.09815530591680234,Q2,inferred,,Inferred from occupation,"Less than $30,000",low,high,0.8337054403370542,1.0727662506593636,-0.2390608103223094
CONTROLGRPc_W49,socioeco,"Less than $30,000","$100,000 or more",0.21806317000000008,Q3,inferred,,Inferred from occupation,"Less than $30,000",low,high,0.44332665584745923,0.35058034750902234,0.09274630833843689
DATAUSEd_W49,socioeco,"Less than $30,000","$100,000 or more",0.10265790999999996,Q2,inferred,,Inferred from occupation,"Less than $30,000",low,high,0.2957359407524469,0.2562280713248454,0.03950786942760154
FACE3c_W49,socioeco,"Less than $30,000","$100,000 or more",0.09007282332476352,Q2,inferred,,Inferred from occupation,"Less than $30,000",low,high,0.7144903284254588,0.5618689779931438,0.15262135043231495
GOVREGV1_W49,socioeco,"Less than $30,000","$100,000 or more",0.09772339790500356,Q2,inferred,,Inferred from occupation,"Less than $30,000",low,high,0.06740166338566184,0.07134193128658067,-0.003940267900918837
HOMEASSIST2_W49,socioeco,"Less than $30,000","$100,000 or more",0.054229094810306605,Q1,inferred,,Inferred from occupation,"Less than $30,000",low,high,0.6436707849836839,0.6200949024502925,0.02357588253339138
HOMEASSIST3_W49,socioeco,"Less than $30,000","$100,000 or more",0.01999895650318237,Q1,inferred,,Inferred from occupation,"Less than $30,000",low,high,1.2138986429511267,1.21963436295936,-0.005735720008233303
HOMEASSIST4_W49,socioeco,"Less than $30,000","$100,000 or more",0.23615742723486072,Q3,inferred,,Inferred from occupation,"Less than $30,000",low,high,0.5272288473169646,0.46780354849805295,0.059425298818911676
PP5e_W49,socioeco,"Less than $30,000","$100,000 or more",0.18613370077639743,Q3,inferred,,Inferred from occupation,"Less than $30,000",low,high,0.5592412284959634,0.30129839468310315,0.2579428338128602
PWMAN2_W49,socioeco,"Less than $30,000","$100,000 or more",0.34020970290514396,Q4,inferred,,Inferred from occupation,"Less than $30,000",low,high,1.2884341899364453,1.3504430112878179,-0.062008821351372534
SMARTAPP_W49,socioeco,"Less than $30,000","$100,000 or more",0.11020173999999999,Q2,inferred,,Inferred from occupation,"Less than $30,000",low,high,0.4881234248015473,0.4352386289175147,0.05288479588403261
TRACKCO1a_W49,socioeco,"Less than $30,000","$100,000 or more",0.5187109719759118,Q4,inferred,,Inferred from occupation,"Less than $30,000",low,high,0.6504603761718241,0.525280645340335,0.12517973083148903
TRACKCO1b_W49,socioeco,"Less than $30,000","$100,000 or more",0.28269929273071226,Q4,inferred,,Inferred from occupation,"Less than $30,000",low,high,0.3308272497803673,0.19583256892623552,0.1349946808541318
TRACKGOV1a_W49,socioeco,"Less than $30,000","$100,000 or more",0.21002390000000026,Q3,inferred,,Inferred from occupation,"Less than $30,000",low,high,0.624085914846729,0.6087535706934056,0.015332344153323407
TRACKGOV1b_W49,socioeco,"Less than $30,000","$100,000 or more",0.23954767760452322,Q3,inferred,,Inferred from occupation,"Less than $30,000",low,high,0.5274760632493692,0.5255696349834915,0.0019064282658777243
COHABDUR_W50,socioeco,"Less than $30,000","$100,000 or more",0.2885594546356548,Q4,inferred,,Inferred from occupation,"Less than $30,000",low,high,0.8613307585342787,0.8183837332608348,0.04294702527344385
DNA2b_W50,socioeco,"Less than $30,000","$100,000 or more",0.000849690000000014,Q1,inferred,,Inferred from occupation,"Less than $30,000",low,high,0.5510039264196078,0.5174010113954906,0.033602915024117275
DNA5_W50,socioeco,"Less than $30,000","$100,000 or more",0.12083113000000001,Q2,inferred,,Inferred from occupation,"Less than $30,000",low,high,0.44729831220482513,0.44525953737543994,0.0020387748293851926
E5MOD_W50,socioeco,"Less than $30,000","$100,000 or more",0.27614361000000004,Q4,inferred,,Inferred from occupation,"Less than $30,000",low,high,0.11682756225521113,0.11539283605965062,0.0014347261955605095
FAMSURV10c_W50,socioeco,"Less than $30,000","$100,000 or more",0.54169700458303,Q4,inferred,,Inferred from occupation,"Less than $30,000",low,high,0.3917000825189044,0.4303619826377495,-0.03866190011884507
FAMSURV16_W50,socioeco,"Less than $30,000","$100,000 or more",0.012576359999999981,Q1,inferred,,Inferred from occupation,"Less than $30,000",low,high,0.31441628368410823,0.31960278971826195,-0.005186506034153715
FAMSURV1_W50,socioeco,"Less than $30,000","$100,000 or more",0.23085755000000008,Q3,inferred,,Inferred from occupation,"Less than $30,000",low,high,0.199838756,0.1681917617072548,0.0316469942927452
FAMSURV20_W50,socioeco,"Less than $30,000","$100,000 or more",0.16529019,Q3,inferred,,Inferred from occupation,"Less than $30,000",low,high,0.5412182065709781,0.5412120370482465,6.169522731580557e-06
FAMSURV23b_W50,socioeco,"Less than $30,000","$100,000 or more",0.26873290964451724,Q3,inferred,,Inferred from occupation,"Less than $30,000",low,high,0.4620494989114673,0.41767208132705147,0.044377417584415824
FAMSURV23c_W50,socioeco,"Less than $30,000","$100,000 or more",0.34695295000000004,Q4,inferred,,Inferred from occupation,"Less than $30,000",low,high,1.3264599261974208,1.279250621351748,0.04720930484567276
FAMSURV23d_W50,socioeco,"Less than $30,000","$100,000 or more",0.22394044999999999,Q3,inferred,,Inferred from occupation,"Less than $30,000",low,high,1.3649896677626239,1.3396711056958945,0.025318562066729333
FAMSURV23e_W50,socioeco,"Less than $30,000","$100,000 or more",0.18655973923904706,Q3,inferred,,Inferred from occupation,"Less than $30,000",low,high,0.9423961308214881,0.8729885503644856,0.06940758045700246
FAMSURV23f_W50,socioeco,"Less than $30,000","$100,000 or more",0.17203301899098583,Q3,inferred,,Inferred from occupation,"Less than $30,000",low,high,0.8251577557484223,0.7536055420450685,0.07155221370335385
FAMSURV23g_W50,socioeco,"Less than $30,000","$100,000 or more",0.08132022999999997,Q2,inferred,,Inferred from occupation,"Less than $30,000",low,high,1.1571173037422184,1.1128068721078557,0.04431043163436277
FAMSURV26a_W50,socioeco,"Less than $30,000","$100,000 or more",0.10111904514972142,Q2,inferred,,Inferred from occupation,"Less than $30,000",low,high,0.32275134257840743,0.32893622609901163,-0.006184883520604201
FAMSURV26b_W50,socioeco,"Less than $30,000","$100,000 or more",0.04211756275137811,Q1,inferred,,Inferred from occupation,"Less than $30,000",low,high,0.2927476372422036,0.32416975606914394,-0.03142211882694035
FAMSURV26c_W50,socioeco,"Less than $30,000","$100,000 or more",0.17925477184455071,Q3,inferred,,Inferred from occupation,"Less than $30,000",low,high,0.4481518558287538,0.5554488220481658,-0.10729696621941204
FAMSURV26d_W50,socioeco,"Less than $30,000","$100,000 or more",0.25595823999999995,Q3,inferred,,Inferred from occupation,"Less than $30,000",low,high,0.48643523277695805,0.6883280848003277,-0.20189285202336965
FAMSURV29_W50,socioeco,"Less than $30,000","$100,000 or more",0.07915476999999993,Q1,inferred,,Inferred from occupation,"Less than $30,000",low,high,0.5486621333403718,0.9786690152494986,-0.4300068819091267
FAMSURV2Ma_W50,socioeco,"Less than $30,000","$100,000 or more",0.10639393999999996,Q2,inferred,,Inferred from occupation,"Less than $30,000",low,high,0.3860869615715682,0.35530431374001425,0.030782647831553933
FAMSURV2Mc_W50,socioeco,"Less than $30,000","$100,000 or more",0.09708546999999987,Q2,inferred,,Inferred from occupation,"Less than $30,000",low,high,0.3936987559924805,0.38312857291919844,0.010570183073282058
FAMSURV2Wa_W50,socioeco,"Less than $30,000","$100,000 or more",0.1212305600000001,Q2,inferred,,Inferred from occupation,"Less than $30,000",low,high,0.3198823369824283,0.3062787903842979,0.0136035465981304
FAMSURV2Wc_W50,socioeco,"Less than $30,000","$100,000 or more",0.08647343962300888,Q2,inferred,,Inferred from occupation,"Less than $30,000",low,high,0.31793974682060244,0.33661453371954314,-0.0186747868989407
FAMSURV32e_W50,socioeco,"Less than $30,000","$100,000 or more",0.35601861999999956,Q4,inferred,,Inferred from occupation,"Less than $30,000",low,high,1.743976624118139,1.6906649895468933,0.05331163457124566
FAMSURV39_W50,socioeco,"Less than $30,000","$100,000 or more",0.031161639151510684,Q1,inferred,,Inferred from occupation,"Less than $30,000",low,high,1.0416926738111074,0.9814898399315131,0.06020283387959435
FAMSURV3_W50,socioeco,"Less than $30,000","$100,000 or more",0.11734101471693692,Q2,inferred,,Inferred from occupation,"Less than $30,000",low,high,1.0534794044775246,1.0061104827503629,0.047368921727161784
FAMSURV40_W50,socioeco,"Less than $30,000","$100,000 or more",0.4512988865625954,Q4,inferred,,Inferred from occupation,"Less than $30,000",low,high,0.5330038950665169,0.6571355869588873,-0.12413169189237039
FAMSURV43_W50,socioeco,"Less than $30,000","$100,000 or more",0.06659576999999994,Q1,inferred,,Inferred from occupation,"Less than $30,000",low,high,0.5601803245713366,0.6324378555200669,-0.07225753094873033
FAMSURV44_W50,socioeco,"Less than $30,000","$100,000 or more",0.2935650958466014,Q4,inferred,,Inferred from occupation,"Less than $30,000",low,high,0.5331499282255123,0.7077412297832202,-0.17459130155770786
FAMSURV6_W50,socioeco,"Less than $30,000","$100,000 or more",0.1439479124105139,Q2,inferred,,Inferred from occupation,"Less than $30,000",low,high,0.5480265254437884,0.4675843284727437,0.08044219697104465
FAMSURV9c_W50,socioeco,"Less than $30,000","$100,000 or more",0.62580691,Q4,inferred,,Inferred from occupation,"Less than $30,000",low,high,0.41501252591057836,0.44416667068360854,-0.02915414477303019
FATHER_W50,socioeco,"Less than $30,000","$100,000 or more",0.055669409999999975,Q1,inferred,,Inferred from occupation,"Less than $30,000",low,high,0.04136961981290027,0.047281307129019956,-0.005911687316119685
HAVEKIDS1_W50,socioeco,"Less than $30,000","$100,000 or more",0.12648768,Q2,inferred,,Inferred from occupation,"Less than $30,000",low,high,0.502971065428967,0.5473621201094576,-0.04439105468049065
MARRDUR_W50,socioeco,"Less than $30,000","$100,000 or more",0.5791028060002927,Q4,inferred,,Inferred from occupation,"Less than $30,000",low,high,1.0172103155855519,0.9945767365775859,0.02263357900796592
MARRYPREF1_W50,socioeco,"Less than $30,000","$100,000 or more",0.05761615999999997,Q1,inferred,,Inferred from occupation,"Less than $30,000",low,high,0.1469498435991058,0.10028179666135784,0.04666804693774795
MARRYPREF2_W50,socioeco,"Less than $30,000","$100,000 or more",0.019813456353172373,Q1,inferred,,Inferred from occupation,"Less than $30,000",low,high,0.4443173950288274,0.39415511871753073,0.05016227631129666
MOTHER_W50,socioeco,"Less than $30,000","$100,000 or more",0.030660380000000043,Q1,inferred,,Inferred from occupation,"Less than $30,000",low,high,0.09422060833416135,0.10129707112462183,-0.0070764627904604804
PAR1_W50,socioeco,"Less than $30,000","$100,000 or more",0.0683276499999999,Q1,inferred,,Inferred from occupation,"Less than $30,000",low,high,0.0912196946098707,0.11977559769734014,-0.028555903087469442
PAR2_W50,socioeco,"Less than $30,000","$100,000 or more",0.11530310538629299,Q2,inferred,,Inferred from occupation,"Less than $30,000",low,high,0.3122190945750114,0.33642340891570466,-0.024204314340693256
ROMRELDUR_W50,socioeco,"Less than $30,000","$100,000 or more",0.48102386571196143,Q4,inferred,,Inferred from occupation,"Less than $30,000",low,high,0.7598650657754644,1.004662065569137,-0.24479699979367253
ROMRELSER_W50,socioeco,"Less than $30,000","$100,000 or more",0.08363963000000008,Q2,inferred,,Inferred from occupation,"Less than $30,000",low,high,1.2265797196237438,0.5649057010988123,0.6616740185249315
SATLIFEc_W50,socioeco,"Less than $30,000","$100,000 or more",0.8678198781459986,Q4,inferred,,Inferred from occupation,"Less than $30,000",low,high,0.6035411420354113,0.8280001299047942,-0.2244589878693829
ECIMPg_W54,socioeco,"Less than $30,000","$100,000 or more",0.06784801067848012,Q1,inferred,,Inferred from occupation,"Less than $30,000",low,high,0.18667364670990133,0.24060820764124097,-0.05393456093133964
ECON1_W54,socioeco,"Less than $30,000","$100,000 or more",0.5619514684883408,Q4,inferred,,Inferred from occupation,"Less than $30,000",low,high,0.37966516773124337,0.47915493833962475,-0.09948977060838138
ECON3_d_W54,socioeco,"Less than $30,000","$100,000 or more",0.2537989899999997,Q3,inferred,,Inferred from occupation,"Less than $30,000",low,high,0.6120096316487798,0.2915462516139515,0.32046338003482827
ECON4_a_W54,socioeco,"Less than $30,000","$100,000 or more",0.3484762800000001,Q4,inferred,,Inferred from occupation,"Less than $30,000",low,high,0.47148377404945185,0.37897560831909954,0.09250816573035231
ECON4_b_W54,socioeco,"Less than $30,000","$100,000 or more",0.5073725780230043,Q4,inferred,,Inferred from occupation,"Less than $30,000",low,high,0.39404628063761155,0.46284431681212573,-0.06879803617451419
ECON4_e_W54,socioeco,"Less than $30,000","$100,000 or more",0.22006970336272957,Q3,inferred,,Inferred from occupation,"Less than $30,000",low,high,0.4103551925871392,0.30686276028021586,0.10349243230692334
ECON4_f_W54,socioeco,"Less than $30,000","$100,000 or more",0.67039652,Q4,inferred,,Inferred from occupation,"Less than $30,000",low,high,0.44263366662951176,0.4681229786662955,-0.02548931203678373
ECON4_g_W54,socioeco,"Less than $30,000","$100,000 or more",0.5931240799999999,Q4,inferred,,Inferred from occupation,"Less than $30,000",low,high,0.46943094925674733,0.3424185564887574,0.12701239276798992
ECON5_b_W54,socioeco,"Less than $30,000","$100,000 or more",0.331065515,Q4,inferred,,Inferred from occupation,"Less than $30,000",low,high,0.39517858053681376,0.21318875926500674,0.18198982127180702
ECON5_c_W54,socioeco,"Less than $30,000","$100,000 or more",0.12171481355715412,Q2,inferred,,Inferred from occupation,"Less than $30,000",low,high,1.0481602870175948,1.2109426970316992,-0.16278241001410443
ECON5_d_W54,socioeco,"Less than $30,000","$100,000 or more",0.36696204500000007,Q4,inferred,,Inferred from occupation,"Less than $30,000",low,high,1.3718919290000005,1.5528852674653262,-0.18099333846532573
ECON5_e_W54,socioeco,"Less than $30,000","$100,000 or more",0.3131018499999999,Q4,inferred,,Inferred from occupation,"Less than $30,000",low,high,1.4663453920392082,1.585680460946266,-0.1193350689070578
ECON5_f_W54,socioeco,"Less than $30,000","$100,000 or more",0.1336124545474678,Q2,inferred,,Inferred from occupation,"Less than $30,000",low,high,1.3982451977905028,1.4619446404610934,-0.06369944267059058
ECON5_g_W54,socioeco,"Less than $30,000","$100,000 or more",0.2962558049999997,Q4,inferred,,Inferred from occupation,"Less than $30,000",low,high,0.8157764061595694,0.8361039709217409,-0.02032756476217157
ECON5_h_W54,socioeco,"Less than $30,000","$100,000 or more",0.2635114673648849,Q3,inferred,,Inferred from occupation,"Less than $30,000",low,high,0.4079495609205044,0.41711043375497886,-0.009160872834474476
ECON5_i_W54,socioeco,"Less than $30,000","$100,000 or more",0.16578209,Q3,inferred,,Inferred from occupation,"Less than $30,000",low,high,0.20565765332458108,0.30748209397522874,-0.10182444065064766
ECON5_j_W54,socioeco,"Less than $30,000","$100,000 or more",0.3334647499999999,Q4,inferred,,Inferred from occupation,"Less than $30,000",low,high,1.4708755357997203,1.492497675945395,-0.02162214014567465
ECON5_k_W54,socioeco,"Less than $30,000","$100,000 or more",0.3028320295105402,Q4,inferred,,Inferred from occupation,"Less than $30,000",low,high,0.9113767296692495,0.9768125598923355,-0.06543583022308597
FIN_SIT_W54,socioeco,"Less than $30,000","$100,000 or more",1.34897585,Q4,inferred,,Inferred from occupation,"Less than $30,000",low,high,0.37569092269210036,0.4041043531504672,-0.028413430458366862
GOVPRIORITYb_W54,socioeco,"Less than $30,000","$100,000 or more",0.07642103103924619,Q1,inferred,,Inferred from occupation,"Less than $30,000",low,high,1.493776856594587,1.4823836900325689,0.011393166562018164
GOVPRIORITYc_W54,socioeco,"Less than $30,000","$100,000 or more",0.4097259600000002,Q4,inferred,,Inferred from occupation,"Less than $30,000",low,high,1.5970042721409747,1.4375072699471891,0.1594970021937856
GOVPRIORITYd_W54,socioeco,"Less than $30,000","$100,000 or more",0.10033184000000017,Q2,inferred,,Inferred from occupation,"Less than $30,000",low,high,1.4433762472822758,1.3689766199269235,0.07439962735535222
GOVPRIORITYf_W54,socioeco,"Less than $30,000","$100,000 or more",0.09367357592150583,Q2,inferred,,Inferred from occupation,"Less than $30,000",low,high,1.6741929295826212,1.7521605170076493,-0.07796758742502807
INEQ11_W54,socioeco,"Less than $30,000","$100,000 or more",0.13633592,Q2,inferred,,Inferred from occupation,"Less than $30,000",low,high,0.5145986157719122,0.49185079669350884,0.022747819078403397
INEQ1_W54,socioeco,"Less than $30,000","$100,000 or more",0.1271846679862344,Q2,inferred,,Inferred from occupation,"Less than $30,000",low,high,0.2906548800324416,0.2254601132446279,0.06519476678781372
INEQ4_a_W54,socioeco,"Less than $30,000","$100,000 or more",0.04945192259757791,Q1,inferred,,Inferred from occupation,"Less than $30,000",low,high,0.2745863755502751,0.2089767185159429,0.06560965703433219
INEQ5_a_W54,socioeco,"Less than $30,000","$100,000 or more",0.17911897647595365,Q3,inferred,,Inferred from occupation,"Less than $30,000",low,high,0.436346357530969,0.4599206629392495,-0.023574305408280483
INEQ5_d_W54,socioeco,"Less than $30,000","$100,000 or more",0.3936765700000003,Q4,inferred,,Inferred from occupation,"Less than $30,000",low,high,0.39852738100462415,0.435054858952721,-0.036527477948096854
INEQ5_e_W54,socioeco,"Less than $30,000","$100,000 or more",0.18507008024254828,Q3,inferred,,Inferred from occupation,"Less than $30,000",low,high,0.32348453766294755,0.34042796750164966,-0.016943429838702118
INEQ5_f_W54,socioeco,"Less than $30,000","$100,000 or more",0.026916740269167405,Q1,inferred,,Inferred from occupation,"Less than $30,000",low,high,0.2596364821100354,0.2763896004169639,-0.016753118306928494
INEQ5_h_W54,socioeco,"Less than $30,000","$100,000 or more",0.27504626275046273,Q3,inferred,,Inferred from occupation,"Less than $30,000",low,high,0.40927723298146024,0.3198483929425359,0.08942884003892432
INEQ5_i_W54,socioeco,"Less than $30,000","$100,000 or more",0.07154896999999982,Q1,inferred,,Inferred from occupation,"Less than $30,000",low,high,0.49108784330445693,0.4008218234076977,0.09026601989675925
INEQ5_k_W54,socioeco,"Less than $30,000","$100,000 or more",0.3372414600000001,Q4,inferred,,Inferred from occupation,"Less than $30,000",low,high,0.7411295077889483,0.6267887830607553,0.11434072472819301
INEQ5_l_W54,socioeco,"Less than $30,000","$100,000 or more",0.3860926700000002,Q4,inferred,,Inferred from occupation,"Less than $30,000",low,high,0.9163261137107903,0.8708009082400859,0.04552520547070438
INEQ5_m_W54,socioeco,"Less than $30,000","$100,000 or more",0.4777247299999996,Q4,inferred,,Inferred from occupation,"Less than $30,000",low,high,0.9754868945001797,0.90941264301065,0.06607425148952972
INEQ8_a_W54,socioeco,"Less than $30,000","$100,000 or more",0.58994687,Q4,inferred,,Inferred from occupation,"Less than $30,000",low,high,1.1237197346081387,0.9701826720491722,0.1535370625589665
INEQ8_b_W54,socioeco,"Less than $30,000","$100,000 or more",0.5026205668073678,Q4,inferred,,Inferred from occupation,"Less than $30,000",low,high,0.9739540835385165,0.9548860941722304,0.019067989366286175
INEQ8_c_W54,socioeco,"Less than $30,000","$100,000 or more",0.3814130899999999,Q4,inferred,,Inferred from occupation,"Less than $30,000",low,high,1.023132899877138,0.8753130985485493,0.14781980132858874
INEQ8_d_W54,socioeco,"Less than $30,000","$100,000 or more",0.44095700999999976,Q4,inferred,,Inferred from occupation,"Less than $30,000",low,high,0.8446120087092976,0.7620631490160289,0.08254885969326875
INEQ8_f_W54,socioeco,"Less than $30,000","$100,000 or more",0.5148424486954328,Q4,inferred,,Inferred from occupation,"Less than $30,000",low,high,1.0223791347240132,0.8915441780286338,0.13083495669537937
INEQ8_g_W54,socioeco,"Less than $30,000","$100,000 or more",0.59325618,Q4,inferred,,Inferred from occupation,"Less than $30,000",low,high,0.9703280616756614,0.8168836401249642,0.15344442155069726
INEQ8_h_W54,socioeco,"Less than $30,000","$100,000 or more",0.3722706473613822,Q4,inferred,,Inferred from occupation,"Less than $30,000",low,high,0.9091906087258452,0.977190827682098,-0.06800021895625274
INEQ8_i_W54,socioeco,"Less than $30,000","$100,000 or more",0.7351349151051562,Q4,inferred,,Inferred from occupation,"Less than $30,000",low,high,0.960592269280541,0.8198299242850547,0.14076234499548623
INEQ8_j_W54,socioeco,"Less than $30,000","$100,000 or more",0.4947874700000002,Q4,inferred,,Inferred from occupation,"Less than $30,000",low,high,0.8652998823660248,0.7390720473714257,0.1262278349945991
JOBTRAIN_W54,socioeco,"Less than $30,000","$100,000 or more",0.10032045353147628,Q2,inferred,,Inferred from occupation,"Less than $30,000",low,high,0.33985553377073413,0.3381586033516079,0.0016969304191262191
WORRY2a_W54,socioeco,"Less than $30,000","$100,000 or more",1.126604382942253,Q4,inferred,,Inferred from occupation,"Less than $30,000",low,high,0.7797489048676719,0.7453275520033039,0.03442135286436798
WORRY2b_W54,socioeco,"Less than $30,000","$100,000 or more",0.8587411986462887,Q4,inferred,,Inferred from occupation,"Less than $30,000",low,high,0.5980945660190549,0.5417441775417865,0.056350388477268365
WORRY2c_W54,socioeco,"Less than $30,000","$100,000 or more",1.5974990800000002,Q4,inferred,,Inferred from occupation,"Less than $30,000",low,high,0.7895957958890839,0.49726040243731384,0.29233539345177006
WORRY2d_W54,socioeco,"Less than $30,000","$100,000 or more",0.961874982596432,Q4,inferred,,Inferred from occupation,"Less than $30,000",low,high,0.5446070921781156,0.39584793404727187,0.14875915813084378
WORRY2e_W54,socioeco,"Less than $30,000","$100,000 or more",0.7903167499999997,Q4,inferred,,Inferred from occupation,"Less than $30,000",low,high,0.9004771394321756,0.7473947268169261,0.15308241261524946
GAP21Q10_W82,socioeco,"Less than $30,000","$100,000 or more",0.07834156205409071,Q1,inferred,,Inferred from occupation,"Less than $30,000",low,high,0.27913828925414474,0.22846619115945901,0.05067209809468573
GAP21Q13_b_W82,socioeco,"Less than $30,000","$100,000 or more",0.20093659200936587,Q3,inferred,,Inferred from occupation,"Less than $30,000",low,high,0.8925705639543295,0.6741316576321974,0.21843890632213214
GAP21Q15_a_W82,socioeco,"Less than $30,000","$100,000 or more",0.1259874299999999,Q2,inferred,,Inferred from occupation,"Less than $30,000",low,high,0.6033003129675968,0.6016080718641806,0.0016922411034161478
GAP21Q15_b_W82,socioeco,"Less than $30,000","$100,000 or more",0.44796585000000005,Q4,inferred,,Inferred from occupation,"Less than $30,000",low,high,0.7042552268695392,0.69467511144767,0.009580115421869206
GAP21Q15_c_W82,socioeco,"Less than $30,000","$100,000 or more",0.3965058474417146,Q4,inferred,,Inferred from occupation,"Less than $30,000",low,high,0.7154552544431878,0.7165361753485092,-0.0010809209053214142
GAP21Q15_d_W82,socioeco,"Less than $30,000","$100,000 or more",0.4573719600000004,Q4,inferred,,Inferred from occupation,"Less than $30,000",low,high,0.883989080483829,0.9879290049670851,-0.10393992448325617
GAP21Q15_e_W82,socioeco,"Less than $30,000","$100,000 or more",0.39282520436615126,Q4,inferred,,Inferred from occupation,"Less than $30,000",low,high,0.7150621700196353,0.721666239859041,-0.006604069839405646
GAP21Q15_f_W82,socioeco,"Less than $30,000","$100,000 or more",0.4337469281471086,Q4,inferred,,Inferred from occupation,"Less than $30,000",low,high,0.7940275357214637,0.8226287646799907,-0.028601228958527014
GAP21Q17_W82,socioeco,"Less than $30,000","$100,000 or more",0.13493914000000007,Q2,inferred,,Inferred from occupation,"Less than $30,000",low,high,0.5801073985538903,0.44428231799999984,0.13582508055389042
GAP21Q19_a_W82,socioeco,"Less than $30,000","$100,000 or more",0.055325972342267715,Q1,inferred,,Inferred from occupation,"Less than $30,000",low,high,1.3614802456772734,0.9079178571595304,0.453562388517743
GAP21Q19_b_W82,socioeco,"Less than $30,000","$100,000 or more",0.12458802229797714,Q2,inferred,,Inferred from occupation,"Less than $30,000",low,high,0.521212608353178,1.036640771315709,-0.5154281629625311
GAP21Q19_c_W82,socioeco,"Less than $30,000","$100,000 or more",0.29524796,Q4,inferred,,Inferred from occupation,"Less than $30,000",low,high,0.5626144888317739,0.4752046850382835,0.08740980379349039
GAP21Q19_d_W82,socioeco,"Less than $30,000","$100,000 or more",0.5132924700000001,Q4,inferred,,Inferred from occupation,"Less than $30,000",low,high,0.6943315929318346,0.6616778927008145,0.0326537002310201
GAP21Q19_e_W82,socioeco,"Less than $30,000","$100,000 or more",0.27126272286706676,Q3,inferred,,Inferred from occupation,"Less than $30,000",low,high,0.6963179215405804,0.9265562341591504,-0.23023831261857008
GAP21Q21_a_W82,socioeco,"Less than $30,000","$100,000 or more",0.3647694075765889,Q4,inferred,,Inferred from occupation,"Less than $30,000",low,high,0.4750505843773161,0.4261272542931173,0.0489233300841988
GAP21Q21_e_W82,socioeco,"Less than $30,000","$100,000 or more",0.24190151000000013,Q3,inferred,,Inferred from occupation,"Less than $30,000",low,high,0.5397496216504076,0.5131574315459764,0.026592190104431257
GAP21Q23_W82,socioeco,"Less than $30,000","$100,000 or more",0.2773122800000001,Q4,inferred,,Inferred from occupation,"Less than $30,000",low,high,1.5695979576622423,1.4530113615126616,0.11658659614958067
GAP21Q24_W82,socioeco,"Less than $30,000","$100,000 or more",0.11249851000000005,Q2,inferred,,Inferred from occupation,"Less than $30,000",low,high,0.5234547852609612,0.6285468456563671,-0.10509206039540586
GAP21Q25_W82,socioeco,"Less than $30,000","$100,000 or more",0.127366656104614,Q2,inferred,,Inferred from occupation,"Less than $30,000",low,high,1.2950278218390043,0.7997048593795161,0.49532296245948826
GAP21Q26_a_W82,socioeco,"Less than $30,000","$100,000 or more",0.2012450600000001,Q3,inferred,,Inferred from occupation,"Less than $30,000",low,high,1.0562143033753952,1.0511570490291402,0.005057254346255036
GAP21Q26_b_W82,socioeco,"Less than $30,000","$100,000 or more",0.08583910250991147,Q2,inferred,,Inferred from occupation,"Less than $30,000",low,high,1.2848414429401918,1.394604599311672,-0.10976315637148026
GAP21Q26_c_W82,socioeco,"Less than $30,000","$100,000 or more",0.2926978,Q4,inferred,,Inferred from occupation,"Less than $30,000",low,high,0.6309648964519673,0.9694012611580337,-0.3384363647060664
GAP21Q27_W82,socioeco,"Less than $30,000","$100,000 or more",0.03222672500000001,Q1,inferred,,Inferred from occupation,"Less than $30,000",low,high,0.24712333308373713,0.22823767839868125,0.018885654685055875
GAP21Q28_W82,socioeco,"Less than $30,000","$100,000 or more",0.15857010437166036,Q3,inferred,,Inferred from occupation,"Less than $30,000",low,high,0.8056554492328809,1.0018269848484795,-0.19617153561559864
GAP21Q31_W82,socioeco,"Less than $30,000","$100,000 or more",0.12291164000000049,Q2,inferred,,Inferred from occupation,"Less than $30,000",low,high,0.43610860277275837,0.38003001706696177,0.0560785857057966
GAP21Q32_W82,socioeco,"Less than $30,000","$100,000 or more",0.2688368,Q3,inferred,,Inferred from occupation,"Less than $30,000",low,high,0.7650556860760896,0.726270472234192,0.03878521384189759
GAP21Q33_c_W82,socioeco,"Less than $30,000","$100,000 or more",0.15202859880904152,Q3,inferred,,Inferred from occupation,"Less than $30,000",low,high,0.41154142542477096,0.40529668178127215,0.006244743643498807
GAP21Q33_g_W82,socioeco,"Less than $30,000","$100,000 or more",0.07489342000000004,Q1,inferred,,Inferred from occupation,"Less than $30,000",low,high,0.816450746795486,0.6408470715297895,0.17560367526569653
GAP21Q33_i_W82,socioeco,"Less than $30,000","$100,000 or more",0.07720334708349519,Q1,inferred,,Inferred from occupation,"Less than $30,000",low,high,0.8298397675406218,0.6951199955504765,0.1347197719901453
GAP21Q33_j_W82,socioeco,"Less than $30,000","$100,000 or more",0.13679509999999995,Q2,inferred,,Inferred from occupation,"Less than $30,000",low,high,0.4064508910288582,0.3912147608864432,0.015236130142414983
GAP21Q33_m_W82,socioeco,"Less than $30,000","$100,000 or more",0.04198813315119898,Q1,inferred,,Inferred from occupation,"Less than $30,000",low,high,0.35379786125101165,0.4467737231767094,-0.09297586192569773
GAP21Q33_n_W82,socioeco,"Less than $30,000","$100,000 or more",0.06885159214314074,Q1,inferred,,Inferred from occupation,"Less than $30,000",low,high,0.5699530045681374,0.5368411059216971,0.03311189864644026
GAP21Q33_q_W82,socioeco,"Less than $30,000","$100,000 or more",0.11704079999999989,Q2,inferred,,Inferred from occupation,"Less than $30,000",low,high,0.35461652183505915,0.3567695168024632,-0.002152994967404065
GAP21Q33_r_W82,socioeco,"Less than $30,000","$100,000 or more",0.09210742081818521,Q2,inferred,,Inferred from occupation,"Less than $30,000",low,high,0.3976773665497196,0.3986452266157414,-0.0009678600660218417
GAP21Q33_s_W82,socioeco,"Less than $30,000","$100,000 or more",0.38899956999999996,Q4,inferred,,Inferred from occupation,"Less than $30,000",low,high,0.6103469329458513,0.5476584066000387,0.06268852634581257
GAP21Q34_a_W82,socioeco,"Less than $30,000","$100,000 or more",0.07135351448868205,Q1,inferred,,Inferred from occupation,"Less than $30,000",low,high,1.2878927361346153,0.5204355094959257,0.7674572266386896
GAP21Q34_b_W82,socioeco,"Less than $30,000","$100,000 or more",0.12771381000000004,Q2,inferred,,Inferred from occupation,"Less than $30,000",low,high,1.6328719192794878,1.4508395360000002,0.18203238327948768
GAP21Q34_c_W82,socioeco,"Less than $30,000","$100,000 or more",0.030174959999999973,Q1,inferred,,Inferred from occupation,"Less than $30,000",low,high,1.4652411864587438,1.0668521579558246,0.39838902850291924
GAP21Q34_d_W82,socioeco,"Less than $30,000","$100,000 or more",0.06538488999999995,Q1,inferred,,Inferred from occupation,"Less than $30,000",low,high,1.0538229623235444,0.4439401355924867,0.6098828267310578
GAP21Q34_e_W82,socioeco,"Less than $30,000","$100,000 or more",0.1939408519509162,Q3,inferred,,Inferred from occupation,"Less than $30,000",low,high,1.3796786488995432,0.5612119860232636,0.8184666628762796
GAP21Q34_f_W82,socioeco,"Less than $30,000","$100,000 or more",0.17810390430356307,Q3,inferred,,Inferred from occupation,"Less than $30,000",low,high,1.185319698617083,0.6239109984434238,0.5614087001736593
GAP21Q38_a_W82,socioeco,"Less than $30,000","$100,000 or more",0.23009285000000002,Q3,inferred,,Inferred from occupation,"Less than $30,000",low,high,0.6359571152614403,0.47321725704795614,0.16273985821348413
GAP21Q38_b_W82,socioeco,"Less than $30,000","$100,000 or more",0.08343642208774316,Q2,inferred,,Inferred from occupation,"Less than $30,000",low,high,0.5139549942474588,0.3249828853796562,0.18897210886780264
GAP21Q38_c_W82,socioeco,"Less than $30,000","$100,000 or more",0.16120215,Q3,inferred,,Inferred from occupation,"Less than $30,000",low,high,0.45894938898735965,0.31972135540243785,0.1392280335849218
GAP21Q41_W82,socioeco,"Less than $30,000","$100,000 or more",0.20232576999999993,Q3,inferred,,Inferred from occupation,"Less than $30,000",low,high,1.0361003025312998,1.3475516211097298,-0.31145131857843
GAP21Q43_g_W82,socioeco,"Less than $30,000","$100,000 or more",0.09638633724505746,Q2,inferred,,Inferred from occupation,"Less than $30,000",low,high,0.5286650611097874,0.5726723589490276,-0.04400729783924018
GAP21Q47_W82,socioeco,"Less than $30,000","$100,000 or more",0.11171348999999992,Q2,inferred,,Inferred from occupation,"Less than $30,000",low,high,1.3741962982430143,1.3267451232360505,0.04745117500696372
GAP21Q4_a_W82,socioeco,"Less than $30,000","$100,000 or more",0.026012791467974805,Q1,inferred,,Inferred from occupation,"Less than $30,000",low,high,0.9365711173657111,0.727117454690372,0.20945366267533905
GAP21Q4_b_W82,socioeco,"Less than $30,000","$100,000 or more",0.22835342,Q3,inferred,,Inferred from occupation,"Less than $30,000",low,high,0.6003151278554624,0.7030616390426164,-0.10274651118715405
GAP21Q4_c_W82,socioeco,"Less than $30,000","$100,000 or more",0.3291946643863376,Q4,inferred,,Inferred from occupation,"Less than $30,000",low,high,0.848593992537418,0.9771893192122942,-0.12859532667487628
GAP21Q4_d_W82,socioeco,"Less than $30,000","$100,000 or more",0.3097513753157959,Q4,inferred,,Inferred from occupation,"Less than $30,000",low,high,0.8108890881294871,0.838980659317211,-0.028091571187723874
GAP21Q4_e_W82,socioeco,"Less than $30,000","$100,000 or more",0.18866301445373918,Q3,inferred,,Inferred from occupation,"Less than $30,000",low,high,0.8255262526276186,0.9314305992876988,-0.1059043466600802
GAP21Q4_f_W82,socioeco,"Less than $30,000","$100,000 or more",0.36122027834048454,Q4,inferred,,Inferred from occupation,"Less than $30,000",low,high,0.7678454519030034,0.7138360824487345,0.05400936945426882
GAP21Q7_a_W82,socioeco,"Less than $30,000","$100,000 or more",0.24657888933769098,Q3,inferred,,Inferred from occupation,"Less than $30,000",low,high,0.47235496000000005,0.8573051480000001,-0.3849501880000001
GAP21Q7_b_W82,socioeco,"Less than $30,000","$100,000 or more",0.08214427736386419,Q2,inferred,,Inferred from occupation,"Less than $30,000",low,high,0.6807249221089781,0.6319974967285229,0.04872742538045516
GAP21Q7_d_W82,socioeco,"Less than $30,000","$100,000 or more",0.14067960999999998,Q2,inferred,,Inferred from occupation,"Less than $30,000",low,high,0.8239797218347995,0.9376901810545042,-0.11371045921970468
BILLION_W92,socioeco,"Less than $30,000","$100,000 or more",0.02978101938608066,Q1,inferred,,Inferred from occupation,"Less than $30,000",low,high,0.2039432206467568,0.24213801037683869,-0.03819478973008189
CANDEXP_W92,socioeco,"Less than $30,000","$100,000 or more",0.38432546343560103,Q4,inferred,,Inferred from occupation,"Less than $30,000",low,high,0.45352593232257604,0.39541797656956407,0.058107955753011975
ELECT_CONF3_PRVFR_W92,socioeco,"Less than $30,000","$100,000 or more",0.07665973000000004,Q1,inferred,,Inferred from occupation,"Less than $30,000",low,high,1.477261097980588,1.408070506,0.06919059198058797
ELECT_CONF3_PRVSUP_W92,socioeco,"Less than $30,000","$100,000 or more",0.014177215914685015,Q1,inferred,,Inferred from occupation,"Less than $30,000",low,high,0.48701155078794556,0.37119135677912807,0.11582019400881749
ELECT_IMPT3_PRVFR_W92,socioeco,"Less than $30,000","$100,000 or more",0.21337091775522232,Q3,inferred,,Inferred from occupation,"Less than $30,000",low,high,1.942888727002916,1.717141983406166,0.22574674359674995
FREECOLL_W92,socioeco,"Less than $30,000","$100,000 or more",0.7192056458643618,Q4,inferred,,Inferred from occupation,"Less than $30,000",low,high,0.5786345562280808,0.5466405829000579,0.031993973328022896
GODMORALIMP_W92,socioeco,"Less than $30,000","$100,000 or more",0.40389864000000014,Q4,inferred,,Inferred from occupation,"Less than $30,000",low,high,0.4302322314777685,0.46773795074256197,-0.03750571926479346
LEGALIMMIGAMT_W92,socioeco,"Less than $30,000","$100,000 or more",0.21179610699382495,Q3,inferred,,Inferred from occupation,"Less than $30,000",low,high,0.6335302554701059,0.5195988698750664,0.11393138559503946
POLINTOL2_a_W92,socioeco,"Less than $30,000","$100,000 or more",0.1230989823740179,Q2,inferred,,Inferred from occupation,"Less than $30,000",low,high,1.1652163728876885,1.1019970919039914,0.06321928098369711
PROG_RNEED_W92,socioeco,"Less than $30,000","$100,000 or more",0.14081083000000005,Q2,inferred,,Inferred from occupation,"Less than $30,000",low,high,0.18826334367471276,0.17967119829630307,0.008592145378409688
RACESURV52MOD_W92,socioeco,"Less than $30,000","$100,000 or more",0.28140402281404026,Q4,inferred,,Inferred from occupation,"Less than $30,000",low,high,0.9949566804674426,0.9645180419601926,0.030438638507249927
REPRSNTDEM_W92,socioeco,"Less than $30,000","$100,000 or more",0.21620070583638712,Q3,inferred,,Inferred from occupation,"Less than $30,000",low,high,0.7627926132221123,0.652007501538457,0.11078511168365535
REPRSNTREP_W92,socioeco,"Less than $30,000","$100,000 or more",0.05979986999999996,Q1,inferred,,Inferred from occupation,"Less than $30,000",low,high,0.6021835178532364,0.5146893726447533,0.08749414520848309
SOCIETY_GUNS_W92,socioeco,"Less than $30,000","$100,000 or more",0.09286425000000009,Q2,inferred,,Inferred from occupation,"Less than $30,000",low,high,0.5544037473883168,0.5805915224854956,-0.026187775097178845
SOCIETY_RELG_W92,socioeco,"Less than $30,000","$100,000 or more",0.20243634999999963,Q3,inferred,,Inferred from occupation,"Less than $30,000",low,high,1.4476673787367427,1.3692958613242006,0.07837151741254211
SOCIETY_RHIST_W92,socioeco,"Less than $30,000","$100,000 or more",0.06103053999999991,Q1,inferred,,Inferred from occupation,"Less than $30,000",low,high,0.8741252951578355,0.5767417931895811,0.29738350196825447
SOCIETY_SSM_W92,socioeco,"Less than $30,000","$100,000 or more",0.40171204000000005,Q4,inferred,,Inferred from occupation,"Less than $30,000",low,high,0.9832903736291164,0.8535701805344684,0.129720193094648
SOCIETY_TRANS_W92,socioeco,"Less than $30,000","$100,000 or more",0.25570156999999993,Q3,inferred,,Inferred from occupation,"Less than $30,000",low,high,0.6261028247022504,0.8818420684528012,-0.2557392437505508
SOCIETY_WHT_W92,socioeco,"Less than $30,000","$100,000 or more",0.21401668289221548,Q3,inferred,,Inferred from occupation,"Less than $30,000",low,high,0.13963148975140938,0.1708747017268082,-0.03124321197539881
UNIMMIGCOMM_W92,socioeco,"Less than $30,000","$100,000 or more",0.07423859233962395,Q1,inferred,,Inferred from occupation,"Less than $30,000",low,high,0.7643949553544658,0.818589916523544,-0.05419496116907818
USEXCEPT_W92,socioeco,"Less than $30,000","$100,000 or more",0.0511516699999999,Q1,inferred,,Inferred from occupation,"Less than $30,000",low,high,0.5965975498180279,0.4527158858972622,0.14388166392076573
USMILSIZ_W92,socioeco,"Less than $30,000","$100,000 or more",0.2760008193970225,Q3,inferred,,Inferred from occupation,"Less than $30,000",low,high,0.31145977942869646,0.7159346395927214,-0.40447486016402495
WHADVANT_W92,socioeco,"Less than $30,000","$100,000 or more",0.16967478329126467,Q3,inferred,,Inferred from occupation,"Less than $30,000",low,high,0.7933756110377989,0.7788957416300846,0.014479869407714285
CARRYGUN_W26,socioeco,"Less than $30,000","$100,000 or more",0.2880934599999999,Q4,inferred,,Inferred from occupation,"$100,000 or more",high,low,0.8434617669009221,0.856151067851964,-0.012689300951041926
GROWUPGUN2A_W26,socioeco,"Less than $30,000","$100,000 or more",0.09769391000000005,Q2,inferred,,Inferred from occupation,"$100,000 or more",high,low,0.10140707435908636,0.03029176950149093,0.07111530485759543
GROWUPGUN2B_W26,socioeco,"Less than $30,000","$100,000 or more",0.008390769999999992,Q1,inferred,,Inferred from occupation,"$100,000 or more",high,low,0.3241507914959222,0.3011574368010391,0.02299335469488306
GROWUPGUN2C_W26,socioeco,"Less than $30,000","$100,000 or more",0.019583569999999995,Q1,inferred,,Inferred from occupation,"$100,000 or more",high,low,0.4902456849301845,0.3743457689233646,0.11589991600681993
GROWUPGUN4_W26,socioeco,"Less than $30,000","$100,000 or more",0.012939660000000047,Q1,inferred,,Inferred from occupation,"$100,000 or more",high,low,1.0491990556187956,0.9836986520000001,0.0655004036187955
GROWUPGUN6_W26,socioeco,"Less than $30,000","$100,000 or more",0.06630533710350016,Q1,inferred,,Inferred from occupation,"$100,000 or more",high,low,0.5576378235468955,0.6558893682510536,-0.09825154470415809
GROWUPGUN7_W26,socioeco,"Less than $30,000","$100,000 or more",0.17496282810305397,Q3,inferred,,Inferred from occupation,"$100,000 or more",high,low,0.48125294939576935,0.8738470761030539,-0.39259412670728455
GROWUPVIOL_W26,socioeco,"Less than $30,000","$100,000 or more",0.34762645000000003,Q4,inferred,,Inferred from occupation,"$100,000 or more",high,low,0.7822734562903773,0.3376953642349067,0.44457809205547055
GUNACCESS_W26,socioeco,"Less than $30,000","$100,000 or more",0.2689714254613356,Q3,inferred,,Inferred from occupation,"$100,000 or more",high,low,1.3246411264021667,1.306270895018907,0.01837023138325966
GUNACTIVITYA_W26,socioeco,"Less than $30,000","$100,000 or more",0.02500299860760772,Q1,inferred,,Inferred from occupation,"$100,000 or more",high,low,1.6739752059323378,1.2083554235289906,0.4656197824033472
GUNACTIVITYB_W26,socioeco,"Less than $30,000","$100,000 or more",0.238170670976464,Q3,inferred,,Inferred from occupation,"$100,000 or more",high,low,0.7678587134077504,0.3664620155232775,0.40139669788447285
GUNCONTRIBA_W26,socioeco,"Less than $30,000","$100,000 or more",0.1395215577683978,Q2,inferred,,Inferred from occupation,"$100,000 or more",high,low,0.37565188599999993,0.47267911077808084,-0.0970272247780809
GUNCONTRIBC_W26,socioeco,"Less than $30,000","$100,000 or more",0.251734842193157,Q3,inferred,,Inferred from occupation,"$100,000 or more",high,low,0.34698725884239734,0.37345726894827747,-0.026470010105880126
GUNCONTRIBE_W26,socioeco,"Less than $30,000","$100,000 or more",0.2966307399999998,Q4,inferred,,Inferred from occupation,"$100,000 or more",high,low,0.5632737264719669,0.585723535802025,-0.022449809330058024
GUNCONTRIBF_W26,socioeco,"Less than $30,000","$100,000 or more",0.06634947534984631,Q1,inferred,,Inferred from occupation,"$100,000 or more",high,low,0.6344477400931485,0.806413345182935,-0.17196560508978642
GUNFRIEND_W26,socioeco,"Less than $30,000","$100,000 or more",0.02805672542223825,Q1,inferred,,Inferred from occupation,"$100,000 or more",high,low,0.7170806937472249,0.8456621057445657,-0.12858141199734074
GUNIDENTITY_W26,socioeco,"Less than $30,000","$100,000 or more",0.14942341000000026,Q3,inferred,,Inferred from occupation,"$100,000 or more",high,low,0.8834331259597102,1.1058422392367602,-0.22240911327704993
GUNLOADED1_W26,socioeco,"Less than $30,000","$100,000 or more",0.06113508000000001,Q1,inferred,,Inferred from occupation,"$100,000 or more",high,low,0.25607124429222666,0.25986063599253506,-0.0037893917003083977
GUNLOADED2_W26,socioeco,"Less than $30,000","$100,000 or more",0.1400977,Q2,inferred,,Inferred from occupation,"$100,000 or more",high,low,0.5408218018104813,0.5049928549054121,0.035828946905069214
GUNLOCKED1_W26,socioeco,"Less than $30,000","$100,000 or more",0.005873760000000006,Q1,inferred,,Inferred from occupation,"$100,000 or more",high,low,0.2874586252616245,0.40373430673178107,-0.11627568147015654
GUNLOCKED2_W26,socioeco,"Less than $30,000","$100,000 or more",0.13649793999999998,Q2,inferred,,Inferred from occupation,"$100,000 or more",high,low,0.21159913881473058,0.19296993615980174,0.018629202654928845
GUNRESPKIDSD_W26,socioeco,"Less than $30,000","$100,000 or more",0.31453171285008275,Q4,inferred,,Inferred from occupation,"$100,000 or more",high,low,0.4842875056185332,0.6311647356765052,-0.14687723005797204
GUNRESPKIDSE_W26,socioeco,"Less than $30,000","$100,000 or more",0.237899100191574,Q3,inferred,,Inferred from occupation,"$100,000 or more",high,low,0.197112915971129,0.29330981290029357,-0.09619689692916455
GUNRESPNOKIDSA_W26,socioeco,"Less than $30,000","$100,000 or more",0.020608745304618203,Q1,inferred,,Inferred from occupation,"$100,000 or more",high,low,0.6170838264466462,0.519191853392,0.09789197305464614
GUNRESPNOKIDSB_W26,socioeco,"Less than $30,000","$100,000 or more",0.06817230068172286,Q1,inferred,,Inferred from occupation,"$100,000 or more",high,low,0.6796194139314142,0.6077170514254644,0.07190236250594984
GUNRESPNOKIDSC_W26,socioeco,"Less than $30,000","$100,000 or more",0.13751966137519644,Q2,inferred,,Inferred from occupation,"$100,000 or more",high,low,0.9694259339690623,0.9367438448107174,0.03268208915834492
GUNRESPNOKIDSD_W26,socioeco,"Less than $30,000","$100,000 or more",0.14888568000000008,Q3,inferred,,Inferred from occupation,"$100,000 or more",high,low,0.32302052503853446,0.4672519136667252,-0.14423138862819074
GUNRESPNOKIDSE_W26,socioeco,"Less than $30,000","$100,000 or more",0.22954815000000012,Q3,inferred,,Inferred from occupation,"$100,000 or more",high,low,0.40860785643384145,0.2246172231322099,0.18399063330163157
GUNRESPNOKIDSF_W26,socioeco,"Less than $30,000","$100,000 or more",0.08967349340336533,Q2,inferred,,Inferred from occupation,"$100,000 or more",high,low,0.31382112244238836,0.3106989091642092,0.003122213278179131
GUNSAFETYKIDS_W26,socioeco,"Less than $30,000","$100,000 or more",0.01821644999999994,Q1,inferred,,Inferred from occupation,"$100,000 or more",high,low,0.20299465420504947,0.08356510872681794,0.11942954547823154
GUNSAFE_W26,socioeco,"Less than $30,000","$100,000 or more",0.06438964322447221,Q1,inferred,,Inferred from occupation,"$100,000 or more",high,low,0.0577656434640465,0.07020404973033623,-0.012438406266289725
GUNTYPEOWNC_W26,socioeco,"Less than $30,000","$100,000 or more",0.3743136922050839,Q4,inferred,,Inferred from occupation,"$100,000 or more",high,low,0.25454037793282797,0.4516559905165598,-0.19711561258373184
NOCARRYGUN_W26,socioeco,"Less than $30,000","$100,000 or more",0.011883250000000012,Q1,inferred,,Inferred from occupation,"$100,000 or more",high,low,0.253549923637326,0.23631335445427504,0.017236569183050943
REASONGUNA_W26,socioeco,"Less than $30,000","$100,000 or more",0.16121826000000006,Q3,inferred,,Inferred from occupation,"$100,000 or more",high,low,0.7248740480497036,0.8663597821020097,-0.14148573405230613
REASONGUNB_W26,socioeco,"Less than $30,000","$100,000 or more",0.13052286917795747,Q2,inferred,,Inferred from occupation,"$100,000 or more",high,low,0.5328129295396323,0.6063035972369777,-0.07349066769734536
REASONGUNC_W26,socioeco,"Less than $30,000","$100,000 or more",0.1626540406299693,Q3,inferred,,Inferred from occupation,"$100,000 or more",high,low,0.7278239983582518,0.7959796423956382,-0.06815564403738639
REASONGUND_W26,socioeco,"Less than $30,000","$100,000 or more",0.1327946499999999,Q2,inferred,,Inferred from occupation,"$100,000 or more",high,low,0.15011739199293478,0.1038257251689203,0.04629166682401448
REASONGUNE_W26,socioeco,"Less than $30,000","$100,000 or more",0.07425042999999998,Q1,inferred,,Inferred from occupation,"$100,000 or more",high,low,0.38597194318560735,0.35247823864414013,0.03349370454146722
SHOOTFREQ_W26,socioeco,"Less than $30,000","$100,000 or more",0.2467498505774362,Q3,inferred,,Inferred from occupation,"$100,000 or more",high,low,0.4014701897087236,0.5604389095137694,-0.1589687198050458
WORRYB_W26,socioeco,"Less than $30,000","$100,000 or more",0.34924579000000006,Q4,inferred,,Inferred from occupation,"$100,000 or more",high,low,0.2042282536748833,0.2413598358526795,-0.03713158217779622
WORRYD_W26,socioeco,"Less than $30,000","$100,000 or more",0.68089223,Q4,inferred,,Inferred from occupation,"$100,000 or more",high,low,0.23031275039465837,0.3257343992610404,-0.09542164886638205
WORRYE_W26,socioeco,"Less than $30,000","$100,000 or more",0.295965820952076,Q4,inferred,,Inferred from occupation,"$100,000 or more",high,low,0.284646549502112,0.352203082362775,-0.06755653286066299
WORRYF_W26,socioeco,"Less than $30,000","$100,000 or more",0.36198761999999995,Q4,inferred,,Inferred from occupation,"$100,000 or more",high,low,0.33405186357471117,0.322859342173194,0.011192521401517164
BOYSF1B_W29,socioeco,"Less than $30,000","$100,000 or more",0.031561885,Q1,inferred,,Inferred from occupation,"$100,000 or more",high,low,0.5445207895265165,0.4944679728108591,0.05005281671565742
FAVORS_CPS_W29,socioeco,"Less than $30,000","$100,000 or more",0.31190621735643553,Q4,inferred,,Inferred from occupation,"$100,000 or more",high,low,1.9590502812294586,1.7568121175517442,0.2022381636777144
FEM2_W29,socioeco,"Less than $30,000","$100,000 or more",0.19331657225602072,Q3,inferred,,Inferred from occupation,"$100,000 or more",high,low,1.7317547714117243,1.6717261459166624,0.06002862549506194
GIRLSF2C_W29,socioeco,"Less than $30,000","$100,000 or more",0.027267642373446355,Q1,inferred,,Inferred from occupation,"$100,000 or more",high,low,0.5559998933526149,0.49394338080745886,0.06205651254515604
GIRLSF2D_W29,socioeco,"Less than $30,000","$100,000 or more",0.061267082577475304,Q1,inferred,,Inferred from occupation,"$100,000 or more",high,low,0.4765736583806479,0.38405690112078206,0.09251675725986586
GOPDIRCT_W29,socioeco,"Less than $30,000","$100,000 or more",0.5194614385676164,Q4,inferred,,Inferred from occupation,"$100,000 or more",high,low,0.963381081310096,1.2166993377587985,-0.25331825644870243
HOOD_NHISB_W29,socioeco,"Less than $30,000","$100,000 or more",0.5343234026814261,Q4,inferred,,Inferred from occupation,"$100,000 or more",high,low,1.3005223949404643,1.625148629253402,-0.3246262343129378
LOCALELECT_W29,socioeco,"Less than $30,000","$100,000 or more",0.6755055936824541,Q4,inferred,,Inferred from occupation,"$100,000 or more",high,low,0.3494106646107888,0.5124947276329694,-0.16308406302218065
MAN1A_W29,socioeco,"Less than $30,000","$100,000 or more",0.22436507000000003,Q3,inferred,,Inferred from occupation,"$100,000 or more",high,low,0.6150374497432747,1.2065423971390368,-0.5915049473957621
MAN1B_W29,socioeco,"Less than $30,000","$100,000 or more",0.3650245300000001,Q4,inferred,,Inferred from occupation,"$100,000 or more",high,low,0.3574734939188341,0.35547348493456454,0.0020000089842695523
MAN1C_W29,socioeco,"Less than $30,000","$100,000 or more",0.4201561955037122,Q4,inferred,,Inferred from occupation,"$100,000 or more",high,low,0.6900270013416617,0.7347254162556978,-0.04469841491403603
MAN1D_W29,socioeco,"Less than $30,000","$100,000 or more",0.2853261599999997,Q4,inferred,,Inferred from occupation,"$100,000 or more",high,low,0.8040027956073337,0.8890437777098044,-0.08504098210247069
MAN1E_W29,socioeco,"Less than $30,000","$100,000 or more",0.25829197498133877,Q3,inferred,,Inferred from occupation,"$100,000 or more",high,low,0.7575332442902566,1.1572855765788974,-0.3997523322886408
MASC2_W29,socioeco,"Less than $30,000","$100,000 or more",0.12110675999999998,Q2,inferred,,Inferred from occupation,"$100,000 or more",high,low,1.767290841637425,1.750181468,0.01710937363742482
S12_W29,socioeco,"Less than $30,000","$100,000 or more",0.7723084465021626,Q4,inferred,,Inferred from occupation,"$100,000 or more",high,low,0.5983619973684657,0.7035013152321052,-0.1051393178636395
S13_W29,socioeco,"Less than $30,000","$100,000 or more",0.2964937452964356,Q4,inferred,,Inferred from occupation,"$100,000 or more",high,low,0.4953367790866259,0.5373989984123362,-0.042062219325710304
SEENFEM_W29,socioeco,"Less than $30,000","$100,000 or more",0.18776166,Q3,inferred,,Inferred from occupation,"$100,000 or more",high,low,1.1067809545147425,1.0647498060797063,0.04203114843503619
SEENMASC_W29,socioeco,"Less than $30,000","$100,000 or more",0.0751844752174334,Q1,inferred,,Inferred from occupation,"$100,000 or more",high,low,0.8370765419277544,0.87099784583126,-0.03392130390350567
TALK_CPS_W29,socioeco,"Less than $30,000","$100,000 or more",0.38025178000000004,Q4,inferred,,Inferred from occupation,"$100,000 or more",high,low,0.6215631569405993,0.7169046612816724,-0.09534150434107314
WORRYBILL_W29,socioeco,"Less than $30,000","$100,000 or more",1.1275066616620635,Q4,inferred,,Inferred from occupation,"$100,000 or more",high,low,1.0528050771672355,0.7842010622461262,0.2686040149211093
CLASS_W32,socioeco,"Less than $30,000","$100,000 or more",1.1672827040469576,Q4,inferred,,Inferred from occupation,"$100,000 or more",high,low,0.6260949747021091,0.7907021992569548,-0.16460722455484578
COMMIMPA_W32,socioeco,"Less than $30,000","$100,000 or more",0.09287370789168559,Q2,inferred,,Inferred from occupation,"$100,000 or more",high,low,0.5598688955356907,0.6212439293035257,-0.06137503376783493
COMMIMPB_W32,socioeco,"Less than $30,000","$100,000 or more",0.026607140000000085,Q1,inferred,,Inferred from occupation,"$100,000 or more",high,low,0.26415811349995477,0.32151447991174154,-0.05735636641178676
COMMIMPC_W32,socioeco,"Less than $30,000","$100,000 or more",0.0986442676354575,Q2,inferred,,Inferred from occupation,"$100,000 or more",high,low,0.7671276012411379,0.7322113187463136,0.03491628249482426
COMMIMPF_W32,socioeco,"Less than $30,000","$100,000 or more",0.21057993999999997,Q3,inferred,,Inferred from occupation,"$100,000 or more",high,low,0.48095622399999993,0.5239723884637564,-0.043016164463756446
COMMIMPG_W32,socioeco,"Less than $30,000","$100,000 or more",0.08654338073068257,Q2,inferred,,Inferred from occupation,"$100,000 or more",high,low,0.6799527256268614,0.7212984193317449,-0.0413456937048835
COMMIMPH_W32,socioeco,"Less than $30,000","$100,000 or more",0.22760973912283822,Q3,inferred,,Inferred from occupation,"$100,000 or more",high,low,0.729366881411043,0.6515543155184421,0.07781256589260088
COMMYRS_W32,socioeco,"Less than $30,000","$100,000 or more",0.21699426688606432,Q3,inferred,,Inferred from occupation,"$100,000 or more",high,low,0.6434739030793115,0.5970189921997601,0.04645491087955145
ETHNCMAJ_W32,socioeco,"Less than $30,000","$100,000 or more",0.038640262149933116,Q1,inferred,,Inferred from occupation,"$100,000 or more",high,low,0.081287924239479,0.09197270603769239,-0.010684781798213389
GAYMARR2_W32,socioeco,"Less than $30,000","$100,000 or more",0.3238905899999999,Q4,inferred,,Inferred from occupation,"$100,000 or more",high,low,1.193794917437629,1.429346821745318,-0.23555190430768902
HARASS2F1_W32,socioeco,"Less than $30,000","$100,000 or more",0.0815416,Q2,inferred,,Inferred from occupation,"$100,000 or more",high,low,0.10848119660095976,0.15284916776137597,-0.044367971160416214
IMMIMPACT_W32,socioeco,"Less than $30,000","$100,000 or more",0.05774296790852182,Q1,inferred,,Inferred from occupation,"$100,000 or more",high,low,0.23112125721614976,0.22155442595814823,0.009566831258001535
MOVERURAL_W32,socioeco,"Less than $30,000","$100,000 or more",0.1465538524443859,Q2,inferred,,Inferred from occupation,"$100,000 or more",high,low,0.5561841369550345,0.4291273639768053,0.12705677297822926
MOVESUBURB_W32,socioeco,"Less than $30,000","$100,000 or more",0.06641782000000002,Q1,inferred,,Inferred from occupation,"$100,000 or more",high,low,0.5367650531274168,0.35362479070398584,0.183140262423431
MOVEURBAN_W32,socioeco,"Less than $30,000","$100,000 or more",0.2931767104819855,Q4,inferred,,Inferred from occupation,"$100,000 or more",high,low,0.41770216969225465,0.4228109497167463,-0.005108780024491666
NEIGHINTERA_W32,socioeco,"Less than $30,000","$100,000 or more",0.26752165294381636,Q3,inferred,,Inferred from occupation,"$100,000 or more",high,low,1.0873413315637666,0.8676595916979212,0.21968173986584538
NEIGHINTERB_W32,socioeco,"Less than $30,000","$100,000 or more",0.33371404873815536,Q4,inferred,,Inferred from occupation,"$100,000 or more",high,low,2.661690612093217,2.4246916311859263,0.23699898090729077
NEIGHKIDS_W32,socioeco,"Less than $30,000","$100,000 or more",0.10813625000000004,Q2,inferred,,Inferred from occupation,"$100,000 or more",high,low,0.19780895290201791,0.19245718604336423,0.005351766858653684
NEIGHSAMEA_W32,socioeco,"Less than $30,000","$100,000 or more",0.4140787582304698,Q4,inferred,,Inferred from occupation,"$100,000 or more",high,low,1.4564446449553967,1.4149276807104796,0.04151696424491713
SATLIFED_W32,socioeco,"Less than $30,000","$100,000 or more",0.3377017877221706,Q4,inferred,,Inferred from occupation,"$100,000 or more",high,low,0.5347676117413146,0.6075154864459912,-0.07274787470467659
SOCTRUST2_W32,socioeco,"Less than $30,000","$100,000 or more",0.26040363,Q3,inferred,,Inferred from occupation,"$100,000 or more",high,low,0.347816966748905,0.3708926642359983,-0.023075697487093316
VALUERURAL_W32,socioeco,"Less than $30,000","$100,000 or more",0.03950338999999983,Q1,inferred,,Inferred from occupation,"$100,000 or more",high,low,0.2938072760513539,0.4009487673713944,-0.10714149132004047
WHADVANT_W32,socioeco,"Less than $30,000","$100,000 or more",0.06143526999999993,Q1,inferred,,Inferred from occupation,"$100,000 or more",high,low,0.7978664501288408,0.821200170771442,-0.023333720642601197
WILLMOVE_W32,socioeco,"Less than $30,000","$100,000 or more",0.0970999205458094,Q2,inferred,,Inferred from occupation,"$100,000 or more",high,low,0.8084323907433243,0.6319559615366219,0.17647642920670237
EAT1_W34,socioeco,"Less than $30,000","$100,000 or more",0.2905723400000001,Q4,inferred,,Inferred from occupation,"$100,000 or more",high,low,0.5184496270307928,0.6268303500618639,-0.10838072303107116
EAT2_W34,socioeco,"Less than $30,000","$100,000 or more",0.44699933016499543,Q4,inferred,,Inferred from occupation,"$100,000 or more",high,low,0.8665658892836295,0.742720117417505,0.12384577186612455
EAT5B_W34,socioeco,"Less than $30,000","$100,000 or more",0.23478514999999997,Q3,inferred,,Inferred from occupation,"$100,000 or more",high,low,0.5811638827699349,0.5788096853293835,0.002354197440551431
EAT5C_W34,socioeco,"Less than $30,000","$100,000 or more",0.23599255000000008,Q3,inferred,,Inferred from occupation,"$100,000 or more",high,low,0.41840242807319583,0.4561206678747094,-0.037718239801513564
EAT5D_W34,socioeco,"Less than $30,000","$100,000 or more",0.13057742130577418,Q2,inferred,,Inferred from occupation,"$100,000 or more",high,low,0.590412927278724,0.620159852411895,-0.02974692513317101
EVOBIOA_W34,socioeco,"Less than $30,000","$100,000 or more",0.26846758000000004,Q3,inferred,,Inferred from occupation,"$100,000 or more",high,low,0.020112736416883048,0.0026798632631330754,0.017432873153749973
EVOBIOB_W34,socioeco,"Less than $30,000","$100,000 or more",0.19501971000000007,Q3,inferred,,Inferred from occupation,"$100,000 or more",high,low,0.162802334,0.17220235449613874,-0.00940002049613875
EVOPERS3_W34,socioeco,"Less than $30,000","$100,000 or more",0.2571466242575404,Q3,inferred,,Inferred from occupation,"$100,000 or more",high,low,0.4227877690574768,0.4176012601760127,0.0051865088814641025
EVOTHREE_W34,socioeco,"Less than $30,000","$100,000 or more",0.10935358000000006,Q2,inferred,,Inferred from occupation,"$100,000 or more",high,low,0.28152967311870714,0.2909917263350541,-0.009462053216346966
FUD22_W34,socioeco,"Less than $30,000","$100,000 or more",0.34368985631189586,Q4,inferred,,Inferred from occupation,"$100,000 or more",high,low,0.9813608731939863,0.8700855218282495,0.11127535136573685
FUD24_W34,socioeco,"Less than $30,000","$100,000 or more",0.04042640000000006,Q1,inferred,,Inferred from occupation,"$100,000 or more",high,low,0.06212249986134247,0.021828546811425736,0.04029395304991673
FUD33B_W34,socioeco,"Less than $30,000","$100,000 or more",0.05287582714442343,Q1,inferred,,Inferred from occupation,"$100,000 or more",high,low,0.32174617765068103,0.30501054552258455,0.016735632128096478
FUD35_W34,socioeco,"Less than $30,000","$100,000 or more",0.15381768163429804,Q3,inferred,,Inferred from occupation,"$100,000 or more",high,low,0.5605569976055699,0.6517439977849466,-0.09118700017937675
FUD37A_W34,socioeco,"Less than $30,000","$100,000 or more",0.25792945999999994,Q3,inferred,,Inferred from occupation,"$100,000 or more",high,low,0.7325688065040393,0.6243655452252372,0.10820326127880209
FUD37B_W34,socioeco,"Less than $30,000","$100,000 or more",0.4693113007319356,Q4,inferred,,Inferred from occupation,"$100,000 or more",high,low,0.44535046758487484,0.5319765280050573,-0.0866260604201825
FUD37C_W34,socioeco,"Less than $30,000","$100,000 or more",0.2824339483899866,Q4,inferred,,Inferred from occupation,"$100,000 or more",high,low,0.9736972987262886,0.9329374698011882,0.04075982892510044
BETTERBIZ1F2D_W36,socioeco,"Less than $30,000","$100,000 or more",0.060416266406510544,Q1,inferred,,Inferred from occupation,"$100,000 or more",high,low,0.16301468709376327,0.06588022983202206,0.0971344572617412
BETTERBIZ1F2E_W36,socioeco,"Less than $30,000","$100,000 or more",0.08989537499999997,Q2,inferred,,Inferred from occupation,"$100,000 or more",high,low,0.10925473347615103,0.15140496906625434,-0.04215023559010331
BETTERBIZ1F2H_W36,socioeco,"Less than $30,000","$100,000 or more",0.05310815791955001,Q1,inferred,,Inferred from occupation,"$100,000 or more",high,low,0.1309334511434811,0.06800999399999996,0.06292345714348113
BETTERBIZ2F2C_W36,socioeco,"Less than $30,000","$100,000 or more",0.08396168499999998,Q2,inferred,,Inferred from occupation,"$100,000 or more",high,low,0.06564200469820333,0.04147636562515871,0.02416563907304462
BETTERBIZ2F2E_W36,socioeco,"Less than $30,000","$100,000 or more",0.05405074500000004,Q1,inferred,,Inferred from occupation,"$100,000 or more",high,low,0.06096838814241965,0.06519998399999993,-0.004231595857580282
BETTERBIZ2F2F_W36,socioeco,"Less than $30,000","$100,000 or more",0.04324040000000004,Q1,inferred,,Inferred from occupation,"$100,000 or more",high,low,0.15936073286080518,0.16260503612621763,-0.003244303265412446
BETTERPOL1F1B_W36,socioeco,"Less than $30,000","$100,000 or more",0.0669808,Q1,inferred,,Inferred from occupation,"$100,000 or more",high,low,0.3508220494565719,0.33738609375388295,0.013435955702688962
BETTERPOL1F1E_W36,socioeco,"Less than $30,000","$100,000 or more",0.03602598000000001,Q1,inferred,,Inferred from occupation,"$100,000 or more",high,low,0.11919771582028921,0.12928468720904418,-0.010086971388754973
BETTERPOL1F1I_W36,socioeco,"Less than $30,000","$100,000 or more",0.028985945000000016,Q1,inferred,,Inferred from occupation,"$100,000 or more",high,low,0.25257416706839564,0.2643460260503375,-0.011771858981941885
BETTERPOL2F1A_W36,socioeco,"Less than $30,000","$100,000 or more",0.07717558006833744,Q1,inferred,,Inferred from occupation,"$100,000 or more",high,low,0.06523628936408268,0.04653366363941949,0.01870262572466319
BETTERPOL2F1C_W36,socioeco,"Less than $30,000","$100,000 or more",0.03780051999999997,Q1,inferred,,Inferred from occupation,"$100,000 or more",high,low,0.09568199762332222,0.08824969767613819,0.007432299947184029
BETTERPOL2F1D_W36,socioeco,"Less than $30,000","$100,000 or more",0.041779992802059296,Q1,inferred,,Inferred from occupation,"$100,000 or more",high,low,0.08322545038645877,0.0954827411262683,-0.012257290739809523
BETTERPOL2F1F_W36,socioeco,"Less than $30,000","$100,000 or more",0.08465948915340514,Q2,inferred,,Inferred from occupation,"$100,000 or more",high,low,0.08608639625655352,0.11603649421110901,-0.029950097954555485
E5_W36,socioeco,"Less than $30,000","$100,000 or more",0.43779327999999995,Q4,inferred,,Inferred from occupation,"$100,000 or more",high,low,0.1531697830159039,0.11606020510648918,0.037109577909414715
ESSENBIZF2E_W36,socioeco,"Less than $30,000","$100,000 or more",0.08600579510109135,Q2,inferred,,Inferred from occupation,"$100,000 or more",high,low,0.5899315421123592,0.49432471902518393,0.09560682308717527
ESSENBIZF2J_W36,socioeco,"Less than $30,000","$100,000 or more",0.25163483000000003,Q3,inferred,,Inferred from occupation,"$100,000 or more",high,low,0.6404852875797549,0.46049160809017325,0.17999367948958162
ESSENPOLF1A_W36,socioeco,"Less than $30,000","$100,000 or more",0.17553441000000014,Q3,inferred,,Inferred from occupation,"$100,000 or more",high,low,0.5660245459999999,0.3714541826085763,0.19457036339142353
ESSENPOLF1B_W36,socioeco,"Less than $30,000","$100,000 or more",0.12017668660826397,Q2,inferred,,Inferred from occupation,"$100,000 or more",high,low,0.3266359805831889,0.33091173045955047,-0.00427574987636159
ESSENPOLF1D_W36,socioeco,"Less than $30,000","$100,000 or more",0.19153513,Q3,inferred,,Inferred from occupation,"$100,000 or more",high,low,0.387434710197897,0.24800358664029998,0.13943112355759701
ESSENPOLF1G_W36,socioeco,"Less than $30,000","$100,000 or more",0.10835326000000006,Q2,inferred,,Inferred from occupation,"$100,000 or more",high,low,0.468366956197936,0.47318218616351204,-0.00481522996557604
ESSENPOLF1H_W36,socioeco,"Less than $30,000","$100,000 or more",0.11607464,Q2,inferred,,Inferred from occupation,"$100,000 or more",high,low,0.3509498509972614,0.3251724261452593,0.025777424852002073
HIGHEDWRNGB_W36,socioeco,"Less than $30,000","$100,000 or more",0.17157769,Q3,inferred,,Inferred from occupation,"$100,000 or more",high,low,0.5941442153137999,0.6681781414007357,-0.07403392608693582
HIGHEDWRNGC_W36,socioeco,"Less than $30,000","$100,000 or more",0.12339997769159922,Q2,inferred,,Inferred from occupation,"$100,000 or more",high,low,0.8591995321276932,0.9168155189123501,-0.05761598678465696
IMPROVE1_W36,socioeco,"Less than $30,000","$100,000 or more",0.09980065010687394,Q2,inferred,,Inferred from occupation,"$100,000 or more",high,low,0.35971887373743766,0.45855682267629333,-0.09883794893885567
IMPROVE2_W36,socioeco,"Less than $30,000","$100,000 or more",0.10635122999999996,Q2,inferred,,Inferred from occupation,"$100,000 or more",high,low,0.9167127744636342,1.074351430090202,-0.15763865562656776
IMPROVE3_W36,socioeco,"Less than $30,000","$100,000 or more",0.18035068816536826,Q3,inferred,,Inferred from occupation,"$100,000 or more",high,low,0.2897690763330982,0.30384629735309937,-0.014077221020001196
MOREWMN1F2_W36,socioeco,"Less than $30,000","$100,000 or more",0.05489848676972742,Q1,inferred,,Inferred from occupation,"$100,000 or more",high,low,0.19389141508775032,0.24802267336976405,-0.05413125828201373
POLCHF1_W36,socioeco,"Less than $30,000","$100,000 or more",0.33681012209874145,Q4,inferred,,Inferred from occupation,"$100,000 or more",high,low,1.2001125566931434,1.167388656207044,0.03272390048609952
TRAITBIZMF2C_W36,socioeco,"Less than $30,000","$100,000 or more",0.17467239999999995,Q3,inferred,,Inferred from occupation,"$100,000 or more",high,low,0.3215519474852964,0.2915542350093766,0.029997712475919813
TRAITBIZMF2D_W36,socioeco,"Less than $30,000","$100,000 or more",0.04222981789778302,Q1,inferred,,Inferred from occupation,"$100,000 or more",high,low,0.21187445098843696,0.21725869105809675,-0.00538424006965979
TRAITBIZMF2E_W36,socioeco,"Less than $30,000","$100,000 or more",0.15584198499999996,Q3,inferred,,Inferred from occupation,"$100,000 or more",high,low,0.3888996716410133,0.3877695023104572,0.0011301693305560967
TRAITBIZMF2G_W36,socioeco,"Less than $30,000","$100,000 or more",0.14133624000000006,Q2,inferred,,Inferred from occupation,"$100,000 or more",high,low,0.26996814306612227,0.2991179675040565,-0.029149824437934235
TRAITBIZWF2C_W36,socioeco,"Less than $30,000","$100,000 or more",0.006861050000000035,Q1,inferred,,Inferred from occupation,"$100,000 or more",high,low,0.2947134169418942,0.29840852355742364,-0.0036951066155294643
TRAITBIZWF2D_W36,socioeco,"Less than $30,000","$100,000 or more",0.03232807747852845,Q1,inferred,,Inferred from occupation,"$100,000 or more",high,low,0.2510010017674317,0.22815957346677634,0.02284142830065533
TRAITBIZWF2E_W36,socioeco,"Less than $30,000","$100,000 or more",0.05521484500000001,Q1,inferred,,Inferred from occupation,"$100,000 or more",high,low,0.3352262384993564,0.32182982505598684,0.01339641344336956
TRAITBIZWF2G_W36,socioeco,"Less than $30,000","$100,000 or more",0.0641386370625644,Q1,inferred,,Inferred from occupation,"$100,000 or more",high,low,0.35117216526840167,0.35650840703022363,-0.005336241761821958
TRAITPOLMF1B_W36,socioeco,"Less than $30,000","$100,000 or more",0.03486093715110275,Q1,inferred,,Inferred from occupation,"$100,000 or more",high,low,0.12395679000000004,0.14496654620345414,-0.021009756203454105
TRAITPOLMF1C_W36,socioeco,"Less than $30,000","$100,000 or more",0.08835160088351607,Q2,inferred,,Inferred from occupation,"$100,000 or more",high,low,0.19456275358169933,0.17948575612645734,0.015076997455241992
TRAITPOLMF1D_W36,socioeco,"Less than $30,000","$100,000 or more",0.06467493000000007,Q1,inferred,,Inferred from occupation,"$100,000 or more",high,low,0.19226898537154846,0.2491312139974933,-0.05686222862594484
TRAITPOLMF1E_W36,socioeco,"Less than $30,000","$100,000 or more",0.15845353999999995,Q3,inferred,,Inferred from occupation,"$100,000 or more",high,low,0.3433632985281089,0.3941701012326809,-0.05080680270457205
TRAITPOLMF1F_W36,socioeco,"Less than $30,000","$100,000 or more",0.10437653499999998,Q2,inferred,,Inferred from occupation,"$100,000 or more",high,low,0.2466016157203863,0.2703158415183749,-0.023714225797988597
TRAITPOLMF1G_W36,socioeco,"Less than $30,000","$100,000 or more",0.14227596,Q2,inferred,,Inferred from occupation,"$100,000 or more",high,low,0.26919643323366577,0.28810279394824206,-0.018906360714576298
TRAITPOLWF1A_W36,socioeco,"Less than $30,000","$100,000 or more",0.03738843889101667,Q1,inferred,,Inferred from occupation,"$100,000 or more",high,low,0.2778055551169389,0.2817603321112568,-0.003954776994317899
TRAITPOLWF1C_W36,socioeco,"Less than $30,000","$100,000 or more",0.073827496694504,Q1,inferred,,Inferred from occupation,"$100,000 or more",high,low,0.22570676760008768,0.2085776537073725,0.01712911389271518
TRAITPOLWF1D_W36,socioeco,"Less than $30,000","$100,000 or more",0.1169522799999998,Q2,inferred,,Inferred from occupation,"$100,000 or more",high,low,0.30271972490805044,0.3398928526937901,-0.03717312778573967
TRAITPOLWF1E_W36,socioeco,"Less than $30,000","$100,000 or more",0.05679156341485314,Q1,inferred,,Inferred from occupation,"$100,000 or more",high,low,0.27738005927461906,0.2809552764078593,-0.003575217133240216
TRAITPOLWF1F_W36,socioeco,"Less than $30,000","$100,000 or more",0.08023431999999996,Q2,inferred,,Inferred from occupation,"$100,000 or more",high,low,0.2771798128277451,0.2653928705457741,0.011786942281971025
TRAITPOLWF1G_W36,socioeco,"Less than $30,000","$100,000 or more",0.07974930500000005,Q1,inferred,,Inferred from occupation,"$100,000 or more",high,low,0.29996798901782606,0.3027196200492915,-0.002751631031465418
WHYNOTBIZF2A_W36,socioeco,"Less than $30,000","$100,000 or more",0.16403282000000002,Q3,inferred,,Inferred from occupation,"$100,000 or more",high,low,0.806174654,0.9173816161792007,-0.11120696217920067
WHYNOTBIZF2B_W36,socioeco,"Less than $30,000","$100,000 or more",0.1753956300000003,Q3,inferred,,Inferred from occupation,"$100,000 or more",high,low,0.7323633420870628,0.8519161868236632,-0.11955284473660044
WHYNOTBIZF2D_W36,socioeco,"Less than $30,000","$100,000 or more",0.32564688999999997,Q4,inferred,,Inferred from occupation,"$100,000 or more",high,low,0.055020972784214,0.05928198046566008,-0.004261007681446077
WHYNOTBIZF2F_W36,socioeco,"Less than $30,000","$100,000 or more",0.31540334999999997,Q4,inferred,,Inferred from occupation,"$100,000 or more",high,low,0.09943569399999996,0.08451787173560385,0.014917822264396113
WHYNOTBIZF2G_W36,socioeco,"Less than $30,000","$100,000 or more",0.09305027000000005,Q2,inferred,,Inferred from occupation,"$100,000 or more",high,low,0.4934497567796262,0.5714182264947569,-0.07796846971513072
WHYNOTBIZF2H_W36,socioeco,"Less than $30,000","$100,000 or more",0.15971493819618432,Q3,inferred,,Inferred from occupation,"$100,000 or more",high,low,0.8701792541027574,0.9672038515829195,-0.09702459748016212
WHYNOTBIZF2J_W36,socioeco,"Less than $30,000","$100,000 or more",0.10906475314045672,Q2,inferred,,Inferred from occupation,"$100,000 or more",high,low,0.4469203539604198,0.48906089648589623,-0.04214054252547644
WHYNOTBIZF2M_W36,socioeco,"Less than $30,000","$100,000 or more",0.0641884684345618,Q1,inferred,,Inferred from occupation,"$100,000 or more",high,low,0.21823635781411937,0.3180364049213151,-0.0998000471071957
WHYNOTBIZF2N_W36,socioeco,"Less than $30,000","$100,000 or more",0.07826967000000007,Q1,inferred,,Inferred from occupation,"$100,000 or more",high,low,0.5834172761422007,0.6335822774742389,-0.05016500133203816
WHYNOTBIZF2O_W36,socioeco,"Less than $30,000","$100,000 or more",0.32429057970993735,Q4,inferred,,Inferred from occupation,"$100,000 or more",high,low,0.795859220351886,0.8079205307526909,-0.012061310400804826
WHYNOTPOLF1A_W36,socioeco,"Less than $30,000","$100,000 or more",0.13127911703192385,Q2,inferred,,Inferred from occupation,"$100,000 or more",high,low,0.9235849760644517,0.935681335564279,-0.012096359499827347
WHYNOTPOLF1B_W36,socioeco,"Less than $30,000","$100,000 or more",0.12654594336433234,Q2,inferred,,Inferred from occupation,"$100,000 or more",high,low,0.3517169688365934,0.5187265093525018,-0.16700954051590833
WHYNOTPOLF1C_W36,socioeco,"Less than $30,000","$100,000 or more",0.08795852087958528,Q2,inferred,,Inferred from occupation,"$100,000 or more",high,low,0.36190834058006693,0.35064362158400275,0.011264718996064182
WHYNOTPOLF1E_W36,socioeco,"Less than $30,000","$100,000 or more",0.18168728000000003,Q3,inferred,,Inferred from occupation,"$100,000 or more",high,low,0.28343665567988163,0.2979880282167974,-0.014551372536915741
WHYNOTPOLF1G_W36,socioeco,"Less than $30,000","$100,000 or more",0.10812466999999992,Q2,inferred,,Inferred from occupation,"$100,000 or more",high,low,0.2531323273501538,0.4286426067903535,-0.1755102794401997
WHYNOTPOLF1I_W36,socioeco,"Less than $30,000","$100,000 or more",0.08918990999432103,Q2,inferred,,Inferred from occupation,"$100,000 or more",high,low,0.42112134672317647,0.509586702102547,-0.0884653553793705
WHYNOTPOLF1J_W36,socioeco,"Less than $30,000","$100,000 or more",0.08962361281277054,Q2,inferred,,Inferred from occupation,"$100,000 or more",high,low,0.7213077145728933,0.8026799118555766,-0.0813721972826833
WHYNOTPOLF1K_W36,socioeco,"Less than $30,000","$100,000 or more",0.12111610999999997,Q2,inferred,,Inferred from occupation,"$100,000 or more",high,low,0.3143602063567521,0.3350347742151643,-0.020674567858412207
WHYNOTPOLF1L_W36,socioeco,"Less than $30,000","$100,000 or more",0.289409463038319,Q4,inferred,,Inferred from occupation,"$100,000 or more",high,low,0.886590863323621,0.8706090008227161,0.015981862500904942
WMNPRZ1_W36,socioeco,"Less than $30,000","$100,000 or more",0.15105601000000024,Q3,inferred,,Inferred from occupation,"$100,000 or more",high,low,1.5804834370116194,1.6247616521605632,-0.04427821514894381
AUTOLKLY_W41,socioeco,"Less than $30,000","$100,000 or more",0.5842882443009798,Q4,inferred,,Inferred from occupation,"$100,000 or more",high,low,0.2557949915980653,0.19892149456342992,0.05687349703463537
AUTOWKPLC_W41,socioeco,"Less than $30,000","$100,000 or more",0.06051081500000005,Q1,inferred,,Inferred from occupation,"$100,000 or more",high,low,0.3320819390842977,0.30994235847230567,0.022139580611992005
ETHNCMAJMOD_W41,socioeco,"Less than $30,000","$100,000 or more",0.09486651999999979,Q2,inferred,,Inferred from occupation,"$100,000 or more",high,low,1.310470017792214,1.2552289371946077,0.05524108059760624
FTRWORRYc_W41,socioeco,"Less than $30,000","$100,000 or more",0.18645142442448914,Q3,inferred,,Inferred from occupation,"$100,000 or more",high,low,0.5272611482792846,0.6951361509473235,-0.1678750026680389
FTRWORRYe_W41,socioeco,"Less than $30,000","$100,000 or more",0.05497590000000002,Q1,inferred,,Inferred from occupation,"$100,000 or more",high,low,0.45845129351985886,0.7814457485279211,-0.3229944550080623
FTRWORRYf_W41,socioeco,"Less than $30,000","$100,000 or more",0.1031985889680142,Q2,inferred,,Inferred from occupation,"$100,000 or more",high,low,0.4498391388164591,0.38880184789979444,0.061037290916664655
FUTRCLASSb_W41,socioeco,"Less than $30,000","$100,000 or more",0.08692977586929768,Q2,inferred,,Inferred from occupation,"$100,000 or more",high,low,0.47347584927484954,0.521146126433632,-0.04767027715878247
FUTRCLASSc_W41,socioeco,"Less than $30,000","$100,000 or more",0.10139810500000002,Q2,inferred,,Inferred from occupation,"$100,000 or more",high,low,0.06178290994640839,0.07246358235302691,-0.010680672406618519
FUTR_DIV_W41,socioeco,"Less than $30,000","$100,000 or more",0.05734758264673562,Q1,inferred,,Inferred from occupation,"$100,000 or more",high,low,0.19163196386856202,0.17514881553127676,0.01648314833728526
GOVPRIOb_W41,socioeco,"Less than $30,000","$100,000 or more",0.14078296472799579,Q2,inferred,,Inferred from occupation,"$100,000 or more",high,low,0.8684570153118537,1.2449758150444898,-0.37651879973263613
GOVPRIOc_W41,socioeco,"Less than $30,000","$100,000 or more",0.18958046000000006,Q3,inferred,,Inferred from occupation,"$100,000 or more",high,low,0.75979282010466,0.9843995254188094,-0.2246067053141494
GOVPRIOe_W41,socioeco,"Less than $30,000","$100,000 or more",0.2709841300000001,Q3,inferred,,Inferred from occupation,"$100,000 or more",high,low,0.7625043285552972,1.0221339516413044,-0.25962962308600723
GOVPRIOfF1_W41,socioeco,"Less than $30,000","$100,000 or more",0.1391118740833656,Q2,inferred,,Inferred from occupation,"$100,000 or more",high,low,0.4236678039889683,0.5718135685554335,-0.14814576456646522
GOVPRIOgF1_W41,socioeco,"Less than $30,000","$100,000 or more",0.1644235688285774,Q3,inferred,,Inferred from occupation,"$100,000 or more",high,low,0.7611909547696212,0.8368016984734697,-0.07561074370384857
GOVPRIOhF1_W41,socioeco,"Less than $30,000","$100,000 or more",0.26349138898927715,Q3,inferred,,Inferred from occupation,"$100,000 or more",high,low,0.19741541257546258,0.2764197853886652,-0.0790043728132026
GOVPRIOiF1_W41,socioeco,"Less than $30,000","$100,000 or more",0.08828057804737804,Q2,inferred,,Inferred from occupation,"$100,000 or more",high,low,0.6484476949336488,0.8353534471710294,-0.1869057522373806
GOVPRIOjF1_W41,socioeco,"Less than $30,000","$100,000 or more",0.5382907780860551,Q4,inferred,,Inferred from occupation,"$100,000 or more",high,low,0.34985853435494546,0.6405067395465114,-0.2906482051915659
GOVPRIOkF2_W41,socioeco,"Less than $30,000","$100,000 or more",0.21375711469481518,Q3,inferred,,Inferred from occupation,"$100,000 or more",high,low,0.43530717612888026,0.5442084821095536,-0.10890130598067338
GOVPRIOlF2_W41,socioeco,"Less than $30,000","$100,000 or more",0.28427799930181963,Q4,inferred,,Inferred from occupation,"$100,000 or more",high,low,0.7901157807416204,0.8516155921232396,-0.061499811381619196
GOVPRIOmF2_W41,socioeco,"Less than $30,000","$100,000 or more",0.3448381599999998,Q4,inferred,,Inferred from occupation,"$100,000 or more",high,low,0.5143862353510931,0.866713991684859,-0.3523277563337659
GOVPRIOnF2_W41,socioeco,"Less than $30,000","$100,000 or more",0.6101931700000001,Q4,inferred,,Inferred from occupation,"$100,000 or more",high,low,0.7203098840910453,0.35294045138429125,0.3673694327067541
GOVPRIOoF2_W41,socioeco,"Less than $30,000","$100,000 or more",0.1787665199999997,Q3,inferred,,Inferred from occupation,"$100,000 or more",high,low,0.7480368901536748,1.1026055869091462,-0.3545686967554714
HAPPEN2b_W41,socioeco,"Less than $30,000","$100,000 or more",0.1571397521693849,Q3,inferred,,Inferred from occupation,"$100,000 or more",high,low,0.3959026656360738,0.4177613193564997,-0.02185865372042589
HAPPEN2f_W41,socioeco,"Less than $30,000","$100,000 or more",0.18965791454000708,Q3,inferred,,Inferred from occupation,"$100,000 or more",high,low,1.1591042372073983,0.9441427562254084,0.21496148098198986
HARASS1F1b_W41,socioeco,"Less than $30,000","$100,000 or more",0.41214423000000006,Q4,inferred,,Inferred from occupation,"$100,000 or more",high,low,0.48487056967367487,0.5040329476748717,-0.019162378001196856
HARASS1F1d_W41,socioeco,"Less than $30,000","$100,000 or more",0.07343752000000014,Q1,inferred,,Inferred from occupation,"$100,000 or more",high,low,0.9611750953925488,0.9128929703177586,0.04828212507479013
HARASS1NOWRKF2d_W41,socioeco,"Less than $30,000","$100,000 or more",0.09776517490438641,Q2,inferred,,Inferred from occupation,"$100,000 or more",high,low,0.3040143806290496,0.38986819868640843,-0.08585381805735881
HARASS3NOWRKF2_W41,socioeco,"Less than $30,000","$100,000 or more",0.061170640000000026,Q1,inferred,,Inferred from occupation,"$100,000 or more",high,low,0.215315195,0.21959995024849882,-0.004284755248498834
INTRMAR_W41,socioeco,"Less than $30,000","$100,000 or more",0.23990956739909547,Q3,inferred,,Inferred from occupation,"$100,000 or more",high,low,1.179769850039857,1.4538271669776521,-0.2740573169377951
LEGALIMG_W41,socioeco,"Less than $30,000","$100,000 or more",0.203597909731849,Q3,inferred,,Inferred from occupation,"$100,000 or more",high,low,0.4544757293443763,0.7146355738106707,-0.26015984446629437
SOLVPROBa_W41,socioeco,"Less than $30,000","$100,000 or more",0.2650896300000004,Q3,inferred,,Inferred from occupation,"$100,000 or more",high,low,0.30034073780559134,0.40050648199999983,-0.10016574419440849
SOLVPROBb_W41,socioeco,"Less than $30,000","$100,000 or more",0.1616020431156558,Q3,inferred,,Inferred from occupation,"$100,000 or more",high,low,0.49995272018351355,0.43669528311565575,0.0632574370678578
SOLVPROBc_W41,socioeco,"Less than $30,000","$100,000 or more",0.30557677,Q4,inferred,,Inferred from occupation,"$100,000 or more",high,low,0.5694522470079848,0.8819932959999999,-0.31254104899201507
SOLVPROBdF1_W41,socioeco,"Less than $30,000","$100,000 or more",0.15146541879777844,Q3,inferred,,Inferred from occupation,"$100,000 or more",high,low,0.358566328,0.5257153709516669,-0.16714904295166688
SOLVPROBf_W41,socioeco,"Less than $30,000","$100,000 or more",0.13619409999999993,Q2,inferred,,Inferred from occupation,"$100,000 or more",high,low,0.7703663229673299,0.43104844883261006,0.3393178741347198
SOLVPROBg_W41,socioeco,"Less than $30,000","$100,000 or more",0.20337971899366186,Q3,inferred,,Inferred from occupation,"$100,000 or more",high,low,0.7662041069703179,1.229451968982894,-0.46324786201257606
SOLVPROBh_W41,socioeco,"Less than $30,000","$100,000 or more",0.09918693000000045,Q2,inferred,,Inferred from occupation,"$100,000 or more",high,low,0.346742027364295,0.45287839685376174,-0.10613636948946675
CONFb_W42,socioeco,"Less than $30,000","$100,000 or more",0.060597954437416765,Q1,inferred,,Inferred from occupation,"$100,000 or more",high,low,0.3859720369462098,0.525412573756336,-0.1394405368101262
CONFc_W42,socioeco,"Less than $30,000","$100,000 or more",0.10298426148798856,Q2,inferred,,Inferred from occupation,"$100,000 or more",high,low,0.6057219948083075,1.0211098221250499,-0.4153878273167424
CONFe_W42,socioeco,"Less than $30,000","$100,000 or more",0.05187860830558169,Q1,inferred,,Inferred from occupation,"$100,000 or more",high,low,0.5456244972616414,0.7517007077790872,-0.20607621051744573
CONFg_W42,socioeco,"Less than $30,000","$100,000 or more",0.07518952000000004,Q1,inferred,,Inferred from occupation,"$100,000 or more",high,low,0.5634532614127203,0.7189959085260553,-0.155542647113335
PQ4_F2Aa_W42,socioeco,"Less than $30,000","$100,000 or more",0.40456271000000044,Q4,inferred,,Inferred from occupation,"$100,000 or more",high,low,1.3466194272129017,1.6140385807735413,-0.2674191535606396
PQ4_F2Ac_W42,socioeco,"Less than $30,000","$100,000 or more",0.13593567253236777,Q2,inferred,,Inferred from occupation,"$100,000 or more",high,low,0.6072857508041476,0.6788173130512821,-0.07153156224713453
PQ4_F2Ae_W42,socioeco,"Less than $30,000","$100,000 or more",0.4971038122358365,Q4,inferred,,Inferred from occupation,"$100,000 or more",high,low,0.8476618800000002,0.9615064050042225,-0.11384452500422226
PQ4_F2Bb_W42,socioeco,"Less than $30,000","$100,000 or more",0.1528595688454194,Q3,inferred,,Inferred from occupation,"$100,000 or more",high,low,0.7886534447152985,1.3141834603488312,-0.5255300156335326
PQ4_F2Bc_W42,socioeco,"Less than $30,000","$100,000 or more",0.04909673566685244,Q1,inferred,,Inferred from occupation,"$100,000 or more",high,low,0.5778271369577749,0.620119883798801,-0.04229274684102613
PQ4_F2Bd_W42,socioeco,"Less than $30,000","$100,000 or more",0.12121293502201327,Q2,inferred,,Inferred from occupation,"$100,000 or more",high,low,0.6122194799218313,0.8429700637927757,-0.23075058387094438
PQ4_F2Cc_W42,socioeco,"Less than $30,000","$100,000 or more",0.10313365608586739,Q2,inferred,,Inferred from occupation,"$100,000 or more",high,low,0.48023335979961007,0.6191864005100952,-0.13895304071048514
PQ8_F2B_W42,socioeco,"Less than $30,000","$100,000 or more",0.3222527069527823,Q4,inferred,,Inferred from occupation,"$100,000 or more",high,low,0.3411497771933023,0.6463732369460775,-0.3052234597527752
RQ1_F1B_W42,socioeco,"Less than $30,000","$100,000 or more",0.08562608,Q2,inferred,,Inferred from occupation,"$100,000 or more",high,low,0.14913250463663325,0.17583174401057103,-0.026699239373937783
RQ1_F1C_W42,socioeco,"Less than $30,000","$100,000 or more",0.008140855000000002,Q1,inferred,,Inferred from occupation,"$100,000 or more",high,low,0.09892831839567315,0.14728551102855872,-0.04835719263288557
RQ2_F1A_W42,socioeco,"Less than $30,000","$100,000 or more",0.23334321000000005,Q3,inferred,,Inferred from occupation,"$100,000 or more",high,low,0.3757611903931522,0.41442562200027383,-0.03866443160712163
RQ4_F1Ab_W42,socioeco,"Less than $30,000","$100,000 or more",0.33360953002000115,Q4,inferred,,Inferred from occupation,"$100,000 or more",high,low,1.0953489609450422,1.3706378365169214,-0.2752888755718792
RQ4_F1Ae_W42,socioeco,"Less than $30,000","$100,000 or more",0.30514430715714946,Q4,inferred,,Inferred from occupation,"$100,000 or more",high,low,0.7359013794797777,0.9528668258544575,-0.21696544637467974
RQ4_F1Ba_W42,socioeco,"Less than $30,000","$100,000 or more",0.19122297000000016,Q3,inferred,,Inferred from occupation,"$100,000 or more",high,low,0.8454152425587671,1.339500243964888,-0.4940850014061209
RQ4_F1Bc_W42,socioeco,"Less than $30,000","$100,000 or more",0.08793977999999963,Q2,inferred,,Inferred from occupation,"$100,000 or more",high,low,0.6526033720321868,0.5719680000000003,0.08063537203218651
RQ4_F1Bd_W42,socioeco,"Less than $30,000","$100,000 or more",0.04225304397369292,Q1,inferred,,Inferred from occupation,"$100,000 or more",high,low,0.5417130827749111,0.7014607763788296,-0.1597476936039185
RQ4_F1Be_W42,socioeco,"Less than $30,000","$100,000 or more",0.23054055000000034,Q3,inferred,,Inferred from occupation,"$100,000 or more",high,low,0.42404499799999984,0.6845981235943376,-0.26055312559433774
RQ4_F1Ca_W42,socioeco,"Less than $30,000","$100,000 or more",0.1086990500000003,Q2,inferred,,Inferred from occupation,"$100,000 or more",high,low,0.6604428641351581,1.0698390737218304,-0.40939620958667233
RQ4_F1Cb_W42,socioeco,"Less than $30,000","$100,000 or more",0.14329165999999965,Q2,inferred,,Inferred from occupation,"$100,000 or more",high,low,0.6696297390838073,0.9933388879366346,-0.3237091488528273
RQ4_F1Cd_W42,socioeco,"Less than $30,000","$100,000 or more",0.09901093999999998,Q2,inferred,,Inferred from occupation,"$100,000 or more",high,low,0.4540786374238937,0.5875632111434304,-0.13348457371953665
RQ5_F1B_W42,socioeco,"Less than $30,000","$100,000 or more",0.28950205,Q4,inferred,,Inferred from occupation,"$100,000 or more",high,low,0.4975754741511499,0.6266604599363522,-0.12908498578520233
RQ5_F1C_W42,socioeco,"Less than $30,000","$100,000 or more",0.25161639,Q3,inferred,,Inferred from occupation,"$100,000 or more",high,low,0.5416973746411038,0.6811216493190028,-0.13942427467789897
IDIMPORT_W43,socioeco,"Less than $30,000","$100,000 or more",0.2893016100000001,Q4,inferred,,Inferred from occupation,"$100,000 or more",high,low,0.5578902024570283,0.5832727346874833,-0.025382532230455057
RACESURV13_W43,socioeco,"Less than $30,000","$100,000 or more",0.16516058921642549,Q3,inferred,,Inferred from occupation,"$100,000 or more",high,low,1.057395037858901,1.090528832567516,-0.033133794708614994
RACESURV14_W43,socioeco,"Less than $30,000","$100,000 or more",0.060358142281710436,Q1,inferred,,Inferred from occupation,"$100,000 or more",high,low,0.2149147548436029,0.23152634106917785,-0.01661158622557496
RACESURV15a_W43,socioeco,"Less than $30,000","$100,000 or more",0.050919237756242186,Q1,inferred,,Inferred from occupation,"$100,000 or more",high,low,0.3478658733411586,0.3213423609895978,0.026523512351560807
RACESURV15b_W43,socioeco,"Less than $30,000","$100,000 or more",0.11308514999999994,Q2,inferred,,Inferred from occupation,"$100,000 or more",high,low,0.2379322294995095,0.24344563767109548,-0.005513408171585965
RACESURV17_W43,socioeco,"Less than $30,000","$100,000 or more",0.04996936000000002,Q1,inferred,,Inferred from occupation,"$100,000 or more",high,low,0.26893232167315806,0.2533590698907907,0.015573251782367348
RACESURV18b_W43,socioeco,"Less than $30,000","$100,000 or more",0.14870248223682492,Q3,inferred,,Inferred from occupation,"$100,000 or more",high,low,1.044209769395346,0.9830848014285765,0.06112496796676958
RACESURV18f_W43,socioeco,"Less than $30,000","$100,000 or more",0.07342945073429451,Q1,inferred,,Inferred from occupation,"$100,000 or more",high,low,0.8929982053060015,0.9013646122214976,-0.00836640691549606
RACESURV19a_W43,socioeco,"Less than $30,000","$100,000 or more",0.04582994312043631,Q1,inferred,,Inferred from occupation,"$100,000 or more",high,low,0.7394660503777143,0.7758513187732955,-0.036385268395581205
RACESURV19c_W43,socioeco,"Less than $30,000","$100,000 or more",0.1629405699999999,Q3,inferred,,Inferred from occupation,"$100,000 or more",high,low,0.7537370689231144,0.8003933169686384,-0.04665624804552393
RACESURV19e_W43,socioeco,"Less than $30,000","$100,000 or more",0.027891895958388757,Q1,inferred,,Inferred from occupation,"$100,000 or more",high,low,0.6158923723037509,0.6548196415219758,-0.03892726921822487
RACESURV1b_W43,socioeco,"Less than $30,000","$100,000 or more",0.1531344784686553,Q3,inferred,,Inferred from occupation,"$100,000 or more",high,low,0.243643005362329,0.24080360195727063,0.002839403405058366
RACESURV21_W43,socioeco,"Less than $30,000","$100,000 or more",0.3364888266351118,Q4,inferred,,Inferred from occupation,"$100,000 or more",high,low,0.18686785918808674,0.2042802832318405,-0.01741242404375376
RACESURV27_W43,socioeco,"Less than $30,000","$100,000 or more",0.11925969033530831,Q2,inferred,,Inferred from occupation,"$100,000 or more",high,low,0.5979211334062835,0.6089367763776379,-0.011015642971354378
RACESURV28a_W43,socioeco,"Less than $30,000","$100,000 or more",0.015349624999999978,Q1,inferred,,Inferred from occupation,"$100,000 or more",high,low,0.2280220608675178,0.2274023172098784,0.0006197436576393933
RACESURV28b_W43,socioeco,"Less than $30,000","$100,000 or more",0.037529884999999985,Q1,inferred,,Inferred from occupation,"$100,000 or more",high,low,0.22102317118582115,0.22185292046742888,-0.0008297492816077279
RACESURV28c_W43,socioeco,"Less than $30,000","$100,000 or more",0.03396232499999996,Q1,inferred,,Inferred from occupation,"$100,000 or more",high,low,0.21762357782387676,0.21928008697279908,-0.0016565091489223194
RACESURV28d_W43,socioeco,"Less than $30,000","$100,000 or more",0.035200420000000066,Q1,inferred,,Inferred from occupation,"$100,000 or more",high,low,0.33816875578025896,0.3414140726513868,-0.0032453168711278346
RACESURV28e_W43,socioeco,"Less than $30,000","$100,000 or more",0.0038351799999998826,Q1,inferred,,Inferred from occupation,"$100,000 or more",high,low,0.30762888236117775,0.309759130978462,-0.0021302486172842805
RACESURV28f_W43,socioeco,"Less than $30,000","$100,000 or more",0.0604450864273704,Q1,inferred,,Inferred from occupation,"$100,000 or more",high,low,0.19698054001240312,0.19674908690993725,0.0002314531024658617
RACESURV28g_W43,socioeco,"Less than $30,000","$100,000 or more",0.03035423819018293,Q1,inferred,,Inferred from occupation,"$100,000 or more",high,low,0.16411368425765505,0.1671966918593425,-0.0030830076016874486
RACESURV29d_W43,socioeco,"Less than $30,000","$100,000 or more",0.39589305375556566,Q4,inferred,,Inferred from occupation,"$100,000 or more",high,low,1.3677567872664709,1.293545286265148,0.0742115010013229
RACESURV2_W43,socioeco,"Less than $30,000","$100,000 or more",0.2488893926842083,Q3,inferred,,Inferred from occupation,"$100,000 or more",high,low,1.299006724126786,1.8802486504824647,-0.5812419263556787
RACESURV34a_W43,socioeco,"Less than $30,000","$100,000 or more",0.2520057740119579,Q3,inferred,,Inferred from occupation,"$100,000 or more",high,low,0.994822048386463,1.0492770873081207,-0.054455038921657706
RACESURV34b_W43,socioeco,"Less than $30,000","$100,000 or more",0.10841161810635952,Q2,inferred,,Inferred from occupation,"$100,000 or more",high,low,1.1209364496117669,1.2199740463104998,-0.09903759669873291
RACESURV34c_W43,socioeco,"Less than $30,000","$100,000 or more",0.42600003426,Q4,inferred,,Inferred from occupation,"$100,000 or more",high,low,0.8033729659005346,0.7957146495372704,0.007658316363264195
RACESURV34d_W43,socioeco,"Less than $30,000","$100,000 or more",0.4843864103540296,Q4,inferred,,Inferred from occupation,"$100,000 or more",high,low,0.4620872863791272,0.5343427311353812,-0.072255444756254
RACESURV34e_W43,socioeco,"Less than $30,000","$100,000 or more",0.21560540597817002,Q3,inferred,,Inferred from occupation,"$100,000 or more",high,low,0.6633626556336266,0.6802509601311008,-0.016888304497474138
RACESURV38_W43,socioeco,"Less than $30,000","$100,000 or more",0.15582831999999996,Q3,inferred,,Inferred from occupation,"$100,000 or more",high,low,0.5456976728234119,0.5351308306334759,0.010566842189935977
RACESURV40_W43,socioeco,"Less than $30,000","$100,000 or more",0.08064263080642635,Q2,inferred,,Inferred from occupation,"$100,000 or more",high,low,0.9085512114690742,0.9140254515709799,-0.00547424010190567
RACESURV41_W43,socioeco,"Less than $30,000","$100,000 or more",0.05444975000000001,Q1,inferred,,Inferred from occupation,"$100,000 or more",high,low,0.7660171843083713,0.7520975376729966,0.013919646635374705
RACESURV45_W43,socioeco,"Less than $30,000","$100,000 or more",0.10297635999999993,Q2,inferred,,Inferred from occupation,"$100,000 or more",high,low,0.6118746611296211,0.5902262108001116,0.02164845032950946
RACESURV47a_W43,socioeco,"Less than $30,000","$100,000 or more",0.11641905000000011,Q2,inferred,,Inferred from occupation,"$100,000 or more",high,low,0.5109974109073804,0.6291163489230823,-0.11811893801570195
RACESURV47b_W43,socioeco,"Less than $30,000","$100,000 or more",0.10827083,Q2,inferred,,Inferred from occupation,"$100,000 or more",high,low,0.21493955692033312,0.24348669284073704,-0.02854713592040392
RACESURV47d_W43,socioeco,"Less than $30,000","$100,000 or more",0.2218545478030579,Q3,inferred,,Inferred from occupation,"$100,000 or more",high,low,0.8295728892193075,0.7708141515209473,0.05875873769836015
RACESURV47e_W43,socioeco,"Less than $30,000","$100,000 or more",0.13487718000000015,Q2,inferred,,Inferred from occupation,"$100,000 or more",high,low,1.2021871280976018,1.0595690405549045,0.14261808754269722
RACESURV47f_W43,socioeco,"Less than $30,000","$100,000 or more",0.0757288094073287,Q1,inferred,,Inferred from occupation,"$100,000 or more",high,low,0.2662134562817946,0.3296872548966351,-0.06347379861484048
RACESURV48_W43,socioeco,"Less than $30,000","$100,000 or more",0.09682389080110809,Q2,inferred,,Inferred from occupation,"$100,000 or more",high,low,0.25200698362702856,0.32140069215438904,-0.06939370852736049
RACESURV51_W43,socioeco,"Less than $30,000","$100,000 or more",0.046241248735494164,Q1,inferred,,Inferred from occupation,"$100,000 or more",high,low,0.10304671592272513,0.09379908653958514,0.009247629383139985
RACESURV52_W43,socioeco,"Less than $30,000","$100,000 or more",0.18872453000000006,Q3,inferred,,Inferred from occupation,"$100,000 or more",high,low,0.4011125905949171,0.32789549500920373,0.07321709558571338
RACESURV5a_W43,socioeco,"Less than $30,000","$100,000 or more",0.17443832668547699,Q3,inferred,,Inferred from occupation,"$100,000 or more",high,low,1.2127266095690554,1.2679573862819353,-0.0552307767128799
RACESURV5b_W43,socioeco,"Less than $30,000","$100,000 or more",0.16134562483985856,Q3,inferred,,Inferred from occupation,"$100,000 or more",high,low,0.2699415072790382,0.32725566692031405,-0.05731415964127584
RACESURV5d_W43,socioeco,"Less than $30,000","$100,000 or more",0.06263871033389114,Q1,inferred,,Inferred from occupation,"$100,000 or more",high,low,1.2408983273595358,1.26310095877805,-0.022202631418514196
RACESURV5e_W43,socioeco,"Less than $30,000","$100,000 or more",0.28855220000000015,Q4,inferred,,Inferred from occupation,"$100,000 or more",high,low,0.35437906475340314,0.3241214184555249,0.03025764629787825
RACESURV5f_W43,socioeco,"Less than $30,000","$100,000 or more",0.06095199118227868,Q1,inferred,,Inferred from occupation,"$100,000 or more",high,low,0.9076615677194994,0.9345996488537595,-0.026938081134260106
RACESURV5g_W43,socioeco,"Less than $30,000","$100,000 or more",0.17250203499999983,Q3,inferred,,Inferred from occupation,"$100,000 or more",high,low,0.5776340422836478,0.5721216126060804,0.0055124296775673765
RACESURV5h_W43,socioeco,"Less than $30,000","$100,000 or more",0.14085461640854607,Q2,inferred,,Inferred from occupation,"$100,000 or more",high,low,0.9708442533047956,0.9769019469143688,-0.0060576936095732
RACESURV5i_W43,socioeco,"Less than $30,000","$100,000 or more",0.08947454509150732,Q2,inferred,,Inferred from occupation,"$100,000 or more",high,low,1.7142957269795258,1.913957625573362,-0.1996618985938361
RACESURV5j_W43,socioeco,"Less than $30,000","$100,000 or more",0.10316130500000009,Q2,inferred,,Inferred from occupation,"$100,000 or more",high,low,0.5989661991252483,0.7028635473318001,-0.10389734820655183
RACESURV5l_W43,socioeco,"Less than $30,000","$100,000 or more",0.17379970499999997,Q3,inferred,,Inferred from occupation,"$100,000 or more",high,low,1.437370842,1.5814722131857524,-0.1441013711857524
RACESURV9_W43,socioeco,"Less than $30,000","$100,000 or more",0.10774148999999994,Q2,inferred,,Inferred from occupation,"$100,000 or more",high,low,1.161873984111756,1.2143903731678858,-0.052516389056129764
INFOCHALa_W45,socioeco,"Less than $30,000","$100,000 or more",0.32699286999999977,Q4,inferred,,Inferred from occupation,"$100,000 or more",high,low,1.0434004404752257,1.3219456865267185,-0.2785452460514928
INFOCREATEa_W45,socioeco,"Less than $30,000","$100,000 or more",0.1735635296774144,Q3,inferred,,Inferred from occupation,"$100,000 or more",high,low,1.703795442293365,1.5954549724378368,0.10834046985552814
MADEUPOFT_W45,socioeco,"Less than $30,000","$100,000 or more",0.10638791708712841,Q2,inferred,,Inferred from occupation,"$100,000 or more",high,low,0.5530993305466113,0.6496046792925664,-0.09650534874595507
MADEUPTOPICb_W45,socioeco,"Less than $30,000","$100,000 or more",0.04183380000000014,Q1,inferred,,Inferred from occupation,"$100,000 or more",high,low,0.29818772762851575,0.318325355684425,-0.02013762805590924
MADEUPTOPICc_W45,socioeco,"Less than $30,000","$100,000 or more",0.03779307931115472,Q1,inferred,,Inferred from occupation,"$100,000 or more",high,low,0.49315705213520544,0.5279419175747136,-0.034784865439508206
MADEUPTOPICd_W45,socioeco,"Less than $30,000","$100,000 or more",0.11269314002075606,Q2,inferred,,Inferred from occupation,"$100,000 or more",high,low,0.7573404617814398,0.6848092197004938,0.07253124208094597
NEWSPROBd_W45,socioeco,"Less than $30,000","$100,000 or more",0.08974966061541967,Q2,inferred,,Inferred from occupation,"$100,000 or more",high,low,0.5916097480000001,0.7193736031791305,-0.12776385517913036
NEWSPROBe_W45,socioeco,"Less than $30,000","$100,000 or more",0.10742406902385437,Q2,inferred,,Inferred from occupation,"$100,000 or more",high,low,0.6082468640156264,0.7749487378788863,-0.16670187386325985
NEWS_PLATFORMg_W45,socioeco,"Less than $30,000","$100,000 or more",0.32111767278716313,Q4,inferred,,Inferred from occupation,"$100,000 or more",high,low,0.8750139699999998,0.6714606240000001,0.20355334599999975
SMLIKESb_W45,socioeco,"Less than $30,000","$100,000 or more",0.010746680000000008,Q1,inferred,,Inferred from occupation,"$100,000 or more",high,low,0.6972581263140796,0.6130686209525562,0.08418950536152336
SMLIKESf_W45,socioeco,"Less than $30,000","$100,000 or more",0.07971442999999995,Q1,inferred,,Inferred from occupation,"$100,000 or more",high,low,0.8692994715633483,0.7987939671055222,0.07050550445782611
BENEFITGOV_W49,socioeco,"Less than $30,000","$100,000 or more",0.23874836999999996,Q3,inferred,,Inferred from occupation,"$100,000 or more",high,low,1.2421111894487489,1.1278873609211355,0.11422382852761337
CONCERNCO_W49,socioeco,"Less than $30,000","$100,000 or more",0.16179116999999982,Q3,inferred,,Inferred from occupation,"$100,000 or more",high,low,0.6920828449865333,0.8600104581682477,-0.16792761318171445
CONCERNGRPa_W49,socioeco,"Less than $30,000","$100,000 or more",0.2061189199358142,Q3,inferred,,Inferred from occupation,"$100,000 or more",high,low,0.5590181957633478,0.43272697644037894,0.12629121932296883
CONCERNGRPc_W49,socioeco,"Less than $30,000","$100,000 or more",0.04203335000000008,Q1,inferred,,Inferred from occupation,"$100,000 or more",high,low,0.34783969321620484,0.36012343063639035,-0.012283737420185514
CONTROLCO_W49,socioeco,"Less than $30,000","$100,000 or more",0.09815530591680234,Q2,inferred,,Inferred from occupation,"$100,000 or more",high,low,1.0794205499579699,0.8403597396356606,0.2390608103223093
CONTROLGRPc_W49,socioeco,"Less than $30,000","$100,000 or more",0.21806317000000008,Q3,inferred,,Inferred from occupation,"$100,000 or more",high,low,0.3166603975090223,0.3898963229634584,-0.07323592545443608
DATAUSEd_W49,socioeco,"Less than $30,000","$100,000 or more",0.10265790999999996,Q2,inferred,,Inferred from occupation,"$100,000 or more",high,low,0.35888598132484534,0.3983938507524469,-0.03950786942760154
FACE3c_W49,socioeco,"Less than $30,000","$100,000 or more",0.09007282332476352,Q2,inferred,,Inferred from occupation,"$100,000 or more",high,low,0.6208562453425217,0.7734775957748365,-0.15262135043231484
GOVREGV1_W49,socioeco,"Less than $30,000","$100,000 or more",0.09772339790500356,Q2,inferred,,Inferred from occupation,"$100,000 or more",high,low,0.12471601363507745,0.10030798236496785,0.024408031270109598
HOMEASSIST2_W49,socioeco,"Less than $30,000","$100,000 or more",0.054229094810306605,Q1,inferred,,Inferred from occupation,"$100,000 or more",high,low,0.6185746906053218,0.6421505731387132,-0.02357588253339138
HOMEASSIST3_W49,socioeco,"Less than $30,000","$100,000 or more",0.01999895650318237,Q1,inferred,,Inferred from occupation,"$100,000 or more",high,low,1.2229491957482654,1.2172134757400321,0.005735720008233303
HOMEASSIST4_W49,socioeco,"Less than $30,000","$100,000 or more",0.23615742723486072,Q3,inferred,,Inferred from occupation,"$100,000 or more",high,low,0.5003450427982175,0.6217368701757782,-0.12139182737756071
PP5e_W49,socioeco,"Less than $30,000","$100,000 or more",0.18613370077639743,Q3,inferred,,Inferred from occupation,"$100,000 or more",high,low,0.4174499723547057,0.48106292586025723,-0.06361295350555152
PWMAN2_W49,socioeco,"Less than $30,000","$100,000 or more",0.34020970290514396,Q4,inferred,,Inferred from occupation,"$100,000 or more",high,low,1.5855778912022984,1.4166315202457327,0.16894637095656573
SMARTAPP_W49,socioeco,"Less than $30,000","$100,000 or more",0.11020173999999999,Q2,inferred,,Inferred from occupation,"$100,000 or more",high,low,0.5277589967403586,0.5983251648015473,-0.07056616806118865
TRACKCO1a_W49,socioeco,"Less than $30,000","$100,000 or more",0.5187109719759118,Q4,inferred,,Inferred from occupation,"$100,000 or more",high,low,0.9857319713656606,1.1328299212711386,-0.14709794990547798
TRACKCO1b_W49,socioeco,"Less than $30,000","$100,000 or more",0.28269929273071226,Q4,inferred,,Inferred from occupation,"$100,000 or more",high,low,0.1585077475164781,0.31329396303453194,-0.15478621551805385
TRACKGOV1a_W49,socioeco,"Less than $30,000","$100,000 or more",0.21002390000000026,Q3,inferred,,Inferred from occupation,"$100,000 or more",high,low,0.4607714072356295,0.5269545838974612,-0.06618317666183171
TRACKGOV1b_W49,socioeco,"Less than $30,000","$100,000 or more",0.23954767760452322,Q3,inferred,,Inferred from occupation,"$100,000 or more",high,low,0.31478439709134387,0.3166908253572216,-0.0019064282658777243
COHABDUR_W50,socioeco,"Less than $30,000","$100,000 or more",0.2885594546356548,Q4,inferred,,Inferred from occupation,"$100,000 or more",high,low,0.6727741833810067,0.7157212086544507,-0.04294702527344396
DNA2b_W50,socioeco,"Less than $30,000","$100,000 or more",0.000849690000000014,Q1,inferred,,Inferred from occupation,"$100,000 or more",high,low,0.5165513213954904,0.5501542364196079,-0.0336029150241175
DNA5_W50,socioeco,"Less than $30,000","$100,000 or more",0.12083113000000001,Q2,inferred,,Inferred from occupation,"$100,000 or more",high,low,0.56609066737544,0.5681294422048251,-0.0020387748293850816
E5MOD_W50,socioeco,"Less than $30,000","$100,000 or more",0.27614361000000004,Q4,inferred,,Inferred from occupation,"$100,000 or more",high,low,0.2608533047571021,0.35397240299193766,-0.09311909823483555
FAMSURV10c_W50,socioeco,"Less than $30,000","$100,000 or more",0.54169700458303,Q4,inferred,,Inferred from occupation,"$100,000 or more",high,low,0.6533154073461063,0.7430119443629912,-0.08969653701688496
FAMSURV16_W50,socioeco,"Less than $30,000","$100,000 or more",0.012576359999999981,Q1,inferred,,Inferred from occupation,"$100,000 or more",high,low,0.31423017971826195,0.3090436736841083,0.0051865060341536595
FAMSURV1_W50,socioeco,"Less than $30,000","$100,000 or more",0.23085755000000008,Q3,inferred,,Inferred from occupation,"$100,000 or more",high,low,0.17326943761080882,0.08922366599999998,0.08404577161080884
FAMSURV20_W50,socioeco,"Less than $30,000","$100,000 or more",0.16529019,Q3,inferred,,Inferred from occupation,"$100,000 or more",high,low,0.3759218470482465,0.3759280165709781,-6.169522731580557e-06
FAMSURV23b_W50,socioeco,"Less than $30,000","$100,000 or more",0.26873290964451724,Q3,inferred,,Inferred from occupation,"$100,000 or more",high,low,0.22419996624820338,0.227986787057178,-0.0037868208089746336
FAMSURV23c_W50,socioeco,"Less than $30,000","$100,000 or more",0.34695295000000004,Q4,inferred,,Inferred from occupation,"$100,000 or more",high,low,1.626203571351748,1.6734128761974207,-0.04720930484567276
FAMSURV23d_W50,socioeco,"Less than $30,000","$100,000 or more",0.22394044999999999,Q3,inferred,,Inferred from occupation,"$100,000 or more",high,low,1.5636115556958945,1.588930117762624,-0.025318562066729555
FAMSURV23e_W50,socioeco,"Less than $30,000","$100,000 or more",0.18655973923904706,Q3,inferred,,Inferred from occupation,"$100,000 or more",high,low,0.6864288111254386,0.7558363915824411,-0.06940758045700246
FAMSURV23f_W50,socioeco,"Less than $30,000","$100,000 or more",0.17203301899098583,Q3,inferred,,Inferred from occupation,"$100,000 or more",high,low,0.5815725230540827,0.6531247367574365,-0.07155221370335385
FAMSURV23g_W50,socioeco,"Less than $30,000","$100,000 or more",0.08132022999999997,Q2,inferred,,Inferred from occupation,"$100,000 or more",high,low,1.0314866421078557,1.0757970737422184,-0.04431043163436277
FAMSURV26a_W50,socioeco,"Less than $30,000","$100,000 or more",0.10111904514972142,Q2,inferred,,Inferred from occupation,"$100,000 or more",high,low,0.43005527124873305,0.42387038772812885,0.006184883520604201
FAMSURV26b_W50,socioeco,"Less than $30,000","$100,000 or more",0.04211756275137811,Q1,inferred,,Inferred from occupation,"$100,000 or more",high,low,0.2820521933177658,0.2642904064937906,0.017761786823975223
FAMSURV26c_W50,socioeco,"Less than $30,000","$100,000 or more",0.17925477184455071,Q3,inferred,,Inferred from occupation,"$100,000 or more",high,low,0.44136841153146267,0.3531955978901166,0.08817281364134605
FAMSURV26d_W50,socioeco,"Less than $30,000","$100,000 or more",0.25595823999999995,Q3,inferred,,Inferred from occupation,"$100,000 or more",high,low,0.5441934418995107,0.5195363978046048,0.024657044094905878
FAMSURV29_W50,socioeco,"Less than $30,000","$100,000 or more",0.07915476999999993,Q1,inferred,,Inferred from occupation,"$100,000 or more",high,low,0.9499241852494985,0.5673008633403718,0.38262332190912673
FAMSURV2Ma_W50,socioeco,"Less than $30,000","$100,000 or more",0.10639393999999996,Q2,inferred,,Inferred from occupation,"$100,000 or more",high,low,0.4616982537400143,0.4924809015715682,-0.030782647831553933
FAMSURV2Mc_W50,socioeco,"Less than $30,000","$100,000 or more",0.09708546999999987,Q2,inferred,,Inferred from occupation,"$100,000 or more",high,low,0.48021404291919834,0.4907842259924804,-0.010570183073282058
FAMSURV2Wa_W50,socioeco,"Less than $30,000","$100,000 or more",0.1212305600000001,Q2,inferred,,Inferred from occupation,"$100,000 or more",high,low,0.427509350384298,0.4411128969824284,-0.0136035465981304
FAMSURV2Wc_W50,socioeco,"Less than $30,000","$100,000 or more",0.08647343962300888,Q2,inferred,,Inferred from occupation,"$100,000 or more",high,low,0.41557766889516945,0.3969028819962287,0.018674786898940754
FAMSURV32e_W50,socioeco,"Less than $30,000","$100,000 or more",0.35601861999999956,Q4,inferred,,Inferred from occupation,"$100,000 or more",high,low,2.0466836095468937,2.099995244118139,-0.053311634571245214
FAMSURV39_W50,socioeco,"Less than $30,000","$100,000 or more",0.031161639151510684,Q1,inferred,,Inferred from occupation,"$100,000 or more",high,low,1.0034229950194358,1.0636258288990301,-0.06020283387959435
FAMSURV3_W50,socioeco,"Less than $30,000","$100,000 or more",0.11734101471693692,Q2,inferred,,Inferred from occupation,"$100,000 or more",high,low,1.1234514974672993,1.1708204191944611,-0.047368921727161784
FAMSURV40_W50,socioeco,"Less than $30,000","$100,000 or more",0.4512988865625954,Q4,inferred,,Inferred from occupation,"$100,000 or more",high,low,1.1084344735214828,0.8172224043549285,0.2912120691665543
FAMSURV43_W50,socioeco,"Less than $30,000","$100,000 or more",0.06659576999999994,Q1,inferred,,Inferred from occupation,"$100,000 or more",high,low,0.6930266958005723,0.6267760945713367,0.06625060122923565
FAMSURV44_W50,socioeco,"Less than $30,000","$100,000 or more",0.2935650958466014,Q4,inferred,,Inferred from occupation,"$100,000 or more",high,low,0.5835417095609838,0.5635824529975932,0.019959256563390593
FAMSURV6_W50,socioeco,"Less than $30,000","$100,000 or more",0.1439479124105139,Q2,inferred,,Inferred from occupation,"$100,000 or more",high,low,0.44103429489430646,0.4491446588459398,-0.008110363951633337
FAMSURV9c_W50,socioeco,"Less than $30,000","$100,000 or more",0.62580691,Q4,inferred,,Inferred from occupation,"$100,000 or more",high,low,0.7748538182435125,0.9736064318404213,-0.19875261359690877
FATHER_W50,socioeco,"Less than $30,000","$100,000 or more",0.055669409999999975,Q1,inferred,,Inferred from occupation,"$100,000 or more",high,low,0.008388102870980019,0.014299790187099704,-0.005911687316119685
HAVEKIDS1_W50,socioeco,"Less than $30,000","$100,000 or more",0.12648768,Q2,inferred,,Inferred from occupation,"$100,000 or more",high,low,0.4208744401094576,0.41526248542896715,0.005611954680490472
MARRDUR_W50,socioeco,"Less than $30,000","$100,000 or more",0.5791028060002927,Q4,inferred,,Inferred from occupation,"$100,000 or more",high,low,1.45048645179223,1.3904377329154443,0.060048718876785756
MARRYPREF1_W50,socioeco,"Less than $30,000","$100,000 or more",0.05761615999999997,Q1,inferred,,Inferred from occupation,"$100,000 or more",high,low,0.042665636661357864,0.08933368359910582,-0.04666804693774795
MARRYPREF2_W50,socioeco,"Less than $30,000","$100,000 or more",0.019813456353172373,Q1,inferred,,Inferred from occupation,"$100,000 or more",high,low,0.4139685750707031,0.4641308513819997,-0.050162276311296605
MOTHER_W50,socioeco,"Less than $30,000","$100,000 or more",0.030660380000000043,Q1,inferred,,Inferred from occupation,"$100,000 or more",high,low,0.13195745112462187,0.12488098833416139,0.0070764627904604804
PAR1_W50,socioeco,"Less than $30,000","$100,000 or more",0.0683276499999999,Q1,inferred,,Inferred from occupation,"$100,000 or more",high,low,0.051447947697340235,0.022892044609870793,0.028555903087469442
PAR2_W50,socioeco,"Less than $30,000","$100,000 or more",0.11530310538629299,Q2,inferred,,Inferred from occupation,"$100,000 or more",high,low,0.22112030352941167,0.19691598918871842,0.024204314340693256
ROMRELDUR_W50,socioeco,"Less than $30,000","$100,000 or more",0.48102386571196143,Q4,inferred,,Inferred from occupation,"$100,000 or more",high,low,0.71882393579675,0.4740269360030772,0.24479699979367275
ROMRELSER_W50,socioeco,"Less than $30,000","$100,000 or more",0.08363963000000008,Q2,inferred,,Inferred from occupation,"$100,000 or more",high,low,0.6485453310988124,1.3102193496237438,-0.6616740185249314
SATLIFEc_W50,socioeco,"Less than $30,000","$100,000 or more",0.8678198781459986,Q4,inferred,,Inferred from occupation,"$100,000 or more",high,low,0.5833477830443743,0.6678943864874801,-0.08454660344310583
ECIMPg_W54,socioeco,"Less than $30,000","$100,000 or more",0.06784801067848012,Q1,inferred,,Inferred from occupation,"$100,000 or more",high,low,0.1823389270585482,0.12840436612720857,0.05393456093133964
ECON1_W54,socioeco,"Less than $30,000","$100,000 or more",0.5619514684883408,Q4,inferred,,Inferred from occupation,"$100,000 or more",high,low,0.522569059029675,0.6069912253161288,-0.08442216628645383
ECON3_d_W54,socioeco,"Less than $30,000","$100,000 or more",0.2537989899999997,Q3,inferred,,Inferred from occupation,"$100,000 or more",high,low,0.3340767972016053,0.48255900145847946,-0.14848220425687414
ECON4_a_W54,socioeco,"Less than $30,000","$100,000 or more",0.3484762800000001,Q4,inferred,,Inferred from occupation,"$100,000 or more",high,low,0.3448853683190995,0.4373935340494518,-0.09250816573035231
ECON4_b_W54,socioeco,"Less than $30,000","$100,000 or more",0.5073725780230043,Q4,inferred,,Inferred from occupation,"$100,000 or more",high,low,0.4696535281110879,0.5300132833750606,-0.06035975526397269
ECON4_e_W54,socioeco,"Less than $30,000","$100,000 or more",0.22006970336272957,Q3,inferred,,Inferred from occupation,"$100,000 or more",high,low,0.5269324636429463,0.6304248959498697,-0.1034924323069234
ECON4_f_W54,socioeco,"Less than $30,000","$100,000 or more",0.67039652,Q4,inferred,,Inferred from occupation,"$100,000 or more",high,low,0.27644217711728036,0.35054350875476237,-0.074101331637482
ECON4_g_W54,socioeco,"Less than $30,000","$100,000 or more",0.5931240799999999,Q4,inferred,,Inferred from occupation,"$100,000 or more",high,low,0.6259716930247965,0.5614880876595094,0.06448360536528708
ECON5_b_W54,socioeco,"Less than $30,000","$100,000 or more",0.331065515,Q4,inferred,,Inferred from occupation,"$100,000 or more",high,low,0.3972208145328602,0.7262440955368138,-0.3290232810039536
ECON5_c_W54,socioeco,"Less than $30,000","$100,000 or more",0.12171481355715412,Q2,inferred,,Inferred from occupation,"$100,000 or more",high,low,1.089227883474545,0.9264454734604408,0.1627824100141042
ECON5_d_W54,socioeco,"Less than $30,000","$100,000 or more",0.36696204500000007,Q4,inferred,,Inferred from occupation,"$100,000 or more",high,low,1.185923222465326,1.0049298840000005,0.1809933384653255
ECON5_e_W54,socioeco,"Less than $30,000","$100,000 or more",0.3131018499999999,Q4,inferred,,Inferred from occupation,"$100,000 or more",high,low,1.2725786109462662,1.1532435420392084,0.1193350689070578
ECON5_f_W54,socioeco,"Less than $30,000","$100,000 or more",0.1336124545474678,Q2,inferred,,Inferred from occupation,"$100,000 or more",high,low,1.3283321859136257,1.264632743243035,0.06369944267059058
ECON5_g_W54,socioeco,"Less than $30,000","$100,000 or more",0.2962558049999997,Q4,inferred,,Inferred from occupation,"$100,000 or more",high,low,1.1323597759217408,1.112032211159569,0.02032756476217168
ECON5_h_W54,socioeco,"Less than $30,000","$100,000 or more",0.2635114673648849,Q3,inferred,,Inferred from occupation,"$100,000 or more",high,low,0.6806219011198642,0.6714610282853897,0.009160872834474532
ECON5_i_W54,socioeco,"Less than $30,000","$100,000 or more",0.16578209,Q3,inferred,,Inferred from occupation,"$100,000 or more",high,low,0.2411549239752286,0.3574804380502763,-0.11632551407504768
ECON5_j_W54,socioeco,"Less than $30,000","$100,000 or more",0.3334647499999999,Q4,inferred,,Inferred from occupation,"$100,000 or more",high,low,1.1590329259453949,1.1374107857997204,0.02162214014567443
ECON5_k_W54,socioeco,"Less than $30,000","$100,000 or more",0.3028320295105402,Q4,inferred,,Inferred from occupation,"$100,000 or more",high,low,0.6739805303817952,0.6282615037564923,0.045719026625302917
FIN_SIT_W54,socioeco,"Less than $30,000","$100,000 or more",1.34897585,Q4,inferred,,Inferred from occupation,"$100,000 or more",high,low,0.9993970830561693,1.1182157879832029,-0.11881870492703361
GOVPRIORITYb_W54,socioeco,"Less than $30,000","$100,000 or more",0.07642103103924619,Q1,inferred,,Inferred from occupation,"$100,000 or more",high,low,1.419485139821433,1.4308783063834514,-0.011393166562018386
GOVPRIORITYc_W54,socioeco,"Less than $30,000","$100,000 or more",0.4097259600000002,Q4,inferred,,Inferred from occupation,"$100,000 or more",high,low,1.0277813099471889,1.1872783121409745,-0.1594970021937856
GOVPRIORITYd_W54,socioeco,"Less than $30,000","$100,000 or more",0.10033184000000017,Q2,inferred,,Inferred from occupation,"$100,000 or more",high,low,1.2686447799269236,1.3430444072822754,-0.07439962735535177
GOVPRIORITYf_W54,socioeco,"Less than $30,000","$100,000 or more",0.09367357592150583,Q2,inferred,,Inferred from occupation,"$100,000 or more",high,low,1.6584869410861445,1.5805193536611166,0.07796758742502785
INEQ11_W54,socioeco,"Less than $30,000","$100,000 or more",0.13633592,Q2,inferred,,Inferred from occupation,"$100,000 or more",high,low,0.35551487669350884,0.37826269577191224,-0.022747819078403397
INEQ1_W54,socioeco,"Less than $30,000","$100,000 or more",0.1271846679862344,Q2,inferred,,Inferred from occupation,"$100,000 or more",high,low,0.17882161350702708,0.2363824886327492,-0.05756087512572211
INEQ4_a_W54,socioeco,"Less than $30,000","$100,000 or more",0.04945192259757791,Q1,inferred,,Inferred from occupation,"$100,000 or more",high,low,0.22963042327751992,0.2952400803118521,-0.06560965703433219
INEQ5_a_W54,socioeco,"Less than $30,000","$100,000 or more",0.17911897647595365,Q3,inferred,,Inferred from occupation,"$100,000 or more",high,low,0.3642704537382363,0.41098804800000016,-0.04671759426176386
INEQ5_d_W54,socioeco,"Less than $30,000","$100,000 or more",0.3936765700000003,Q4,inferred,,Inferred from occupation,"$100,000 or more",high,low,0.7586281167475544,0.7355766930776428,0.02305142366991153
INEQ5_e_W54,socioeco,"Less than $30,000","$100,000 or more",0.18507008024254828,Q3,inferred,,Inferred from occupation,"$100,000 or more",high,low,0.32750077314402004,0.3397332662940322,-0.01223249315001218
INEQ5_f_W54,socioeco,"Less than $30,000","$100,000 or more",0.026916740269167405,Q1,inferred,,Inferred from occupation,"$100,000 or more",high,low,0.2767574404206423,0.23271974184086797,0.044037698579774354
INEQ5_h_W54,socioeco,"Less than $30,000","$100,000 or more",0.27504626275046273,Q3,inferred,,Inferred from occupation,"$100,000 or more",high,low,0.5111174102803933,0.585907902042602,-0.07479049176220876
INEQ5_i_W54,socioeco,"Less than $30,000","$100,000 or more",0.07154896999999982,Q1,inferred,,Inferred from occupation,"$100,000 or more",high,low,0.4008198934076975,0.4910859133044568,-0.09026601989675925
INEQ5_k_W54,socioeco,"Less than $30,000","$100,000 or more",0.3372414600000001,Q4,inferred,,Inferred from occupation,"$100,000 or more",high,low,0.3030290665575187,0.4038880477889481,-0.10085898123142939
INEQ5_l_W54,socioeco,"Less than $30,000","$100,000 or more",0.3860926700000002,Q4,inferred,,Inferred from occupation,"$100,000 or more",high,low,0.48470823824008574,0.5302334437107902,-0.04552520547070443
INEQ5_m_W54,socioeco,"Less than $30,000","$100,000 or more",0.4777247299999996,Q4,inferred,,Inferred from occupation,"$100,000 or more",high,low,0.4316879130106497,0.4977621645001794,-0.06607425148952972
INEQ8_a_W54,socioeco,"Less than $30,000","$100,000 or more",0.58994687,Q4,inferred,,Inferred from occupation,"$100,000 or more",high,low,0.546483541342417,0.584989511819942,-0.03850597047752502
INEQ8_b_W54,socioeco,"Less than $30,000","$100,000 or more",0.5026205668073678,Q4,inferred,,Inferred from occupation,"$100,000 or more",high,low,0.5471807214545619,0.47281214231181745,0.07436857914274442
INEQ8_c_W54,socioeco,"Less than $30,000","$100,000 or more",0.3814130899999999,Q4,inferred,,Inferred from occupation,"$100,000 or more",high,low,0.4939000085485494,0.6417198098771383,-0.1478198013285889
INEQ8_d_W54,socioeco,"Less than $30,000","$100,000 or more",0.44095700999999976,Q4,inferred,,Inferred from occupation,"$100,000 or more",high,low,0.3985782344544299,0.40365499870929794,-0.005076764254868027
INEQ8_f_W54,socioeco,"Less than $30,000","$100,000 or more",0.5148424486954328,Q4,inferred,,Inferred from occupation,"$100,000 or more",high,low,0.44661832925620076,0.5075366860285804,-0.06091835677237961
INEQ8_g_W54,socioeco,"Less than $30,000","$100,000 or more",0.59325618,Q4,inferred,,Inferred from occupation,"$100,000 or more",high,low,0.45349489939583815,0.5349458142526126,-0.08145091485677441
INEQ8_h_W54,socioeco,"Less than $30,000","$100,000 or more",0.3722706473613822,Q4,inferred,,Inferred from occupation,"$100,000 or more",high,low,0.6049201803207154,0.5369199613644626,0.06800021895625274
INEQ8_i_W54,socioeco,"Less than $30,000","$100,000 or more",0.7351349151051562,Q4,inferred,,Inferred from occupation,"$100,000 or more",high,low,0.27433328133489077,0.23334562365892134,0.04098765767596943
INEQ8_j_W54,socioeco,"Less than $30,000","$100,000 or more",0.4947874700000002,Q4,inferred,,Inferred from occupation,"$100,000 or more",high,low,0.3084482048616295,0.3705124123660247,-0.06206420750439523
JOBTRAIN_W54,socioeco,"Less than $30,000","$100,000 or more",0.10032045353147628,Q2,inferred,,Inferred from occupation,"$100,000 or more",high,low,0.3144224687699424,0.2993283001167816,0.015094168653160822
WORRY2a_W54,socioeco,"Less than $30,000","$100,000 or more",1.126604382942253,Q4,inferred,,Inferred from occupation,"$100,000 or more",high,low,0.5508583944742218,0.4520685400624779,0.09878985441174393
WORRY2b_W54,socioeco,"Less than $30,000","$100,000 or more",0.8587411986462887,Q4,inferred,,Inferred from occupation,"$100,000 or more",high,low,1.4004853761880751,1.4568357646653436,-0.056350388477268476
WORRY2c_W54,socioeco,"Less than $30,000","$100,000 or more",1.5974990800000002,Q4,inferred,,Inferred from occupation,"$100,000 or more",high,low,1.1002386775626865,0.8079032841109163,0.2923353934517702
WORRY2d_W54,socioeco,"Less than $30,000","$100,000 or more",0.961874982596432,Q4,inferred,,Inferred from occupation,"$100,000 or more",high,low,0.6497571508518237,0.49359311612372453,0.1561640347280992
WORRY2e_W54,socioeco,"Less than $30,000","$100,000 or more",0.7903167499999997,Q4,inferred,,Inferred from occupation,"$100,000 or more",high,low,0.2307049694228948,0.37295763711748786,-0.14225266769459305
GAP21Q10_W82,socioeco,"Less than $30,000","$100,000 or more",0.07834156205409071,Q1,inferred,,Inferred from occupation,"$100,000 or more",high,low,0.22890552699987513,0.27957762509456086,-0.05067209809468573
GAP21Q13_b_W82,socioeco,"Less than $30,000","$100,000 or more",0.20093659200936587,Q3,inferred,,Inferred from occupation,"$100,000 or more",high,low,0.5385532094538544,0.7313764523423886,-0.19282324288853414
GAP21Q15_a_W82,socioeco,"Less than $30,000","$100,000 or more",0.1259874299999999,Q2,inferred,,Inferred from occupation,"$100,000 or more",high,low,0.7134352418641805,0.7151274829675967,-0.0016922411034161478
GAP21Q15_b_W82,socioeco,"Less than $30,000","$100,000 or more",0.44796585000000005,Q4,inferred,,Inferred from occupation,"$100,000 or more",high,low,0.90099090144767,0.9105710168695391,-0.009580115421869095
GAP21Q15_c_W82,socioeco,"Less than $30,000","$100,000 or more",0.3965058474417146,Q4,inferred,,Inferred from occupation,"$100,000 or more",high,low,0.8111505572735028,0.8100696363681814,0.0010809209053214142
GAP21Q15_d_W82,socioeco,"Less than $30,000","$100,000 or more",0.4573719600000004,Q4,inferred,,Inferred from occupation,"$100,000 or more",high,low,1.3571835602015057,1.2737821364002198,0.0834014238012859
GAP21Q15_e_W82,socioeco,"Less than $30,000","$100,000 or more",0.39282520436615126,Q4,inferred,,Inferred from occupation,"$100,000 or more",high,low,0.962406145475143,0.9552723476252757,0.0071337978498673404
GAP21Q15_f_W82,socioeco,"Less than $30,000","$100,000 or more",0.4337469281471086,Q4,inferred,,Inferred from occupation,"$100,000 or more",high,low,1.1970488716028322,1.1684476426443053,0.028601228958526903
GAP21Q17_W82,socioeco,"Less than $30,000","$100,000 or more",0.13493914000000007,Q2,inferred,,Inferred from occupation,"$100,000 or more",high,low,0.5792214579999999,0.7150465385538903,-0.13582508055389042
GAP21Q19_a_W82,socioeco,"Less than $30,000","$100,000 or more",0.055325972342267715,Q1,inferred,,Inferred from occupation,"$100,000 or more",high,low,0.9632438295017984,1.4168062180195415,-0.4535623885177431
GAP21Q19_b_W82,socioeco,"Less than $30,000","$100,000 or more",0.12458802229797714,Q2,inferred,,Inferred from occupation,"$100,000 or more",high,low,1.1612287936136862,0.5404517420797607,0.6207770515339256
GAP21Q19_c_W82,socioeco,"Less than $30,000","$100,000 or more",0.29524796,Q4,inferred,,Inferred from occupation,"$100,000 or more",high,low,0.3717852450382835,0.364832405113991,0.006952839924292464
GAP21Q19_d_W82,socioeco,"Less than $30,000","$100,000 or more",0.5132924700000001,Q4,inferred,,Inferred from occupation,"$100,000 or more",high,low,0.6230362466821208,0.7681285029318345,-0.14509225624971378
GAP21Q19_e_W82,socioeco,"Less than $30,000","$100,000 or more",0.27126272286706676,Q3,inferred,,Inferred from occupation,"$100,000 or more",high,low,0.7231364933292013,0.8042745013473254,-0.0811380080181241
GAP21Q21_a_W82,socioeco,"Less than $30,000","$100,000 or more",0.3647694075765889,Q4,inferred,,Inferred from occupation,"$100,000 or more",high,low,0.31846077000909856,0.36738410009329736,-0.0489233300841988
GAP21Q21_e_W82,socioeco,"Less than $30,000","$100,000 or more",0.24190151000000013,Q3,inferred,,Inferred from occupation,"$100,000 or more",high,low,0.7209028815459764,0.6911612465494281,0.02974163499654825
GAP21Q23_W82,socioeco,"Less than $30,000","$100,000 or more",0.2773122800000001,Q4,inferred,,Inferred from occupation,"$100,000 or more",high,low,1.1756990815126618,1.2922856776622424,-0.11658659614958067
GAP21Q24_W82,socioeco,"Less than $30,000","$100,000 or more",0.11249851000000005,Q2,inferred,,Inferred from occupation,"$100,000 or more",high,low,0.7242032156563672,0.4522305952609612,0.27197262039540604
GAP21Q25_W82,socioeco,"Less than $30,000","$100,000 or more",0.127366656104614,Q2,inferred,,Inferred from occupation,"$100,000 or more",high,low,0.7928590489351531,1.2881820113946414,-0.49532296245948826
GAP21Q26_a_W82,socioeco,"Less than $30,000","$100,000 or more",0.2012450600000001,Q3,inferred,,Inferred from occupation,"$100,000 or more",high,low,1.2524021090291404,1.2574593633753954,-0.005057254346255036
GAP21Q26_b_W82,socioeco,"Less than $30,000","$100,000 or more",0.08583910250991147,Q2,inferred,,Inferred from occupation,"$100,000 or more",high,low,1.4634468415118729,1.3536836851403926,0.10976315637148026
GAP21Q26_c_W82,socioeco,"Less than $30,000","$100,000 or more",0.2926978,Q4,inferred,,Inferred from occupation,"$100,000 or more",high,low,1.2620990611580336,0.8999367718893355,0.3621622892686981
GAP21Q27_W82,socioeco,"Less than $30,000","$100,000 or more",0.03222672500000001,Q1,inferred,,Inferred from occupation,"$100,000 or more",high,low,0.2464102233986812,0.26529587808373706,-0.018885654685055847
GAP21Q28_W82,socioeco,"Less than $30,000","$100,000 or more",0.15857010437166036,Q3,inferred,,Inferred from occupation,"$100,000 or more",high,low,1.1603970892201398,0.7929947761085087,0.3674023131116312
GAP21Q31_W82,socioeco,"Less than $30,000","$100,000 or more",0.12291164000000049,Q2,inferred,,Inferred from occupation,"$100,000 or more",high,low,0.4033548970669615,0.4594334827727581,-0.0560785857057966
GAP21Q32_W82,socioeco,"Less than $30,000","$100,000 or more",0.2688368,Q3,inferred,,Inferred from occupation,"$100,000 or more",high,low,0.45743367223419207,0.49621888607608966,-0.03878521384189759
GAP21Q33_c_W82,socioeco,"Less than $30,000","$100,000 or more",0.15202859880904152,Q3,inferred,,Inferred from occupation,"$100,000 or more",high,low,0.4253965966630444,0.4316413403065432,-0.006244743643498807
GAP21Q33_g_W82,socioeco,"Less than $30,000","$100,000 or more",0.07489342000000004,Q1,inferred,,Inferred from occupation,"$100,000 or more",high,low,0.6061936115297895,0.781797286795486,-0.17560367526569653
GAP21Q33_i_W82,socioeco,"Less than $30,000","$100,000 or more",0.07720334708349519,Q1,inferred,,Inferred from occupation,"$100,000 or more",high,low,0.668154631848372,0.8028744038385173,-0.1347197719901453
GAP21Q33_j_W82,socioeco,"Less than $30,000","$100,000 or more",0.13679509999999995,Q2,inferred,,Inferred from occupation,"$100,000 or more",high,low,0.25441966088644324,0.33348971199105343,-0.07907005110461018
GAP21Q33_m_W82,socioeco,"Less than $30,000","$100,000 or more",0.04198813315119898,Q1,inferred,,Inferred from occupation,"$100,000 or more",high,low,0.48876185632790836,0.39578599440221063,0.09297586192569773
GAP21Q33_n_W82,socioeco,"Less than $30,000","$100,000 or more",0.06885159214314074,Q1,inferred,,Inferred from occupation,"$100,000 or more",high,low,0.6056926980648374,0.6388045967112779,-0.033111898646440485
GAP21Q33_q_W82,socioeco,"Less than $30,000","$100,000 or more",0.11704079999999989,Q2,inferred,,Inferred from occupation,"$100,000 or more",high,low,0.4738103168024631,0.47165732183505904,0.002152994967404065
GAP21Q33_r_W82,socioeco,"Less than $30,000","$100,000 or more",0.09210742081818521,Q2,inferred,,Inferred from occupation,"$100,000 or more",high,low,0.4809978707795268,0.48003001071350504,0.0009678600660217862
GAP21Q33_s_W82,socioeco,"Less than $30,000","$100,000 or more",0.38899956999999996,Q4,inferred,,Inferred from occupation,"$100,000 or more",high,low,0.15865883660003882,0.22134736294585142,-0.0626885263458126
GAP21Q34_a_W82,socioeco,"Less than $30,000","$100,000 or more",0.07135351448868205,Q1,inferred,,Inferred from occupation,"$100,000 or more",high,low,0.4756113478678788,1.21821454922475,-0.7426032013568713
GAP21Q34_b_W82,socioeco,"Less than $30,000","$100,000 or more",0.12771381000000004,Q2,inferred,,Inferred from occupation,"$100,000 or more",high,low,1.3231257260000002,1.5051581092794877,-0.18203238327948745
GAP21Q34_c_W82,socioeco,"Less than $30,000","$100,000 or more",0.030174959999999973,Q1,inferred,,Inferred from occupation,"$100,000 or more",high,low,1.0390456979558245,1.437434726458744,-0.39838902850291946
GAP21Q34_d_W82,socioeco,"Less than $30,000","$100,000 or more",0.06538488999999995,Q1,inferred,,Inferred from occupation,"$100,000 or more",high,low,0.4867881655924866,1.0208165923235444,-0.5340284267310578
GAP21Q34_e_W82,socioeco,"Less than $30,000","$100,000 or more",0.1939408519509162,Q3,inferred,,Inferred from occupation,"$100,000 or more",high,low,0.5215762243832841,1.5736195008504597,-1.0520432764671757
GAP21Q34_f_W82,socioeco,"Less than $30,000","$100,000 or more",0.17810390430356307,Q3,inferred,,Inferred from occupation,"$100,000 or more",high,low,0.5619972299092955,1.00721579431352,-0.4452185644042246
GAP21Q38_a_W82,socioeco,"Less than $30,000","$100,000 or more",0.23009285000000002,Q3,inferred,,Inferred from occupation,"$100,000 or more",high,low,0.4783553670479561,0.6410952252614402,-0.16273985821348413
GAP21Q38_b_W82,socioeco,"Less than $30,000","$100,000 or more",0.08343642208774316,Q2,inferred,,Inferred from occupation,"$100,000 or more",high,low,0.2777006498597356,0.43051857215971573,-0.15281792229998015
GAP21Q38_c_W82,socioeco,"Less than $30,000","$100,000 or more",0.16120215,Q3,inferred,,Inferred from occupation,"$100,000 or more",high,low,0.26464553541984487,0.3068011634206198,-0.042155628000774936
GAP21Q41_W82,socioeco,"Less than $30,000","$100,000 or more",0.20232576999999993,Q3,inferred,,Inferred from occupation,"$100,000 or more",high,low,1.51587251110973,1.2384260725312999,0.2774464385784301
GAP21Q43_g_W82,socioeco,"Less than $30,000","$100,000 or more",0.09638633724505746,Q2,inferred,,Inferred from occupation,"$100,000 or more",high,low,0.5681995614741653,0.524192263634925,0.04400729783924029
GAP21Q47_W82,socioeco,"Less than $30,000","$100,000 or more",0.11171348999999992,Q2,inferred,,Inferred from occupation,"$100,000 or more",high,low,1.215031633236051,1.2624828082430146,-0.04745117500696372
GAP21Q4_a_W82,socioeco,"Less than $30,000","$100,000 or more",0.026012791467974805,Q1,inferred,,Inferred from occupation,"$100,000 or more",high,low,0.7268910305643983,0.9363446932397372,-0.20945366267533894
GAP21Q4_b_W82,socioeco,"Less than $30,000","$100,000 or more",0.22835342,Q3,inferred,,Inferred from occupation,"$100,000 or more",high,low,0.8212341590426164,0.6924411903358396,0.1287929687067768
GAP21Q4_c_W82,socioeco,"Less than $30,000","$100,000 or more",0.3291946643863376,Q4,inferred,,Inferred from occupation,"$100,000 or more",high,low,0.7735133169602673,0.7964627648020111,-0.022949447841743797
GAP21Q4_d_W82,socioeco,"Less than $30,000","$100,000 or more",0.3097513753157959,Q4,inferred,,Inferred from occupation,"$100,000 or more",high,low,0.7286073455044821,0.9086843042989546,-0.1800769587944725
GAP21Q4_e_W82,socioeco,"Less than $30,000","$100,000 or more",0.18866301445373918,Q3,inferred,,Inferred from occupation,"$100,000 or more",high,low,0.7800961616120289,0.6779847713343211,0.10211139027770777
GAP21Q4_f_W82,socioeco,"Less than $30,000","$100,000 or more",0.36122027834048454,Q4,inferred,,Inferred from occupation,"$100,000 or more",high,low,0.6994209685729323,0.8753562862660088,-0.17593531769307647
GAP21Q7_a_W82,socioeco,"Less than $30,000","$100,000 or more",0.24657888933769098,Q3,inferred,,Inferred from occupation,"$100,000 or more",high,low,1.103884037337691,0.7028872173376909,0.40099682000000014
GAP21Q7_b_W82,socioeco,"Less than $30,000","$100,000 or more",0.08214427736386419,Q2,inferred,,Inferred from occupation,"$100,000 or more",high,low,0.636066876429918,0.6907764181402227,-0.05470954171030473
GAP21Q7_d_W82,socioeco,"Less than $30,000","$100,000 or more",0.14067960999999998,Q2,inferred,,Inferred from occupation,"$100,000 or more",high,low,1.0783697910545043,0.9646593318347996,0.11371045921970468
BILLION_W92,socioeco,"Less than $30,000","$100,000 or more",0.02978101938608066,Q1,inferred,,Inferred from occupation,"$100,000 or more",high,low,0.212356990990758,0.17416220126067616,0.038194789730081835
CANDEXP_W92,socioeco,"Less than $30,000","$100,000 or more",0.38432546343560103,Q4,inferred,,Inferred from occupation,"$100,000 or more",high,low,0.6536586231567835,0.610220153302122,0.04343846985466149
ELECT_CONF3_PRVFR_W92,socioeco,"Less than $30,000","$100,000 or more",0.07665973000000004,Q1,inferred,,Inferred from occupation,"$100,000 or more",high,low,1.4172424360000002,1.486433027980588,-0.06919059198058775
ELECT_CONF3_PRVSUP_W92,socioeco,"Less than $30,000","$100,000 or more",0.014177215914685015,Q1,inferred,,Inferred from occupation,"$100,000 or more",high,low,0.3787330444620989,0.48859837384310745,-0.10986532938100857
ELECT_IMPT3_PRVFR_W92,socioeco,"Less than $30,000","$100,000 or more",0.21337091775522232,Q3,inferred,,Inferred from occupation,"$100,000 or more",high,low,1.930512901161388,2.1562596447581375,-0.2257467435967495
FREECOLL_W92,socioeco,"Less than $30,000","$100,000 or more",0.7192056458643618,Q4,inferred,,Inferred from occupation,"$100,000 or more",high,low,1.2658462287644197,1.2978402020924427,-0.031993973328023007
GODMORALIMP_W92,socioeco,"Less than $30,000","$100,000 or more",0.40389864000000014,Q4,inferred,,Inferred from occupation,"$100,000 or more",high,low,0.56737315570985,0.5548087114777686,0.012564444232081473
LEGALIMMIGAMT_W92,socioeco,"Less than $30,000","$100,000 or more",0.21179610699382495,Q3,inferred,,Inferred from occupation,"$100,000 or more",high,low,0.641404302124782,0.7553356877198216,-0.11393138559503957
POLINTOL2_a_W92,socioeco,"Less than $30,000","$100,000 or more",0.1230989823740179,Q2,inferred,,Inferred from occupation,"$100,000 or more",high,low,0.9846659221630154,1.0478852031467125,-0.06321928098369711
PROG_RNEED_W92,socioeco,"Less than $30,000","$100,000 or more",0.14081083000000005,Q2,inferred,,Inferred from occupation,"$100,000 or more",high,low,0.29877187677218,0.19568517367471283,0.10308670309746715
RACESURV52MOD_W92,socioeco,"Less than $30,000","$100,000 or more",0.28140402281404026,Q4,inferred,,Inferred from occupation,"$100,000 or more",high,low,0.6831140191461524,0.7135526576534024,-0.030438638507249927
REPRSNTDEM_W92,socioeco,"Less than $30,000","$100,000 or more",0.21620070583638712,Q3,inferred,,Inferred from occupation,"$100,000 or more",high,low,0.5664408330097552,0.6762036924585619,-0.1097628594488067
REPRSNTREP_W92,socioeco,"Less than $30,000","$100,000 or more",0.05979986999999996,Q1,inferred,,Inferred from occupation,"$100,000 or more",high,low,0.5311523626447535,0.6186465078532366,-0.08749414520848309
SOCIETY_GUNS_W92,socioeco,"Less than $30,000","$100,000 or more",0.09286425000000009,Q2,inferred,,Inferred from occupation,"$100,000 or more",high,low,0.5964370724854957,0.5991373573883169,-0.0027002849028211484
SOCIETY_RELG_W92,socioeco,"Less than $30,000","$100,000 or more",0.20243634999999963,Q3,inferred,,Inferred from occupation,"$100,000 or more",high,low,1.5717322113242005,1.6501037287367428,-0.07837151741254234
SOCIETY_RHIST_W92,socioeco,"Less than $30,000","$100,000 or more",0.06103053999999991,Q1,inferred,,Inferred from occupation,"$100,000 or more",high,low,0.5528334531895813,0.8502169551578358,-0.29738350196825447
SOCIETY_SSM_W92,socioeco,"Less than $30,000","$100,000 or more",0.40171204000000005,Q4,inferred,,Inferred from occupation,"$100,000 or more",high,low,1.0776350005344684,1.2073551936291165,-0.1297201930946481
SOCIETY_TRANS_W92,socioeco,"Less than $30,000","$100,000 or more",0.25570156999999993,Q3,inferred,,Inferred from occupation,"$100,000 or more",high,low,0.6261404984528014,0.43956829470225045,0.18657220375055095
SOCIETY_WHT_W92,socioeco,"Less than $30,000","$100,000 or more",0.21401668289221548,Q3,inferred,,Inferred from occupation,"$100,000 or more",high,low,0.2630318764147498,0.22276406251083558,0.04026781390391421
UNIMMIGCOMM_W92,socioeco,"Less than $30,000","$100,000 or more",0.07423859233962395,Q1,inferred,,Inferred from occupation,"$100,000 or more",high,low,0.8369746711236707,0.7827797099545926,0.05419496116907818
USEXCEPT_W92,socioeco,"Less than $30,000","$100,000 or more",0.0511516699999999,Q1,inferred,,Inferred from occupation,"$100,000 or more",high,low,0.4867005958972621,0.6305822598180278,-0.14388166392076573
USMILSIZ_W92,socioeco,"Less than $30,000","$100,000 or more",0.2760008193970225,Q3,inferred,,Inferred from occupation,"$100,000 or more",high,low,0.4399338201956989,0.42043311887119234,0.019500701324506542
WHADVANT_W92,socioeco,"Less than $30,000","$100,000 or more",0.16967478329126467,Q3,inferred,,Inferred from occupation,"$100,000 or more",high,low,0.6092209583388195,0.6237008277465338,-0.014479869407714285
