qkey,class_label,wasserstein,regime,neutral_wasserstein,delta_vs_neutral
CARRYGUN_W26,low,0.562185436041774,Neutral (N=0),0.562185436041774,0.0
CARRYGUN_W26,high,0.8092498921485833,Neutral (N=0),0.8092498921485833,0.0
GROWUPGUN2A_W26,low,0.03217136049465963,Neutral (N=0),0.03217136049465963,0.0
GROWUPGUN2A_W26,high,0.12986527049465968,Neutral (N=0),0.12986527049465968,0.0
GROWUPGUN2B_W26,low,0.27934820932083326,Neutral (N=0),0.27934820932083326,0.0
GROWUPGUN2B_W26,high,0.28773897932083325,Neutral (N=0),0.28773897932083325,0.0
GROWUPGUN2C_W26,low,0.4385289560678808,Neutral (N=0),0.4385289560678808,0.0
GROWUPGUN2C_W26,high,0.4581125260678808,Neutral (N=0),0.4581125260678808,0.0
GROWUPGUN4_W26,low,0.6709256015464227,Neutral (N=0),0.6709256015464227,0.0
GROWUPGUN4_W26,high,0.6672752215464226,Neutral (N=0),0.6672752215464226,0.0
GROWUPGUN6_W26,low,0.7187051391257266,Neutral (N=0),0.7187051391257266,0.0
GROWUPGUN6_W26,high,0.76609567722382,Neutral (N=0),0.76609567722382,0.0
GROWUPGUN7_W26,low,0.570246663591608,Neutral (N=0),0.570246663591608,0.0
GROWUPGUN7_W26,high,0.7091966648582382,Neutral (N=0),0.7091966648582382,0.0
GROWUPVIOL_W26,low,0.5169493438417354,Neutral (N=0),0.5169493438417354,0.0
GROWUPVIOL_W26,high,0.8313301690992967,Neutral (N=0),0.8313301690992967,0.0
GUNACCESS_W26,low,0.5746746798394402,Neutral (N=0),0.5746746798394402,0.0
GUNACCESS_W26,high,0.8211756575687388,Neutral (N=0),0.8211756575687388,0.0
GUNACTIVITYA_W26,low,1.3107140393804046,Neutral (N=0),1.3107140393804046,0.0
GUNACTIVITYA_W26,high,1.3274502237608012,Neutral (N=0),1.3274502237608012,0.0
GUNACTIVITYB_W26,low,0.47260287527397127,Neutral (N=0),0.47260287527397127,0.0
GUNACTIVITYB_W26,high,0.4620916974957516,Neutral (N=0),0.4620916974957516,0.0
GUNCONTRIBA_W26,low,0.7508516340347928,Neutral (N=0),0.7508516340347928,0.0
GUNCONTRIBA_W26,high,0.8018029461574818,Neutral (N=0),0.8018029461574818,0.0
GUNCONTRIBC_W26,low,0.5777725325014725,Neutral (N=0),0.5777725325014725,0.0
GUNCONTRIBC_W26,high,0.8264631700502078,Neutral (N=0),0.8264631700502078,0.0
GUNCONTRIBE_W26,low,0.41195286610682164,Neutral (N=0),0.41195286610682164,0.0
GUNCONTRIBE_W26,high,0.4242704261068218,Neutral (N=0),0.4242704261068218,0.0
GUNCONTRIBF_W26,low,0.6515690226813737,Neutral (N=0),0.6515690226813737,0.0
GUNCONTRIBF_W26,high,0.6841907731580923,Neutral (N=0),0.6841907731580923,0.0
GUNFRIEND_W26,low,1.0491957148548254,Neutral (N=0),1.0491957148548254,0.0
GUNFRIEND_W26,high,1.0451743735645218,Neutral (N=0),1.0451743735645218,0.0
GUNIDENTITY_W26,low,1.2823689600000001,Neutral (N=0),1.2823689600000001,0.0
GUNIDENTITY_W26,high,1.13294555,Neutral (N=0),1.13294555,0.0
GUNLOADED1_W26,low,0.30908012000000007,Neutral (N=0),0.30908012000000007,0.0
GUNLOADED1_W26,high,0.24794504000000006,Neutral (N=0),0.24794504000000006,0.0
GUNLOADED2_W26,low,0.4423985514884963,Neutral (N=0),0.4423985514884963,0.0
GUNLOADED2_W26,high,0.5824962514884964,Neutral (N=0),0.5824962514884964,0.0
GUNLOCKED1_W26,low,0.31069062999999986,Neutral (N=0),0.31069062999999986,0.0
GUNLOCKED1_W26,high,0.31656438999999986,Neutral (N=0),0.31656438999999986,0.0
GUNLOCKED2_W26,low,0.39469778482939627,Neutral (N=0),0.39469778482939627,0.0
GUNLOCKED2_W26,high,0.2581998448293963,Neutral (N=0),0.2581998448293963,0.0
GUNRESPKIDSD_W26,low,1.0755602567510028,Neutral (N=0),1.0755602567510028,0.0
GUNRESPKIDSD_W26,high,1.3900919696010856,Neutral (N=0),1.3900919696010856,0.0
GUNRESPKIDSE_W26,low,0.5413062923995199,Neutral (N=0),0.5413062923995199,0.0
GUNRESPKIDSE_W26,high,0.7792053925910939,Neutral (N=0),0.7792053925910939,0.0
GUNRESPNOKIDSA_W26,low,0.28500218816155254,Neutral (N=0),0.28500218816155254,0.0
GUNRESPNOKIDSA_W26,high,0.2948474327423376,Neutral (N=0),0.2948474327423376,0.0
GUNRESPNOKIDSB_W26,low,0.23137413366465942,Neutral (N=0),0.23137413366465942,0.0
GUNRESPNOKIDSB_W26,high,0.21730635352398187,Neutral (N=0),0.21730635352398187,0.0
GUNRESPNOKIDSC_W26,low,0.4542663545426635,Neutral (N=0),0.4542663545426635,0.0
GUNRESPNOKIDSC_W26,high,0.59178601591786,Neutral (N=0),0.59178601591786,0.0
GUNRESPNOKIDSD_W26,low,0.2867307864506975,Neutral (N=0),0.2867307864506975,0.0
GUNRESPNOKIDSD_W26,high,0.43561646645069757,Neutral (N=0),0.43561646645069757,0.0
GUNRESPNOKIDSE_W26,low,0.12286588663263892,Neutral (N=0),0.12286588663263892,0.0
GUNRESPNOKIDSE_W26,high,0.2678136675702377,Neutral (N=0),0.2678136675702377,0.0
GUNRESPNOKIDSF_W26,low,0.20900958293058824,Neutral (N=0),0.20900958293058824,0.0
GUNRESPNOKIDSF_W26,high,0.2986830763339536,Neutral (N=0),0.2986830763339536,0.0
GUNSAFETYKIDS_W26,low,0.13476941358642633,Neutral (N=0),0.13476941358642633,0.0
GUNSAFETYKIDS_W26,high,0.15298586358642627,Neutral (N=0),0.15298586358642627,0.0
GUNSAFE_W26,low,0.022252737291682423,Neutral (N=0),0.022252737291682423,0.0
GUNSAFE_W26,high,0.04213690593278979,Neutral (N=0),0.04213690593278979,0.0
GUNTYPEOWNC_W26,low,1.0835046507030066,Neutral (N=0),1.0835046507030066,0.0
GUNTYPEOWNC_W26,high,0.7091909584979226,Neutral (N=0),0.7091909584979226,0.0
NOCARRYGUN_W26,low,0.25805487000000005,Neutral (N=0),0.25805487000000005,0.0
NOCARRYGUN_W26,high,0.26993812000000006,Neutral (N=0),0.26993812000000006,0.0
REASONGUNA_W26,low,1.2514506743712683,Neutral (N=0),1.2514506743712683,0.0
REASONGUNA_W26,high,1.090232414371268,Neutral (N=0),1.090232414371268,0.0
REASONGUNB_W26,low,0.8662216413377837,Neutral (N=0),0.8662216413377837,0.0
REASONGUNB_W26,high,0.7356987721598262,Neutral (N=0),0.7356987721598262,0.0
REASONGUNC_W26,low,0.7743131845669469,Neutral (N=0),0.7743131845669469,0.0
REASONGUNC_W26,high,0.9369672251969161,Neutral (N=0),0.9369672251969161,0.0
REASONGUND_W26,low,0.34994889640587257,Neutral (N=0),0.34994889640587257,0.0
REASONGUND_W26,high,0.26901158640587264,Neutral (N=0),0.26901158640587264,0.0
REASONGUNE_W26,low,0.250158041853468,Neutral (N=0),0.250158041853468,0.0
REASONGUNE_W26,high,0.324059391853468,Neutral (N=0),0.324059391853468,0.0
SHOOTFREQ_W26,low,0.56084015,Neutral (N=0),0.56084015,0.0
SHOOTFREQ_W26,high,0.8037213005774363,Neutral (N=0),0.8037213005774363,0.0
WORRYB_W26,low,0.3922289149137286,Neutral (N=0),0.3922289149137286,0.0
WORRYB_W26,high,0.18572126783833115,Neutral (N=0),0.18572126783833115,0.0
WORRYD_W26,low,0.2519027009349155,Neutral (N=0),0.2519027009349155,0.0
WORRYD_W26,high,0.4289895290650844,Neutral (N=0),0.4289895290650844,0.0
WORRYE_W26,low,0.3236116435166533,Neutral (N=0),0.3236116435166533,0.0
WORRYE_W26,high,0.289513692677694,Neutral (N=0),0.289513692677694,0.0
WORRYF_W26,low,0.19090286553316477,Neutral (N=0),0.19090286553316477,0.0
WORRYF_W26,high,0.22188820092726685,Neutral (N=0),0.22188820092726685,0.0
BOYSF1B_W29,low,0.35681879482753365,Neutral (N=0),0.35681879482753365,0.0
BOYSF1B_W29,high,0.32525690982753364,Neutral (N=0),0.32525690982753364,0.0
FAVORS_CPS_W29,low,1.0231469610292103,Neutral (N=0),1.0231469610292103,0.0
FAVORS_CPS_W29,high,0.8995611025998702,Neutral (N=0),0.8995611025998702,0.0
FEM2_W29,low,1.562181729550815,Neutral (N=0),1.562181729550815,0.0
FEM2_W29,high,1.4276677179467483,Neutral (N=0),1.4276677179467483,0.0
GIRLSF2C_W29,low,0.33054924499999994,Neutral (N=0),0.33054924499999994,0.0
GIRLSF2C_W29,high,0.3578168873734463,Neutral (N=0),0.3578168873734463,0.0
GIRLSF2D_W29,low,0.334162953359998,Neutral (N=0),0.334162953359998,0.0
GIRLSF2D_W29,high,0.3152090416789123,Neutral (N=0),0.3152090416789123,0.0
GOPDIRCT_W29,low,0.8666008995250569,Neutral (N=0),0.8666008995250569,0.0
GOPDIRCT_W29,high,0.8631342685599692,Neutral (N=0),0.8631342685599692,0.0
HOOD_NHISB_W29,low,1.4682733206218357,Neutral (N=0),1.4682733206218357,0.0
HOOD_NHISB_W29,high,2.0025967233032618,Neutral (N=0),2.0025967233032618,0.0
LOCALELECT_W29,low,0.6344107494167093,Neutral (N=0),0.6344107494167093,0.0
LOCALELECT_W29,high,1.3099163430991632,Neutral (N=0),1.3099163430991632,0.0
MAN1A_W29,low,0.4765398639676138,Neutral (N=0),0.4765398639676138,0.0
MAN1A_W29,high,0.5632699139676137,Neutral (N=0),0.5632699139676137,0.0
MAN1B_W29,low,0.4582561687944937,Neutral (N=0),0.4582561687944937,0.0
MAN1B_W29,high,0.2483141710312822,Neutral (N=0),0.2483141710312822,0.0
MAN1C_W29,low,0.8172429935098655,Neutral (N=0),0.8172429935098655,0.0
MAN1C_W29,high,0.43497904228609746,Neutral (N=0),0.43497904228609746,0.0
MAN1D_W29,low,0.8015052481827828,Neutral (N=0),0.8015052481827828,0.0
MAN1D_W29,high,0.6137200227343736,Neutral (N=0),0.6137200227343736,0.0
MAN1E_W29,low,0.74375103256249,Neutral (N=0),0.74375103256249,0.0
MAN1E_W29,high,0.5051143635442241,Neutral (N=0),0.5051143635442241,0.0
MASC2_W29,low,1.412732679434746,Neutral (N=0),1.412732679434746,0.0
MASC2_W29,high,1.4844555794347458,Neutral (N=0),1.4844555794347458,0.0
S12_W29,low,1.0546763849584426,Neutral (N=0),1.0546763849584426,0.0
S12_W29,high,1.6471914336701379,Neutral (N=0),1.6471914336701379,0.0
S13_W29,low,1.9028299383591756,Neutral (N=0),1.9028299383591756,0.0
S13_W29,high,2.0874768652267903,Neutral (N=0),2.0874768652267903,0.0
SEENFEM_W29,low,0.8415548145495213,Neutral (N=0),0.8415548145495213,0.0
SEENFEM_W29,high,0.7506193145495214,Neutral (N=0),0.7506193145495214,0.0
SEENMASC_W29,low,0.4654180132923619,Neutral (N=0),0.4654180132923619,0.0
SEENMASC_W29,high,0.4972989960545579,Neutral (N=0),0.4972989960545579,0.0
TALK_CPS_W29,low,0.8413356023144112,Neutral (N=0),0.8413356023144112,0.0
TALK_CPS_W29,high,1.0081003793048786,Neutral (N=0),1.0081003793048786,0.0
WORRYBILL_W29,low,0.9540988397839552,Neutral (N=0),0.9540988397839552,0.0
WORRYBILL_W29,high,0.5288422699535994,Neutral (N=0),0.5288422699535994,0.0
CLASS_W32,low,0.7175264530420825,Neutral (N=0),0.7175264530420825,0.0
CLASS_W32,high,0.60619100787618,Neutral (N=0),0.60619100787618,0.0
COMMIMPA_W32,low,0.5757115023424748,Neutral (N=0),0.5757115023424748,0.0
COMMIMPA_W32,high,0.6047698855411118,Neutral (N=0),0.6047698855411118,0.0
COMMIMPB_W32,low,0.3385713884556586,Neutral (N=0),0.3385713884556586,0.0
COMMIMPB_W32,high,0.3226877884556586,Neutral (N=0),0.3226877884556586,0.0
COMMIMPC_W32,low,0.8378333967290258,Neutral (N=0),0.8378333967290258,0.0
COMMIMPC_W32,high,0.9218352765305291,Neutral (N=0),0.9218352765305291,0.0
COMMIMPF_W32,low,0.5642937129235306,Neutral (N=0),0.5642937129235306,0.0
COMMIMPF_W32,high,0.5953102329235306,Neutral (N=0),0.5953102329235306,0.0
COMMIMPG_W32,low,0.6695094300000001,Neutral (N=0),0.6695094300000001,0.0
COMMIMPG_W32,high,0.6643714952124676,Neutral (N=0),0.6643714952124676,0.0
COMMIMPH_W32,low,0.8408597694893232,Neutral (N=0),0.8408597694893232,0.0
COMMIMPH_W32,high,0.6494569652439894,Neutral (N=0),0.6494569652439894,0.0
COMMYRS_W32,low,1.0417212879798896,Neutral (N=0),1.0417212879798896,0.0
COMMYRS_W32,high,0.898862277623674,Neutral (N=0),0.898862277623674,0.0
ETHNCMAJ_W32,low,0.09955660791499678,Neutral (N=0),0.09955660791499678,0.0
ETHNCMAJ_W32,high,0.06091634576506366,Neutral (N=0),0.06091634576506366,0.0
GAYMARR2_W32,low,0.49034480114034223,Neutral (N=0),0.49034480114034223,0.0
GAYMARR2_W32,high,0.7166355419232661,Neutral (N=0),0.7166355419232661,0.0
HARASS2F1_W32,low,0.11352220644268525,Neutral (N=0),0.11352220644268525,0.0
HARASS2F1_W32,high,0.03236647719384128,Neutral (N=0),0.03236647719384128,0.0
IMMIMPACT_W32,low,0.13702655028756622,Neutral (N=0),0.13702655028756622,0.0
IMMIMPACT_W32,high,0.19476951819608807,Neutral (N=0),0.19476951819608807,0.0
MOVERURAL_W32,low,0.22655006333881234,Neutral (N=0),0.22655006333881234,0.0
MOVERURAL_W32,high,0.23938529089910732,Neutral (N=0),0.23938529089910732,0.0
MOVESUBURB_W32,low,0.3241749992869186,Neutral (N=0),0.3241749992869186,0.0
MOVESUBURB_W32,high,0.3452819396377574,Neutral (N=0),0.3452819396377574,0.0
MOVEURBAN_W32,low,0.37459281966782443,Neutral (N=0),0.37459281966782443,0.0
MOVEURBAN_W32,high,0.4313394256866058,Neutral (N=0),0.4313394256866058,0.0
NEIGHINTERA_W32,low,0.4695435356177722,Neutral (N=0),0.4695435356177722,0.0
NEIGHINTERA_W32,high,0.487454449835133,Neutral (N=0),0.487454449835133,0.0
NEIGHINTERB_W32,low,1.7531291096065869,Neutral (N=0),1.7531291096065869,0.0
NEIGHINTERB_W32,high,2.086843158344742,Neutral (N=0),2.086843158344742,0.0
NEIGHKIDS_W32,low,0.35318877883771105,Neutral (N=0),0.35318877883771105,0.0
NEIGHKIDS_W32,high,0.24505252883771103,Neutral (N=0),0.24505252883771103,0.0
NEIGHSAMEA_W32,low,0.8440973819688463,Neutral (N=0),0.8440973819688463,0.0
NEIGHSAMEA_W32,high,1.1658512982334468,Neutral (N=0),1.1658512982334468,0.0
SATLIFED_W32,low,0.6624879377224961,Neutral (N=0),0.6624879377224961,0.0
SATLIFED_W32,high,0.796740600434219,Neutral (N=0),0.796740600434219,0.0
SOCTRUST2_W32,low,0.2142139819317569,Neutral (N=0),0.2142139819317569,0.0
SOCTRUST2_W32,high,0.4746176119317569,Neutral (N=0),0.4746176119317569,0.0
VALUERURAL_W32,low,0.5573433096296921,Neutral (N=0),0.5573433096296921,0.0
VALUERURAL_W32,high,0.5348017396296922,Neutral (N=0),0.5348017396296922,0.0
WHADVANT_W32,low,0.6866556418043197,Neutral (N=0),0.6866556418043197,0.0
WHADVANT_W32,high,0.6733020318043197,Neutral (N=0),0.6733020318043197,0.0
WILLMOVE_W32,low,1.3827327387798176,Neutral (N=0),1.3827327387798176,0.0
WILLMOVE_W32,high,1.3964128224287353,Neutral (N=0),1.3964128224287353,0.0
EAT1_W34,low,0.7196750460834848,Neutral (N=0),0.7196750460834848,0.0
EAT1_W34,high,1.0102473860834849,Neutral (N=0),1.0102473860834849,0.0
EAT2_W34,low,0.9959068875110901,Neutral (N=0),0.9959068875110901,0.0
EAT2_W34,high,0.7542544992514354,Neutral (N=0),0.7542544992514354,0.0
EAT5B_W34,low,0.373864602206104,Neutral (N=0),0.373864602206104,0.0
EAT5B_W34,high,0.42993773972519733,Neutral (N=0),0.42993773972519733,0.0
EAT5C_W34,low,0.3050386557647713,Neutral (N=0),0.3050386557647713,0.0
EAT5C_W34,high,0.31317340576477115,Neutral (N=0),0.31317340576477115,0.0
EAT5D_W34,low,0.3917829128601109,Neutral (N=0),0.3917829128601109,0.0
EAT5D_W34,high,0.49985935654256597,Neutral (N=0),0.49985935654256597,0.0
EVOBIOA_W34,low,0.2767722376004099,Neutral (N=0),0.2767722376004099,0.0
EVOBIOA_W34,high,0.008304657600409882,Neutral (N=0),0.008304657600409882,0.0
EVOBIOB_W34,low,0.36295319000000004,Neutral (N=0),0.36295319000000004,0.0
EVOBIOB_W34,high,0.16793347999999997,Neutral (N=0),0.16793347999999997,0.0
EVOPERS3_W34,low,0.4367878578096068,Neutral (N=0),0.4367878578096068,0.0
EVOPERS3_W34,high,0.3847715474768579,Neutral (N=0),0.3847715474768579,0.0
EVOTHREE_W34,low,0.001606870000000038,Neutral (N=0),0.001606870000000038,0.0
EVOTHREE_W34,high,0.10774671000000002,Neutral (N=0),0.10774671000000002,0.0
FUD22_W34,low,0.7445208217730707,Neutral (N=0),0.7445208217730707,0.0
FUD22_W34,high,0.751552750650436,Neutral (N=0),0.751552750650436,0.0
FUD24_W34,low,0.012156302678282827,Neutral (N=0),0.012156302678282827,0.0
FUD24_W34,high,0.05042315010831974,Neutral (N=0),0.05042315010831974,0.0
FUD33B_W34,low,0.17208028450418694,Neutral (N=0),0.17208028450418694,0.0
FUD33B_W34,high,0.22271162123549007,Neutral (N=0),0.22271162123549007,0.0
FUD35_W34,low,0.7712873699999999,Neutral (N=0),0.7712873699999999,0.0
FUD35_W34,high,0.832086822854972,Neutral (N=0),0.832086822854972,0.0
FUD37A_W34,low,0.9010057968302457,Neutral (N=0),0.9010057968302457,0.0
FUD37A_W34,high,0.7112469138202474,Neutral (N=0),0.7112469138202474,0.0
FUD37B_W34,low,0.48262466073193583,Neutral (N=0),0.48262466073193583,0.0
FUD37B_W34,high,0.3252002999999999,Neutral (N=0),0.3252002999999999,0.0
FUD37C_W34,low,0.5416194304516043,Neutral (N=0),0.5416194304516043,0.0
FUD37C_W34,high,0.7835466600424921,Neutral (N=0),0.7835466600424921,0.0
BETTERBIZ1F2D_W36,low,0.08183622275936754,Neutral (N=0),0.08183622275936754,0.0
BETTERBIZ1F2D_W36,high,0.09406875793899618,Neutral (N=0),0.09406875793899618,0.0
BETTERBIZ1F2E_W36,low,0.06319457,Neutral (N=0),0.06319457,0.0
BETTERBIZ1F2E_W36,high,0.15308994499999998,Neutral (N=0),0.15308994499999998,0.0
BETTERBIZ1F2H_W36,low,0.029669596004223392,Neutral (N=0),0.029669596004223392,0.0
BETTERBIZ1F2H_W36,high,0.07640866499999999,Neutral (N=0),0.07640866499999999,0.0
BETTERBIZ2F2C_W36,low,0.029213599991917222,Neutral (N=0),0.029213599991917222,0.0
BETTERBIZ2F2C_W36,high,0.05474808500808275,Neutral (N=0),0.05474808500808275,0.0
BETTERBIZ2F2E_W36,low,0.06957138523655151,Neutral (N=0),0.06957138523655151,0.0
BETTERBIZ2F2E_W36,high,0.06698152482434516,Neutral (N=0),0.06698152482434516,0.0
BETTERBIZ2F2F_W36,low,0.20855110354245615,Neutral (N=0),0.20855110354245615,0.0
BETTERBIZ2F2F_W36,high,0.16986703354245622,Neutral (N=0),0.16986703354245622,0.0
BETTERPOL1F1B_W36,low,0.25821616425464555,Neutral (N=0),0.25821616425464555,0.0
BETTERPOL1F1B_W36,high,0.3251969642546455,Neutral (N=0),0.3251969642546455,0.0
BETTERPOL1F1E_W36,low,0.10037125166368918,Neutral (N=0),0.10037125166368918,0.0
BETTERPOL1F1E_W36,high,0.1363972316636892,Neutral (N=0),0.1363972316636892,0.0
BETTERPOL1F1I_W36,low,0.2197096328649184,Neutral (N=0),0.2197096328649184,0.0
BETTERPOL1F1I_W36,high,0.24869557786491842,Neutral (N=0),0.24869557786491842,0.0
BETTERPOL2F1A_W36,low,0.08886845999999995,Neutral (N=0),0.08886845999999995,0.0
BETTERPOL2F1A_W36,high,0.027717411092453847,Neutral (N=0),0.027717411092453847,0.0
BETTERPOL2F1C_W36,low,0.10269330083224425,Neutral (N=0),0.10269330083224425,0.0
BETTERPOL2F1C_W36,high,0.10249693083224426,Neutral (N=0),0.10249693083224426,0.0
BETTERPOL2F1D_W36,low,0.13036677952954345,Neutral (N=0),0.13036677952954345,0.0
BETTERPOL2F1D_W36,high,0.11038559599985347,Neutral (N=0),0.11038559599985347,0.0
BETTERPOL2F1F_W36,low,0.12778491730096986,Neutral (N=0),0.12778491730096986,0.0
BETTERPOL2F1F_W36,high,0.12117044736711459,Neutral (N=0),0.12117044736711459,0.0
E5_W36,low,0.12714406947016665,Neutral (N=0),0.12714406947016665,0.0
E5_W36,high,0.35291041944574175,Neutral (N=0),0.35291041944574175,0.0
ESSENBIZF2E_W36,low,0.51499763,Neutral (N=0),0.51499763,0.0
ESSENBIZF2E_W36,high,0.4289918348989086,Neutral (N=0),0.4289918348989086,0.0
ESSENBIZF2J_W36,low,0.2589437311921544,Neutral (N=0),0.2589437311921544,0.0
ESSENBIZF2J_W36,high,0.43202478119215443,Neutral (N=0),0.43202478119215443,0.0
ESSENPOLF1A_W36,low,0.05317326922363541,Neutral (N=0),0.05317326922363541,0.0
ESSENPOLF1A_W36,high,0.1758873045672218,Neutral (N=0),0.1758873045672218,0.0
ESSENPOLF1B_W36,low,0.18666894903016118,Neutral (N=0),0.18666894903016118,0.0
ESSENPOLF1B_W36,high,0.30684563563842526,Neutral (N=0),0.30684563563842526,0.0
ESSENPOLF1D_W36,low,0.17350238000000007,Neutral (N=0),0.17350238000000007,0.0
ESSENPOLF1D_W36,high,0.13516645000000005,Neutral (N=0),0.13516645000000005,0.0
ESSENPOLF1G_W36,low,0.45170548956610096,Neutral (N=0),0.45170548956610096,0.0
ESSENPOLF1G_W36,high,0.44147172956610103,Neutral (N=0),0.44147172956610103,0.0
ESSENPOLF1H_W36,low,0.17548547999999997,Neutral (N=0),0.17548547999999997,0.0
ESSENPOLF1H_W36,high,0.2915601200000001,Neutral (N=0),0.2915601200000001,0.0
HIGHEDWRNGB_W36,low,0.3152783105431629,Neutral (N=0),0.3152783105431629,0.0
HIGHEDWRNGB_W36,high,0.1437006205431629,Neutral (N=0),0.1437006205431629,0.0
HIGHEDWRNGC_W36,low,0.581615304205181,Neutral (N=0),0.581615304205181,0.0
HIGHEDWRNGC_W36,high,0.6775201179547345,Neutral (N=0),0.6775201179547345,0.0
IMPROVE1_W36,low,0.5109616086434904,Neutral (N=0),0.5109616086434904,0.0
IMPROVE1_W36,high,0.6107622587503643,Neutral (N=0),0.6107622587503643,0.0
IMPROVE2_W36,low,1.1384076904723148,Neutral (N=0),1.1384076904723148,0.0
IMPROVE2_W36,high,1.039460440472315,Neutral (N=0),1.039460440472315,0.0
IMPROVE3_W36,low,0.4817890011497397,Neutral (N=0),0.4817890011497397,0.0
IMPROVE3_W36,high,0.6170379893248115,Neutral (N=0),0.6170379893248115,0.0
MOREWMN1F2_W36,low,0.05334789070438245,Neutral (N=0),0.05334789070438245,0.0
MOREWMN1F2_W36,high,0.10824637747410987,Neutral (N=0),0.10824637747410987,0.0
POLCHF1_W36,low,1.0286130979012587,Neutral (N=0),1.0286130979012587,0.0
POLCHF1_W36,high,1.3654232199999998,Neutral (N=0),1.3654232199999998,0.0
TRAITBIZMF2C_W36,low,0.20713441000000005,Neutral (N=0),0.20713441000000005,0.0
TRAITBIZMF2C_W36,high,0.38180681,Neutral (N=0),0.38180681,0.0
TRAITBIZMF2D_W36,low,0.25720761000000003,Neutral (N=0),0.25720761000000003,0.0
TRAITBIZMF2D_W36,high,0.29943742789778305,Neutral (N=0),0.29943742789778305,0.0
TRAITBIZMF2E_W36,low,0.3019403719483564,Neutral (N=0),0.3019403719483564,0.0
TRAITBIZMF2E_W36,high,0.45778235694835634,Neutral (N=0),0.45778235694835634,0.0
TRAITBIZMF2G_W36,low,0.19006291499999997,Neutral (N=0),0.19006291499999997,0.0
TRAITBIZMF2G_W36,high,0.33139915500000006,Neutral (N=0),0.33139915500000006,0.0
TRAITBIZWF2C_W36,low,0.2481091119183506,Neutral (N=0),0.2481091119183506,0.0
TRAITBIZWF2C_W36,high,0.25497016191835065,Neutral (N=0),0.25497016191835065,0.0
TRAITBIZWF2D_W36,low,0.24748411377582813,Neutral (N=0),0.24748411377582813,0.0
TRAITBIZWF2D_W36,high,0.26773221718800194,Neutral (N=0),0.26773221718800194,0.0
TRAITBIZWF2E_W36,low,0.28177970512396566,Neutral (N=0),0.28177970512396566,0.0
TRAITBIZWF2E_W36,high,0.3369945501239657,Neutral (N=0),0.3369945501239657,0.0
TRAITBIZWF2G_W36,low,0.3063380231199855,Neutral (N=0),0.3063380231199855,0.0
TRAITBIZWF2G_W36,high,0.3645850545308006,Neutral (N=0),0.3645850545308006,0.0
TRAITPOLMF1B_W36,low,0.07747952450339146,Neutral (N=0),0.07747952450339146,0.0
TRAITPOLMF1B_W36,high,0.10871592309289438,Neutral (N=0),0.10871592309289438,0.0
TRAITPOLMF1C_W36,low,0.181619659859976,Neutral (N=0),0.181619659859976,0.0
TRAITPOLMF1C_W36,high,0.2699712607434921,Neutral (N=0),0.2699712607434921,0.0
TRAITPOLMF1D_W36,low,0.17468228440098726,Neutral (N=0),0.17468228440098726,0.0
TRAITPOLMF1D_W36,high,0.23935721440098734,Neutral (N=0),0.23935721440098734,0.0
TRAITPOLMF1E_W36,low,0.21084039813737465,Neutral (N=0),0.21084039813737465,0.0
TRAITPOLMF1E_W36,high,0.3692939381373746,Neutral (N=0),0.3692939381373746,0.0
TRAITPOLMF1F_W36,low,0.05405516251217039,Neutral (N=0),0.05405516251217039,0.0
TRAITPOLMF1F_W36,high,0.09181043751217038,Neutral (N=0),0.09181043751217038,0.0
TRAITPOLMF1G_W36,low,0.15684096028495959,Neutral (N=0),0.15684096028495959,0.0
TRAITPOLMF1G_W36,high,0.2991169202849596,Neutral (N=0),0.2991169202849596,0.0
TRAITPOLWF1A_W36,low,0.21568700680131114,Neutral (N=0),0.21568700680131114,0.0
TRAITPOLWF1A_W36,high,0.2530754456923278,Neutral (N=0),0.2530754456923278,0.0
TRAITPOLWF1C_W36,low,0.13448911879218092,Neutral (N=0),0.13448911879218092,0.0
TRAITPOLWF1C_W36,high,0.14732568336982413,Neutral (N=0),0.14732568336982413,0.0
TRAITPOLWF1D_W36,low,0.23385613738031585,Neutral (N=0),0.23385613738031585,0.0
TRAITPOLWF1D_W36,high,0.301845248247919,Neutral (N=0),0.301845248247919,0.0
TRAITPOLWF1E_W36,low,0.27314881885168696,Neutral (N=0),0.27314881885168696,0.0
TRAITPOLWF1E_W36,high,0.3299403822665401,Neutral (N=0),0.3299403822665401,0.0
TRAITPOLWF1F_W36,low,0.31068587667881076,Neutral (N=0),0.31068587667881076,0.0
TRAITPOLWF1F_W36,high,0.3297310466788107,Neutral (N=0),0.3297310466788107,0.0
TRAITPOLWF1G_W36,low,0.24074440972137792,Neutral (N=0),0.24074440972137792,0.0
TRAITPOLWF1G_W36,high,0.320493714721378,Neutral (N=0),0.320493714721378,0.0
WHYNOTBIZF2A_W36,low,1.0341323628385757,Neutral (N=0),1.0341323628385757,0.0
WHYNOTBIZF2A_W36,high,0.8700995428385757,Neutral (N=0),0.8700995428385757,0.0
WHYNOTBIZF2B_W36,low,1.0341770842299383,Neutral (N=0),1.0341770842299383,0.0
WHYNOTBIZF2B_W36,high,0.8587814542299383,Neutral (N=0),0.8587814542299383,0.0
WHYNOTBIZF2D_W36,low,0.311421804210963,Neutral (N=0),0.311421804210963,0.0
WHYNOTBIZF2D_W36,high,0.057428721131015464,Neutral (N=0),0.057428721131015464,0.0
WHYNOTBIZF2F_W36,low,0.28166843569093936,Neutral (N=0),0.28166843569093936,0.0
WHYNOTBIZF2F_W36,high,0.033734914309060664,Neutral (N=0),0.033734914309060664,0.0
WHYNOTBIZF2G_W36,low,0.6706355861135505,Neutral (N=0),0.6706355861135505,0.0
WHYNOTBIZF2G_W36,high,0.5775853161135505,Neutral (N=0),0.5775853161135505,0.0
WHYNOTBIZF2H_W36,low,1.1654554611072285,Neutral (N=0),1.1654554611072285,0.0
WHYNOTBIZF2H_W36,high,1.005740522911044,Neutral (N=0),1.005740522911044,0.0
WHYNOTBIZF2J_W36,low,0.981003210189968,Neutral (N=0),0.981003210189968,0.0
WHYNOTBIZF2J_W36,high,0.9110809520415524,Neutral (N=0),0.9110809520415524,0.0
WHYNOTBIZF2M_W36,low,0.6669325203715148,Neutral (N=0),0.6669325203715148,0.0
WHYNOTBIZF2M_W36,high,0.6027440519369531,Neutral (N=0),0.6027440519369531,0.0
WHYNOTBIZF2N_W36,low,0.5742653639616262,Neutral (N=0),0.5742653639616262,0.0
WHYNOTBIZF2N_W36,high,0.5773700739616263,Neutral (N=0),0.5773700739616263,0.0
WHYNOTBIZF2O_W36,low,1.1905906216270623,Neutral (N=0),1.1905906216270623,0.0
WHYNOTBIZF2O_W36,high,0.866300041917125,Neutral (N=0),0.866300041917125,0.0
WHYNOTPOLF1A_W36,low,1.1171512070319238,Neutral (N=0),1.1171512070319238,0.0
WHYNOTPOLF1A_W36,high,0.98587209,Neutral (N=0),0.98587209,0.0
WHYNOTPOLF1B_W36,low,0.2690736115079887,Neutral (N=0),0.2690736115079887,0.0
WHYNOTPOLF1B_W36,high,0.22133989822587885,Neutral (N=0),0.22133989822587885,0.0
WHYNOTPOLF1C_W36,low,0.3954170372423901,Neutral (N=0),0.3954170372423901,0.0
WHYNOTPOLF1C_W36,high,0.3835754571239743,Neutral (N=0),0.3835754571239743,0.0
WHYNOTPOLF1E_W36,low,0.7097710713479111,Neutral (N=0),0.7097710713479111,0.0
WHYNOTPOLF1E_W36,high,0.5280837913479111,Neutral (N=0),0.5280837913479111,0.0
WHYNOTPOLF1G_W36,low,0.4990818317710283,Neutral (N=0),0.4990818317710283,0.0
WHYNOTPOLF1G_W36,high,0.39095716177102835,Neutral (N=0),0.39095716177102835,0.0
WHYNOTPOLF1I_W36,low,0.41194160501690874,Neutral (N=0),0.41194160501690874,0.0
WHYNOTPOLF1I_W36,high,0.5011315150112299,Neutral (N=0),0.5011315150112299,0.0
WHYNOTPOLF1J_W36,low,0.3399155278304594,Neutral (N=0),0.3399155278304594,0.0
WHYNOTPOLF1J_W36,high,0.30772401163087976,Neutral (N=0),0.30772401163087976,0.0
WHYNOTPOLF1K_W36,low,0.48402572831560214,Neutral (N=0),0.48402572831560214,0.0
WHYNOTPOLF1K_W36,high,0.36290961831560226,Neutral (N=0),0.36290961831560226,0.0
WHYNOTPOLF1L_W36,low,1.1494512284068987,Neutral (N=0),1.1494512284068987,0.0
WHYNOTPOLF1L_W36,high,0.8600417653685797,Neutral (N=0),0.8600417653685797,0.0
WMNPRZ1_W36,low,1.4229495398570804,Neutral (N=0),1.4229495398570804,0.0
WMNPRZ1_W36,high,1.5740055498570802,Neutral (N=0),1.5740055498570802,0.0
AUTOLKLY_W41,low,0.6071634869011695,Neutral (N=0),0.6071634869011695,0.0
AUTOLKLY_W41,high,0.3253350682934662,Neutral (N=0),0.3253350682934662,0.0
AUTOWKPLC_W41,low,0.2698023181631951,Neutral (N=0),0.2698023181631951,0.0
AUTOWKPLC_W41,high,0.21916728316319506,Neutral (N=0),0.21916728316319506,0.0
ETHNCMAJMOD_W41,low,1.074881665,Neutral (N=0),1.074881665,0.0
ETHNCMAJMOD_W41,high,1.115741645,Neutral (N=0),1.115741645,0.0
FTRWORRYc_W41,low,1.168684667380616,Neutral (N=0),1.168684667380616,0.0
FTRWORRYc_W41,high,1.3551360918051047,Neutral (N=0),1.3551360918051047,0.0
FTRWORRYe_W41,low,0.9667112553148389,Neutral (N=0),0.9667112553148389,0.0
FTRWORRYe_W41,high,0.9780756353148391,Neutral (N=0),0.9780756353148391,0.0
FTRWORRYf_W41,low,0.5704276942874222,Neutral (N=0),0.5704276942874222,0.0
FTRWORRYf_W41,high,0.4672291053194084,Neutral (N=0),0.4672291053194084,0.0
FUTRCLASSb_W41,low,0.43102457459519256,Neutral (N=0),0.43102457459519256,0.0
FUTRCLASSb_W41,high,0.5179543504644902,Neutral (N=0),0.5179543504644902,0.0
FUTRCLASSc_W41,low,0.1723330655425196,Neutral (N=0),0.1723330655425196,0.0
FUTRCLASSc_W41,high,0.07093496054251958,Neutral (N=0),0.07093496054251958,0.0
FUTR_DIV_W41,low,0.19774865136875908,Neutral (N=0),0.19774865136875908,0.0
FUTR_DIV_W41,high,0.2550962340154947,Neutral (N=0),0.2550962340154947,0.0
GOVPRIOb_W41,low,0.36745060737080326,Neutral (N=0),0.36745060737080326,0.0
GOVPRIOb_W41,high,0.34083717462037133,Neutral (N=0),0.34083717462037133,0.0
GOVPRIOc_W41,low,0.21415626736147642,Neutral (N=0),0.21415626736147642,0.0
GOVPRIOc_W41,high,0.2296207985962937,Neutral (N=0),0.2296207985962937,0.0
GOVPRIOe_W41,low,0.4356503464025252,Neutral (N=0),0.4356503464025252,0.0
GOVPRIOe_W41,high,0.39268555127933025,Neutral (N=0),0.39268555127933025,0.0
GOVPRIOfF1_W41,low,0.8048487758703722,Neutral (N=0),0.8048487758703722,0.0
GOVPRIOfF1_W41,high,0.8203409427913015,Neutral (N=0),0.8203409427913015,0.0
GOVPRIOgF1_W41,low,0.5930572904205975,Neutral (N=0),0.5930572904205975,0.0
GOVPRIOgF1_W41,high,0.42863372159201946,Neutral (N=0),0.42863372159201946,0.0
GOVPRIOhF1_W41,low,0.19362714113596075,Neutral (N=0),0.19362714113596075,0.0
GOVPRIOhF1_W41,high,0.18517172927569098,Neutral (N=0),0.18517172927569098,0.0
GOVPRIOiF1_W41,low,0.578487205784872,Neutral (N=0),0.578487205784872,0.0
GOVPRIOiF1_W41,high,0.6117650708002347,Neutral (N=0),0.6117650708002347,0.0
GOVPRIOjF1_W41,low,0.8453594650067552,Neutral (N=0),0.8453594650067552,0.0
GOVPRIOjF1_W41,high,0.43846673411519965,Neutral (N=0),0.43846673411519965,0.0
GOVPRIOkF2_W41,low,1.0591772861655235,Neutral (N=0),1.0591772861655235,0.0
GOVPRIOkF2_W41,high,0.8454201714707084,Neutral (N=0),0.8454201714707084,0.0
GOVPRIOlF2_W41,low,0.7966070820339293,Neutral (N=0),0.7966070820339293,0.0
GOVPRIOlF2_W41,high,0.6139986603145491,Neutral (N=0),0.6139986603145491,0.0
GOVPRIOmF2_W41,low,0.5378295706314653,Neutral (N=0),0.5378295706314653,0.0
GOVPRIOmF2_W41,high,0.4806641610138723,Neutral (N=0),0.4806641610138723,0.0
GOVPRIOnF2_W41,low,0.3101225099011141,Neutral (N=0),0.3101225099011141,0.0
GOVPRIOnF2_W41,high,0.8908723566099896,Neutral (N=0),0.8908723566099896,0.0
GOVPRIOoF2_W41,low,0.38818990728203173,Neutral (N=0),0.38818990728203173,0.0
GOVPRIOoF2_W41,high,0.36606513625269366,Neutral (N=0),0.36606513625269366,0.0
HAPPEN2b_W41,low,0.3813113032333013,Neutral (N=0),0.3813113032333013,0.0
HAPPEN2b_W41,high,0.22417155106391645,Neutral (N=0),0.22417155106391645,0.0
HAPPEN2f_W41,low,0.5057219943263619,Neutral (N=0),0.5057219943263619,0.0
HAPPEN2f_W41,high,0.6817999004659892,Neutral (N=0),0.6817999004659892,0.0
HARASS1F1b_W41,low,1.1383116097821209,Neutral (N=0),1.1383116097821209,0.0
HARASS1F1b_W41,high,0.7261673797821209,Neutral (N=0),0.7261673797821209,0.0
HARASS1F1d_W41,low,0.7158831234753715,Neutral (N=0),0.7158831234753715,0.0
HARASS1F1d_W41,high,0.6424456034753714,Neutral (N=0),0.6424456034753714,0.0
HARASS1NOWRKF2d_W41,low,0.3592279151140825,Neutral (N=0),0.3592279151140825,0.0
HARASS1NOWRKF2d_W41,high,0.26146274020969607,Neutral (N=0),0.26146274020969607,0.0
HARASS3NOWRKF2_W41,low,0.19768509710143506,Neutral (N=0),0.19768509710143506,0.0
HARASS3NOWRKF2_W41,high,0.25885573710143506,Neutral (N=0),0.25885573710143506,0.0
INTRMAR_W41,low,0.4950100850920902,Neutral (N=0),0.4950100850920902,0.0
INTRMAR_W41,high,0.5006007596313387,Neutral (N=0),0.5006007596313387,0.0
LEGALIMG_W41,low,0.3812529220533711,Neutral (N=0),0.3812529220533711,0.0
LEGALIMG_W41,high,0.31831031706357876,Neutral (N=0),0.31831031706357876,0.0
SOLVPROBa_W41,low,0.42755222048611996,Neutral (N=0),0.42755222048611996,0.0
SOLVPROBa_W41,high,0.3823943304861199,Neutral (N=0),0.3823943304861199,0.0
SOLVPROBb_W41,low,0.34801443405847277,Neutral (N=0),0.34801443405847277,0.0
SOLVPROBb_W41,high,0.5096164771741285,Neutral (N=0),0.5096164771741285,0.0
SOLVPROBc_W41,low,0.4742508518817048,Neutral (N=0),0.4742508518817048,0.0
SOLVPROBc_W41,high,0.40722348188170476,Neutral (N=0),0.40722348188170476,0.0
SOLVPROBdF1_W41,low,0.3681774460795378,Neutral (N=0),0.3681774460795378,0.0
SOLVPROBdF1_W41,high,0.5196428648773159,Neutral (N=0),0.5196428648773159,0.0
SOLVPROBf_W41,low,0.361189675655218,Neutral (N=0),0.361189675655218,0.0
SOLVPROBf_W41,high,0.37637080581456955,Neutral (N=0),0.37637080581456955,0.0
SOLVPROBg_W41,low,1.0249228797507715,Neutral (N=0),1.0249228797507715,0.0
SOLVPROBg_W41,high,0.8973312954549926,Neutral (N=0),0.8973312954549926,0.0
SOLVPROBh_W41,low,0.44191370999999985,Neutral (N=0),0.44191370999999985,0.0
SOLVPROBh_W41,high,0.4137302999999999,Neutral (N=0),0.4137302999999999,0.0
CONFb_W42,low,0.43243401432434014,Neutral (N=0),0.43243401432434014,0.0
CONFb_W42,high,0.45763210235338403,Neutral (N=0),0.45763210235338403,0.0
CONFc_W42,low,1.036311009429786,Neutral (N=0),1.036311009429786,0.0
CONFc_W42,high,1.1392952709177746,Neutral (N=0),1.1392952709177746,0.0
CONFe_W42,low,0.8224569686936506,Neutral (N=0),0.8224569686936506,0.0
CONFe_W42,high,0.8663672256831529,Neutral (N=0),0.8663672256831529,0.0
CONFg_W42,low,0.7334815986652439,Neutral (N=0),0.7334815986652439,0.0
CONFg_W42,high,0.7946309586652439,Neutral (N=0),0.7946309586652439,0.0
PQ4_F2Aa_W42,low,0.6242883120010636,Neutral (N=0),0.6242883120010636,0.0
PQ4_F2Aa_W42,high,1.0288510220010634,Neutral (N=0),1.0288510220010634,0.0
PQ4_F2Ac_W42,low,0.5536665438814232,Neutral (N=0),0.5536665438814232,0.0
PQ4_F2Ac_W42,high,0.5572913405420059,Neutral (N=0),0.5572913405420059,0.0
PQ4_F2Ae_W42,low,0.4025257055142116,Neutral (N=0),0.4025257055142116,0.0
PQ4_F2Ae_W42,high,0.6382460116488291,Neutral (N=0),0.6382460116488291,0.0
PQ4_F2Bb_W42,low,0.6866286661708068,Neutral (N=0),0.6866286661708068,0.0
PQ4_F2Bb_W42,high,0.77613400197839,Neutral (N=0),0.77613400197839,0.0
PQ4_F2Bc_W42,low,0.5431489131786171,Neutral (N=0),0.5431489131786171,0.0
PQ4_F2Bc_W42,high,0.5922456488454692,Neutral (N=0),0.5922456488454692,0.0
PQ4_F2Bd_W42,low,0.5363182131065966,Neutral (N=0),0.5363182131065966,0.0
PQ4_F2Bd_W42,high,0.6575311481286098,Neutral (N=0),0.6575311481286098,0.0
PQ4_F2Cc_W42,low,0.5774993883315497,Neutral (N=0),0.5774993883315497,0.0
PQ4_F2Cc_W42,high,0.6806330444174171,Neutral (N=0),0.6806330444174171,0.0
PQ8_F2B_W42,low,0.9869275715352483,Neutral (N=0),0.9869275715352483,0.0
PQ8_F2B_W42,high,0.7620819150800939,Neutral (N=0),0.7620819150800939,0.0
RQ1_F1B_W42,low,0.1416350494871198,Neutral (N=0),0.1416350494871198,0.0
RQ1_F1B_W42,high,0.05600896948711981,Neutral (N=0),0.05600896948711981,0.0
RQ1_F1C_W42,low,0.04265797293694934,Neutral (N=0),0.04265797293694934,0.0
RQ1_F1C_W42,high,0.04143703331824822,Neutral (N=0),0.04143703331824822,0.0
RQ2_F1A_W42,low,0.158697174291846,Neutral (N=0),0.158697174291846,0.0
RQ2_F1A_W42,high,0.07464603570815406,Neutral (N=0),0.07464603570815406,0.0
RQ4_F1Ab_W42,low,0.629019071653502,Neutral (N=0),0.629019071653502,0.0
RQ4_F1Ab_W42,high,0.8107722139581389,Neutral (N=0),0.8107722139581389,0.0
RQ4_F1Ae_W42,low,0.4106139712568549,Neutral (N=0),0.4106139712568549,0.0
RQ4_F1Ae_W42,high,0.48841744655223124,Neutral (N=0),0.48841744655223124,0.0
RQ4_F1Ba_W42,low,0.7088614317211271,Neutral (N=0),0.7088614317211271,0.0
RQ4_F1Ba_W42,high,0.9000844017211274,Neutral (N=0),0.9000844017211274,0.0
RQ4_F1Bc_W42,low,0.803007644962375,Neutral (N=0),0.803007644962375,0.0
RQ4_F1Bc_W42,high,0.7719070832645398,Neutral (N=0),0.7719070832645398,0.0
RQ4_F1Bd_W42,low,0.5571652128303889,Neutral (N=0),0.5571652128303889,0.0
RQ4_F1Bd_W42,high,0.5994182568040818,Neutral (N=0),0.5994182568040818,0.0
RQ4_F1Be_W42,low,0.38974039018532036,Neutral (N=0),0.38974039018532036,0.0
RQ4_F1Be_W42,high,0.37216352018532023,Neutral (N=0),0.37216352018532023,0.0
RQ4_F1Ca_W42,low,0.8377499199999999,Neutral (N=0),0.8377499199999999,0.0
RQ4_F1Ca_W42,high,0.90816077,Neutral (N=0),0.90816077,0.0
RQ4_F1Cb_W42,low,0.5995285794837417,Neutral (N=0),0.5995285794837417,0.0
RQ4_F1Cb_W42,high,0.6531658194837417,Neutral (N=0),0.6531658194837417,0.0
RQ4_F1Cd_W42,low,0.42539342914655953,Neutral (N=0),0.42539342914655953,0.0
RQ4_F1Cd_W42,high,0.44137620914655945,Neutral (N=0),0.44137620914655945,0.0
RQ5_F1B_W42,low,0.5670718621738304,Neutral (N=0),0.5670718621738304,0.0
RQ5_F1B_W42,high,0.5919698342255032,Neutral (N=0),0.5919698342255032,0.0
RQ5_F1C_W42,low,0.9038791800387683,Neutral (N=0),0.9038791800387683,0.0
RQ5_F1C_W42,high,0.7844732431001644,Neutral (N=0),0.7844732431001644,0.0
IDIMPORT_W43,low,0.7757067899999999,Neutral (N=0),0.7757067899999999,0.0
IDIMPORT_W43,high,0.6328161199999999,Neutral (N=0),0.6328161199999999,0.0
RACESURV13_W43,low,0.7266159394026792,Neutral (N=0),0.7266159394026792,0.0
RACESURV13_W43,high,0.8917765286191052,Neutral (N=0),0.8917765286191052,0.0
RACESURV14_W43,low,0.26445667264456674,Neutral (N=0),0.26445667264456674,0.0
RACESURV14_W43,high,0.31215774289975845,Neutral (N=0),0.31215774289975845,0.0
RACESURV15a_W43,low,0.2606330863442897,Neutral (N=0),0.2606330863442897,0.0
RACESURV15a_W43,high,0.3115523241005319,Neutral (N=0),0.3115523241005319,0.0
RACESURV15b_W43,low,0.27659167379052596,Neutral (N=0),0.27659167379052596,0.0
RACESURV15b_W43,high,0.302335893790526,Neutral (N=0),0.302335893790526,0.0
RACESURV17_W43,low,0.4522368338513932,Neutral (N=0),0.4522368338513932,0.0
RACESURV17_W43,high,0.49326117385139323,Neutral (N=0),0.49326117385139323,0.0
RACESURV18b_W43,low,0.7251200188765178,Neutral (N=0),0.7251200188765178,0.0
RACESURV18b_W43,high,0.6407039371147206,Neutral (N=0),0.6407039371147206,0.0
RACESURV18f_W43,low,0.7833823215885554,Neutral (N=0),0.7833823215885554,0.0
RACESURV18f_W43,high,0.735158031106312,Neutral (N=0),0.735158031106312,0.0
RACESURV19a_W43,low,0.8637708406920142,Neutral (N=0),0.8637708406920142,0.0
RACESURV19a_W43,high,0.8518824254992776,Neutral (N=0),0.8518824254992776,0.0
RACESURV19c_W43,low,0.7074723446025036,Neutral (N=0),0.7074723446025036,0.0
RACESURV19c_W43,high,0.8704129146025035,Neutral (N=0),0.8704129146025035,0.0
RACESURV19e_W43,low,0.7125330838609951,Neutral (N=0),0.7125330838609951,0.0
RACESURV19e_W43,high,0.6925881174190441,Neutral (N=0),0.6925881174190441,0.0
RACESURV1b_W43,low,0.2858081354587616,Neutral (N=0),0.2858081354587616,0.0
RACESURV1b_W43,high,0.2516157858006851,Neutral (N=0),0.2516157858006851,0.0
RACESURV21_W43,low,0.519398036717458,Neutral (N=0),0.519398036717458,0.0
RACESURV21_W43,high,0.2590511037162779,Neutral (N=0),0.2590511037162779,0.0
RACESURV27_W43,low,0.46273570714254003,Neutral (N=0),0.46273570714254003,0.0
RACESURV27_W43,high,0.550416450265858,Neutral (N=0),0.550416450265858,0.0
RACESURV28a_W43,low,0.21584419492131576,Neutral (N=0),0.21584419492131576,0.0
RACESURV28a_W43,high,0.23119381992131574,Neutral (N=0),0.23119381992131574,0.0
RACESURV28b_W43,low,0.18908808500000002,Neutral (N=0),0.18908808500000002,0.0
RACESURV28b_W43,high,0.22661797,Neutral (N=0),0.22661797,0.0
RACESURV28c_W43,low,0.19318160022946518,Neutral (N=0),0.19318160022946518,0.0
RACESURV28c_W43,high,0.22714392522946514,Neutral (N=0),0.22714392522946514,0.0
RACESURV28d_W43,low,0.3101412053409167,Neutral (N=0),0.3101412053409167,0.0
RACESURV28d_W43,high,0.3453416253409168,Neutral (N=0),0.3453416253409168,0.0
RACESURV28e_W43,low,0.31126446994571566,Neutral (N=0),0.31126446994571566,0.0
RACESURV28e_W43,high,0.31509964994571554,Neutral (N=0),0.31509964994571554,0.0
RACESURV28f_W43,low,0.14104153352176407,Neutral (N=0),0.14104153352176407,0.0
RACESURV28f_W43,high,0.20148661994913447,Neutral (N=0),0.20148661994913447,0.0
RACESURV28g_W43,low,0.14124330962463336,Neutral (N=0),0.14124330962463336,0.0
RACESURV28g_W43,high,0.1715975478148163,Neutral (N=0),0.1715975478148163,0.0
RACESURV29d_W43,low,0.9146393392902953,Neutral (N=0),0.9146393392902953,0.0
RACESURV29d_W43,high,1.310532393045861,Neutral (N=0),1.310532393045861,0.0
RACESURV2_W43,low,1.0175545148417822,Neutral (N=0),1.0175545148417822,0.0
RACESURV2_W43,high,1.2664439075259906,Neutral (N=0),1.2664439075259906,0.0
RACESURV34a_W43,low,0.7860013272637738,Neutral (N=0),0.7860013272637738,0.0
RACESURV34a_W43,high,1.0380071012757317,Neutral (N=0),1.0380071012757317,0.0
RACESURV34b_W43,low,0.9385808078814187,Neutral (N=0),0.9385808078814187,0.0
RACESURV34b_W43,high,1.0469924259877783,Neutral (N=0),1.0469924259877783,0.0
RACESURV34c_W43,low,0.5159657854057628,Neutral (N=0),0.5159657854057628,0.0
RACESURV34c_W43,high,0.5895634459336864,Neutral (N=0),0.5895634459336864,0.0
RACESURV34d_W43,low,0.3963615751580959,Neutral (N=0),0.3963615751580959,0.0
RACESURV34d_W43,high,0.8166758145987649,Neutral (N=0),0.8166758145987649,0.0
RACESURV34e_W43,low,0.5957259687230341,Neutral (N=0),0.5957259687230341,0.0
RACESURV34e_W43,high,0.6467942489140104,Neutral (N=0),0.6467942489140104,0.0
RACESURV38_W43,low,0.2863622432787522,Neutral (N=0),0.2863622432787522,0.0
RACESURV38_W43,high,0.44219056327875217,Neutral (N=0),0.44219056327875217,0.0
RACESURV40_W43,low,0.8409786154858258,Neutral (N=0),0.8409786154858258,0.0
RACESURV40_W43,high,0.821838264912149,Neutral (N=0),0.821838264912149,0.0
RACESURV41_W43,low,0.6548333359276675,Neutral (N=0),0.6548333359276675,0.0
RACESURV41_W43,high,0.7092830859276675,Neutral (N=0),0.7092830859276675,0.0
RACESURV45_W43,low,0.4885301544020098,Neutral (N=0),0.4885301544020098,0.0
RACESURV45_W43,high,0.5054103544020099,Neutral (N=0),0.5054103544020099,0.0
RACESURV47a_W43,low,0.7155651031221402,Neutral (N=0),0.7155651031221402,0.0
RACESURV47a_W43,high,0.7319096331221401,Neutral (N=0),0.7319096331221401,0.0
RACESURV47b_W43,low,0.4924925423338564,Neutral (N=0),0.4924925423338564,0.0
RACESURV47b_W43,high,0.4075720723338563,Neutral (N=0),0.4075720723338563,0.0
RACESURV47d_W43,low,0.6671831147669449,Neutral (N=0),0.6671831147669449,0.0
RACESURV47d_W43,high,0.7509928249650073,Neutral (N=0),0.7509928249650073,0.0
RACESURV47e_W43,low,0.7588933369773398,Neutral (N=0),0.7588933369773398,0.0
RACESURV47e_W43,high,0.89377051697734,Neutral (N=0),0.89377051697734,0.0
RACESURV47f_W43,low,0.48681156856319313,Neutral (N=0),0.48681156856319313,0.0
RACESURV47f_W43,high,0.45111968792079576,Neutral (N=0),0.45111968792079576,0.0
RACESURV48_W43,low,0.4759040163612563,Neutral (N=0),0.4759040163612563,0.0
RACESURV48_W43,high,0.37908012556014825,Neutral (N=0),0.37908012556014825,0.0
RACESURV51_W43,low,0.05092220587861397,Neutral (N=0),0.05092220587861397,0.0
RACESURV51_W43,high,0.09716345461410814,Neutral (N=0),0.09716345461410814,0.0
RACESURV52_W43,low,0.12576032153501515,Neutral (N=0),0.12576032153501515,0.0
RACESURV52_W43,high,0.11109588808815157,Neutral (N=0),0.11109588808815157,0.0
RACESURV5a_W43,low,0.8471456876518162,Neutral (N=0),0.8471456876518162,0.0
RACESURV5a_W43,high,1.0215840143372934,Neutral (N=0),1.0215840143372934,0.0
RACESURV5b_W43,low,0.20772994354152247,Neutral (N=0),0.20772994354152247,0.0
RACESURV5b_W43,high,0.1359435352989706,Neutral (N=0),0.1359435352989706,0.0
RACESURV5d_W43,low,0.9847807582323432,Neutral (N=0),0.9847807582323432,0.0
RACESURV5d_W43,high,1.0474194685662344,Neutral (N=0),1.0474194685662344,0.0
RACESURV5e_W43,low,0.5541055324070315,Neutral (N=0),0.5541055324070315,0.0
RACESURV5e_W43,high,0.4575620685712468,Neutral (N=0),0.4575620685712468,0.0
RACESURV5f_W43,low,0.6792490619186446,Neutral (N=0),0.6792490619186446,0.0
RACESURV5f_W43,high,0.740201053100923,Neutral (N=0),0.740201053100923,0.0
RACESURV5g_W43,low,0.47991884575614496,Neutral (N=0),0.47991884575614496,0.0
RACESURV5g_W43,high,0.3651035307561451,Neutral (N=0),0.3651035307561451,0.0
RACESURV5h_W43,low,0.8172593945553064,Neutral (N=0),0.8172593945553064,0.0
RACESURV5h_W43,high,0.7275176263702409,Neutral (N=0),0.7275176263702409,0.0
RACESURV5i_W43,low,1.5749915063380655,Neutral (N=0),1.5749915063380655,0.0
RACESURV5i_W43,high,1.6098106492300766,Neutral (N=0),1.6098106492300766,0.0
RACESURV5j_W43,low,0.720404635,Neutral (N=0),0.720404635,0.0
RACESURV5j_W43,high,0.61724333,Neutral (N=0),0.61724333,0.0
RACESURV5l_W43,low,1.3370520617944845,Neutral (N=0),1.3370520617944845,0.0
RACESURV5l_W43,high,1.5108517667944845,Neutral (N=0),1.5108517667944845,0.0
RACESURV9_W43,low,0.8380278152419358,Neutral (N=0),0.8380278152419358,0.0
RACESURV9_W43,high,0.9312649052419358,Neutral (N=0),0.9312649052419358,0.0
INFOCHALa_W45,low,0.33131905165221454,Neutral (N=0),0.33131905165221454,0.0
INFOCHALa_W45,high,0.6151352984973856,Neutral (N=0),0.6151352984973856,0.0
INFOCREATEa_W45,low,2.1443667112291083,Neutral (N=0),2.1443667112291083,0.0
INFOCREATEa_W45,high,1.9708031815516944,Neutral (N=0),1.9708031815516944,0.0
MADEUPOFT_W45,low,0.5880673693668034,Neutral (N=0),0.5880673693668034,0.0
MADEUPOFT_W45,high,0.6661998742238328,Neutral (N=0),0.6661998742238328,0.0
MADEUPTOPICb_W45,low,0.32448090343664227,Neutral (N=0),0.32448090343664227,0.0
MADEUPTOPICb_W45,high,0.2826471034366421,Neutral (N=0),0.2826471034366421,0.0
MADEUPTOPICc_W45,low,0.8370467283704673,Neutral (N=0),0.8370467283704673,0.0
MADEUPTOPICc_W45,high,0.8748398076816221,Neutral (N=0),0.8748398076816221,0.0
MADEUPTOPICd_W45,low,0.6158562726626173,Neutral (N=0),0.6158562726626173,0.0
MADEUPTOPICd_W45,high,0.6524824371859905,Neutral (N=0),0.6524824371859905,0.0
NEWSPROBd_W45,low,0.7233762731588712,Neutral (N=0),0.7233762731588712,0.0
NEWSPROBd_W45,high,0.6407785705235117,Neutral (N=0),0.6407785705235117,0.0
NEWSPROBe_W45,low,0.35545434549038957,Neutral (N=0),0.35545434549038957,0.0
NEWSPROBe_W45,high,0.3535596480898664,Neutral (N=0),0.3535596480898664,0.0
NEWS_PLATFORMg_W45,low,0.4599895176029393,Neutral (N=0),0.4599895176029393,0.0
NEWS_PLATFORMg_W45,high,0.6329191661738581,Neutral (N=0),0.6329191661738581,0.0
SMLIKESb_W45,low,0.8941391549320552,Neutral (N=0),0.8941391549320552,0.0
SMLIKESb_W45,high,0.8834970349320552,Neutral (N=0),0.8834970349320552,0.0
SMLIKESf_W45,low,1.1612546401992414,Neutral (N=0),1.1612546401992414,0.0
SMLIKESf_W45,high,1.2409690701992413,Neutral (N=0),1.2409690701992413,0.0
BENEFITGOV_W49,low,0.8089510502393285,Neutral (N=0),0.8089510502393285,0.0
BENEFITGOV_W49,high,1.038559382575206,Neutral (N=0),1.038559382575206,0.0
CONCERNCO_W49,low,0.8524067652760817,Neutral (N=0),0.8524067652760817,0.0
CONCERNCO_W49,high,0.9275166209863721,Neutral (N=0),0.9275166209863721,0.0
CONCERNGRPa_W49,low,0.5496912400641858,Neutral (N=0),0.5496912400641858,0.0
CONCERNGRPa_W49,high,0.75581016,Neutral (N=0),0.75581016,0.0
CONCERNGRPc_W49,low,0.28901039589438926,Neutral (N=0),0.28901039589438926,0.0
CONCERNGRPc_W49,high,0.33104374589438934,Neutral (N=0),0.33104374589438934,0.0
CONTROLCO_W49,low,0.7498286546858587,Neutral (N=0),0.7498286546858587,0.0
CONTROLCO_W49,high,0.756482953984465,Neutral (N=0),0.756482953984465,0.0
CONTROLGRPc_W49,low,0.3542372010413046,Neutral (N=0),0.3542372010413046,0.0
CONTROLGRPc_W49,high,0.32031725104130454,Neutral (N=0),0.32031725104130454,0.0
DATAUSEd_W49,low,0.16654709244808863,Neutral (N=0),0.16654709244808863,0.0
DATAUSEd_W49,high,0.2692050024480886,Neutral (N=0),0.2692050024480886,0.0
FACE3c_W49,low,0.5454993038681054,Neutral (N=0),0.5454993038681054,0.0
FACE3c_W49,high,0.6044865712174832,Neutral (N=0),0.6044865712174832,0.0
GOVREGV1_W49,low,0.15801678944532505,Neutral (N=0),0.15801678944532505,0.0
GOVREGV1_W49,high,0.2557401873503286,Neutral (N=0),0.2557401873503286,0.0
HOMEASSIST2_W49,low,0.6527343036592342,Neutral (N=0),0.6527343036592342,0.0
HOMEASSIST2_W49,high,0.6916516004019526,Neutral (N=0),0.6916516004019526,0.0
HOMEASSIST3_W49,low,1.1888000608147138,Neutral (N=0),1.1888000608147138,0.0
HOMEASSIST3_W49,high,1.1921148936036192,Neutral (N=0),1.1921148936036192,0.0
HOMEASSIST4_W49,low,0.7594157224058427,Neutral (N=0),0.7594157224058427,0.0
HOMEASSIST4_W49,high,0.8539237452646562,Neutral (N=0),0.8539237452646562,0.0
PP5e_W49,low,0.517093977024863,Neutral (N=0),0.517093977024863,0.0
PP5e_W49,high,0.5657919156579192,Neutral (N=0),0.5657919156579192,0.0
PWMAN2_W49,low,1.4046657429532607,Neutral (N=0),1.4046657429532607,0.0
PWMAN2_W49,high,1.4845694333456536,Neutral (N=0),1.4845694333456536,0.0
SMARTAPP_W49,low,0.9653611014064296,Neutral (N=0),0.9653611014064296,0.0
SMARTAPP_W49,high,0.8784263814064296,Neutral (N=0),0.8784263814064296,0.0
TRACKCO1a_W49,low,0.4915471273500889,Neutral (N=0),0.4915471273500889,0.0
TRACKCO1a_W49,high,0.9821552962846308,Neutral (N=0),0.9821552962846308,0.0
TRACKCO1b_W49,low,0.24816023758703615,Neutral (N=0),0.24816023758703615,0.0
TRACKCO1b_W49,high,0.30518961450197235,Neutral (N=0),0.30518961450197235,0.0
TRACKGOV1a_W49,low,0.542937336954243,Neutral (N=0),0.542937336954243,0.0
TRACKGOV1a_W49,high,0.493697636954243,Neutral (N=0),0.493697636954243,0.0
TRACKGOV1b_W49,low,0.317382091023055,Neutral (N=0),0.317382091023055,0.0
TRACKGOV1b_W49,high,0.10659685313090735,Neutral (N=0),0.10659685313090735,0.0
COHABDUR_W50,low,1.3201690039928011,Neutral (N=0),1.3201690039928011,0.0
COHABDUR_W50,high,1.1610506513810945,Neutral (N=0),1.1610506513810945,0.0
DNA2b_W50,low,0.49419212592635503,Neutral (N=0),0.49419212592635503,0.0
DNA2b_W50,high,0.493342435926355,Neutral (N=0),0.493342435926355,0.0
DNA5_W50,low,0.5911352866561712,Neutral (N=0),0.5911352866561712,0.0
DNA5_W50,high,0.7119664166561712,Neutral (N=0),0.7119664166561712,0.0
E5MOD_W50,low,0.6010337555963567,Neutral (N=0),0.6010337555963567,0.0
E5MOD_W50,high,0.32489014559635665,Neutral (N=0),0.32489014559635665,0.0
FAMSURV10c_W50,low,0.39234765890855616,Neutral (N=0),0.39234765890855616,0.0
FAMSURV10c_W50,high,0.37490646542034506,Neutral (N=0),0.37490646542034506,0.0
FAMSURV16_W50,low,0.28881692019112193,Neutral (N=0),0.28881692019112193,0.0
FAMSURV16_W50,high,0.283444310191122,Neutral (N=0),0.283444310191122,0.0
FAMSURV1_W50,low,0.3628286345164217,Neutral (N=0),0.3628286345164217,0.0
FAMSURV1_W50,high,0.5936861845164219,Neutral (N=0),0.5936861845164219,0.0
FAMSURV20_W50,low,0.49311277287060806,Neutral (N=0),0.49311277287060806,0.0
FAMSURV20_W50,high,0.32782258287060806,Neutral (N=0),0.32782258287060806,0.0
FAMSURV23b_W50,low,0.21546110215461112,Neutral (N=0),0.21546110215461112,0.0
FAMSURV23b_W50,high,0.45981335155532177,Neutral (N=0),0.45981335155532177,0.0
FAMSURV23c_W50,low,0.7529309667403369,Neutral (N=0),0.7529309667403369,0.0
FAMSURV23c_W50,high,1.099883916740337,Neutral (N=0),1.099883916740337,0.0
FAMSURV23d_W50,low,0.8188501234068974,Neutral (N=0),0.8188501234068974,0.0
FAMSURV23d_W50,high,1.0427905734068974,Neutral (N=0),1.0427905734068974,0.0
FAMSURV23e_W50,low,0.2229133204299647,Neutral (N=0),0.2229133204299647,0.0
FAMSURV23e_W50,high,0.20731443452747905,Neutral (N=0),0.20731443452747905,0.0
FAMSURV23f_W50,low,0.1656996393738956,Neutral (N=0),0.1656996393738956,0.0
FAMSURV23f_W50,high,0.224991572061784,Neutral (N=0),0.224991572061784,0.0
FAMSURV23g_W50,low,0.5693119271510206,Neutral (N=0),0.5693119271510206,0.0
FAMSURV23g_W50,high,0.48799169715102064,Neutral (N=0),0.48799169715102064,0.0
FAMSURV26a_W50,low,0.5124663133181171,Neutral (N=0),0.5124663133181171,0.0
FAMSURV26a_W50,high,0.5657428172901809,Neutral (N=0),0.5657428172901809,0.0
FAMSURV26b_W50,low,0.544799805517793,Neutral (N=0),0.544799805517793,0.0
FAMSURV26b_W50,high,0.5869173682691711,Neutral (N=0),0.5869173682691711,0.0
FAMSURV26c_W50,low,0.24211907767135774,Neutral (N=0),0.24211907767135774,0.0
FAMSURV26c_W50,high,0.41823314660933564,Neutral (N=0),0.41823314660933564,0.0
FAMSURV26d_W50,low,0.5665447428626721,Neutral (N=0),0.5665447428626721,0.0
FAMSURV26d_W50,high,0.8225029828626721,Neutral (N=0),0.8225029828626721,0.0
FAMSURV29_W50,low,0.6769165389010181,Neutral (N=0),0.6769165389010181,0.0
FAMSURV29_W50,high,0.695555268901018,Neutral (N=0),0.695555268901018,0.0
FAMSURV2Ma_W50,low,0.3922287366044197,Neutral (N=0),0.3922287366044197,0.0
FAMSURV2Ma_W50,high,0.3525630166044198,Neutral (N=0),0.3525630166044198,0.0
FAMSURV2Mc_W50,low,0.44545102336276954,Neutral (N=0),0.44545102336276954,0.0
FAMSURV2Mc_W50,high,0.5178845733627697,Neutral (N=0),0.5178845733627697,0.0
FAMSURV2Wa_W50,low,0.17677057954265624,Neutral (N=0),0.17677057954265624,0.0
FAMSURV2Wa_W50,high,0.23881755366033414,Neutral (N=0),0.23881755366033414,0.0
FAMSURV2Wc_W50,low,0.20208487589570873,Neutral (N=0),0.20208487589570873,0.0
FAMSURV2Wc_W50,high,0.28104801107133504,Neutral (N=0),0.28104801107133504,0.0
FAMSURV32e_W50,low,1.8620253370656261,Neutral (N=0),1.8620253370656261,0.0
FAMSURV32e_W50,high,2.218043957065626,Neutral (N=0),2.218043957065626,0.0
FAMSURV39_W50,low,1.2252376028911813,Neutral (N=0),1.2252376028911813,0.0
FAMSURV39_W50,high,1.247170757979104,Neutral (N=0),1.247170757979104,0.0
FAMSURV3_W50,low,0.8926159543537745,Neutral (N=0),0.8926159543537745,0.0
FAMSURV3_W50,high,1.0099569690707109,Neutral (N=0),1.0099569690707109,0.0
FAMSURV40_W50,low,1.1596868315968683,Neutral (N=0),1.1596868315968683,0.0
FAMSURV40_W50,high,1.6109857181594638,Neutral (N=0),1.6109857181594638,0.0
FAMSURV43_W50,low,0.539878427803675,Neutral (N=0),0.539878427803675,0.0
FAMSURV43_W50,high,0.6032022178036751,Neutral (N=0),0.6032022178036751,0.0
FAMSURV44_W50,low,0.5177853656223264,Neutral (N=0),0.5177853656223264,0.0
FAMSURV44_W50,high,0.5807620940620222,Neutral (N=0),0.5807620940620222,0.0
FAMSURV6_W50,low,0.8067629019219689,Neutral (N=0),0.8067629019219689,0.0
FAMSURV6_W50,high,0.9170961804855173,Neutral (N=0),0.9170961804855173,0.0
FAMSURV9c_W50,low,0.32202695448172747,Neutral (N=0),0.32202695448172747,0.0
FAMSURV9c_W50,high,0.49891859991278786,Neutral (N=0),0.49891859991278786,0.0
FATHER_W50,low,0.17934725,Neutral (N=0),0.17934725,0.0
FATHER_W50,high,0.12367784000000004,Neutral (N=0),0.12367784000000004,0.0
HAVEKIDS1_W50,low,1.49591496,Neutral (N=0),1.49591496,0.0
HAVEKIDS1_W50,high,1.5166556,Neutral (N=0),1.5166556,0.0
MARRDUR_W50,low,1.2108472377868613,Neutral (N=0),1.2108472377868613,0.0
MARRDUR_W50,high,1.189420653596881,Neutral (N=0),1.189420653596881,0.0
MARRYPREF1_W50,low,0.13198286194201864,Neutral (N=0),0.13198286194201864,0.0
MARRYPREF1_W50,high,0.15417961194201857,Neutral (N=0),0.15417961194201857,0.0
MARRYPREF2_W50,low,0.40949673316323765,Neutral (N=0),0.40949673316323765,0.0
MARRYPREF2_W50,high,0.42931018951641,Neutral (N=0),0.42931018951641,0.0
MOTHER_W50,low,0.06731046664270768,Neutral (N=0),0.06731046664270768,0.0
MOTHER_W50,high,0.09797084664270772,Neutral (N=0),0.09797084664270772,0.0
PAR1_W50,low,0.23357856718628203,Neutral (N=0),0.23357856718628203,0.0
PAR1_W50,high,0.16525091718628213,Neutral (N=0),0.16525091718628213,0.0
PAR2_W50,low,0.29123192280821414,Neutral (N=0),0.29123192280821414,0.0
PAR2_W50,high,0.17592881742192115,Neutral (N=0),0.17592881742192115,0.0
ROMRELDUR_W50,low,1.1562451816370465,Neutral (N=0),1.1562451816370465,0.0
ROMRELDUR_W50,high,0.6947145481088005,Neutral (N=0),0.6947145481088005,0.0
ROMRELSER_W50,low,2.32979373,Neutral (N=0),2.32979373,0.0
ROMRELSER_W50,high,2.41343336,Neutral (N=0),2.41343336,0.0
SATLIFEc_W50,low,0.602880244031904,Neutral (N=0),0.602880244031904,0.0
SATLIFEc_W50,high,1.0496483100357168,Neutral (N=0),1.0496483100357168,0.0
ECIMPg_W54,low,0.41420720901542973,Neutral (N=0),0.41420720901542973,0.0
ECIMPg_W54,high,0.35593792843273697,Neutral (N=0),0.35593792843273697,0.0
ECON1_W54,low,1.0070620923633178,Neutral (N=0),1.0070620923633178,0.0
ECON1_W54,high,0.6834449051308099,Neutral (N=0),0.6834449051308099,0.0
ECON3_d_W54,low,0.8688864644081917,Neutral (N=0),0.8688864644081917,0.0
ECON3_d_W54,high,0.7028276765557664,Neutral (N=0),0.7028276765557664,0.0
ECON4_a_W54,low,0.6753143437052647,Neutral (N=0),0.6753143437052647,0.0
ECON4_a_W54,high,0.5775386840807252,Neutral (N=0),0.5775386840807252,0.0
ECON4_b_W54,low,0.37863977378639774,Neutral (N=0),0.37863977378639774,0.0
ECON4_b_W54,high,0.7362527146104478,Neutral (N=0),0.7362527146104478,0.0
ECON4_e_W54,low,0.5985840144714212,Neutral (N=0),0.5985840144714212,0.0
ECON4_e_W54,high,0.8186537178341518,Neutral (N=0),0.8186537178341518,0.0
ECON4_f_W54,low,0.905661112497016,Neutral (N=0),0.905661112497016,0.0
ECON4_f_W54,high,0.5071538370022012,Neutral (N=0),0.5071538370022012,0.0
ECON4_g_W54,low,0.6639720041018788,Neutral (N=0),0.6639720041018788,0.0
ECON4_g_W54,high,0.6083116775813553,Neutral (N=0),0.6083116775813553,0.0
ECON5_b_W54,low,0.40506461767291196,Neutral (N=0),0.40506461767291196,0.0
ECON5_b_W54,high,0.5425323843984735,Neutral (N=0),0.5425323843984735,0.0
ECON5_c_W54,low,0.9388734118834741,Neutral (N=0),0.9388734118834741,0.0
ECON5_c_W54,high,0.81715859832632,Neutral (N=0),0.81715859832632,0.0
ECON5_d_W54,low,1.5234052129681717,Neutral (N=0),1.5234052129681717,0.0
ECON5_d_W54,high,1.1564431679681717,Neutral (N=0),1.1564431679681717,0.0
ECON5_e_W54,low,1.2866753988968782,Neutral (N=0),1.2866753988968782,0.0
ECON5_e_W54,high,0.9735735488968782,Neutral (N=0),0.9735735488968782,0.0
ECON5_f_W54,low,1.0341673479590565,Neutral (N=0),1.0341673479590565,0.0
ECON5_f_W54,high,0.9005548934115887,Neutral (N=0),0.9005548934115887,0.0
ECON5_g_W54,low,0.6531830645248567,Neutral (N=0),0.6531830645248567,0.0
ECON5_g_W54,high,0.9494388695248565,Neutral (N=0),0.9494388695248565,0.0
ECON5_h_W54,low,0.31526315257019977,Neutral (N=0),0.31526315257019977,0.0
ECON5_h_W54,high,0.5787746199350852,Neutral (N=0),0.5787746199350852,0.0
ECON5_i_W54,low,0.39832142530373243,Neutral (N=0),0.39832142530373243,0.0
ECON5_i_W54,high,0.43838006055761497,Neutral (N=0),0.43838006055761497,0.0
ECON5_j_W54,low,1.2571179127241483,Neutral (N=0),1.2571179127241483,0.0
ECON5_j_W54,high,0.9236531627241485,Neutral (N=0),0.9236531627241485,0.0
ECON5_k_W54,low,0.6091341160913412,Neutral (N=0),0.6091341160913412,0.0
ECON5_k_W54,high,0.5901077927105975,Neutral (N=0),0.5901077927105975,0.0
FIN_SIT_W54,low,0.4404753365838173,Neutral (N=0),0.4404753365838173,0.0
FIN_SIT_W54,high,1.5445286663576372,Neutral (N=0),1.5445286663576372,0.0
GOVPRIORITYb_W54,low,1.4139362598977239,Neutral (N=0),1.4139362598977239,0.0
GOVPRIORITYb_W54,high,1.3510377096865882,Neutral (N=0),1.3510377096865882,0.0
GOVPRIORITYc_W54,low,0.8598375689747166,Neutral (N=0),0.8598375689747166,0.0
GOVPRIORITYc_W54,high,0.6255748467418328,Neutral (N=0),0.6255748467418328,0.0
GOVPRIORITYd_W54,low,0.9597607890649358,Neutral (N=0),0.9597607890649358,0.0
GOVPRIORITYd_W54,high,0.8594289490649356,Neutral (N=0),0.8594289490649356,0.0
GOVPRIORITYf_W54,low,1.6906956024330977,Neutral (N=0),1.6906956024330977,0.0
GOVPRIORITYf_W54,high,1.5970220265115929,Neutral (N=0),1.5970220265115929,0.0
INEQ11_W54,low,0.39016157651822087,Neutral (N=0),0.39016157651822087,0.0
INEQ11_W54,high,0.25382565651822087,Neutral (N=0),0.25382565651822087,0.0
INEQ1_W54,low,0.01530950999999997,Neutral (N=0),0.01530950999999997,0.0
INEQ1_W54,high,0.13765897798623444,Neutral (N=0),0.13765897798623444,0.0
INEQ4_a_W54,low,0.805820012936685,Neutral (N=0),0.805820012936685,0.0
INEQ4_a_W54,high,0.7563680903391067,Neutral (N=0),0.7563680903391067,0.0
INEQ5_a_W54,low,0.27675046701720607,Neutral (N=0),0.27675046701720607,0.0
INEQ5_a_W54,high,0.35910176000000005,Neutral (N=0),0.35910176000000005,0.0
INEQ5_d_W54,low,1.0242093897838287,Neutral (N=0),1.0242093897838287,0.0
INEQ5_d_W54,high,1.4178859597838287,Neutral (N=0),1.4178859597838287,0.0
INEQ5_e_W54,low,0.7388144331722991,Neutral (N=0),0.7388144331722991,0.0
INEQ5_e_W54,high,0.9238845134148473,Neutral (N=0),0.9238845134148473,0.0
INEQ5_f_W54,low,0.31058775204527345,Neutral (N=0),0.31058775204527345,0.0
INEQ5_f_W54,high,0.283671011776106,Neutral (N=0),0.283671011776106,0.0
INEQ5_h_W54,low,0.35500852330217136,Neutral (N=0),0.35500852330217136,0.0
INEQ5_h_W54,high,0.22855185177025883,Neutral (N=0),0.22855185177025883,0.0
INEQ5_i_W54,low,0.4325422723051889,Neutral (N=0),0.4325422723051889,0.0
INEQ5_i_W54,high,0.43254034230518873,Neutral (N=0),0.43254034230518873,0.0
INEQ5_k_W54,low,0.35828036907305433,Neutral (N=0),0.35828036907305433,0.0
INEQ5_k_W54,high,0.6818667730210887,Neutral (N=0),0.6818667730210887,0.0
INEQ5_l_W54,low,0.7824576990334222,Neutral (N=0),0.7824576990334222,0.0
INEQ5_l_W54,high,0.39636502903342197,Neutral (N=0),0.39636502903342197,0.0
INEQ5_m_W54,low,1.0615044800000002,Neutral (N=0),1.0615044800000002,0.0
INEQ5_m_W54,high,0.58377975,Neutral (N=0),0.58377975,0.0
INEQ8_a_W54,low,1.193560923325317,Neutral (N=0),1.193560923325317,0.0
INEQ8_a_W54,high,0.603614053325317,Neutral (N=0),0.603614053325317,0.0
INEQ8_b_W54,low,1.635998394526411,Neutral (N=0),1.635998394526411,0.0
INEQ8_b_W54,high,1.1333778277190434,Neutral (N=0),1.1333778277190434,0.0
INEQ8_c_W54,low,1.3207302718593046,Neutral (N=0),1.3207302718593046,0.0
INEQ8_c_W54,high,0.9393171818593048,Neutral (N=0),0.9393171818593048,0.0
INEQ8_d_W54,low,1.38100376,Neutral (N=0),1.38100376,0.0
INEQ8_d_W54,high,0.94004675,Neutral (N=0),0.94004675,0.0
INEQ8_f_W54,low,1.7753496217289166,Neutral (N=0),1.7753496217289166,0.0
INEQ8_f_W54,high,1.2605071730334836,Neutral (N=0),1.2605071730334836,0.0
INEQ8_g_W54,low,1.2660292113729366,Neutral (N=0),1.2660292113729366,0.0
INEQ8_g_W54,high,0.6727730313729365,Neutral (N=0),0.6727730313729365,0.0
INEQ8_h_W54,low,0.7893131506692156,Neutral (N=0),0.7893131506692156,0.0
INEQ8_h_W54,high,0.41704250330783293,Neutral (N=0),0.41704250330783293,0.0
INEQ8_i_W54,low,1.2651025067613442,Neutral (N=0),1.2651025067613442,0.0
INEQ8_i_W54,high,0.5299675916561881,Neutral (N=0),0.5299675916561881,0.0
INEQ8_j_W54,low,1.092886250474389,Neutral (N=0),1.092886250474389,0.0
INEQ8_j_W54,high,0.5980987804743887,Neutral (N=0),0.5980987804743887,0.0
JOBTRAIN_W54,low,0.33083513375460133,Neutral (N=0),0.33083513375460133,0.0
JOBTRAIN_W54,high,0.23051468022312505,Neutral (N=0),0.23051468022312505,0.0
WORRY2a_W54,low,1.6343564600855225,Neutral (N=0),1.6343564600855225,0.0
WORRY2a_W54,high,0.5166431962363058,Neutral (N=0),0.5166431962363058,0.0
WORRY2b_W54,low,0.8828986287451888,Neutral (N=0),0.8828986287451888,0.0
WORRY2b_W54,high,0.32778122632919937,Neutral (N=0),0.32778122632919937,0.0
WORRY2c_W54,low,1.7511755068198607,Neutral (N=0),1.7511755068198607,0.0
WORRY2c_W54,high,0.32882813323821014,Neutral (N=0),0.32882813323821014,0.0
WORRY2d_W54,low,0.9704247448971115,Neutral (N=0),0.9704247448971115,0.0
WORRY2d_W54,high,0.442474172559295,Neutral (N=0),0.442474172559295,0.0
WORRY2e_W54,low,1.3212165474875823,Neutral (N=0),1.3212165474875823,0.0
WORRY2e_W54,high,0.5488619310828659,Neutral (N=0),0.5488619310828659,0.0
GAP21Q10_W82,low,0.26709355767093557,Neutral (N=0),0.26709355767093557,0.0
GAP21Q10_W82,high,0.2675328935113517,Neutral (N=0),0.2675328935113517,0.0
GAP21Q13_b_W82,low,1.2522236010481171,Neutral (N=0),1.2522236010481171,0.0
GAP21Q13_b_W82,high,1.091029489436176,Neutral (N=0),1.091029489436176,0.0
GAP21Q15_a_W82,low,0.6484517813451438,Neutral (N=0),0.6484517813451438,0.0
GAP21Q15_a_W82,high,0.7744392113451437,Neutral (N=0),0.7744392113451437,0.0
GAP21Q15_b_W82,low,0.7048728418655729,Neutral (N=0),0.7048728418655729,0.0
GAP21Q15_b_W82,high,0.911188631865573,Neutral (N=0),0.911188631865573,0.0
GAP21Q15_c_W82,low,0.7510271125928893,Neutral (N=0),0.7510271125928893,0.0
GAP21Q15_c_W82,high,0.845641494517883,Neutral (N=0),0.845641494517883,0.0
GAP21Q15_d_W82,low,1.065131906353699,Neutral (N=0),1.065131906353699,0.0
GAP21Q15_d_W82,high,1.4329270263536988,Neutral (N=0),1.4329270263536988,0.0
GAP21Q15_e_W82,low,0.7451997202901877,Neutral (N=0),0.7451997202901877,0.0
GAP21Q15_e_W82,high,0.9868180016514528,Neutral (N=0),0.9868180016514528,0.0
GAP21Q15_f_W82,low,0.8156489741176616,Neutral (N=0),0.8156489741176616,0.0
GAP21Q15_f_W82,high,1.1900690810405032,Neutral (N=0),1.1900690810405032,0.0
GAP21Q17_W82,low,0.5703172629370241,Neutral (N=0),0.5703172629370241,0.0
GAP21Q17_W82,high,0.7052564029370242,Neutral (N=0),0.7052564029370242,0.0
GAP21Q19_a_W82,low,0.8700552568078392,Neutral (N=0),0.8700552568078392,0.0
GAP21Q19_a_W82,high,0.9253812291501072,Neutral (N=0),0.9253812291501072,0.0
GAP21Q19_b_W82,low,1.4875187280108637,Neutral (N=0),1.4875187280108637,0.0
GAP21Q19_b_W82,high,1.6121067503088409,Neutral (N=0),1.6121067503088409,0.0
GAP21Q19_c_W82,low,0.7119900899999999,Neutral (N=0),0.7119900899999999,0.0
GAP21Q19_c_W82,high,1.0072380499999998,Neutral (N=0),1.0072380499999998,0.0
GAP21Q19_d_W82,low,0.7965149332084254,Neutral (N=0),0.7965149332084254,0.0
GAP21Q19_d_W82,high,0.375325705645968,Neutral (N=0),0.375325705645968,0.0
GAP21Q19_e_W82,low,0.7126056699999999,Neutral (N=0),0.7126056699999999,0.0
GAP21Q19_e_W82,high,0.517972055432431,Neutral (N=0),0.517972055432431,0.0
GAP21Q21_a_W82,low,0.36382465622133536,Neutral (N=0),0.36382465622133536,0.0
GAP21Q21_a_W82,high,0.2561581719373166,Neutral (N=0),0.2561581719373166,0.0
GAP21Q21_e_W82,low,0.6649224860283256,Neutral (N=0),0.6649224860283256,0.0
GAP21Q21_e_W82,high,0.8726679360283256,Neutral (N=0),0.8726679360283256,0.0
GAP21Q23_W82,low,1.4422509068101892,Neutral (N=0),1.4422509068101892,0.0
GAP21Q23_W82,high,1.164938626810189,Neutral (N=0),1.164938626810189,0.0
GAP21Q24_W82,low,0.5825151406377345,Neutral (N=0),0.5825151406377345,0.0
GAP21Q24_W82,high,0.5112909506377346,Neutral (N=0),0.5112909506377346,0.0
GAP21Q25_W82,low,0.605628394748206,Neutral (N=0),0.605628394748206,0.0
GAP21Q25_W82,high,0.4782617386435919,Neutral (N=0),0.4782617386435919,0.0
GAP21Q26_a_W82,low,0.7587973099999998,Neutral (N=0),0.7587973099999998,0.0
GAP21Q26_a_W82,high,0.9600423699999999,Neutral (N=0),0.9600423699999999,0.0
GAP21Q26_b_W82,low,1.3484372833301759,Neutral (N=0),1.3484372833301759,0.0
GAP21Q26_b_W82,high,1.4172795255303767,Neutral (N=0),1.4172795255303767,0.0
GAP21Q26_c_W82,low,0.5981848548402935,Neutral (N=0),0.5981848548402935,0.0
GAP21Q26_c_W82,high,0.8908826548402935,Neutral (N=0),0.8908826548402935,0.0
GAP21Q27_W82,low,0.16778417820980268,Neutral (N=0),0.16778417820980268,0.0
GAP21Q27_W82,high,0.18595672320980264,Neutral (N=0),0.18595672320980264,0.0
GAP21Q28_W82,low,0.600712632827335,Neutral (N=0),0.600712632827335,0.0
GAP21Q28_W82,high,0.5436060573148849,Neutral (N=0),0.5436060573148849,0.0
GAP21Q31_W82,low,0.35846778864749923,Neutral (N=0),0.35846778864749923,0.0
GAP21Q31_W82,high,0.38179266864749895,Neutral (N=0),0.38179266864749895,0.0
GAP21Q32_W82,low,0.6884793683532561,Neutral (N=0),0.6884793683532561,0.0
GAP21Q32_W82,high,0.4196425683532561,Neutral (N=0),0.4196425683532561,0.0
GAP21Q33_c_W82,low,0.20951817954504653,Neutral (N=0),0.20951817954504653,0.0
GAP21Q33_c_W82,high,0.2296180944268188,Neutral (N=0),0.2296180944268188,0.0
GAP21Q33_g_W82,low,0.5514974838797162,Neutral (N=0),0.5514974838797162,0.0
GAP21Q33_g_W82,high,0.5168440238797163,Neutral (N=0),0.5168440238797163,0.0
GAP21Q33_i_W82,low,0.34179920284976734,Neutral (N=0),0.34179920284976734,0.0
GAP21Q33_i_W82,high,0.3148338391476628,Neutral (N=0),0.3148338391476628,0.0
GAP21Q33_j_W82,low,0.3134341265832578,Neutral (N=0),0.3134341265832578,0.0
GAP21Q33_j_W82,high,0.26070580658325776,Neutral (N=0),0.26070580658325776,0.0
GAP21Q33_m_W82,low,0.2634157351790497,Neutral (N=0),0.2634157351790497,0.0
GAP21Q33_m_W82,high,0.3054038683302487,Neutral (N=0),0.3054038683302487,0.0
GAP21Q33_n_W82,low,0.6841001060440224,Neutral (N=0),0.6841001060440224,0.0
GAP21Q33_n_W82,high,0.7529516981871627,Neutral (N=0),0.7529516981871627,0.0
GAP21Q33_q_W82,low,0.29083085000000003,Neutral (N=0),0.29083085000000003,0.0
GAP21Q33_q_W82,high,0.26855898999999994,Neutral (N=0),0.26855898999999994,0.0
GAP21Q33_r_W82,low,0.2213410599999998,Neutral (N=0),0.2213410599999998,0.0
GAP21Q33_r_W82,high,0.30369370416378527,Neutral (N=0),0.30369370416378527,0.0
GAP21Q33_s_W82,low,0.3362902346035409,Neutral (N=0),0.3362902346035409,0.0
GAP21Q33_s_W82,high,0.1322518524168894,Neutral (N=0),0.1322518524168894,0.0
GAP21Q34_a_W82,low,0.5665780721246975,Neutral (N=0),0.5665780721246975,0.0
GAP21Q34_a_W82,high,0.5997422344210104,Neutral (N=0),0.5997422344210104,0.0
GAP21Q34_b_W82,low,1.6144889889155305,Neutral (N=0),1.6144889889155305,0.0
GAP21Q34_b_W82,high,1.4867751789155303,Neutral (N=0),1.4867751789155303,0.0
GAP21Q34_c_W82,low,1.3062528416508088,Neutral (N=0),1.3062528416508088,0.0
GAP21Q34_c_W82,high,1.2784463816508087,Neutral (N=0),1.2784463816508087,0.0
GAP21Q34_d_W82,low,0.6635468114340473,Neutral (N=0),0.6635468114340473,0.0
GAP21Q34_d_W82,high,0.6965531814340472,Neutral (N=0),0.6965531814340472,0.0
GAP21Q34_e_W82,low,0.47649343543310535,Neutral (N=0),0.47649343543310535,0.0
GAP21Q34_e_W82,high,0.30608533636553736,Neutral (N=0),0.30608533636553736,0.0
GAP21Q34_f_W82,low,0.4162475572433747,Neutral (N=0),0.4162475572433747,0.0
GAP21Q34_f_W82,high,0.5346919322130483,Neutral (N=0),0.5346919322130483,0.0
GAP21Q38_a_W82,low,0.6578855210537476,Neutral (N=0),0.6578855210537476,0.0
GAP21Q38_a_W82,high,0.6630236310537476,Neutral (N=0),0.6630236310537476,0.0
GAP21Q38_b_W82,low,0.6067252231603438,Neutral (N=0),0.6067252231603438,0.0
GAP21Q38_b_W82,high,0.5594429876404232,Neutral (N=0),0.5594429876404232,0.0
GAP21Q38_c_W82,low,0.5771413866423054,Neutral (N=0),0.5771413866423054,0.0
GAP21Q38_c_W82,high,0.44810893664230544,Neutral (N=0),0.44810893664230544,0.0
GAP21Q41_W82,low,1.0101304278628982,Neutral (N=0),1.0101304278628982,0.0
GAP21Q41_W82,high,1.212456197862898,Neutral (N=0),1.212456197862898,0.0
GAP21Q43_g_W82,low,0.40664737496608006,Neutral (N=0),0.40664737496608006,0.0
GAP21Q43_g_W82,high,0.4021745774912177,Neutral (N=0),0.4021745774912177,0.0
GAP21Q47_W82,low,1.0807502706861523,Neutral (N=0),1.0807502706861523,0.0
GAP21Q47_W82,high,0.9690367806861524,Neutral (N=0),0.9690367806861524,0.0
GAP21Q4_a_W82,low,1.3269051903558435,Neutral (N=0),1.3269051903558435,0.0
GAP21Q4_a_W82,high,1.3109606,Neutral (N=0),1.3109606,0.0
GAP21Q4_b_W82,low,0.6296769293600419,Neutral (N=0),0.6296769293600419,0.0
GAP21Q4_b_W82,high,0.7096984322558834,Neutral (N=0),0.7096984322558834,0.0
GAP21Q4_c_W82,low,0.9362906440198698,Neutral (N=0),0.9362906440198698,0.0
GAP21Q4_c_W82,high,1.048755989542618,Neutral (N=0),1.048755989542618,0.0
GAP21Q4_d_W82,low,0.997714561537306,Neutral (N=0),0.997714561537306,0.0
GAP21Q4_d_W82,high,1.0955097777067735,Neutral (N=0),1.0955097777067735,0.0
GAP21Q4_e_W82,low,0.8501519423844268,Neutral (N=0),0.8501519423844268,0.0
GAP21Q4_e_W82,high,0.7279916541196909,Neutral (N=0),0.7279916541196909,0.0
GAP21Q4_f_W82,low,1.0835910926440413,Neutral (N=0),1.0835910926440413,0.0
GAP21Q4_f_W82,high,1.1911019270070469,Neutral (N=0),1.1911019270070469,0.0
GAP21Q7_a_W82,low,0.8256394572310152,Neutral (N=0),0.8256394572310152,0.0
GAP21Q7_a_W82,high,1.072218346568706,Neutral (N=0),1.072218346568706,0.0
GAP21Q7_b_W82,low,0.31007648029860496,Neutral (N=0),0.31007648029860496,0.0
GAP21Q7_b_W82,high,0.31414585999999994,Neutral (N=0),0.31414585999999994,0.0
GAP21Q7_d_W82,low,0.9533992708463821,Neutral (N=0),0.9533992708463821,0.0
GAP21Q7_d_W82,high,1.0940788808463822,Neutral (N=0),1.0940788808463822,0.0
BILLION_W92,low,0.21191023982949142,Neutral (N=0),0.21191023982949142,0.0
BILLION_W92,high,0.1821292204434108,Neutral (N=0),0.1821292204434108,0.0
CANDEXP_W92,low,0.47922700818545527,Neutral (N=0),0.47922700818545527,0.0
CANDEXP_W92,high,0.3666007805387359,Neutral (N=0),0.3666007805387359,0.0
ELECT_CONF3_PRVFR_W92,low,1.4351726303941106,Neutral (N=0),1.4351726303941106,0.0
ELECT_CONF3_PRVFR_W92,high,1.4443445603941105,Neutral (N=0),1.4443445603941105,0.0
ELECT_CONF3_PRVSUP_W92,low,0.7523138673630274,Neutral (N=0),0.7523138673630274,0.0
ELECT_CONF3_PRVSUP_W92,high,0.7605362186499036,Neutral (N=0),0.7605362186499036,0.0
ELECT_IMPT3_PRVFR_W92,low,1.447146628924843,Neutral (N=0),1.447146628924843,0.0
ELECT_IMPT3_PRVFR_W92,high,1.6605175466800648,Neutral (N=0),1.6605175466800648,0.0
FREECOLL_W92,low,1.08741464,Neutral (N=0),1.08741464,0.0
FREECOLL_W92,high,0.5716115898038572,Neutral (N=0),0.5716115898038572,0.0
GODMORALIMP_W92,low,0.33979072992323883,Neutral (N=0),0.33979072992323883,0.0
GODMORALIMP_W92,high,0.5556796298213444,Neutral (N=0),0.5556796298213444,0.0
LEGALIMMIGAMT_W92,low,0.2062378877502844,Neutral (N=0),0.2062378877502844,0.0
LEGALIMMIGAMT_W92,high,0.3280433200000001,Neutral (N=0),0.3280433200000001,0.0
POLINTOL2_a_W92,low,0.8178606313033457,Neutral (N=0),0.8178606313033457,0.0
POLINTOL2_a_W92,high,0.7005294615623697,Neutral (N=0),0.7005294615623697,0.0
PROG_RNEED_W92,low,0.29441855998529964,Neutral (N=0),0.29441855998529964,0.0
PROG_RNEED_W92,high,0.4352293899852997,Neutral (N=0),0.4352293899852997,0.0
RACESURV52MOD_W92,low,0.5109319925389457,Neutral (N=0),0.5109319925389457,0.0
RACESURV52MOD_W92,high,0.27475068766689464,Neutral (N=0),0.27475068766689464,0.0
REPRSNTDEM_W92,low,1.3358732398607902,Neutral (N=0),1.3358732398607902,0.0
REPRSNTDEM_W92,high,1.1196725340244031,Neutral (N=0),1.1196725340244031,0.0
REPRSNTREP_W92,low,0.8100928625199532,Neutral (N=0),0.8100928625199532,0.0
REPRSNTREP_W92,high,0.8265558525199534,Neutral (N=0),0.8265558525199534,0.0
SOCIETY_GUNS_W92,low,0.8997178839072288,Neutral (N=0),0.8997178839072288,0.0
SOCIETY_GUNS_W92,high,0.9622268739072289,Neutral (N=0),0.9622268739072289,0.0
SOCIETY_RELG_W92,low,1.178269789535833,Neutral (N=0),1.178269789535833,0.0
SOCIETY_RELG_W92,high,1.3807061395358329,Neutral (N=0),1.3807061395358329,0.0
SOCIETY_RHIST_W92,low,0.5997047640425017,Neutral (N=0),0.5997047640425017,0.0
SOCIETY_RHIST_W92,high,0.575796424042502,Neutral (N=0),0.575796424042502,0.0
SOCIETY_SSM_W92,low,0.8977255039572933,Neutral (N=0),0.8977255039572933,0.0
SOCIETY_SSM_W92,high,0.5106855885707724,Neutral (N=0),0.5106855885707724,0.0
SOCIETY_TRANS_W92,low,1.1711507832547376,Neutral (N=0),1.1711507832547376,0.0
SOCIETY_TRANS_W92,high,0.9154492132547377,Neutral (N=0),0.9154492132547377,0.0
SOCIETY_WHT_W92,low,0.09149819533478429,Neutral (N=0),0.09149819533478429,0.0
SOCIETY_WHT_W92,high,0.19483767286106038,Neutral (N=0),0.19483767286106038,0.0
UNIMMIGCOMM_W92,low,0.6373936019576568,Neutral (N=0),0.6373936019576568,0.0
UNIMMIGCOMM_W92,high,0.6557783565577835,Neutral (N=0),0.6557783565577835,0.0
USEXCEPT_W92,low,0.24350360249813183,Neutral (N=0),0.24350360249813183,0.0
USEXCEPT_W92,high,0.2946552724981317,Neutral (N=0),0.2946552724981317,0.0
USMILSIZ_W92,low,0.7126154187104953,Neutral (N=0),0.7126154187104953,0.0
USMILSIZ_W92,high,0.5825207503232201,Neutral (N=0),0.5825207503232201,0.0
WHADVANT_W92,low,0.6314291083647675,Neutral (N=0),0.6314291083647675,0.0
WHADVANT_W92,high,0.46658444428804524,Neutral (N=0),0.46658444428804524,0.0
CARRYGUN_W26,low,0.4259758700472522,Declared,0.562185436041774,-0.13620956599452178
CARRYGUN_W26,high,0.780505238934226,Declared,0.8092498921485833,-0.028744653214357374
GROWUPGUN2A_W26,low,0.03208834713373676,Declared,0.03217136049465963,-8.301336092286782e-05
GROWUPGUN2A_W26,high,0.16923697999999998,Declared,0.12986527049465968,0.0393717095053403
GROWUPGUN2B_W26,low,0.22821567523803143,Declared,0.27934820932083326,-0.05113253408280183
GROWUPGUN2B_W26,high,0.17176909448340305,Declared,0.28773897932083325,-0.1159698848374302
GROWUPGUN2C_W26,low,0.3658302345402331,Declared,0.4385289560678808,-0.07269872152764767
GROWUPGUN2C_W26,high,0.4069114825968685,Declared,0.4581125260678808,-0.051201043471012286
GROWUPGUN4_W26,low,0.5816257828325726,Declared,0.6709256015464227,-0.08929981871385007
GROWUPGUN4_W26,high,0.6476897763402901,Declared,0.6672752215464226,-0.01958544520613248
GROWUPGUN6_W26,low,0.5594050503452841,Declared,0.7187051391257266,-0.15930008878044255
GROWUPGUN6_W26,high,0.35916471711098596,Declared,0.76609567722382,-0.40693096011283403
GROWUPGUN7_W26,low,0.22846267951801094,Declared,0.570246663591608,-0.3417839840735971
GROWUPGUN7_W26,high,0.4681831297483986,Declared,0.7091966648582382,-0.24101353510983958
GROWUPVIOL_W26,low,0.19039763495573792,Declared,0.5169493438417354,-0.3265517088859975
GROWUPVIOL_W26,high,0.16935900787200805,Declared,0.8313301690992967,-0.6619711612272886
GUNACCESS_W26,low,0.6164054136416374,Declared,0.5746746798394402,0.04173073380219716
GUNACCESS_W26,high,1.0367821346320074,Declared,0.8211756575687388,0.21560647706326863
GUNACTIVITYA_W26,low,0.7821004428937113,Declared,1.3107140393804046,-0.5286135964866934
GUNACTIVITYA_W26,high,1.4049597428103908,Declared,1.3274502237608012,0.07750951904958958
GUNACTIVITYB_W26,low,0.20310663456570732,Declared,0.47260287527397127,-0.26949624070826395
GUNACTIVITYB_W26,high,0.35880224908059244,Declared,0.4620916974957516,-0.10328944841515914
GUNCONTRIBA_W26,low,0.6762246932377529,Declared,0.7508516340347928,-0.07462694079703991
GUNCONTRIBA_W26,high,0.815395978427676,Declared,0.8018029461574818,0.01359303227019415
GUNCONTRIBC_W26,low,0.6179932546251818,Declared,0.5777725325014725,0.04022072212370931
GUNCONTRIBC_W26,high,0.4826020664158878,Declared,0.8264631700502078,-0.34386110363431993
GUNCONTRIBE_W26,low,0.5995235915453464,Declared,0.41195286610682164,0.18757072543852477
GUNCONTRIBE_W26,high,0.660648100501777,Declared,0.4242704261068218,0.23637767439495522
GUNCONTRIBF_W26,low,0.6701466838512604,Declared,0.6515690226813737,0.018577661169886683
GUNCONTRIBF_W26,high,0.9557567918281203,Declared,0.6841907731580923,0.27156601867002805
GUNFRIEND_W26,low,0.6861254777057313,Declared,1.0491957148548254,-0.36307023714909414
GUNFRIEND_W26,high,0.46118795905594456,Declared,1.0451743735645218,-0.5839864145085772
GUNIDENTITY_W26,low,0.47983504000000005,Declared,1.2823689600000001,-0.8025339200000001
GUNIDENTITY_W26,high,0.6337472414628513,Declared,1.13294555,-0.49919830853714875
GUNLOADED1_W26,low,0.26762753205159995,Declared,0.30908012000000007,-0.04145258794840012
GUNLOADED1_W26,high,0.26877606866591497,Declared,0.24794504000000006,0.020831028665914908
GUNLOADED2_W26,low,0.19576383999999997,Declared,0.4423985514884963,-0.24663471148849636
GUNLOADED2_W26,high,0.5066530867407835,Declared,0.5824962514884964,-0.07584316474771291
GUNLOCKED1_W26,low,0.2584256122276915,Declared,0.31069062999999986,-0.05226501777230835
GUNLOCKED1_W26,high,0.22811570960982724,Declared,0.31656438999999986,-0.08844868039017262
GUNLOCKED2_W26,low,0.29183441032999574,Declared,0.39469778482939627,-0.10286337449940053
GUNLOCKED2_W26,high,0.18182006092902403,Declared,0.2581998448293963,-0.07637978390037226
GUNRESPKIDSD_W26,low,0.4000103800044962,Declared,1.0755602567510028,-0.6755498767465066
GUNRESPKIDSD_W26,high,0.3523753656427506,Declared,1.3900919696010856,-1.037716603958335
GUNRESPKIDSE_W26,low,0.3379449867662919,Declared,0.5413062923995199,-0.20336130563322796
GUNRESPKIDSE_W26,high,0.4690354442180678,Declared,0.7792053925910939,-0.3101699483730261
GUNRESPNOKIDSA_W26,low,0.24632902122932032,Declared,0.28500218816155254,-0.03867316693223222
GUNRESPNOKIDSA_W26,high,0.9152222262950351,Declared,0.2948474327423376,0.6203747935526975
GUNRESPNOKIDSB_W26,low,0.5137044791521728,Declared,0.23137413366465942,0.28233034548751335
GUNRESPNOKIDSB_W26,high,1.0292261359321988,Declared,0.21730635352398187,0.8119197824082169
GUNRESPNOKIDSC_W26,low,0.25099848501844224,Declared,0.4542663545426635,-0.20326786952422127
GUNRESPNOKIDSC_W26,high,0.8656806432386541,Declared,0.59178601591786,0.27389462732079417
GUNRESPNOKIDSD_W26,low,0.6073429585685297,Declared,0.2867307864506975,0.3206121721178322
GUNRESPNOKIDSD_W26,high,0.22999667660531942,Declared,0.43561646645069757,-0.20561978984537815
GUNRESPNOKIDSE_W26,low,0.25526283603294236,Declared,0.12286588663263892,0.13239694940030344
GUNRESPNOKIDSE_W26,high,0.7481823000000001,Declared,0.2678136675702377,0.48036863242976235
GUNRESPNOKIDSF_W26,low,0.2825468864460966,Declared,0.20900958293058824,0.07353730351550836
GUNRESPNOKIDSF_W26,high,0.38813836612645475,Declared,0.2986830763339536,0.08945528979250117
GUNSAFETYKIDS_W26,low,0.1346696232529216,Declared,0.13476941358642633,-9.979033350474009e-05
GUNSAFETYKIDS_W26,high,0.1416472048508367,Declared,0.15298586358642627,-0.011338658735589563
GUNSAFE_W26,low,0.11938210934439131,Declared,0.022252737291682423,0.09712937205270888
GUNSAFE_W26,high,0.1479469854712046,Declared,0.04213690593278979,0.10581007953841481
GUNTYPEOWNC_W26,low,0.22938633616808357,Declared,1.0835046507030066,-0.854118314534923
GUNTYPEOWNC_W26,high,0.09606218718293208,Declared,0.7091909584979226,-0.6131287713149904
NOCARRYGUN_W26,low,0.03326020199352808,Declared,0.25805487000000005,-0.22479466800647196
NOCARRYGUN_W26,high,0.18908205491775187,Declared,0.26993812000000006,-0.08085606508224819
REASONGUNA_W26,low,0.9637060582538568,Declared,1.2514506743712683,-0.28774461611741153
REASONGUNA_W26,high,0.8880835663927567,Declared,1.090232414371268,-0.2021488479785114
REASONGUNB_W26,low,0.542588416801007,Declared,0.8662216413377837,-0.3236332245367767
REASONGUNB_W26,high,0.8203698352524622,Declared,0.7356987721598262,0.08467106309263606
REASONGUNC_W26,low,0.4525292155690185,Declared,0.7743131845669469,-0.3217839689979284
REASONGUNC_W26,high,0.9419889408780617,Declared,0.9369672251969161,0.005021715681145622
REASONGUND_W26,low,0.19759615074303694,Declared,0.34994889640587257,-0.15235274566283563
REASONGUND_W26,high,0.06482585616524303,Declared,0.26901158640587264,-0.2041857302406296
REASONGUNE_W26,low,0.4277259512537712,Declared,0.250158041853468,0.1775679094003032
REASONGUNE_W26,high,0.4996331946767532,Declared,0.324059391853468,0.17557380282328522
SHOOTFREQ_W26,low,0.9515368394113013,Declared,0.56084015,0.3906966894113013
SHOOTFREQ_W26,high,0.20566810004096742,Declared,0.8037213005774363,-0.5980532005364689
WORRYB_W26,low,0.3888112395182072,Declared,0.3922289149137286,-0.0034176753955214023
WORRYB_W26,high,0.2034199261072243,Declared,0.18572126783833115,0.017698658268893164
WORRYD_W26,low,0.9368522963416785,Declared,0.2519027009349155,0.684949595406763
WORRYD_W26,high,0.48921437597698775,Declared,0.4289895290650844,0.06022484691190333
WORRYE_W26,low,0.3329233522599062,Declared,0.3236116435166533,0.009311708743252933
WORRYE_W26,high,0.33442718000000005,Declared,0.289513692677694,0.044913487322306045
WORRYF_W26,low,0.17963672910323947,Declared,0.19090286553316477,-0.0112661364299253
WORRYF_W26,high,0.36900810927180594,Declared,0.22188820092726685,0.14711990834453909
BOYSF1B_W29,low,0.3616300810817177,Declared,0.35681879482753365,0.004811286254184033
BOYSF1B_W29,high,0.4470749002858066,Declared,0.32525690982753364,0.12181799045827296
FAVORS_CPS_W29,low,1.7623445136692157,Declared,1.0231469610292103,0.7391975526400054
FAVORS_CPS_W29,high,1.7788679164032595,Declared,0.8995611025998702,0.8793068138033893
FEM2_W29,low,1.1384421424826479,Declared,1.562181729550815,-0.42373958706816706
FEM2_W29,high,1.6131753400000002,Declared,1.4276677179467483,0.18550762205325189
GIRLSF2C_W29,low,0.2837982727883615,Declared,0.33054924499999994,-0.04675097221163843
GIRLSF2C_W29,high,0.44239148712110365,Declared,0.3578168873734463,0.08457459974765735
GIRLSF2D_W29,low,0.21254240260491156,Declared,0.334162953359998,-0.12162055075508646
GIRLSF2D_W29,high,0.2902566470550996,Declared,0.3152090416789123,-0.024952394623812657
GOPDIRCT_W29,low,1.4384610818355943,Declared,0.8666008995250569,0.5718601823105374
GOPDIRCT_W29,high,0.71741524,Declared,0.8631342685599692,-0.1457190285599692
HOOD_NHISB_W29,low,1.1987397592984108,Declared,1.4682733206218357,-0.2695335613234249
HOOD_NHISB_W29,high,1.4114842241148422,Declared,2.0025967233032618,-0.5911124991884196
LOCALELECT_W29,low,0.6511256860738343,Declared,0.6344107494167093,0.01671493665712498
LOCALELECT_W29,high,0.9176078585601672,Declared,1.3099163430991632,-0.3923084845389959
MAN1A_W29,low,0.9428811313040593,Declared,0.4765398639676138,0.4663412673364455
MAN1A_W29,high,1.2016276623647157,Declared,0.5632699139676137,0.638357748397102
MAN1B_W29,low,0.23854021820467614,Declared,0.4582561687944937,-0.21971595058981758
MAN1B_W29,high,0.30397732354620416,Declared,0.2483141710312822,0.05566315251492196
MAN1C_W29,low,0.7092675823257848,Declared,0.8172429935098655,-0.10797541118408072
MAN1C_W29,high,0.55078055,Declared,0.43497904228609746,0.11580150771390257
MAN1D_W29,low,0.7509691820162395,Declared,0.8015052481827828,-0.05053606616654327
MAN1D_W29,high,0.6019194759407693,Declared,0.6137200227343736,-0.011800546793604316
MAN1E_W29,low,1.2045743249744452,Declared,0.74375103256249,0.4608232924119552
MAN1E_W29,high,1.2021405888072647,Declared,0.5051143635442241,0.6970262252630406
MASC2_W29,low,0.8556280227216062,Declared,1.412732679434746,-0.5571046567131397
MASC2_W29,high,1.4956593465139059,Declared,1.4844555794347458,0.011203767079160043
S12_W29,low,1.5025590773927027,Declared,1.0546763849584426,0.44788269243426004
S12_W29,high,0.9829645156043988,Declared,1.6471914336701379,-0.6642269180657391
S13_W29,low,0.735435146340963,Declared,1.9028299383591756,-1.1673947920182126
S13_W29,high,0.5057700195768798,Declared,2.0874768652267903,-1.5817068456499106
SEENFEM_W29,low,0.5302592576737027,Declared,0.8415548145495213,-0.31129555687581856
SEENFEM_W29,high,0.7100028069642033,Declared,0.7506193145495214,-0.040616507585318096
SEENMASC_W29,low,0.40570313617535336,Declared,0.4654180132923619,-0.059714877117008514
SEENMASC_W29,high,0.7094266206643757,Declared,0.4972989960545579,0.21212762460981777
TALK_CPS_W29,low,0.6674872949390273,Declared,0.8413356023144112,-0.17384830737538393
TALK_CPS_W29,high,0.58913673853098,Declared,1.0081003793048786,-0.4189636407738986
WORRYBILL_W29,low,1.2691194607654261,Declared,0.9540988397839552,0.315020620981471
WORRYBILL_W29,high,0.19713120560468764,Declared,0.5288422699535994,-0.33171106434891173
CLASS_W32,low,0.27148275270317845,Declared,0.7175264530420825,-0.44604370033890406
CLASS_W32,high,0.5172959134426792,Declared,0.60619100787618,-0.08889509443350074
COMMIMPA_W32,low,0.6993356450641101,Declared,0.5757115023424748,0.12362414272163524
COMMIMPA_W32,high,0.60348511,Declared,0.6047698855411118,-0.0012847755411117268
COMMIMPB_W32,low,1.1612444739122756,Declared,0.3385713884556586,0.822673085456617
COMMIMPB_W32,high,0.6956745472452979,Declared,0.3226877884556586,0.37298675878963927
COMMIMPC_W32,low,0.6542010075821638,Declared,0.8378333967290258,-0.18363238914686197
COMMIMPC_W32,high,0.5649737196131835,Declared,0.9218352765305291,-0.35686155691734556
COMMIMPF_W32,low,0.5775773119767383,Declared,0.5642937129235306,0.01328359905320775
COMMIMPF_W32,high,0.6854526485251357,Declared,0.5953102329235306,0.09014241560160507
COMMIMPG_W32,low,0.8564392900000002,Declared,0.6695094300000001,0.18692986000000011
COMMIMPG_W32,high,0.852552811474472,Declared,0.6643714952124676,0.1881813162620044
COMMIMPH_W32,low,0.469080530952598,Declared,0.8408597694893232,-0.3717792385367252
COMMIMPH_W32,high,0.47546048544172886,Declared,0.6494569652439894,-0.17399647980226057
COMMYRS_W32,low,0.7960914079609139,Declared,1.0417212879798896,-0.24562988001897568
COMMYRS_W32,high,0.9452715780674968,Declared,0.898862277623674,0.046409300443822854
ETHNCMAJ_W32,low,0.1639258421499331,Declared,0.09955660791499678,0.06436923423493633
ETHNCMAJ_W32,high,0.035458167182102374,Declared,0.06091634576506366,-0.02545817858296129
GAYMARR2_W32,low,0.6161766711846133,Declared,0.49034480114034223,0.12583187004427104
GAYMARR2_W32,high,1.0937130154392671,Declared,0.7166355419232661,0.37707747351600107
HARASS2F1_W32,low,0.11192685785837475,Declared,0.11352220644268525,-0.0015953485843104992
HARASS2F1_W32,high,0.056537365705982334,Declared,0.03236647719384128,0.024170888512141053
IMMIMPACT_W32,low,0.16594833217575725,Declared,0.13702655028756622,0.028921781888191028
IMMIMPACT_W32,high,0.18141707263121426,Declared,0.19476951819608807,-0.013352445564873805
MOVERURAL_W32,low,0.3724996737249968,Declared,0.22655006333881234,0.14594961038618448
MOVERURAL_W32,high,0.5528238598182569,Declared,0.23938529089910732,0.31343856891914956
MOVESUBURB_W32,low,0.3019721690805558,Declared,0.3241749992869186,-0.022202830206362822
MOVESUBURB_W32,high,0.6766801726328406,Declared,0.3452819396377574,0.33139823299508325
MOVEURBAN_W32,low,0.40589301405892997,Declared,0.37459281966782443,0.03130019439110554
MOVEURBAN_W32,high,0.4668846771186284,Declared,0.4313394256866058,0.035545251432022584
NEIGHINTERA_W32,low,0.44440456128216493,Declared,0.4695435356177722,-0.025138974335607245
NEIGHINTERA_W32,high,0.7087012680045176,Declared,0.487454449835133,0.22124681816938463
NEIGHINTERB_W32,low,2.423477747379853,Declared,1.7531291096065869,0.6703486377732664
NEIGHINTERB_W32,high,2.152712567942312,Declared,2.086843158344742,0.06586940959756982
NEIGHKIDS_W32,low,0.061360328079250764,Declared,0.35318877883771105,-0.2918284507584603
NEIGHKIDS_W32,high,0.1349613281671189,Declared,0.24505252883771103,-0.11009120067059214
NEIGHSAMEA_W32,low,0.5955965770737002,Declared,0.8440973819688463,-0.24850080489514614
NEIGHSAMEA_W32,high,1.1234288728440507,Declared,1.1658512982334468,-0.04242242538939611
SATLIFED_W32,low,1.0010378791424555,Declared,0.6624879377224961,0.3385499414199593
SATLIFED_W32,high,0.8894748422044397,Declared,0.796740600434219,0.09273424177022072
SOCTRUST2_W32,low,0.06184171999999999,Declared,0.2142139819317569,-0.1523722619317569
SOCTRUST2_W32,high,0.14454294405903367,Declared,0.4746176119317569,-0.3300746678727232
VALUERURAL_W32,low,0.42930855185151795,Declared,0.5573433096296921,-0.1280347577781742
VALUERURAL_W32,high,0.5870019422922805,Declared,0.5348017396296922,0.05220020266258829
WHADVANT_W32,low,0.7903838300000001,Declared,0.6866556418043197,0.10372818819568042
WHADVANT_W32,high,0.7962783762300587,Declared,0.6733020318043197,0.12297634442573901
WILLMOVE_W32,low,0.38637978391466027,Declared,1.3827327387798176,-0.9963529548651573
WILLMOVE_W32,high,0.419332561321378,Declared,1.3964128224287353,-0.9770802611073574
EAT1_W34,low,0.6203750131126032,Declared,0.7196750460834848,-0.09930003297088152
EAT1_W34,high,0.5273315497750113,Declared,1.0102473860834849,-0.48291583630847357
EAT2_W34,low,0.38286862332193117,Declared,0.9959068875110901,-0.613038264189159
EAT2_W34,high,0.6319350608912155,Declared,0.7542544992514354,-0.12231943836021986
EAT5B_W34,low,0.5356381816700887,Declared,0.373864602206104,0.16177357946398468
EAT5B_W34,high,0.5448398017484358,Declared,0.42993773972519733,0.1149020620232385
EAT5C_W34,low,0.49277033541739235,Declared,0.3050386557647713,0.18773167965262105
EAT5C_W34,high,0.45251918173064987,Declared,0.31317340576477115,0.13934577596587872
EAT5D_W34,low,0.5723668912154147,Declared,0.3917829128601109,0.18058397835530382
EAT5D_W34,high,0.5965090955132512,Declared,0.49985935654256597,0.09664973897068518
EVOBIOA_W34,low,0.12108018637072471,Declared,0.2767722376004099,-0.1556920512296852
EVOBIOA_W34,high,0.044564724983337856,Declared,0.008304657600409882,0.036260067382927974
EVOBIOB_W34,low,0.06277104993620941,Declared,0.36295319000000004,-0.3001821400637906
EVOBIOB_W34,high,0.1556526285732479,Declared,0.16793347999999997,-0.01228085142675206
EVOPERS3_W34,low,0.7437191459686543,Declared,0.4367878578096068,0.30693128815904747
EVOPERS3_W34,high,0.40138663513322165,Declared,0.3847715474768579,0.01661508765636377
EVOTHREE_W34,low,0.09609970164027448,Declared,0.001606870000000038,0.09449283164027444
EVOTHREE_W34,high,0.2505820924834634,Declared,0.10774671000000002,0.1428353824834634
FUD22_W34,low,0.31554347521629866,Declared,0.7445208217730707,-0.428977346556772
FUD22_W34,high,0.45554017955483395,Declared,0.751552750650436,-0.2960125710956021
FUD24_W34,low,0.19108883201282095,Declared,0.012156302678282827,0.17893252933453813
FUD24_W34,high,0.04719154793608771,Declared,0.05042315010831974,-0.0032316021722320343
FUD33B_W34,low,0.14776447449469,Declared,0.17208028450418694,-0.024315810009496952
FUD33B_W34,high,0.43784935673130315,Declared,0.22271162123549007,0.21513773549581308
FUD35_W34,low,0.6510523518807555,Declared,0.7712873699999999,-0.12023501811924442
FUD35_W34,high,0.7424327090025421,Declared,0.832086822854972,-0.08965411385242994
FUD37A_W34,low,0.36239098000000014,Declared,0.9010057968302457,-0.5386148168302456
FUD37A_W34,high,0.7365583828959408,Declared,0.7112469138202474,0.02531146907569337
FUD37B_W34,low,0.6774328882632586,Declared,0.48262466073193583,0.19480822753132282
FUD37B_W34,high,0.4964370337605528,Declared,0.3252002999999999,0.17123673376055293
FUD37C_W34,low,0.3987869130213306,Declared,0.5416194304516043,-0.1428325174302737
FUD37C_W34,high,0.48846298177501923,Declared,0.7835466600424921,-0.29508367826747284
BETTERBIZ1F2D_W36,low,0.16610245999999995,Declared,0.08183622275936754,0.08426623724063241
BETTERBIZ1F2D_W36,high,0.25312813017962865,Declared,0.09406875793899618,0.1590593722406325
BETTERBIZ1F2E_W36,low,0.07309821305215686,Declared,0.06319457,0.009903643052156852
BETTERBIZ1F2E_W36,high,0.09918810833031697,Declared,0.15308994499999998,-0.05390183666968301
BETTERBIZ1F2H_W36,low,0.09256751135473082,Declared,0.029669596004223392,0.06289791535050743
BETTERBIZ1F2H_W36,high,0.16784710145567877,Declared,0.07640866499999999,0.09143843645567878
BETTERBIZ2F2C_W36,low,0.1372990593068757,Declared,0.029213599991917222,0.10808545931495847
BETTERBIZ2F2C_W36,high,0.0488866191064062,Declared,0.05474808500808275,-0.005861465901676549
BETTERBIZ2F2E_W36,low,0.10636522250906989,Declared,0.06957138523655151,0.03679383727251838
BETTERBIZ2F2E_W36,high,0.10144005337039524,Declared,0.06698152482434516,0.03445852854605008
BETTERBIZ2F2F_W36,low,0.2275068401600997,Declared,0.20855110354245615,0.018955736617643548
BETTERBIZ2F2F_W36,high,0.12553819774484928,Declared,0.16986703354245622,-0.044328835797606936
BETTERPOL1F1B_W36,low,0.44433325102920684,Declared,0.25821616425464555,0.1861170867745613
BETTERPOL1F1B_W36,high,0.4228596338991476,Declared,0.3251969642546455,0.0976626696445021
BETTERPOL1F1E_W36,low,0.06151449608546161,Declared,0.10037125166368918,-0.03885675557822757
BETTERPOL1F1E_W36,high,0.055755866456247166,Declared,0.1363972316636892,-0.08064136520744203
BETTERPOL1F1I_W36,low,0.43267050488674996,Declared,0.2197096328649184,0.21296087202183156
BETTERPOL1F1I_W36,high,0.3874472390726647,Declared,0.24869557786491842,0.1387516612077463
BETTERPOL2F1A_W36,low,0.16433177999999993,Declared,0.08886845999999995,0.07546331999999997
BETTERPOL2F1A_W36,high,0.11277923446705357,Declared,0.027717411092453847,0.08506182337459972
BETTERPOL2F1C_W36,low,0.1751475412617089,Declared,0.10269330083224425,0.07245424042946465
BETTERPOL2F1C_W36,high,0.1341627973762937,Declared,0.10249693083224426,0.03166586654404943
BETTERPOL2F1D_W36,low,0.16419064113395632,Declared,0.13036677952954345,0.033823861604412864
BETTERPOL2F1D_W36,high,0.054594294275444696,Declared,0.11038559599985347,-0.05579130172440877
BETTERPOL2F1F_W36,low,0.17928910320710895,Declared,0.12778491730096986,0.05150418590613909
BETTERPOL2F1F_W36,high,0.10484782594205505,Declared,0.12117044736711459,-0.01632262142505954
E5_W36,low,0.701288355385092,Declared,0.12714406947016665,0.5741442859149254
E5_W36,high,0.6140275241138256,Declared,0.35291041944574175,0.2611171046680838
ESSENBIZF2E_W36,low,0.580526390779427,Declared,0.51499763,0.06552876077942704
ESSENBIZF2E_W36,high,0.49558846328399975,Declared,0.4289918348989086,0.06659662838509117
ESSENBIZF2J_W36,low,0.27354062100566356,Declared,0.2589437311921544,0.01459688981350915
ESSENBIZF2J_W36,high,0.41651011055253157,Declared,0.43202478119215443,-0.015514670639622863
ESSENPOLF1A_W36,low,0.43285967339132103,Declared,0.05317326922363541,0.3796864041676856
ESSENPOLF1A_W36,high,0.7463701879884399,Declared,0.1758873045672218,0.5704828834212181
ESSENPOLF1B_W36,low,0.2027497395125849,Declared,0.18666894903016118,0.016080790482423724
ESSENPOLF1B_W36,high,0.3058185462747136,Declared,0.30684563563842526,-0.001027089363711653
ESSENPOLF1D_W36,low,0.1859811490078287,Declared,0.17350238000000007,0.012478769007828627
ESSENPOLF1D_W36,high,0.661922648289378,Declared,0.13516645000000005,0.5267561982893779
ESSENPOLF1G_W36,low,0.48243770037973027,Declared,0.45170548956610096,0.030732210813629313
ESSENPOLF1G_W36,high,0.44336666792525237,Declared,0.44147172956610103,0.0018949383591513325
ESSENPOLF1H_W36,low,0.1868216322856272,Declared,0.17548547999999997,0.011336152285627232
ESSENPOLF1H_W36,high,0.2944743895892631,Declared,0.2915601200000001,0.0029142695892629966
HIGHEDWRNGB_W36,low,0.35457855090096296,Declared,0.3152783105431629,0.039300240357800054
HIGHEDWRNGB_W36,high,0.7127430078949755,Declared,0.1437006205431629,0.5690423873518126
HIGHEDWRNGC_W36,low,0.5046399832323167,Declared,0.581615304205181,-0.0769753209728643
HIGHEDWRNGC_W36,high,0.9835598054914199,Declared,0.6775201179547345,0.3060396875366853
IMPROVE1_W36,low,0.4647932841722086,Declared,0.5109616086434904,-0.046168324471281774
IMPROVE1_W36,high,0.4978308245074281,Declared,0.6107622587503643,-0.11293143424293617
IMPROVE2_W36,low,0.7132590694876437,Declared,1.1384076904723148,-0.4251486209846711
IMPROVE2_W36,high,0.9184527942150642,Declared,1.039460440472315,-0.12100764625725069
IMPROVE3_W36,low,0.8108269864366282,Declared,0.4817890011497397,0.3290379852868885
IMPROVE3_W36,high,0.4433632727893554,Declared,0.6170379893248115,-0.17367471653545608
MOREWMN1F2_W36,low,0.2439105897578181,Declared,0.05334789070438245,0.19056269905343565
MOREWMN1F2_W36,high,0.15709874345115704,Declared,0.10824637747410987,0.048852365977047174
POLCHF1_W36,low,0.9355336624144488,Declared,1.0286130979012587,-0.09307943548680986
POLCHF1_W36,high,1.0178874158639055,Declared,1.3654232199999998,-0.3475358041360943
TRAITBIZMF2C_W36,low,0.29041781418718704,Declared,0.20713441000000005,0.083283404187187
TRAITBIZMF2C_W36,high,0.29398135884205423,Declared,0.38180681,-0.08782545115794577
TRAITBIZMF2D_W36,low,0.22781365395638165,Declared,0.25720761000000003,-0.029393956043618386
TRAITBIZMF2D_W36,high,0.22985733610015396,Declared,0.29943742789778305,-0.06958009179762908
TRAITBIZMF2E_W36,low,0.26925063,Declared,0.3019403719483564,-0.03268974194835639
TRAITBIZMF2E_W36,high,0.35116870864706956,Declared,0.45778235694835634,-0.10661364830128678
TRAITBIZMF2G_W36,low,0.1970424716533209,Declared,0.19006291499999997,0.006979556653320923
TRAITBIZMF2G_W36,high,0.12435212834697207,Declared,0.33139915500000006,-0.207047026653028
TRAITBIZWF2C_W36,low,0.30509279611604867,Declared,0.2481091119183506,0.05698368419769806
TRAITBIZWF2C_W36,high,0.27439163634661,Declared,0.25497016191835065,0.019421474428259367
TRAITBIZWF2D_W36,low,0.2535785254531062,Declared,0.24748411377582813,0.006094411677278089
TRAITBIZWF2D_W36,high,0.25555595999999997,Declared,0.26773221718800194,-0.012176257188001971
TRAITBIZWF2E_W36,low,0.26629217677374073,Declared,0.28177970512396566,-0.015487528350224933
TRAITBIZWF2E_W36,high,0.2718506303159599,Declared,0.3369945501239657,-0.06514391980800577
TRAITBIZWF2G_W36,low,0.3331465744234362,Declared,0.3063380231199855,0.026808551303450723
TRAITBIZWF2G_W36,high,0.31380366632235623,Declared,0.3645850545308006,-0.050781388208444356
TRAITPOLMF1B_W36,low,0.20154274951583676,Declared,0.07747952450339146,0.1240632250124453
TRAITPOLMF1B_W36,high,0.11065866127275997,Declared,0.10871592309289438,0.001942738179865594
TRAITPOLMF1C_W36,low,0.26407886949301335,Declared,0.181619659859976,0.08245920963303735
TRAITPOLMF1C_W36,high,0.1679576784606575,Declared,0.2699712607434921,-0.10201358228283458
TRAITPOLMF1D_W36,low,0.24507378830423726,Declared,0.17468228440098726,0.07039150390325
TRAITPOLMF1D_W36,high,0.2127140213666788,Declared,0.23935721440098734,-0.026643193034308538
TRAITPOLMF1E_W36,low,0.26444055499999997,Declared,0.21084039813737465,0.053600156862625314
TRAITPOLMF1E_W36,high,0.26383390997357375,Declared,0.3692939381373746,-0.10546002816380085
TRAITPOLMF1F_W36,low,0.15288183232917033,Declared,0.05405516251217039,0.09882666981699993
TRAITPOLMF1F_W36,high,0.3374050856844101,Declared,0.09181043751217038,0.2455946481722397
TRAITPOLMF1G_W36,low,0.1773729057483115,Declared,0.15684096028495959,0.02053194546335191
TRAITPOLMF1G_W36,high,0.16335163342955009,Declared,0.2991169202849596,-0.13576528685540953
TRAITPOLWF1A_W36,low,0.2891788781267176,Declared,0.21568700680131114,0.07349187132540647
TRAITPOLWF1A_W36,high,0.29163821694174763,Declared,0.2530754456923278,0.038562771249419814
TRAITPOLWF1C_W36,low,0.25689174631128137,Declared,0.13448911879218092,0.12240262751910044
TRAITPOLWF1C_W36,high,0.24386037384069972,Declared,0.14732568336982413,0.0965346904708756
TRAITPOLWF1D_W36,low,0.27225029370360204,Declared,0.23385613738031585,0.03839415632328619
TRAITPOLWF1D_W36,high,0.31971923639460115,Declared,0.301845248247919,0.017873988146682174
TRAITPOLWF1E_W36,low,0.28611634656835416,Declared,0.27314881885168696,0.012967527716667204
TRAITPOLWF1E_W36,high,0.27592291,Declared,0.3299403822665401,-0.05401747226654008
TRAITPOLWF1F_W36,low,0.3116007840201609,Declared,0.31068587667881076,0.0009149073413501352
TRAITPOLWF1F_W36,high,0.26117447868965515,Declared,0.3297310466788107,-0.06855656798915555
TRAITPOLWF1G_W36,low,0.27269202164097145,Declared,0.24074440972137792,0.03194761191959353
TRAITPOLWF1G_W36,high,0.26691827083925546,Declared,0.320493714721378,-0.05357544388212254
WHYNOTBIZF2A_W36,low,1.158666655718958,Declared,1.0341323628385757,0.12453429288038231
WHYNOTBIZF2A_W36,high,0.7677131851286855,Declared,0.8700995428385757,-0.10238635770989024
WHYNOTBIZF2B_W36,low,1.082615501272229,Declared,1.0341770842299383,0.04843841704229068
WHYNOTBIZF2B_W36,high,0.7515335812096682,Declared,0.8587814542299383,-0.10724787302027017
WHYNOTBIZF2D_W36,low,0.29425158439358323,Declared,0.311421804210963,-0.01717021981737976
WHYNOTBIZF2D_W36,high,0.10960012717051318,Declared,0.057428721131015464,0.052171406039497714
WHYNOTBIZF2F_W36,low,0.2657111625444162,Declared,0.28166843569093936,-0.015957273146523177
WHYNOTBIZF2F_W36,high,0.13764344684785754,Declared,0.033734914309060664,0.10390853253879687
WHYNOTBIZF2G_W36,low,0.6813034188502908,Declared,0.6706355861135505,0.010667832736740324
WHYNOTBIZF2G_W36,high,0.43214790097770117,Declared,0.5775853161135505,-0.1454374151358493
WHYNOTBIZF2H_W36,low,1.1807679841636283,Declared,1.1654554611072285,0.01531252305639974
WHYNOTBIZF2H_W36,high,0.8329860517915114,Declared,1.005740522911044,-0.17275447111953268
WHYNOTBIZF2J_W36,low,0.6314868236851319,Declared,0.981003210189968,-0.3495163865048361
WHYNOTBIZF2J_W36,high,0.41456895197331006,Declared,0.9110809520415524,-0.4965120000682423
WHYNOTBIZF2M_W36,low,0.4622773055463266,Declared,0.6669325203715148,-0.20465521482518823
WHYNOTBIZF2M_W36,high,0.23225321163172638,Declared,0.6027440519369531,-0.3704908403052267
WHYNOTBIZF2N_W36,low,0.7107559184200307,Declared,0.5742653639616262,0.13649055445840452
WHYNOTBIZF2N_W36,high,0.42416816544879404,Declared,0.5773700739616263,-0.15320190851283227
WHYNOTBIZF2O_W36,low,1.1156103981156775,Declared,1.1905906216270623,-0.07498022351138478
WHYNOTBIZF2O_W36,high,0.6809327302900626,Declared,0.866300041917125,-0.18536731162706233
WHYNOTPOLF1A_W36,low,1.2368976210409233,Declared,1.1171512070319238,0.11974641400899944
WHYNOTPOLF1A_W36,high,0.8178805565235204,Declared,0.98587209,-0.16799153347647955
WHYNOTPOLF1B_W36,low,0.5157069651570696,Declared,0.2690736115079887,0.2466333536490809
WHYNOTPOLF1B_W36,high,0.6861161780983109,Declared,0.22133989822587885,0.4647762798724321
WHYNOTPOLF1C_W36,low,0.40817651339746336,Declared,0.3954170372423901,0.01275947615507328
WHYNOTPOLF1C_W36,high,0.48322798705888326,Declared,0.3835754571239743,0.09965252993490897
WHYNOTPOLF1E_W36,low,0.6899075386013725,Declared,0.7097710713479111,-0.019863532746538515
WHYNOTPOLF1E_W36,high,0.3363156978563975,Declared,0.5280837913479111,-0.19176809349151358
WHYNOTPOLF1G_W36,low,0.2838250491111434,Declared,0.4990818317710283,-0.21525678265988485
WHYNOTPOLF1G_W36,high,0.5081738944020162,Declared,0.39095716177102835,0.11721673263098786
WHYNOTPOLF1I_W36,low,0.7901989315174666,Declared,0.41194160501690874,0.3782573265005578
WHYNOTPOLF1I_W36,high,0.622487932432722,Declared,0.5011315150112299,0.12135641742149217
WHYNOTPOLF1J_W36,low,0.8034641471732527,Declared,0.3399155278304594,0.46354861934279323
WHYNOTPOLF1J_W36,high,0.9569464733529344,Declared,0.30772401163087976,0.6492224617220546
WHYNOTPOLF1K_W36,low,0.5278004891394812,Declared,0.48402572831560214,0.043774760823879044
WHYNOTPOLF1K_W36,high,0.3126563708047933,Declared,0.36290961831560226,-0.05025324751080895
WHYNOTPOLF1L_W36,low,1.1626771272729624,Declared,1.1494512284068987,0.013225898866063623
WHYNOTPOLF1L_W36,high,0.8534685496572334,Declared,0.8600417653685797,-0.006573215711346281
WMNPRZ1_W36,low,1.2129306589077562,Declared,1.4229495398570804,-0.2100188809493242
WMNPRZ1_W36,high,1.438505729983447,Declared,1.5740055498570802,-0.13549981987363324
AUTOLKLY_W41,low,1.1537191517574361,Declared,0.6071634869011695,0.5465556648562666
AUTOLKLY_W41,high,0.2961986555924374,Declared,0.3253350682934662,-0.02913641270102879
AUTOWKPLC_W41,low,0.22819736116554806,Declared,0.2698023181631951,-0.04160495699764705
AUTOWKPLC_W41,high,0.25912935499999995,Declared,0.21916728316319506,0.03996207183680489
ETHNCMAJMOD_W41,low,1.0568417834674841,Declared,1.074881665,-0.01803988153251579
ETHNCMAJMOD_W41,high,1.1269778418160326,Declared,1.115741645,0.011236196816032606
FTRWORRYc_W41,low,1.302792357660255,Declared,1.168684667380616,0.13410769027963898
FTRWORRYc_W41,high,1.7339591169338748,Declared,1.3551360918051047,0.3788230251287701
FTRWORRYe_W41,low,1.5871220645767519,Declared,0.9667112553148389,0.6204108092619129
FTRWORRYe_W41,high,1.170134401397275,Declared,0.9780756353148391,0.19205876608243588
FTRWORRYf_W41,low,1.3109714250573363,Declared,0.5704276942874222,0.7405437307699141
FTRWORRYf_W41,high,0.7679353375563907,Declared,0.4672291053194084,0.30070623223698223
FUTRCLASSb_W41,low,0.16301075360150374,Declared,0.43102457459519256,-0.2680138209936888
FUTRCLASSb_W41,high,0.48603390632231525,Declared,0.5179543504644902,-0.031920444142174986
FUTRCLASSc_W41,low,0.11738898331707004,Declared,0.1723330655425196,-0.05494408222544955
FUTRCLASSc_W41,high,0.06574428682653982,Declared,0.07093496054251958,-0.0051906737159797545
FUTR_DIV_W41,low,0.10969033764673565,Declared,0.19774865136875908,-0.08805831372202343
FUTR_DIV_W41,high,0.12010954788530417,Declared,0.2550962340154947,-0.13498668613019052
GOVPRIOb_W41,low,1.9149085968334463,Declared,0.36745060737080326,1.547457989462643
GOVPRIOb_W41,high,1.138209507752285,Declared,0.34083717462037133,0.7973723331319136
GOVPRIOc_W41,low,1.2962664538972388,Declared,0.21415626736147642,1.0821101865357625
GOVPRIOc_W41,high,0.5421592884675749,Declared,0.2296207985962937,0.3125384898712812
GOVPRIOe_W41,low,1.5526499939949865,Declared,0.4356503464025252,1.1169996475924613
GOVPRIOe_W41,high,0.6740773609470333,Declared,0.39268555127933025,0.28139180966770305
GOVPRIOfF1_W41,low,0.27878540569835647,Declared,0.8048487758703722,-0.5260633701720157
GOVPRIOfF1_W41,high,0.49836968755482713,Declared,0.8203409427913015,-0.3219712552364744
GOVPRIOgF1_W41,low,0.9662249379949062,Declared,0.5930572904205975,0.37316764757430865
GOVPRIOgF1_W41,high,0.7120470199999999,Declared,0.42863372159201946,0.2834132984079804
GOVPRIOhF1_W41,low,0.6993505534350805,Declared,0.19362714113596075,0.5057234122991197
GOVPRIOhF1_W41,high,0.2018793500026524,Declared,0.18517172927569098,0.016707620726961414
GOVPRIOiF1_W41,low,0.8738810675096784,Declared,0.578487205784872,0.2953938617248064
GOVPRIOiF1_W41,high,0.8429355806641798,Declared,0.6117650708002347,0.23117050986394516
GOVPRIOjF1_W41,low,0.9437427481799886,Declared,0.8453594650067552,0.09838328317323342
GOVPRIOjF1_W41,high,1.060329442216774,Declared,0.43846673411519965,0.6218627081015743
GOVPRIOkF2_W41,low,0.4742988724227603,Declared,1.0591772861655235,-0.5848784137427632
GOVPRIOkF2_W41,high,0.6318284850460011,Declared,0.8454201714707084,-0.21359168642470727
GOVPRIOlF2_W41,low,1.0465118339038781,Declared,0.7966070820339293,0.24990475186994887
GOVPRIOlF2_W41,high,0.7709138649815893,Declared,0.6139986603145491,0.15691520466704023
GOVPRIOmF2_W41,low,1.83189661500495,Declared,0.5378295706314653,1.2940670443734847
GOVPRIOmF2_W41,high,0.9258510981597514,Declared,0.4806641610138723,0.4451869371458791
GOVPRIOnF2_W41,low,0.42988587654490285,Declared,0.3101225099011141,0.11976336664378873
GOVPRIOnF2_W41,high,0.387047245017474,Declared,0.8908723566099896,-0.5038251115925156
GOVPRIOoF2_W41,low,1.867761945454643,Declared,0.38818990728203173,1.4795720381726114
GOVPRIOoF2_W41,high,0.9750483667116379,Declared,0.36606513625269366,0.6089832304589442
HAPPEN2b_W41,low,0.5259741117505679,Declared,0.3813113032333013,0.14466280851726654
HAPPEN2b_W41,high,0.47380283044358407,Declared,0.22417155106391645,0.24963127937966761
HAPPEN2f_W41,low,0.6861422267476606,Declared,0.5057219943263619,0.18042023242129868
HAPPEN2f_W41,high,0.9015794516516094,Declared,0.6817999004659892,0.2197795511856202
HARASS1F1b_W41,low,1.3697709218922278,Declared,1.1383116097821209,0.23145931211010695
HARASS1F1b_W41,high,0.6644574483665809,Declared,0.7261673797821209,-0.06170993141553993
HARASS1F1d_W41,low,1.4860159588597857,Declared,0.7158831234753715,0.7701328353844141
HARASS1F1d_W41,high,1.2281131299999999,Declared,0.6424456034753714,0.5856675265246285
HARASS1NOWRKF2d_W41,low,1.0905477696644246,Declared,0.3592279151140825,0.7313198545503421
HARASS1NOWRKF2d_W41,high,1.1484057842609463,Declared,0.26146274020969607,0.8869430440512502
HARASS3NOWRKF2_W41,low,0.2276918435721163,Declared,0.19768509710143506,0.030006746470681245
HARASS3NOWRKF2_W41,high,0.23805228855767646,Declared,0.25885573710143506,-0.020803448543758596
INTRMAR_W41,low,1.0419570938815905,Declared,0.4950100850920902,0.5469470087895003
INTRMAR_W41,high,0.8323085001534897,Declared,0.5006007596313387,0.331707740522151
LEGALIMG_W41,low,0.597217484564127,Declared,0.3812529220533711,0.21596456251075596
LEGALIMG_W41,high,0.39741453997990805,Declared,0.31831031706357876,0.07910422291632929
SOLVPROBa_W41,low,1.029803208314081,Declared,0.42755222048611996,0.6022509878279609
SOLVPROBa_W41,high,0.6989669911614205,Declared,0.3823943304861199,0.31657266067530054
SOLVPROBb_W41,low,0.41110853000000014,Declared,0.34801443405847277,0.06309409594152737
SOLVPROBb_W41,high,0.5123794876687545,Declared,0.5096164771741285,0.002763010494626017
SOLVPROBc_W41,low,0.5377032724513129,Declared,0.4742508518817048,0.06345242056960809
SOLVPROBc_W41,high,0.4015529,Declared,0.40722348188170476,-0.005670581881704773
SOLVPROBdF1_W41,low,0.43974282398304754,Declared,0.3681774460795378,0.07156537790350975
SOLVPROBdF1_W41,high,0.7256808673003367,Declared,0.5196428648773159,0.20603800242302073
SOLVPROBf_W41,low,0.29713561218945256,Declared,0.361189675655218,-0.06405406346576542
SOLVPROBf_W41,high,0.37060873461838034,Declared,0.37637080581456955,-0.005762071196189211
SOLVPROBg_W41,low,0.6412338682180289,Declared,1.0249228797507715,-0.3836890115327426
SOLVPROBg_W41,high,0.765526036134775,Declared,0.8973312954549926,-0.13180525932021758
SOLVPROBh_W41,low,0.8758964829812876,Declared,0.44191370999999985,0.4339827729812878
SOLVPROBh_W41,high,0.5833681432665347,Declared,0.4137302999999999,0.16963784326653486
CONFb_W42,low,0.5849176614962156,Declared,0.43243401432434014,0.15248364717187546
CONFb_W42,high,0.6515211214154517,Declared,0.45763210235338403,0.19388901906206768
CONFc_W42,low,1.1147766086207591,Declared,1.036311009429786,0.07846559919097307
CONFc_W42,high,1.1133963829040865,Declared,1.1392952709177746,-0.025898888013688115
CONFe_W42,low,0.8321493473532219,Declared,0.8224569686936506,0.009692378659571288
CONFe_W42,high,0.7510765934886972,Declared,0.8663672256831529,-0.11529063219445579
CONFg_W42,low,0.7781396199999999,Declared,0.7334815986652439,0.04465802133475605
CONFg_W42,high,0.8099769092790821,Declared,0.7946309586652439,0.015345950613838144
PQ4_F2Aa_W42,low,1.3511495782316532,Declared,0.6242883120010636,0.7268612662305896
PQ4_F2Aa_W42,high,1.0952059848367162,Declared,1.0288510220010634,0.06635496283565279
PQ4_F2Ac_W42,low,0.4312039417962361,Declared,0.5536665438814232,-0.12246260208518711
PQ4_F2Ac_W42,high,0.5518806077971286,Declared,0.5572913405420059,-0.005410732744877356
PQ4_F2Ae_W42,low,1.2915598164046402,Declared,0.4025257055142116,0.8890341108904287
PQ4_F2Ae_W42,high,0.719070419967659,Declared,0.6382460116488291,0.08082440831882987
PQ4_F2Bb_W42,low,1.2059513829644468,Declared,0.6866286661708068,0.5193227167936401
PQ4_F2Bb_W42,high,0.7936316428488464,Declared,0.77613400197839,0.017497640870456355
PQ4_F2Bc_W42,low,0.49037543000000017,Declared,0.5431489131786171,-0.052773483178616964
PQ4_F2Bc_W42,high,0.6053840473875446,Declared,0.5922456488454692,0.013138398542075436
PQ4_F2Bd_W42,low,0.7238505171431072,Declared,0.5363182131065966,0.18753230403651067
PQ4_F2Bd_W42,high,0.9100308768654217,Declared,0.6575311481286098,0.2524997287368119
PQ4_F2Cc_W42,low,0.5235545043736363,Declared,0.5774993883315497,-0.053944883957913414
PQ4_F2Cc_W42,high,0.626612383396728,Declared,0.6806330444174171,-0.05402066102068914
PQ8_F2B_W42,low,0.4719645211896434,Declared,0.9869275715352483,-0.514963050345605
PQ8_F2B_W42,high,0.5349587990208491,Declared,0.7620819150800939,-0.22712311605924485
RQ1_F1B_W42,low,0.2804012137545739,Declared,0.1416350494871198,0.13876616426745408
RQ1_F1B_W42,high,0.16944613408718243,Declared,0.05600896948711981,0.11343716460006262
RQ1_F1C_W42,low,0.2526778886811317,Declared,0.04265797293694934,0.21001991574418238
RQ1_F1C_W42,high,0.09590633282445138,Declared,0.04143703331824822,0.05446929950620316
RQ2_F1A_W42,low,0.3634787330283529,Declared,0.158697174291846,0.20478155873650689
RQ2_F1A_W42,high,0.5068236631527239,Declared,0.07464603570815406,0.4321776274445698
RQ4_F1Ab_W42,low,1.07574385842512,Declared,0.629019071653502,0.446724786771618
RQ4_F1Ab_W42,high,0.6433874768822196,Declared,0.8107722139581389,-0.16738473707591928
RQ4_F1Ae_W42,low,0.9598411492280154,Declared,0.4106139712568549,0.5492271779711606
RQ4_F1Ae_W42,high,0.5738655742613443,Declared,0.48841744655223124,0.08544812770911309
RQ4_F1Ba_W42,low,1.2813821888445105,Declared,0.7088614317211271,0.5725207571233834
RQ4_F1Ba_W42,high,1.090062775339869,Declared,0.9000844017211274,0.1899783736187417
RQ4_F1Bc_W42,low,0.42507863,Declared,0.803007644962375,-0.37792901496237497
RQ4_F1Bc_W42,high,0.5544194026426852,Declared,0.7719070832645398,-0.21748768062185464
RQ4_F1Bd_W42,low,0.5680844794406106,Declared,0.5571652128303889,0.01091926661022169
RQ4_F1Bd_W42,high,0.7804498168165493,Declared,0.5994182568040818,0.18103156001246756
RQ4_F1Be_W42,low,1.0138237279175317,Declared,0.38974039018532036,0.6240833377322114
RQ4_F1Be_W42,high,0.5722355957244387,Declared,0.37216352018532023,0.2000720755391185
RQ4_F1Ca_W42,low,1.1274813606104814,Declared,0.8377499199999999,0.2897314406104815
RQ4_F1Ca_W42,high,0.7816977981214356,Declared,0.90816077,-0.12646297187856437
RQ4_F1Cb_W42,low,0.9438685296076128,Declared,0.5995285794837417,0.3443399501238711
RQ4_F1Cb_W42,high,0.7562527604230925,Declared,0.6531658194837417,0.10308694093935078
RQ4_F1Cd_W42,low,0.5394611257245286,Declared,0.42539342914655953,0.11406769657796911
RQ4_F1Cd_W42,high,0.6722767725934858,Declared,0.44137620914655945,0.2309005634469264
RQ5_F1B_W42,low,0.3337950524649317,Declared,0.5670718621738304,-0.23327680970889875
RQ5_F1B_W42,high,0.8798506827809353,Declared,0.5919698342255032,0.28788084855543206
RQ5_F1C_W42,low,0.33612815350030245,Declared,0.9038791800387683,-0.5677510265384659
RQ5_F1C_W42,high,1.0136994220646407,Declared,0.7844732431001644,0.22922617896447628
IDIMPORT_W43,low,0.837318658582989,Declared,0.7757067899999999,0.06161186858298917
IDIMPORT_W43,high,0.643327683025029,Declared,0.6328161199999999,0.010511563025029091
RACESURV13_W43,low,0.7318227992602249,Declared,0.7266159394026792,0.005206859857545654
RACESURV13_W43,high,0.9158350892164259,Declared,0.8917765286191052,0.0240585605973207
RACESURV14_W43,low,0.2986761700189481,Declared,0.26445667264456674,0.03421949737438135
RACESURV14_W43,high,0.2995809527739905,Declared,0.31215774289975845,-0.012576790125767956
RACESURV15a_W43,low,0.26660202530803284,Declared,0.2606330863442897,0.00596893896374312
RACESURV15a_W43,high,0.3183262297534831,Declared,0.3115523241005319,0.006773905652951218
RACESURV15b_W43,low,0.3141431059168908,Declared,0.27659167379052596,0.03755143212636486
RACESURV15b_W43,high,0.2877929200000001,Declared,0.302335893790526,-0.014542973790525882
RACESURV17_W43,low,0.3595692201750286,Declared,0.4522368338513932,-0.09266761367636456
RACESURV17_W43,high,1.361091379061556,Declared,0.49326117385139323,0.8678302052101627
RACESURV18b_W43,low,0.8040556676203298,Declared,0.7251200188765178,0.07893564874381198
RACESURV18b_W43,high,0.7634696869126518,Declared,0.6407039371147206,0.1227657497979312
RACESURV18f_W43,low,0.7486439700512819,Declared,0.7833823215885554,-0.03473835153727345
RACESURV18f_W43,high,0.8236671588081363,Declared,0.735158031106312,0.0885091277018244
RACESURV19a_W43,low,0.8714677726558102,Declared,0.8637708406920142,0.007696931963796061
RACESURV19a_W43,high,0.7210552481158214,Declared,0.8518824254992776,-0.13082717738345617
RACESURV19c_W43,low,0.76984855785119,Declared,0.7074723446025036,0.06237621324868636
RACESURV19c_W43,high,0.742041774113785,Declared,0.8704129146025035,-0.12837114048871845
RACESURV19e_W43,low,0.7640563523594366,Declared,0.7125330838609951,0.051523268498441466
RACESURV19e_W43,high,0.6074881397013914,Declared,0.6925881174190441,-0.08509997771765276
RACESURV1b_W43,low,0.29598790204012104,Declared,0.2858081354587616,0.01017976658135944
RACESURV1b_W43,high,0.2221237427787625,Declared,0.2516157858006851,-0.029492043021922598
RACESURV21_W43,low,0.4645102541070395,Declared,0.519398036717458,-0.05488778261041849
RACESURV21_W43,high,0.36047788798349056,Declared,0.2590511037162779,0.10142678426721269
RACESURV27_W43,low,0.4232119780795074,Declared,0.46273570714254003,-0.03952372906303264
RACESURV27_W43,high,0.27511450549105226,Declared,0.550416450265858,-0.2753019447748057
RACESURV28a_W43,low,0.22439196999999997,Declared,0.21584419492131576,0.008547775078684205
RACESURV28a_W43,high,0.22833440446360842,Declared,0.23119381992131574,-0.0028594154577073205
RACESURV28b_W43,low,0.19774439508662023,Declared,0.18908808500000002,0.008656310086620211
RACESURV28b_W43,high,0.22682750102222302,Declared,0.22661797,0.000209531022223014
RACESURV28c_W43,low,0.1949564547622935,Declared,0.19318160022946518,0.0017748545328283294
RACESURV28c_W43,high,0.22020507999999994,Declared,0.22714392522946514,-0.006938845229465196
RACESURV28d_W43,low,0.3227701501231807,Declared,0.3101412053409167,0.012628944782264007
RACESURV28d_W43,high,0.3466101605078069,Declared,0.3453416253409168,0.001268535166890128
RACESURV28e_W43,low,0.3243269506870637,Declared,0.31126446994571566,0.013062480741348026
RACESURV28e_W43,high,0.3175383798505145,Declared,0.31509964994571554,0.002438729904798931
RACESURV28f_W43,low,0.14975364336213168,Declared,0.14104153352176407,0.008712109840367604
RACESURV28f_W43,high,0.20101709491339836,Declared,0.20148661994913447,-0.00046952503573610693
RACESURV28g_W43,low,0.15548979995137677,Declared,0.14124330962463336,0.01424649032674341
RACESURV28g_W43,high,0.17344231819018296,Declared,0.1715975478148163,0.0018447703753666778
RACESURV29d_W43,low,0.46589472186551123,Declared,0.9146393392902953,-0.44874461742478405
RACESURV29d_W43,high,1.0082901571052165,Declared,1.310532393045861,-0.3022422359406445
RACESURV2_W43,low,1.2026913246866096,Declared,1.0175545148417822,0.1851368098448274
RACESURV2_W43,high,1.6701001304163037,Declared,1.2664439075259906,0.4036562228903131
RACESURV34a_W43,low,0.7691795421993722,Declared,0.7860013272637738,-0.016821785064401573
RACESURV34a_W43,high,0.989540711060914,Declared,1.0380071012757317,-0.04846639021481769
RACESURV34b_W43,low,0.6987574010586675,Declared,0.9385808078814187,-0.23982340682275127
RACESURV34b_W43,high,1.2023673583664256,Declared,1.0469924259877783,0.1553749323786473
RACESURV34c_W43,low,0.5985010696447544,Declared,0.5159657854057628,0.08253528423899159
RACESURV34c_W43,high,0.7813141775496173,Declared,0.5895634459336864,0.19175073161593092
RACESURV34d_W43,low,0.9248389837063797,Declared,0.3963615751580959,0.5284774085482838
RACESURV34d_W43,high,1.0648153113680268,Declared,0.8166758145987649,0.24813949676926184
RACESURV34e_W43,low,0.8942243986902481,Declared,0.5957259687230341,0.298498429967214
RACESURV34e_W43,high,0.8947252326533206,Declared,0.6467942489140104,0.24793098373931022
RACESURV38_W43,low,0.2707281172403773,Declared,0.2863622432787522,-0.015634126038374885
RACESURV38_W43,high,0.40313095711184366,Declared,0.44219056327875217,-0.03905960616690851
RACESURV40_W43,low,0.9567571938824845,Declared,0.8409786154858258,0.11577857839665873
RACESURV40_W43,high,0.862409655114509,Declared,0.821838264912149,0.04057139020236
RACESURV41_W43,low,0.651611327012916,Declared,0.6548333359276675,-0.0032220089147514397
RACESURV41_W43,high,0.7192813277442113,Declared,0.7092830859276675,0.00999824181654374
RACESURV45_W43,low,0.4958357515694423,Declared,0.4885301544020098,0.007305597167432509
RACESURV45_W43,high,0.5217793196537515,Declared,0.5054103544020099,0.016368965251741585
RACESURV47a_W43,low,0.7200956909802262,Declared,0.7155651031221402,0.0045305878580860215
RACESURV47a_W43,high,0.6533269191882785,Declared,0.7319096331221401,-0.07858271393386163
RACESURV47b_W43,low,0.39705600016797826,Declared,0.4924925423338564,-0.09543654216587816
RACESURV47b_W43,high,0.2904657603479345,Declared,0.4075720723338563,-0.11710631198592181
RACESURV47d_W43,low,0.5685190101515069,Declared,0.6671831147669449,-0.09866410461543806
RACESURV47d_W43,high,0.734876846340118,Declared,0.7509928249650073,-0.016115978624889338
RACESURV47e_W43,low,1.0140179785061965,Declared,0.7588933369773398,0.2551246415288566
RACESURV47e_W43,high,1.1480517000253725,Declared,0.89377051697734,0.2542811830480325
RACESURV47f_W43,low,0.45313308895282156,Declared,0.48681156856319313,-0.03367847961037157
RACESURV47f_W43,high,0.3127475133713083,Declared,0.45111968792079576,-0.13837217454948747
RACESURV48_W43,low,1.1854991702527755,Declared,0.4759040163612563,0.7095951538915193
RACESURV48_W43,high,1.8932949456727943,Declared,0.37908012556014825,1.5142148201126462
RACESURV51_W43,low,0.07498000220812655,Declared,0.05092220587861397,0.024057796329512576
RACESURV51_W43,high,0.08486541165623533,Declared,0.09716345461410814,-0.012298042957872804
RACESURV52_W43,low,0.2843972238645155,Declared,0.12576032153501515,0.15863690232950034
RACESURV52_W43,high,0.3510624052431446,Declared,0.11109588808815157,0.239966517154993
RACESURV5a_W43,low,1.0579453687232796,Declared,0.8471456876518162,0.2107996810714634
RACESURV5a_W43,high,1.1321497763214978,Declared,1.0215840143372934,0.11056576198420442
RACESURV5b_W43,low,0.2429272770721258,Declared,0.20772994354152247,0.035197333530603336
RACESURV5b_W43,high,0.13959164998380957,Declared,0.1359435352989706,0.003648114684838971
RACESURV5d_W43,low,0.5260703407722924,Declared,0.9847807582323432,-0.4587104174600508
RACESURV5d_W43,high,0.9775630846767596,Declared,1.0474194685662344,-0.0698563838894748
RACESURV5e_W43,low,0.37253849009798334,Declared,0.5541055324070315,-0.1815670423090482
RACESURV5e_W43,high,0.2964932418935301,Declared,0.4575620685712468,-0.16106882667771671
RACESURV5f_W43,low,0.6504256404387896,Declared,0.6792490619186446,-0.02882342147985506
RACESURV5f_W43,high,0.9001009712786947,Declared,0.740201053100923,0.15989991817777172
RACESURV5g_W43,low,0.26428338326015144,Declared,0.47991884575614496,-0.21563546249599352
RACESURV5g_W43,high,0.43236736000000003,Declared,0.3651035307561451,0.06726382924385493
RACESURV5h_W43,low,0.7068931018960515,Declared,0.8172593945553064,-0.1103662926592549
RACESURV5h_W43,high,0.7803254344974362,Declared,0.7275176263702409,0.05280780812719532
RACESURV5i_W43,low,1.01892126372809,Declared,1.5749915063380655,-0.5560702426099755
RACESURV5i_W43,high,1.4221688238153412,Declared,1.6098106492300766,-0.1876418254147354
RACESURV5j_W43,low,0.40625025398398495,Declared,0.720404635,-0.314154381016015
RACESURV5j_W43,high,0.5246920074574299,Declared,0.61724333,-0.09255132254257004
RACESURV5l_W43,low,1.2375208850000001,Declared,1.3370520617944845,-0.09953117679448442
RACESURV5l_W43,high,1.5416754949633737,Declared,1.5108517667944845,0.03082372816888923
RACESURV9_W43,low,0.7242709800000001,Declared,0.8380278152419358,-0.1137568352419357
RACESURV9_W43,high,0.75770810848288,Declared,0.9312649052419358,-0.1735567967590559
INFOCHALa_W45,low,1.057341250822043,Declared,0.33131905165221454,0.7260221991698285
INFOCHALa_W45,high,2.4704955134068847,Declared,0.6151352984973856,1.8553602149094992
INFOCREATEa_W45,low,1.0661467258097381,Declared,2.1443667112291083,-1.0782199854193701
INFOCREATEa_W45,high,1.3172575860225662,Declared,1.9708031815516944,-0.6535455955291283
MADEUPOFT_W45,low,0.70690371,Declared,0.5880673693668034,0.11883634063319659
MADEUPOFT_W45,high,0.845449664795255,Declared,0.6661998742238328,0.1792497905714222
MADEUPTOPICb_W45,low,0.961854616487416,Declared,0.32448090343664227,0.6373737130507737
MADEUPTOPICb_W45,high,0.33209331012529963,Declared,0.2826471034366421,0.04944620668865751
MADEUPTOPICc_W45,low,0.7080767648503804,Declared,0.8370467283704673,-0.12896996352008694
MADEUPTOPICc_W45,high,0.6867456818680195,Declared,0.8748398076816221,-0.18809412581360252
MADEUPTOPICd_W45,low,0.9266320956440988,Declared,0.6158562726626173,0.31077582298148143
MADEUPTOPICd_W45,high,0.793324556979992,Declared,0.6524824371859905,0.14084211979400152
NEWSPROBd_W45,low,0.3327948505374244,Declared,0.7233762731588712,-0.3905814226214468
NEWSPROBd_W45,high,0.5180174764151118,Declared,0.6407785705235117,-0.12276109410839997
NEWSPROBe_W45,low,0.6059178020821173,Declared,0.35545434549038957,0.25046345659172775
NEWSPROBe_W45,high,0.8677424200000002,Declared,0.3535596480898664,0.5141827719101338
NEWS_PLATFORMg_W45,low,0.30907264256939526,Declared,0.4599895176029393,-0.15091687503354406
NEWS_PLATFORMg_W45,high,0.535498722573411,Declared,0.6329191661738581,-0.0974204436004471
SMLIKESb_W45,low,0.3650297453363747,Declared,0.8941391549320552,-0.5291094095956805
SMLIKESb_W45,high,0.43880008000000004,Declared,0.8834970349320552,-0.4446969549320552
SMLIKESf_W45,low,0.536131468943083,Declared,1.1612546401992414,-0.6251231712561585
SMLIKESf_W45,high,0.5345788609759462,Declared,1.2409690701992413,-0.7063902092232951
BENEFITGOV_W49,low,0.5688285501671136,Declared,0.8089510502393285,-0.2401225000722148
BENEFITGOV_W49,high,0.6685350099270801,Declared,1.038559382575206,-0.3700243726481258
CONCERNCO_W49,low,0.5067772565786755,Declared,0.8524067652760817,-0.3456295086974063
CONCERNCO_W49,high,0.8748622773934307,Declared,0.9275166209863721,-0.05265434359294141
CONCERNGRPa_W49,low,0.32724314327243154,Declared,0.5496912400641858,-0.22244809679175426
CONCERNGRPa_W49,high,0.3032164673884039,Declared,0.75581016,-0.4525936926115961
CONCERNGRPc_W49,low,0.47364461328385676,Declared,0.28901039589438926,0.1846342173894675
CONCERNGRPc_W49,high,0.36438801000000004,Declared,0.33104374589438934,0.0333442641056107
CONTROLCO_W49,low,0.2717595767500001,Declared,0.7498286546858587,-0.47806907793585857
CONTROLCO_W49,high,0.6897461738704749,Declared,0.756482953984465,-0.06673678011399009
CONTROLGRPc_W49,low,0.6543637538214279,Declared,0.3542372010413046,0.3001265527801233
CONTROLGRPc_W49,high,0.3481489322889633,Declared,0.32031725104130454,0.02783168124765878
DATAUSEd_W49,low,0.2500180558673769,Declared,0.16654709244808863,0.08347096341928828
DATAUSEd_W49,high,0.3057756171170864,Declared,0.2692050024480886,0.0365706146689978
FACE3c_W49,low,0.6709613466752364,Declared,0.5454993038681054,0.12546204280713102
FACE3c_W49,high,0.6000605982803332,Declared,0.6044865712174832,-0.004425972937149969
GOVREGV1_W49,low,0.2720160887181866,Declared,0.15801678944532505,0.11399929927286157
GOVREGV1_W49,high,0.27684610611377647,Declared,0.2557401873503286,0.021105918763447862
HOMEASSIST2_W49,low,0.6510522013986036,Declared,0.6527343036592342,-0.0016821022606305913
HOMEASSIST2_W49,high,0.6547299631928082,Declared,0.6916516004019526,-0.03692163720914443
HOMEASSIST3_W49,low,0.23272158001198798,Declared,1.1888000608147138,-0.9560784808027258
HOMEASSIST3_W49,high,0.9540582831258834,Declared,1.1921148936036192,-0.23805661047773585
HOMEASSIST4_W49,low,0.5635296443647034,Declared,0.7594157224058427,-0.19588607804113922
HOMEASSIST4_W49,high,0.6621502807801708,Declared,0.8539237452646562,-0.1917734644844854
PP5e_W49,low,0.41691110396409525,Declared,0.517093977024863,-0.10018287306076779
PP5e_W49,high,0.6278102782912554,Declared,0.5657919156579192,0.062018362633336155
PWMAN2_W49,low,1.8126216920907607,Declared,1.4046657429532607,0.4079559491375
PWMAN2_W49,high,1.599629127146327,Declared,1.4845694333456536,0.11505969380067338
SMARTAPP_W49,low,0.5590181407712682,Declared,0.9653611014064296,-0.4063429606351614
SMARTAPP_W49,high,0.17038019058903975,Declared,0.8784263814064296,-0.7080461908173898
TRACKCO1a_W49,low,1.0615272485205904,Declared,0.4915471273500889,0.5699801211705016
TRACKCO1a_W49,high,0.5970586685953543,Declared,0.9821552962846308,-0.38509662768927655
TRACKCO1b_W49,low,0.5997601861920544,Declared,0.24816023758703615,0.35159994860501825
TRACKCO1b_W49,high,0.45773052705233974,Declared,0.30518961450197235,0.1525409125503674
TRACKGOV1a_W49,low,0.7254608086098733,Declared,0.542937336954243,0.18252347165563032
TRACKGOV1a_W49,high,0.4924897804471867,Declared,0.493697636954243,-0.001207856507056293
TRACKGOV1b_W49,low,0.30540428559085714,Declared,0.317382091023055,-0.011977805432197841
TRACKGOV1b_W49,high,0.301189327178224,Declared,0.10659685313090735,0.19459247404731667
COHABDUR_W50,low,1.1042451863208762,Declared,1.3201690039928011,-0.21592381767192492
COHABDUR_W50,high,0.8011815919881843,Declared,1.1610506513810945,-0.35986905939291025
DNA2b_W50,low,0.3512964072500491,Declared,0.49419212592635503,-0.1428957186763059
DNA2b_W50,high,0.53057829,Declared,0.493342435926355,0.03723585407364499
DNA5_W50,low,0.32930617999999995,Declared,0.5911352866561712,-0.26182910665617126
DNA5_W50,high,0.41880953000000004,Declared,0.7119664166561712,-0.2931568866561712
E5MOD_W50,low,0.7580766488309961,Declared,0.6010337555963567,0.15704289323463938
E5MOD_W50,high,0.45840087714544453,Declared,0.32489014559635665,0.13351073154908788
FAMSURV10c_W50,low,0.3598872855632037,Declared,0.39234765890855616,-0.032460373345352456
FAMSURV10c_W50,high,0.3879115774733817,Declared,0.37490646542034506,0.013005112053036616
FAMSURV16_W50,low,0.21842743611503523,Declared,0.28881692019112193,-0.0703894840760867
FAMSURV16_W50,high,0.28474054050614994,Declared,0.283444310191122,0.0012962303150279575
FAMSURV1_W50,low,0.280135246685712,Declared,0.3628286345164217,-0.08269338783070973
FAMSURV1_W50,high,0.7061869100000001,Declared,0.5936861845164219,0.11250072548357826
FAMSURV20_W50,low,0.40329556185504145,Declared,0.49311277287060806,-0.08981721101556661
FAMSURV20_W50,high,0.3316397318373957,Declared,0.32782258287060806,0.0038171489667876424
FAMSURV23b_W50,low,0.9891877417184759,Declared,0.21546110215461112,0.7737266395638648
FAMSURV23b_W50,high,0.8575236752632709,Declared,0.45981335155532177,0.3977103237079491
FAMSURV23c_W50,low,0.03448562524367346,Declared,0.7529309667403369,-0.7184453414966634
FAMSURV23c_W50,high,0.7083951310807857,Declared,1.099883916740337,-0.39148878565955125
FAMSURV23d_W50,low,0.1021354289704288,Declared,0.8188501234068974,-0.7167146944364686
FAMSURV23d_W50,high,0.6260642440776948,Declared,1.0427905734068974,-0.4167263293292026
FAMSURV23e_W50,low,0.6734618057520946,Declared,0.2229133204299647,0.4505484853221299
FAMSURV23e_W50,high,0.23605466000000003,Declared,0.20731443452747905,0.028740225472520975
FAMSURV23f_W50,low,0.4065906462337758,Declared,0.1656996393738956,0.24089100685988019
FAMSURV23f_W50,high,0.737215069982504,Declared,0.224991572061784,0.51222349792072
FAMSURV23g_W50,low,0.22878242091411635,Declared,0.5693119271510206,-0.34052950623690426
FAMSURV23g_W50,high,0.2103589892244886,Declared,0.48799169715102064,-0.27763270792653205
FAMSURV26a_W50,low,0.3229870632298706,Declared,0.5124663133181171,-0.1894792500882465
FAMSURV26a_W50,high,0.33383115288955867,Declared,0.5657428172901809,-0.23191166440062227
FAMSURV26b_W50,low,0.3469322506954484,Declared,0.544799805517793,-0.19786755482234453
FAMSURV26b_W50,high,0.5170017165155638,Declared,0.5869173682691711,-0.06991565175360726
FAMSURV26c_W50,low,0.4856051248560513,Declared,0.24211907767135774,0.24348604718469355
FAMSURV26c_W50,high,0.27749914722500857,Declared,0.41823314660933564,-0.14073399938432707
FAMSURV26d_W50,low,0.39971402,Declared,0.5665447428626721,-0.1668307228626721
FAMSURV26d_W50,high,0.7193973902922846,Declared,0.8225029828626721,-0.10310559257038754
FAMSURV29_W50,low,0.2849356520375647,Declared,0.6769165389010181,-0.3919808868634534
FAMSURV29_W50,high,0.2510573995627685,Declared,0.695555268901018,-0.44449786933824953
FAMSURV2Ma_W50,low,0.41421881355391876,Declared,0.3922287366044197,0.02199007694949906
FAMSURV2Ma_W50,high,0.4032503524623688,Declared,0.3525630166044198,0.05068733585794899
FAMSURV2Mc_W50,low,0.4618069583073454,Declared,0.44545102336276954,0.01635593494457588
FAMSURV2Mc_W50,high,0.47578515302354507,Declared,0.5178845733627697,-0.04209942033922465
FAMSURV2Wa_W50,low,0.40598197465830543,Declared,0.17677057954265624,0.2292113951156492
FAMSURV2Wa_W50,high,0.3909675571669959,Declared,0.23881755366033414,0.15215000350666175
FAMSURV2Wc_W50,low,0.4434976918617764,Declared,0.20208487589570873,0.24141281596606767
FAMSURV2Wc_W50,high,0.4181637517836201,Declared,0.28104801107133504,0.13711574071228505
FAMSURV32e_W50,low,1.627756192380243,Declared,1.8620253370656261,-0.23426914468538307
FAMSURV32e_W50,high,2.020612846558502,Declared,2.218043957065626,-0.19743111050712425
FAMSURV39_W50,low,0.349415956329995,Declared,1.2252376028911813,-0.8758216465611863
FAMSURV39_W50,high,0.9894475042891984,Declared,1.247170757979104,-0.2577232536899057
FAMSURV3_W50,low,1.315629746776,Declared,0.8926159543537745,0.4230137924222256
FAMSURV3_W50,high,1.1951779660375497,Declared,1.0099569690707109,0.1852209969668388
FAMSURV40_W50,low,0.22957572548893887,Declared,1.1596868315968683,-0.9301111061079294
FAMSURV40_W50,high,0.9856717780936761,Declared,1.6109857181594638,-0.6253139400657877
FAMSURV43_W50,low,0.8277480450945663,Declared,0.539878427803675,0.28786961729089133
FAMSURV43_W50,high,1.1415149044729183,Declared,0.6032022178036751,0.5383126866692431
FAMSURV44_W50,low,0.6335837161103415,Declared,0.5177853656223264,0.11579835048801512
FAMSURV44_W50,high,0.9376713605944612,Declared,0.5807620940620222,0.35690926653243904
FAMSURV6_W50,low,0.3790207587365116,Declared,0.8067629019219689,-0.4277421431854573
FAMSURV6_W50,high,0.944702770755337,Declared,0.9170961804855173,0.02760659026981971
FAMSURV9c_W50,low,0.3972569800000001,Declared,0.32202695448172747,0.07523002551827263
FAMSURV9c_W50,high,0.4377817072489649,Declared,0.49891859991278786,-0.06113689266382294
FATHER_W50,low,0.11277440999999994,Declared,0.17934725,-0.06657284000000008
FATHER_W50,high,0.11868619000000002,Declared,0.12367784000000004,-0.004991650000000014
HAVEKIDS1_W50,low,0.7015797811783235,Declared,1.49591496,-0.7943351788216764
HAVEKIDS1_W50,high,1.0043944971640808,Declared,1.5166556,-0.5122611028359192
MARRDUR_W50,low,1.0467335224454974,Declared,1.2108472377868613,-0.16411371534136387
MARRDUR_W50,high,1.2875674252030995,Declared,1.189420653596881,0.09814677160621854
MARRYPREF1_W50,low,0.09359798802239805,Declared,0.13198286194201864,-0.03838487391962059
MARRYPREF1_W50,high,0.09050920242127733,Declared,0.15417961194201857,-0.06367040952074124
MARRYPREF2_W50,low,0.33305154051088603,Declared,0.40949673316323765,-0.07644519265235161
MARRYPREF2_W50,high,0.3381919231693877,Declared,0.42931018951641,-0.0911182663470223
MOTHER_W50,low,0.06229598679314208,Declared,0.06731046664270768,-0.005014479849565601
MOTHER_W50,high,0.010995659911702926,Declared,0.09797084664270772,-0.0869751867310048
PAR1_W50,low,0.13645417133295015,Declared,0.23357856718628203,-0.09712439585333188
PAR1_W50,high,0.025678322286723176,Declared,0.16525091718628213,-0.13957259489955895
PAR2_W50,low,0.1435867735350173,Declared,0.29123192280821414,-0.14764514927319683
PAR2_W50,high,0.02866611578640292,Declared,0.17592881742192115,-0.14726270163551824
ROMRELDUR_W50,low,0.8117310802539148,Declared,1.1562451816370465,-0.34451410138313165
ROMRELDUR_W50,high,0.409013832419969,Declared,0.6947145481088005,-0.2857007156888315
ROMRELSER_W50,low,1.45930363,Declared,2.32979373,-0.8704901
ROMRELSER_W50,high,1.85910204,Declared,2.41343336,-0.55433132
SATLIFEc_W50,low,0.3299541665589708,Declared,0.602880244031904,-0.2729260774729332
SATLIFEc_W50,high,0.9282319087501189,Declared,1.0496483100357168,-0.12141640128559794
ECIMPg_W54,low,0.2972293844543973,Declared,0.41420720901542973,-0.11697782456103245
ECIMPg_W54,high,0.23400905637788405,Declared,0.35593792843273697,-0.12192887205485292
ECON1_W54,low,0.36403267949924556,Declared,1.0070620923633178,-0.6430294128640722
ECON1_W54,high,0.7818652812735026,Declared,0.6834449051308099,0.09842037614269272
ECON3_d_W54,low,0.9070075474995725,Declared,0.8688864644081917,0.038121083091380736
ECON3_d_W54,high,0.9693601493389113,Declared,0.7028276765557664,0.26653247278314496
ECON4_a_W54,low,0.9606669969788747,Declared,0.6753143437052647,0.28535265327361004
ECON4_a_W54,high,0.9369816739872363,Declared,0.5775386840807252,0.35944298990651113
ECON4_b_W54,low,0.2003345315436466,Declared,0.37863977378639774,-0.17830524224275113
ECON4_b_W54,high,0.8452804170072497,Declared,0.7362527146104478,0.10902770239680182
ECON4_e_W54,low,0.7747249154568624,Declared,0.5985840144714212,0.17614090098544122
ECON4_e_W54,high,0.8203942088390941,Declared,0.8186537178341518,0.001740491004942335
ECON4_f_W54,low,1.095816810725116,Declared,0.905661112497016,0.19015569822810008
ECON4_f_W54,high,0.7470160791040368,Declared,0.5071538370022012,0.2398622421018356
ECON4_g_W54,low,0.5642863591944811,Declared,0.6639720041018788,-0.09968564490739773
ECON4_g_W54,high,0.642753263641564,Declared,0.6083116775813553,0.03444158606020875
ECON5_b_W54,low,1.2933997357374338,Declared,0.40506461767291196,0.8883351180645218
ECON5_b_W54,high,1.1275669433850213,Declared,0.5425323843984735,0.5850345589865478
ECON5_c_W54,low,0.3711016314428459,Declared,0.9388734118834741,-0.5677717804406281
ECON5_c_W54,high,0.438803000326411,Declared,0.81715859832632,-0.378355597999909
ECON5_d_W54,low,0.4144404677485036,Declared,1.5234052129681717,-1.108964745219668
ECON5_d_W54,high,0.27141753999999996,Declared,1.1564431679681717,-0.8850256279681717
ECON5_e_W54,low,0.28941060167622173,Declared,1.2866753988968782,-0.9972647972206565
ECON5_e_W54,high,0.33822862857951175,Declared,0.9735735488968782,-0.6353449203173664
ECON5_f_W54,low,0.2160635440458163,Declared,1.0341673479590565,-0.8181038039132402
ECON5_f_W54,high,0.2598738199999999,Declared,0.9005548934115887,-0.6406810734115888
ECON5_g_W54,low,0.72026360697836,Declared,0.6531830645248567,0.06708054245350326
ECON5_g_W54,high,1.0250267313069346,Declared,0.9494388695248565,0.0755878617820781
ECON5_h_W54,low,0.19185171046155008,Declared,0.31526315257019977,-0.12341144210864968
ECON5_h_W54,high,0.5173852857701279,Declared,0.5787746199350852,-0.06138933416495729
ECON5_i_W54,low,0.2717395588483452,Declared,0.39832142530373243,-0.12658186645538722
ECON5_i_W54,high,0.5563875271638268,Declared,0.43838006055761497,0.11800746660621181
ECON5_j_W54,low,0.3642595229966953,Declared,1.2571179127241483,-0.892858389727453
ECON5_j_W54,high,0.299863879411684,Declared,0.9236531627241485,-0.6237892833124645
ECON5_k_W54,low,0.5355388249531736,Declared,0.6091341160913412,-0.07359529113816754
ECON5_k_W54,high,0.6618756926838903,Declared,0.5901077927105975,0.0717678999732928
FIN_SIT_W54,low,0.44280658348813023,Declared,0.4404753365838173,0.0023312469043129114
FIN_SIT_W54,high,0.5909810481523586,Declared,1.5445286663576372,-0.9535476182052786
GOVPRIORITYb_W54,low,1.099185519848266,Declared,1.4139362598977239,-0.3147507400494578
GOVPRIORITYb_W54,high,1.1025391073460984,Declared,1.3510377096865882,-0.24849860234048982
GOVPRIORITYc_W54,low,0.8599532259081191,Declared,0.8598375689747166,0.00011565693340243044
GOVPRIORITYc_W54,high,0.6048412594907416,Declared,0.6255748467418328,-0.0207335872510912
GOVPRIORITYd_W54,low,0.5207441529409422,Declared,0.9597607890649358,-0.43901663612399355
GOVPRIORITYd_W54,high,0.31864605484327824,Declared,0.8594289490649356,-0.5407828942216574
GOVPRIORITYf_W54,low,0.5784091376934168,Declared,1.6906956024330977,-1.1122864647396808
GOVPRIORITYf_W54,high,0.9687448672516333,Declared,1.5970220265115929,-0.6282771592599595
INEQ11_W54,low,0.45002997944433765,Declared,0.39016157651822087,0.05986840292611678
INEQ11_W54,high,0.34232411,Declared,0.25382565651822087,0.08849845348177915
INEQ1_W54,low,0.3152344929720595,Declared,0.01530950999999997,0.29992498297205955
INEQ1_W54,high,0.2799582419988573,Declared,0.13765897798623444,0.14229926401262288
INEQ4_a_W54,low,1.090491916546049,Declared,0.805820012936685,0.2846719036093639
INEQ4_a_W54,high,0.7876886412498991,Declared,0.7563680903391067,0.031320550910792444
INEQ5_a_W54,low,0.6326189059594953,Declared,0.27675046701720607,0.35586843894228926
INEQ5_a_W54,high,0.5434988176356709,Declared,0.35910176000000005,0.18439705763567082
INEQ5_d_W54,low,0.6826952656532426,Declared,1.0242093897838287,-0.3415141241305861
INEQ5_d_W54,high,0.7181590636665711,Declared,1.4178859597838287,-0.6997268961172576
INEQ5_e_W54,low,0.552496091893653,Declared,0.7388144331722991,-0.1863183412786461
INEQ5_e_W54,high,0.2710893514112074,Declared,0.9238845134148473,-0.65279516200364
INEQ5_f_W54,low,0.8202718482027186,Declared,0.31058775204527345,0.5096840961574451
INEQ5_f_W54,high,0.794716427947164,Declared,0.283671011776106,0.511045416171058
INEQ5_h_W54,low,0.5093829902423387,Declared,0.35500852330217136,0.15437446694016732
INEQ5_h_W54,high,0.8821399926957836,Declared,0.22855185177025883,0.6535881409255248
INEQ5_i_W54,low,0.5961961518174507,Declared,0.4325422723051889,0.1636538795122618
INEQ5_i_W54,high,0.5368886278572584,Declared,0.43254034230518873,0.10434828555206971
INEQ5_k_W54,low,0.5071597848580232,Declared,0.35828036907305433,0.14887941578496883
INEQ5_k_W54,high,0.6940442497303454,Declared,0.6818667730210887,0.01217747670925673
INEQ5_l_W54,low,0.998950726726565,Declared,0.7824576990334222,0.21649302769314283
INEQ5_l_W54,high,0.4891465826671591,Declared,0.39636502903342197,0.09278155363373713
INEQ5_m_W54,low,0.8496792636195023,Declared,1.0615044800000002,-0.2118252163804979
INEQ5_m_W54,high,0.34502273238229497,Declared,0.58377975,-0.23875701761770507
INEQ8_a_W54,low,1.3492363391848774,Declared,1.193560923325317,0.15567541585956035
INEQ8_a_W54,high,0.6727511199497391,Declared,0.603614053325317,0.0691370666244221
INEQ8_b_W54,low,1.2154843077511113,Declared,1.635998394526411,-0.42051408677529967
INEQ8_b_W54,high,0.5623004567457214,Declared,1.1333778277190434,-0.571077370973322
INEQ8_c_W54,low,1.1138312781375994,Declared,1.3207302718593046,-0.20689899372170517
INEQ8_c_W54,high,0.7416489717700926,Declared,0.9393171818593048,-0.1976682100892122
INEQ8_d_W54,low,0.8989624806525831,Declared,1.38100376,-0.4820412793474169
INEQ8_d_W54,high,0.5598832938851994,Declared,0.94004675,-0.3801634561148006
INEQ8_f_W54,low,1.3860551899833053,Declared,1.7753496217289166,-0.3892944317456113
INEQ8_f_W54,high,0.7779112513045672,Declared,1.2605071730334836,-0.4825959217289164
INEQ8_g_W54,low,1.2922419798020182,Declared,1.2660292113729366,0.0262127684290816
INEQ8_g_W54,high,0.6254805486618827,Declared,0.6727730313729365,-0.047292482711053796
INEQ8_h_W54,low,0.9986026271179183,Declared,0.7893131506692156,0.20928947644870266
INEQ8_h_W54,high,0.583306480332628,Declared,0.41704250330783293,0.16626397702479506
INEQ8_i_W54,low,1.0066719065384222,Declared,1.2651025067613442,-0.25843060022292197
INEQ8_i_W54,high,0.21116666026500322,Declared,0.5299675916561881,-0.3188009313911849
INEQ8_j_W54,low,0.7477738520903224,Declared,1.092886250474389,-0.3451123983840666
INEQ8_j_W54,high,0.20988468430536417,Declared,0.5980987804743887,-0.3882140961690245
JOBTRAIN_W54,low,0.8008491458017475,Declared,0.33083513375460133,0.47001401204714616
JOBTRAIN_W54,high,0.694892982779657,Declared,0.23051468022312505,0.464378302556532
WORRY2a_W54,low,0.6157452348521579,Declared,1.6343564600855225,-1.0186112252333646
WORRY2a_W54,high,0.42522604344743836,Declared,0.5166431962363058,-0.09141715278886747
WORRY2b_W54,low,0.3277199069357294,Declared,0.8828986287451888,-0.5551787218094594
WORRY2b_W54,high,0.6314158781609162,Declared,0.32778122632919937,0.3036346518317168
WORRY2c_W54,low,1.028251807015144,Declared,1.7511755068198607,-0.7229236998047166
WORRY2c_W54,high,0.7117890059827685,Declared,0.32882813323821014,0.38296087274455837
WORRY2d_W54,low,0.6699458551727347,Declared,0.9704247448971115,-0.30047888972437675
WORRY2d_W54,high,0.22214811044590715,Declared,0.442474172559295,-0.22032606211338784
WORRY2e_W54,low,0.8458305221159149,Declared,1.3212165474875823,-0.4753860253716674
WORRY2e_W54,high,0.2720439413675765,Declared,0.5488619310828659,-0.27681798971528937
GAP21Q10_W82,low,0.31148229415958395,Declared,0.26709355767093557,0.044388736488648384
GAP21Q10_W82,high,0.1095715394655622,Declared,0.2675328935113517,-0.15796135404578948
GAP21Q13_b_W82,low,1.0503566605035664,Declared,1.2522236010481171,-0.2018669405445508
GAP21Q13_b_W82,high,0.8903404010344921,Declared,1.091029489436176,-0.20068908840168398
GAP21Q15_a_W82,low,0.6385811857753985,Declared,0.6484517813451438,-0.009870595569745344
GAP21Q15_a_W82,high,0.721378859219663,Declared,0.7744392113451437,-0.05306035212548066
GAP21Q15_b_W82,low,0.7189048571107748,Declared,0.7048728418655729,0.014032015245201923
GAP21Q15_b_W82,high,0.8698520741408932,Declared,0.911188631865573,-0.04133655772467981
GAP21Q15_c_W82,low,0.7155465562359247,Declared,0.7510271125928893,-0.035480556356964676
GAP21Q15_c_W82,high,0.7939565402657363,Declared,0.845641494517883,-0.0516849542521467
GAP21Q15_d_W82,low,1.0376746335291585,Declared,1.065131906353699,-0.02745727282454058
GAP21Q15_d_W82,high,1.2311329245655473,Declared,1.4329270263536988,-0.2017941017881515
GAP21Q15_e_W82,low,0.7367969086713013,Declared,0.7451997202901877,-0.008402811618886341
GAP21Q15_e_W82,high,0.886130412652116,Declared,0.9868180016514528,-0.10068758899933683
GAP21Q15_f_W82,low,0.7336999379838317,Declared,0.8156489741176616,-0.08194903613382987
GAP21Q15_f_W82,high,0.978966523497828,Declared,1.1900690810405032,-0.21110255754267526
GAP21Q17_W82,low,0.6743459315576766,Declared,0.5703172629370241,0.10402866862065252
GAP21Q17_W82,high,0.7828849222447973,Declared,0.7052564029370242,0.07762851930777315
GAP21Q19_a_W82,low,1.174128509273626,Declared,0.8700552568078392,0.30407325246578676
GAP21Q19_a_W82,high,1.695604091640577,Declared,0.9253812291501072,0.7702228624904698
GAP21Q19_b_W82,low,0.70579750843369,Declared,1.4875187280108637,-0.7817212195771737
GAP21Q19_b_W82,high,0.35931733269073374,Declared,1.6121067503088409,-1.2527894176181071
GAP21Q19_c_W82,low,0.7667560650254555,Declared,0.7119900899999999,0.05476597502545555
GAP21Q19_c_W82,high,0.4943434069963114,Declared,1.0072380499999998,-0.5128946430036884
GAP21Q19_d_W82,low,1.3788629441814129,Declared,0.7965149332084254,0.5823480109729875
GAP21Q19_d_W82,high,0.8975802501972112,Declared,0.375325705645968,0.5222545445512432
GAP21Q19_e_W82,low,1.2021111452016107,Declared,0.7126056699999999,0.4895054752016108
GAP21Q19_e_W82,high,0.9070248344377899,Declared,0.517972055432431,0.38905277900535895
GAP21Q21_a_W82,low,0.4887753606616095,Declared,0.36382465622133536,0.12495070444027412
GAP21Q21_a_W82,high,0.49538990558603124,Declared,0.2561581719373166,0.23923173364871464
GAP21Q21_e_W82,low,0.5784534781444662,Declared,0.6649224860283256,-0.08646900788385936
GAP21Q21_e_W82,high,0.46117062000000003,Declared,0.8726679360283256,-0.41149731602832557
GAP21Q23_W82,low,0.9005912786963903,Declared,1.4422509068101892,-0.5416596281137989
GAP21Q23_W82,high,1.3901361539007016,Declared,1.164938626810189,0.22519752709051266
GAP21Q24_W82,low,0.8364973689809511,Declared,0.5825151406377345,0.2539822283432166
GAP21Q24_W82,high,0.8944096479547892,Declared,0.5112909506377346,0.3831186973170546
GAP21Q25_W82,low,1.733817750444363,Declared,0.605628394748206,1.128189355696157
GAP21Q25_W82,high,1.0718482936939124,Declared,0.4782617386435919,0.5935865550503205
GAP21Q26_a_W82,low,0.5098625807954127,Declared,0.7587973099999998,-0.24893472920458715
GAP21Q26_a_W82,high,0.7999118328714434,Declared,0.9600423699999999,-0.16013053712855652
GAP21Q26_b_W82,low,0.4542752954572473,Declared,1.3484372833301759,-0.8941619878729286
GAP21Q26_b_W82,high,0.7822971005802899,Declared,1.4172795255303767,-0.6349824249500868
GAP21Q26_c_W82,low,0.25010069,Declared,0.5981848548402935,-0.3480841648402935
GAP21Q26_c_W82,high,0.44950590876084795,Declared,0.8908826548402935,-0.44137674607944555
GAP21Q27_W82,low,0.20217137378308808,Declared,0.16778417820980268,0.0343871955732854
GAP21Q27_W82,high,0.16679367538959536,Declared,0.18595672320980264,-0.01916304782020728
GAP21Q28_W82,low,0.6911955743716603,Declared,0.600712632827335,0.09048294154432535
GAP21Q28_W82,high,0.7550666513727406,Declared,0.5436060573148849,0.21146059405785578
GAP21Q31_W82,low,0.6419768568042163,Declared,0.35846778864749923,0.2835090681567171
GAP21Q31_W82,high,0.9338429652749589,Declared,0.38179266864749895,0.55205029662746
GAP21Q32_W82,low,0.4179528298963694,Declared,0.6884793683532561,-0.2705265384568867
GAP21Q32_W82,high,0.3713291524546116,Declared,0.4196425683532561,-0.04831341589864446
GAP21Q33_c_W82,low,0.4664305451182277,Declared,0.20951817954504653,0.25691236557318115
GAP21Q33_c_W82,high,0.41967256556977073,Declared,0.2296180944268188,0.19005447114295193
GAP21Q33_g_W82,low,1.0724695937351114,Declared,0.5514974838797162,0.5209721098553952
GAP21Q33_g_W82,high,0.85129691,Declared,0.5168440238797163,0.3344528861202837
GAP21Q33_i_W82,low,0.8795446186087628,Declared,0.34179920284976734,0.5377454157589954
GAP21Q33_i_W82,high,0.314706268917049,Declared,0.3148338391476628,-0.0001275702306137716
GAP21Q33_j_W82,low,0.6119614437262031,Declared,0.3134341265832578,0.2985273171429453
GAP21Q33_j_W82,high,0.2395694,Declared,0.26070580658325776,-0.021136406583257772
GAP21Q33_m_W82,low,0.7674166875095059,Declared,0.2634157351790497,0.5040009523304562
GAP21Q33_m_W82,high,0.3821681382867975,Declared,0.3054038683302487,0.07676426995654884
GAP21Q33_n_W82,low,0.6174497177000764,Declared,0.6841001060440224,-0.06665038834394599
GAP21Q33_n_W82,high,0.39012732737939293,Declared,0.7529516981871627,-0.36282437080776975
GAP21Q33_q_W82,low,0.577496594713457,Declared,0.29083085000000003,0.286665744713457
GAP21Q33_q_W82,high,0.49597851767120393,Declared,0.26855898999999994,0.227419527671204
GAP21Q33_r_W82,low,0.8863205815042134,Declared,0.2213410599999998,0.6649795215042136
GAP21Q33_r_W82,high,0.48007449037660377,Declared,0.30369370416378527,0.1763807862128185
GAP21Q33_s_W82,low,0.7515789887326114,Declared,0.3362902346035409,0.4152887541290705
GAP21Q33_s_W82,high,0.23241999438493244,Declared,0.1322518524168894,0.10016814196804305
GAP21Q34_a_W82,low,1.181985712359904,Declared,0.5665780721246975,0.6154076402352066
GAP21Q34_a_W82,high,1.1615848629861718,Declared,0.5997422344210104,0.5618426285651614
GAP21Q34_b_W82,low,1.3926230767874845,Declared,1.6144889889155305,-0.22186591212804596
GAP21Q34_b_W82,high,1.5394256594420352,Declared,1.4867751789155303,0.052650480526504895
GAP21Q34_c_W82,low,1.1261069672597537,Declared,1.3062528416508088,-0.18014587439105512
GAP21Q34_c_W82,high,1.5213616756366504,Declared,1.2784463816508087,0.24291529398584166
GAP21Q34_d_W82,low,1.0305365267401785,Declared,0.6635468114340473,0.3669897153061312
GAP21Q34_d_W82,high,1.413504034940344,Declared,0.6965531814340472,0.7169508535062968
GAP21Q34_e_W82,low,1.463116738049084,Declared,0.47649343543310535,0.9866233026159785
GAP21Q34_e_W82,high,0.8926232216848621,Declared,0.30608533636553736,0.5865378853193247
GAP21Q34_f_W82,low,1.2457422345865192,Declared,0.4162475572433747,0.8294946773431445
GAP21Q34_f_W82,high,0.5469339146226053,Declared,0.5346919322130483,0.012241982409556984
GAP21Q38_a_W82,low,1.1151070527216267,Declared,0.6578855210537476,0.45722153166787904
GAP21Q38_a_W82,high,1.0782128502587816,Declared,0.6630236310537476,0.41518921920503393
GAP21Q38_b_W82,low,1.1914735482509644,Declared,0.6067252231603438,0.5847483250906206
GAP21Q38_b_W82,high,1.1948422517199941,Declared,0.5594429876404232,0.6353992640795709
GAP21Q38_c_W82,low,0.9907249592603107,Declared,0.5771413866423054,0.41358357261800527
GAP21Q38_c_W82,high,0.9972671375828673,Declared,0.44810893664230544,0.5491582009405619
GAP21Q41_W82,low,0.7933248900000001,Declared,1.0101304278628982,-0.21680553786289813
GAP21Q41_W82,high,0.9446368698289269,Declared,1.212456197862898,-0.2678193280339711
GAP21Q43_g_W82,low,0.7922921000000002,Declared,0.40664737496608006,0.3856447250339201
GAP21Q43_g_W82,high,0.4741734668149342,Declared,0.4021745774912177,0.07199888932371651
GAP21Q47_W82,low,1.0381942514416482,Declared,1.0807502706861523,-0.04255601924450403
GAP21Q47_W82,high,1.0348440087718167,Declared,0.9690367806861524,0.0658072280856643
GAP21Q4_a_W82,low,1.389544487435046,Declared,1.3269051903558435,0.06263929707920246
GAP21Q4_a_W82,high,0.9848621089566704,Declared,1.3109606,-0.32609849104332966
GAP21Q4_b_W82,low,0.4024343546075603,Declared,0.6296769293600419,-0.22724257475248166
GAP21Q4_b_W82,high,0.40470153953140325,Declared,0.7096984322558834,-0.3049968927244801
GAP21Q4_c_W82,low,0.830287919174743,Declared,0.9362906440198698,-0.10600272484512685
GAP21Q4_c_W82,high,0.809185277550263,Declared,1.048755989542618,-0.2395707119923549
GAP21Q4_d_W82,low,0.8712144538305324,Declared,0.997714561537306,-0.12650010770677356
GAP21Q4_d_W82,high,0.9544273994715787,Declared,1.0955097777067735,-0.14108237823519476
GAP21Q4_e_W82,low,0.7049911765018858,Declared,0.8501519423844268,-0.145160765882541
GAP21Q4_e_W82,high,0.7176503934265099,Declared,0.7279916541196909,-0.010341260693180976
GAP21Q4_f_W82,low,0.7571416571494415,Declared,1.0835910926440413,-0.3264494354945998
GAP21Q4_f_W82,high,0.669822582027785,Declared,1.1911019270070469,-0.5212793449792619
GAP21Q7_a_W82,low,0.505357590152783,Declared,0.8256394572310152,-0.32028186707823214
GAP21Q7_a_W82,high,0.6997129420267723,Declared,1.072218346568706,-0.3725054045419338
GAP21Q7_b_W82,low,0.8055746943145803,Declared,0.31007648029860496,0.4954982140159753
GAP21Q7_b_W82,high,1.1768391367567488,Declared,0.31414585999999994,0.8626932767567488
GAP21Q7_d_W82,low,0.5546551278589806,Declared,0.9533992708463821,-0.39874414298740146
GAP21Q7_d_W82,high,0.7957162762289375,Declared,1.0940788808463822,-0.2983626046174447
BILLION_W92,low,0.24676859155595632,Declared,0.21191023982949142,0.0348583517264649
BILLION_W92,high,0.16201436363259225,Declared,0.1821292204434108,-0.020114856810818538
CANDEXP_W92,low,1.0151850292325904,Declared,0.47922700818545527,0.5359580210471351
CANDEXP_W92,high,0.5562630491439307,Declared,0.3666007805387359,0.18966226860519475
ELECT_CONF3_PRVFR_W92,low,1.164171908885204,Declared,1.4351726303941106,-0.27100072150890653
ELECT_CONF3_PRVFR_W92,high,1.5045643135985498,Declared,1.4443445603941105,0.060219753204439286
ELECT_CONF3_PRVSUP_W92,low,1.0283040472351637,Declared,0.7523138673630274,0.27599017987213625
ELECT_CONF3_PRVSUP_W92,high,0.8102610749183454,Declared,0.7605362186499036,0.04972485626844181
ELECT_IMPT3_PRVFR_W92,low,1.452141740861581,Declared,1.447146628924843,0.0049951119367381835
ELECT_IMPT3_PRVFR_W92,high,2.034898446118011,Declared,1.6605175466800648,0.3743808994379463
FREECOLL_W92,low,0.4588641774927534,Declared,1.08741464,-0.6285504625072467
FREECOLL_W92,high,0.5127577391564171,Declared,0.5716115898038572,-0.05885385064744009
GODMORALIMP_W92,low,0.4633972549789779,Declared,0.33979072992323883,0.12360652505573905
GODMORALIMP_W92,high,0.5869030225109033,Declared,0.5556796298213444,0.03122339268955887
LEGALIMMIGAMT_W92,low,0.37212532173125323,Declared,0.2062378877502844,0.16588743398096883
LEGALIMMIGAMT_W92,high,0.6331212342731155,Declared,0.3280433200000001,0.3050779142731154
POLINTOL2_a_W92,low,0.9808626600792286,Declared,0.8178606313033457,0.16300202877588288
POLINTOL2_a_W92,high,0.8960648803929844,Declared,0.7005294615623697,0.19553541883061465
PROG_RNEED_W92,low,0.18725861421692402,Declared,0.29441855998529964,-0.10715994576837562
PROG_RNEED_W92,high,0.2041153788897726,Declared,0.4352293899852997,-0.2311140110955271
RACESURV52MOD_W92,low,0.5107354094232703,Declared,0.5109319925389457,-0.0001965831156753861
RACESURV52MOD_W92,high,0.47275496473283796,Declared,0.27475068766689464,0.1980042770659433
REPRSNTDEM_W92,low,0.40937579062054064,Declared,1.3358732398607902,-0.9264974492402496
REPRSNTDEM_W92,high,0.5638464949771667,Declared,1.1196725340244031,-0.5558260390472365
REPRSNTREP_W92,low,0.3819580964279762,Declared,0.8100928625199532,-0.428134766091977
REPRSNTREP_W92,high,0.4650964067595473,Declared,0.8265558525199534,-0.3614594457604062
SOCIETY_GUNS_W92,low,0.5805386685741044,Declared,0.8997178839072288,-0.31917921533312443
SOCIETY_GUNS_W92,high,0.5923542117706446,Declared,0.9622268739072289,-0.3698726621365843
SOCIETY_RELG_W92,low,0.35760867236613286,Declared,1.178269789535833,-0.8206611171697
SOCIETY_RELG_W92,high,0.9311250798417873,Declared,1.3807061395358329,-0.4495810596940456
SOCIETY_RHIST_W92,low,0.3908579430667398,Declared,0.5997047640425017,-0.2088468209757619
SOCIETY_RHIST_W92,high,1.3842319567084294,Declared,0.575796424042502,0.8084355326659274
SOCIETY_SSM_W92,low,0.8086744900000001,Declared,0.8977255039572933,-0.0890510139572932
SOCIETY_SSM_W92,high,0.92766087,Declared,0.5106855885707724,0.4169752814292276
SOCIETY_TRANS_W92,low,0.625994831026996,Declared,1.1711507832547376,-0.5451559522277416
SOCIETY_TRANS_W92,high,0.35021174999999993,Declared,0.9154492132547377,-0.5652374632547378
SOCIETY_WHT_W92,low,0.11928833219141043,Declared,0.09149819533478429,0.027790136856626138
SOCIETY_WHT_W92,high,0.19402630208642574,Declared,0.19483767286106038,-0.0008113707746346399
UNIMMIGCOMM_W92,low,0.6040681299999999,Declared,0.6373936019576568,-0.033325471957656894
UNIMMIGCOMM_W92,high,0.6411456391661379,Declared,0.6557783565577835,-0.014632717391645622
USEXCEPT_W92,low,0.9324416963233085,Declared,0.24350360249813183,0.6889380938251767
USEXCEPT_W92,high,0.38275147676566046,Declared,0.2946552724981317,0.08809620426752873
USMILSIZ_W92,low,0.5532537743391039,Declared,0.7126154187104953,-0.15936164437139133
USMILSIZ_W92,high,0.4582283145822829,Declared,0.5825207503232201,-0.12429243574093723
WHADVANT_W92,low,0.8198834714465378,Declared,0.6314291083647675,0.18845436308177033
WHADVANT_W92,high,0.625246246708735,Declared,0.46658444428804524,0.15866180242068972
CARRYGUN_W26,low,0.9865302470077253,Steered N=20,0.562185436041774,0.42434481096595134
CARRYGUN_W26,high,0.2997617500316495,Steered N=20,0.8092498921485833,-0.5094881421169338
GROWUPGUN2A_W26,low,0.08645791787674362,Steered N=20,0.03217136049465963,0.05428655738208399
GROWUPGUN2A_W26,high,0.24568212402055656,Steered N=20,0.12986527049465968,0.11581685352589688
GROWUPGUN2B_W26,low,0.28504790875566044,Steered N=20,0.27934820932083326,0.005699699434827177
GROWUPGUN2B_W26,high,0.10474287000000004,Steered N=20,0.28773897932083325,-0.1829961093208332
GROWUPGUN2C_W26,low,0.44673972718273547,Steered N=20,0.4385289560678808,0.008210771114854687
GROWUPGUN2C_W26,high,0.19164961999999997,Steered N=20,0.4581125260678808,-0.2664629060678808
GROWUPGUN4_W26,low,0.9713674096115837,Steered N=20,0.6709256015464227,0.3004418080651611
GROWUPGUN4_W26,high,0.42101299953998683,Steered N=20,0.6672752215464226,-0.24626222200643577
GROWUPGUN6_W26,low,0.5561651468141605,Steered N=20,0.7187051391257266,-0.16253999231156613
GROWUPGUN6_W26,high,0.4898077638865911,Steered N=20,0.76609567722382,-0.2762879133372289
GROWUPGUN7_W26,low,1.0020587796641887,Steered N=20,0.570246663591608,0.43181211607258063
GROWUPGUN7_W26,high,0.22554457868664893,Steered N=20,0.7091966648582382,-0.4836520861715893
GROWUPVIOL_W26,low,1.8085171086607066,Steered N=20,0.5169493438417354,1.2915677648189712
GROWUPVIOL_W26,high,1.01799218,Steered N=20,0.8313301690992967,0.18666201090070333
GUNACCESS_W26,low,0.22072320775762166,Steered N=20,0.5746746798394402,-0.35395147208181854
GUNACCESS_W26,high,0.32024795793819083,Steered N=20,0.8211756575687388,-0.500927699630548
GUNACTIVITYA_W26,low,2.31662494,Steered N=20,1.3107140393804046,1.0059109006195954
GUNACTIVITYA_W26,high,0.7632260843803966,Steered N=20,1.3274502237608012,-0.5642241393804046
GUNACTIVITYB_W26,low,1.7393301718572114,Steered N=20,0.47260287527397127,1.2667272965832401
GUNACTIVITYB_W26,high,0.5130852670907283,Steered N=20,0.4620916974957516,0.05099356959497675
GUNCONTRIBA_W26,low,0.7656805344796598,Steered N=20,0.7508516340347928,0.014828900444866955
GUNCONTRIBA_W26,high,0.3133362010023195,Steered N=20,0.8018029461574818,-0.4884667451551623
GUNCONTRIBC_W26,low,0.9942070100000002,Steered N=20,0.5777725325014725,0.4164344774985277
GUNCONTRIBC_W26,high,0.22359815245010414,Steered N=20,0.8264631700502078,-0.6028650176001036
GUNCONTRIBE_W26,low,0.7500198300000003,Steered N=20,0.41195286610682164,0.33806696389317864
GUNCONTRIBE_W26,high,0.1714379991823387,Steered N=20,0.4242704261068218,-0.2528324269244831
GUNCONTRIBF_W26,low,0.8157258531194161,Steered N=20,0.6515690226813737,0.1641568304380424
GUNCONTRIBF_W26,high,0.36124963319792536,Steered N=20,0.6841907731580923,-0.32294113996016693
GUNFRIEND_W26,low,0.8096869719031302,Steered N=20,1.0491957148548254,-0.23950874295169522
GUNFRIEND_W26,high,0.41293429134281256,Steered N=20,1.0451743735645218,-0.6322400822217092
GUNIDENTITY_W26,low,0.48173525336582596,Steered N=20,1.2823689600000001,-0.8006337066341742
GUNIDENTITY_W26,high,0.05829849165915152,Steered N=20,1.13294555,-1.0746470583408485
GUNLOADED1_W26,low,1.0173597018503653,Steered N=20,0.30908012000000007,0.7082795818503652
GUNLOADED1_W26,high,0.7523102720322045,Steered N=20,0.24794504000000006,0.5043652320322044
GUNLOADED2_W26,low,0.3378954923994197,Steered N=20,0.4423985514884963,-0.10450305908907664
GUNLOADED2_W26,high,0.5672317067177168,Steered N=20,0.5824962514884964,-0.015264544770779542
GUNLOCKED1_W26,low,0.36175784613053014,Steered N=20,0.31069062999999986,0.05106721613053028
GUNLOCKED1_W26,high,0.17797501000000016,Steered N=20,0.31656438999999986,-0.1385893799999997
GUNLOCKED2_W26,low,0.32400731063519134,Steered N=20,0.39469778482939627,-0.07069047419420493
GUNLOCKED2_W26,high,0.32271378000000006,Steered N=20,0.2581998448293963,0.06451393517060378
GUNRESPKIDSD_W26,low,0.5297358229094261,Steered N=20,1.0755602567510028,-0.5458244338415766
GUNRESPKIDSD_W26,high,0.6263176057561544,Steered N=20,1.3900919696010856,-0.7637743638449312
GUNRESPKIDSE_W26,low,0.2861896398716126,Steered N=20,0.5413062923995199,-0.2551166525279073
GUNRESPKIDSE_W26,high,0.09415941094159402,Steered N=20,0.7792053925910939,-0.6850459816494998
GUNRESPNOKIDSA_W26,low,0.36670523407640043,Steered N=20,0.28500218816155254,0.0817030459148479
GUNRESPNOKIDSA_W26,high,0.5830343220781351,Steered N=20,0.2948474327423376,0.2881868893357975
GUNRESPNOKIDSB_W26,low,0.3503616693438526,Steered N=20,0.23137413366465942,0.11898753567919318
GUNRESPNOKIDSB_W26,high,0.43484941059609195,Steered N=20,0.21730635352398187,0.21754305707211008
GUNRESPNOKIDSC_W26,low,0.22197319549512917,Steered N=20,0.4542663545426635,-0.23229315904753434
GUNRESPNOKIDSC_W26,high,0.6166558047981625,Steered N=20,0.59178601591786,0.024869788880302557
GUNRESPNOKIDSD_W26,low,0.9456290499999996,Steered N=20,0.2867307864506975,0.6588982635493021
GUNRESPNOKIDSD_W26,high,0.5251251661569498,Steered N=20,0.43561646645069757,0.08950869970625225
GUNRESPNOKIDSE_W26,low,0.4582405243576199,Steered N=20,0.12286588663263892,0.335374637724981
GUNRESPNOKIDSE_W26,high,0.24536244808535818,Steered N=20,0.2678136675702377,-0.022451219484879548
GUNRESPNOKIDSF_W26,low,0.3364111424142959,Steered N=20,0.20900958293058824,0.12740155948370768
GUNRESPNOKIDSF_W26,high,0.212504102125041,Steered N=20,0.2986830763339536,-0.08617897420891257
GUNSAFETYKIDS_W26,low,0.09011343644472547,Steered N=20,0.13476941358642633,-0.04465597714170086
GUNSAFETYKIDS_W26,high,0.12195665256086696,Steered N=20,0.15298586358642627,-0.031029211025559306
GUNSAFE_W26,low,0.08226322907300265,Steered N=20,0.022252737291682423,0.06001049178132023
GUNSAFE_W26,high,0.16697488265190655,Steered N=20,0.04213690593278979,0.12483797671911676
GUNTYPEOWNC_W26,low,1.0938890711983247,Steered N=20,1.0835046507030066,0.01038442049531807
GUNTYPEOWNC_W26,high,0.32995815892159086,Steered N=20,0.7091909584979226,-0.3792327995763317
NOCARRYGUN_W26,low,0.2880888198794622,Steered N=20,0.25805487000000005,0.030033949879462174
NOCARRYGUN_W26,high,0.0482380899999999,Steered N=20,0.26993812000000006,-0.22170003000000016
REASONGUNA_W26,low,0.18208251129339992,Steered N=20,1.2514506743712683,-1.0693681630778684
REASONGUNA_W26,high,0.23846835733345284,Steered N=20,1.090232414371268,-0.8517640570378152
REASONGUNB_W26,low,0.8646166560359249,Steered N=20,0.8662216413377837,-0.001604985301858819
REASONGUNB_W26,high,0.40704016641278434,Steered N=20,0.7356987721598262,-0.3286586057470418
REASONGUNC_W26,low,0.9767457029242583,Steered N=20,0.7743131845669469,0.20243251835731146
REASONGUNC_W26,high,0.24850285248502874,Steered N=20,0.9369672251969161,-0.6884643727118873
REASONGUND_W26,low,1.1314258937997892,Steered N=20,0.34994889640587257,0.7814769973939166
REASONGUND_W26,high,0.4916404491905434,Steered N=20,0.26901158640587264,0.22262886278467076
REASONGUNE_W26,low,1.381199130284067,Steered N=20,0.250158041853468,1.131041088430599
REASONGUNE_W26,high,0.8758292599999999,Steered N=20,0.324059391853468,0.551769868146532
SHOOTFREQ_W26,low,0.9932353844370956,Steered N=20,0.56084015,0.4323952344370956
SHOOTFREQ_W26,high,0.5642818443571817,Steered N=20,0.8037213005774363,-0.23943945622025464
WORRYB_W26,low,0.4463713861109024,Steered N=20,0.3922289149137286,0.0541424711971738
WORRYB_W26,high,0.39095454172305577,Steered N=20,0.18572126783833115,0.20523327388472462
WORRYD_W26,low,0.4725299981792425,Steered N=20,0.2519027009349155,0.220627297244327
WORRYD_W26,high,0.20724659322371908,Steered N=20,0.4289895290650844,-0.22174293584136534
WORRYE_W26,low,0.48815448511845516,Steered N=20,0.3236116435166533,0.16454284160180188
WORRYE_W26,high,0.38319553398419903,Steered N=20,0.289513692677694,0.09368184130650503
WORRYF_W26,low,0.45317400533846,Steered N=20,0.19090286553316477,0.2622711398052952
WORRYF_W26,high,0.5427688100000001,Steered N=20,0.22188820092726685,0.32088060907273325
BOYSF1B_W29,low,0.6599982420188915,Steered N=20,0.35681879482753365,0.3031794471913578
BOYSF1B_W29,high,0.24304657456978981,Steered N=20,0.32525690982753364,-0.08221033525774382
FAVORS_CPS_W29,low,3.043116693635464,Steered N=20,1.0231469610292103,2.0199697326062536
FAVORS_CPS_W29,high,0.928629007782358,Steered N=20,0.8995611025998702,0.029067905182487808
FEM2_W29,low,0.5135542055937441,Steered N=20,1.562181729550815,-1.0486275239570708
FEM2_W29,high,0.6240693003928557,Steered N=20,1.4276677179467483,-0.8035984175538926
GIRLSF2C_W29,low,0.6402369429047986,Steered N=20,0.33054924499999994,0.30968769790479866
GIRLSF2C_W29,high,0.256363662183256,Steered N=20,0.3578168873734463,-0.10145322519019029
GIRLSF2D_W29,low,0.5941232474209389,Steered N=20,0.334162953359998,0.2599602940609409
GIRLSF2D_W29,high,0.1890310107975271,Steered N=20,0.3152090416789123,-0.12617803088138518
GOPDIRCT_W29,low,0.9954074599540745,Steered N=20,0.8666008995250569,0.1288065604290176
GOPDIRCT_W29,high,0.33871518120839716,Steered N=20,0.8631342685599692,-0.524419087351572
HOOD_NHISB_W29,low,1.043023044378958,Steered N=20,1.4682733206218357,-0.4252502762428776
HOOD_NHISB_W29,high,0.5685074806668313,Steered N=20,2.0025967233032618,-1.4340892426364305
LOCALELECT_W29,low,1.3395414866045852,Steered N=20,0.6344107494167093,0.7051307371878759
LOCALELECT_W29,high,0.40188363401883603,Steered N=20,1.3099163430991632,-0.9080327090803271
MAN1A_W29,low,0.7618734246491021,Steered N=20,0.4765398639676138,0.28533356068148835
MAN1A_W29,high,0.32534423999999995,Steered N=20,0.5632699139676137,-0.23792567396761377
MAN1B_W29,low,0.5961668590032364,Steered N=20,0.4582561687944937,0.1379106902087427
MAN1B_W29,high,1.1281854018123352,Steered N=20,0.2483141710312822,0.879871230781053
MAN1C_W29,low,0.339040966053645,Steered N=20,0.8172429935098655,-0.47820202745622054
MAN1C_W29,high,1.0008282039312968,Steered N=20,0.43497904228609746,0.5658491616451993
MAN1D_W29,low,0.4890723918823084,Steered N=20,0.8015052481827828,-0.3124328563004744
MAN1D_W29,high,0.7545264846046587,Steered N=20,0.6137200227343736,0.140806461870285
MAN1E_W29,low,0.3869663861303362,Steered N=20,0.74375103256249,-0.3567846464321538
MAN1E_W29,high,0.3561336506159473,Steered N=20,0.5051143635442241,-0.1489807129282768
MASC2_W29,low,0.4581652930281428,Steered N=20,1.412732679434746,-0.9545673864066031
MASC2_W29,high,0.5201678091499016,Steered N=20,1.4844555794347458,-0.9642877702848442
S12_W29,low,0.934015644029118,Steered N=20,1.0546763849584426,-0.12066074092932466
S12_W29,high,1.8564221800000005,Steered N=20,1.6471914336701379,0.2092307463298626
S13_W29,low,0.7219527424875899,Steered N=20,1.9028299383591756,-1.1808771958715858
S13_W29,high,1.4430126991562318,Steered N=20,2.0874768652267903,-0.6444641660705586
SEENFEM_W29,low,0.40254448321010483,Steered N=20,0.8415548145495213,-0.43901033133941647
SEENFEM_W29,high,0.2492178902007777,Steered N=20,0.7506193145495214,-0.5014014243487437
SEENMASC_W29,low,0.6825859431741406,Steered N=20,0.4654180132923619,0.2171679298817787
SEENMASC_W29,high,0.4599885377561682,Steered N=20,0.4972989960545579,-0.03731045829838969
TALK_CPS_W29,low,1.4795687699999993,Steered N=20,0.8413356023144112,0.6382331676855881
TALK_CPS_W29,high,0.72821413,Steered N=20,1.0081003793048786,-0.2798862493048786
WORRYBILL_W29,low,0.8912521514744749,Steered N=20,0.9540988397839552,-0.06284668830948026
WORRYBILL_W29,high,0.7953366576229406,Steered N=20,0.5288422699535994,0.2664943876693412
CLASS_W32,low,2.613341037570583,Steered N=20,0.7175264530420825,1.8958145845285004
CLASS_W32,high,0.922357801906121,Steered N=20,0.60619100787618,0.3161667940299411
COMMIMPA_W32,low,1.105936594185376,Steered N=20,0.5757115023424748,0.5302250918429012
COMMIMPA_W32,high,0.41801512464027135,Steered N=20,0.6047698855411118,-0.18675476090084042
COMMIMPB_W32,low,0.530737471124043,Steered N=20,0.3385713884556586,0.19216608266838442
COMMIMPB_W32,high,0.7963030790251953,Steered N=20,0.3226877884556586,0.47361529056953666
COMMIMPC_W32,low,1.1041837816234739,Steered N=20,0.8378333967290258,0.26635038489444807
COMMIMPC_W32,high,0.16913057067251805,Steered N=20,0.9218352765305291,-0.7527047058580111
COMMIMPF_W32,low,0.7898921691688795,Steered N=20,0.5642937129235306,0.2255984562453489
COMMIMPF_W32,high,0.39324663476830796,Steered N=20,0.5953102329235306,-0.20206359815522262
COMMIMPG_W32,low,0.8047147758488703,Steered N=20,0.6695094300000001,0.13520534584887023
COMMIMPG_W32,high,0.46386485875380934,Steered N=20,0.6643714952124676,-0.2005066364586583
COMMIMPH_W32,low,1.031384732263147,Steered N=20,0.8408597694893232,0.1905249627738239
COMMIMPH_W32,high,0.37406858526929465,Steered N=20,0.6494569652439894,-0.2753883799746948
COMMYRS_W32,low,1.3805350131139358,Steered N=20,1.0417212879798896,0.3388137251340462
COMMYRS_W32,high,0.7238044119541657,Steered N=20,0.898862277623674,-0.17505786566950832
ETHNCMAJ_W32,low,0.2114473685856601,Steered N=20,0.09955660791499678,0.11189076067066332
ETHNCMAJ_W32,high,0.19664366491986862,Steered N=20,0.06091634576506366,0.13572731915480496
GAYMARR2_W32,low,0.5039266388642257,Steered N=20,0.49034480114034223,0.013581837723883494
GAYMARR2_W32,high,0.3954224130549393,Steered N=20,0.7166355419232661,-0.32121312886832676
HARASS2F1_W32,low,0.37138712876442087,Steered N=20,0.11352220644268525,0.25786492232173563
HARASS2F1_W32,high,0.1487398382331804,Steered N=20,0.03236647719384128,0.11637336103933912
IMMIMPACT_W32,low,0.1924321757391946,Steered N=20,0.13702655028756622,0.05540562545162839
IMMIMPACT_W32,high,0.06888115924716443,Steered N=20,0.19476951819608807,-0.12588835894892364
MOVERURAL_W32,low,0.8746732959769392,Steered N=20,0.22655006333881234,0.6481232326381269
MOVERURAL_W32,high,0.19434083876676733,Steered N=20,0.23938529089910732,-0.045044452132339985
MOVESUBURB_W32,low,0.8758325540886494,Steered N=20,0.3241749992869186,0.5516575548017307
MOVESUBURB_W32,high,0.0930038800000001,Steered N=20,0.3452819396377574,-0.2522780596377573
MOVEURBAN_W32,low,1.0833386952008337,Steered N=20,0.37459281966782443,0.7087458755330093
MOVEURBAN_W32,high,0.14776262733894174,Steered N=20,0.4313394256866058,-0.2835767983476641
NEIGHINTERA_W32,low,1.871332084328998,Steered N=20,0.4695435356177722,1.4017885487112258
NEIGHINTERA_W32,high,0.5080901531356723,Steered N=20,0.487454449835133,0.02063570330053932
NEIGHINTERB_W32,low,3.4322294091927708,Steered N=20,1.7531291096065869,1.679100299586184
NEIGHINTERB_W32,high,1.5712740087381556,Steered N=20,2.086843158344742,-0.5155691496065866
NEIGHKIDS_W32,low,0.37689760265227007,Steered N=20,0.35318877883771105,0.02370882381455902
NEIGHKIDS_W32,high,0.2767334879562071,Steered N=20,0.24505252883771103,0.03168095911849608
NEIGHSAMEA_W32,low,0.49543983455100216,Steered N=20,0.8440973819688463,-0.34865754741784416
NEIGHSAMEA_W32,high,0.5726025559619189,Steered N=20,1.1658512982334468,-0.5932487422715279
SATLIFED_W32,low,0.7463516121651107,Steered N=20,0.6624879377224961,0.08386367444261456
SATLIFED_W32,high,0.5746131367652842,Steered N=20,0.796740600434219,-0.22212746366893477
SOCTRUST2_W32,low,0.25963963,Steered N=20,0.2142139819317569,0.04542564806824312
SOCTRUST2_W32,high,0.06871334436817178,Steered N=20,0.4746176119317569,-0.4059042675635851
VALUERURAL_W32,low,1.0464935008399765,Steered N=20,0.5573433096296921,0.48915019121028436
VALUERURAL_W32,high,0.1749001491349455,Steered N=20,0.5348017396296922,-0.35990159049474674
WHADVANT_W32,low,0.2775648228680716,Steered N=20,0.6866556418043197,-0.4090908189362481
WHADVANT_W32,high,0.1893474730882605,Steered N=20,0.6733020318043197,-0.4839545587160592
WILLMOVE_W32,low,1.0590884497649837,Steered N=20,1.3827327387798176,-0.3236442890148339
WILLMOVE_W32,high,0.27046983513273903,Steered N=20,1.3964128224287353,-1.1259429872959963
EAT1_W34,low,1.4823960680275223,Steered N=20,0.7196750460834848,0.7627210219440376
EAT1_W34,high,0.6677975712025568,Steered N=20,1.0102473860834849,-0.34244981488092807
EAT2_W34,low,1.3620566112945058,Steered N=20,0.9959068875110901,0.3661497237834157
EAT2_W34,high,0.45346425634679866,Steered N=20,0.7542544992514354,-0.30079024290463674
EAT5B_W34,low,0.3118403455504927,Steered N=20,0.373864602206104,-0.06202425665561129
EAT5B_W34,high,0.39200744216650973,Steered N=20,0.42993773972519733,-0.0379302975586876
EAT5C_W34,low,0.5924361026736255,Steered N=20,0.3050386557647713,0.28739744690885416
EAT5C_W34,high,0.5660841900000001,Steered N=20,0.31317340576477115,0.25291078423522895
EAT5D_W34,low,0.48786206853716213,Steered N=20,0.3917829128601109,0.09607915567705122
EAT5D_W34,high,0.4471705534301602,Steered N=20,0.49985935654256597,-0.05268880311240576
EVOBIOA_W34,low,0.29533845036266715,Steered N=20,0.2767722376004099,0.018566212762257228
EVOBIOA_W34,high,0.19910128534540372,Steered N=20,0.008304657600409882,0.19079662774499384
EVOBIOB_W34,low,0.3661300309630213,Steered N=20,0.36295319000000004,0.003176840963021288
EVOBIOB_W34,high,0.08704993767677816,Steered N=20,0.16793347999999997,-0.08088354232322181
EVOPERS3_W34,low,0.8537101002231754,Steered N=20,0.4367878578096068,0.41692224241356857
EVOPERS3_W34,high,0.26253379457354403,Steered N=20,0.3847715474768579,-0.12223775290331385
EVOTHREE_W34,low,0.1577300697913635,Steered N=20,0.001606870000000038,0.15612319979136347
EVOTHREE_W34,high,0.21184322511263864,Steered N=20,0.10774671000000002,0.10409651511263862
FUD22_W34,low,1.6810132896851304,Steered N=20,0.7445208217730707,0.9364924679120598
FUD22_W34,high,0.08941958889984594,Steered N=20,0.751552750650436,-0.6621331617505901
FUD24_W34,low,0.25054131032197335,Steered N=20,0.012156302678282827,0.23838500764369053
FUD24_W34,high,0.11659209136587667,Steered N=20,0.05042315010831974,0.06616894125755693
FUD33B_W34,low,0.42941027886177396,Steered N=20,0.17208028450418694,0.257329994357587
FUD33B_W34,high,0.34464121158597605,Steered N=20,0.22271162123549007,0.12192959035048598
FUD35_W34,low,1.0300078064039524,Steered N=20,0.7712873699999999,0.2587204364039525
FUD35_W34,high,0.21267756067038296,Steered N=20,0.832086822854972,-0.619409262184589
FUD37A_W34,low,1.1792865112646314,Steered N=20,0.9010057968302457,0.2782807144343856
FUD37A_W34,high,0.15143969000000007,Steered N=20,0.7112469138202474,-0.5598072238202474
FUD37B_W34,low,0.7657027538673296,Steered N=20,0.48262466073193583,0.2830780931353937
FUD37B_W34,high,0.5739077579118675,Steered N=20,0.3252002999999999,0.24870745791186766
FUD37C_W34,low,1.0371860354192481,Steered N=20,0.5416194304516043,0.4955666049676438
FUD37C_W34,high,0.4727127143037724,Steered N=20,0.7835466600424921,-0.3108339457387197
BETTERBIZ1F2D_W36,low,0.25641309,Steered N=20,0.08183622275936754,0.17457686724063248
BETTERBIZ1F2D_W36,high,0.2974437981011622,Steered N=20,0.09406875793899618,0.20337504016216607
BETTERBIZ1F2E_W36,low,0.19039713950619902,Steered N=20,0.06319457,0.12720256950619901
BETTERBIZ1F2E_W36,high,0.18975922423829042,Steered N=20,0.15308994499999998,0.03666927923829044
BETTERBIZ1F2H_W36,low,0.24799841927827912,Steered N=20,0.029669596004223392,0.21832882327405573
BETTERBIZ1F2H_W36,high,0.26199504333863766,Steered N=20,0.07640866499999999,0.18558637833863767
BETTERBIZ2F2C_W36,low,0.26767174198135085,Steered N=20,0.029213599991917222,0.23845814198943363
BETTERBIZ2F2C_W36,high,0.2991423743567982,Steered N=20,0.05474808500808275,0.24439428934871543
BETTERBIZ2F2E_W36,low,0.2970386422459683,Steered N=20,0.06957138523655151,0.2274672570094168
BETTERBIZ2F2E_W36,high,0.2978007051098169,Steered N=20,0.06698152482434516,0.23081918028547171
BETTERBIZ2F2F_W36,low,0.22101640464518707,Steered N=20,0.20855110354245615,0.012465301102730919
BETTERBIZ2F2F_W36,high,0.1816448738621339,Steered N=20,0.16986703354245622,0.011777840319677685
BETTERPOL1F1B_W36,low,0.23394024035560051,Steered N=20,0.25821616425464555,-0.024275923899045038
BETTERPOL1F1B_W36,high,0.6347786206797461,Steered N=20,0.3251969642546455,0.3095816564251006
BETTERPOL1F1E_W36,low,0.20863952103110425,Steered N=20,0.10037125166368918,0.10826826936741507
BETTERPOL1F1E_W36,high,0.1926985942173449,Steered N=20,0.1363972316636892,0.0563013625536557
BETTERPOL1F1I_W36,low,0.3177485435925946,Steered N=20,0.2197096328649184,0.09803891072767618
BETTERPOL1F1I_W36,high,0.5585052529497738,Steered N=20,0.24869557786491842,0.3098096750848554
BETTERPOL2F1A_W36,low,0.27321450112778123,Steered N=20,0.08886845999999995,0.18434604112778127
BETTERPOL2F1A_W36,high,0.32297764514297955,Steered N=20,0.027717411092453847,0.2952602340505257
BETTERPOL2F1C_W36,low,0.21535454027913314,Steered N=20,0.10269330083224425,0.1126612394468889
BETTERPOL2F1C_W36,high,0.3785622780380683,Steered N=20,0.10249693083224426,0.27606534720582404
BETTERPOL2F1D_W36,low,0.21272096922248945,Steered N=20,0.13036677952954345,0.082354189692946
BETTERPOL2F1D_W36,high,0.2361347242925598,Steered N=20,0.11038559599985347,0.12574912829270635
BETTERPOL2F1F_W36,low,0.23220481336746415,Steered N=20,0.12778491730096986,0.1044198960664943
BETTERPOL2F1F_W36,high,0.32570132972372834,Steered N=20,0.12117044736711459,0.20453088235661376
E5_W36,low,0.8829743900000001,Steered N=20,0.12714406947016665,0.7558303205298335
E5_W36,high,0.45882386848537104,Steered N=20,0.35291041944574175,0.10591344903962929
ESSENBIZF2E_W36,low,0.5814988506770439,Steered N=20,0.51499763,0.06650122067704389
ESSENBIZF2E_W36,high,0.47326652592417306,Steered N=20,0.4289918348989086,0.04427469102526449
ESSENBIZF2J_W36,low,0.2533467945335416,Steered N=20,0.2589437311921544,-0.005596936658612828
ESSENBIZF2J_W36,high,0.43245143992583174,Steered N=20,0.43202478119215443,0.0004266587336773098
ESSENPOLF1A_W36,low,0.16522657313908162,Steered N=20,0.05317326922363541,0.11205330391544621
ESSENPOLF1A_W36,high,0.8672216675908637,Steered N=20,0.1758873045672218,0.6913343630236419
ESSENPOLF1B_W36,low,0.40103681673815017,Steered N=20,0.18666894903016118,0.214367867707989
ESSENPOLF1B_W36,high,0.5352973446470267,Steered N=20,0.30684563563842526,0.22845170900860146
ESSENPOLF1D_W36,low,0.3161823704236789,Steered N=20,0.17350238000000007,0.14267999042367885
ESSENPOLF1D_W36,high,0.9249540609196921,Steered N=20,0.13516645000000005,0.7897876109196921
ESSENPOLF1G_W36,low,0.5976986567509921,Steered N=20,0.45170548956610096,0.14599316718489114
ESSENPOLF1G_W36,high,0.40154678204580796,Steered N=20,0.44147172956610103,-0.039924947520293075
ESSENPOLF1H_W36,low,0.34509775518657126,Steered N=20,0.17548547999999997,0.1696122751865713
ESSENPOLF1H_W36,high,0.411709352402993,Steered N=20,0.2915601200000001,0.12014923240299291
HIGHEDWRNGB_W36,low,0.6789542772298652,Steered N=20,0.3152783105431629,0.3636759666867023
HIGHEDWRNGB_W36,high,0.34503417081119825,Steered N=20,0.1437006205431629,0.20133355026803534
HIGHEDWRNGC_W36,low,0.536896517116294,Steered N=20,0.581615304205181,-0.04471878708888699
HIGHEDWRNGC_W36,high,0.473237306698012,Steered N=20,0.6775201179547345,-0.20428281125672254
IMPROVE1_W36,low,0.6494788999999999,Steered N=20,0.5109616086434904,0.13851729135650948
IMPROVE1_W36,high,0.045443923785373375,Steered N=20,0.6107622587503643,-0.5653183349649908
IMPROVE2_W36,low,0.47870215826133755,Steered N=20,1.1384076904723148,-0.6597055322109773
IMPROVE2_W36,high,0.7312876841127227,Steered N=20,1.039460440472315,-0.3081727563595922
IMPROVE3_W36,low,0.6964117462814097,Steered N=20,0.4817890011497397,0.21462274513166996
IMPROVE3_W36,high,0.2209938724608898,Steered N=20,0.6170379893248115,-0.39604411686392166
MOREWMN1F2_W36,low,0.18178467699480683,Steered N=20,0.05334789070438245,0.12843678629042438
MOREWMN1F2_W36,high,0.49693670481334945,Steered N=20,0.10824637747410987,0.3886903273392396
POLCHF1_W36,low,0.23082037404253158,Steered N=20,1.0286130979012587,-0.797792723858727
POLCHF1_W36,high,0.07736861592053035,Steered N=20,1.3654232199999998,-1.2880546040794694
TRAITBIZMF2C_W36,low,0.10488698958097092,Steered N=20,0.20713441000000005,-0.10224742041902912
TRAITBIZMF2C_W36,high,0.3237859956645721,Steered N=20,0.38180681,-0.058020814335427884
TRAITBIZMF2D_W36,low,0.1567502651652654,Steered N=20,0.25720761000000003,-0.10045734483473462
TRAITBIZMF2D_W36,high,0.24479832699818346,Steered N=20,0.29943742789778305,-0.054639100899599585
TRAITBIZMF2E_W36,low,0.14073125000000003,Steered N=20,0.3019403719483564,-0.16120912194835635
TRAITBIZMF2E_W36,high,0.339678245,Steered N=20,0.45778235694835634,-0.11810411194835635
TRAITBIZMF2G_W36,low,0.19790168534409022,Steered N=20,0.19006291499999997,0.007838770344090251
TRAITBIZMF2G_W36,high,0.09686516998509132,Steered N=20,0.33139915500000006,-0.23453398501490874
TRAITBIZWF2C_W36,low,0.06577205256290941,Steered N=20,0.2481091119183506,-0.1823370593554412
TRAITBIZWF2C_W36,high,0.04009763366885166,Steered N=20,0.25497016191835065,-0.21487252824949898
TRAITBIZWF2D_W36,low,0.12107341228089763,Steered N=20,0.24748411377582813,-0.1264107014949305
TRAITBIZWF2D_W36,high,0.061053244525950456,Steered N=20,0.26773221718800194,-0.20667897266205149
TRAITBIZWF2E_W36,low,0.14050706547426897,Steered N=20,0.28177970512396566,-0.1412726396496967
TRAITBIZWF2E_W36,high,0.06927478270091059,Steered N=20,0.3369945501239657,-0.2677197674230551
TRAITBIZWF2G_W36,low,0.4286770402387662,Steered N=20,0.3063380231199855,0.1223390171187807
TRAITBIZWF2G_W36,high,0.07785198000000004,Steered N=20,0.3645850545308006,-0.28673307453080055
TRAITPOLMF1B_W36,low,0.22336431452192376,Steered N=20,0.07747952450339146,0.1458847900185323
TRAITPOLMF1B_W36,high,0.11481069327573748,Steered N=20,0.10871592309289438,0.006094770182843101
TRAITPOLMF1C_W36,low,0.12740197547862342,Steered N=20,0.181619659859976,-0.05421768438135258
TRAITPOLMF1C_W36,high,0.29423052535054406,Steered N=20,0.2699712607434921,0.024259264607051967
TRAITPOLMF1D_W36,low,0.15774296037185342,Steered N=20,0.17468228440098726,-0.01693932402913384
TRAITPOLMF1D_W36,high,0.32369385577064125,Steered N=20,0.23935721440098734,0.08433664136965391
TRAITPOLMF1E_W36,low,0.15468597500000003,Steered N=20,0.21084039813737465,-0.05615442313737462
TRAITPOLMF1E_W36,high,0.31255768500000003,Steered N=20,0.3692939381373746,-0.05673625313737457
TRAITPOLMF1F_W36,low,0.37629081643049517,Steered N=20,0.05405516251217039,0.32223565391832476
TRAITPOLMF1F_W36,high,0.19720527,Steered N=20,0.09181043751217038,0.1053948324878296
TRAITPOLMF1G_W36,low,0.22974764111752843,Steered N=20,0.15684096028495959,0.07290668083256885
TRAITPOLMF1G_W36,high,0.0653356382697673,Steered N=20,0.2991169202849596,-0.23378128201519233
TRAITPOLWF1A_W36,low,0.11160583279914377,Steered N=20,0.21568700680131114,-0.10408117400216738
TRAITPOLWF1A_W36,high,0.13610611349158025,Steered N=20,0.2530754456923278,-0.11696933220074757
TRAITPOLWF1C_W36,low,0.11787814149549153,Steered N=20,0.13448911879218092,-0.016610977296689394
TRAITPOLWF1C_W36,high,0.010099305210215626,Steered N=20,0.14732568336982413,-0.1372263781596085
TRAITPOLWF1D_W36,low,0.09722755037932101,Steered N=20,0.23385613738031585,-0.13662858700099484
TRAITPOLWF1D_W36,high,0.22968651298813902,Steered N=20,0.301845248247919,-0.07215873525977995
TRAITPOLWF1E_W36,low,0.0992364065356173,Steered N=20,0.27314881885168696,-0.17391241231606966
TRAITPOLWF1E_W36,high,0.1340096621531131,Steered N=20,0.3299403822665401,-0.195930720113427
TRAITPOLWF1F_W36,low,0.08531384281696267,Steered N=20,0.31068587667881076,-0.2253720338618481
TRAITPOLWF1F_W36,high,0.43219194262731786,Steered N=20,0.3297310466788107,0.10246089594850716
TRAITPOLWF1G_W36,low,0.4103634016293334,Steered N=20,0.24074440972137792,0.16961899190795546
TRAITPOLWF1G_W36,high,0.03577076138661728,Steered N=20,0.320493714721378,-0.2847229533347607
WHYNOTBIZF2A_W36,low,0.26242042182194136,Steered N=20,1.0341323628385757,-0.7717119410166343
WHYNOTBIZF2A_W36,high,0.34018027241524046,Steered N=20,0.8700995428385757,-0.5299192704233353
WHYNOTBIZF2B_W36,low,0.2598437001336389,Steered N=20,1.0341770842299383,-0.7743333840962994
WHYNOTBIZF2B_W36,high,0.29821131680053575,Steered N=20,0.8587814542299383,-0.5605701374294025
WHYNOTBIZF2D_W36,low,0.65462317,Steered N=20,0.311421804210963,0.34320136578903704
WHYNOTBIZF2D_W36,high,1.175488684535147,Steered N=20,0.057428721131015464,1.1180599634041317
WHYNOTBIZF2F_W36,low,0.6604835491618203,Steered N=20,0.28166843569093936,0.3788151134708809
WHYNOTBIZF2F_W36,high,1.1190898332383927,Steered N=20,0.033734914309060664,1.0853549189293321
WHYNOTBIZF2G_W36,low,0.2347678021108091,Steered N=20,0.6706355861135505,-0.43586778400274134
WHYNOTBIZF2G_W36,high,0.6201869098620102,Steered N=20,0.5775853161135505,0.04260159374845973
WHYNOTBIZF2H_W36,low,0.26626324596052886,Steered N=20,1.1654554611072285,-0.8991922151466997
WHYNOTBIZF2H_W36,high,0.2260985188600202,Steered N=20,1.005740522911044,-0.7796420040510239
WHYNOTBIZF2J_W36,low,0.28326233248316884,Steered N=20,0.981003210189968,-0.697740877706799
WHYNOTBIZF2J_W36,high,0.7157343815485291,Steered N=20,0.9110809520415524,-0.19534657049302329
WHYNOTBIZF2M_W36,low,0.5456855090666032,Steered N=20,0.6669325203715148,-0.12124701130491167
WHYNOTBIZF2M_W36,high,0.9214402278387054,Steered N=20,0.6027440519369531,0.31869617590175225
WHYNOTBIZF2N_W36,low,0.3462669255509807,Steered N=20,0.5742653639616262,-0.2279984384106455
WHYNOTBIZF2N_W36,high,0.7674435164673228,Steered N=20,0.5773700739616263,0.19007344250569647
WHYNOTBIZF2O_W36,low,0.17860380999999992,Steered N=20,1.1905906216270623,-1.0119868116270623
WHYNOTBIZF2O_W36,high,0.4591148301850933,Steered N=20,0.866300041917125,-0.40718521173203165
WHYNOTPOLF1A_W36,low,0.1751138286232536,Steered N=20,1.1171512070319238,-0.9420373784086702
WHYNOTPOLF1A_W36,high,0.3170422048257073,Steered N=20,0.98587209,-0.6688298851742926
WHYNOTPOLF1B_W36,low,0.34607517981058367,Steered N=20,0.2690736115079887,0.07700156830259497
WHYNOTPOLF1B_W36,high,0.2592488040740829,Steered N=20,0.22133989822587885,0.037908905848204055
WHYNOTPOLF1C_W36,low,0.6519159252929065,Steered N=20,0.3954170372423901,0.25649888805051646
WHYNOTPOLF1C_W36,high,0.09773570664522252,Steered N=20,0.3835754571239743,-0.28583975047875176
WHYNOTPOLF1E_W36,low,0.7767859201362354,Steered N=20,0.7097710713479111,0.06701484878832431
WHYNOTPOLF1E_W36,high,0.5622729828558869,Steered N=20,0.5280837913479111,0.034189191507975836
WHYNOTPOLF1G_W36,low,0.7536106466952603,Steered N=20,0.4990818317710283,0.25452881492423207
WHYNOTPOLF1G_W36,high,0.2532988696983892,Steered N=20,0.39095716177102835,-0.13765829207263913
WHYNOTPOLF1I_W36,low,0.7726158773597542,Steered N=20,0.41194160501690874,0.3606742723428455
WHYNOTPOLF1I_W36,high,0.4621400538869171,Steered N=20,0.5011315150112299,-0.03899146112431279
WHYNOTPOLF1J_W36,low,0.5095385379284794,Steered N=20,0.3399155278304594,0.16962301009801994
WHYNOTPOLF1J_W36,high,0.22309799727473073,Steered N=20,0.30772401163087976,-0.08462601435614903
WHYNOTPOLF1K_W36,low,0.5846168119846921,Steered N=20,0.48402572831560214,0.10059108366908992
WHYNOTPOLF1K_W36,high,0.7843371361463303,Steered N=20,0.36290961831560226,0.421427517830728
WHYNOTPOLF1L_W36,low,0.09019049604812279,Steered N=20,1.1494512284068987,-1.059260732358776
WHYNOTPOLF1L_W36,high,0.27899313119753283,Steered N=20,0.8600417653685797,-0.5810486341710468
WMNPRZ1_W36,low,1.165258689662085,Steered N=20,1.4229495398570804,-0.2576908501949955
WMNPRZ1_W36,high,0.3320851317934721,Steered N=20,1.5740055498570802,-1.241920418063608
AUTOLKLY_W41,low,1.0706081849143252,Steered N=20,0.6071634869011695,0.4634446980131557
AUTOLKLY_W41,high,1.0872540356279328,Steered N=20,0.3253350682934662,0.7619189673344666
AUTOWKPLC_W41,low,0.20869566373477927,Steered N=20,0.2698023181631951,-0.06110665442841584
AUTOWKPLC_W41,high,0.10963616791771855,Steered N=20,0.21916728316319506,-0.10953111524547651
ETHNCMAJMOD_W41,low,0.34605514999999987,Steered N=20,1.074881665,-0.7288265150000001
ETHNCMAJMOD_W41,high,0.3546438233812619,Steered N=20,1.115741645,-0.7610978216187381
FTRWORRYc_W41,low,0.4946341164280171,Steered N=20,1.168684667380616,-0.6740505509525989
FTRWORRYc_W41,high,0.9380849545117675,Steered N=20,1.3551360918051047,-0.4170511372933372
FTRWORRYe_W41,low,0.6001707803210485,Steered N=20,0.9667112553148389,-0.3665404749937904
FTRWORRYe_W41,high,0.5482407601584177,Steered N=20,0.9780756353148391,-0.4298348751564214
FTRWORRYf_W41,low,0.5989702727010968,Steered N=20,0.5704276942874222,0.02854257841367458
FTRWORRYf_W41,high,0.3265205565799807,Steered N=20,0.4672291053194084,-0.14070854873942773
FUTRCLASSb_W41,low,0.5212208252122084,Steered N=20,0.43102457459519256,0.0901962506170158
FUTRCLASSb_W41,high,0.18450431975413176,Steered N=20,0.5179543504644902,-0.3334500307103585
FUTRCLASSc_W41,low,0.2818593018754845,Steered N=20,0.1723330655425196,0.10952623633296493
FUTRCLASSc_W41,high,0.1813532180174172,Steered N=20,0.07093496054251958,0.11041825747489761
FUTR_DIV_W41,low,0.3693044390253524,Steered N=20,0.19774865136875908,0.17155578765659335
FUTR_DIV_W41,high,0.16795046732565425,Steered N=20,0.2550962340154947,-0.08714576668984045
GOVPRIOb_W41,low,0.46401432337642134,Steered N=20,0.36745060737080326,0.09656371600561808
GOVPRIOb_W41,high,0.15271376587020247,Steered N=20,0.34083717462037133,-0.18812340875016886
GOVPRIOc_W41,low,0.2953213533511537,Steered N=20,0.21415626736147642,0.08116508598967731
GOVPRIOc_W41,high,0.06801726505319727,Steered N=20,0.2296207985962937,-0.16160353354309642
GOVPRIOe_W41,low,0.517551226113557,Steered N=20,0.4356503464025252,0.08190087971103177
GOVPRIOe_W41,high,0.30224158536632484,Steered N=20,0.39268555127933025,-0.09044396591300541
GOVPRIOfF1_W41,low,1.1608280334206573,Steered N=20,0.8048487758703722,0.35597925755028514
GOVPRIOfF1_W41,high,0.6092326089739513,Steered N=20,0.8203409427913015,-0.21110833381735028
GOVPRIOgF1_W41,low,0.38253713869859957,Steered N=20,0.5930572904205975,-0.21052015172199795
GOVPRIOgF1_W41,high,0.39039061544124143,Steered N=20,0.42863372159201946,-0.03824310615077803
GOVPRIOhF1_W41,low,0.9423570015847585,Steered N=20,0.19362714113596075,0.7487298604487977
GOVPRIOhF1_W41,high,1.3584997673721602,Steered N=20,0.18517172927569098,1.1733280380964692
GOVPRIOiF1_W41,low,0.7377731867080857,Steered N=20,0.578487205784872,0.15928598092321367
GOVPRIOiF1_W41,high,0.4451014343320071,Steered N=20,0.6117650708002347,-0.16666363646822757
GOVPRIOjF1_W41,low,0.5597472917107591,Steered N=20,0.8453594650067552,-0.2856121732959961
GOVPRIOjF1_W41,high,0.4788730147209334,Steered N=20,0.43846673411519965,0.04040628060573376
GOVPRIOkF2_W41,low,0.9133192421032628,Steered N=20,1.0591772861655235,-0.14585804406226077
GOVPRIOkF2_W41,high,0.6432829435671706,Steered N=20,0.8454201714707084,-0.20213722790353772
GOVPRIOlF2_W41,low,0.44545698962299407,Steered N=20,0.7966070820339293,-0.3511500924109352
GOVPRIOlF2_W41,high,0.5110925659326522,Steered N=20,0.6139986603145491,-0.1029060943818969
GOVPRIOmF2_W41,low,0.41510869889791746,Steered N=20,0.5378295706314653,-0.12272087173354784
GOVPRIOmF2_W41,high,0.2801166519832059,Steered N=20,0.4806641610138723,-0.20054750903066643
GOVPRIOnF2_W41,low,1.37988949,Steered N=20,0.3101225099011141,1.069766980098886
GOVPRIOnF2_W41,high,1.3981036057379652,Steered N=20,0.8908723566099896,0.5072312491279756
GOVPRIOoF2_W41,low,0.5646489270943711,Steered N=20,0.38818990728203173,0.17645901981233936
GOVPRIOoF2_W41,high,0.2952635608317039,Steered N=20,0.36606513625269366,-0.07080157542098975
HAPPEN2b_W41,low,0.44895151999999994,Steered N=20,0.3813113032333013,0.06764021676669862
HAPPEN2b_W41,high,0.4641193647631269,Steered N=20,0.22417155106391645,0.23994781369921042
HAPPEN2f_W41,low,0.5026295567627501,Steered N=20,0.5057219943263619,-0.003092437563611772
HAPPEN2f_W41,high,0.6203306883889127,Steered N=20,0.6817999004659892,-0.06146921207707645
HARASS1F1b_W41,low,0.12521405356673004,Steered N=20,1.1383116097821209,-1.0130975562153908
HARASS1F1b_W41,high,0.35310569621375126,Steered N=20,0.7261673797821209,-0.3730616835683696
HARASS1F1d_W41,low,0.13869938306690133,Steered N=20,0.7158831234753715,-0.5771837404084702
HARASS1F1d_W41,high,0.1321234880105956,Steered N=20,0.6424456034753714,-0.5103221154647758
HARASS1NOWRKF2d_W41,low,0.06505947253602395,Steered N=20,0.3592279151140825,-0.2941684425780585
HARASS1NOWRKF2d_W41,high,0.08660383355476409,Steered N=20,0.26146274020969607,-0.17485890665493198
HARASS3NOWRKF2_W41,low,0.3183471852341027,Steered N=20,0.19768509710143506,0.12066208813266766
HARASS3NOWRKF2_W41,high,0.5117961385348293,Steered N=20,0.25885573710143506,0.25294040143339425
INTRMAR_W41,low,0.7094112220941121,Steered N=20,0.4950100850920902,0.2144011370020219
INTRMAR_W41,high,0.3957403866341216,Steered N=20,0.5006007596313387,-0.10486037299721707
LEGALIMG_W41,low,0.7813093058943371,Steered N=20,0.3812529220533711,0.40005638384096603
LEGALIMG_W41,high,0.2026383586718617,Steered N=20,0.31831031706357876,-0.11567195839171707
SOLVPROBa_W41,low,0.6426489463582375,Steered N=20,0.42755222048611996,0.2150967258721176
SOLVPROBa_W41,high,0.45888913977021917,Steered N=20,0.3823943304861199,0.07649480928409924
SOLVPROBb_W41,low,1.2769637329321806,Steered N=20,0.34801443405847277,0.9289492988737078
SOLVPROBb_W41,high,0.5835004567240627,Steered N=20,0.5096164771741285,0.0738839795499342
SOLVPROBc_W41,low,0.9438247787227155,Steered N=20,0.4742508518817048,0.46957392684101074
SOLVPROBc_W41,high,0.4776679162093489,Steered N=20,0.40722348188170476,0.07044443432764413
SOLVPROBdF1_W41,low,0.9151032683432647,Steered N=20,0.3681774460795378,0.546925822263727
SOLVPROBdF1_W41,high,0.5545415447449595,Steered N=20,0.5196428648773159,0.03489867986764361
SOLVPROBf_W41,low,1.2416770623296225,Steered N=20,0.361189675655218,0.8804873866744045
SOLVPROBf_W41,high,0.4144402673670487,Steered N=20,0.37637080581456955,0.038069461552479145
SOLVPROBg_W41,low,0.46951373960338705,Steered N=20,1.0249228797507715,-0.5554091401473844
SOLVPROBg_W41,high,0.4002534617030831,Steered N=20,0.8973312954549926,-0.49707783375190945
SOLVPROBh_W41,low,0.8044488642325265,Steered N=20,0.44191370999999985,0.36253515423252664
SOLVPROBh_W41,high,0.23433450485655144,Steered N=20,0.4137302999999999,-0.17939579514344844
CONFb_W42,low,1.3116511580086547,Steered N=20,0.43243401432434014,0.8792171436843146
CONFb_W42,high,0.512427231645677,Steered N=20,0.45763210235338403,0.05479512929229302
CONFc_W42,low,0.706697798721105,Steered N=20,1.036311009429786,-0.329613210708681
CONFc_W42,high,0.35259763061566807,Steered N=20,1.1392952709177746,-0.7866976403021065
CONFe_W42,low,1.17530945514438,Steered N=20,0.8224569686936506,0.3528524864507293
CONFe_W42,high,0.2124414308855579,Steered N=20,0.8663672256831529,-0.653925794797595
CONFg_W42,low,1.278255175854727,Steered N=20,0.7334815986652439,0.544773577189483
CONFg_W42,high,0.4804027243607343,Steered N=20,0.7946309586652439,-0.31422823430450963
PQ4_F2Aa_W42,low,0.5155868640606673,Steered N=20,0.6242883120010636,-0.10870144794039627
PQ4_F2Aa_W42,high,0.6960343411715672,Steered N=20,1.0288510220010634,-0.3328166808294962
PQ4_F2Ac_W42,low,1.3109693612927007,Steered N=20,0.5536665438814232,0.7573028174112775
PQ4_F2Ac_W42,high,0.36583650619429686,Steered N=20,0.5572913405420059,-0.19145483434770905
PQ4_F2Ae_W42,low,0.6635976144922109,Steered N=20,0.4025257055142116,0.2610719089779993
PQ4_F2Ae_W42,high,0.7665217100000001,Steered N=20,0.6382460116488291,0.12827569835117103
PQ4_F2Bb_W42,low,0.8036993761212466,Steered N=20,0.6866286661708068,0.11707070995043989
PQ4_F2Bb_W42,high,0.38984360643289806,Steered N=20,0.77613400197839,-0.38629039554549194
PQ4_F2Bc_W42,low,1.2679318407085258,Steered N=20,0.5431489131786171,0.7247829275299087
PQ4_F2Bc_W42,high,0.41207752399843833,Steered N=20,0.5922456488454692,-0.18016812484703082
PQ4_F2Bd_W42,low,1.0721147600000003,Steered N=20,0.5363182131065966,0.5357965468934037
PQ4_F2Bd_W42,high,0.44027890440278894,Steered N=20,0.6575311481286098,-0.21725224372582086
PQ4_F2Cc_W42,low,1.1670522060770507,Steered N=20,0.5774993883315497,0.5895528177455011
PQ4_F2Cc_W42,high,0.3596014626989097,Steered N=20,0.6806330444174171,-0.32103158171850743
PQ8_F2B_W42,low,0.8209206948159569,Steered N=20,0.9869275715352483,-0.16600687671929149
PQ8_F2B_W42,high,0.6071331261529582,Steered N=20,0.7620819150800939,-0.1549487889271357
RQ1_F1B_W42,low,0.28845613051088503,Steered N=20,0.1416350494871198,0.14682108102376523
RQ1_F1B_W42,high,0.23609906499999994,Steered N=20,0.05600896948711981,0.18009009551288013
RQ1_F1C_W42,low,0.26713616660347134,Steered N=20,0.04265797293694934,0.224478193666522
RQ1_F1C_W42,high,0.2021681700625132,Steered N=20,0.04143703331824822,0.16073113674426498
RQ2_F1A_W42,low,0.9959098763497388,Steered N=20,0.158697174291846,0.8372127020578928
RQ2_F1A_W42,high,0.2600967220256055,Steered N=20,0.07464603570815406,0.18545068631745146
RQ4_F1Ab_W42,low,0.7838789812951565,Steered N=20,0.629019071653502,0.15485990964165453
RQ4_F1Ab_W42,high,0.39203264461998344,Steered N=20,0.8107722139581389,-0.4187395693381555
RQ4_F1Ae_W42,low,0.837244091016909,Steered N=20,0.4106139712568549,0.4266301197600541
RQ4_F1Ae_W42,high,0.3896538312549491,Steered N=20,0.48841744655223124,-0.09876361529728211
RQ4_F1Ba_W42,low,0.602279006263993,Steered N=20,0.7088614317211271,-0.10658242545713414
RQ4_F1Ba_W42,high,0.3851606214674058,Steered N=20,0.9000844017211274,-0.5149237802537215
RQ4_F1Bc_W42,low,1.2429469554961434,Steered N=20,0.803007644962375,0.43993931053376845
RQ4_F1Bc_W42,high,0.4365624198539592,Steered N=20,0.7719070832645398,-0.3353446634105806
RQ4_F1Bd_W42,low,1.0772948292270517,Steered N=20,0.5571652128303889,0.5201296163966628
RQ4_F1Bd_W42,high,0.38836951853129564,Steered N=20,0.5994182568040818,-0.21104873827278614
RQ4_F1Be_W42,low,0.8388874105639498,Steered N=20,0.38974039018532036,0.4491470203786294
RQ4_F1Be_W42,high,0.2896963730299755,Steered N=20,0.37216352018532023,-0.08246714715534476
RQ4_F1Ca_W42,low,0.6312494472085616,Steered N=20,0.8377499199999999,-0.20650047279143835
RQ4_F1Ca_W42,high,0.5793235992741113,Steered N=20,0.90816077,-0.3288371707258887
RQ4_F1Cb_W42,low,0.8737401642928291,Steered N=20,0.5995285794837417,0.27421158480908736
RQ4_F1Cb_W42,high,0.4332194145828598,Steered N=20,0.6531658194837417,-0.21994640490088196
RQ4_F1Cd_W42,low,1.1427892899999992,Steered N=20,0.42539342914655953,0.7173958608534396
RQ4_F1Cd_W42,high,0.5290535587203451,Steered N=20,0.44137620914655945,0.08767734957378565
RQ5_F1B_W42,low,1.2681659117208173,Steered N=20,0.5670718621738304,0.7010940495469868
RQ5_F1B_W42,high,0.65482075,Steered N=20,0.5919698342255032,0.06285091577449675
RQ5_F1C_W42,low,1.1000123232814953,Steered N=20,0.9038791800387683,0.19613314324272701
RQ5_F1C_W42,high,0.5976393459756163,Steered N=20,0.7844732431001644,-0.18683389712454812
IDIMPORT_W43,low,0.5205644717839721,Steered N=20,0.7757067899999999,-0.25514231821602773
IDIMPORT_W43,high,0.7017927892287291,Steered N=20,0.6328161199999999,0.06897666922872925
RACESURV13_W43,low,0.42093952585579897,Steered N=20,0.7266159394026792,-0.30567641354688024
RACESURV13_W43,high,0.37046152901080087,Steered N=20,0.8917765286191052,-0.5213149996083043
RACESURV14_W43,low,0.761381433610127,Steered N=20,0.26445667264456674,0.49692476096556026
RACESURV14_W43,high,1.2772528767168,Steered N=20,0.31215774289975845,0.9650951338170417
RACESURV15a_W43,low,0.1893487072437578,Steered N=20,0.2606330863442897,-0.07128437910053192
RACESURV15a_W43,high,0.04203353999999998,Steered N=20,0.3115523241005319,-0.2695187841005319
RACESURV15b_W43,low,0.09464428363419322,Steered N=20,0.27659167379052596,-0.18194739015633274
RACESURV15b_W43,high,0.07827876281065338,Steered N=20,0.302335893790526,-0.22405713097987262
RACESURV17_W43,low,0.9882496546967047,Steered N=20,0.4522368338513932,0.5360128208453114
RACESURV17_W43,high,0.2440807388350018,Steered N=20,0.49326117385139323,-0.24918043501639142
RACESURV18b_W43,low,0.624926008676321,Steered N=20,0.7251200188765178,-0.1001940102001968
RACESURV18b_W43,high,0.8051671540590382,Steered N=20,0.6407039371147206,0.16446321694431754
RACESURV18f_W43,low,0.6847532992424682,Steered N=20,0.7833823215885554,-0.09862902234608717
RACESURV18f_W43,high,0.6301166276717242,Steered N=20,0.735158031106312,-0.10504140343458779
RACESURV19a_W43,low,0.11897896349858966,Steered N=20,0.8637708406920142,-0.7447918771934245
RACESURV19a_W43,high,0.21702492333370382,Steered N=20,0.8518824254992776,-0.6348575021655738
RACESURV19c_W43,low,0.22057475835107637,Steered N=20,0.7074723446025036,-0.48689758625142726
RACESURV19c_W43,high,0.15784515681581968,Steered N=20,0.8704129146025035,-0.7125677577866838
RACESURV19e_W43,low,0.23990611471218076,Steered N=20,0.7125330838609951,-0.47262696914881436
RACESURV19e_W43,high,0.2966619297370242,Steered N=20,0.6925881174190441,-0.3959261876820199
RACESURV1b_W43,low,0.4663673321871439,Steered N=20,0.2858081354587616,0.18055919672838228
RACESURV1b_W43,high,0.14822124433672632,Steered N=20,0.2516157858006851,-0.1033945414639588
RACESURV21_W43,low,1.52387403817184,Steered N=20,0.519398036717458,1.004476001454382
RACESURV21_W43,high,0.9318136630571281,Steered N=20,0.2590511037162779,0.6727625593408502
RACESURV27_W43,low,1.6222310982046029,Steered N=20,0.46273570714254003,1.159495391062063
RACESURV27_W43,high,0.3817282682790619,Steered N=20,0.550416450265858,-0.16868818198679603
RACESURV28a_W43,low,0.15231317285801688,Steered N=20,0.21584419492131576,-0.06353102206329889
RACESURV28a_W43,high,0.06787584387697293,Steered N=20,0.23119381992131574,-0.1633179760443428
RACESURV28b_W43,low,0.20702808613354878,Steered N=20,0.18908808500000002,0.017940001133548766
RACESURV28b_W43,high,0.13952136289974565,Steered N=20,0.22661797,-0.08709660710025435
RACESURV28c_W43,low,0.20766236726705284,Steered N=20,0.19318160022946518,0.01448076703758766
RACESURV28c_W43,high,0.15053704492100997,Steered N=20,0.22714392522946514,-0.07660688030845517
RACESURV28d_W43,low,0.2847280146606389,Steered N=20,0.3101412053409167,-0.02541319068027781
RACESURV28d_W43,high,0.1016536351768727,Steered N=20,0.3453416253409168,-0.24368799016404408
RACESURV28e_W43,low,0.3214178148110039,Steered N=20,0.31126446994571566,0.010153344865288239
RACESURV28e_W43,high,0.06672134992386514,Steered N=20,0.31509964994571554,-0.2483783000218504
RACESURV28f_W43,low,0.2456323444804819,Steered N=20,0.14104153352176407,0.10459081095871783
RACESURV28f_W43,high,0.15369059116566128,Steered N=20,0.20148661994913447,-0.04779602878347319
RACESURV28g_W43,low,0.25469558126657466,Steered N=20,0.14124330962463336,0.1134522716419413
RACESURV28g_W43,high,0.1832467237516827,Steered N=20,0.1715975478148163,0.011649175936866402
RACESURV29d_W43,low,0.5546211175193378,Steered N=20,0.9146393392902953,-0.36001822177095744
RACESURV29d_W43,high,0.3798188097497168,Steered N=20,1.310532393045861,-0.9307135832961442
RACESURV2_W43,low,0.40352904991073696,Steered N=20,1.0175545148417822,-0.6140254649310453
RACESURV2_W43,high,0.7640610948700332,Steered N=20,1.2664439075259906,-0.5023828126559574
RACESURV34a_W43,low,0.39465822987483057,Steered N=20,0.7860013272637738,-0.39134309738894324
RACESURV34a_W43,high,0.3267072272658249,Steered N=20,1.0380071012757317,-0.7112998740099068
RACESURV34b_W43,low,0.22043683143755105,Steered N=20,0.9385808078814187,-0.7181439764438677
RACESURV34b_W43,high,0.2945560868835236,Steered N=20,1.0469924259877783,-0.7524363391042548
RACESURV34c_W43,low,1.0374380389630922,Steered N=20,0.5159657854057628,0.5214722535573294
RACESURV34c_W43,high,0.3964323277891463,Steered N=20,0.5895634459336864,-0.1931311181445401
RACESURV34d_W43,low,0.5919723541651591,Steered N=20,0.3963615751580959,0.19561077900706325
RACESURV34d_W43,high,1.2819924210300617,Steered N=20,0.8166758145987649,0.4653166064312968
RACESURV34e_W43,low,0.9210322977274635,Steered N=20,0.5957259687230341,0.32530632900442946
RACESURV34e_W43,high,0.6746481663563504,Steered N=20,0.6467942489140104,0.027853917442340004
RACESURV38_W43,low,0.7298504928845787,Steered N=20,0.2863622432787522,0.4434882496058265
RACESURV38_W43,high,0.754138988575618,Steered N=20,0.44219056327875217,0.31194842529686584
RACESURV40_W43,low,0.7929612152062783,Steered N=20,0.8409786154858258,-0.048017400279547484
RACESURV40_W43,high,0.6691115401270165,Steered N=20,0.821838264912149,-0.1527267247851325
RACESURV41_W43,low,0.5742884398538997,Steered N=20,0.6548333359276675,-0.0805448960737678
RACESURV41_W43,high,0.698760140598904,Steered N=20,0.7092830859276675,-0.010522945328763522
RACESURV45_W43,low,0.7587299645695662,Steered N=20,0.4885301544020098,0.2701998101675564
RACESURV45_W43,high,0.8983087581471892,Steered N=20,0.5054103544020099,0.39289840374517937
RACESURV47a_W43,low,0.388656232681032,Steered N=20,0.7155651031221402,-0.32690887044110817
RACESURV47a_W43,high,0.518016533690314,Steered N=20,0.7319096331221401,-0.2138930994318261
RACESURV47b_W43,low,0.5866473397781248,Steered N=20,0.4924925423338564,0.09415479744426836
RACESURV47b_W43,high,0.7856663446839286,Steered N=20,0.4075720723338563,0.3780942723500723
RACESURV47d_W43,low,0.3398605254800103,Steered N=20,0.6671831147669449,-0.32732258928693464
RACESURV47d_W43,high,0.2709915717734944,Steered N=20,0.7509928249650073,-0.4800012531915129
RACESURV47e_W43,low,0.12039550268884747,Steered N=20,0.7588933369773398,-0.6384978342884924
RACESURV47e_W43,high,0.3223395797713266,Steered N=20,0.89377051697734,-0.5714309372060133
RACESURV47f_W43,low,0.5295175342585109,Steered N=20,0.48681156856319313,0.04270596569531776
RACESURV47f_W43,high,1.0485751094713345,Steered N=20,0.45111968792079576,0.5974554215505388
RACESURV48_W43,low,0.8309596579154723,Steered N=20,0.4759040163612563,0.35505564155421604
RACESURV48_W43,high,0.14205116,Steered N=20,0.37908012556014825,-0.23702896556014824
RACESURV51_W43,low,0.28333977145853334,Steered N=20,0.05092220587861397,0.23241756557991938
RACESURV51_W43,high,0.14880852871293324,Steered N=20,0.09716345461410814,0.0516450740988251
RACESURV52_W43,low,1.2219158842433016,Steered N=20,0.12576032153501515,1.0961555627082864
RACESURV52_W43,high,1.05431325594694,Steered N=20,0.11109588808815157,0.9432173678587883
RACESURV5a_W43,low,0.3354670502407305,Steered N=20,0.8471456876518162,-0.5116786374110858
RACESURV5a_W43,high,0.3082764008773383,Steered N=20,1.0215840143372934,-0.7133076134599551
RACESURV5b_W43,low,0.4497294359506089,Steered N=20,0.20772994354152247,0.24199949240908641
RACESURV5b_W43,high,0.9628636459028687,Steered N=20,0.1359435352989706,0.826920110603898
RACESURV5d_W43,low,0.44927878300437557,Steered N=20,0.9847807582323432,-0.5355019752279677
RACESURV5d_W43,high,0.5173355459445486,Steered N=20,1.0474194685662344,-0.5300839226216858
RACESURV5e_W43,low,0.30740402834188285,Steered N=20,0.5541055324070315,-0.24670150406514868
RACESURV5e_W43,high,0.801795425575848,Steered N=20,0.4575620685712468,0.3442333570046012
RACESURV5f_W43,low,0.5373375082648477,Steered N=20,0.6792490619186446,-0.14191155365379693
RACESURV5f_W43,high,0.6244693550406465,Steered N=20,0.740201053100923,-0.1157316980602765
RACESURV5g_W43,low,0.5438612592820123,Steered N=20,0.47991884575614496,0.06394241352586738
RACESURV5g_W43,high,1.0298201466281312,Steered N=20,0.3651035307561451,0.664716615871986
RACESURV5h_W43,low,0.3310861333108613,Steered N=20,0.8172593945553064,-0.4861732612444451
RACESURV5h_W43,high,0.5772193430033128,Steered N=20,0.7275176263702409,-0.15029828336692808
RACESURV5i_W43,low,0.6075143883345573,Steered N=20,1.5749915063380655,-0.9674771180035082
RACESURV5i_W43,high,0.28235176999430167,Steered N=20,1.6098106492300766,-1.3274588792357749
RACESURV5j_W43,low,0.4283473099823842,Steered N=20,0.720404635,-0.2920573250176158
RACESURV5j_W43,high,0.7507956296869367,Steered N=20,0.61724333,0.13355229968693672
RACESURV5l_W43,low,0.09724414445169899,Steered N=20,1.3370520617944845,-1.2398079173427856
RACESURV5l_W43,high,1.0309750203913928,Steered N=20,1.5108517667944845,-0.47987674640309175
RACESURV9_W43,low,0.911038085752898,Steered N=20,0.8380278152419358,0.0730102705109622
RACESURV9_W43,high,0.4807321437473606,Steered N=20,0.9312649052419358,-0.4505327614945752
INFOCHALa_W45,low,0.445149539074731,Steered N=20,0.33131905165221454,0.11383048742251645
INFOCHALa_W45,high,0.6343597822362493,Steered N=20,0.6151352984973856,0.019224483738863762
INFOCREATEa_W45,low,0.3994156199999999,Steered N=20,2.1443667112291083,-1.7449510912291084
INFOCREATEa_W45,high,0.32130087455875755,Steered N=20,1.9708031815516944,-1.6495023069929369
MADEUPOFT_W45,low,0.43878144567526634,Steered N=20,0.5880673693668034,-0.14928592369153704
MADEUPOFT_W45,high,0.44432819275796304,Steered N=20,0.6661998742238328,-0.22187168146586972
MADEUPTOPICb_W45,low,0.4083690008019586,Steered N=20,0.32448090343664227,0.08388809736531633
MADEUPTOPICb_W45,high,0.5182879917490484,Steered N=20,0.2826471034366421,0.23564088831240626
MADEUPTOPICc_W45,low,1.004580308759719,Steered N=20,0.8370467283704673,0.1675335803892516
MADEUPTOPICc_W45,high,0.32216590888889063,Steered N=20,0.8748398076816221,-0.5526738987927314
MADEUPTOPICd_W45,low,0.664290624418813,Steered N=20,0.6158562726626173,0.048434351756195704
MADEUPTOPICd_W45,high,0.47043700220660273,Steered N=20,0.6524824371859905,-0.1820454349793878
NEWSPROBd_W45,low,0.7915496693845805,Steered N=20,0.7233762731588712,0.06817339622570928
NEWSPROBd_W45,high,0.1997280029061831,Steered N=20,0.6407785705235117,-0.44105056761732864
NEWSPROBe_W45,low,0.7568274688002409,Steered N=20,0.35545434549038957,0.4013731233098513
NEWSPROBe_W45,high,0.1906846018087513,Steered N=20,0.3535596480898664,-0.1628750462811151
NEWS_PLATFORMg_W45,low,1.0512971749386457,Steered N=20,0.4599895176029393,0.5913076573357063
NEWS_PLATFORMg_W45,high,0.08770794271786372,Steered N=20,0.6329191661738581,-0.5452112234559944
SMLIKESb_W45,low,0.7895035130629732,Steered N=20,0.8941391549320552,-0.10463564186908203
SMLIKESb_W45,high,0.36912585946208004,Steered N=20,0.8834970349320552,-0.5143711754699751
SMLIKESf_W45,low,0.4798669067427344,Steered N=20,1.1612546401992414,-0.681387733456507
SMLIKESf_W45,high,0.1828406048636787,Steered N=20,1.2409690701992413,-1.0581284653355625
BENEFITGOV_W49,low,1.2234615597445124,Steered N=20,0.8089510502393285,0.414510509505184
BENEFITGOV_W49,high,0.7275531712046698,Steered N=20,1.038559382575206,-0.3110062113705362
CONCERNCO_W49,low,0.6355727036868192,Steered N=20,0.8524067652760817,-0.21683406158926255
CONCERNCO_W49,high,0.5617976200000001,Steered N=20,0.9275166209863721,-0.365719000986372
CONCERNGRPa_W49,low,0.9395579334072186,Steered N=20,0.5496912400641858,0.3898666933430328
CONCERNGRPa_W49,high,0.15571311488580444,Steered N=20,0.75581016,-0.6000970451141956
CONCERNGRPc_W49,low,1.1195826592903444,Steered N=20,0.28901039589438926,0.8305722633959551
CONCERNGRPc_W49,high,0.1585315265648271,Steered N=20,0.33104374589438934,-0.17251221932956223
CONTROLCO_W49,low,1.8529511654982198,Steered N=20,0.7498286546858587,1.1031225108123612
CONTROLCO_W49,high,0.8350803072514004,Steered N=20,0.756482953984465,0.0785973532669354
CONTROLGRPc_W49,low,1.1773274175443258,Steered N=20,0.3542372010413046,0.8230902165030212
CONTROLGRPc_W49,high,0.33084259,Steered N=20,0.32031725104130454,0.010525338958695452
DATAUSEd_W49,low,0.27062645237474514,Steered N=20,0.16654709244808863,0.10407935992665651
DATAUSEd_W49,high,0.09326105347887664,Steered N=20,0.2692050024480886,-0.17594394896921195
FACE3c_W49,low,0.9167203766945244,Steered N=20,0.5454993038681054,0.37122107282641903
FACE3c_W49,high,0.24682900154440957,Steered N=20,0.6044865712174832,-0.3576575696730736
GOVREGV1_W49,low,0.1347874576751506,Steered N=20,0.15801678944532505,-0.023229331770174444
GOVREGV1_W49,high,0.4030994498512431,Steered N=20,0.2557401873503286,0.14735926250091447
HOMEASSIST2_W49,low,1.1364002904791746,Steered N=20,0.6527343036592342,0.48366598681994033
HOMEASSIST2_W49,high,0.1316842445044752,Steered N=20,0.6916516004019526,-0.5599673558974774
HOMEASSIST3_W49,low,1.2400167372110946,Steered N=20,1.1888000608147138,0.051216676396380834
HOMEASSIST3_W49,high,0.2751165001417773,Steered N=20,1.1921148936036192,-0.916998393461842
HOMEASSIST4_W49,low,1.160673899223165,Steered N=20,0.7594157224058427,0.40125817681732245
HOMEASSIST4_W49,high,0.2996100129961,Steered N=20,0.8539237452646562,-0.5543137322685562
PP5e_W49,low,1.7837807675846897,Steered N=20,0.517093977024863,1.2666867905598267
PP5e_W49,high,0.9313837673088085,Steered N=20,0.5657919156579192,0.36559185165088925
PWMAN2_W49,low,1.9377391908916521,Steered N=20,1.4046657429532607,0.5330734479383914
PWMAN2_W49,high,1.9565629812763414,Steered N=20,1.4845694333456536,0.4719935479306878
SMARTAPP_W49,low,0.6812310568048341,Steered N=20,0.9653611014064296,-0.2841300446015955
SMARTAPP_W49,high,0.3466643401721496,Steered N=20,0.8784263814064296,-0.5317620412342801
TRACKCO1a_W49,low,0.5385138321739409,Steered N=20,0.4915471273500889,0.04696670482385201
TRACKCO1a_W49,high,0.7586524244183603,Steered N=20,0.9821552962846308,-0.2235028718662705
TRACKCO1b_W49,low,1.0630481531890508,Steered N=20,0.24816023758703615,0.8148879156020146
TRACKCO1b_W49,high,0.6289207427307127,Steered N=20,0.30518961450197235,0.3237311282287404
TRACKGOV1a_W49,low,0.9960662982788355,Steered N=20,0.542937336954243,0.45312896132459257
TRACKGOV1a_W49,high,0.44284477612299844,Steered N=20,0.493697636954243,-0.05085286083124457
TRACKGOV1b_W49,low,0.9684352747373676,Steered N=20,0.317382091023055,0.6510531837143125
TRACKGOV1b_W49,high,0.7206679491495865,Steered N=20,0.10659685313090735,0.6140710960186792
COHABDUR_W50,low,0.45247378594407084,Steered N=20,1.3201690039928011,-0.8676952180487303
COHABDUR_W50,high,0.46802422177950054,Steered N=20,1.1610506513810945,-0.693026429601594
DNA2b_W50,low,0.5047746626457015,Steered N=20,0.49419212592635503,0.010582536719346447
DNA2b_W50,high,0.21473760386294752,Steered N=20,0.493342435926355,-0.27860483206340747
DNA5_W50,low,0.6027168346446821,Steered N=20,0.5911352866561712,0.011581547988510854
DNA5_W50,high,0.2899545223475147,Steered N=20,0.7119664166561712,-0.42201189430865654
E5MOD_W50,low,0.6402215749777009,Steered N=20,0.6010337555963567,0.03918781938134419
E5MOD_W50,high,0.36662645183694836,Steered N=20,0.32489014559635665,0.041736306240591714
FAMSURV10c_W50,low,1.127086373966788,Steered N=20,0.39234765890855616,0.7347387150582319
FAMSURV10c_W50,high,0.9450004027086084,Steered N=20,0.37490646542034506,0.5700939372882634
FAMSURV16_W50,low,0.293002042334639,Steered N=20,0.28881692019112193,0.004185122143517073
FAMSURV16_W50,high,0.10994023122317034,Steered N=20,0.283444310191122,-0.17350407896795164
FAMSURV1_W50,low,0.6619147819568932,Steered N=20,0.3628286345164217,0.2990861474404715
FAMSURV1_W50,high,0.38395469032179186,Steered N=20,0.5936861845164219,-0.20973149419463
FAMSURV20_W50,low,0.5280478,Steered N=20,0.49311277287060806,0.034935027129391893
FAMSURV20_W50,high,0.14442708000000004,Steered N=20,0.32782258287060806,-0.18339550287060802
FAMSURV23b_W50,low,0.47820758031746524,Steered N=20,0.21546110215461112,0.2627464781628541
FAMSURV23b_W50,high,0.677035783976498,Steered N=20,0.45981335155532177,0.21722243242117623
FAMSURV23c_W50,low,1.3508315423359099,Steered N=20,0.7529309667403369,0.597900575595573
FAMSURV23c_W50,high,0.9919042736317271,Steered N=20,1.099883916740337,-0.10797964310860986
FAMSURV23d_W50,low,1.2694537114223978,Steered N=20,0.8188501234068974,0.4506035880155004
FAMSURV23d_W50,high,0.7515594304394129,Steered N=20,1.0427905734068974,-0.29123114296748454
FAMSURV23e_W50,low,0.9059811241356223,Steered N=20,0.2229133204299647,0.6830678037056576
FAMSURV23e_W50,high,0.16671049696371537,Steered N=20,0.20731443452747905,-0.04060393756376368
FAMSURV23f_W50,low,0.8666917436751792,Steered N=20,0.1656996393738956,0.7009921043012837
FAMSURV23f_W50,high,0.1904216896361357,Steered N=20,0.224991572061784,-0.03456988242564829
FAMSURV23g_W50,low,1.1152105543146804,Steered N=20,0.5693119271510206,0.5458986271636598
FAMSURV23g_W50,high,0.3198560092976833,Steered N=20,0.48799169715102064,-0.16813568785333732
FAMSURV26a_W50,low,1.881740427580128,Steered N=20,0.5124663133181171,1.3692741142620108
FAMSURV26a_W50,high,0.6016382651541676,Steered N=20,0.5657428172901809,0.035895447863986685
FAMSURV26b_W50,low,2.0005611204991727,Steered N=20,0.544799805517793,1.4557613149813797
FAMSURV26b_W50,high,0.618655451294857,Steered N=20,0.5869173682691711,0.031738083025685926
FAMSURV26c_W50,low,2.325797305262509,Steered N=20,0.24211907767135774,2.0836782275911516
FAMSURV26c_W50,high,0.8443138278016729,Steered N=20,0.41823314660933564,0.4260806811923372
FAMSURV26d_W50,low,1.9692989185710745,Steered N=20,0.5665447428626721,1.4027541757084023
FAMSURV26d_W50,high,0.37347276502364235,Steered N=20,0.8225029828626721,-0.44903021783902974
FAMSURV29_W50,low,1.5835671816121604,Steered N=20,0.6769165389010181,0.9066506427111423
FAMSURV29_W50,high,0.2494850712255362,Steered N=20,0.695555268901018,-0.44607019767548184
FAMSURV2Ma_W50,low,0.9665314717780027,Steered N=20,0.3922287366044197,0.574302735173583
FAMSURV2Ma_W50,high,0.20950708999999998,Steered N=20,0.3525630166044198,-0.14305592660441982
FAMSURV2Mc_W50,low,0.8601350281913652,Steered N=20,0.44545102336276954,0.4146840048285957
FAMSURV2Mc_W50,high,0.20875147999999993,Steered N=20,0.5178845733627697,-0.3091330933627698
FAMSURV2Wa_W50,low,0.8339816929705454,Steered N=20,0.17677057954265624,0.6572111134278891
FAMSURV2Wa_W50,high,0.25097573311724936,Steered N=20,0.23881755366033414,0.012158179456915219
FAMSURV2Wc_W50,low,0.6147366669013488,Steered N=20,0.20208487589570873,0.41265179100564003
FAMSURV2Wc_W50,high,0.19566496004303993,Steered N=20,0.28104801107133504,-0.0853830510282951
FAMSURV32e_W50,low,0.37440979647999206,Steered N=20,1.8620253370656261,-1.487615540585634
FAMSURV32e_W50,high,0.9244235255966087,Steered N=20,2.218043957065626,-1.2936204314690174
FAMSURV39_W50,low,0.9331471532798628,Steered N=20,1.2252376028911813,-0.2920904496113186
FAMSURV39_W50,high,0.18620970738755516,Steered N=20,1.247170757979104,-1.060961050591549
FAMSURV3_W50,low,0.18995813018717533,Steered N=20,0.8926159543537745,-0.7026578241665992
FAMSURV3_W50,high,0.3273291127327287,Steered N=20,1.0099569690707109,-0.6826278563379822
FAMSURV40_W50,low,0.6308023668171666,Steered N=20,1.1596868315968683,-0.5288844647797016
FAMSURV40_W50,high,0.6329557644554523,Steered N=20,1.6109857181594638,-0.9780299537040115
FAMSURV43_W50,low,0.5677024424961155,Steered N=20,0.539878427803675,0.027824014692440446
FAMSURV43_W50,high,0.5928736181590832,Steered N=20,0.6032022178036751,-0.010328599644591874
FAMSURV44_W50,low,0.6847653072921259,Steered N=20,0.5177853656223264,0.16697994166979957
FAMSURV44_W50,high,0.5377139436204519,Steered N=20,0.5807620940620222,-0.04304815044157029
FAMSURV6_W50,low,1.0248388603676837,Steered N=20,0.8067629019219689,0.2180759584457148
FAMSURV6_W50,high,0.3713392846844277,Steered N=20,0.9170961804855173,-0.5457568958010897
FAMSURV9c_W50,low,1.1463439078105475,Steered N=20,0.32202695448172747,0.82431695332882
FAMSURV9c_W50,high,0.7266439930810261,Steered N=20,0.49891859991278786,0.22772539316823825
FATHER_W50,low,0.4695416271881829,Steered N=20,0.17934725,0.29019437718818286
FATHER_W50,high,0.24537325550529399,Steered N=20,0.12367784000000004,0.12169541550529395
HAVEKIDS1_W50,low,0.7695006000000001,Steered N=20,1.49591496,-0.7264143599999998
HAVEKIDS1_W50,high,0.22508832948564356,Steered N=20,1.5166556,-1.2915672705143564
MARRDUR_W50,low,1.2773956514435736,Steered N=20,1.2108472377868613,0.06654841365671227
MARRDUR_W50,high,1.9293253007067472,Steered N=20,1.189420653596881,0.7399046471098663
MARRYPREF1_W50,low,0.2940231255607698,Steered N=20,0.13198286194201864,0.16204026361875118
MARRYPREF1_W50,high,0.18400207948447536,Steered N=20,0.15417961194201857,0.029822467542456793
MARRYPREF2_W50,low,0.5950102514683164,Steered N=20,0.40949673316323765,0.18551351830507878
MARRYPREF2_W50,high,0.20327570740725082,Steered N=20,0.42931018951641,-0.22603448210915916
MOTHER_W50,low,0.2777603839896664,Steered N=20,0.06731046664270768,0.21044991734695873
MOTHER_W50,high,0.2378522721883991,Steered N=20,0.09797084664270772,0.13988142554569138
PAR1_W50,low,0.21732483,Steered N=20,0.23357856718628203,-0.016253737186282036
PAR1_W50,high,0.09696729994512518,Steered N=20,0.16525091718628213,-0.06828361724115695
PAR2_W50,low,0.4168791817337896,Steered N=20,0.29123192280821414,0.1256472589255755
PAR2_W50,high,0.06179286788841426,Steered N=20,0.17592881742192115,-0.11413594953350689
ROMRELDUR_W50,low,2.322997827059167,Steered N=20,1.1562451816370465,1.1667526454221204
ROMRELDUR_W50,high,0.697571301058815,Steered N=20,0.6947145481088005,0.0028567529500145294
ROMRELSER_W50,low,0.35362337485860174,Steered N=20,2.32979373,-1.9761703551413983
ROMRELSER_W50,high,0.6473792329806367,Steered N=20,2.41343336,-1.7660541270193633
SATLIFEc_W50,low,1.2939717273208728,Steered N=20,0.602880244031904,0.6910914832889689
SATLIFEc_W50,high,0.5585991548386253,Steered N=20,1.0496483100357168,-0.49104915519709147
ECIMPg_W54,low,0.025943638988799866,Steered N=20,0.41420720901542973,-0.38826357002662987
ECIMPg_W54,high,0.2513673163413246,Steered N=20,0.35593792843273697,-0.10457061209141238
ECON1_W54,low,1.554317958412006,Steered N=20,1.0070620923633178,0.5472558660486881
ECON1_W54,high,0.45073040760919797,Steered N=20,0.6834449051308099,-0.23271449752161194
ECON3_d_W54,low,0.539465539104525,Steered N=20,0.8688864644081917,-0.32942092530366673
ECON3_d_W54,high,0.3858449803481263,Steered N=20,0.7028276765557664,-0.3169826962076401
ECON4_a_W54,low,0.5628120090085292,Steered N=20,0.6753143437052647,-0.11250233469673543
ECON4_a_W54,high,0.21511689213871432,Steered N=20,0.5775386840807252,-0.36242179194201085
ECON4_b_W54,low,0.8951919498808348,Steered N=20,0.37863977378639774,0.5165521760944372
ECON4_b_W54,high,0.37652574000000016,Steered N=20,0.7362527146104478,-0.35972697461044767
ECON4_e_W54,low,0.6125451965694383,Steered N=20,0.5985840144714212,0.01396118209801711
ECON4_e_W54,high,0.5750189157501894,Steered N=20,0.8186537178341518,-0.24363480208396238
ECON4_f_W54,low,0.40547752540649745,Steered N=20,0.905661112497016,-0.5001835870905185
ECON4_f_W54,high,0.2217375109788033,Steered N=20,0.5071538370022012,-0.2854163260233979
ECON4_g_W54,low,0.5787715678365702,Steered N=20,0.6639720041018788,-0.0852004362653086
ECON4_g_W54,high,0.24046491629911426,Steered N=20,0.6083116775813553,-0.36784676128224103
ECON5_b_W54,low,0.42652521756344913,Steered N=20,0.40506461767291196,0.02146059989053717
ECON5_b_W54,high,0.7280670828018838,Steered N=20,0.5425323843984735,0.1855346984034103
ECON5_c_W54,low,1.2307764923053215,Steered N=20,0.9388734118834741,0.2919030804218474
ECON5_c_W54,high,0.29250848197635004,Steered N=20,0.81715859832632,-0.5246501163499699
ECON5_d_W54,low,1.7350217784080242,Steered N=20,1.5234052129681717,0.21161656543985252
ECON5_d_W54,high,0.7040633150321193,Steered N=20,1.1564431679681717,-0.45237985293605243
ECON5_e_W54,low,1.5804117248869485,Steered N=20,1.2866753988968782,0.29373632599007027
ECON5_e_W54,high,0.3343719606423584,Steered N=20,0.9735735488968782,-0.6392015882545198
ECON5_f_W54,low,1.3492451253274016,Steered N=20,1.0341673479590565,0.3150777773683451
ECON5_f_W54,high,0.35704900107744036,Steered N=20,0.9005548934115887,-0.5435058923341483
ECON5_g_W54,low,0.28054761223346236,Steered N=20,0.6531830645248567,-0.3726354522913944
ECON5_g_W54,high,0.2596785476347189,Steered N=20,0.9494388695248565,-0.6897603218901376
ECON5_h_W54,low,0.36515901134840967,Steered N=20,0.31526315257019977,0.0498958587782099
ECON5_h_W54,high,0.7049261998095335,Steered N=20,0.5787746199350852,0.12615157987444836
ECON5_i_W54,low,0.33654536204493546,Steered N=20,0.39832142530373243,-0.061776063258796976
ECON5_i_W54,high,0.5505384706684295,Steered N=20,0.43838006055761497,0.11215841011081457
ECON5_j_W54,low,1.496844408759339,Steered N=20,1.2571179127241483,0.2397264960351908
ECON5_j_W54,high,0.42991292430131256,Steered N=20,0.9236531627241485,-0.493740238422836
ECON5_k_W54,low,0.9263759735234184,Steered N=20,0.6091341160913412,0.3172418574320772
ECON5_k_W54,high,0.28226482500000005,Steered N=20,0.5901077927105975,-0.3078429677105975
FIN_SIT_W54,low,1.486568497549686,Steered N=20,0.4404753365838173,1.0460931609658686
FIN_SIT_W54,high,0.8465100877086582,Steered N=20,1.5445286663576372,-0.698018578648979
GOVPRIORITYb_W54,low,0.5851592349197028,Steered N=20,1.4139362598977239,-0.8287770249780211
GOVPRIORITYb_W54,high,0.21795813922493967,Steered N=20,1.3510377096865882,-1.1330795704616485
GOVPRIORITYc_W54,low,0.4421946133979787,Steered N=20,0.8598375689747166,-0.4176429555767379
GOVPRIORITYc_W54,high,0.21519877783425473,Steered N=20,0.6255748467418328,-0.4103760689075781
GOVPRIORITYd_W54,low,0.5482447267119026,Steered N=20,0.9597607890649358,-0.4115160623530332
GOVPRIORITYd_W54,high,0.04795349999999998,Steered N=20,0.8594289490649356,-0.8114754490649356
GOVPRIORITYf_W54,low,0.2768298289669683,Steered N=20,1.6906956024330977,-1.4138657734661293
GOVPRIORITYf_W54,high,0.21905829407849509,Steered N=20,1.5970220265115929,-1.3779637324330978
INEQ11_W54,low,0.7354727358940759,Steered N=20,0.39016157651822087,0.34531115937585505
INEQ11_W54,high,0.5738599523057308,Steered N=20,0.25382565651822087,0.32003429578750997
INEQ1_W54,low,0.2641131869334411,Steered N=20,0.01530950999999997,0.24880367693344113
INEQ1_W54,high,0.2070429870704299,Steered N=20,0.13765897798623444,0.06938400908419545
INEQ4_a_W54,low,0.26868654456701446,Steered N=20,0.805820012936685,-0.5371334683696706
INEQ4_a_W54,high,0.7904371932126834,Steered N=20,0.7563680903391067,0.03406910287357667
INEQ5_a_W54,low,0.4608262591271193,Steered N=20,0.27675046701720607,0.1840757921099132
INEQ5_a_W54,high,0.2503251960908353,Steered N=20,0.35910176000000005,-0.10877656390916474
INEQ5_d_W54,low,1.1291965303844642,Steered N=20,1.0242093897838287,0.10498714060063552
INEQ5_d_W54,high,0.6523252505143429,Steered N=20,1.4178859597838287,-0.7655607092694858
INEQ5_e_W54,low,0.5951942183409225,Steered N=20,0.7388144331722991,-0.14362021483137666
INEQ5_e_W54,high,0.0803691215504832,Steered N=20,0.9238845134148473,-0.8435153918643641
INEQ5_f_W54,low,0.5918659467623433,Steered N=20,0.31058775204527345,0.28127819471706983
INEQ5_f_W54,high,0.11204798052167375,Steered N=20,0.283671011776106,-0.17162303125443223
INEQ5_h_W54,low,0.721564110054679,Steered N=20,0.35500852330217136,0.36655558675250766
INEQ5_h_W54,high,0.5105085223329897,Steered N=20,0.22855185177025883,0.2819566705627309
INEQ5_i_W54,low,0.5056586415000048,Steered N=20,0.4325422723051889,0.07311636919481596
INEQ5_i_W54,high,0.32169172200626306,Steered N=20,0.43254034230518873,-0.11084862029892567
INEQ5_k_W54,low,0.42960436617671266,Steered N=20,0.35828036907305433,0.07132399710365833
INEQ5_k_W54,high,0.42212893821584546,Steered N=20,0.6818667730210887,-0.2597378348052432
INEQ5_l_W54,low,0.4016854871269669,Steered N=20,0.7824576990334222,-0.3807722119064553
INEQ5_l_W54,high,0.6572639869412624,Steered N=20,0.39636502903342197,0.26089895790784046
INEQ5_m_W54,low,0.2965710165970018,Steered N=20,1.0615044800000002,-0.7649334634029984
INEQ5_m_W54,high,0.966937369302011,Steered N=20,0.58377975,0.383157619302011
INEQ8_a_W54,low,0.3027385539483022,Steered N=20,1.193560923325317,-0.8908223693770149
INEQ8_a_W54,high,0.2911778596895505,Steered N=20,0.603614053325317,-0.3124361936357665
INEQ8_b_W54,low,0.24908174197173272,Steered N=20,1.635998394526411,-1.386916652554678
INEQ8_b_W54,high,0.17441688391043997,Steered N=20,1.1333778277190434,-0.9589609438086034
INEQ8_c_W54,low,0.216605418426286,Steered N=20,1.3207302718593046,-1.1041248534330186
INEQ8_c_W54,high,0.09536511482674714,Steered N=20,0.9393171818593048,-0.8439520670325577
INEQ8_d_W54,low,0.20162370052424905,Steered N=20,1.38100376,-1.179380059475751
INEQ8_d_W54,high,0.18669940998745926,Steered N=20,0.94004675,-0.7533473400125408
INEQ8_f_W54,low,0.3275255522744077,Steered N=20,1.7753496217289166,-1.447824069454509
INEQ8_f_W54,high,0.1193027069728585,Steered N=20,1.2605071730334836,-1.141204466060625
INEQ8_g_W54,low,0.25711204906783836,Steered N=20,1.2660292113729366,-1.008917162305098
INEQ8_g_W54,high,0.2134911971763282,Steered N=20,0.6727730313729365,-0.45928183419660834
INEQ8_h_W54,low,0.4288811519121365,Steered N=20,0.7893131506692156,-0.3604319987570791
INEQ8_h_W54,high,0.6227202841717278,Steered N=20,0.41704250330783293,0.20567778086389482
INEQ8_i_W54,low,0.3139480321507,Steered N=20,1.2651025067613442,-0.9511544746106442
INEQ8_i_W54,high,0.4769505861121067,Steered N=20,0.5299675916561881,-0.0530170055440814
INEQ8_j_W54,low,0.554610763633169,Steered N=20,1.092886250474389,-0.5382754868412201
INEQ8_j_W54,high,0.5133861985242891,Steered N=20,0.5980987804743887,-0.08471258195009956
JOBTRAIN_W54,low,0.6272906038234618,Steered N=20,0.33083513375460133,0.29645547006886047
JOBTRAIN_W54,high,0.33325993163326517,Steered N=20,0.23051468022312505,0.10274525141014013
WORRY2a_W54,low,0.8370108707741798,Steered N=20,1.6343564600855225,-0.7973455893113427
WORRY2a_W54,high,0.12764491430282798,Steered N=20,0.5166431962363058,-0.38899828193347785
WORRY2b_W54,low,1.2800725762803336,Steered N=20,0.8828986287451888,0.3971739475351448
WORRY2b_W54,high,0.5349791813034531,Steered N=20,0.32778122632919937,0.20719795497425375
WORRY2c_W54,low,0.5600857985296499,Steered N=20,1.7511755068198607,-1.1910897082902108
WORRY2c_W54,high,0.407346112698926,Steered N=20,0.32882813323821014,0.07851797946071587
WORRY2d_W54,low,0.660672131045388,Steered N=20,0.9704247448971115,-0.3097526138517235
WORRY2d_W54,high,0.4627845382871961,Steered N=20,0.442474172559295,0.020310365727901125
WORRY2e_W54,low,0.610008982888433,Steered N=20,1.3212165474875823,-0.7112075645991494
WORRY2e_W54,high,0.43225892182106695,Steered N=20,0.5488619310828659,-0.1166030092617989
GAP21Q10_W82,low,0.1385912070259291,Steered N=20,0.26709355767093557,-0.12850235064500648
GAP21Q10_W82,high,0.07416231603689494,Steered N=20,0.2675328935113517,-0.19337057747445674
GAP21Q13_b_W82,low,0.44277201287274986,Steered N=20,1.2522236010481171,-0.8094515881753672
GAP21Q13_b_W82,high,0.3551562135515621,Steered N=20,1.091029489436176,-0.7358732758846139
GAP21Q15_a_W82,low,0.49601560278981727,Steered N=20,0.6484517813451438,-0.15243617855532654
GAP21Q15_a_W82,high,1.2317907030532238,Steered N=20,0.7744392113451437,0.4573514917080801
GAP21Q15_b_W82,low,0.5963608500000002,Steered N=20,0.7048728418655729,-0.1085119918655727
GAP21Q15_b_W82,high,0.7148381981748818,Steered N=20,0.911188631865573,-0.19635043369069116
GAP21Q15_c_W82,low,0.5165051013653383,Steered N=20,0.7510271125928893,-0.234522011227551
GAP21Q15_c_W82,high,0.7247394849258192,Steered N=20,0.845641494517883,-0.12090200959206376
GAP21Q15_d_W82,low,0.8061253000000002,Steered N=20,1.065131906353699,-0.2590066063536989
GAP21Q15_d_W82,high,0.5030469929236191,Steered N=20,1.4329270263536988,-0.9298800334300797
GAP21Q15_e_W82,low,0.5057209460239336,Steered N=20,0.7451997202901877,-0.23947877426625408
GAP21Q15_e_W82,high,0.641404682547574,Steered N=20,0.9868180016514528,-0.34541331910387885
GAP21Q15_f_W82,low,0.47478814214335896,Steered N=20,0.8156489741176616,-0.3408608319743026
GAP21Q15_f_W82,high,0.45746971272031983,Steered N=20,1.1900690810405032,-0.7325993683201835
GAP21Q17_W82,low,0.9409030903224381,Steered N=20,0.5703172629370241,0.370585827385414
GAP21Q17_W82,high,0.425213865327653,Steered N=20,0.7052564029370242,-0.2800425376093712
GAP21Q19_a_W82,low,0.3443861726437782,Steered N=20,0.8700552568078392,-0.525669084164061
GAP21Q19_a_W82,high,0.49271668024263054,Steered N=20,0.9253812291501072,-0.4326645489074767
GAP21Q19_b_W82,low,2.086276600572446,Steered N=20,1.4875187280108637,0.5987578725615821
GAP21Q19_b_W82,high,1.3473709397895561,Steered N=20,1.6121067503088409,-0.26473581051928474
GAP21Q19_c_W82,low,1.8169347233319972,Steered N=20,0.7119900899999999,1.1049446333319972
GAP21Q19_c_W82,high,1.5212236562179582,Steered N=20,1.0072380499999998,0.5139856062179584
GAP21Q19_d_W82,low,1.399716565316907,Steered N=20,0.7965149332084254,0.6032016321084817
GAP21Q19_d_W82,high,0.2704635317335752,Steered N=20,0.375325705645968,-0.10486217391239283
GAP21Q19_e_W82,low,1.411153354404481,Steered N=20,0.7126056699999999,0.6985476844044811
GAP21Q19_e_W82,high,0.377912441475,Steered N=20,0.517972055432431,-0.14005961395743094
GAP21Q21_a_W82,low,0.5615103648635404,Steered N=20,0.36382465622133536,0.19768570864220508
GAP21Q21_a_W82,high,0.6740885773208782,Steered N=20,0.2561581719373166,0.41793040538356163
GAP21Q21_e_W82,low,1.1004227083266769,Steered N=20,0.6649224860283256,0.4355002222983513
GAP21Q21_e_W82,high,0.6198996613360503,Steered N=20,0.8726679360283256,-0.25276827469227525
GAP21Q23_W82,low,0.34704954999999993,Steered N=20,1.4422509068101892,-1.0952013568101893
GAP21Q23_W82,high,0.1999435459993218,Steered N=20,1.164938626810189,-0.9649950808108672
GAP21Q24_W82,low,0.7989837867622964,Steered N=20,0.5825151406377345,0.21646864612456196
GAP21Q24_W82,high,0.1929083199999999,Steered N=20,0.5112909506377346,-0.31838263063773464
GAP21Q25_W82,low,0.5578168989842947,Steered N=20,0.605628394748206,-0.047811495763911305
GAP21Q25_W82,high,0.41528305456003745,Steered N=20,0.4782617386435919,-0.06297868408355445
GAP21Q26_a_W82,low,0.8440107299999999,Steered N=20,0.7587973099999998,0.0852134200000001
GAP21Q26_a_W82,high,0.7004789776814543,Steered N=20,0.9600423699999999,-0.25956339231854564
GAP21Q26_b_W82,low,1.0497030901163678,Steered N=20,1.3484372833301759,-0.2987341932138081
GAP21Q26_b_W82,high,0.4850137264443117,Steered N=20,1.4172795255303767,-0.932265799086065
GAP21Q26_c_W82,low,0.7882451412894359,Steered N=20,0.5981848548402935,0.1900602864491424
GAP21Q26_c_W82,high,1.3929220904179362,Steered N=20,0.8908826548402935,0.5020394355776427
GAP21Q27_W82,low,0.12214777847045377,Steered N=20,0.16778417820980268,-0.04563639973934891
GAP21Q27_W82,high,0.28043432709549554,Steered N=20,0.18595672320980264,0.0944776038856929
GAP21Q28_W82,low,1.3176855454342769,Steered N=20,0.600712632827335,0.7169729126069418
GAP21Q28_W82,high,0.5312472519015681,Steered N=20,0.5436060573148849,-0.012358805413316798
GAP21Q31_W82,low,0.5933668383893704,Steered N=20,0.35846778864749923,0.2348990497418712
GAP21Q31_W82,high,0.51701661,Steered N=20,0.38179266864749895,0.13522394135250104
GAP21Q32_W82,low,0.8426349765163806,Steered N=20,0.6884793683532561,0.15415560816312457
GAP21Q32_W82,high,0.20611762000000006,Steered N=20,0.4196425683532561,-0.21352494835325603
GAP21Q33_c_W82,low,0.8051463174030656,Steered N=20,0.20951817954504653,0.595628137858019
GAP21Q33_c_W82,high,0.20295204170019288,Steered N=20,0.2296180944268188,-0.026666052726625922
GAP21Q33_g_W82,low,0.10284445004191228,Steered N=20,0.5514974838797162,-0.4486530338378039
GAP21Q33_g_W82,high,0.3227307060280266,Steered N=20,0.5168440238797163,-0.19411331785168967
GAP21Q33_i_W82,low,0.5042679712770323,Steered N=20,0.34179920284976734,0.16246876842726493
GAP21Q33_i_W82,high,0.10595372840300643,Steered N=20,0.3148338391476628,-0.20888011074465634
GAP21Q33_j_W82,low,0.7069058356997575,Steered N=20,0.3134341265832578,0.3934717091164997
GAP21Q33_j_W82,high,0.011937553919859734,Steered N=20,0.26070580658325776,-0.24876825266339803
GAP21Q33_m_W82,low,0.3098302156733367,Steered N=20,0.2634157351790497,0.04641448049428698
GAP21Q33_m_W82,high,0.5117142283461755,Steered N=20,0.3054038683302487,0.20631036001592684
GAP21Q33_n_W82,low,0.47968383438322504,Steered N=20,0.6841001060440224,-0.20441627166079734
GAP21Q33_n_W82,high,0.33589586468335964,Steered N=20,0.7529516981871627,-0.41705583350380304
GAP21Q33_q_W82,low,0.5366449058304927,Steered N=20,0.29083085000000003,0.2458140558304927
GAP21Q33_q_W82,high,0.19444717857601618,Steered N=20,0.26855898999999994,-0.07411181142398376
GAP21Q33_r_W82,low,0.6632633748843212,Steered N=20,0.2213410599999998,0.4419223148843214
GAP21Q33_r_W82,high,0.33386898166626056,Steered N=20,0.30369370416378527,0.030175277502475284
GAP21Q33_s_W82,low,0.50572577431957,Steered N=20,0.3362902346035409,0.1694355397160291
GAP21Q33_s_W82,high,0.7237930378307409,Steered N=20,0.1322518524168894,0.5915411854138515
GAP21Q34_a_W82,low,0.8505860793373117,Steered N=20,0.5665780721246975,0.2840080072126142
GAP21Q34_a_W82,high,0.3177117242685983,Steered N=20,0.5997422344210104,-0.2820305101524121
GAP21Q34_b_W82,low,0.44614953608265673,Steered N=20,1.6144889889155305,-1.1683394528328739
GAP21Q34_b_W82,high,0.638030223672333,Steered N=20,1.4867751789155303,-0.8487449552431974
GAP21Q34_c_W82,low,0.28522446335778057,Steered N=20,1.3062528416508088,-1.0210283782930283
GAP21Q34_c_W82,high,0.45636490876828406,Steered N=20,1.2784463816508087,-0.8220814728825246
GAP21Q34_d_W82,low,0.9611971489252275,Steered N=20,0.6635468114340473,0.2976503374911802
GAP21Q34_d_W82,high,0.28102136116914833,Steered N=20,0.6965531814340472,-0.4155318202648989
GAP21Q34_e_W82,low,0.8702940846867431,Steered N=20,0.47649343543310535,0.3938006492536377
GAP21Q34_e_W82,high,0.19205820706952337,Steered N=20,0.30608533636553736,-0.114027129296014
GAP21Q34_f_W82,low,1.0758898921517728,Steered N=20,0.4162475572433747,0.6596423349083981
GAP21Q34_f_W82,high,0.5367633414339372,Steered N=20,0.5346919322130483,0.002071409220888887
GAP21Q38_a_W82,low,0.7920430636810917,Steered N=20,0.6578855210537476,0.13415754262734403
GAP21Q38_a_W82,high,0.228252055903105,Steered N=20,0.6630236310537476,-0.43477157515064263
GAP21Q38_b_W82,low,0.7632013193733104,Steered N=20,0.6067252231603438,0.15647609621296654
GAP21Q38_b_W82,high,0.1547840650121785,Steered N=20,0.5594429876404232,-0.4046589226282447
GAP21Q38_c_W82,low,0.7492543366404156,Steered N=20,0.5771413866423054,0.17211294999811022
GAP21Q38_c_W82,high,0.21869409845488025,Steered N=20,0.44810893664230544,-0.2294148381874252
GAP21Q41_W82,low,1.3229066714039432,Steered N=20,1.0101304278628982,0.31277624354104505
GAP21Q41_W82,high,0.7817389282386217,Steered N=20,1.212456197862898,-0.43071726962427637
GAP21Q43_g_W82,low,0.5671276335177154,Steered N=20,0.40664737496608006,0.1604802585516354
GAP21Q43_g_W82,high,0.293170934050668,Steered N=20,0.4021745774912177,-0.10900364344054969
GAP21Q47_W82,low,0.3305048276463781,Steered N=20,1.0807502706861523,-0.7502454430397741
GAP21Q47_W82,high,0.3579364343374919,Steered N=20,0.9690367806861524,-0.6111003463486605
GAP21Q4_a_W82,low,0.5766874357668743,Steered N=20,1.3269051903558435,-0.7502177545889692
GAP21Q4_a_W82,high,0.36574287766859537,Steered N=20,1.3109606,-0.9452177223314047
GAP21Q4_b_W82,low,1.314984752790133,Steered N=20,0.6296769293600419,0.6853078234300911
GAP21Q4_b_W82,high,1.0552876662711155,Steered N=20,0.7096984322558834,0.3455892340152321
GAP21Q4_c_W82,low,1.030768434474657,Steered N=20,0.9362906440198698,0.09447779045478721
GAP21Q4_c_W82,high,0.4762241816793271,Steered N=20,1.048755989542618,-0.5725318078632908
GAP21Q4_d_W82,low,1.0217315702173155,Steered N=20,0.997714561537306,0.024017008680009555
GAP21Q4_d_W82,high,0.3492911586844268,Steered N=20,1.0955097777067735,-0.7462186190223468
GAP21Q4_e_W82,low,1.0115143132572957,Steered N=20,0.8501519423844268,0.16136237087286887
GAP21Q4_e_W82,high,0.2946019490421416,Steered N=20,0.7279916541196909,-0.4333897050775493
GAP21Q4_f_W82,low,0.8641403910515199,Steered N=20,1.0835910926440413,-0.21945070159252145
GAP21Q4_f_W82,high,0.35106482606772005,Steered N=20,1.1911019270070469,-0.8400371009393268
GAP21Q7_a_W82,low,0.7011076699999998,Steered N=20,0.8256394572310152,-0.12453178723101532
GAP21Q7_a_W82,high,1.0532697581426846,Steered N=20,1.072218346568706,-0.01894858842602143
GAP21Q7_b_W82,low,0.42809098148279157,Steered N=20,0.31007648029860496,0.1180145011841866
GAP21Q7_b_W82,high,0.7142338041994167,Steered N=20,0.31414585999999994,0.4000879441994168
GAP21Q7_d_W82,low,0.8472379900000001,Steered N=20,0.9533992708463821,-0.10616128084638199
GAP21Q7_d_W82,high,0.6439302807101094,Steered N=20,1.0940788808463822,-0.4501486001362728
BILLION_W92,low,0.4591283397182154,Steered N=20,0.21191023982949142,0.24721809988872395
BILLION_W92,high,0.16509428146582555,Steered N=20,0.1821292204434108,-0.017034938977585234
CANDEXP_W92,low,0.7659262819330837,Steered N=20,0.47922700818545527,0.2866992737476284
CANDEXP_W92,high,0.13298562817581497,Steered N=20,0.3666007805387359,-0.23361515236292094
ELECT_CONF3_PRVFR_W92,low,0.6299521422654915,Steered N=20,1.4351726303941106,-0.8052204881286191
ELECT_CONF3_PRVFR_W92,high,0.22968609570889492,Steered N=20,1.4443445603941105,-1.2146584646852157
ELECT_CONF3_PRVSUP_W92,low,0.6432831311747227,Steered N=20,0.7523138673630274,-0.10903073618830472
ELECT_CONF3_PRVSUP_W92,high,0.41558235841792834,Steered N=20,0.7605362186499036,-0.3449538602319753
ELECT_IMPT3_PRVFR_W92,low,0.6174932243844699,Steered N=20,1.447146628924843,-0.8296534045403731
ELECT_IMPT3_PRVFR_W92,high,0.31634601486010794,Steered N=20,1.6605175466800648,-1.3441715318199567
FREECOLL_W92,low,0.6272059503990172,Steered N=20,1.08741464,-0.4602086896009828
FREECOLL_W92,high,0.3172897672193879,Steered N=20,0.5716115898038572,-0.2543218225844693
GODMORALIMP_W92,low,0.8211484996683728,Steered N=20,0.33979072992323883,0.48135776974513395
GODMORALIMP_W92,high,0.7251767292396352,Steered N=20,0.5556796298213444,0.16949709941829072
LEGALIMMIGAMT_W92,low,0.7534164437501315,Steered N=20,0.2062378877502844,0.5471785559998471
LEGALIMMIGAMT_W92,high,0.6594229183368374,Steered N=20,0.3280433200000001,0.33137959833683733
POLINTOL2_a_W92,low,0.3091775187852321,Steered N=20,0.8178606313033457,-0.5086831125181137
POLINTOL2_a_W92,high,0.13021971209896271,Steered N=20,0.7005294615623697,-0.5703097494634071
PROG_RNEED_W92,low,0.46821488469146855,Steered N=20,0.29441855998529964,0.1737963247061689
PROG_RNEED_W92,high,0.18224597531568582,Steered N=20,0.4352293899852997,-0.2529834146696139
RACESURV52MOD_W92,low,0.82697821907851,Steered N=20,0.5109319925389457,0.31604622653956427
RACESURV52MOD_W92,high,0.8745170218050189,Steered N=20,0.27475068766689464,0.5997663341381243
REPRSNTDEM_W92,low,0.5849895422571201,Steered N=20,1.3358732398607902,-0.7508836976036701
REPRSNTDEM_W92,high,0.3144914029160854,Steered N=20,1.1196725340244031,-0.8051811311083177
REPRSNTREP_W92,low,0.49485081424983374,Steered N=20,0.8100928625199532,-0.3152420482701194
REPRSNTREP_W92,high,0.49213110307310703,Steered N=20,0.8265558525199534,-0.3344247494468464
SOCIETY_GUNS_W92,low,1.0563993723207974,Steered N=20,0.8997178839072288,0.15668148841356855
SOCIETY_GUNS_W92,high,1.3642986387986906,Steered N=20,0.9622268739072289,0.4020717648914617
SOCIETY_RELG_W92,low,1.398131981360471,Steered N=20,1.178269789535833,0.21986219182463795
SOCIETY_RELG_W92,high,0.8014972740162389,Steered N=20,1.3807061395358329,-0.5792088655195939
SOCIETY_RHIST_W92,low,1.0584758807924226,Steered N=20,0.5997047640425017,0.4587711167499209
SOCIETY_RHIST_W92,high,0.3197872583411856,Steered N=20,0.575796424042502,-0.2560091657013164
SOCIETY_SSM_W92,low,0.5785294068409814,Steered N=20,0.8977255039572933,-0.3191960971163119
SOCIETY_SSM_W92,high,0.5067748424390804,Steered N=20,0.5106855885707724,-0.003910746131691956
SOCIETY_TRANS_W92,low,0.5162447928336518,Steered N=20,1.1711507832547376,-0.6549059904210859
SOCIETY_TRANS_W92,high,0.5207456457815554,Steered N=20,0.9154492132547377,-0.39470356747318236
SOCIETY_WHT_W92,low,0.7916840981217511,Steered N=20,0.09149819533478429,0.7001859027869668
SOCIETY_WHT_W92,high,0.8173963517331265,Steered N=20,0.19483767286106038,0.6225586788720662
UNIMMIGCOMM_W92,low,0.3764004643335332,Steered N=20,0.6373936019576568,-0.26099313762412363
UNIMMIGCOMM_W92,high,0.4448206901582052,Steered N=20,0.6557783565577835,-0.2109576663995783
USEXCEPT_W92,low,0.7831493733084798,Steered N=20,0.24350360249813183,0.5396457708103479
USEXCEPT_W92,high,0.44634861623799,Steered N=20,0.2946552724981317,0.15169334373985827
USMILSIZ_W92,low,1.5710174806112451,Steered N=20,0.7126154187104953,0.8584020619007499
USMILSIZ_W92,high,0.6937649548170429,Steered N=20,0.5825207503232201,0.11124420449382277
WHADVANT_W92,low,0.3113051542932446,Steered N=20,0.6314291083647675,-0.3201239540715229
WHADVANT_W92,high,0.21423893444014058,Steered N=20,0.46658444428804524,-0.25234550984790466
CARRYGUN_W26,low,0.5680576078519641,Inferred from occupation,0.562185436041774,0.005872171810190174
CARRYGUN_W26,high,0.8434617669009221,Inferred from occupation,0.8092498921485833,0.03421187475233878
GROWUPGUN2A_W26,low,0.06740214049850912,Inferred from occupation,0.03217136049465963,0.03523078000384949
GROWUPGUN2A_W26,high,0.10140707435908636,Inferred from occupation,0.12986527049465968,-0.02845819613557332
GROWUPGUN2B_W26,low,0.29276666680103913,Inferred from occupation,0.27934820932083326,0.01341845748020587
GROWUPGUN2B_W26,high,0.3241507914959222,Inferred from occupation,0.28773897932083325,0.03641181217508893
GROWUPGUN2C_W26,low,0.3547621989233646,Inferred from occupation,0.4385289560678808,-0.0837667571445162
GROWUPGUN2C_W26,high,0.4902456849301845,Inferred from occupation,0.4581125260678808,0.03213315886230372
GROWUPGUN4_W26,low,0.9707589919999999,Inferred from occupation,0.6709256015464227,0.29983339045357726
GROWUPGUN4_W26,high,1.0491990556187956,Inferred from occupation,0.6672752215464226,0.38192383407237296
GROWUPGUN6_W26,low,0.6084988301529604,Inferred from occupation,0.7187051391257266,-0.11020630897276629
GROWUPGUN6_W26,high,0.5576378235468955,Inferred from occupation,0.76609567722382,-0.2084578536769245
GROWUPGUN7_W26,low,0.6988842479999999,Inferred from occupation,0.570246663591608,0.1286375844083919
GROWUPGUN7_W26,high,0.48125294939576935,Inferred from occupation,0.7091966648582382,-0.22794371546246883
GROWUPVIOL_W26,low,0.3258988134327806,Inferred from occupation,0.5169493438417354,-0.1910505304089548
GROWUPVIOL_W26,high,0.7822734562903773,Inferred from occupation,0.8313301690992967,-0.049056712808919434
GUNACCESS_W26,low,1.0597699172896085,Inferred from occupation,0.5746746798394402,0.48509523745016825
GUNACCESS_W26,high,1.3246411264021667,Inferred from occupation,0.8211756575687388,0.5034654688334279
GUNACTIVITYA_W26,low,1.1916192391485938,Inferred from occupation,1.3107140393804046,-0.11909480023181085
GUNACTIVITYA_W26,high,1.6739752059323378,Inferred from occupation,1.3274502237608012,0.3465249821715366
GUNACTIVITYB_W26,low,0.42170223598188794,Inferred from occupation,0.47260287527397127,-0.05090063929208333
GUNACTIVITYB_W26,high,0.7678587134077504,Inferred from occupation,0.4620916974957516,0.3057670159119988
GUNCONTRIBA_W26,low,0.6122006685464784,Inferred from occupation,0.7508516340347928,-0.13865096548831446
GUNCONTRIBA_W26,high,0.37565188599999993,Inferred from occupation,0.8018029461574818,-0.4261510601574819
GUNCONTRIBC_W26,low,0.26889160588695094,Inferred from occupation,0.5777725325014725,-0.3088809266145216
GUNCONTRIBC_W26,high,0.34698725884239734,Inferred from occupation,0.8264631700502078,-0.4794759112078104
GUNCONTRIBE_W26,low,0.8823542758020247,Inferred from occupation,0.41195286610682164,0.4704014096952031
GUNCONTRIBE_W26,high,0.5632737264719669,Inferred from occupation,0.4242704261068218,0.13900330036514513
GUNCONTRIBF_W26,low,0.7978003354333469,Inferred from occupation,0.6515690226813737,0.1462313127519732
GUNCONTRIBF_W26,high,0.6344477400931485,Inferred from occupation,0.6841907731580923,-0.049743033064943765
GUNFRIEND_W26,low,0.8496834470348694,Inferred from occupation,1.0491957148548254,-0.199512267819956
GUNFRIEND_W26,high,0.7170806937472249,Inferred from occupation,1.0451743735645218,-0.32809367981729687
GUNIDENTITY_W26,low,1.2552656492367604,Inferred from occupation,1.2823689600000001,-0.027103310763239685
GUNIDENTITY_W26,high,0.8834331259597102,Inferred from occupation,1.13294555,-0.24951242404028984
GUNLOADED1_W26,low,0.22788359599253505,Inferred from occupation,0.30908012000000007,-0.08119652400746502
GUNLOADED1_W26,high,0.25607124429222666,Inferred from occupation,0.24794504000000006,0.008126204292226602
GUNLOADED2_W26,low,0.3648951549054122,Inferred from occupation,0.4423985514884963,-0.07750339658308414
GUNLOADED2_W26,high,0.5408218018104813,Inferred from occupation,0.5824962514884964,-0.041674449678015035
GUNLOCKED1_W26,low,0.39786054673178106,Inferred from occupation,0.31069062999999986,0.0871699167317812
GUNLOCKED1_W26,high,0.2874586252616245,Inferred from occupation,0.31656438999999986,-0.02910576473837534
GUNLOCKED2_W26,low,0.3294678761598017,Inferred from occupation,0.39469778482939627,-0.06522990866959455
GUNLOCKED2_W26,high,0.21159913881473058,Inferred from occupation,0.2581998448293963,-0.046600706014665705
GUNRESPKIDSD_W26,low,0.42785322498828293,Inferred from occupation,1.0755602567510028,-0.6477070317627198
GUNRESPKIDSD_W26,high,0.4842875056185332,Inferred from occupation,1.3900919696010856,-0.9058044639825524
GUNRESPKIDSE_W26,low,0.3496231457049057,Inferred from occupation,0.5413062923995199,-0.19168314669461417
GUNRESPKIDSE_W26,high,0.197112915971129,Inferred from occupation,0.7792053925910939,-0.5820924766199649
GUNRESPNOKIDSA_W26,low,0.509346608811215,Inferred from occupation,0.28500218816155254,0.22434442064966242
GUNRESPNOKIDSA_W26,high,0.6170838264466462,Inferred from occupation,0.2948474327423376,0.32223639370430857
GUNRESPNOKIDSB_W26,low,0.5749486510977802,Inferred from occupation,0.23137413366465942,0.34357451743312073
GUNRESPNOKIDSB_W26,high,0.6796194139314142,Inferred from occupation,0.21730635352398187,0.46231306040743236
GUNRESPNOKIDSC_W26,low,0.7992241834355209,Inferred from occupation,0.4542663545426635,0.3449578288928574
GUNRESPNOKIDSC_W26,high,0.9694259339690623,Inferred from occupation,0.59178601591786,0.37763991805120234
GUNRESPNOKIDSD_W26,low,0.3323103784693989,Inferred from occupation,0.2867307864506975,0.04557959201870143
GUNRESPNOKIDSD_W26,high,0.32302052503853446,Inferred from occupation,0.43561646645069757,-0.11259594141216311
GUNRESPNOKIDSE_W26,low,0.10904379428265881,Inferred from occupation,0.12286588663263892,-0.013822092349980108
GUNRESPNOKIDSE_W26,high,0.40860785643384145,Inferred from occupation,0.2678136675702377,0.14079418886360373
GUNRESPNOKIDSF_W26,low,0.2980116248432675,Inferred from occupation,0.20900958293058824,0.08900204191267924
GUNRESPNOKIDSF_W26,high,0.31382112244238836,Inferred from occupation,0.2986830763339536,0.015138046108434777
GUNSAFETYKIDS_W26,low,0.10178155872681788,Inferred from occupation,0.13476941358642633,-0.03298785485960845
GUNSAFETYKIDS_W26,high,0.20299465420504947,Inferred from occupation,0.15298586358642627,0.050008790618623206
GUNSAFE_W26,low,0.0955903428196711,Inferred from occupation,0.022252737291682423,0.07333760552798868
GUNSAFE_W26,high,0.0577656434640465,Inferred from occupation,0.04213690593278979,0.01562873753125671
GUNTYPEOWNC_W26,low,0.07734229831147588,Inferred from occupation,1.0835046507030066,-1.0061623523915308
GUNTYPEOWNC_W26,high,0.25454037793282797,Inferred from occupation,0.7091909584979226,-0.4546505805650946
NOCARRYGUN_W26,low,0.22443010445427503,Inferred from occupation,0.25805487000000005,-0.03362476554572502
NOCARRYGUN_W26,high,0.253549923637326,Inferred from occupation,0.26993812000000006,-0.01638819636267408
REASONGUNA_W26,low,1.0275780421020098,Inferred from occupation,1.2514506743712683,-0.22387263226925858
REASONGUNA_W26,high,0.7248740480497036,Inferred from occupation,1.090232414371268,-0.3653583663215645
REASONGUNB_W26,low,0.7368264664149351,Inferred from occupation,0.8662216413377837,-0.12939517492284858
REASONGUNB_W26,high,0.5328129295396323,Inferred from occupation,0.7356987721598262,-0.20288584262019382
REASONGUNC_W26,low,0.6333256017656689,Inferred from occupation,0.7743131845669469,-0.140987582801278
REASONGUNC_W26,high,0.7278239983582518,Inferred from occupation,0.9369672251969161,-0.20914322683866426
REASONGUND_W26,low,0.2366203751689202,Inferred from occupation,0.34994889640587257,-0.11332852123695236
REASONGUND_W26,high,0.15011739199293478,Inferred from occupation,0.26901158640587264,-0.11889419441293786
REASONGUNE_W26,low,0.27857688864414015,Inferred from occupation,0.250158041853468,0.028418846790672136
REASONGUNE_W26,high,0.38597194318560735,Inferred from occupation,0.324059391853468,0.061912551332139354
SHOOTFREQ_W26,low,0.40278357732276227,Inferred from occupation,0.56084015,-0.15805657267723772
SHOOTFREQ_W26,high,0.4014701897087236,Inferred from occupation,0.8037213005774363,-0.4022511108687127
WORRYB_W26,low,0.38963682626926155,Inferred from occupation,0.3922289149137286,-0.0025920886444670277
WORRYB_W26,high,0.2042282536748833,Inferred from occupation,0.18572126783833115,0.018506985836552137
WORRYD_W26,low,0.5158582725451515,Inferred from occupation,0.2519027009349155,0.263955571610236
WORRYD_W26,high,0.23031275039465837,Inferred from occupation,0.4289895290650844,-0.19867677867042605
WORRYE_W26,low,0.3720788868281113,Inferred from occupation,0.3236116435166533,0.04846724331145802
WORRYE_W26,high,0.284646549502112,Inferred from occupation,0.289513692677694,-0.004867143175582012
WORRYF_W26,low,0.14528389455948917,Inferred from occupation,0.19090286553316477,-0.04561897097367559
WORRYF_W26,high,0.33405186357471117,Inferred from occupation,0.22188820092726685,0.11216366264744432
BOYSF1B_W29,low,0.5260298578108591,Inferred from occupation,0.35681879482753365,0.16921106298332544
BOYSF1B_W29,high,0.5445207895265165,Inferred from occupation,0.32525690982753364,0.21926387969898287
FAVORS_CPS_W29,low,1.8803979759810843,Inferred from occupation,1.0231469610292103,0.857251014951874
FAVORS_CPS_W29,high,1.9590502812294586,Inferred from occupation,0.8995611025998702,1.0594891786295884
FEM2_W29,low,1.8062401575207292,Inferred from occupation,1.562181729550815,0.24405842796991428
FEM2_W29,high,1.7317547714117243,Inferred from occupation,1.4276677179467483,0.304087053464976
GIRLSF2C_W29,low,0.46667573843401255,Inferred from occupation,0.33054924499999994,0.13612649343401262
GIRLSF2C_W29,high,0.5559998933526149,Inferred from occupation,0.3578168873734463,0.1981830059791686
GIRLSF2D_W29,low,0.4030108128018677,Inferred from occupation,0.334162953359998,0.06884785944186966
GIRLSF2D_W29,high,0.4765736583806479,Inferred from occupation,0.3152090416789123,0.16136461670173563
GOPDIRCT_W29,low,1.7361607763264146,Inferred from occupation,0.8666008995250569,0.8695598768013577
GOPDIRCT_W29,high,0.963381081310096,Inferred from occupation,0.8631342685599692,0.10024681275012681
HOOD_NHISB_W29,low,1.0908252265719758,Inferred from occupation,1.4682733206218357,-0.3774480940498599
HOOD_NHISB_W29,high,1.3005223949404643,Inferred from occupation,2.0025967233032618,-0.7020743283627975
LOCALELECT_W29,low,0.4129208574636994,Inferred from occupation,0.6344107494167093,-0.2214898919530099
LOCALELECT_W29,high,0.3494106646107888,Inferred from occupation,1.3099163430991632,-0.9605056784883743
MAN1A_W29,low,1.4309074671390367,Inferred from occupation,0.4765398639676138,0.954367603171423
MAN1A_W29,high,0.6150374497432747,Inferred from occupation,0.5632699139676137,0.051767535775660956
MAN1B_W29,low,0.5519247769447475,Inferred from occupation,0.4582561687944937,0.0936686081502538
MAN1B_W29,high,0.3574734939188341,Inferred from occupation,0.2483141710312822,0.1091593228875519
MAN1C_W29,low,1.1485835670929863,Inferred from occupation,0.8172429935098655,0.33134057358312075
MAN1C_W29,high,0.6900270013416617,Inferred from occupation,0.43497904228609746,0.25504795905556427
MAN1D_W29,low,1.1743699377098045,Inferred from occupation,0.8015052481827828,0.3728646895270217
MAN1D_W29,high,0.8040027956073337,Inferred from occupation,0.6137200227343736,0.19028277287296003
MAN1E_W29,low,1.4155775515602367,Inferred from occupation,0.74375103256249,0.6718265189977467
MAN1E_W29,high,0.7575332442902566,Inferred from occupation,0.5051143635442241,0.25241888074603247
MASC2_W29,low,1.6784585680000002,Inferred from occupation,1.412732679434746,0.26572588856525425
MASC2_W29,high,1.767290841637425,Inferred from occupation,1.4844555794347458,0.28283526220267907
S12_W29,low,0.5166962450166745,Inferred from occupation,1.0546763849584426,-0.5379801399417681
S12_W29,high,0.5983619973684657,Inferred from occupation,1.6471914336701379,-1.0488294363016721
S13_W29,low,0.5657180313413483,Inferred from occupation,1.9028299383591756,-1.3371119070178272
S13_W29,high,0.4953367790866259,Inferred from occupation,2.0874768652267903,-1.5921400861401644
SEENFEM_W29,low,1.1556853060797063,Inferred from occupation,0.8415548145495213,0.314130491530185
SEENFEM_W29,high,1.1067809545147425,Inferred from occupation,0.7506193145495214,0.3561616399652211
SEENMASC_W29,low,0.8401869776269755,Inferred from occupation,0.4654180132923619,0.3747689643346136
SEENMASC_W29,high,0.8370765419277544,Inferred from occupation,0.4972989960545579,0.3397775458731965
TALK_CPS_W29,low,0.6944404012816725,Inferred from occupation,0.8413356023144112,-0.14689520103273868
TALK_CPS_W29,high,0.6215631569405993,Inferred from occupation,1.0081003793048786,-0.38653722236427934
WORRYBILL_W29,low,0.48733272440433645,Inferred from occupation,0.9540988397839552,-0.4667661153796187
WORRYBILL_W29,high,1.0528050771672355,Inferred from occupation,0.5288422699535994,0.5239628072136361
CLASS_W32,low,0.515967151267624,Inferred from occupation,0.7175264530420825,-0.20155930177445847
CLASS_W32,high,0.6260949747021091,Inferred from occupation,0.60619100787618,0.019903966825929098
COMMIMPA_W32,low,0.5443019467958027,Inferred from occupation,0.5757115023424748,-0.03140955554667213
COMMIMPA_W32,high,0.5598688955356907,Inferred from occupation,0.6047698855411118,-0.044900990005421026
COMMIMPB_W32,low,0.3440564799117416,Inferred from occupation,0.3385713884556586,0.005485091456083002
COMMIMPB_W32,high,0.26415811349995477,Inferred from occupation,0.3226877884556586,-0.058529674955703825
COMMIMPC_W32,low,0.6914256487947861,Inferred from occupation,0.8378333967290258,-0.14640774793423972
COMMIMPC_W32,high,0.7671276012411379,Inferred from occupation,0.9218352765305291,-0.15470767528939122
COMMIMPF_W32,low,0.49295586846375644,Inferred from occupation,0.5642937129235306,-0.07133784445977415
COMMIMPF_W32,high,0.48095622399999993,Inferred from occupation,0.5953102329235306,-0.11435400892353065
COMMIMPG_W32,low,0.7264363541192773,Inferred from occupation,0.6695094300000001,0.056926924119277245
COMMIMPG_W32,high,0.6799527256268614,Inferred from occupation,0.6643714952124676,0.015581230414393743
COMMIMPH_W32,low,0.7271604561073992,Inferred from occupation,0.8408597694893232,-0.11369931338192396
COMMIMPH_W32,high,0.729366881411043,Inferred from occupation,0.6494569652439894,0.07990991616705356
COMMYRS_W32,low,0.5524030873739476,Inferred from occupation,1.0417212879798896,-0.489318200605942
COMMYRS_W32,high,0.6434739030793115,Inferred from occupation,0.898862277623674,-0.2553883745443625
ETHNCMAJ_W32,low,0.13061296818762552,Inferred from occupation,0.09955660791499678,0.031056360272628744
ETHNCMAJ_W32,high,0.081287924239479,Inferred from occupation,0.06091634576506366,0.02037157847441534
GAYMARR2_W32,low,1.1054562317453183,Inferred from occupation,0.49034480114034223,0.6151114306049761
GAYMARR2_W32,high,1.193794917437629,Inferred from occupation,0.7166355419232661,0.47715937551436294
HARASS2F1_W32,low,0.11164192776137598,Inferred from occupation,0.11352220644268525,-0.001880278681309272
HARASS2F1_W32,high,0.10848119660095976,Inferred from occupation,0.03236647719384128,0.07611471940711848
IMMIMPACT_W32,low,0.16381145804962638,Inferred from occupation,0.13702655028756622,0.02678490776206016
IMMIMPACT_W32,high,0.23112125721614976,Inferred from occupation,0.19476951819608807,0.036351739020061696
MOVERURAL_W32,low,0.3387596836468031,Inferred from occupation,0.22655006333881234,0.11220962030799075
MOVERURAL_W32,high,0.5561841369550345,Inferred from occupation,0.23938529089910732,0.31679884605592723
MOVESUBURB_W32,low,0.31943759628506785,Inferred from occupation,0.3241749992869186,-0.004737403001850771
MOVESUBURB_W32,high,0.5367650531274168,Inferred from occupation,0.3452819396377574,0.19148311348965946
MOVEURBAN_W32,low,0.45121309746267246,Inferred from occupation,0.37459281966782443,0.07662027779484804
MOVEURBAN_W32,high,0.41770216969225465,Inferred from occupation,0.4313394256866058,-0.013637255994351172
NEIGHINTERA_W32,low,0.7196928788874826,Inferred from occupation,0.4695435356177722,0.2501493432697104
NEIGHINTERA_W32,high,1.0873413315637666,Inferred from occupation,0.487454449835133,0.5998868817286336
NEIGHINTERB_W32,low,2.090977582447771,Inferred from occupation,1.7531291096065869,0.33784847284118413
NEIGHINTERB_W32,high,2.661690612093217,Inferred from occupation,2.086843158344742,0.5748474537484749
NEIGHKIDS_W32,low,0.2248826360433642,Inferred from occupation,0.35318877883771105,-0.12830614279434685
NEIGHKIDS_W32,high,0.19780895290201791,Inferred from occupation,0.24505252883771103,-0.047243575935693116
NEIGHSAMEA_W32,low,1.093173764445879,Inferred from occupation,0.8440973819688463,0.24907638247703268
NEIGHSAMEA_W32,high,1.4564446449553967,Inferred from occupation,1.1658512982334468,0.2905933467219499
SATLIFED_W32,low,0.4732628237342682,Inferred from occupation,0.6624879377224961,-0.18922511398822794
SATLIFED_W32,high,0.5347676117413146,Inferred from occupation,0.796740600434219,-0.2619729886929044
SOCTRUST2_W32,low,0.11048903423599832,Inferred from occupation,0.2142139819317569,-0.10372494769575857
SOCTRUST2_W32,high,0.347816966748905,Inferred from occupation,0.4746176119317569,-0.1268006451828519
VALUERURAL_W32,low,0.4234903373713943,Inferred from occupation,0.5573433096296921,-0.13385297225829784
VALUERURAL_W32,high,0.2938072760513539,Inferred from occupation,0.5348017396296922,-0.2409944635783383
WHADVANT_W32,low,0.8345537807714422,Inferred from occupation,0.6866556418043197,0.14789813896712245
WHADVANT_W32,high,0.7978664501288408,Inferred from occupation,0.6733020318043197,0.12456441832452114
WILLMOVE_W32,low,0.5348560409908125,Inferred from occupation,1.3827327387798176,-0.8478766977890051
WILLMOVE_W32,high,0.8084323907433243,Inferred from occupation,1.3964128224287353,-0.587980431685411
EAT1_W34,low,0.43769626147353485,Inferred from occupation,0.7196750460834848,-0.2819787846099499
EAT1_W34,high,0.5184496270307928,Inferred from occupation,1.0102473860834849,-0.4917977590526921
EAT2_W34,low,0.344878216,Inferred from occupation,0.9959068875110901,-0.6510286715110901
EAT2_W34,high,0.8665658892836295,Inferred from occupation,0.7542544992514354,0.11231139003219415
EAT5B_W34,low,0.6366719653648096,Inferred from occupation,0.373864602206104,0.2628073631587056
EAT5B_W34,high,0.5811638827699349,Inferred from occupation,0.42993773972519733,0.15122614304473758
EAT5C_W34,low,0.458735725776817,Inferred from occupation,0.3050386557647713,0.1536970700120457
EAT5C_W34,high,0.41840242807319583,Inferred from occupation,0.31317340576477115,0.10522902230842468
EAT5D_W34,low,0.6114911368191417,Inferred from occupation,0.3917829128601109,0.21970822395903078
EAT5D_W34,high,0.590412927278724,Inferred from occupation,0.49985935654256597,0.090553570736158
EVOBIOA_W34,low,0.26578771673686696,Inferred from occupation,0.2767722376004099,-0.010984520863542957
EVOBIOA_W34,high,0.020112736416883048,Inferred from occupation,0.008304657600409882,0.011808078816473166
EVOBIOB_W34,low,0.3672220644961388,Inferred from occupation,0.36295319000000004,0.004268874496138775
EVOBIOB_W34,high,0.162802334,Inferred from occupation,0.16793347999999997,-0.005131145999999975
EVOPERS3_W34,low,0.47622527844832707,Inferred from occupation,0.4367878578096068,0.039437420638720244
EVOPERS3_W34,high,0.4227877690574768,Inferred from occupation,0.3847715474768579,0.0380162215806189
EVOTHREE_W34,low,0.40034530633505416,Inferred from occupation,0.001606870000000038,0.3987384363350541
EVOTHREE_W34,high,0.28152967311870714,Inferred from occupation,0.10774671000000002,0.1737829631187071
FUD22_W34,low,1.0222879197771206,Inferred from occupation,0.7445208217730707,0.27776709800405
FUD22_W34,high,0.9813608731939863,Inferred from occupation,0.751552750650436,0.22980812254355032
FUD24_W34,low,0.01859785318857432,Inferred from occupation,0.012156302678282827,0.006441550510291494
FUD24_W34,high,0.06212249986134247,Inferred from occupation,0.05042315010831974,0.011699349753022725
FUD33B_W34,low,0.2543792087912814,Inferred from occupation,0.17208028450418694,0.08229892428709445
FUD33B_W34,high,0.32174617765068103,Inferred from occupation,0.22271162123549007,0.09903455641519096
FUD35_W34,low,0.5909445449299745,Inferred from occupation,0.7712873699999999,-0.18034282507002541
FUD35_W34,high,0.5605569976055699,Inferred from occupation,0.832086822854972,-0.27152982524940217
FUD37A_W34,low,0.8076118252252373,Inferred from occupation,0.9010057968302457,-0.0933939716050084
FUD37A_W34,high,0.7325688065040393,Inferred from occupation,0.7112469138202474,0.02132189268379192
FUD37B_W34,low,0.4633022137708751,Inferred from occupation,0.48262466073193583,-0.019322446961060724
FUD37B_W34,high,0.44535046758487484,Inferred from occupation,0.3252002999999999,0.12015016758487496
FUD37C_W34,low,0.6910102402103004,Inferred from occupation,0.5416194304516043,0.14939080975869612
FUD37C_W34,high,0.9736972987262886,Inferred from occupation,0.7835466600424921,0.19015063868379656
BETTERBIZ1F2D_W36,low,0.05364769465239343,Inferred from occupation,0.08183622275936754,-0.028188528106974114
BETTERBIZ1F2D_W36,high,0.16301468709376327,Inferred from occupation,0.09406875793899618,0.06894592915476709
BETTERBIZ1F2E_W36,low,0.061509594066254364,Inferred from occupation,0.06319457,-0.0016849759337456416
BETTERBIZ1F2E_W36,high,0.10925473347615103,Inferred from occupation,0.15308994499999998,-0.04383521152384895
BETTERBIZ1F2H_W36,low,0.014901836080449954,Inferred from occupation,0.029669596004223392,-0.014767759923773438
BETTERBIZ1F2H_W36,high,0.1309334511434811,Inferred from occupation,0.07640866499999999,0.05452478614348111
BETTERBIZ2F2C_W36,low,0.04248531937484126,Inferred from occupation,0.029213599991917222,0.013271719382924041
BETTERBIZ2F2C_W36,high,0.06564200469820333,Inferred from occupation,0.05474808500808275,0.01089391969012058
BETTERBIZ2F2E_W36,low,0.07359476899999998,Inferred from occupation,0.06957138523655151,0.004023383763448463
BETTERBIZ2F2E_W36,high,0.06096838814241965,Inferred from occupation,0.06698152482434516,-0.006013136681925511
BETTERBIZ2F2F_W36,low,0.20128910612621756,Inferred from occupation,0.20855110354245615,-0.007261997416238591
BETTERBIZ2F2F_W36,high,0.15936073286080518,Inferred from occupation,0.16986703354245622,-0.010506300681651037
BETTERPOL1F1B_W36,low,0.270405293753883,Inferred from occupation,0.25821616425464555,0.01218912949923745
BETTERPOL1F1B_W36,high,0.3508220494565719,Inferred from occupation,0.3251969642546455,0.025625085201926412
BETTERPOL1F1E_W36,low,0.09325870720904417,Inferred from occupation,0.10037125166368918,-0.0071125444546450145
BETTERPOL1F1E_W36,high,0.11919771582028921,Inferred from occupation,0.1363972316636892,-0.017199515843399987
BETTERPOL1F1I_W36,low,0.2353600810503375,Inferred from occupation,0.2197096328649184,0.015650448185419108
BETTERPOL1F1I_W36,high,0.25257416706839564,Inferred from occupation,0.24869557786491842,0.003878589203477223
BETTERPOL2F1A_W36,low,0.12370924370775693,Inferred from occupation,0.08886845999999995,0.03484078370775698
BETTERPOL2F1A_W36,high,0.06523628936408268,Inferred from occupation,0.027717411092453847,0.037518878271628836
BETTERPOL2F1C_W36,low,0.0942435169510637,Inferred from occupation,0.10269330083224425,-0.008449783881180548
BETTERPOL2F1C_W36,high,0.09568199762332222,Inferred from occupation,0.10249693083224426,-0.006814933208922042
BETTERPOL2F1D_W36,low,0.11546392465595827,Inferred from occupation,0.13036677952954345,-0.014902854873585183
BETTERPOL2F1D_W36,high,0.08322545038645877,Inferred from occupation,0.11038559599985347,-0.027160145613394693
BETTERPOL2F1F_W36,low,0.12265096414496429,Inferred from occupation,0.12778491730096986,-0.005133953156005566
BETTERPOL2F1F_W36,high,0.08608639625655352,Inferred from occupation,0.12117044736711459,-0.035084051110561065
E5_W36,low,0.3217330748935108,Inferred from occupation,0.12714406947016665,0.19458900542334412
E5_W36,high,0.1531697830159039,Inferred from occupation,0.35291041944574175,-0.19974063642983786
ESSENBIZF2E_W36,low,0.5803305141262753,Inferred from occupation,0.51499763,0.06533288412627536
ESSENBIZF2E_W36,high,0.5899315421123592,Inferred from occupation,0.4289918348989086,0.16093970721345063
ESSENBIZF2J_W36,low,0.5851769187714967,Inferred from occupation,0.2589437311921544,0.3262331875793423
ESSENBIZF2J_W36,high,0.6404852875797549,Inferred from occupation,0.43202478119215443,0.20846050638760044
ESSENPOLF1A_W36,low,0.19591977260857618,Inferred from occupation,0.05317326922363541,0.14274650338494077
ESSENPOLF1A_W36,high,0.5660245459999999,Inferred from occupation,0.1758873045672218,0.39013724143277806
ESSENPOLF1B_W36,low,0.21073504385128639,Inferred from occupation,0.18666894903016118,0.024066094821125206
ESSENPOLF1B_W36,high,0.3266359805831889,Inferred from occupation,0.30684563563842526,0.019790344944763616
ESSENPOLF1D_W36,low,0.188425333840061,Inferred from occupation,0.17350238000000007,0.014922953840060926
ESSENPOLF1D_W36,high,0.387434710197897,Inferred from occupation,0.13516645000000005,0.25226826019789694
ESSENPOLF1G_W36,low,0.48341594616351197,Inferred from occupation,0.45170548956610096,0.03171045659741101
ESSENPOLF1G_W36,high,0.468366956197936,Inferred from occupation,0.44147172956610103,0.026895226631834968
ESSENPOLF1H_W36,low,0.2090977861452592,Inferred from occupation,0.17548547999999997,0.03361230614525923
ESSENPOLF1H_W36,high,0.3509498509972614,Inferred from occupation,0.2915601200000001,0.0593897309972613
HIGHEDWRNGB_W36,low,0.5327228914007356,Inferred from occupation,0.3152783105431629,0.21744458085757268
HIGHEDWRNGB_W36,high,0.5941442153137999,Inferred from occupation,0.1437006205431629,0.450443594770637
HIGHEDWRNGC_W36,low,0.8209107051627967,Inferred from occupation,0.581615304205181,0.2392954009576157
HIGHEDWRNGC_W36,high,0.8591995321276932,Inferred from occupation,0.6775201179547345,0.18167941417295863
IMPROVE1_W36,low,0.39356677668139295,Inferred from occupation,0.5109616086434904,-0.11739483196209743
IMPROVE1_W36,high,0.35971887373743766,Inferred from occupation,0.6107622587503643,-0.2510433850129266
IMPROVE2_W36,low,1.1732986800902019,Inferred from occupation,1.1384076904723148,0.03489098961788706
IMPROVE2_W36,high,0.9167127744636342,Inferred from occupation,1.039460440472315,-0.1227476660086807
IMPROVE3_W36,low,0.4841969855184676,Inferred from occupation,0.4817890011497397,0.0024079843687279112
IMPROVE3_W36,high,0.2897690763330982,Inferred from occupation,0.6170379893248115,-0.3272689129917133
MOREWMN1F2_W36,low,0.2043961910623774,Inferred from occupation,0.05334789070438245,0.15104830035799496
MOREWMN1F2_W36,high,0.19389141508775032,Inferred from occupation,0.10824637747410987,0.08564503761364045
POLCHF1_W36,low,0.8305785341083025,Inferred from occupation,1.0286130979012587,-0.19803456379295614
POLCHF1_W36,high,1.2001125566931434,Inferred from occupation,1.3654232199999998,-0.1653106633068564
TRAITBIZMF2C_W36,low,0.17219264823150252,Inferred from occupation,0.20713441000000005,-0.03494176176849753
TRAITBIZMF2C_W36,high,0.3215519474852964,Inferred from occupation,0.38180681,-0.06025486251470358
TRAITBIZMF2D_W36,low,0.17502887316031374,Inferred from occupation,0.25720761000000003,-0.0821787368396863
TRAITBIZMF2D_W36,high,0.21187445098843696,Inferred from occupation,0.29943742789778305,-0.08756297690934609
TRAITBIZMF2E_W36,low,0.23192751731045724,Inferred from occupation,0.3019403719483564,-0.07001285463789914
TRAITBIZMF2E_W36,high,0.3888996716410133,Inferred from occupation,0.45778235694835634,-0.06888268530734304
TRAITBIZMF2G_W36,low,0.15778172750405645,Inferred from occupation,0.19006291499999997,-0.032281187495943525
TRAITBIZMF2G_W36,high,0.26996814306612227,Inferred from occupation,0.33139915500000006,-0.06143101193387779
TRAITBIZWF2C_W36,low,0.2915474735574236,Inferred from occupation,0.2481091119183506,0.043438361639073
TRAITBIZWF2C_W36,high,0.2947134169418942,Inferred from occupation,0.25497016191835065,0.03974325502354353
TRAITBIZWF2D_W36,low,0.20791147005460253,Inferred from occupation,0.24748411377582813,-0.0395726437212256
TRAITBIZWF2D_W36,high,0.2510010017674317,Inferred from occupation,0.26773221718800194,-0.016731215420570267
TRAITBIZWF2E_W36,low,0.2666149800559868,Inferred from occupation,0.28177970512396566,-0.015164725067978835
TRAITBIZWF2E_W36,high,0.3352262384993564,Inferred from occupation,0.3369945501239657,-0.0017683116246092756
TRAITBIZWF2G_W36,low,0.29236976996765923,Inferred from occupation,0.3063380231199855,-0.013968253152326249
TRAITBIZWF2G_W36,high,0.35117216526840167,Inferred from occupation,0.3645850545308006,-0.01341288926239892
TRAITPOLMF1B_W36,low,0.1101056090523514,Inferred from occupation,0.07747952450339146,0.03262608454895993
TRAITPOLMF1B_W36,high,0.12395679000000004,Inferred from occupation,0.10871592309289438,0.01524086690710566
TRAITPOLMF1C_W36,low,0.12039998092980225,Inferred from occupation,0.181619659859976,-0.06121967893017374
TRAITPOLMF1C_W36,high,0.19456275358169933,Inferred from occupation,0.2699712607434921,-0.07540850716179276
TRAITPOLMF1D_W36,low,0.18445628399749323,Inferred from occupation,0.17468228440098726,0.009773999596505961
TRAITPOLMF1D_W36,high,0.19226898537154846,Inferred from occupation,0.23935721440098734,-0.04708822902943888
TRAITPOLMF1E_W36,low,0.23571656123268098,Inferred from occupation,0.21084039813737465,0.024876163095306325
TRAITPOLMF1E_W36,high,0.3433632985281089,Inferred from occupation,0.3692939381373746,-0.025930639609265727
TRAITPOLMF1F_W36,low,0.16593930651837493,Inferred from occupation,0.05405516251217039,0.11188414400620454
TRAITPOLMF1F_W36,high,0.2466016157203863,Inferred from occupation,0.09181043751217038,0.15479117820821592
TRAITPOLMF1G_W36,low,0.14582683394824206,Inferred from occupation,0.15684096028495959,-0.011014126336717528
TRAITPOLMF1G_W36,high,0.26919643323366577,Inferred from occupation,0.2991169202849596,-0.029920487051293854
TRAITPOLWF1A_W36,low,0.2443718932202401,Inferred from occupation,0.21568700680131114,0.028684886418928968
TRAITPOLWF1A_W36,high,0.2778055551169389,Inferred from occupation,0.2530754456923278,0.02473010942461107
TRAITPOLWF1C_W36,low,0.18887241221188097,Inferred from occupation,0.13448911879218092,0.05438329341970005
TRAITPOLWF1C_W36,high,0.22570676760008768,Inferred from occupation,0.14732568336982413,0.07838108423026355
TRAITPOLWF1D_W36,low,0.24382637569419557,Inferred from occupation,0.23385613738031585,0.00997023831387972
TRAITPOLWF1D_W36,high,0.30271972490805044,Inferred from occupation,0.301845248247919,0.0008744766601314624
TRAITPOLWF1E_W36,low,0.22416371299300614,Inferred from occupation,0.27314881885168696,-0.04898510585868082
TRAITPOLWF1E_W36,high,0.27738005927461906,Inferred from occupation,0.3299403822665401,-0.05256032299192104
TRAITPOLWF1F_W36,low,0.24634770054577415,Inferred from occupation,0.31068587667881076,-0.0643381761330366
TRAITPOLWF1F_W36,high,0.2771798128277451,Inferred from occupation,0.3297310466788107,-0.05255123385106558
TRAITPOLWF1G_W36,low,0.23566863504929159,Inferred from occupation,0.24074440972137792,-0.005075774672086336
TRAITPOLWF1G_W36,high,0.29996798901782606,Inferred from occupation,0.320493714721378,-0.020525725703551934
WHYNOTBIZF2A_W36,low,1.0814144361792006,Inferred from occupation,1.0341323628385757,0.04728207334062495
WHYNOTBIZF2A_W36,high,0.806174654,Inferred from occupation,0.8700995428385757,-0.06392488883857572
WHYNOTBIZF2B_W36,low,1.0273118168236632,Inferred from occupation,1.0341770842299383,-0.006865267406275022
WHYNOTBIZF2B_W36,high,0.7323633420870628,Inferred from occupation,0.8587814542299383,-0.12641811214287557
WHYNOTBIZF2D_W36,low,0.2663649095343399,Inferred from occupation,0.311421804210963,-0.045056894676623105
WHYNOTBIZF2D_W36,high,0.055020972784214,Inferred from occupation,0.057428721131015464,-0.0024077483468014638
WHYNOTBIZF2F_W36,low,0.23088547826439615,Inferred from occupation,0.28166843569093936,-0.05078295742654321
WHYNOTBIZF2F_W36,high,0.09943569399999996,Inferred from occupation,0.033734914309060664,0.06570077969093929
WHYNOTBIZF2G_W36,low,0.6644684964947569,Inferred from occupation,0.6706355861135505,-0.006167089618793531
WHYNOTBIZF2G_W36,high,0.4934497567796262,Inferred from occupation,0.5775853161135505,-0.08413555933392425
WHYNOTBIZF2H_W36,low,1.1269187897791038,Inferred from occupation,1.1654554611072285,-0.03853667132812477
WHYNOTBIZF2H_W36,high,0.8701792541027574,Inferred from occupation,1.005740522911044,-0.13556126880828667
WHYNOTBIZF2J_W36,low,0.5589831546343118,Inferred from occupation,0.981003210189968,-0.42202005555565614
WHYNOTBIZF2J_W36,high,0.4469203539604198,Inferred from occupation,0.9110809520415524,-0.4641605980811326
WHYNOTBIZF2M_W36,low,0.38222487335587685,Inferred from occupation,0.6669325203715148,-0.284707647015638
WHYNOTBIZF2M_W36,high,0.21823635781411937,Inferred from occupation,0.6027440519369531,-0.38450769412283375
WHYNOTBIZF2N_W36,low,0.6304775674742388,Inferred from occupation,0.5742653639616262,0.05621220351261258
WHYNOTBIZF2N_W36,high,0.5834172761422007,Inferred from occupation,0.5773700739616263,0.006047202180574418
WHYNOTBIZF2O_W36,low,1.1322111104626282,Inferred from occupation,1.1905906216270623,-0.05837951116443407
WHYNOTBIZF2O_W36,high,0.795859220351886,Inferred from occupation,0.866300041917125,-0.0704408215652389
WHYNOTPOLF1A_W36,low,1.0669604525962029,Inferred from occupation,1.1171512070319238,-0.05019075443572096
WHYNOTPOLF1A_W36,high,0.9235849760644517,Inferred from occupation,0.98587209,-0.06228711393554831
WHYNOTPOLF1B_W36,low,0.6452724527168341,Inferred from occupation,0.2690736115079887,0.3761988412088454
WHYNOTPOLF1B_W36,high,0.3517169688365934,Inferred from occupation,0.22133989822587885,0.13037707061071457
WHYNOTPOLF1C_W36,low,0.36248520170241855,Inferred from occupation,0.3954170372423901,-0.03293183553997153
WHYNOTPOLF1C_W36,high,0.36190834058006693,Inferred from occupation,0.3835754571239743,-0.02166711654390735
WHYNOTPOLF1E_W36,low,0.476833191005544,Inferred from occupation,0.7097710713479111,-0.23293788034236707
WHYNOTPOLF1E_W36,high,0.28343665567988163,Inferred from occupation,0.5280837913479111,-0.24464713566802943
WHYNOTPOLF1G_W36,low,0.5367672767903534,Inferred from occupation,0.4990818317710283,0.03768544501932514
WHYNOTPOLF1G_W36,high,0.2531323273501538,Inferred from occupation,0.39095716177102835,-0.13782483442087456
WHYNOTPOLF1I_W36,low,0.4203967921082258,Inferred from occupation,0.41194160501690874,0.00845518709131704
WHYNOTPOLF1I_W36,high,0.42112134672317647,Inferred from occupation,0.5011315150112299,-0.08001016828805341
WHYNOTPOLF1J_W36,low,0.7130562990428059,Inferred from occupation,0.3399155278304594,0.37314077121234646
WHYNOTPOLF1J_W36,high,0.7213077145728933,Inferred from occupation,0.30772401163087976,0.4135837029420136
WHYNOTPOLF1K_W36,low,0.45615088421516425,Inferred from occupation,0.48402572831560214,-0.02787484410043789
WHYNOTPOLF1K_W36,high,0.3143602063567521,Inferred from occupation,0.36290961831560226,-0.04854941195885015
WHYNOTPOLF1L_W36,low,1.1600184638610351,Inferred from occupation,1.1494512284068987,0.010567235454136403
WHYNOTPOLF1L_W36,high,0.886590863323621,Inferred from occupation,0.8600417653685797,0.026549097955041345
WMNPRZ1_W36,low,1.4737056421605637,Inferred from occupation,1.4229495398570804,0.050756102303483264
WMNPRZ1_W36,high,1.5804834370116194,Inferred from occupation,1.5740055498570802,0.00647788715453923
AUTOLKLY_W41,low,0.6793291036444176,Inferred from occupation,0.6071634869011695,0.07216561674324806
AUTOLKLY_W41,high,0.2557949915980653,Inferred from occupation,0.3253350682934662,-0.06954007669540091
AUTOWKPLC_W41,low,0.3605773934723057,Inferred from occupation,0.2698023181631951,0.09077507530911061
AUTOWKPLC_W41,high,0.3320819390842977,Inferred from occupation,0.21916728316319506,0.11291465592110261
ETHNCMAJMOD_W41,low,1.2143689571946075,Inferred from occupation,1.074881665,0.13948729219460754
ETHNCMAJMOD_W41,high,1.310470017792214,Inferred from occupation,1.115741645,0.194728372792214
FTRWORRYc_W41,low,0.6467299973302567,Inferred from occupation,1.168684667380616,-0.5219546700503592
FTRWORRYc_W41,high,0.5272611482792846,Inferred from occupation,1.3551360918051047,-0.8278749435258201
FTRWORRYe_W41,low,0.7559302949328072,Inferred from occupation,0.9667112553148389,-0.21078096038203176
FTRWORRYe_W41,high,0.45845129351985886,Inferred from occupation,0.9780756353148391,-0.5196243417949802
FTRWORRYf_W41,low,0.4555314087536478,Inferred from occupation,0.5704276942874222,-0.11489628553377446
FTRWORRYf_W41,high,0.4498391388164591,Inferred from occupation,0.4672291053194084,-0.017389966502949328
FUTRCLASSb_W41,low,0.43421635056433433,Inferred from occupation,0.43102457459519256,0.0031917759691417746
FUTRCLASSb_W41,high,0.47347584927484954,Inferred from occupation,0.5179543504644902,-0.044478501189640696
FUTRCLASSc_W41,low,0.17386168735302693,Inferred from occupation,0.1723330655425196,0.0015286218105073357
FUTRCLASSc_W41,high,0.06178290994640839,Inferred from occupation,0.07093496054251958,-0.009152050596111183
FUTR_DIV_W41,low,0.14767348963432547,Inferred from occupation,0.19774865136875908,-0.050075161734433604
FUTR_DIV_W41,high,0.19163196386856202,Inferred from occupation,0.2550962340154947,-0.06346427014693268
GOVPRIOb_W41,low,1.3857587797724862,Inferred from occupation,0.36745060737080326,1.018308172401683
GOVPRIOb_W41,high,0.8684570153118537,Inferred from occupation,0.34083717462037133,0.5276198406914824
GOVPRIOc_W41,low,1.1739799854188093,Inferred from occupation,0.21415626736147642,0.9598237180573329
GOVPRIOc_W41,high,0.75979282010466,Inferred from occupation,0.2296207985962937,0.5301720215083663
GOVPRIOe_W41,low,1.2931180816413046,Inferred from occupation,0.4356503464025252,0.8574677352387794
GOVPRIOe_W41,high,0.7625043285552972,Inferred from occupation,0.39268555127933025,0.3698187772759669
GOVPRIOfF1_W41,low,0.45961165103142554,Inferred from occupation,0.8048487758703722,-0.34523712483894664
GOVPRIOfF1_W41,high,0.4236678039889683,Inferred from occupation,0.8203409427913015,-0.39667313880233324
GOVPRIOgF1_W41,low,1.0012252673020479,Inferred from occupation,0.5930572904205975,0.40816797688145035
GOVPRIOgF1_W41,high,0.7611909547696212,Inferred from occupation,0.42863372159201946,0.3325572331776017
GOVPRIOhF1_W41,low,0.525974035228207,Inferred from occupation,0.19362714113596075,0.3323468940922462
GOVPRIOhF1_W41,high,0.19741541257546258,Inferred from occupation,0.18517172927569098,0.012243683299771602
GOVPRIOiF1_W41,low,0.7796616584854703,Inferred from occupation,0.578487205784872,0.2011744527005983
GOVPRIOiF1_W41,high,0.6484476949336488,Inferred from occupation,0.6117650708002347,0.036682624133414166
GOVPRIOjF1_W41,low,1.178797517632567,Inferred from occupation,0.8453594650067552,0.3334380526258117
GOVPRIOjF1_W41,high,0.34985853435494546,Inferred from occupation,0.43846673411519965,-0.08860819976025419
GOVPRIOkF2_W41,low,0.7579655968043688,Inferred from occupation,1.0591772861655235,-0.3012116893611547
GOVPRIOkF2_W41,high,0.43530717612888026,Inferred from occupation,0.8454201714707084,-0.4101129953418281
GOVPRIOlF2_W41,low,1.0342240138426197,Inferred from occupation,0.7966070820339293,0.23761693180869048
GOVPRIOlF2_W41,high,0.7901157807416204,Inferred from occupation,0.6139986603145491,0.17611712042707128
GOVPRIOmF2_W41,low,1.2115521516848586,Inferred from occupation,0.5378295706314653,0.6737225810533933
GOVPRIOmF2_W41,high,0.5143862353510931,Inferred from occupation,0.4806641610138723,0.03372207433722074
GOVPRIOnF2_W41,low,0.42288416276788565,Inferred from occupation,0.3101225099011141,0.11276165286677153
GOVPRIOnF2_W41,high,0.7203098840910453,Inferred from occupation,0.8908723566099896,-0.1705624725189443
GOVPRIOoF2_W41,low,1.2813721069091466,Inferred from occupation,0.38818990728203173,0.8931821996271149
GOVPRIOoF2_W41,high,0.7480368901536748,Inferred from occupation,0.36606513625269366,0.38197175390098115
HAPPEN2b_W41,low,0.5579373822935834,Inferred from occupation,0.3813113032333013,0.17662607906028205
HAPPEN2b_W41,high,0.3959026656360738,Inferred from occupation,0.22417155106391645,0.17173111457215734
HAPPEN2f_W41,low,0.7640390827511689,Inferred from occupation,0.5057219943263619,0.25831708842480705
HAPPEN2f_W41,high,1.1591042372073983,Inferred from occupation,0.6817999004659892,0.47730433674140915
HARASS1F1b_W41,low,0.9161771776748717,Inferred from occupation,1.1383116097821209,-0.22213443210724915
HARASS1F1b_W41,high,0.48487056967367487,Inferred from occupation,0.7261673797821209,-0.241296810108446
HARASS1F1d_W41,low,0.9863304903177588,Inferred from occupation,0.7158831234753715,0.27044736684238724
HARASS1F1d_W41,high,0.9611750953925488,Inferred from occupation,0.6424456034753714,0.31872949191717737
HARASS1NOWRKF2d_W41,low,0.48763337359079484,Inferred from occupation,0.3592279151140825,0.12840545847671236
HARASS1NOWRKF2d_W41,high,0.3040143806290496,Inferred from occupation,0.26146274020969607,0.042551640419353554
HARASS3NOWRKF2_W41,low,0.1905462902484988,Inferred from occupation,0.19768509710143506,-0.007138806852936247
HARASS3NOWRKF2_W41,high,0.215315195,Inferred from occupation,0.25885573710143506,-0.04354054210143507
INTRMAR_W41,low,1.213917599578556,Inferred from occupation,0.4950100850920902,0.7189075144864658
INTRMAR_W41,high,1.179769850039857,Inferred from occupation,0.5006007596313387,0.6791690904085184
LEGALIMG_W41,low,0.5110376640788217,Inferred from occupation,0.3812529220533711,0.1297847420254506
LEGALIMG_W41,high,0.4544757293443763,Inferred from occupation,0.31831031706357876,0.13616541228079754
SOLVPROBa_W41,low,0.44566437199999986,Inferred from occupation,0.42755222048611996,0.018112151513879904
SOLVPROBa_W41,high,0.30034073780559134,Inferred from occupation,0.3823943304861199,-0.08205359268052859
SOLVPROBb_W41,low,0.29483276000000014,Inferred from occupation,0.34801443405847277,-0.05318167405847263
SOLVPROBb_W41,high,0.49995272018351355,Inferred from occupation,0.5096164771741285,-0.009663756990614947
SOLVPROBc_W41,low,1.187570066,Inferred from occupation,0.4742508518817048,0.7133192141182951
SOLVPROBc_W41,high,0.5694522470079848,Inferred from occupation,0.40722348188170476,0.16222876512628004
SOLVPROBdF1_W41,low,0.3742499521538887,Inferred from occupation,0.3681774460795378,0.006072506074350892
SOLVPROBdF1_W41,high,0.358566328,Inferred from occupation,0.5196428648773159,-0.16107653687731593
SOLVPROBf_W41,low,0.30013250883261017,Inferred from occupation,0.361189675655218,-0.06105716682260781
SOLVPROBf_W41,high,0.7703663229673299,Inferred from occupation,0.37637080581456955,0.3939955171527603
SOLVPROBg_W41,low,1.387924350132161,Inferred from occupation,1.0249228797507715,0.3630014703813895
SOLVPROBg_W41,high,0.7662041069703179,Inferred from occupation,0.8973312954549926,-0.13112718848467464
SOLVPROBh_W41,low,0.4810618068537617,Inferred from occupation,0.44191370999999985,0.03914809685376186
SOLVPROBh_W41,high,0.346742027364295,Inferred from occupation,0.4137302999999999,-0.06698827263570489
CONFb_W42,low,0.5002144857272921,Inferred from occupation,0.43243401432434014,0.06778047140295196
CONFb_W42,high,0.3859720369462098,Inferred from occupation,0.45763210235338403,-0.07166006540717423
CONFc_W42,low,0.9181255606370614,Inferred from occupation,1.036311009429786,-0.11818544879272463
CONFc_W42,high,0.6057219948083075,Inferred from occupation,1.1392952709177746,-0.5335732761094671
CONFe_W42,low,0.7077904507895848,Inferred from occupation,0.8224569686936506,-0.11466651790406579
CONFe_W42,high,0.5456244972616414,Inferred from occupation,0.8663672256831529,-0.3207427284215115
CONFg_W42,low,0.6578465485260554,Inferred from occupation,0.7334815986652439,-0.07563505013918848
CONFg_W42,high,0.5634532614127203,Inferred from occupation,0.7946309586652439,-0.23117769725252357
PQ4_F2Aa_W42,low,1.2094758707735416,Inferred from occupation,0.6242883120010636,0.585187558772478
PQ4_F2Aa_W42,high,1.3466194272129017,Inferred from occupation,1.0288510220010634,0.31776840521183836
PQ4_F2Ac_W42,low,0.6767311168704756,Inferred from occupation,0.5536665438814232,0.12306457298905238
PQ4_F2Ac_W42,high,0.6072857508041476,Inferred from occupation,0.5572913405420059,0.049994410262141686
PQ4_F2Ae_W42,low,0.46440259276838597,Inferred from occupation,0.4025257055142116,0.061876887254174395
PQ4_F2Ae_W42,high,0.8476618800000002,Inferred from occupation,0.6382460116488291,0.2094158683511711
PQ4_F2Bb_W42,low,1.1613238915034123,Inferred from occupation,0.6866286661708068,0.47469522533260555
PQ4_F2Bb_W42,high,0.7886534447152985,Inferred from occupation,0.77613400197839,0.012519442736908526
PQ4_F2Bc_W42,low,0.571023148131949,Inferred from occupation,0.5431489131786171,0.027874234953331856
PQ4_F2Bc_W42,high,0.5778271369577749,Inferred from occupation,0.5922456488454692,-0.014418511887694274
PQ4_F2Bd_W42,low,0.7217571287707625,Inferred from occupation,0.5363182131065966,0.18543891566416593
PQ4_F2Bd_W42,high,0.6122194799218313,Inferred from occupation,0.6575311481286098,-0.045311668206778455
PQ4_F2Cc_W42,low,0.5160527444242279,Inferred from occupation,0.5774993883315497,-0.061446643907321796
PQ4_F2Cc_W42,high,0.48023335979961007,Inferred from occupation,0.6806330444174171,-0.20039968461780705
PQ8_F2B_W42,low,0.7696076807832226,Inferred from occupation,0.9869275715352483,-0.21731989075202574
PQ8_F2B_W42,high,0.3411497771933023,Inferred from occupation,0.7620819150800939,-0.4209321378867916
RQ1_F1B_W42,low,0.142448894010571,Inferred from occupation,0.1416350494871198,0.0008138445234512071
RQ1_F1B_W42,high,0.14913250463663325,Inferred from occupation,0.05600896948711981,0.09312353514951344
RQ1_F1C_W42,low,0.14719483602855873,Inferred from occupation,0.04265797293694934,0.1045368630916094
RQ1_F1C_W42,high,0.09892831839567315,Inferred from occupation,0.04143703331824822,0.05749128507742493
RQ2_F1A_W42,low,0.5460496623289341,Inferred from occupation,0.158697174291846,0.38735248803708816
RQ2_F1A_W42,high,0.3757611903931522,Inferred from occupation,0.07464603570815406,0.30111515468499817
RQ4_F1Ab_W42,low,1.0370283064969201,Inferred from occupation,0.629019071653502,0.4080092348434181
RQ4_F1Ab_W42,high,1.0953489609450422,Inferred from occupation,0.8107722139581389,0.2845767469869033
RQ4_F1Ae_W42,low,0.647722518697308,Inferred from occupation,0.4106139712568549,0.23710854744045312
RQ4_F1Ae_W42,high,0.7359013794797777,Inferred from occupation,0.48841744655223124,0.2474839329275465
RQ4_F1Ba_W42,low,1.1482772739648879,Inferred from occupation,0.7088614317211271,0.43941584224376073
RQ4_F1Ba_W42,high,0.8454152425587671,Inferred from occupation,0.9000844017211274,-0.05466915916236026
RQ4_F1Bc_W42,low,0.5847936400000001,Inferred from occupation,0.803007644962375,-0.21821400496237486
RQ4_F1Bc_W42,high,0.6526033720321868,Inferred from occupation,0.7719070832645398,-0.11930371123235306
RQ4_F1Bd_W42,low,0.6592077324051366,Inferred from occupation,0.5571652128303889,0.10204251957474775
RQ4_F1Bd_W42,high,0.5417130827749111,Inferred from occupation,0.5994182568040818,-0.057705174029170636
RQ4_F1Be_W42,low,0.496218428351784,Inferred from occupation,0.38974039018532036,0.10647803816646362
RQ4_F1Be_W42,high,0.42404499799999984,Inferred from occupation,0.37216352018532023,0.05188147781467961
RQ4_F1Ca_W42,low,0.9994282237218307,Inferred from occupation,0.8377499199999999,0.16167830372183079
RQ4_F1Ca_W42,high,0.6604428641351581,Inferred from occupation,0.90816077,-0.24771790586484188
RQ4_F1Cb_W42,low,0.8500472279366345,Inferred from occupation,0.5995285794837417,0.25051864845289273
RQ4_F1Cb_W42,high,0.6696297390838073,Inferred from occupation,0.6531658194837417,0.016463919600065546
RQ4_F1Cd_W42,low,0.5715804311434305,Inferred from occupation,0.42539342914655953,0.14618700199687096
RQ4_F1Cd_W42,high,0.4540786374238937,Inferred from occupation,0.44137620914655945,0.012702428277334255
RQ5_F1B_W42,low,0.7121032711799314,Inferred from occupation,0.5670718621738304,0.145031409006101
RQ5_F1B_W42,high,0.4975754741511499,Inferred from occupation,0.5919698342255032,-0.09439436007435331
RQ5_F1C_W42,low,0.69416359313767,Inferred from occupation,0.9038791800387683,-0.20971558690109837
RQ5_F1C_W42,high,0.5416973746411038,Inferred from occupation,0.7844732431001644,-0.24277586845906063
IDIMPORT_W43,low,0.7519108846874833,Inferred from occupation,0.7757067899999999,-0.02379590531251652
IDIMPORT_W43,high,0.5578902024570283,Inferred from occupation,0.6328161199999999,-0.07492591754297162
RACESURV13_W43,low,0.92536824335109,Inferred from occupation,0.7266159394026792,0.1987523039484108
RACESURV13_W43,high,1.057395037858901,Inferred from occupation,0.8917765286191052,0.16561850923979582
RACESURV14_W43,low,0.18382527081398617,Inferred from occupation,0.26445667264456674,-0.08063140183058057
RACESURV14_W43,high,0.2149147548436029,Inferred from occupation,0.31215774289975845,-0.09724298805615555
RACESURV15a_W43,low,0.2704231232333556,Inferred from occupation,0.2606330863442897,0.009790036889065878
RACESURV15a_W43,high,0.3478658733411586,Inferred from occupation,0.3115523241005319,0.036313549240626686
RACESURV15b_W43,low,0.2177014176710954,Inferred from occupation,0.27659167379052596,-0.05889025611943055
RACESURV15b_W43,high,0.2379322294995095,Inferred from occupation,0.302335893790526,-0.06440366429101649
RACESURV17_W43,low,0.2793278660283917,Inferred from occupation,0.4522368338513932,-0.17290896782300147
RACESURV17_W43,high,0.26893232167315806,Inferred from occupation,0.49326117385139323,-0.22432885217823517
RACESURV18b_W43,low,1.0956008732677491,Inferred from occupation,0.7251200188765178,0.37048085439123135
RACESURV18b_W43,high,1.044209769395346,Inferred from occupation,0.6407039371147206,0.4035058322806254
RACESURV18f_W43,low,0.8370682615785343,Inferred from occupation,0.7833823215885554,0.05368593998997895
RACESURV18f_W43,high,0.8929982053060015,Inferred from occupation,0.735158031106312,0.15784017419968954
RACESURV19a_W43,low,0.7877397339660319,Inferred from occupation,0.8637708406920142,-0.07603110672598223
RACESURV19a_W43,high,0.7394660503777143,Inferred from occupation,0.8518824254992776,-0.11241637512156333
RACESURV19c_W43,low,0.6374527469686385,Inferred from occupation,0.7074723446025036,-0.07001959763386512
RACESURV19c_W43,high,0.7537370689231144,Inferred from occupation,0.8704129146025035,-0.11667584567938905
RACESURV19e_W43,low,0.6747646079639268,Inferred from occupation,0.7125330838609951,-0.03776847589706833
RACESURV19e_W43,high,0.6158923723037509,Inferred from occupation,0.6925881174190441,-0.0766957451152932
RACESURV1b_W43,low,0.2749959516153472,Inferred from occupation,0.2858081354587616,-0.010812183843414425
RACESURV1b_W43,high,0.243643005362329,Inferred from occupation,0.2516157858006851,-0.007972780438356114
RACESURV21_W43,low,0.4418058478342106,Inferred from occupation,0.519398036717458,-0.07759218888324737
RACESURV21_W43,high,0.18686785918808674,Inferred from occupation,0.2590511037162779,-0.07218324452819114
RACESURV27_W43,low,0.5718228756610924,Inferred from occupation,0.46273570714254003,0.10908716851855232
RACESURV27_W43,high,0.5979211334062835,Inferred from occupation,0.550416450265858,0.04750468314042555
RACESURV28a_W43,low,0.21205269220987844,Inferred from occupation,0.21584419492131576,-0.003791502711437328
RACESURV28a_W43,high,0.2280220608675178,Inferred from occupation,0.23119381992131574,-0.0031717590537979345
RACESURV28b_W43,low,0.1843230354674289,Inferred from occupation,0.18908808500000002,-0.0047650495325711195
RACESURV28b_W43,high,0.22102317118582115,Inferred from occupation,0.22661797,-0.005594798814178847
RACESURV28c_W43,low,0.18531776197279912,Inferred from occupation,0.19318160022946518,-0.007863838256666061
RACESURV28c_W43,high,0.21762357782387676,Inferred from occupation,0.22714392522946514,-0.00952034740558838
RACESURV28d_W43,low,0.3062136526513867,Inferred from occupation,0.3101412053409167,-0.0039275526895299895
RACESURV28d_W43,high,0.33816875578025896,Inferred from occupation,0.3453416253409168,-0.007172869560657824
RACESURV28e_W43,low,0.30592395097846214,Inferred from occupation,0.31126446994571566,-0.005340518967253516
RACESURV28e_W43,high,0.30762888236117775,Inferred from occupation,0.31509964994571554,-0.007470767584537796
RACESURV28f_W43,low,0.13630400048256686,Inferred from occupation,0.14104153352176407,-0.004737533039197217
RACESURV28f_W43,high,0.19698054001240312,Inferred from occupation,0.20148661994913447,-0.004506079936731355
RACESURV28g_W43,low,0.13684245366915956,Inferred from occupation,0.14124330962463336,-0.0044008559554737925
RACESURV28g_W43,high,0.16411368425765505,Inferred from occupation,0.1715975478148163,-0.007483863557161241
RACESURV29d_W43,low,0.8976522325095826,Inferred from occupation,0.9146393392902953,-0.01698710678071269
RACESURV29d_W43,high,1.3677567872664709,Inferred from occupation,1.310532393045861,0.057224394220609875
RACESURV2_W43,low,1.631359257798256,Inferred from occupation,1.0175545148417822,0.6138047429564739
RACESURV2_W43,high,1.299006724126786,Inferred from occupation,1.2664439075259906,0.03256281660079541
RACESURV34a_W43,low,0.7972713132961627,Inferred from occupation,0.7860013272637738,0.011269986032388934
RACESURV34a_W43,high,0.994822048386463,Inferred from occupation,1.0380071012757317,-0.04318505288926866
RACESURV34b_W43,low,1.1115624282041403,Inferred from occupation,0.9385808078814187,0.17298162032272157
RACESURV34b_W43,high,1.1209364496117669,Inferred from occupation,1.0469924259877783,0.07394402362398855
RACESURV34c_W43,low,1.104840498032814,Inferred from occupation,0.5159657854057628,0.5888747126270512
RACESURV34c_W43,high,0.8033729659005346,Inferred from occupation,0.5895634459336864,0.21380951996684827
RACESURV34d_W43,low,0.3936212805357207,Inferred from occupation,0.3963615751580959,-0.0027402946223751834
RACESURV34d_W43,high,0.4620872863791272,Inferred from occupation,0.8166758145987649,-0.3545885282196377
RACESURV34e_W43,low,0.7565216766856354,Inferred from occupation,0.5957259687230341,0.16079570796260134
RACESURV34e_W43,high,0.6633626556336266,Inferred from occupation,0.6467942489140104,0.016568406719616235
RACESURV38_W43,low,0.38164933595416983,Inferred from occupation,0.2863622432787522,0.09528709267541763
RACESURV38_W43,high,0.5456976728234119,Inferred from occupation,0.44219056327875217,0.10350710954465969
RACESURV40_W43,low,0.9500399700485896,Inferred from occupation,0.8409786154858258,0.10906135456276389
RACESURV40_W43,high,0.9085512114690742,Inferred from occupation,0.821838264912149,0.0867129465569253
RACESURV41_W43,low,0.6976477876729965,Inferred from occupation,0.6548333359276675,0.04281445174532905
RACESURV41_W43,high,0.7660171843083713,Inferred from occupation,0.7092830859276675,0.05673409838070376
RACESURV45_W43,low,0.5733460108001116,Inferred from occupation,0.4885301544020098,0.0848158563981018
RACESURV45_W43,high,0.6118746611296211,Inferred from occupation,0.5054103544020099,0.1064643067276112
RACESURV47a_W43,low,0.6127718189230824,Inferred from occupation,0.7155651031221402,-0.10279328419905776
RACESURV47a_W43,high,0.5109974109073804,Inferred from occupation,0.7319096331221401,-0.2209122222147597
RACESURV47b_W43,low,0.3284071628407371,Inferred from occupation,0.4924925423338564,-0.1640853794931193
RACESURV47b_W43,high,0.21493955692033312,Inferred from occupation,0.4075720723338563,-0.19263251541352316
RACESURV47d_W43,low,0.5489596037178893,Inferred from occupation,0.6671831147669449,-0.1182235110490556
RACESURV47d_W43,high,0.8295728892193075,Inferred from occupation,0.7509928249650073,0.0785800642543002
RACESURV47e_W43,low,0.9246918605549043,Inferred from occupation,0.7588933369773398,0.16579852357756442
RACESURV47e_W43,high,1.2021871280976018,Inferred from occupation,0.89377051697734,0.30841661112026175
RACESURV47f_W43,low,0.36537913553903245,Inferred from occupation,0.48681156856319313,-0.12143243302416068
RACESURV47f_W43,high,0.2662134562817946,Inferred from occupation,0.45111968792079576,-0.18490623163900116
RACESURV48_W43,low,0.31117673064046353,Inferred from occupation,0.4759040163612563,-0.16472728572079276
RACESURV48_W43,high,0.25200698362702856,Inferred from occupation,0.37908012556014825,-0.1270731419331197
RACESURV51_W43,low,0.04755783780409098,Inferred from occupation,0.05092220587861397,-0.0033643680745229915
RACESURV51_W43,high,0.10304671592272513,Inferred from occupation,0.09716345461410814,0.005883261308616994
RACESURV52_W43,low,0.4650358503113524,Inferred from occupation,0.12576032153501515,0.33927552877633727
RACESURV52_W43,high,0.4011125905949171,Inferred from occupation,0.11109588808815157,0.29001670250676553
RACESURV5a_W43,low,1.0935190595964581,Inferred from occupation,0.8471456876518162,0.24637337194464193
RACESURV5a_W43,high,1.2127266095690554,Inferred from occupation,1.0215840143372934,0.19114259523176202
RACESURV5b_W43,low,0.48478096971559603,Inferred from occupation,0.20772994354152247,0.27705102617407357
RACESURV5b_W43,high,0.2699415072790382,Inferred from occupation,0.1359435352989706,0.1339979719800676
RACESURV5d_W43,low,1.2213926297132676,Inferred from occupation,0.9847807582323432,0.23661187148092433
RACESURV5d_W43,high,1.2408983273595358,Inferred from occupation,1.0474194685662344,0.1934788587933014
RACESURV5e_W43,low,0.49928719845552505,Inferred from occupation,0.5541055324070315,-0.05481833395150648
RACESURV5e_W43,high,0.35437906475340314,Inferred from occupation,0.4575620685712468,-0.10318300381784368
RACESURV5f_W43,low,0.8776475086434591,Inferred from occupation,0.6792490619186446,0.19839844672481444
RACESURV5f_W43,high,0.9076615677194994,Inferred from occupation,0.740201053100923,0.16746051461857636
RACESURV5g_W43,low,0.7125407358290828,Inferred from occupation,0.47991884575614496,0.23262189007293788
RACESURV5g_W43,high,0.5776340422836478,Inferred from occupation,0.3651035307561451,0.21253051152750269
RACESURV5h_W43,low,1.1077944632232941,Inferred from occupation,0.8172593945553064,0.29053506866798773
RACESURV5h_W43,high,0.9708442533047956,Inferred from occupation,0.7275176263702409,0.24332662693455476
RACESURV5i_W43,low,1.879138482681351,Inferred from occupation,1.5749915063380655,0.3041469763432856
RACESURV5i_W43,high,1.7142957269795258,Inferred from occupation,1.6098106492300766,0.10448507774944926
RACESURV5j_W43,low,0.7412299923318002,Inferred from occupation,0.720404635,0.020825357331800243
RACESURV5j_W43,high,0.5989661991252483,Inferred from occupation,0.61724333,-0.01827713087475169
RACESURV5l_W43,low,1.4076725081857524,Inferred from occupation,1.3370520617944845,0.07062044639126785
RACESURV5l_W43,high,1.437370842,Inferred from occupation,1.5108517667944845,-0.07348092479448454
RACESURV9_W43,low,1.1211532831678859,Inferred from occupation,0.8380278152419358,0.28312546792595006
RACESURV9_W43,high,1.161873984111756,Inferred from occupation,0.9312649052419358,0.23060907886982018
INFOCHALa_W45,low,0.9949528165267189,Inferred from occupation,0.33131905165221454,0.6636337648745043
INFOCHALa_W45,high,1.0434004404752257,Inferred from occupation,0.6151352984973856,0.42826514197784016
INFOCREATEa_W45,low,1.7690185021152507,Inferred from occupation,2.1443667112291083,-0.3753482091138576
INFOCREATEa_W45,high,1.703795442293365,Inferred from occupation,1.9708031815516944,-0.26700773925832944
MADEUPOFT_W45,low,0.571472174435537,Inferred from occupation,0.5880673693668034,-0.016595194931266377
MADEUPOFT_W45,high,0.5530993305466113,Inferred from occupation,0.6661998742238328,-0.11310054367722144
MADEUPTOPICb_W45,low,0.312465415684425,Inferred from occupation,0.32448090343664227,-0.01201548775221728
MADEUPTOPICb_W45,high,0.29818772762851575,Inferred from occupation,0.2826471034366421,0.015540624191873631
MADEUPTOPICc_W45,low,0.5155274935199855,Inferred from occupation,0.8370467283704673,-0.32151923485048184
MADEUPTOPICc_W45,high,0.49315705213520544,Inferred from occupation,0.8748398076816221,-0.3816827555464166
MADEUPTOPICd_W45,low,0.7159594223928556,Inferred from occupation,0.6158562726626173,0.10010314973023826
MADEUPTOPICd_W45,high,0.7573404617814398,Inferred from occupation,0.6524824371859905,0.10485802459544924
NEWSPROBd_W45,low,0.80197130581449,Inferred from occupation,0.7233762731588712,0.07859503265561885
NEWSPROBd_W45,high,0.5916097480000001,Inferred from occupation,0.6407785705235117,-0.049168822523511624
NEWSPROBe_W45,low,0.6675246688550319,Inferred from occupation,0.35545434549038957,0.31207032336464235
NEWSPROBe_W45,high,0.6082468640156264,Inferred from occupation,0.3535596480898664,0.25468721592576005
NEWS_PLATFORMg_W45,low,0.41598514342908116,Inferred from occupation,0.4599895176029393,-0.04400437417385816
NEWS_PLATFORMg_W45,high,0.8750139699999998,Inferred from occupation,0.6329191661738581,0.24209480382614168
SMLIKESb_W45,low,0.6237107409525562,Inferred from occupation,0.8941391549320552,-0.270428413979499
SMLIKESb_W45,high,0.6972581263140796,Inferred from occupation,0.8834970349320552,-0.18623890861797565
SMLIKESf_W45,low,0.7190795371055221,Inferred from occupation,1.1612546401992414,-0.4421751030937193
SMLIKESf_W45,high,0.8692994715633483,Inferred from occupation,1.2409690701992413,-0.371669598635893
BENEFITGOV_W49,low,0.8891389909211355,Inferred from occupation,0.8089510502393285,0.08018794068180701
BENEFITGOV_W49,high,1.2421111894487489,Inferred from occupation,1.038559382575206,0.2035518068735429
CONCERNCO_W49,low,0.7539369396227391,Inferred from occupation,0.8524067652760817,-0.09846982565334261
CONCERNCO_W49,high,0.6920828449865333,Inferred from occupation,0.9275166209863721,-0.23543377599983883
CONCERNGRPa_W49,low,0.24129315508370985,Inferred from occupation,0.5496912400641858,-0.30839808498047594
CONCERNGRPa_W49,high,0.5590181957633478,Inferred from occupation,0.75581016,-0.19679196423665224
CONCERNGRPc_W49,low,0.31809008063639027,Inferred from occupation,0.28901039589438926,0.02907968474200101
CONCERNGRPc_W49,high,0.34783969321620484,Inferred from occupation,0.33104374589438934,0.016795947321815496
CONTROLCO_W49,low,0.8337054403370542,Inferred from occupation,0.7498286546858587,0.0838767856511955
CONTROLCO_W49,high,1.0794205499579699,Inferred from occupation,0.756482953984465,0.3229375959735049
CONTROLGRPc_W49,low,0.44332665584745923,Inferred from occupation,0.3542372010413046,0.08908945480615466
CONTROLGRPc_W49,high,0.3166603975090223,Inferred from occupation,0.32031725104130454,-0.0036568535322822338
DATAUSEd_W49,low,0.2957359407524469,Inferred from occupation,0.16654709244808863,0.12918884830435828
DATAUSEd_W49,high,0.35888598132484534,Inferred from occupation,0.2692050024480886,0.08968097887675675
FACE3c_W49,low,0.7144903284254588,Inferred from occupation,0.5454993038681054,0.16899102455735338
FACE3c_W49,high,0.6208562453425217,Inferred from occupation,0.6044865712174832,0.016369674125038536
GOVREGV1_W49,low,0.06740166338566184,Inferred from occupation,0.15801678944532505,-0.09061512605966321
GOVREGV1_W49,high,0.12471601363507745,Inferred from occupation,0.2557401873503286,-0.13102417371525116
HOMEASSIST2_W49,low,0.6436707849836839,Inferred from occupation,0.6527343036592342,-0.00906351867555033
HOMEASSIST2_W49,high,0.6185746906053218,Inferred from occupation,0.6916516004019526,-0.07307690979663084
HOMEASSIST3_W49,low,1.2138986429511267,Inferred from occupation,1.1888000608147138,0.025098582136412917
HOMEASSIST3_W49,high,1.2229491957482654,Inferred from occupation,1.1921148936036192,0.03083430214464622
HOMEASSIST4_W49,low,0.5272288473169646,Inferred from occupation,0.7594157224058427,-0.23218687508887803
HOMEASSIST4_W49,high,0.5003450427982175,Inferred from occupation,0.8539237452646562,-0.35357870246643874
PP5e_W49,low,0.5592412284959634,Inferred from occupation,0.517093977024863,0.04214725147110032
PP5e_W49,high,0.4174499723547057,Inferred from occupation,0.5657919156579192,-0.14834194330321349
PWMAN2_W49,low,1.2884341899364453,Inferred from occupation,1.4046657429532607,-0.11623155301681543
PWMAN2_W49,high,1.5855778912022984,Inferred from occupation,1.4845694333456536,0.1010084578566448
SMARTAPP_W49,low,0.4881234248015473,Inferred from occupation,0.9653611014064296,-0.4772376766048823
SMARTAPP_W49,high,0.5277589967403586,Inferred from occupation,0.8784263814064296,-0.35066738466607095
TRACKCO1a_W49,low,0.6504603761718241,Inferred from occupation,0.4915471273500889,0.1589132488217352
TRACKCO1a_W49,high,0.9857319713656606,Inferred from occupation,0.9821552962846308,0.0035766750810297676
TRACKCO1b_W49,low,0.3308272497803673,Inferred from occupation,0.24816023758703615,0.08266701219333117
TRACKCO1b_W49,high,0.1585077475164781,Inferred from occupation,0.30518961450197235,-0.14668186698549426
TRACKGOV1a_W49,low,0.624085914846729,Inferred from occupation,0.542937336954243,0.08114857789248608
TRACKGOV1a_W49,high,0.4607714072356295,Inferred from occupation,0.493697636954243,-0.03292622971861353
TRACKGOV1b_W49,low,0.5274760632493692,Inferred from occupation,0.317382091023055,0.21009397222631426
TRACKGOV1b_W49,high,0.31478439709134387,Inferred from occupation,0.10659685313090735,0.20818754396043654
COHABDUR_W50,low,0.8613307585342787,Inferred from occupation,1.3201690039928011,-0.4588382454585225
COHABDUR_W50,high,0.6727741833810067,Inferred from occupation,1.1610506513810945,-0.48827646800008784
DNA2b_W50,low,0.5510039264196078,Inferred from occupation,0.49419212592635503,0.056811800493252795
DNA2b_W50,high,0.5165513213954904,Inferred from occupation,0.493342435926355,0.02320888546913541
DNA5_W50,low,0.44729831220482513,Inferred from occupation,0.5911352866561712,-0.14383697445134608
DNA5_W50,high,0.56609066737544,Inferred from occupation,0.7119664166561712,-0.14587574928073122
E5MOD_W50,low,0.11682756225521113,Inferred from occupation,0.6010337555963567,-0.4842061933411456
E5MOD_W50,high,0.2608533047571021,Inferred from occupation,0.32489014559635665,-0.06403684083925454
FAMSURV10c_W50,low,0.3917000825189044,Inferred from occupation,0.39234765890855616,-0.0006475763896517384
FAMSURV10c_W50,high,0.6533154073461063,Inferred from occupation,0.37490646542034506,0.2784089419257612
FAMSURV16_W50,low,0.31441628368410823,Inferred from occupation,0.28881692019112193,0.025599363492986305
FAMSURV16_W50,high,0.31423017971826195,Inferred from occupation,0.283444310191122,0.030785869527139964
FAMSURV1_W50,low,0.199838756,Inferred from occupation,0.3628286345164217,-0.16298987851642172
FAMSURV1_W50,high,0.17326943761080882,Inferred from occupation,0.5936861845164219,-0.42041674690561304
FAMSURV20_W50,low,0.5412182065709781,Inferred from occupation,0.49311277287060806,0.048105433700370015
FAMSURV20_W50,high,0.3759218470482465,Inferred from occupation,0.32782258287060806,0.048099264177638434
FAMSURV23b_W50,low,0.4620494989114673,Inferred from occupation,0.21546110215461112,0.24658839675685618
FAMSURV23b_W50,high,0.22419996624820338,Inferred from occupation,0.45981335155532177,-0.2356133853071184
FAMSURV23c_W50,low,1.3264599261974208,Inferred from occupation,0.7529309667403369,0.5735289594570839
FAMSURV23c_W50,high,1.626203571351748,Inferred from occupation,1.099883916740337,0.5263196546114111
FAMSURV23d_W50,low,1.3649896677626239,Inferred from occupation,0.8188501234068974,0.5461395443557264
FAMSURV23d_W50,high,1.5636115556958945,Inferred from occupation,1.0427905734068974,0.5208209822889971
FAMSURV23e_W50,low,0.9423961308214881,Inferred from occupation,0.2229133204299647,0.7194828103915234
FAMSURV23e_W50,high,0.6864288111254386,Inferred from occupation,0.20731443452747905,0.4791143765979596
FAMSURV23f_W50,low,0.8251577557484223,Inferred from occupation,0.1656996393738956,0.6594581163745268
FAMSURV23f_W50,high,0.5815725230540827,Inferred from occupation,0.224991572061784,0.3565809509922987
FAMSURV23g_W50,low,1.1571173037422184,Inferred from occupation,0.5693119271510206,0.5878053765911978
FAMSURV23g_W50,high,1.0314866421078557,Inferred from occupation,0.48799169715102064,0.543494944956835
FAMSURV26a_W50,low,0.32275134257840743,Inferred from occupation,0.5124663133181171,-0.18971497073970967
FAMSURV26a_W50,high,0.43005527124873305,Inferred from occupation,0.5657428172901809,-0.1356875460414479
FAMSURV26b_W50,low,0.2927476372422036,Inferred from occupation,0.544799805517793,-0.25205216827558935
FAMSURV26b_W50,high,0.2820521933177658,Inferred from occupation,0.5869173682691711,-0.30486517495140525
FAMSURV26c_W50,low,0.4481518558287538,Inferred from occupation,0.24211907767135774,0.20603277815739604
FAMSURV26c_W50,high,0.44136841153146267,Inferred from occupation,0.41823314660933564,0.02313526492212703
FAMSURV26d_W50,low,0.48643523277695805,Inferred from occupation,0.5665447428626721,-0.08010951008571404
FAMSURV26d_W50,high,0.5441934418995107,Inferred from occupation,0.8225029828626721,-0.2783095409631614
FAMSURV29_W50,low,0.5486621333403718,Inferred from occupation,0.6769165389010181,-0.12825440556064627
FAMSURV29_W50,high,0.9499241852494985,Inferred from occupation,0.695555268901018,0.25436891634848047
FAMSURV2Ma_W50,low,0.3860869615715682,Inferred from occupation,0.3922287366044197,-0.006141775032851515
FAMSURV2Ma_W50,high,0.4616982537400143,Inferred from occupation,0.3525630166044198,0.10913523713559448
FAMSURV2Mc_W50,low,0.3936987559924805,Inferred from occupation,0.44545102336276954,-0.05175226737028904
FAMSURV2Mc_W50,high,0.48021404291919834,Inferred from occupation,0.5178845733627697,-0.03767053044357138
FAMSURV2Wa_W50,low,0.3198823369824283,Inferred from occupation,0.17677057954265624,0.14311175743977206
FAMSURV2Wa_W50,high,0.427509350384298,Inferred from occupation,0.23881755366033414,0.18869179672396386
FAMSURV2Wc_W50,low,0.31793974682060244,Inferred from occupation,0.20208487589570873,0.11585487092489372
FAMSURV2Wc_W50,high,0.41557766889516945,Inferred from occupation,0.28104801107133504,0.13452965782383441
FAMSURV32e_W50,low,1.743976624118139,Inferred from occupation,1.8620253370656261,-0.1180487129474872
FAMSURV32e_W50,high,2.0466836095468937,Inferred from occupation,2.218043957065626,-0.17136034751873241
FAMSURV39_W50,low,1.0416926738111074,Inferred from occupation,1.2252376028911813,-0.18354492908007392
FAMSURV39_W50,high,1.0034229950194358,Inferred from occupation,1.247170757979104,-0.24374776295966827
FAMSURV3_W50,low,1.0534794044775246,Inferred from occupation,0.8926159543537745,0.16086345012375014
FAMSURV3_W50,high,1.1234514974672993,Inferred from occupation,1.0099569690707109,0.11349452839658847
FAMSURV40_W50,low,0.5330038950665169,Inferred from occupation,1.1596868315968683,-0.6266829365303513
FAMSURV40_W50,high,1.1084344735214828,Inferred from occupation,1.6109857181594638,-0.502551244637981
FAMSURV43_W50,low,0.5601803245713366,Inferred from occupation,0.539878427803675,0.020301896767661587
FAMSURV43_W50,high,0.6930266958005723,Inferred from occupation,0.6032022178036751,0.08982447799689719
FAMSURV44_W50,low,0.5331499282255123,Inferred from occupation,0.5177853656223264,0.015364562603185972
FAMSURV44_W50,high,0.5835417095609838,Inferred from occupation,0.5807620940620222,0.002779615498961663
FAMSURV6_W50,low,0.5480265254437884,Inferred from occupation,0.8067629019219689,-0.2587363764781805
FAMSURV6_W50,high,0.44103429489430646,Inferred from occupation,0.9170961804855173,-0.4760618855912109
FAMSURV9c_W50,low,0.41501252591057836,Inferred from occupation,0.32202695448172747,0.09298557142885089
FAMSURV9c_W50,high,0.7748538182435125,Inferred from occupation,0.49891859991278786,0.27593521833072465
FATHER_W50,low,0.04136961981290027,Inferred from occupation,0.17934725,-0.13797763018709974
FATHER_W50,high,0.008388102870980019,Inferred from occupation,0.12367784000000004,-0.11528973712902002
HAVEKIDS1_W50,low,0.502971065428967,Inferred from occupation,1.49591496,-0.9929438945710329
HAVEKIDS1_W50,high,0.4208744401094576,Inferred from occupation,1.5166556,-1.0957811598905423
MARRDUR_W50,low,1.0172103155855519,Inferred from occupation,1.2108472377868613,-0.19363692220130946
MARRDUR_W50,high,1.45048645179223,Inferred from occupation,1.189420653596881,0.26106579819534903
MARRYPREF1_W50,low,0.1469498435991058,Inferred from occupation,0.13198286194201864,0.014966981657087153
MARRYPREF1_W50,high,0.042665636661357864,Inferred from occupation,0.15417961194201857,-0.1115139752806607
MARRYPREF2_W50,low,0.4443173950288274,Inferred from occupation,0.40949673316323765,0.03482066186558974
MARRYPREF2_W50,high,0.4139685750707031,Inferred from occupation,0.42931018951641,-0.015341614445706864
MOTHER_W50,low,0.09422060833416135,Inferred from occupation,0.06731046664270768,0.02691014169145367
MOTHER_W50,high,0.13195745112462187,Inferred from occupation,0.09797084664270772,0.03398660448191415
PAR1_W50,low,0.0912196946098707,Inferred from occupation,0.23357856718628203,-0.14235887257641133
PAR1_W50,high,0.051447947697340235,Inferred from occupation,0.16525091718628213,-0.11380296948894189
PAR2_W50,low,0.3122190945750114,Inferred from occupation,0.29123192280821414,0.020987171766797263
PAR2_W50,high,0.22112030352941167,Inferred from occupation,0.17592881742192115,0.04519148610749052
ROMRELDUR_W50,low,0.7598650657754644,Inferred from occupation,1.1562451816370465,-0.39638011586158206
ROMRELDUR_W50,high,0.71882393579675,Inferred from occupation,0.6947145481088005,0.024109387687949457
ROMRELSER_W50,low,1.2265797196237438,Inferred from occupation,2.32979373,-1.1032140103762562
ROMRELSER_W50,high,0.6485453310988124,Inferred from occupation,2.41343336,-1.7648880289011877
SATLIFEc_W50,low,0.6035411420354113,Inferred from occupation,0.602880244031904,0.0006608980035073264
SATLIFEc_W50,high,0.5833477830443743,Inferred from occupation,1.0496483100357168,-0.4663005269913425
ECIMPg_W54,low,0.18667364670990133,Inferred from occupation,0.41420720901542973,-0.2275335623055284
ECIMPg_W54,high,0.1823389270585482,Inferred from occupation,0.35593792843273697,-0.17359900137418877
ECON1_W54,low,0.37966516773124337,Inferred from occupation,1.0070620923633178,-0.6273969246320744
ECON1_W54,high,0.522569059029675,Inferred from occupation,0.6834449051308099,-0.16087584610113492
ECON3_d_W54,low,0.6120096316487798,Inferred from occupation,0.8688864644081917,-0.256876832759412
ECON3_d_W54,high,0.3340767972016053,Inferred from occupation,0.7028276765557664,-0.36875087935416107
ECON4_a_W54,low,0.47148377404945185,Inferred from occupation,0.6753143437052647,-0.2038305696558128
ECON4_a_W54,high,0.3448853683190995,Inferred from occupation,0.5775386840807252,-0.23265331576162568
ECON4_b_W54,low,0.39404628063761155,Inferred from occupation,0.37863977378639774,0.015406506851213808
ECON4_b_W54,high,0.4696535281110879,Inferred from occupation,0.7362527146104478,-0.26659918649935993
ECON4_e_W54,low,0.4103551925871392,Inferred from occupation,0.5985840144714212,-0.18822882188428197
ECON4_e_W54,high,0.5269324636429463,Inferred from occupation,0.8186537178341518,-0.2917212541912054
ECON4_f_W54,low,0.44263366662951176,Inferred from occupation,0.905661112497016,-0.4630274458675042
ECON4_f_W54,high,0.27644217711728036,Inferred from occupation,0.5071538370022012,-0.23071165988492082
ECON4_g_W54,low,0.46943094925674733,Inferred from occupation,0.6639720041018788,-0.1945410548451315
ECON4_g_W54,high,0.6259716930247965,Inferred from occupation,0.6083116775813553,0.0176600154434412
ECON5_b_W54,low,0.39517858053681376,Inferred from occupation,0.40506461767291196,-0.009886037136098202
ECON5_b_W54,high,0.3972208145328602,Inferred from occupation,0.5425323843984735,-0.14531156986561333
ECON5_c_W54,low,1.0481602870175948,Inferred from occupation,0.9388734118834741,0.10928687513412072
ECON5_c_W54,high,1.089227883474545,Inferred from occupation,0.81715859832632,0.27206928514822504
ECON5_d_W54,low,1.3718919290000005,Inferred from occupation,1.5234052129681717,-0.1515132839681712
ECON5_d_W54,high,1.185923222465326,Inferred from occupation,1.1564431679681717,0.029480054497154295
ECON5_e_W54,low,1.4663453920392082,Inferred from occupation,1.2866753988968782,0.17966999314233
ECON5_e_W54,high,1.2725786109462662,Inferred from occupation,0.9735735488968782,0.29900506204938804
ECON5_f_W54,low,1.3982451977905028,Inferred from occupation,1.0341673479590565,0.3640778498314463
ECON5_f_W54,high,1.3283321859136257,Inferred from occupation,0.9005548934115887,0.427777292502037
ECON5_g_W54,low,0.8157764061595694,Inferred from occupation,0.6531830645248567,0.16259334163471262
ECON5_g_W54,high,1.1323597759217408,Inferred from occupation,0.9494388695248565,0.1829209063968843
ECON5_h_W54,low,0.4079495609205044,Inferred from occupation,0.31526315257019977,0.09268640835030462
ECON5_h_W54,high,0.6806219011198642,Inferred from occupation,0.5787746199350852,0.10184728118477904
ECON5_i_W54,low,0.20565765332458108,Inferred from occupation,0.39832142530373243,-0.19266377197915135
ECON5_i_W54,high,0.2411549239752286,Inferred from occupation,0.43838006055761497,-0.19722513658238636
ECON5_j_W54,low,1.4708755357997203,Inferred from occupation,1.2571179127241483,0.213757623075572
ECON5_j_W54,high,1.1590329259453949,Inferred from occupation,0.9236531627241485,0.23537976322124632
ECON5_k_W54,low,0.9113767296692495,Inferred from occupation,0.6091341160913412,0.3022426135779084
ECON5_k_W54,high,0.6739805303817952,Inferred from occupation,0.5901077927105975,0.08387273767119763
FIN_SIT_W54,low,0.37569092269210036,Inferred from occupation,0.4404753365838173,-0.06478441389171696
FIN_SIT_W54,high,0.9993970830561693,Inferred from occupation,1.5445286663576372,-0.5451315833014679
GOVPRIORITYb_W54,low,1.493776856594587,Inferred from occupation,1.4139362598977239,0.07984059669686316
GOVPRIORITYb_W54,high,1.419485139821433,Inferred from occupation,1.3510377096865882,0.06844743013484478
GOVPRIORITYc_W54,low,1.5970042721409747,Inferred from occupation,0.8598375689747166,0.7371667031662581
GOVPRIORITYc_W54,high,1.0277813099471889,Inferred from occupation,0.6255748467418328,0.402206463205356
GOVPRIORITYd_W54,low,1.4433762472822758,Inferred from occupation,0.9597607890649358,0.48361545821734
GOVPRIORITYd_W54,high,1.2686447799269236,Inferred from occupation,0.8594289490649356,0.409215830861988
GOVPRIORITYf_W54,low,1.6741929295826212,Inferred from occupation,1.6906956024330977,-0.016502672850476463
GOVPRIORITYf_W54,high,1.6584869410861445,Inferred from occupation,1.5970220265115929,0.06146491457455161
INEQ11_W54,low,0.5145986157719122,Inferred from occupation,0.39016157651822087,0.12443703925369137
INEQ11_W54,high,0.35551487669350884,Inferred from occupation,0.25382565651822087,0.10168922017528798
INEQ1_W54,low,0.2906548800324416,Inferred from occupation,0.01530950999999997,0.27534537003244164
INEQ1_W54,high,0.17882161350702708,Inferred from occupation,0.13765897798623444,0.041162635520792634
INEQ4_a_W54,low,0.2745863755502751,Inferred from occupation,0.805820012936685,-0.5312336373864099
INEQ4_a_W54,high,0.22963042327751992,Inferred from occupation,0.7563680903391067,-0.5267376670615868
INEQ5_a_W54,low,0.436346357530969,Inferred from occupation,0.27675046701720607,0.15959589051376294
INEQ5_a_W54,high,0.3642704537382363,Inferred from occupation,0.35910176000000005,0.005168693738236252
INEQ5_d_W54,low,0.39852738100462415,Inferred from occupation,1.0242093897838287,-0.6256820087792045
INEQ5_d_W54,high,0.7586281167475544,Inferred from occupation,1.4178859597838287,-0.6592578430362743
INEQ5_e_W54,low,0.32348453766294755,Inferred from occupation,0.7388144331722991,-0.41532989550935157
INEQ5_e_W54,high,0.32750077314402004,Inferred from occupation,0.9238845134148473,-0.5963837402708273
INEQ5_f_W54,low,0.2596364821100354,Inferred from occupation,0.31058775204527345,-0.05095126993523802
INEQ5_f_W54,high,0.2767574404206423,Inferred from occupation,0.283671011776106,-0.006913571355463666
INEQ5_h_W54,low,0.40927723298146024,Inferred from occupation,0.35500852330217136,0.05426870967928887
INEQ5_h_W54,high,0.5111174102803933,Inferred from occupation,0.22855185177025883,0.28256555851013443
INEQ5_i_W54,low,0.49108784330445693,Inferred from occupation,0.4325422723051889,0.05854557099926805
INEQ5_i_W54,high,0.4008198934076975,Inferred from occupation,0.43254034230518873,-0.031720448897491205
INEQ5_k_W54,low,0.7411295077889483,Inferred from occupation,0.35828036907305433,0.38284913871589393
INEQ5_k_W54,high,0.3030290665575187,Inferred from occupation,0.6818667730210887,-0.37883770646356996
INEQ5_l_W54,low,0.9163261137107903,Inferred from occupation,0.7824576990334222,0.1338684146773681
INEQ5_l_W54,high,0.48470823824008574,Inferred from occupation,0.39636502903342197,0.08834320920666378
INEQ5_m_W54,low,0.9754868945001797,Inferred from occupation,1.0615044800000002,-0.08601758549982053
INEQ5_m_W54,high,0.4316879130106497,Inferred from occupation,0.58377975,-0.15209183698935036
INEQ8_a_W54,low,1.1237197346081387,Inferred from occupation,1.193560923325317,-0.06984118871717837
INEQ8_a_W54,high,0.546483541342417,Inferred from occupation,0.603614053325317,-0.05713051198290009
INEQ8_b_W54,low,0.9739540835385165,Inferred from occupation,1.635998394526411,-0.6620443109878944
INEQ8_b_W54,high,0.5471807214545619,Inferred from occupation,1.1333778277190434,-0.5861971062644815
INEQ8_c_W54,low,1.023132899877138,Inferred from occupation,1.3207302718593046,-0.2975973719821665
INEQ8_c_W54,high,0.4939000085485494,Inferred from occupation,0.9393171818593048,-0.4454171733107554
INEQ8_d_W54,low,0.8446120087092976,Inferred from occupation,1.38100376,-0.5363917512907024
INEQ8_d_W54,high,0.3985782344544299,Inferred from occupation,0.94004675,-0.5414685155455701
INEQ8_f_W54,low,1.0223791347240132,Inferred from occupation,1.7753496217289166,-0.7529704870049034
INEQ8_f_W54,high,0.44661832925620076,Inferred from occupation,1.2605071730334836,-0.8138888437772829
INEQ8_g_W54,low,0.9703280616756614,Inferred from occupation,1.2660292113729366,-0.2957011496972751
INEQ8_g_W54,high,0.45349489939583815,Inferred from occupation,0.6727730313729365,-0.2192781319770984
INEQ8_h_W54,low,0.9091906087258452,Inferred from occupation,0.7893131506692156,0.11987745805662964
INEQ8_h_W54,high,0.6049201803207154,Inferred from occupation,0.41704250330783293,0.18787767701288244
INEQ8_i_W54,low,0.960592269280541,Inferred from occupation,1.2651025067613442,-0.3045102374808032
INEQ8_i_W54,high,0.27433328133489077,Inferred from occupation,0.5299675916561881,-0.25563431032129735
INEQ8_j_W54,low,0.8652998823660248,Inferred from occupation,1.092886250474389,-0.2275863681083642
INEQ8_j_W54,high,0.3084482048616295,Inferred from occupation,0.5980987804743887,-0.2896505756127592
JOBTRAIN_W54,low,0.33985553377073413,Inferred from occupation,0.33083513375460133,0.009020400016132801
JOBTRAIN_W54,high,0.3144224687699424,Inferred from occupation,0.23051468022312505,0.08390778854681735
WORRY2a_W54,low,0.7797489048676719,Inferred from occupation,1.6343564600855225,-0.8546075552178506
WORRY2a_W54,high,0.5508583944742218,Inferred from occupation,0.5166431962363058,0.03421519823791597
WORRY2b_W54,low,0.5980945660190549,Inferred from occupation,0.8828986287451888,-0.2848040627261339
WORRY2b_W54,high,1.4004853761880751,Inferred from occupation,0.32778122632919937,1.0727041498588759
WORRY2c_W54,low,0.7895957958890839,Inferred from occupation,1.7511755068198607,-0.9615797109307768
WORRY2c_W54,high,1.1002386775626865,Inferred from occupation,0.32882813323821014,0.7714105443244763
WORRY2d_W54,low,0.5446070921781156,Inferred from occupation,0.9704247448971115,-0.42581765271899585
WORRY2d_W54,high,0.6497571508518237,Inferred from occupation,0.442474172559295,0.20728297829252873
WORRY2e_W54,low,0.9004771394321756,Inferred from occupation,1.3212165474875823,-0.42073940805540677
WORRY2e_W54,high,0.2307049694228948,Inferred from occupation,0.5488619310828659,-0.31815696165997104
GAP21Q10_W82,low,0.27913828925414474,Inferred from occupation,0.26709355767093557,0.012044731583209178
GAP21Q10_W82,high,0.22890552699987513,Inferred from occupation,0.2675328935113517,-0.03862736651147655
GAP21Q13_b_W82,low,0.8925705639543295,Inferred from occupation,1.2522236010481171,-0.3596530370937876
GAP21Q13_b_W82,high,0.5385532094538544,Inferred from occupation,1.091029489436176,-0.5524762799823216
GAP21Q15_a_W82,low,0.6033003129675968,Inferred from occupation,0.6484517813451438,-0.04515146837754702
GAP21Q15_a_W82,high,0.7134352418641805,Inferred from occupation,0.7744392113451437,-0.061003969480963205
GAP21Q15_b_W82,low,0.7042552268695392,Inferred from occupation,0.7048728418655729,-0.000617614996033633
GAP21Q15_b_W82,high,0.90099090144767,Inferred from occupation,0.911188631865573,-0.01019773041790295
GAP21Q15_c_W82,low,0.7154552544431878,Inferred from occupation,0.7510271125928893,-0.03557185814970154
GAP21Q15_c_W82,high,0.8111505572735028,Inferred from occupation,0.845641494517883,-0.03449093724438013
GAP21Q15_d_W82,low,0.883989080483829,Inferred from occupation,1.065131906353699,-0.18114282586987007
GAP21Q15_d_W82,high,1.3571835602015057,Inferred from occupation,1.4329270263536988,-0.07574346615219318
GAP21Q15_e_W82,low,0.7150621700196353,Inferred from occupation,0.7451997202901877,-0.030137550270552316
GAP21Q15_e_W82,high,0.962406145475143,Inferred from occupation,0.9868180016514528,-0.02441185617630981
GAP21Q15_f_W82,low,0.7940275357214637,Inferred from occupation,0.8156489741176616,-0.0216214383961979
GAP21Q15_f_W82,high,1.1970488716028322,Inferred from occupation,1.1900690810405032,0.006979790562329002
GAP21Q17_W82,low,0.5801073985538903,Inferred from occupation,0.5703172629370241,0.009790135616866147
GAP21Q17_W82,high,0.5792214579999999,Inferred from occupation,0.7052564029370242,-0.12603494493702427
GAP21Q19_a_W82,low,1.3614802456772734,Inferred from occupation,0.8700552568078392,0.4914249888694342
GAP21Q19_a_W82,high,0.9632438295017984,Inferred from occupation,0.9253812291501072,0.0378626003516912
GAP21Q19_b_W82,low,0.521212608353178,Inferred from occupation,1.4875187280108637,-0.9663061196576858
GAP21Q19_b_W82,high,1.1612287936136862,Inferred from occupation,1.6121067503088409,-0.4508779566951546
GAP21Q19_c_W82,low,0.5626144888317739,Inferred from occupation,0.7119900899999999,-0.149375601168226
GAP21Q19_c_W82,high,0.3717852450382835,Inferred from occupation,1.0072380499999998,-0.6354528049617163
GAP21Q19_d_W82,low,0.6943315929318346,Inferred from occupation,0.7965149332084254,-0.10218334027659082
GAP21Q19_d_W82,high,0.6230362466821208,Inferred from occupation,0.375325705645968,0.24771054103615275
GAP21Q19_e_W82,low,0.6963179215405804,Inferred from occupation,0.7126056699999999,-0.016287748459419493
GAP21Q19_e_W82,high,0.7231364933292013,Inferred from occupation,0.517972055432431,0.2051644378967703
GAP21Q21_a_W82,low,0.4750505843773161,Inferred from occupation,0.36382465622133536,0.11122592815598076
GAP21Q21_a_W82,high,0.31846077000909856,Inferred from occupation,0.2561581719373166,0.062302598071781956
GAP21Q21_e_W82,low,0.5397496216504076,Inferred from occupation,0.6649224860283256,-0.12517286437791797
GAP21Q21_e_W82,high,0.7209028815459764,Inferred from occupation,0.8726679360283256,-0.15176505448234923
GAP21Q23_W82,low,1.5695979576622423,Inferred from occupation,1.4422509068101892,0.1273470508520531
GAP21Q23_W82,high,1.1756990815126618,Inferred from occupation,1.164938626810189,0.010760454702472888
GAP21Q24_W82,low,0.5234547852609612,Inferred from occupation,0.5825151406377345,-0.05906035537677323
GAP21Q24_W82,high,0.7242032156563672,Inferred from occupation,0.5112909506377346,0.2129122650186327
GAP21Q25_W82,low,1.2950278218390043,Inferred from occupation,0.605628394748206,0.6893994270907984
GAP21Q25_W82,high,0.7928590489351531,Inferred from occupation,0.4782617386435919,0.31459731029156124
GAP21Q26_a_W82,low,1.0562143033753952,Inferred from occupation,0.7587973099999998,0.2974169933753954
GAP21Q26_a_W82,high,1.2524021090291404,Inferred from occupation,0.9600423699999999,0.2923597390291405
GAP21Q26_b_W82,low,1.2848414429401918,Inferred from occupation,1.3484372833301759,-0.06359584038998412
GAP21Q26_b_W82,high,1.4634468415118729,Inferred from occupation,1.4172795255303767,0.04616731598149615
GAP21Q26_c_W82,low,0.6309648964519673,Inferred from occupation,0.5981848548402935,0.032780041611673805
GAP21Q26_c_W82,high,1.2620990611580336,Inferred from occupation,0.8908826548402935,0.3712164063177401
GAP21Q27_W82,low,0.24712333308373713,Inferred from occupation,0.16778417820980268,0.07933915487393445
GAP21Q27_W82,high,0.2464102233986812,Inferred from occupation,0.18595672320980264,0.06045350018887857
GAP21Q28_W82,low,0.8056554492328809,Inferred from occupation,0.600712632827335,0.2049428164055459
GAP21Q28_W82,high,1.1603970892201398,Inferred from occupation,0.5436060573148849,0.616791031905255
GAP21Q31_W82,low,0.43610860277275837,Inferred from occupation,0.35846778864749923,0.07764081412525914
GAP21Q31_W82,high,0.4033548970669615,Inferred from occupation,0.38179266864749895,0.021562228419462537
GAP21Q32_W82,low,0.7650556860760896,Inferred from occupation,0.6884793683532561,0.07657631772283358
GAP21Q32_W82,high,0.45743367223419207,Inferred from occupation,0.4196425683532561,0.03779110388093598
GAP21Q33_c_W82,low,0.41154142542477096,Inferred from occupation,0.20951817954504653,0.20202324587972442
GAP21Q33_c_W82,high,0.4253965966630444,Inferred from occupation,0.2296180944268188,0.19577850223622562
GAP21Q33_g_W82,low,0.816450746795486,Inferred from occupation,0.5514974838797162,0.2649532629157698
GAP21Q33_g_W82,high,0.6061936115297895,Inferred from occupation,0.5168440238797163,0.08934958765007317
GAP21Q33_i_W82,low,0.8298397675406218,Inferred from occupation,0.34179920284976734,0.4880405646908545
GAP21Q33_i_W82,high,0.668154631848372,Inferred from occupation,0.3148338391476628,0.3533207927007092
GAP21Q33_j_W82,low,0.4064508910288582,Inferred from occupation,0.3134341265832578,0.09301676444560036
GAP21Q33_j_W82,high,0.25441966088644324,Inferred from occupation,0.26070580658325776,-0.006286145696814516
GAP21Q33_m_W82,low,0.35379786125101165,Inferred from occupation,0.2634157351790497,0.09038212607196194
GAP21Q33_m_W82,high,0.48876185632790836,Inferred from occupation,0.3054038683302487,0.18335798799765968
GAP21Q33_n_W82,low,0.5699530045681374,Inferred from occupation,0.6841001060440224,-0.11414710147588503
GAP21Q33_n_W82,high,0.6056926980648374,Inferred from occupation,0.7529516981871627,-0.1472590001223253
GAP21Q33_q_W82,low,0.35461652183505915,Inferred from occupation,0.29083085000000003,0.06378567183505912
GAP21Q33_q_W82,high,0.4738103168024631,Inferred from occupation,0.26855898999999994,0.20525132680246316
GAP21Q33_r_W82,low,0.3976773665497196,Inferred from occupation,0.2213410599999998,0.17633630654971977
GAP21Q33_r_W82,high,0.4809978707795268,Inferred from occupation,0.30369370416378527,0.17730416661574155
GAP21Q33_s_W82,low,0.6103469329458513,Inferred from occupation,0.3362902346035409,0.2740566983423104
GAP21Q33_s_W82,high,0.15865883660003882,Inferred from occupation,0.1322518524168894,0.026406984183149435
GAP21Q34_a_W82,low,1.2878927361346153,Inferred from occupation,0.5665780721246975,0.7213146640099178
GAP21Q34_a_W82,high,0.4756113478678788,Inferred from occupation,0.5997422344210104,-0.12413088655313159
GAP21Q34_b_W82,low,1.6328719192794878,Inferred from occupation,1.6144889889155305,0.01838293036395733
GAP21Q34_b_W82,high,1.3231257260000002,Inferred from occupation,1.4867751789155303,-0.16364945291553012
GAP21Q34_c_W82,low,1.4652411864587438,Inferred from occupation,1.3062528416508088,0.158988344807935
GAP21Q34_c_W82,high,1.0390456979558245,Inferred from occupation,1.2784463816508087,-0.23940068369498424
GAP21Q34_d_W82,low,1.0538229623235444,Inferred from occupation,0.6635468114340473,0.3902761508894972
GAP21Q34_d_W82,high,0.4867881655924866,Inferred from occupation,0.6965531814340472,-0.2097650158415606
GAP21Q34_e_W82,low,1.3796786488995432,Inferred from occupation,0.47649343543310535,0.9031852134664378
GAP21Q34_e_W82,high,0.5215762243832841,Inferred from occupation,0.30608533636553736,0.21549088801774674
GAP21Q34_f_W82,low,1.185319698617083,Inferred from occupation,0.4162475572433747,0.7690721413737084
GAP21Q34_f_W82,high,0.5619972299092955,Inferred from occupation,0.5346919322130483,0.02730529769624712
GAP21Q38_a_W82,low,0.6359571152614403,Inferred from occupation,0.6578855210537476,-0.02192840579230737
GAP21Q38_a_W82,high,0.4783553670479561,Inferred from occupation,0.6630236310537476,-0.1846682640057915
GAP21Q38_b_W82,low,0.5139549942474588,Inferred from occupation,0.6067252231603438,-0.092770228912885
GAP21Q38_b_W82,high,0.2777006498597356,Inferred from occupation,0.5594429876404232,-0.28174233778068764
GAP21Q38_c_W82,low,0.45894938898735965,Inferred from occupation,0.5771413866423054,-0.11819199765494576
GAP21Q38_c_W82,high,0.26464553541984487,Inferred from occupation,0.44810893664230544,-0.18346340122246058
GAP21Q41_W82,low,1.0361003025312998,Inferred from occupation,1.0101304278628982,0.025969874668401616
GAP21Q41_W82,high,1.51587251110973,Inferred from occupation,1.212456197862898,0.30341631324683194
GAP21Q43_g_W82,low,0.5286650611097874,Inferred from occupation,0.40664737496608006,0.12201768614370734
GAP21Q43_g_W82,high,0.5681995614741653,Inferred from occupation,0.4021745774912177,0.16602498398294757
GAP21Q47_W82,low,1.3741962982430143,Inferred from occupation,1.0807502706861523,0.293446027556862
GAP21Q47_W82,high,1.215031633236051,Inferred from occupation,0.9690367806861524,0.2459948525498985
GAP21Q4_a_W82,low,0.9365711173657111,Inferred from occupation,1.3269051903558435,-0.39033407299013245
GAP21Q4_a_W82,high,0.7268910305643983,Inferred from occupation,1.3109606,-0.5840695694356017
GAP21Q4_b_W82,low,0.6003151278554624,Inferred from occupation,0.6296769293600419,-0.029361801504579566
GAP21Q4_b_W82,high,0.8212341590426164,Inferred from occupation,0.7096984322558834,0.11153572678673307
GAP21Q4_c_W82,low,0.848593992537418,Inferred from occupation,0.9362906440198698,-0.08769665148245187
GAP21Q4_c_W82,high,0.7735133169602673,Inferred from occupation,1.048755989542618,-0.2752426725823507
GAP21Q4_d_W82,low,0.8108890881294871,Inferred from occupation,0.997714561537306,-0.18682547340781885
GAP21Q4_d_W82,high,0.7286073455044821,Inferred from occupation,1.0955097777067735,-0.36690243220229135
GAP21Q4_e_W82,low,0.8255262526276186,Inferred from occupation,0.8501519423844268,-0.024625689756808233
GAP21Q4_e_W82,high,0.7800961616120289,Inferred from occupation,0.7279916541196909,0.05210450749233797
GAP21Q4_f_W82,low,0.7678454519030034,Inferred from occupation,1.0835910926440413,-0.31574564074103795
GAP21Q4_f_W82,high,0.6994209685729323,Inferred from occupation,1.1911019270070469,-0.4916809584341145
GAP21Q7_a_W82,low,0.47235496000000005,Inferred from occupation,0.8256394572310152,-0.3532844972310151
GAP21Q7_a_W82,high,1.103884037337691,Inferred from occupation,1.072218346568706,0.031665690768984955
GAP21Q7_b_W82,low,0.6807249221089781,Inferred from occupation,0.31007648029860496,0.3706484418103731
GAP21Q7_b_W82,high,0.636066876429918,Inferred from occupation,0.31414585999999994,0.32192101642991805
GAP21Q7_d_W82,low,0.8239797218347995,Inferred from occupation,0.9533992708463821,-0.1294195490115826
GAP21Q7_d_W82,high,1.0783697910545043,Inferred from occupation,1.0940788808463822,-0.015709089791877906
BILLION_W92,low,0.2039432206467568,Inferred from occupation,0.21191023982949142,-0.007967019182734625
BILLION_W92,high,0.212356990990758,Inferred from occupation,0.1821292204434108,0.03022777054734721
CANDEXP_W92,low,0.45352593232257604,Inferred from occupation,0.47922700818545527,-0.02570107586287923
CANDEXP_W92,high,0.6536586231567835,Inferred from occupation,0.3666007805387359,0.28705784261804757
ELECT_CONF3_PRVFR_W92,low,1.477261097980588,Inferred from occupation,1.4351726303941106,0.04208846758647744
ELECT_CONF3_PRVFR_W92,high,1.4172424360000002,Inferred from occupation,1.4443445603941105,-0.027102124394110305
ELECT_CONF3_PRVSUP_W92,low,0.48701155078794556,Inferred from occupation,0.7523138673630274,-0.26530231657508185
ELECT_CONF3_PRVSUP_W92,high,0.3787330444620989,Inferred from occupation,0.7605362186499036,-0.38180317418780474
ELECT_IMPT3_PRVFR_W92,low,1.942888727002916,Inferred from occupation,1.447146628924843,0.4957420980780731
ELECT_IMPT3_PRVFR_W92,high,1.930512901161388,Inferred from occupation,1.6605175466800648,0.26999535448132317
FREECOLL_W92,low,0.5786345562280808,Inferred from occupation,1.08741464,-0.5087800837719192
FREECOLL_W92,high,1.2658462287644197,Inferred from occupation,0.5716115898038572,0.6942346389605625
GODMORALIMP_W92,low,0.4302322314777685,Inferred from occupation,0.33979072992323883,0.09044150155452968
GODMORALIMP_W92,high,0.56737315570985,Inferred from occupation,0.5556796298213444,0.011693525888505585
LEGALIMMIGAMT_W92,low,0.6335302554701059,Inferred from occupation,0.2062378877502844,0.4272923677198215
LEGALIMMIGAMT_W92,high,0.641404302124782,Inferred from occupation,0.3280433200000001,0.313360982124782
POLINTOL2_a_W92,low,1.1652163728876885,Inferred from occupation,0.8178606313033457,0.3473557415843428
POLINTOL2_a_W92,high,0.9846659221630154,Inferred from occupation,0.7005294615623697,0.2841364606006457
PROG_RNEED_W92,low,0.18826334367471276,Inferred from occupation,0.29441855998529964,-0.10615521631058689
PROG_RNEED_W92,high,0.29877187677218,Inferred from occupation,0.4352293899852997,-0.13645751321311972
RACESURV52MOD_W92,low,0.9949566804674426,Inferred from occupation,0.5109319925389457,0.48402468792849684
RACESURV52MOD_W92,high,0.6831140191461524,Inferred from occupation,0.27475068766689464,0.4083633314792578
REPRSNTDEM_W92,low,0.7627926132221123,Inferred from occupation,1.3358732398607902,-0.5730806266386779
REPRSNTDEM_W92,high,0.5664408330097552,Inferred from occupation,1.1196725340244031,-0.5532317010146479
REPRSNTREP_W92,low,0.6021835178532364,Inferred from occupation,0.8100928625199532,-0.20790934466671673
REPRSNTREP_W92,high,0.5311523626447535,Inferred from occupation,0.8265558525199534,-0.29540348987519993
SOCIETY_GUNS_W92,low,0.5544037473883168,Inferred from occupation,0.8997178839072288,-0.3453141365189121
SOCIETY_GUNS_W92,high,0.5964370724854957,Inferred from occupation,0.9622268739072289,-0.36578980142173323
SOCIETY_RELG_W92,low,1.4476673787367427,Inferred from occupation,1.178269789535833,0.2693975892009097
SOCIETY_RELG_W92,high,1.5717322113242005,Inferred from occupation,1.3807061395358329,0.1910260717883676
SOCIETY_RHIST_W92,low,0.8741252951578355,Inferred from occupation,0.5997047640425017,0.2744205311153338
SOCIETY_RHIST_W92,high,0.5528334531895813,Inferred from occupation,0.575796424042502,-0.02296297085292065
SOCIETY_SSM_W92,low,0.9832903736291164,Inferred from occupation,0.8977255039572933,0.08556486967182309
SOCIETY_SSM_W92,high,1.0776350005344684,Inferred from occupation,0.5106855885707724,0.566949411963696
SOCIETY_TRANS_W92,low,0.6261028247022504,Inferred from occupation,1.1711507832547376,-0.5450479585524872
SOCIETY_TRANS_W92,high,0.6261404984528014,Inferred from occupation,0.9154492132547377,-0.2893087148019363
SOCIETY_WHT_W92,low,0.13963148975140938,Inferred from occupation,0.09149819533478429,0.04813329441662509
SOCIETY_WHT_W92,high,0.2630318764147498,Inferred from occupation,0.19483767286106038,0.06819420355368941
UNIMMIGCOMM_W92,low,0.7643949553544658,Inferred from occupation,0.6373936019576568,0.12700135339680896
UNIMMIGCOMM_W92,high,0.8369746711236707,Inferred from occupation,0.6557783565577835,0.18119631456588725
USEXCEPT_W92,low,0.5965975498180279,Inferred from occupation,0.24350360249813183,0.3530939473198961
USEXCEPT_W92,high,0.4867005958972621,Inferred from occupation,0.2946552724981317,0.19204532339913039
USMILSIZ_W92,low,0.31145977942869646,Inferred from occupation,0.7126154187104953,-0.4011556392817988
USMILSIZ_W92,high,0.4399338201956989,Inferred from occupation,0.5825207503232201,-0.14258693012752127
WHADVANT_W92,low,0.7933756110377989,Inferred from occupation,0.6314291083647675,0.16194650267303135
WHADVANT_W92,high,0.6092209583388195,Inferred from occupation,0.46658444428804524,0.14263651405077427
