qkey,attribute,group_a,group_b,human_gap,quartile,channel,magnitude,regime,target_human_group,expected_model_class,competitor_model_class,distance_own_profile,distance_competitor_profile,difference
CARRYGUN_W26,gender,Male,Female,0.12741612642365374,Q3,inferred,,Inferred from name,Male,male,female,1.0277792369996588,1.0277626784994227,1.6558500236074636e-05
GROWUPGUN2A_W26,gender,Male,Female,0.02645808000000005,Q1,inferred,,Inferred from name,Male,male,female,0.36809375210352213,0.3706974484720018,-0.00260369636847968
GROWUPGUN2B_W26,gender,Male,Female,0.06983356000000007,Q2,inferred,,Inferred from name,Male,male,female,0.2898090985397378,0.2790188306592716,0.01079026788046622
GROWUPGUN2C_W26,gender,Male,Female,0.12567848999999998,Q3,inferred,,Inferred from name,Male,male,female,0.4682085361612489,0.4700513381099737,-0.0018428019487247704
GROWUPGUN4_W26,gender,Male,Female,0.19573881999999995,Q3,inferred,,Inferred from name,Male,male,female,0.5375840124956899,0.536950121505571,0.0006338909901189016
GROWUPGUN6_W26,gender,Male,Female,0.41024151006297305,Q4,inferred,,Inferred from name,Male,male,female,0.8532482949812672,0.9410337342250698,-0.08778543924380255
GROWUPGUN7_W26,gender,Male,Female,0.9799193065335078,Q4,inferred,,Inferred from name,Male,male,female,1.403266446657875,1.5816188393161883,-0.17835239265831326
GROWUPVIOL_W26,gender,Male,Female,0.10525287000000001,Q3,inferred,,Inferred from name,Male,male,female,2.2696277417047246,2.1927024242817756,0.07692531742294895
GUNACCESS_W26,gender,Male,Female,0.26847898271435916,Q4,inferred,,Inferred from name,Male,male,female,1.7285512747142375,1.7285503757144,8.989998374620001e-07
GUNACTIVITYA_W26,gender,Male,Female,0.40512179,Q4,inferred,,Inferred from name,Male,male,female,0.6172469697361316,0.47025785519500646,0.14698911454112512
GUNACTIVITYB_W26,gender,Male,Female,0.293537986141301,Q4,inferred,,Inferred from name,Male,male,female,0.4335887297807156,0.3680985714016328,0.06549015837908279
GUNCONTRIBA_W26,gender,Male,Female,0.3380495241731196,Q4,inferred,,Inferred from name,Male,male,female,0.6988115755363639,0.9199670629350674,-0.2211554873987035
GUNCONTRIBC_W26,gender,Male,Female,0.32655844454925986,Q4,inferred,,Inferred from name,Male,male,female,0.8455831055352175,0.8502300405227367,-0.0046469349875191135
GUNCONTRIBE_W26,gender,Male,Female,0.4420735348417624,Q4,inferred,,Inferred from name,Male,male,female,0.8746240487553381,0.8743882117432232,0.00023583701211482566
GUNCONTRIBF_W26,gender,Male,Female,0.17482951127702093,Q3,inferred,,Inferred from name,Male,male,female,0.566869872829633,0.5669005613290885,-3.0688499455533425e-05
GUNFRIEND_W26,gender,Male,Female,0.19455915999999993,Q3,inferred,,Inferred from name,Male,male,female,2.0457868300145288,2.0467773229895796,-0.0009904929750508273
GUNIDENTITY_W26,gender,Male,Female,0.11044064000000012,Q3,inferred,,Inferred from name,Male,male,female,0.9498528424995872,0.9488846500421536,0.0009681924574336254
GUNLOADED1_W26,gender,Male,Female,0.19281009481260167,Q3,inferred,,Inferred from name,Male,male,female,0.7605687351065057,0.7605220141066579,4.672099984781575e-05
GUNLOADED2_W26,gender,Male,Female,0.007936229999999989,Q1,inferred,,Inferred from name,Male,male,female,0.3233907605073618,0.320506323517623,0.0028844369897388367
GUNLOCKED1_W26,gender,Male,Female,0.13664473661173004,Q3,inferred,,Inferred from name,Male,male,female,0.45586114904404446,0.49042739016886205,-0.0345662411248176
GUNLOCKED2_W26,gender,Male,Female,0.0073127900000000134,Q1,inferred,,Inferred from name,Male,male,female,0.5660442380973434,0.5643665665258923,0.0016776715714510448
GUNRESPKIDSD_W26,gender,Male,Female,0.049383065098697915,Q2,inferred,,Inferred from name,Male,male,female,1.606808076999794,1.6068044529996055,3.6240001886067574e-06
GUNRESPKIDSE_W26,gender,Male,Female,0.4011035927178682,Q4,inferred,,Inferred from name,Male,male,female,1.129313680499937,1.1293134994999972,1.8099993992493069e-07
GUNRESPNOKIDSA_W26,gender,Male,Female,0.20231650202316498,Q4,inferred,,Inferred from name,Male,male,female,0.6899667209006382,0.689963711900665,3.008999973186377e-06
GUNRESPNOKIDSB_W26,gender,Male,Female,0.20836038244064875,Q4,inferred,,Inferred from name,Male,male,female,0.7437710290000005,0.7026900259683265,0.041081003031673946
GUNRESPNOKIDSC_W26,gender,Male,Female,0.13126636676495096,Q3,inferred,,Inferred from name,Male,male,female,0.4642782115026174,0.4642691735075405,9.037995076899286e-06
GUNRESPNOKIDSD_W26,gender,Male,Female,0.09794651307353333,Q2,inferred,,Inferred from name,Male,male,female,1.6629526746283105,1.6628705266199095,8.214800840100622e-05
GUNRESPNOKIDSE_W26,gender,Male,Female,0.39602702999999995,Q4,inferred,,Inferred from name,Male,male,female,1.0523253975002977,1.0523240325004974,1.3649998003018027e-06
GUNRESPNOKIDSF_W26,gender,Male,Female,0.3287998575984771,Q4,inferred,,Inferred from name,Male,male,female,1.07961039843674,1.0841318038622698,-0.004521405425529812
GUNSAFETYKIDS_W26,gender,Male,Female,0.06337907499999995,Q2,inferred,,Inferred from name,Male,male,female,0.473555324680871,0.4494800215859541,0.0240753030949169
GUNSAFE_W26,gender,Male,Female,0.058513780000000015,Q2,inferred,,Inferred from name,Male,male,female,0.05634048195753433,0.16524476381032382,-0.1089042818527895
GUNTYPEOWNC_W26,gender,Male,Female,0.3429450999999999,Q4,inferred,,Inferred from name,Male,male,female,1.1708949849811314,1.1717829460086358,-0.0008879610275043248
NOCARRYGUN_W26,gender,Male,Female,0.07325672999999999,Q2,inferred,,Inferred from name,Male,male,female,0.5628551868352746,0.5227230914038796,0.040132095431394954
REASONGUNA_W26,gender,Male,Female,0.0564977173782516,Q2,inferred,,Inferred from name,Male,male,female,0.4171918133278174,0.417237085825074,-4.527249725660987e-05
REASONGUNB_W26,gender,Male,Female,0.3048543790664093,Q4,inferred,,Inferred from name,Male,male,female,0.8942289689431078,0.8942288869434851,8.19996226475439e-08
REASONGUNC_W26,gender,Male,Female,0.2864709918426144,Q4,inferred,,Inferred from name,Male,male,female,0.8949728051000259,0.893100082659472,0.001872722440553809
REASONGUND_W26,gender,Male,Female,0.10994980000000001,Q3,inferred,,Inferred from name,Male,male,female,0.5844851645081671,0.5849842634972775,-0.0004990989891103803
REASONGUNE_W26,gender,Male,Female,0.009247210000000033,Q1,inferred,,Inferred from name,Male,male,female,1.7327718785068833,1.284487151227621,0.4482847272792623
SHOOTFREQ_W26,gender,Male,Female,0.3223292400000001,Q4,inferred,,Inferred from name,Male,male,female,0.9930724855136325,0.9949737595024102,-0.0019012739887777075
WORRYB_W26,gender,Male,Female,0.2456113560527844,Q4,inferred,,Inferred from name,Male,male,female,0.5404570068962335,0.586297239985178,-0.04584023308894447
WORRYD_W26,gender,Male,Female,0.24918405000000002,Q4,inferred,,Inferred from name,Male,male,female,0.6093030546871644,0.7561560454429008,-0.14685299075573643
WORRYE_W26,gender,Male,Female,0.21775253999999988,Q4,inferred,,Inferred from name,Male,male,female,0.15358577497685516,0.17971594327184673,-0.026130168294991568
WORRYF_W26,gender,Male,Female,0.29852211547938284,Q4,inferred,,Inferred from name,Male,male,female,0.20659562610199822,0.3312273102130706,-0.1246316841110724
BOYSF1B_W29,gender,Male,Female,0.10429201499999999,Q2,inferred,,Inferred from name,Male,male,female,0.3306823035057582,0.3307480672451736,-6.576373941535874e-05
FAVORS_CPS_W29,gender,Male,Female,0.1534800723761155,Q3,inferred,,Inferred from name,Male,male,female,0.8823013442146275,0.8499157982319059,0.032385545982721586
GIRLSF2C_W29,gender,Male,Female,0.051575777581438845,Q2,inferred,,Inferred from name,Male,male,female,0.2909573807505929,0.2909710760004256,-1.3695249832690326e-05
GIRLSF2D_W29,gender,Male,Female,0.055314156985722465,Q2,inferred,,Inferred from name,Male,male,female,0.2219487277500393,0.22195127125004777,-2.54350000847281e-06
GOPDIRCT_W29,gender,Male,Female,0.20523859999999997,Q4,inferred,,Inferred from name,Male,male,female,0.6040472526693541,0.5735690493115468,0.030478203357807265
HOOD_NHISB_W29,gender,Male,Female,0.0722041700000004,Q2,inferred,,Inferred from name,Male,male,female,0.4901893668259997,0.47531395254427355,0.014875414281726118
LOCALELECT_W29,gender,Male,Female,0.12393901000000018,Q3,inferred,,Inferred from name,Male,male,female,0.9709922764470817,0.9700722875558301,0.0009199888912516663
MAN1A_W29,gender,Male,Female,1.01920817,Q4,inferred,,Inferred from name,Male,male,female,0.6001917895,0.6002553790003661,-6.358950036611244e-05
MAN1B_W29,gender,Male,Female,1.25869198,Q4,inferred,,Inferred from name,Male,male,female,0.9621960545000922,0.9621995634988909,-3.5089987987513283e-06
MAN1C_W29,gender,Male,Female,0.92679733,Q4,inferred,,Inferred from name,Male,male,female,0.7870989452946506,0.9073592776052678,-0.12026033231061717
MAN1D_W29,gender,Male,Female,1.597301294026987,Q4,inferred,,Inferred from name,Male,male,female,0.5955216786176915,0.6820425343674669,-0.08652085574977542
MAN1E_W29,gender,Male,Female,0.44492107,Q4,inferred,,Inferred from name,Male,male,female,0.2899273154269237,0.45190697513996847,-0.1619796597130448
MASC2_W29,gender,Male,Female,2.1469449414694495,Q4,inferred,,Inferred from name,Male,male,female,0.22835152648202203,1.241648106922098,-1.013296580440076
S12_W29,gender,Male,Female,0.08920571999999993,Q2,inferred,,Inferred from name,Male,male,female,0.6576237781035502,0.5872057819072546,0.07041799619629563
S13_W29,gender,Male,Female,0.21724843782751463,Q4,inferred,,Inferred from name,Male,male,female,0.7688612716424476,0.7961237202415985,-0.027262448599150946
SEENMASC_W29,gender,Male,Female,1.3613361099999999,Q4,inferred,,Inferred from name,Male,male,female,0.7167217545052452,0.7140376319696986,0.002684122535546618
TALK_CPS_W29,gender,Male,Female,0.10569955999999986,Q3,inferred,,Inferred from name,Male,male,female,2.4454241940386257,2.4842716447742785,-0.03884745073565288
WORRYBILL_W29,gender,Male,Female,0.20622763999999988,Q4,inferred,,Inferred from name,Male,male,female,0.6093194673739477,0.16126530270565662,0.44805416466829107
CLASS_W32,gender,Male,Female,0.050516119999999894,Q2,inferred,,Inferred from name,Male,male,female,0.6375549354971038,0.6378595239993341,-0.0003045885022302519
COMMIMPA_W32,gender,Male,Female,0.20555360097783684,Q4,inferred,,Inferred from name,Male,male,female,1.3019234539794993,1.3029455644890322,-0.0010221105095329364
COMMIMPB_W32,gender,Male,Female,0.13809401999999982,Q3,inferred,,Inferred from name,Male,male,female,0.6991423474974117,0.6991706219997094,-2.8274502297698234e-05
COMMIMPC_W32,gender,Male,Female,0.2745834836520892,Q4,inferred,,Inferred from name,Male,male,female,1.4390490924531272,1.453369443456422,-0.014320351003294762
COMMIMPF_W32,gender,Male,Female,0.32438873,Q4,inferred,,Inferred from name,Male,male,female,1.0717651581580272,1.0927945499225176,-0.02102939176449037
COMMIMPG_W32,gender,Male,Female,0.1306033199999996,Q3,inferred,,Inferred from name,Male,male,female,1.0368328819681296,1.0383018085031215,-0.0014689265349918657
COMMIMPH_W32,gender,Male,Female,0.16139326000000004,Q3,inferred,,Inferred from name,Male,male,female,0.7058199599355995,0.6922091078715948,0.013610852064004697
COMMYRS_W32,gender,Male,Female,0.03268944432555873,Q1,inferred,,Inferred from name,Male,male,female,0.4263278824676913,0.9907105910690337,-0.5643827086013424
ETHNCMAJ_W32,gender,Male,Female,0.021256514999999976,Q1,inferred,,Inferred from name,Male,male,female,0.21382193674994596,0.2138221847497606,-2.4799981465650767e-07
GAYMARR2_W32,gender,Male,Female,0.12598261291643065,Q3,inferred,,Inferred from name,Male,male,female,1.3744821580392936,1.397482710536712,-0.02300055249741839
HARASS2F1_W32,gender,Male,Female,0.015190887486521226,Q1,inferred,,Inferred from name,Male,male,female,0.45269042624998795,0.45269028949998474,1.3675000321011765e-07
IMMIMPACT_W32,gender,Male,Female,0.006735459999999943,Q1,inferred,,Inferred from name,Male,male,female,0.3333250342476606,0.3335648405005768,-0.00023980625291619706
MOVERURAL_W32,gender,Male,Female,0.09271421092714194,Q2,inferred,,Inferred from name,Male,male,female,0.5246084164811584,0.5245729857526864,3.54307284720079e-05
MOVESUBURB_W32,gender,Male,Female,0.23398872999999987,Q4,inferred,,Inferred from name,Male,male,female,0.46761094797113767,0.4152057247522356,0.052405223218902064
MOVEURBAN_W32,gender,Male,Female,0.11238852914038994,Q3,inferred,,Inferred from name,Male,male,female,0.31504435566047684,0.3256058542374509,-0.010561498576974082
NEIGHINTERA_W32,gender,Male,Female,0.15930686558483725,Q3,inferred,,Inferred from name,Male,male,female,1.5726634697006785,1.762905771540682,-0.19024230184000346
NEIGHINTERB_W32,gender,Male,Female,0.055633150536500434,Q2,inferred,,Inferred from name,Male,male,female,0.9830842250309938,0.9796602598580929,0.003423965172900889
NEIGHKIDS_W32,gender,Male,Female,0.008486627672213254,Q1,inferred,,Inferred from name,Male,male,female,0.2556652208817669,0.20654420611270854,0.04912101476905836
NEIGHSAMEA_W32,gender,Male,Female,0.037218929217532976,Q1,inferred,,Inferred from name,Male,male,female,2.1966050976782383,2.1737131272114287,0.022891970466809575
SATLIFED_W32,gender,Male,Female,0.021616910000000156,Q1,inferred,,Inferred from name,Male,male,female,0.7630698542077569,0.7413919014408258,0.021677952766931075
SOCTRUST2_W32,gender,Male,Female,0.004883829999999922,Q1,inferred,,Inferred from name,Male,male,female,0.42618750652979265,0.4282318814985159,-0.002044374968723228
VALUERURAL_W32,gender,Male,Female,0.05414281000000004,Q2,inferred,,Inferred from name,Male,male,female,0.8714415435558815,0.8778400899272693,-0.006398546371387703
WHADVANT_W32,gender,Male,Female,0.18604241625616164,Q3,inferred,,Inferred from name,Male,male,female,0.7738334764239891,0.8118374555687472,-0.03800397914475806
WILLMOVE_W32,gender,Male,Female,0.05563259096600065,Q2,inferred,,Inferred from name,Male,male,female,0.27216642806079483,0.3263059191921983,-0.05413949113140348
EAT1_W34,gender,Male,Female,0.15373783540426678,Q3,inferred,,Inferred from name,Male,male,female,0.3257743358410123,0.4132147986571506,-0.08744046281613832
EAT2_W34,gender,Male,Female,0.12846561000000023,Q3,inferred,,Inferred from name,Male,male,female,0.6674854094727671,0.7153595523838908,-0.047874142911123685
EAT5B_W34,gender,Male,Female,0.2871463100000002,Q4,inferred,,Inferred from name,Male,male,female,0.5655796445001684,0.5655806890000666,-1.0444998982395148e-06
EAT5C_W34,gender,Male,Female,0.31826349999999987,Q4,inferred,,Inferred from name,Male,male,female,0.6139506068885594,0.6088889174483675,0.005061689440191919
EAT5D_W34,gender,Male,Female,0.250491737495083,Q4,inferred,,Inferred from name,Male,male,female,0.5380489485729814,0.5373338935161104,0.0007150550568709724
EVOBIOA_W34,gender,Male,Female,0.0754553,Q2,inferred,,Inferred from name,Male,male,female,0.15728841649993874,0.15728843799994996,-2.1500011215813686e-08
EVOBIOB_W34,gender,Male,Female,0.13486962000000002,Q3,inferred,,Inferred from name,Male,male,female,0.4804411874999922,0.4804413264999958,-1.390000036183281e-07
EVOPERS3_W34,gender,Male,Female,0.06027303999999983,Q2,inferred,,Inferred from name,Male,male,female,0.8154118625000273,0.8154110380000253,8.245000019391213e-07
EVOTHREE_W34,gender,Male,Female,0.04082140000000001,Q1,inferred,,Inferred from name,Male,male,female,0.3651125731302747,0.3616591462960663,0.0034534268342083507
FUD22_W34,gender,Male,Female,0.04161787999999995,Q1,inferred,,Inferred from name,Male,male,female,0.8372210349946537,0.8374374459994609,-0.00021641100480718212
FUD24_W34,gender,Male,Female,0.004887359999999924,Q1,inferred,,Inferred from name,Male,male,female,0.21547868861948372,0.2407797589870411,-0.025301070367557382
FUD33B_W34,gender,Male,Female,0.010624351970052043,Q1,inferred,,Inferred from name,Male,male,female,0.20762350124994247,0.20762090874985734,2.592500085135674e-06
FUD35_W34,gender,Male,Female,0.20807841000000013,Q4,inferred,,Inferred from name,Male,male,female,0.6596474561338334,0.6578384464503433,0.0018090096834900704
FUD37A_W34,gender,Male,Female,0.1387911224072796,Q3,inferred,,Inferred from name,Male,male,female,0.6611861730001017,0.6611482170003237,3.795599977807207e-05
FUD37B_W34,gender,Male,Female,0.31001652390825574,Q4,inferred,,Inferred from name,Male,male,female,0.7914551974209887,0.7917776759131284,-0.0003224784921397328
FUD37C_W34,gender,Male,Female,0.3344374266556259,Q4,inferred,,Inferred from name,Male,male,female,0.7564139819347441,0.7563625754354256,5.140649931845154e-05
BETTERBIZ1F2D_W36,gender,Male,Female,0.13906907920001157,Q3,inferred,,Inferred from name,Male,male,female,0.18721685287783046,0.18721689512782247,-4.224999200497237e-08
BETTERBIZ1F2E_W36,gender,Male,Female,0.10112174500000007,Q2,inferred,,Inferred from name,Male,male,female,0.2596231757499604,0.2596233842500122,-2.0850005177930342e-07
BETTERBIZ1F2H_W36,gender,Male,Female,0.05083484500000002,Q2,inferred,,Inferred from name,Male,male,female,0.1793075327500004,0.17930754374999722,-1.0999996830074465e-08
BETTERBIZ2F2C_W36,gender,Male,Female,0.003796159999999965,Q1,inferred,,Inferred from name,Male,male,female,0.13595495900000867,0.13595500474999228,-4.57499836070685e-08
BETTERBIZ2F2E_W36,gender,Male,Female,0.07120169000000003,Q2,inferred,,Inferred from name,Male,male,female,0.14045048850000344,0.14045050075000914,-1.2250005704261824e-08
BETTERBIZ2F2F_W36,gender,Male,Female,0.015175765000000008,Q1,inferred,,Inferred from name,Male,male,female,0.2445299414999963,0.24452992250001648,1.8999979811695766e-08
BETTERPOL1F1B_W36,gender,Male,Female,0.11506277838188708,Q3,inferred,,Inferred from name,Male,male,female,0.280683078999998,0.28068308324999974,-4.2500017394253575e-09
BETTERPOL1F1E_W36,gender,Male,Female,0.02863504499999997,Q1,inferred,,Inferred from name,Male,male,female,0.23456734775000346,0.23456740199998394,-5.424998048009222e-08
BETTERPOL1F1I_W36,gender,Male,Female,0.020927120000000042,Q1,inferred,,Inferred from name,Male,male,female,0.23307063274993595,0.23307117725000073,-5.445000647863463e-07
BETTERPOL2F1A_W36,gender,Male,Female,0.1100957003638004,Q3,inferred,,Inferred from name,Male,male,female,0.13425658534257148,0.13425659309256846,-7.749996977501894e-09
BETTERPOL2F1C_W36,gender,Male,Female,0.02366024499999999,Q1,inferred,,Inferred from name,Male,male,female,0.1957251837500052,0.19572531875000176,-1.349999965705173e-07
BETTERPOL2F1D_W36,gender,Male,Female,0.06683086827838364,Q2,inferred,,Inferred from name,Male,male,female,0.23899162374998115,0.23899165075000772,-2.7000026575629832e-08
BETTERPOL2F1F_W36,gender,Male,Female,0.07022496453138671,Q2,inferred,,Inferred from name,Male,male,female,0.2062768809372242,0.20627700793721904,-1.269999948261269e-07
E5_W36,gender,Male,Female,0.28371384678917827,Q4,inferred,,Inferred from name,Male,male,female,0.9004945748417541,0.9071457069148916,-0.0066511320731375
ESSENBIZF2E_W36,gender,Male,Female,0.12374938000000002,Q3,inferred,,Inferred from name,Male,male,female,0.5404982910084873,0.5400481315114462,0.0004501594970411915
ESSENBIZF2J_W36,gender,Male,Female,0.07901336665965797,Q2,inferred,,Inferred from name,Male,male,female,0.4123065159977769,0.412067501485299,0.0002390145124778753
ESSENPOLF1A_W36,gender,Male,Female,0.005056240594104033,Q1,inferred,,Inferred from name,Male,male,female,0.12002722729968773,0.12002789479969089,-6.675000031597378e-07
ESSENPOLF1B_W36,gender,Male,Female,0.13900076468087597,Q3,inferred,,Inferred from name,Male,male,female,0.4679948686786969,0.46805196917998526,-5.710050128837629e-05
ESSENPOLF1D_W36,gender,Male,Female,0.019113471809949156,Q1,inferred,,Inferred from name,Male,male,female,0.24412172044097202,0.2441199114411845,1.8089997875225805e-06
ESSENPOLF1G_W36,gender,Male,Female,0.019975089999999918,Q1,inferred,,Inferred from name,Male,male,female,0.46316094483811154,0.4609819765507638,0.00217896828734776
ESSENPOLF1H_W36,gender,Male,Female,0.16617941452302765,Q3,inferred,,Inferred from name,Male,male,female,0.4521790815207394,0.45223782652176125,-5.8745001021875964e-05
HIGHEDWRNGB_W36,gender,Male,Female,0.21626960783730398,Q4,inferred,,Inferred from name,Male,male,female,0.6194032451014794,0.6227687408957729,-0.0033654957942935715
HIGHEDWRNGC_W36,gender,Male,Female,0.2365128723563944,Q4,inferred,,Inferred from name,Male,male,female,0.526529778015815,0.5261207039905016,0.0004090740253134273
IMPROVE1_W36,gender,Male,Female,0.2558220380755256,Q4,inferred,,Inferred from name,Male,male,female,1.0502786452839157,1.0467901212761093,0.003488524007806415
IMPROVE2_W36,gender,Male,Female,0.37886175195758826,Q4,inferred,,Inferred from name,Male,male,female,0.8306077169983187,0.8306205195034282,-1.2802505109488216e-05
IMPROVE3_W36,gender,Male,Female,0.4380959699999999,Q4,inferred,,Inferred from name,Male,male,female,0.8801505312723058,1.0590730937054416,-0.17892256243313576
MOREWMN1F2_W36,gender,Male,Female,0.08016822000000007,Q2,inferred,,Inferred from name,Male,male,female,0.26039821700001864,0.26039825249999377,-3.5499975126196404e-08
POLCHF1_W36,gender,Male,Female,0.11088972999999996,Q3,inferred,,Inferred from name,Male,male,female,0.7556826624910418,0.7557537209912191,-7.10585001773012e-05
TRAITBIZMF2C_W36,gender,Male,Female,0.01692983000000009,Q1,inferred,,Inferred from name,Male,male,female,0.16081193875000477,0.16081193700000507,1.7499997007064394e-09
TRAITBIZMF2D_W36,gender,Male,Female,0.04837335499999995,Q1,inferred,,Inferred from name,Male,male,female,0.1961886939999969,0.1961886334999955,6.050000139756762e-08
TRAITBIZMF2E_W36,gender,Male,Female,0.047860681249754344,Q1,inferred,,Inferred from name,Male,male,female,0.12497534325024662,0.12497532400023931,1.925000731040072e-08
TRAITBIZMF2G_W36,gender,Male,Female,0.02493734500000011,Q1,inferred,,Inferred from name,Male,male,female,0.29870098175000503,0.2987009532500028,2.850000224707827e-08
TRAITBIZWF2C_W36,gender,Male,Female,0.08499667866851895,Q2,inferred,,Inferred from name,Male,male,female,0.28185482650000776,0.28185479949999426,2.7000013502753717e-08
TRAITBIZWF2D_W36,gender,Male,Female,0.05977729499999995,Q2,inferred,,Inferred from name,Male,male,female,0.21753112549999865,0.21753101800000108,1.0749999757031503e-07
TRAITBIZWF2E_W36,gender,Male,Female,0.02512165500000002,Q1,inferred,,Inferred from name,Male,male,female,0.34176543499999745,0.3417654107499943,2.4250003172188173e-08
TRAITBIZWF2G_W36,gender,Male,Female,0.007233266034997077,Q1,inferred,,Inferred from name,Male,male,female,0.3964996070349916,0.39649960803498613,-9.999945316252479e-10
TRAITPOLMF1B_W36,gender,Male,Female,0.04691485000000006,Q1,inferred,,Inferred from name,Male,male,female,0.36185429299996896,0.36180858249930553,4.571050066343174e-05
TRAITPOLMF1C_W36,gender,Male,Female,0.058866184999999904,Q2,inferred,,Inferred from name,Male,male,female,0.21100518424948173,0.2110363269996447,-3.11427501629713e-05
TRAITPOLMF1D_W36,gender,Male,Female,0.02277273614339609,Q1,inferred,,Inferred from name,Male,male,female,0.20421639395783175,0.2042163377078406,5.624999116493612e-08
TRAITPOLMF1E_W36,gender,Male,Female,0.03634763499999999,Q1,inferred,,Inferred from name,Male,male,female,0.13416673624975667,0.1332235137605986,0.0009432224891580687
TRAITPOLMF1F_W36,gender,Male,Female,0.07763790844281045,Q2,inferred,,Inferred from name,Male,male,female,0.13360921940697335,0.2865298728181451,-0.15292065341117178
TRAITPOLMF1G_W36,gender,Male,Female,0.02511408230362816,Q1,inferred,,Inferred from name,Male,male,female,0.2445223792500054,0.2445223879999887,-8.749983321232335e-09
TRAITPOLWF1A_W36,gender,Male,Female,0.04861821999999999,Q1,inferred,,Inferred from name,Male,male,female,0.21645406975001769,0.21645371149995907,3.5825005861855885e-07
TRAITPOLWF1C_W36,gender,Male,Female,0.04557793901507745,Q1,inferred,,Inferred from name,Male,male,female,0.34882541074994877,0.34881477450001824,1.063624993052903e-05
TRAITPOLWF1D_W36,gender,Male,Female,0.06005998082735997,Q2,inferred,,Inferred from name,Male,male,female,0.21402456600000336,0.2140244910000016,7.500000176463573e-08
TRAITPOLWF1E_W36,gender,Male,Female,0.09019199499999997,Q2,inferred,,Inferred from name,Male,male,female,0.31170291474999734,0.3117024639999951,4.5075000221217465e-07
TRAITPOLWF1F_W36,gender,Male,Female,0.10941712499999999,Q3,inferred,,Inferred from name,Male,male,female,0.3120090862488655,0.3120223552495536,-1.3269000688098664e-05
TRAITPOLWF1G_W36,gender,Male,Female,0.027406316819713228,Q1,inferred,,Inferred from name,Male,male,female,0.31802792293026605,0.3180278549302922,6.799997387396672e-08
WHYNOTBIZF2A_W36,gender,Male,Female,0.2069332900000001,Q4,inferred,,Inferred from name,Male,male,female,0.2521627678712965,0.6369960268208124,-0.38483325894951587
WHYNOTBIZF2B_W36,gender,Male,Female,0.30786238000000005,Q4,inferred,,Inferred from name,Male,male,female,0.777502576000006,0.7775025755000099,4.999961555895993e-10
WHYNOTBIZF2D_W36,gender,Male,Female,0.17277060999999996,Q3,inferred,,Inferred from name,Male,male,female,0.5177358035001377,0.5177306455000189,5.158000118798967e-06
WHYNOTBIZF2F_W36,gender,Male,Female,0.06454030000000002,Q2,inferred,,Inferred from name,Male,male,female,0.4023238255001,0.4023208459996461,2.9795004538590852e-06
WHYNOTBIZF2G_W36,gender,Male,Female,0.30909547167423673,Q4,inferred,,Inferred from name,Male,male,female,1.1642159497608446,1.1670736721752863,-0.00285772241444171
WHYNOTBIZF2H_W36,gender,Male,Female,0.4704290200000001,Q4,inferred,,Inferred from name,Male,male,female,1.2031120429773356,1.1707620687799039,0.0323499741974318
WHYNOTBIZF2J_W36,gender,Male,Female,0.1546794586562173,Q3,inferred,,Inferred from name,Male,male,female,0.8656206541562464,0.8656208091562537,-1.5500000727364238e-07
WHYNOTBIZF2M_W36,gender,Male,Female,0.23776273000000003,Q4,inferred,,Inferred from name,Male,male,female,0.842737476929651,1.1448561721857828,-0.3021186952561319
WHYNOTBIZF2N_W36,gender,Male,Female,0.22575662013847292,Q4,inferred,,Inferred from name,Male,male,female,1.2396014240000646,1.2396022620000515,-8.379999869578825e-07
WHYNOTBIZF2O_W36,gender,Male,Female,0.32858024049728085,Q4,inferred,,Inferred from name,Male,male,female,0.9502716624972893,0.950271699997293,-3.7500003657875425e-08
WHYNOTPOLF1A_W36,gender,Male,Female,0.4279508699999999,Q4,inferred,,Inferred from name,Male,male,female,0.6029046477527249,0.6160539617028004,-0.013149313950075459
WHYNOTPOLF1B_W36,gender,Male,Female,0.33601910000000007,Q4,inferred,,Inferred from name,Male,male,female,0.8790817875011331,0.8790897525010698,-7.964999936715955e-06
WHYNOTPOLF1C_W36,gender,Male,Female,0.029591344603907555,Q1,inferred,,Inferred from name,Male,male,female,0.4258741453724766,0.30480915564746996,0.12106498972500662
WHYNOTPOLF1E_W36,gender,Male,Female,0.03844194000000001,Q1,inferred,,Inferred from name,Male,male,female,0.5602686164885538,0.5569779564573534,0.0032906600312003764
WHYNOTPOLF1G_W36,gender,Male,Female,0.39674344,Q4,inferred,,Inferred from name,Male,male,female,1.033819585053544,1.1335513838128444,-0.09973179875930027
WHYNOTPOLF1I_W36,gender,Male,Female,0.15099602000000018,Q3,inferred,,Inferred from name,Male,male,female,0.5550501406391359,0.5603519405786608,-0.005301799939524843
WHYNOTPOLF1J_W36,gender,Male,Female,0.3492628734926291,Q4,inferred,,Inferred from name,Male,male,female,0.958996942072844,0.9603326986296944,-0.0013357565568503649
WHYNOTPOLF1K_W36,gender,Male,Female,0.08491950505041128,Q2,inferred,,Inferred from name,Male,male,female,0.6840669993837193,0.6859361783679825,-0.0018691789842631978
WHYNOTPOLF1L_W36,gender,Male,Female,0.28371289000000005,Q4,inferred,,Inferred from name,Male,male,female,1.0000099695047777,1.0001133805024107,-0.00010341099763300221
WMNPRZ1_W36,gender,Male,Female,0.2460131707058666,Q4,inferred,,Inferred from name,Male,male,female,0.5425019600600565,0.38879183049021715,0.15371012956983932
AUTOLKLY_W41,gender,Male,Female,0.11764324,Q3,inferred,,Inferred from name,Male,male,female,0.9901733177659047,1.0006035091064207,-0.010430191340516037
AUTOWKPLC_W41,gender,Male,Female,0.06751702999999999,Q2,inferred,,Inferred from name,Male,male,female,0.3859985041826949,0.3661155559151914,0.019882948267503475
ETHNCMAJMOD_W41,gender,Male,Female,0.0414640750000001,Q1,inferred,,Inferred from name,Male,male,female,0.4598785232548819,0.595929600077891,-0.1360510768230091
FTRWORRYc_W41,gender,Male,Female,0.042709369572906164,Q1,inferred,,Inferred from name,Male,male,female,0.5109380517404167,0.5596482540113666,-0.04871020227094991
FTRWORRYe_W41,gender,Male,Female,0.14941128717784286,Q3,inferred,,Inferred from name,Male,male,female,0.699900118993362,0.6997861900101296,0.00011392898323236977
FTRWORRYf_W41,gender,Male,Female,0.15730299000000003,Q3,inferred,,Inferred from name,Male,male,female,1.0580958345253024,1.0478557569999998,0.010240077525302649
FUTRCLASSb_W41,gender,Male,Female,0.07003203499999996,Q2,inferred,,Inferred from name,Male,male,female,0.15678395048261176,0.21085142994636058,-0.05406747946374882
FUTRCLASSc_W41,gender,Male,Female,0.026930445000000025,Q1,inferred,,Inferred from name,Male,male,female,0.27444320825004415,0.27444211350002146,1.0947500226898832e-06
FUTR_DIV_W41,gender,Male,Female,0.03522945499999999,Q1,inferred,,Inferred from name,Male,male,female,0.22187714450246238,0.22222541674586155,-0.0003482722433991725
GOVPRIOb_W41,gender,Male,Female,0.21669094466248778,Q4,inferred,,Inferred from name,Male,male,female,0.7504407525000417,0.7504408625000266,-1.0999998489857887e-07
GOVPRIOc_W41,gender,Male,Female,0.21334980409262816,Q4,inferred,,Inferred from name,Male,male,female,0.5907362935926337,0.5907362465926046,4.7000029090860096e-08
GOVPRIOe_W41,gender,Male,Female,0.12427803999999992,Q3,inferred,,Inferred from name,Male,male,female,0.8788101825000282,0.878810184500007,-1.999978849198669e-09
GOVPRIOfF1_W41,gender,Male,Female,0.07944167999999979,Q2,inferred,,Inferred from name,Male,male,female,0.9253937969688036,0.9276059639951315,-0.0022121670263278714
GOVPRIOgF1_W41,gender,Male,Female,0.08601999097147484,Q2,inferred,,Inferred from name,Male,male,female,0.8160316440046701,0.8159705149972648,6.11290074052917e-05
GOVPRIOhF1_W41,gender,Male,Female,0.14924699163789362,Q3,inferred,,Inferred from name,Male,male,female,0.6665766760995633,0.9215152259368883,-0.254938549837325
GOVPRIOiF1_W41,gender,Male,Female,0.07559282999999972,Q2,inferred,,Inferred from name,Male,male,female,0.7410097060000679,0.7410095915000802,1.144999877134012e-07
GOVPRIOjF1_W41,gender,Male,Female,0.19135331967111657,Q3,inferred,,Inferred from name,Male,male,female,0.77298275975707,0.7725311597752589,0.0004515999818111016
GOVPRIOkF2_W41,gender,Male,Female,0.19631632216369685,Q3,inferred,,Inferred from name,Male,male,female,0.4700136534803405,0.4194477970614618,0.05056585641887873
GOVPRIOlF2_W41,gender,Male,Female,0.07051302999999998,Q2,inferred,,Inferred from name,Male,male,female,1.3860909055000001,1.3861846740016195,-9.376850161935124e-05
GOVPRIOmF2_W41,gender,Male,Female,0.18936220000000054,Q3,inferred,,Inferred from name,Male,male,female,0.7802417719693645,0.7980369114185222,-0.01779513944915767
GOVPRIOnF2_W41,gender,Male,Female,0.2994199434289234,Q4,inferred,,Inferred from name,Male,male,female,1.9556556344877927,1.9558051689790497,-0.00014953449125698626
GOVPRIOoF2_W41,gender,Male,Female,0.10792930892070651,Q3,inferred,,Inferred from name,Male,male,female,0.8802004371979472,0.8802005631979316,-1.2599998444606797e-07
HAPPEN2b_W41,gender,Male,Female,0.1332191915352135,Q3,inferred,,Inferred from name,Male,male,female,0.6433182924340923,0.6432778904325016,4.040200159072249e-05
HAPPEN2f_W41,gender,Male,Female,0.10509362541962743,Q2,inferred,,Inferred from name,Male,male,female,0.5079827839194417,0.5079853589197332,-2.575000291438201e-06
HARASS1F1b_W41,gender,Male,Female,0.04576171609290697,Q1,inferred,,Inferred from name,Male,male,female,0.5967570742956345,0.6025769858835952,-0.005819911587960691
HARASS1F1d_W41,gender,Male,Female,0.15847136999999978,Q3,inferred,,Inferred from name,Male,male,female,0.5590222144999705,0.5590222214999471,-6.999976598365265e-09
HARASS1NOWRKF2d_W41,gender,Male,Female,0.27886497,Q4,inferred,,Inferred from name,Male,male,female,0.624747631499975,0.6247475039999923,1.2749998268279938e-07
HARASS3NOWRKF2_W41,gender,Male,Female,0.031663419999999984,Q1,inferred,,Inferred from name,Male,male,female,0.2700456832805493,0.2698868659212943,0.0001588173592549924
INTRMAR_W41,gender,Male,Female,0.042950987717980005,Q1,inferred,,Inferred from name,Male,male,female,0.6536457607956099,0.6536643720474412,-1.8611251831335274e-05
LEGALIMG_W41,gender,Male,Female,0.06579864915691469,Q2,inferred,,Inferred from name,Male,male,female,0.27717843256146113,0.35232680901187297,-0.07514837645041184
SOLVPROBa_W41,gender,Male,Female,0.17108413368362924,Q3,inferred,,Inferred from name,Male,male,female,0.6316331493164457,0.6316328938164189,2.555000268023022e-07
SOLVPROBb_W41,gender,Male,Female,0.05423693999999987,Q2,inferred,,Inferred from name,Male,male,female,0.7661195630059545,0.7657908030061874,0.00032875999976711423
SOLVPROBc_W41,gender,Male,Female,0.14913932675404692,Q3,inferred,,Inferred from name,Male,male,female,0.7400261455214112,0.7478401241421264,-0.0078139786207152
SOLVPROBdF1_W41,gender,Male,Female,0.07186137719213181,Q2,inferred,,Inferred from name,Male,male,female,0.5577663212942693,0.4389423675796533,0.11882395371461596
SOLVPROBf_W41,gender,Male,Female,0.17203899999999997,Q3,inferred,,Inferred from name,Male,male,female,0.6826726759953613,0.8492196864184128,-0.16654701042305153
SOLVPROBg_W41,gender,Male,Female,0.07123741899092681,Q2,inferred,,Inferred from name,Male,male,female,0.4646744492099998,0.44990329897673964,0.014771150233260144
SOLVPROBh_W41,gender,Male,Female,0.14895890000000045,Q3,inferred,,Inferred from name,Male,male,female,1.1690382401072386,1.1701970395250214,-0.001158799417782852
CONFb_W42,gender,Male,Female,0.14258080733711123,Q3,inferred,,Inferred from name,Male,male,female,0.7366584445043642,0.73632131799835,0.0003371265060142514
CONFc_W42,gender,Male,Female,0.04402340955976641,Q1,inferred,,Inferred from name,Male,male,female,0.47606194693187104,0.463850294598375,0.012211652333496026
CONFe_W42,gender,Male,Female,0.11466535145868638,Q3,inferred,,Inferred from name,Male,male,female,0.8121310488771368,0.8121160443782093,1.5004498927551069e-05
CONFg_W42,gender,Male,Female,0.06137301999999999,Q2,inferred,,Inferred from name,Male,male,female,0.633184139999169,0.6331613620005407,2.2777998628265017e-05
PQ4_F2Aa_W42,gender,Male,Female,0.030503539999999996,Q1,inferred,,Inferred from name,Male,male,female,0.6008610280508269,0.5986227159014282,0.0022383121493986247
PQ4_F2Ac_W42,gender,Male,Female,0.04956236000000029,Q2,inferred,,Inferred from name,Male,male,female,0.6497924925000574,0.6497924010000397,9.150001778479577e-08
PQ4_F2Ae_W42,gender,Male,Female,0.04642457561569191,Q1,inferred,,Inferred from name,Male,male,female,0.5146179535036868,0.5142108105112055,0.0004071429924812353
PQ4_F2Bb_W42,gender,Male,Female,0.045312940000000024,Q1,inferred,,Inferred from name,Male,male,female,0.20898700737186693,0.22199737536631187,-0.013010367994444938
PQ4_F2Bc_W42,gender,Male,Female,0.02534198999999987,Q1,inferred,,Inferred from name,Male,male,female,0.6164262425000847,0.6164261259999843,1.1650010045549664e-07
PQ4_F2Bd_W42,gender,Male,Female,0.037239714115961886,Q1,inferred,,Inferred from name,Male,male,female,0.5883944711159709,0.5883945371159062,-6.599993529476933e-08
PQ4_F2Cc_W42,gender,Male,Female,0.1361714026930852,Q3,inferred,,Inferred from name,Male,male,female,0.603907313539058,0.6039071530391085,1.6049994955302793e-07
PQ8_F2B_W42,gender,Male,Female,0.12413767000000007,Q3,inferred,,Inferred from name,Male,male,female,0.6938428120020682,0.6936688150003809,0.00017399700168729826
RQ1_F1B_W42,gender,Male,Female,0.016965200000000014,Q1,inferred,,Inferred from name,Male,male,female,0.29118385950001324,0.29118390124998633,-4.1749973089810766e-08
RQ1_F1C_W42,gender,Male,Female,0.01116388815783731,Q1,inferred,,Inferred from name,Male,male,female,0.3047870392974078,0.30484929555309814,-6.225625569034055e-05
RQ2_F1A_W42,gender,Male,Female,0.01140179674588132,Q1,inferred,,Inferred from name,Male,male,female,0.3226161657708928,0.323762771268136,-0.0011466054972432138
RQ4_F1Ab_W42,gender,Male,Female,0.013568479999999994,Q1,inferred,,Inferred from name,Male,male,female,0.4942298030000942,0.49423025649988717,-4.534997929406259e-07
RQ4_F1Ae_W42,gender,Male,Female,0.043150940000000026,Q1,inferred,,Inferred from name,Male,male,female,0.5335440331946419,0.5388326848158098,-0.0052886516211678725
RQ4_F1Ba_W42,gender,Male,Female,0.060501923366962085,Q2,inferred,,Inferred from name,Male,male,female,0.5772488215003044,0.5772031474983484,4.5674001955986476e-05
RQ4_F1Bc_W42,gender,Male,Female,0.11627450552682436,Q3,inferred,,Inferred from name,Male,male,female,0.668954823000067,0.668954918500027,-9.549995994007077e-08
RQ4_F1Bd_W42,gender,Male,Female,0.07658734999999983,Q2,inferred,,Inferred from name,Male,male,female,0.6103666084994592,0.6103754180001001,-8.809500640860612e-06
RQ4_F1Be_W42,gender,Male,Female,0.0439659958125449,Q1,inferred,,Inferred from name,Male,male,female,0.5292560126793784,0.5247334513038964,0.004522561375482015
RQ4_F1Ca_W42,gender,Male,Female,0.03437605999999982,Q1,inferred,,Inferred from name,Male,male,female,0.46365796700024053,0.46365080599959646,7.161000644073656e-06
RQ4_F1Cb_W42,gender,Male,Female,0.04834456041987287,Q1,inferred,,Inferred from name,Male,male,female,0.4582110910001582,0.4582043064993513,6.78450080693338e-06
RQ4_F1Cd_W42,gender,Male,Female,0.08152446633249717,Q2,inferred,,Inferred from name,Male,male,female,0.6331764243330466,0.6331994328331253,-2.3008500078747218e-05
RQ5_F1B_W42,gender,Male,Female,0.1463030974676227,Q3,inferred,,Inferred from name,Male,male,female,1.4758029732755085,1.4759892107752193,-0.00018623749971080628
RQ5_F1C_W42,gender,Male,Female,0.07404645999999997,Q2,inferred,,Inferred from name,Male,male,female,1.4924521574999998,1.4924793090009545,-2.7151500954669672e-05
IDIMPORT_W43,gender,Male,Female,0.1924184954084044,Q3,inferred,,Inferred from name,Male,male,female,1.5407994680911448,1.540735389591911,6.40784992338439e-05
RACESURV13_W43,gender,Male,Female,0.10509179999999982,Q2,inferred,,Inferred from name,Male,male,female,0.5773340555867914,0.5813597594970604,-0.004025703910269018
RACESURV14_W43,gender,Male,Female,0.1532521100000002,Q3,inferred,,Inferred from name,Male,male,female,0.9541296429999059,0.9541291425000176,5.004998883118006e-07
RACESURV15a_W43,gender,Male,Female,0.019910494999999973,Q1,inferred,,Inferred from name,Male,male,female,0.19602471442338776,0.19876430318432436,-0.0027395887609366065
RACESURV15b_W43,gender,Male,Female,0.021956056192036333,Q1,inferred,,Inferred from name,Male,male,female,0.3444347977678498,0.3374968588197833,0.006937938948066491
RACESURV17_W43,gender,Male,Female,0.20234909110714516,Q4,inferred,,Inferred from name,Male,male,female,1.2132227528011144,1.2342226741452162,-0.02099992134410189
RACESURV18b_W43,gender,Male,Female,0.042685573193469314,Q1,inferred,,Inferred from name,Male,male,female,0.7983460388434946,0.7983451972043393,8.416391553689451e-07
RACESURV18f_W43,gender,Male,Female,0.0506357200000002,Q2,inferred,,Inferred from name,Male,male,female,0.38547870674686,0.38879684037664775,-0.003318133629787723
RACESURV19a_W43,gender,Male,Female,0.12239998000000002,Q3,inferred,,Inferred from name,Male,male,female,0.841776907500014,0.841777000500006,-9.299999204070986e-08
RACESURV19c_W43,gender,Male,Female,0.07261851000000002,Q2,inferred,,Inferred from name,Male,male,female,0.8001258530001927,0.8001285855000991,-2.732499906454855e-06
RACESURV19e_W43,gender,Male,Female,0.07588431891575054,Q2,inferred,,Inferred from name,Male,male,female,0.8915729639157816,0.8915734129158044,-4.4900002282854956e-07
RACESURV1b_W43,gender,Male,Female,0.022587596978020735,Q1,inferred,,Inferred from name,Male,male,female,0.2995684254898535,0.2972686257600612,0.002299799729792329
RACESURV21_W43,gender,Male,Female,0.03494933999999998,Q1,inferred,,Inferred from name,Male,male,female,0.5374774749053737,0.9293919035802224,-0.3919144286748487
RACESURV27_W43,gender,Male,Female,0.05140828113700614,Q2,inferred,,Inferred from name,Male,male,female,0.8917603445167096,0.9880786384869591,-0.09631829397024949
RACESURV28a_W43,gender,Male,Female,0.01997356219682689,Q1,inferred,,Inferred from name,Male,male,female,0.280304535696795,0.2803073614468667,-2.8257500717110418e-06
RACESURV28b_W43,gender,Male,Female,0.021605734999999987,Q1,inferred,,Inferred from name,Male,male,female,0.2964693859998833,0.29646907074993717,3.152499461478442e-07
RACESURV28c_W43,gender,Male,Female,0.005989765000000008,Q1,inferred,,Inferred from name,Male,male,female,0.2898238607499483,0.2898253439995988,-1.4832496504912918e-06
RACESURV28d_W43,gender,Male,Female,0.024159853618862803,Q1,inferred,,Inferred from name,Male,male,female,0.18838048974963906,0.18837898275019116,1.5069994478977833e-06
RACESURV28e_W43,gender,Male,Female,0.02835505796659915,Q1,inferred,,Inferred from name,Male,male,female,0.20331916471696526,0.2033173804668149,1.7842501503495534e-06
RACESURV28f_W43,gender,Male,Female,0.008053285000000021,Q1,inferred,,Inferred from name,Male,male,female,0.34245023449949147,0.3424506159995719,-3.815000804152646e-07
RACESURV28g_W43,gender,Male,Female,0.030004759999999964,Q1,inferred,,Inferred from name,Male,male,female,0.359982703499903,0.35998142774995956,1.2757499434634667e-06
RACESURV29d_W43,gender,Male,Female,0.028174069999999996,Q1,inferred,,Inferred from name,Male,male,female,0.752233512996328,0.7521779204965044,5.559249982356462e-05
RACESURV2_W43,gender,Male,Female,0.06570212565702127,Q2,inferred,,Inferred from name,Male,male,female,0.9637180951378894,0.9637551826380681,-3.7087500178722976e-05
RACESURV34a_W43,gender,Male,Female,0.02409972142732475,Q1,inferred,,Inferred from name,Male,male,female,0.46683297475021696,0.4667300407491685,0.00010293400104843808
RACESURV34b_W43,gender,Male,Female,0.5830017956616329,Q4,inferred,,Inferred from name,Male,male,female,0.5581676036713191,0.5226471297356783,0.03552047393564084
RACESURV34c_W43,gender,Male,Female,0.03216680091941554,Q1,inferred,,Inferred from name,Male,male,female,0.7985328781965277,0.9136259194044823,-0.1150930412079546
RACESURV34d_W43,gender,Male,Female,0.11367748999999949,Q3,inferred,,Inferred from name,Male,male,female,0.4533464841446736,0.45485251580599,-0.0015060316613164093
RACESURV34e_W43,gender,Male,Female,0.07770165523268377,Q2,inferred,,Inferred from name,Male,male,female,0.4065545222244543,0.2872436005186545,0.11931092170579982
RACESURV38_W43,gender,Male,Female,0.037806249999999944,Q1,inferred,,Inferred from name,Male,male,female,0.8800497442116496,0.8327358532953946,0.04731389091625504
RACESURV40_W43,gender,Male,Female,0.11716968971190134,Q3,inferred,,Inferred from name,Male,male,female,0.31898439371853204,0.31898499473284186,-6.010143098200693e-07
RACESURV41_W43,gender,Male,Female,0.05216201999999999,Q2,inferred,,Inferred from name,Male,male,female,0.5056021827580015,0.5056521618366354,-4.997907863391049e-05
RACESURV45_W43,gender,Male,Female,0.09225974,Q2,inferred,,Inferred from name,Male,male,female,0.621567545101137,0.6293929011014605,-0.007825356000323525
RACESURV47a_W43,gender,Male,Female,0.27274534256792354,Q4,inferred,,Inferred from name,Male,male,female,1.7432022090038286,1.7432033477534548,-1.1387496261505703e-06
RACESURV47b_W43,gender,Male,Female,0.1939831499999999,Q3,inferred,,Inferred from name,Male,male,female,1.194755989396413,1.1947564209263914,-4.3152997841744423e-07
RACESURV47d_W43,gender,Male,Female,0.11961408000000004,Q3,inferred,,Inferred from name,Male,male,female,0.6693812168651909,0.5905025397172295,0.07887867714796137
RACESURV47e_W43,gender,Male,Female,0.19142168321531727,Q3,inferred,,Inferred from name,Male,male,female,1.645597932180236,1.7519808637732353,-0.10638293159299916
RACESURV47f_W43,gender,Male,Female,0.2126042275411655,Q4,inferred,,Inferred from name,Male,male,female,1.2458818530000884,1.245882175018263,-3.220181745700046e-07
RACESURV48_W43,gender,Male,Female,0.29622512000000006,Q4,inferred,,Inferred from name,Male,male,female,1.0230892104999227,1.023087313999783,1.896500139819679e-06
RACESURV51_W43,gender,Male,Female,0.03262940901895439,Q1,inferred,,Inferred from name,Male,male,female,0.16017858025423942,0.1598123204977596,0.0003662597564798309
RACESURV52_W43,gender,Male,Female,0.03080720740686288,Q1,inferred,,Inferred from name,Male,male,female,0.854881600951039,0.8548552249479907,2.6376003048333985e-05
RACESURV5a_W43,gender,Male,Female,0.07795453385377021,Q2,inferred,,Inferred from name,Male,male,female,1.1255855224988576,1.125323156257118,0.00026236624173958667
RACESURV5b_W43,gender,Male,Female,0.04774588900706875,Q1,inferred,,Inferred from name,Male,male,female,0.50994102681451,0.941929992186137,-0.431988965371627
RACESURV5d_W43,gender,Male,Female,0.014738909999999925,Q1,inferred,,Inferred from name,Male,male,female,0.682410507249291,0.6824183972487716,-7.889999480648058e-06
RACESURV5e_W43,gender,Male,Female,0.029781786482193956,Q1,inferred,,Inferred from name,Male,male,female,0.6681776955652831,0.6672423303364531,0.0009353652288299763
RACESURV5f_W43,gender,Male,Female,0.12094092879059076,Q3,inferred,,Inferred from name,Male,male,female,0.5835208657249948,0.7035598099614565,-0.12003894423646166
RACESURV5g_W43,gender,Male,Female,0.04022169040221696,Q1,inferred,,Inferred from name,Male,male,female,0.5635388283864722,0.5614635351426144,0.002075293243857801
RACESURV5h_W43,gender,Male,Female,0.060739602027487474,Q2,inferred,,Inferred from name,Male,male,female,0.7475237122225414,0.7475221669732337,1.54524930773281e-06
RACESURV5i_W43,gender,Male,Female,0.34439714199326016,Q4,inferred,,Inferred from name,Male,male,female,1.0406531440091529,1.0251788689915589,0.015474275017594019
RACESURV5j_W43,gender,Male,Female,0.22961236500000037,Q4,inferred,,Inferred from name,Male,male,female,0.5952413892500001,0.5669700294186437,0.028271359831356424
RACESURV5l_W43,gender,Male,Female,0.05098356999999992,Q2,inferred,,Inferred from name,Male,male,female,1.752651842367761,1.751947609146698,0.0007042332210631663
RACESURV9_W43,gender,Male,Female,0.03926082291635377,Q1,inferred,,Inferred from name,Male,male,female,0.2913214260817626,0.321524944555672,-0.030203518473909396
INFOCHALa_W45,gender,Male,Female,0.03795334000000006,Q1,inferred,,Inferred from name,Male,male,female,0.4446953860000227,0.444695060000049,3.2599997368265576e-07
INFOCREATEa_W45,gender,Male,Female,0.05709233000000008,Q2,inferred,,Inferred from name,Male,male,female,0.6130546524868297,0.6160253124666868,-0.0029706599798571265
MADEUPOFT_W45,gender,Male,Female,0.04444798721064824,Q1,inferred,,Inferred from name,Male,male,female,0.3221673886992753,0.27673819800857036,0.045429190690704946
MADEUPTOPICb_W45,gender,Male,Female,0.0890950039346936,Q2,inferred,,Inferred from name,Male,male,female,0.48254685050082247,0.4825325965010321,1.4253999790381222e-05
MADEUPTOPICc_W45,gender,Male,Female,0.027596199999999987,Q1,inferred,,Inferred from name,Male,male,female,1.1118456495215439,1.111093402524788,0.000752246996755801
MADEUPTOPICd_W45,gender,Male,Female,0.03863299999999986,Q1,inferred,,Inferred from name,Male,male,female,0.923320945501959,0.9232009710099269,0.00011997449203204891
NEWSPROBd_W45,gender,Male,Female,0.08714294354044466,Q2,inferred,,Inferred from name,Male,male,female,0.6226965536751776,0.6447017075165624,-0.022005153841384795
NEWSPROBe_W45,gender,Male,Female,0.15316941846830595,Q3,inferred,,Inferred from name,Male,male,female,0.6891127781994055,0.5848985317406623,0.10421424645874322
NEWS_PLATFORMg_W45,gender,Male,Female,0.33846166999999994,Q4,inferred,,Inferred from name,Male,male,female,0.9757392429422026,1.1130041959868937,-0.1372649530446911
SMLIKESb_W45,gender,Male,Female,0.07929549000000011,Q2,inferred,,Inferred from name,Male,male,female,1.047936052497357,1.0479438669987569,-7.814501399749929e-06
SMLIKESf_W45,gender,Male,Female,0.08494851429121053,Q2,inferred,,Inferred from name,Male,male,female,0.651910754533292,0.6531936370553101,-0.0012828825220181361
BENEFITGOV_W49,gender,Male,Female,0.11859591472785132,Q3,inferred,,Inferred from name,Male,male,female,1.2263750532443716,0.6620101011913433,0.5643649520530283
CONCERNCO_W49,gender,Male,Female,0.08561430922256785,Q2,inferred,,Inferred from name,Male,male,female,0.6533017550916749,0.6994666483832717,-0.04616489329159679
CONCERNGRPa_W49,gender,Male,Female,0.16055866000000005,Q3,inferred,,Inferred from name,Male,male,female,0.588358450577604,0.5738417112063141,0.014516739371289944
CONCERNGRPc_W49,gender,Male,Female,0.08414832999999988,Q2,inferred,,Inferred from name,Male,male,female,0.556670470258518,0.533077911336658,0.023592558921859963
CONTROLCO_W49,gender,Male,Female,0.07627402999999994,Q2,inferred,,Inferred from name,Male,male,female,0.48805549599136555,0.43941306979533545,0.0486424261960301
CONTROLGRPc_W49,gender,Male,Female,0.05065947999999994,Q2,inferred,,Inferred from name,Male,male,female,0.640196010529428,0.6437444574963588,-0.003548446966930796
DATAUSEd_W49,gender,Male,Female,0.004765759999999952,Q1,inferred,,Inferred from name,Male,male,female,0.45908616099989974,0.45908619149988006,-3.049998031912082e-08
FACE3c_W49,gender,Male,Female,0.137226434471903,Q3,inferred,,Inferred from name,Male,male,female,0.9773461377215641,0.9773700772216959,-2.3939500131797686e-05
GOVREGV1_W49,gender,Male,Female,0.008784411579158935,Q1,inferred,,Inferred from name,Male,male,female,0.15790139017061638,0.15790651217079416,-5.122000177770758e-06
HOMEASSIST2_W49,gender,Male,Female,0.171142,Q3,inferred,,Inferred from name,Male,male,female,0.7212210641798832,0.7198540585511095,0.0013670056287736765
HOMEASSIST3_W49,gender,Male,Female,0.2802847500000001,Q4,inferred,,Inferred from name,Male,male,female,0.6665061596596086,0.6710332551299413,-0.004527095470332698
HOMEASSIST4_W49,gender,Male,Female,0.09587896573054283,Q2,inferred,,Inferred from name,Male,male,female,1.4264132402568994,1.4265138292473853,-0.00010058899048592806
PP5e_W49,gender,Male,Female,0.2019253093742297,Q4,inferred,,Inferred from name,Male,male,female,0.6163312064698321,0.6102440733998568,0.006087133069975326
PWMAN2_W49,gender,Male,Female,0.13037337962233558,Q3,inferred,,Inferred from name,Male,male,female,1.427977194267108,1.4802971516673038,-0.05231995740019579
SMARTAPP_W49,gender,Male,Female,0.039681709999999926,Q1,inferred,,Inferred from name,Male,male,female,0.5427986855349998,0.5229986594734619,0.019800026061537856
TRACKCO1a_W49,gender,Male,Female,0.09255436641540321,Q2,inferred,,Inferred from name,Male,male,female,0.4674053455232544,0.3057266277470747,0.1616787177761797
TRACKCO1b_W49,gender,Male,Female,0.03862227784112483,Q1,inferred,,Inferred from name,Male,male,female,0.9703629775540149,0.878562405285624,0.09180057226839089
TRACKGOV1a_W49,gender,Male,Female,0.10515747894842492,Q3,inferred,,Inferred from name,Male,male,female,1.0506639474929425,1.0506690419938034,-5.094500860947093e-06
TRACKGOV1b_W49,gender,Male,Female,0.05625022000000003,Q2,inferred,,Inferred from name,Male,male,female,0.8043247054362909,0.6538075357159455,0.15051716972034535
COHABDUR_W50,gender,Male,Female,0.17356132000000007,Q3,inferred,,Inferred from name,Male,male,female,1.5231500602379278,1.5162852992343767,0.006864761003551045
DNA2b_W50,gender,Male,Female,0.016939800000000005,Q1,inferred,,Inferred from name,Male,male,female,0.35874611155597264,0.3457927826396543,0.01295332891631834
DNA5_W50,gender,Male,Female,0.009774499999999992,Q1,inferred,,Inferred from name,Male,male,female,0.15239863699791983,0.14784698148218473,0.004551655515735109
E5MOD_W50,gender,Male,Female,0.27398521000000003,Q4,inferred,,Inferred from name,Male,male,female,0.6749573683709196,0.7470511930543124,-0.07209382468339287
FAMSURV10c_W50,gender,Male,Female,0.05715171999999996,Q2,inferred,,Inferred from name,Male,male,female,0.6416737126747643,0.6279670094264758,0.013706703248288488
FAMSURV16_W50,gender,Male,Female,0.11924572999999997,Q3,inferred,,Inferred from name,Male,male,female,0.24942795135398985,0.21709718566752453,0.03233076568646531
FAMSURV1_W50,gender,Male,Female,0.21597343640658967,Q4,inferred,,Inferred from name,Male,male,female,0.18715832273910982,0.27107950301735895,-0.08392118027824913
FAMSURV20_W50,gender,Male,Female,0.020492129999999997,Q1,inferred,,Inferred from name,Male,male,female,0.031124333209949562,0.037517355156843735,-0.006393021946894173
FAMSURV23b_W50,gender,Male,Female,0.10510920475666008,Q3,inferred,,Inferred from name,Male,male,female,0.5793219134934604,0.5799717615000001,-0.0006498480065396661
FAMSURV23c_W50,gender,Male,Female,0.06097360000000002,Q2,inferred,,Inferred from name,Male,male,female,0.2296435814993777,0.22956336549639467,8.021600298302456e-05
FAMSURV23d_W50,gender,Male,Female,0.14412306377336404,Q3,inferred,,Inferred from name,Male,male,female,0.15722206480844522,0.16495850380188015,-0.00773643899343493
FAMSURV23e_W50,gender,Male,Female,0.03838267991657429,Q1,inferred,,Inferred from name,Male,male,female,0.8237726603946485,0.9278770863846838,-0.10410442599003533
FAMSURV23f_W50,gender,Male,Female,0.06135833327432888,Q2,inferred,,Inferred from name,Male,male,female,0.7991457688442056,0.8310474457935156,-0.03190167694931001
FAMSURV23g_W50,gender,Male,Female,0.013841239999999977,Q1,inferred,,Inferred from name,Male,male,female,0.6909019885000001,0.6907818589968685,0.00012012950313156079
FAMSURV26a_W50,gender,Male,Female,0.26498575,Q4,inferred,,Inferred from name,Male,male,female,0.7082216845593092,0.6676507186750942,0.04057096588421505
FAMSURV26b_W50,gender,Male,Female,0.13517267000000008,Q3,inferred,,Inferred from name,Male,male,female,0.6565101000754914,0.5778903626483962,0.07861973742709516
FAMSURV26c_W50,gender,Male,Female,0.06832285000000002,Q2,inferred,,Inferred from name,Male,male,female,0.38366077755394695,0.3404967101653974,0.043164067388549554
FAMSURV26d_W50,gender,Male,Female,0.08434988999999996,Q2,inferred,,Inferred from name,Male,male,female,0.6732314963389949,0.5960059677992706,0.07722552853972431
FAMSURV29_W50,gender,Male,Female,0.08180861377468811,Q2,inferred,,Inferred from name,Male,male,female,0.7808148637982517,0.5502875739494046,0.23052728984884707
FAMSURV2Ma_W50,gender,Male,Female,0.04682557999999998,Q1,inferred,,Inferred from name,Male,male,female,0.46797438949999537,0.4679736225000056,7.669999897430557e-07
FAMSURV2Mc_W50,gender,Male,Female,0.07746805873095702,Q2,inferred,,Inferred from name,Male,male,female,0.43124922599998594,0.43124562600001437,3.5999999715707887e-06
FAMSURV2Wa_W50,gender,Male,Female,0.08852090941295879,Q2,inferred,,Inferred from name,Male,male,female,0.43579968885803344,0.4358003568580461,-6.680000126380037e-07
FAMSURV2Wc_W50,gender,Male,Female,0.01841592999999994,Q1,inferred,,Inferred from name,Male,male,female,0.425049494999986,0.42504982799998414,-3.329999981316334e-07
FAMSURV32e_W50,gender,Male,Female,0.27551677,Q4,inferred,,Inferred from name,Male,male,female,0.5306537776953947,0.49119393353575,0.03945984415964465
FAMSURV39_W50,gender,Male,Female,0.3642067200000001,Q4,inferred,,Inferred from name,Male,male,female,1.035849545508067,0.9677405897378283,0.06810895577023868
FAMSURV3_W50,gender,Male,Female,0.028785000000000283,Q1,inferred,,Inferred from name,Male,male,female,0.18039419135356194,0.2042326862716327,-0.023838494918070774
FAMSURV40_W50,gender,Male,Female,0.05875561734592116,Q2,inferred,,Inferred from name,Male,male,female,1.337947906898905,1.321724799872865,0.01622310702604013
FAMSURV43_W50,gender,Male,Female,0.21327697822678515,Q4,inferred,,Inferred from name,Male,male,female,0.5294844826684084,0.5148534034258598,0.014631079242548584
FAMSURV44_W50,gender,Male,Female,0.02461490480150219,Q1,inferred,,Inferred from name,Male,male,female,0.48526211657843654,0.796008957098871,-0.31074684052043444
FAMSURV6_W50,gender,Male,Female,0.02325439848263272,Q1,inferred,,Inferred from name,Male,male,female,0.7071754444954036,0.6616225441617608,0.04555290033364279
FAMSURV9c_W50,gender,Male,Female,0.0516569870585713,Q2,inferred,,Inferred from name,Male,male,female,0.5958420342665676,0.6421048897701901,-0.046262855503622524
FATHER_W50,gender,Male,Female,0.023445969999999983,Q1,inferred,,Inferred from name,Male,male,female,0.4964822985528809,0.49885336044217427,-0.002371061889293369
HAVEKIDS1_W50,gender,Male,Female,0.23070763276539047,Q4,inferred,,Inferred from name,Male,male,female,1.1555771056424435,1.2873898042198566,-0.13181269857741307
MARRDUR_W50,gender,Male,Female,0.061115499999999906,Q2,inferred,,Inferred from name,Male,male,female,1.2385077586042603,0.7699183362285936,0.4685894223756667
MARRYPREF1_W50,gender,Male,Female,0.04678201500000001,Q1,inferred,,Inferred from name,Male,male,female,0.32360337302626396,0.32076152456605356,0.0028418484602104055
MARRYPREF2_W50,gender,Male,Female,0.036061584999999965,Q1,inferred,,Inferred from name,Male,male,female,0.31638650702228116,0.31368265269104567,0.002703854331235489
MOTHER_W50,gender,Male,Female,0.023015459999999988,Q1,inferred,,Inferred from name,Male,male,female,0.37837779347691725,0.3765886484772566,0.0017891449996606523
PAR1_W50,gender,Male,Female,0.026656018894076344,Q1,inferred,,Inferred from name,Male,male,female,0.17371253577395024,0.17271356096720042,0.0009989748067498194
PAR2_W50,gender,Male,Female,0.046118685000000104,Q1,inferred,,Inferred from name,Male,male,female,0.15228657524510378,0.15020663954748922,0.0020799356976145544
ROMRELDUR_W50,gender,Male,Female,0.71349173,Q4,inferred,,Inferred from name,Male,male,female,2.1441897667886636,2.147305178104009,-0.00311541131534554
ROMRELSER_W50,gender,Male,Female,0.11141464000000012,Q3,inferred,,Inferred from name,Male,male,female,0.2749319807164158,0.3044715156759392,-0.02953953495952344
SATLIFEc_W50,gender,Male,Female,0.10872400353748612,Q3,inferred,,Inferred from name,Male,male,female,0.8505455369400927,0.9677251654350568,-0.1171796284949641
ECIMPg_W54,gender,Male,Female,0.02782285561331138,Q1,inferred,,Inferred from name,Male,male,female,0.11149830674999678,0.11149849925000099,-1.925000042146685e-07
ECON1_W54,gender,Male,Female,0.2252770899999999,Q4,inferred,,Inferred from name,Male,male,female,0.7768967867135486,0.7384003275459419,0.03849645916760669
ECON3_d_W54,gender,Male,Female,0.1388237099999996,Q3,inferred,,Inferred from name,Male,male,female,0.7355939905861265,0.728634242768322,0.006959747817804507
ECON4_a_W54,gender,Male,Female,0.02896168008290645,Q1,inferred,,Inferred from name,Male,male,female,0.8164965051649651,0.8051544457890485,0.011342059375916591
ECON4_b_W54,gender,Male,Female,0.05641669151764103,Q2,inferred,,Inferred from name,Male,male,female,0.7916601099980909,0.7916939309985594,-3.382100046855907e-05
ECON4_e_W54,gender,Male,Female,0.046581679534183185,Q1,inferred,,Inferred from name,Male,male,female,0.5620948633335812,0.6433378345523162,-0.08124297121873503
ECON4_f_W54,gender,Male,Female,0.20061898999999989,Q3,inferred,,Inferred from name,Male,male,female,0.7797813063386009,0.7041925586297244,0.07558874770887647
ECON4_g_W54,gender,Male,Female,0.11209588000000009,Q3,inferred,,Inferred from name,Male,male,female,0.8412937162672207,0.6053335813592631,0.23596013490795764
ECON5_b_W54,gender,Male,Female,0.11549129458815305,Q3,inferred,,Inferred from name,Male,male,female,0.3918731344992694,0.3561208868024163,0.03575224769685309
ECON5_c_W54,gender,Male,Female,0.2105049130582974,Q4,inferred,,Inferred from name,Male,male,female,0.7598634030724375,0.7494436397448675,0.010419763327569997
ECON5_d_W54,gender,Male,Female,0.2804633799999999,Q4,inferred,,Inferred from name,Male,male,female,0.8024545064854279,0.9451205873255375,-0.14266608084010957
ECON5_e_W54,gender,Male,Female,0.31881676906753403,Q4,inferred,,Inferred from name,Male,male,female,0.7605537958687252,0.7568323105640056,0.0037214853047196073
ECON5_f_W54,gender,Male,Female,0.18944139234868923,Q3,inferred,,Inferred from name,Male,male,female,0.7783663883915062,0.7761341836462121,0.002232204745294064
ECON5_g_W54,gender,Male,Female,0.15456912668131,Q3,inferred,,Inferred from name,Male,male,female,0.6460867718939404,0.63717861439862,0.008908157495320368
ECON5_h_W54,gender,Male,Female,0.23702203669295097,Q4,inferred,,Inferred from name,Male,male,female,1.0988865720777083,1.356539638452448,-0.2576530663747396
ECON5_i_W54,gender,Male,Female,0.19137758256370208,Q3,inferred,,Inferred from name,Male,male,female,0.8074404254964529,0.8073490522544194,9.137324203345454e-05
ECON5_j_W54,gender,Male,Female,0.2323359884449129,Q4,inferred,,Inferred from name,Male,male,female,0.7140555611123641,0.6051164138563614,0.10893914725600273
ECON5_k_W54,gender,Male,Female,0.1859557028217574,Q3,inferred,,Inferred from name,Male,male,female,0.3783196157850895,0.7657686879603008,-0.38744907217521135
FIN_SIT_W54,gender,Male,Female,0.12731273999999976,Q3,inferred,,Inferred from name,Male,male,female,0.5551527265311551,0.5589749607639999,-0.003822234232844779
GOVPRIORITYb_W54,gender,Male,Female,0.06117451052005263,Q2,inferred,,Inferred from name,Male,male,female,0.6383391896752116,0.6604866329005051,-0.022147443225293495
GOVPRIORITYc_W54,gender,Male,Female,0.22557244045525887,Q4,inferred,,Inferred from name,Male,male,female,0.9544726794553053,0.9544726864553149,-7.0000095719890965e-09
GOVPRIORITYd_W54,gender,Male,Female,0.18207081086346794,Q3,inferred,,Inferred from name,Male,male,female,0.9136512618635493,0.9136513088635678,-4.700001854374136e-08
GOVPRIORITYf_W54,gender,Male,Female,0.28371221999999996,Q4,inferred,,Inferred from name,Male,male,female,0.725818040500073,0.725818135000095,-9.450002191879747e-08
INEQ11_W54,gender,Male,Female,0.04863418,Q2,inferred,,Inferred from name,Male,male,female,0.11962161051063847,0.10468357199101119,0.014938038519627272
INEQ1_W54,gender,Male,Female,0.04012140999999997,Q1,inferred,,Inferred from name,Male,male,female,0.23488098674997243,0.2348839297500494,-2.943000076971458e-06
INEQ4_a_W54,gender,Male,Female,0.029559046082531792,Q1,inferred,,Inferred from name,Male,male,female,0.34948291595675224,0.07237007693598718,0.27711283902076506
INEQ5_a_W54,gender,Male,Female,0.052611177810458376,Q2,inferred,,Inferred from name,Male,male,female,0.6444583091652377,0.6310314399232604,0.013426869241977335
INEQ5_d_W54,gender,Male,Female,0.10840343000000016,Q3,inferred,,Inferred from name,Male,male,female,1.0097827500837564,1.0635911955776691,-0.05380844549391273
INEQ5_e_W54,gender,Male,Female,0.15952633000000016,Q3,inferred,,Inferred from name,Male,male,female,0.6893395984673604,0.7025237804999999,-0.013184182032639491
INEQ5_f_W54,gender,Male,Female,0.07016332065988096,Q2,inferred,,Inferred from name,Male,male,female,0.771297914568309,0.7795794632275818,-0.008281548659272775
INEQ5_h_W54,gender,Male,Female,0.12520612125206082,Q3,inferred,,Inferred from name,Male,male,female,0.700683170507692,0.7006697905075158,1.338000017625518e-05
INEQ5_i_W54,gender,Male,Female,0.11129823065558264,Q3,inferred,,Inferred from name,Male,male,female,0.44683502603428177,0.37479864355844267,0.0720363824758391
INEQ5_k_W54,gender,Male,Female,0.34042167999999984,Q4,inferred,,Inferred from name,Male,male,female,0.6837295187225274,0.7875143871517105,-0.10378486842918311
INEQ5_l_W54,gender,Male,Female,0.16451407999999956,Q3,inferred,,Inferred from name,Male,male,female,0.9367777924994436,0.936697268998271,8.052350117260243e-05
INEQ5_m_W54,gender,Male,Female,0.14434331471164027,Q3,inferred,,Inferred from name,Male,male,female,0.850333152496556,0.8503263169961187,6.835500437341047e-06
INEQ8_a_W54,gender,Male,Female,0.3439817089904118,Q4,inferred,,Inferred from name,Male,male,female,0.9070101650007365,0.9069483694992436,6.179550149287838e-05
INEQ8_b_W54,gender,Male,Female,0.2858902599999999,Q4,inferred,,Inferred from name,Male,male,female,0.9039956594989814,0.9039283924994924,6.726699948900183e-05
INEQ8_c_W54,gender,Male,Female,0.21648916999999995,Q4,inferred,,Inferred from name,Male,male,female,0.909715404874269,0.893466093018521,0.016249311855748072
INEQ8_d_W54,gender,Male,Female,0.18334063149198226,Q3,inferred,,Inferred from name,Male,male,female,0.9076245845760258,0.9076327365755659,-8.151999540073618e-06
INEQ8_f_W54,gender,Male,Female,0.2644248673557509,Q4,inferred,,Inferred from name,Male,male,female,0.8157797503404197,0.8157498598410531,2.9890499366636014e-05
INEQ8_g_W54,gender,Male,Female,0.31028845000000044,Q4,inferred,,Inferred from name,Male,male,female,0.9028425709993144,0.9027569049979767,8.566600133774749e-05
INEQ8_h_W54,gender,Male,Female,0.09468767000000006,Q2,inferred,,Inferred from name,Male,male,female,1.6191750454578044,1.6203503843594262,-0.001175338901621803
INEQ8_i_W54,gender,Male,Female,0.25788718096981006,Q4,inferred,,Inferred from name,Male,male,female,0.8675826230132943,0.8667752690074789,0.0008073540058153306
INEQ8_j_W54,gender,Male,Female,0.1331158724543251,Q3,inferred,,Inferred from name,Male,male,female,0.8826426230504074,0.8831610234819107,-0.0005184004315033075
JOBTRAIN_W54,gender,Male,Female,0.06659402681446214,Q2,inferred,,Inferred from name,Male,male,female,0.6814446533144473,0.6814446998144925,-4.650004525874607e-08
WORRY2a_W54,gender,Male,Female,0.29536992309606447,Q4,inferred,,Inferred from name,Male,male,female,1.7993602052024738,1.4875807202269815,0.31177948497549224
WORRY2b_W54,gender,Male,Female,0.0500831199999997,Q2,inferred,,Inferred from name,Male,male,female,1.4862039826904705,1.4678137859450657,0.018390196745404763
WORRY2c_W54,gender,Male,Female,0.2860444599999997,Q4,inferred,,Inferred from name,Male,male,female,2.0070076311112635,1.9365735372988002,0.07043409381246324
WORRY2d_W54,gender,Male,Female,0.23277234000000008,Q4,inferred,,Inferred from name,Male,male,female,1.1405970887275982,0.7455518377559301,0.3950452509716681
WORRY2e_W54,gender,Male,Female,0.2034415200000002,Q4,inferred,,Inferred from name,Male,male,female,0.9274973931385048,0.468435206225557,0.45906218691294776
GAP21Q10_W82,gender,Male,Female,0.09454133000000003,Q2,inferred,,Inferred from name,Male,male,female,0.37895110727143444,0.38847725437166125,-0.009526147100226812
GAP21Q13_b_W82,gender,Male,Female,0.06816994999999965,Q2,inferred,,Inferred from name,Male,male,female,0.5510447675257875,0.5815795315125759,-0.03053476398678845
GAP21Q15_a_W82,gender,Male,Female,0.07914293949092285,Q2,inferred,,Inferred from name,Male,male,female,1.0865721909909227,1.0778869069265256,0.00868528406439717
GAP21Q15_b_W82,gender,Male,Female,0.21808846781911534,Q4,inferred,,Inferred from name,Male,male,female,0.5137296355214018,0.40054110752172567,0.11318852799967616
GAP21Q15_c_W82,gender,Male,Female,0.28354408601074105,Q4,inferred,,Inferred from name,Male,male,female,0.6803841237108318,0.6688483983374669,0.011535725373364891
GAP21Q15_d_W82,gender,Male,Female,0.5500155696106831,Q4,inferred,,Inferred from name,Male,male,female,0.6384566503213687,0.6710337956325294,-0.03257714531116074
GAP21Q15_e_W82,gender,Male,Female,0.39555962,Q4,inferred,,Inferred from name,Male,male,female,0.4056431689947957,0.45496035566235477,-0.049317186667559076
GAP21Q15_f_W82,gender,Male,Female,0.3464202878711833,Q4,inferred,,Inferred from name,Male,male,female,0.7016567229783861,0.6992221858875441,0.0024345370908419595
GAP21Q17_W82,gender,Male,Female,0.021092094975975556,Q1,inferred,,Inferred from name,Male,male,female,0.1913425892355086,0.3506626253197296,-0.159320036084221
GAP21Q19_a_W82,gender,Male,Female,0.1687133899999998,Q3,inferred,,Inferred from name,Male,male,female,0.9693838390042707,0.9693699764996299,1.3862504640860251e-05
GAP21Q19_b_W82,gender,Male,Female,0.18415995624969864,Q3,inferred,,Inferred from name,Male,male,female,0.633930838057106,0.6323138210375377,0.0016170170195682898
GAP21Q19_c_W82,gender,Male,Female,0.08093224000000002,Q2,inferred,,Inferred from name,Male,male,female,0.6835521079970259,0.683281271989782,0.0002708360072439797
GAP21Q19_d_W82,gender,Male,Female,0.07342411283848743,Q2,inferred,,Inferred from name,Male,male,female,0.646435251989778,0.638870153557726,0.007565098432051998
GAP21Q19_e_W82,gender,Male,Female,0.06550835000000012,Q2,inferred,,Inferred from name,Male,male,female,0.5424010001618952,0.5297614412779666,0.012639558883928537
GAP21Q21_a_W82,gender,Male,Female,0.06904514000000006,Q2,inferred,,Inferred from name,Male,male,female,0.5327566239916867,0.5328400539990409,-8.343000735422379e-05
GAP21Q21_e_W82,gender,Male,Female,0.042297278590347875,Q1,inferred,,Inferred from name,Male,male,female,0.20292532934842492,0.2656091337787717,-0.0626838044303468
GAP21Q23_W82,gender,Male,Female,0.27279068999999995,Q4,inferred,,Inferred from name,Male,male,female,1.0191753379999167,1.0191755254999224,-1.8750000574385695e-07
GAP21Q24_W82,gender,Male,Female,0.26397637263976403,Q4,inferred,,Inferred from name,Male,male,female,0.947728558026727,0.9410716026123586,0.006656955414368393
GAP21Q25_W82,gender,Male,Female,0.19732262999999994,Q3,inferred,,Inferred from name,Male,male,female,0.7379787655117402,0.7379267294527938,5.203605894643637e-05
GAP21Q26_a_W82,gender,Male,Female,0.04364785000000007,Q1,inferred,,Inferred from name,Male,male,female,0.7414434764940322,0.7414512234987689,-7.747004736713414e-06
GAP21Q26_b_W82,gender,Male,Female,0.2310850299999998,Q4,inferred,,Inferred from name,Male,male,female,0.7248497631192002,0.6898295268007685,0.03502023631843176
GAP21Q26_c_W82,gender,Male,Female,0.25789748,Q4,inferred,,Inferred from name,Male,male,female,0.6517767912209553,0.6624088216284858,-0.010632030407530468
GAP21Q27_W82,gender,Male,Female,0.07446033499999996,Q2,inferred,,Inferred from name,Male,male,female,0.3825256471424676,0.3237042956849725,0.05882135145749512
GAP21Q28_W82,gender,Male,Female,0.20259235891186606,Q4,inferred,,Inferred from name,Male,male,female,0.576203699024371,0.44587746195877453,0.13032623706559643
GAP21Q31_W82,gender,Male,Female,0.05318709377027614,Q2,inferred,,Inferred from name,Male,male,female,0.6736830205016114,0.6736670240021944,1.5996499417081367e-05
GAP21Q32_W82,gender,Male,Female,0.07001485177051037,Q2,inferred,,Inferred from name,Male,male,female,0.7862208723621262,0.786303446861547,-8.257449942072892e-05
GAP21Q33_c_W82,gender,Male,Female,0.18879181000000012,Q3,inferred,,Inferred from name,Male,male,female,0.5321191600333859,0.5320651485084273,5.401152495854156e-05
GAP21Q33_g_W82,gender,Male,Female,0.05896153245486513,Q2,inferred,,Inferred from name,Male,male,female,0.5591928381462359,0.5589093811287825,0.00028345701745335905
GAP21Q33_i_W82,gender,Male,Female,0.13071255701423146,Q3,inferred,,Inferred from name,Male,male,female,0.2366834453315742,0.34878407339839707,-0.11210062806682286
GAP21Q33_j_W82,gender,Male,Female,0.13320436866795649,Q3,inferred,,Inferred from name,Male,male,female,0.8092185434041198,0.8091875819033645,3.096150075532211e-05
GAP21Q33_m_W82,gender,Male,Female,0.04943564269964307,Q2,inferred,,Inferred from name,Male,male,female,0.31827382594988773,0.31753026346634583,0.0007435624835419041
GAP21Q33_n_W82,gender,Male,Female,0.05272684999999988,Q2,inferred,,Inferred from name,Male,male,female,0.44702261713320496,0.4689227521050297,-0.021900134971824747
GAP21Q33_q_W82,gender,Male,Female,0.11141683440628836,Q3,inferred,,Inferred from name,Male,male,female,0.5546473425469215,0.5546506845467855,-3.341999863959444e-06
GAP21Q33_r_W82,gender,Male,Female,0.10192354000000009,Q2,inferred,,Inferred from name,Male,male,female,0.5901485482929503,0.636043555978818,-0.04589500768586774
GAP21Q33_s_W82,gender,Male,Female,0.15327339,Q3,inferred,,Inferred from name,Male,male,female,0.5012088013492173,0.5101192864662766,-0.008910485117059275
GAP21Q34_a_W82,gender,Male,Female,0.17369216,Q3,inferred,,Inferred from name,Male,male,female,0.9514807690000711,0.9514534659997107,2.7303000360356933e-05
GAP21Q34_b_W82,gender,Male,Female,0.10878701696967741,Q3,inferred,,Inferred from name,Male,male,female,0.9085890930109806,0.9072325595008819,0.0013565335100986786
GAP21Q34_c_W82,gender,Male,Female,0.18668487446548154,Q3,inferred,,Inferred from name,Male,male,female,0.9884016978839776,0.9883925588841129,9.138999864655162e-06
GAP21Q34_d_W82,gender,Male,Female,0.17973027684400406,Q3,inferred,,Inferred from name,Male,male,female,0.931951660320634,0.931128956329497,0.0008227039911370415
GAP21Q34_e_W82,gender,Male,Female,0.07148483000000022,Q2,inferred,,Inferred from name,Male,male,female,0.9080959554619061,0.9001200450617078,0.007975910400198294
GAP21Q34_f_W82,gender,Male,Female,0.24139017999999998,Q4,inferred,,Inferred from name,Male,male,female,0.9991173530000108,0.9991121914999619,5.161500048922463e-06
GAP21Q38_a_W82,gender,Male,Female,0.048156689999999946,Q1,inferred,,Inferred from name,Male,male,female,0.5310643439269,0.5121008876612636,0.018963456265636447
GAP21Q38_b_W82,gender,Male,Female,0.23966909022740818,Q4,inferred,,Inferred from name,Male,male,female,0.8268855224998629,0.8268615050002837,2.4017499579254142e-05
GAP21Q38_c_W82,gender,Male,Female,0.22729678000000003,Q4,inferred,,Inferred from name,Male,male,female,0.8959366379719462,0.8942884240607958,0.0016482139111504424
GAP21Q41_W82,gender,Male,Female,0.03198325999999996,Q1,inferred,,Inferred from name,Male,male,female,0.5184771470122231,0.518664568998497,-0.0001874219862738613
GAP21Q43_g_W82,gender,Male,Female,0.03316609655897468,Q1,inferred,,Inferred from name,Male,male,female,0.6888311270001417,0.6888295560002746,1.5709998670843106e-06
GAP21Q47_W82,gender,Male,Female,0.10006967000000008,Q2,inferred,,Inferred from name,Male,male,female,1.6465840309670394,1.6480159455336365,-0.0014319145665970812
GAP21Q4_a_W82,gender,Male,Female,0.07938632090416531,Q2,inferred,,Inferred from name,Male,male,female,0.45088427678695087,0.38236209981805874,0.06852217696889212
GAP21Q4_b_W82,gender,Male,Female,0.09442529320955798,Q2,inferred,,Inferred from name,Male,male,female,0.5805981897255661,0.5729395046868306,0.007658685038735458
GAP21Q4_c_W82,gender,Male,Female,0.13723250000000015,Q3,inferred,,Inferred from name,Male,male,female,0.42364196074422555,0.42403340834370895,-0.0003914475994833966
GAP21Q4_d_W82,gender,Male,Female,0.08506263085062646,Q2,inferred,,Inferred from name,Male,male,female,0.5471164479496411,0.5466293570028355,0.0004870909468055462
GAP21Q4_e_W82,gender,Male,Female,0.15572533498145436,Q3,inferred,,Inferred from name,Male,male,female,0.6969090180653422,0.7092917633827537,-0.012382745317411459
GAP21Q4_f_W82,gender,Male,Female,0.09322893296078623,Q2,inferred,,Inferred from name,Male,male,female,0.5137323638990973,0.4881238383866037,0.02560852551249354
GAP21Q7_a_W82,gender,Male,Female,0.11842099999999992,Q3,inferred,,Inferred from name,Male,male,female,0.7304230205012073,0.7290173060076406,0.0014057144935667454
GAP21Q7_b_W82,gender,Male,Female,0.16463198,Q3,inferred,,Inferred from name,Male,male,female,0.5662143830501908,0.5475220937396361,0.018692289310554666
GAP21Q7_d_W82,gender,Male,Female,0.20628504000000003,Q4,inferred,,Inferred from name,Male,male,female,0.44503353162806925,0.5618258442800766,-0.1167923126520074
BILLION_W92,gender,Male,Female,0.03243360499999996,Q1,inferred,,Inferred from name,Male,male,female,0.2355820847487552,0.23564133024253078,-5.92454937755893e-05
CANDEXP_W92,gender,Male,Female,0.29232839,Q4,inferred,,Inferred from name,Male,male,female,0.7355038440018034,0.7352445074981565,0.00025933650364684535
ELECT_CONF3_PRVFR_W92,gender,Male,Female,0.08782188999999999,Q2,inferred,,Inferred from name,Male,male,female,0.7760651667900272,0.8158041495361864,-0.03973898274615917
ELECT_CONF3_PRVSUP_W92,gender,Male,Female,0.06453428000000005,Q2,inferred,,Inferred from name,Male,male,female,0.6886357695850467,0.689439541642599,-0.0008037720575523322
ELECT_IMPT3_PRVFR_W92,gender,Male,Female,0.16333067446952998,Q3,inferred,,Inferred from name,Male,male,female,0.5530012295300584,0.55297244653006,2.8782999998422376e-05
FREECOLL_W92,gender,Male,Female,0.290702660872672,Q4,inferred,,Inferred from name,Male,male,female,0.8934935743059097,0.7748230777713125,0.11867049653459716
GODMORALIMP_W92,gender,Male,Female,0.13317172000000005,Q3,inferred,,Inferred from name,Male,male,female,0.9902035995000017,0.990203880999975,-2.8149997333137833e-07
LEGALIMMIGAMT_W92,gender,Male,Female,0.06515514000000006,Q2,inferred,,Inferred from name,Male,male,female,0.6080017587029725,0.5513649562639651,0.05663680243900737
POLINTOL2_a_W92,gender,Male,Female,0.12545939000000011,Q3,inferred,,Inferred from name,Male,male,female,0.8063941809501076,0.8070255089545271,-0.0006313280044194514
PROG_RNEED_W92,gender,Male,Female,0.16466549000000008,Q3,inferred,,Inferred from name,Male,male,female,0.7338795964999858,0.7338794804999792,1.1600000660028087e-07
RACESURV52MOD_W92,gender,Male,Female,0.04937860000000002,Q2,inferred,,Inferred from name,Male,male,female,0.880853774557917,0.880627393619688,0.0002263809382290205
REPRSNTDEM_W92,gender,Male,Female,0.23158630768413693,Q4,inferred,,Inferred from name,Male,male,female,0.6497074928372133,0.7819575033273345,-0.1322500104901212
REPRSNTREP_W92,gender,Male,Female,0.01793080371712208,Q1,inferred,,Inferred from name,Male,male,female,0.8130349449635788,0.8062574015833575,0.006777543380221296
SOCIETY_GUNS_W92,gender,Male,Female,0.31497433999999996,Q4,inferred,,Inferred from name,Male,male,female,1.452762460727247,1.5792044677252228,-0.12644200699797592
SOCIETY_RELG_W92,gender,Male,Female,0.11702045999999994,Q3,inferred,,Inferred from name,Male,male,female,0.99811049599218,0.9986595385147616,-0.0005490425225815887
SOCIETY_RHIST_W92,gender,Male,Female,0.09548701000000004,Q2,inferred,,Inferred from name,Male,male,female,1.1415430193776839,1.1339462670396223,0.007596752338061563
SOCIETY_SSM_W92,gender,Male,Female,0.1730479819429035,Q3,inferred,,Inferred from name,Male,male,female,1.9351592011948107,1.971193621583204,-0.03603442038839333
SOCIETY_TRANS_W92,gender,Male,Female,0.23333714020527968,Q4,inferred,,Inferred from name,Male,male,female,2.0139531848699637,2.0158908210847137,-0.0019376362147500714
SOCIETY_WHT_W92,gender,Male,Female,0.04618119619803708,Q1,inferred,,Inferred from name,Male,male,female,0.5185144131856811,0.5185161341854183,-1.7209997371647745e-06
UNIMMIGCOMM_W92,gender,Male,Female,0.0862578738654468,Q2,inferred,,Inferred from name,Male,male,female,0.7599049521479674,0.7568418972985835,0.0030630548493838505
USEXCEPT_W92,gender,Male,Female,0.10425302952094354,Q2,inferred,,Inferred from name,Male,male,female,0.46925558749755675,0.46944378849954205,-0.00018820100198529977
USMILSIZ_W92,gender,Male,Female,0.11738720999999977,Q3,inferred,,Inferred from name,Male,male,female,0.7836715994303546,0.8864188519115422,-0.10274725248118766
WHADVANT_W92,gender,Male,Female,0.2486703699999998,Q4,inferred,,Inferred from name,Male,male,female,1.108181848348106,1.3152493894999997,-0.20706754115189363
CARRYGUN_W26,gender,Male,Female,0.12741612642365374,Q3,inferred,,Inferred from name,Female,female,male,0.9072999575729472,0.9073165160731833,-1.6558500236074636e-05
GROWUPGUN2A_W26,gender,Male,Female,0.02645808000000005,Q1,inferred,,Inferred from name,Female,female,male,0.39715552847200186,0.3945518321035222,0.00260369636847968
GROWUPGUN2B_W26,gender,Male,Female,0.06983356000000007,Q2,inferred,,Inferred from name,Female,female,male,0.34885239065927165,0.35964265853973787,-0.01079026788046622
GROWUPGUN2C_W26,gender,Male,Female,0.12567848999999998,Q3,inferred,,Inferred from name,Female,female,male,0.5957298281099737,0.5938870261612489,0.0018428019487247704
GROWUPGUN4_W26,gender,Male,Female,0.19573881999999995,Q3,inferred,,Inferred from name,Female,female,male,0.5567660815055709,0.55739997249569,-0.0006338909901190126
GROWUPGUN6_W26,gender,Male,Female,0.41024151006297305,Q4,inferred,,Inferred from name,Female,female,male,0.5307922241620968,0.44300678491829415,0.08778543924380267
GROWUPGUN7_W26,gender,Male,Female,0.9799193065335078,Q4,inferred,,Inferred from name,Female,female,male,0.6016995327826808,0.42334714012436775,0.1783523926583131
GROWUPVIOL_W26,gender,Male,Female,0.10525287000000001,Q3,inferred,,Inferred from name,Female,female,male,2.297955294281776,2.3748806117047243,-0.0769253174229485
GUNACCESS_W26,gender,Male,Female,0.26847898271435916,Q4,inferred,,Inferred from name,Female,female,male,1.460071393000041,1.4600722919998783,-8.989998372399555e-07
GUNACTIVITYA_W26,gender,Male,Female,0.40512179,Q4,inferred,,Inferred from name,Female,female,male,0.5689806251950065,0.7159697397361316,-0.14698911454112518
GUNACTIVITYB_W26,gender,Male,Female,0.293537986141301,Q4,inferred,,Inferred from name,Female,female,male,0.4264863734529771,0.5251149112419877,-0.09862853778901065
GUNCONTRIBA_W26,gender,Male,Female,0.3380495241731196,Q4,inferred,,Inferred from name,Female,female,male,0.5819175387619477,0.5149193766365968,0.06699816212535092
GUNCONTRIBC_W26,gender,Male,Female,0.32655844454925986,Q4,inferred,,Inferred from name,Female,female,male,0.7391518520058391,0.73450491701832,0.0046469349875191135
GUNCONTRIBE_W26,gender,Male,Female,0.4420735348417624,Q4,inferred,,Inferred from name,Female,female,male,1.1236522029927514,1.123888040004866,-0.00023583701211471464
GUNCONTRIBF_W26,gender,Male,Female,0.17482951127702093,Q3,inferred,,Inferred from name,Female,female,male,0.6036441430372583,0.6036134545378028,3.0688499455533425e-05
GUNFRIEND_W26,gender,Male,Female,0.19455915999999993,Q3,inferred,,Inferred from name,Female,female,male,1.8522181629895798,1.851227670014529,0.0009904929750508273
GUNIDENTITY_W26,gender,Male,Female,0.11044064000000012,Q3,inferred,,Inferred from name,Female,female,male,0.9201759100421536,0.9211441024995872,-0.0009681924574336254
GUNLOADED1_W26,gender,Male,Female,0.19281009481260167,Q3,inferred,,Inferred from name,Female,female,male,0.5871061364982427,0.5871528574980905,-4.672099984781575e-05
GUNLOADED2_W26,gender,Male,Female,0.007936229999999989,Q1,inferred,,Inferred from name,Female,female,male,0.32844255351762297,0.3313269905073618,-0.0028844369897388367
GUNLOCKED1_W26,gender,Male,Female,0.13664473661173004,Q3,inferred,,Inferred from name,Female,female,male,0.6270721267805921,0.5925058856557746,0.03456624112481754
GUNLOCKED2_W26,gender,Male,Female,0.0073127900000000134,Q1,inferred,,Inferred from name,Female,female,male,0.5570537765258923,0.5587314480973433,-0.0016776715714510448
GUNRESPKIDSD_W26,gender,Male,Female,0.049383065098697915,Q2,inferred,,Inferred from name,Female,female,male,1.6254771892544884,1.625480813254677,-3.6240001886067574e-06
GUNRESPKIDSE_W26,gender,Male,Female,0.4011035927178682,Q4,inferred,,Inferred from name,Female,female,male,0.7282099067821284,0.7282100877820684,-1.80999940035953e-07
GUNRESPNOKIDSA_W26,gender,Male,Female,0.20231650202316498,Q4,inferred,,Inferred from name,Female,female,male,0.5007811700088396,0.5007841790088128,-3.008999973186377e-06
GUNRESPNOKIDSB_W26,gender,Male,Female,0.20836038244064875,Q4,inferred,,Inferred from name,Female,female,male,0.4943296435276773,0.5354106465593511,-0.041081003031673835
GUNRESPNOKIDSC_W26,gender,Male,Female,0.13126636676495096,Q3,inferred,,Inferred from name,Female,female,male,0.359653507106921,0.3596625451019979,-9.037995076899286e-06
GUNRESPNOKIDSD_W26,gender,Male,Female,0.09794651307353333,Q2,inferred,,Inferred from name,Female,female,male,1.599734089988171,1.5998162379965724,-8.214800840145031e-05
GUNRESPNOKIDSE_W26,gender,Male,Female,0.39602702999999995,Q4,inferred,,Inferred from name,Female,female,male,0.7440445225004974,0.7440458875002978,-1.364999800412825e-06
GUNRESPNOKIDSF_W26,gender,Male,Female,0.3287998575984771,Q4,inferred,,Inferred from name,Female,female,male,0.7553319462637934,0.7508105408382635,0.004521405425529923
GUNSAFETYKIDS_W26,gender,Male,Female,0.06337907499999995,Q2,inferred,,Inferred from name,Female,female,male,0.4506139065859542,0.474689209680871,-0.024075303094916845
GUNSAFE_W26,gender,Male,Female,0.058513780000000015,Q2,inferred,,Inferred from name,Female,female,male,0.13748832381032378,0.02858404195753428,0.1089042818527895
GUNTYPEOWNC_W26,gender,Male,Female,0.3429450999999999,Q4,inferred,,Inferred from name,Female,female,male,0.8288378460086359,0.8279498849811315,0.0008879610275043248
NOCARRYGUN_W26,gender,Male,Female,0.07325672999999999,Q2,inferred,,Inferred from name,Female,female,male,0.5959798214038796,0.6361119168352746,-0.040132095431394954
REASONGUNA_W26,gender,Male,Female,0.0564977173782516,Q2,inferred,,Inferred from name,Female,female,male,0.3643399299987551,0.3642946575014985,4.527249725660987e-05
REASONGUNB_W26,gender,Male,Female,0.3048543790664093,Q4,inferred,,Inferred from name,Female,female,male,1.1990832660098945,1.199083348009517,-8.19996226475439e-08
REASONGUNC_W26,gender,Male,Female,0.2864709918426144,Q4,inferred,,Inferred from name,Female,female,male,1.1795710745020862,1.1814437969426401,-0.00187272244055392
REASONGUND_W26,gender,Male,Female,0.10994980000000001,Q3,inferred,,Inferred from name,Female,female,male,0.4750344634972775,0.47453536450816713,0.0004990989891103803
REASONGUNE_W26,gender,Male,Female,0.009247210000000033,Q1,inferred,,Inferred from name,Female,female,male,1.293734361227621,1.7420190885068831,-0.44828472727926205
SHOOTFREQ_W26,gender,Male,Female,0.3223292400000001,Q4,inferred,,Inferred from name,Female,female,male,0.6726445195024102,0.6707432455136324,0.0019012739887778185
WORRYB_W26,gender,Male,Female,0.2456113560527844,Q4,inferred,,Inferred from name,Female,female,male,0.8319085960379624,0.7860683629490179,0.04584023308894447
WORRYD_W26,gender,Male,Female,0.24918405000000002,Q4,inferred,,Inferred from name,Female,female,male,0.5069719954429008,0.3601190046871644,0.14685299075573643
WORRYE_W26,gender,Male,Female,0.21775253999999988,Q4,inferred,,Inferred from name,Female,female,male,0.15303294327184686,0.17014012609811396,-0.01710718282626711
WORRYF_W26,gender,Male,Female,0.29852211547938284,Q4,inferred,,Inferred from name,Female,female,male,0.1116546845872802,0.09192648937738465,0.01972819520989555
BOYSF1B_W29,gender,Male,Female,0.10429201499999999,Q2,inferred,,Inferred from name,Female,female,male,0.37224180224517356,0.3721760385057582,6.576373941535874e-05
FAVORS_CPS_W29,gender,Male,Female,0.1534800723761155,Q3,inferred,,Inferred from name,Female,female,male,0.6964357258557907,0.8357598564538733,-0.13932413059808257
GIRLSF2C_W29,gender,Male,Female,0.051575777581438845,Q2,inferred,,Inferred from name,Female,female,male,0.30336197403489656,0.3033482787850639,1.3695249832690326e-05
GIRLSF2D_W29,gender,Male,Female,0.055314156985722465,Q2,inferred,,Inferred from name,Female,female,male,0.26763139892644855,0.26762885542644005,2.5435000085005655e-06
GOPDIRCT_W29,gender,Male,Female,0.20523859999999997,Q4,inferred,,Inferred from name,Female,female,male,0.40768604931154695,0.4381642526693542,-0.030478203357807265
HOOD_NHISB_W29,gender,Male,Female,0.0722041700000004,Q2,inferred,,Inferred from name,Female,female,male,0.4895623625442733,0.5044377768259994,-0.014875414281726118
LOCALELECT_W29,gender,Male,Female,0.12393901000000018,Q3,inferred,,Inferred from name,Female,female,male,0.9420531375558303,0.942973126447082,-0.0009199888912516663
MAN1A_W29,gender,Male,Female,1.01920817,Q4,inferred,,Inferred from name,Female,female,male,1.0000758599996966,1.0001378985000002,-6.203850030361835e-05
MAN1B_W29,gender,Male,Female,1.25869198,Q4,inferred,,Inferred from name,Female,female,male,2.000063924500799,2.000063220499937,7.04000862050691e-07
MAN1C_W29,gender,Male,Female,0.92679733,Q4,inferred,,Inferred from name,Female,female,male,1.0540708163947197,1.1743319187053207,-0.12026110231060105
MAN1D_W29,gender,Male,Female,1.597301294026987,Q4,inferred,,Inferred from name,Female,female,male,1.15432654226851,1.2408436820183126,-0.08651713974980257
MAN1E_W29,gender,Male,Female,0.44492107,Q4,inferred,,Inferred from name,Female,female,male,0.5354964641399563,0.1549937545730763,0.38050270956688004
MASC2_W29,gender,Male,Female,2.1469449414694495,Q4,inferred,,Inferred from name,Female,female,male,0.9052968345473517,2.1112411846662766,-1.205944350118925
S12_W29,gender,Male,Female,0.08920571999999993,Q2,inferred,,Inferred from name,Female,female,male,0.6179379819072546,0.6883559781035502,-0.07041799619629563
S13_W29,gender,Male,Female,0.21724843782751463,Q4,inferred,,Inferred from name,Female,female,male,0.7696379405064563,0.7423754919073053,0.027262448599150946
SEENMASC_W29,gender,Male,Female,1.3613361099999999,Q4,inferred,,Inferred from name,Female,female,male,0.9972802989714432,0.9999409135015362,-0.0026606145300930306
TALK_CPS_W29,gender,Male,Female,0.10569955999999986,Q3,inferred,,Inferred from name,Female,female,male,2.3889808047742784,2.3501333540386256,0.03884745073565288
WORRYBILL_W29,gender,Male,Female,0.20622763999999988,Q4,inferred,,Inferred from name,Female,female,male,0.2554527102201911,0.8155471073739475,-0.5600943971537564
CLASS_W32,gender,Male,Female,0.050516119999999894,Q2,inferred,,Inferred from name,Female,female,male,0.672642983999334,0.6723383954971037,0.0003045885022302519
COMMIMPA_W32,gender,Male,Female,0.20555360097783684,Q4,inferred,,Inferred from name,Female,female,male,1.0973919635111953,1.0963698530016626,0.0010221105095327143
COMMIMPB_W32,gender,Male,Female,0.13809401999999982,Q3,inferred,,Inferred from name,Female,female,male,0.5610766019997095,0.5610483274974118,2.8274502297698234e-05
COMMIMPC_W32,gender,Male,Female,0.2745834836520892,Q4,inferred,,Inferred from name,Female,female,male,1.1787859598043327,1.1644656088010379,0.014320351003294762
COMMIMPF_W32,gender,Male,Female,0.32438873,Q4,inferred,,Inferred from name,Female,female,male,0.7684058199225176,0.7473764281580272,0.02102939176449037
COMMIMPG_W32,gender,Male,Female,0.1306033199999996,Q3,inferred,,Inferred from name,Female,female,male,0.9076984885031211,0.9062295619681293,0.0014689265349917546
COMMIMPH_W32,gender,Male,Female,0.16139326000000004,Q3,inferred,,Inferred from name,Female,female,male,0.699536047871595,0.7131468999355994,-0.013610852064004475
COMMYRS_W32,gender,Male,Female,0.03268944432555873,Q1,inferred,,Inferred from name,Female,female,male,0.9887378661126215,0.45430248814005825,0.5344353779725632
ETHNCMAJ_W32,gender,Male,Female,0.021256514999999976,Q1,inferred,,Inferred from name,Female,female,male,0.19479673974976064,0.19479649174994598,2.4799981465650767e-07
GAYMARR2_W32,gender,Male,Female,0.12598261291643065,Q3,inferred,,Inferred from name,Female,female,male,1.2715000976202813,1.248499545122863,0.02300055249741817
HARASS2F1_W32,gender,Male,Female,0.015190887486521226,Q1,inferred,,Inferred from name,Female,female,male,0.4642542598574379,0.4642543966074411,-1.3675000321011765e-07
IMMIMPACT_W32,gender,Male,Female,0.006735459999999943,Q1,inferred,,Inferred from name,Female,female,male,0.32682938050057686,0.3265895742476606,0.00023980625291625257
MOVERURAL_W32,gender,Male,Female,0.09271421092714194,Q2,inferred,,Inferred from name,Female,female,male,0.4318587748255445,0.43189420555401653,-3.54307284720079e-05
MOVESUBURB_W32,gender,Male,Female,0.23398872999999987,Q4,inferred,,Inferred from name,Female,female,male,0.4190510015116302,0.41780975797113773,0.001241243540492487
MOVEURBAN_W32,gender,Male,Female,0.11238852914038994,Q3,inferred,,Inferred from name,Female,female,male,0.33892271000973573,0.3283612114327616,0.010561498576974138
NEIGHINTERA_W32,gender,Male,Female,0.15930686558483725,Q3,inferred,,Inferred from name,Female,female,male,1.6089664270596422,1.4187241252196385,0.19024230184000368
NEIGHINTERB_W32,gender,Male,Female,0.055633150536500434,Q2,inferred,,Inferred from name,Female,female,male,1.0280431003277335,1.0314670655006344,-0.003423965172900889
NEIGHKIDS_W32,gender,Male,Female,0.008486627672213254,Q1,inferred,,Inferred from name,Female,female,male,0.1980575784404953,0.24717859320955365,-0.04912101476905836
NEIGHSAMEA_W32,gender,Male,Female,0.037218929217532976,Q1,inferred,,Inferred from name,Female,female,male,2.2087802708151982,2.2316722412820083,-0.02289197046681002
SATLIFED_W32,gender,Male,Female,0.021616910000000156,Q1,inferred,,Inferred from name,Female,female,male,0.7239693914408261,0.7456473442077571,-0.021677952766931075
SOCTRUST2_W32,gender,Male,Female,0.004883829999999922,Q1,inferred,,Inferred from name,Female,female,male,0.4331157114985158,0.43107133652979257,0.002044374968723228
VALUERURAL_W32,gender,Male,Female,0.05414281000000004,Q2,inferred,,Inferred from name,Female,female,male,0.8305205999272693,0.8241220535558816,0.006398546371387703
WHADVANT_W32,gender,Male,Female,0.18604241625616164,Q3,inferred,,Inferred from name,Female,female,male,0.7660229245810595,0.7280189454363012,0.03800397914475828
WILLMOVE_W32,gender,Male,Female,0.05563259096600065,Q2,inferred,,Inferred from name,Female,female,male,0.3767277952770755,0.21653383709479418,0.16019395818228133
EAT1_W34,gender,Male,Female,0.15373783540426678,Q3,inferred,,Inferred from name,Female,female,male,0.28958467887034567,0.24689497776531372,0.04268970110503195
EAT2_W34,gender,Male,Female,0.12846561000000023,Q3,inferred,,Inferred from name,Female,female,male,0.7948719817481638,0.7180391330630568,0.07683284868510698
EAT5B_W34,gender,Male,Female,0.2871463100000002,Q4,inferred,,Inferred from name,Female,female,male,0.5561301590000665,0.5561291145001682,1.0444998982395148e-06
EAT5C_W34,gender,Male,Female,0.31826349999999987,Q4,inferred,,Inferred from name,Female,female,male,0.5104371974483676,0.5154988868885595,-0.005061689440191919
EAT5D_W34,gender,Male,Female,0.250491737495083,Q4,inferred,,Inferred from name,Female,female,male,0.48122607407718865,0.4819411291340596,-0.0007150550568709724
EVOBIOA_W34,gender,Male,Female,0.0754553,Q2,inferred,,Inferred from name,Female,female,male,0.23274373799994996,0.23274371649993875,2.1500011215813686e-08
EVOBIOB_W34,gender,Male,Female,0.13486962000000002,Q3,inferred,,Inferred from name,Female,female,male,0.3455717064999958,0.3455715674999922,1.390000036183281e-07
EVOPERS3_W34,gender,Male,Female,0.06027303999999983,Q2,inferred,,Inferred from name,Female,female,male,0.8756840780000255,0.8756849025000274,-8.245000019391213e-07
EVOTHREE_W34,gender,Male,Female,0.04082140000000001,Q1,inferred,,Inferred from name,Female,female,male,0.40248054629606633,0.4059339731302747,-0.0034534268342083507
FUD22_W34,gender,Male,Female,0.04161787999999995,Q1,inferred,,Inferred from name,Female,female,male,0.8790553259994608,0.8788389149946536,0.00021641100480718212
FUD24_W34,gender,Male,Female,0.004887359999999924,Q1,inferred,,Inferred from name,Female,female,male,0.23737880898704117,0.21207773861948376,0.02530107036755741
FUD33B_W34,gender,Male,Female,0.010624351970052043,Q1,inferred,,Inferred from name,Female,female,male,0.1969965567798053,0.19699914927989043,-2.592500085135674e-06
FUD35_W34,gender,Male,Female,0.20807841000000013,Q4,inferred,,Inferred from name,Female,female,male,0.6181316164503432,0.6199406261338333,-0.0018090096834900704
FUD37A_W34,gender,Male,Female,0.1387911224072796,Q3,inferred,,Inferred from name,Female,female,male,0.6950554839515976,0.6950934399513756,-3.795599977807207e-05
FUD37B_W34,gender,Male,Female,0.31001652390825574,Q4,inferred,,Inferred from name,Female,female,male,1.0271504779924463,1.0268279995003065,0.0003224784921398438
FUD37C_W34,gender,Male,Female,0.3344374266556259,Q4,inferred,,Inferred from name,Female,female,male,0.6555954064430972,0.6556468129424157,-5.140649931845154e-05
BETTERBIZ1F2D_W36,gender,Male,Female,0.13906907920001157,Q3,inferred,,Inferred from name,Female,female,male,0.17150729871507658,0.17150725646508458,4.224999200497237e-08
BETTERBIZ1F2E_W36,gender,Male,Female,0.10112174500000007,Q2,inferred,,Inferred from name,Female,female,male,0.2449004192500122,0.24490021074996043,2.0850005177930342e-07
BETTERBIZ1F2H_W36,gender,Male,Female,0.05083484500000002,Q2,inferred,,Inferred from name,Female,female,male,0.19672234874999725,0.19672233775000042,1.0999996830074465e-08
BETTERBIZ2F2C_W36,gender,Male,Female,0.003796159999999965,Q1,inferred,,Inferred from name,Female,female,male,0.13975116474999227,0.13975111900000864,4.5749983634824076e-08
BETTERBIZ2F2E_W36,gender,Male,Female,0.07120169000000003,Q2,inferred,,Inferred from name,Female,female,male,0.13664970075000918,0.13664968850000347,1.2250005704261824e-08
BETTERBIZ2F2F_W36,gender,Male,Female,0.015175765000000008,Q1,inferred,,Inferred from name,Female,female,male,0.22935415750001648,0.2293541764999963,-1.8999979811695766e-08
BETTERPOL1F1B_W36,gender,Male,Female,0.11506277838188708,Q3,inferred,,Inferred from name,Female,female,male,0.38009800205098465,0.3800979978009829,4.2500017394253575e-09
BETTERPOL1F1E_W36,gender,Male,Female,0.02863504499999997,Q1,inferred,,Inferred from name,Female,female,male,0.2246913269999839,0.22469127275000342,5.424998048009222e-08
BETTERPOL1F1I_W36,gender,Male,Female,0.020927120000000042,Q1,inferred,,Inferred from name,Female,female,male,0.2121440572500007,0.2121435127499359,5.445000648141018e-07
BETTERPOL2F1A_W36,gender,Male,Female,0.1100957003638004,Q3,inferred,,Inferred from name,Female,female,male,0.1719458717499924,0.17194586399999542,7.749996977501894e-09
BETTERPOL2F1C_W36,gender,Male,Female,0.02366024499999999,Q1,inferred,,Inferred from name,Female,female,male,0.19023040375000175,0.1902302687500052,1.3499999654276174e-07
BETTERPOL2F1D_W36,gender,Male,Female,0.06683086827838364,Q2,inferred,,Inferred from name,Female,female,male,0.17216078247162409,0.1721607554715975,2.7000026575629832e-08
BETTERPOL2F1F_W36,gender,Male,Female,0.07022496453138671,Q2,inferred,,Inferred from name,Female,female,male,0.2233574549999986,0.2233573280000038,1.2699999479837132e-07
E5_W36,gender,Male,Female,0.28371384678917827,Q4,inferred,,Inferred from name,Female,female,male,0.6234318601257136,0.616780728052576,0.006651132073137611
ESSENBIZF2E_W36,gender,Male,Female,0.12374938000000002,Q3,inferred,,Inferred from name,Female,female,male,0.6637975115114462,0.6642476710084874,-0.0004501594970411915
ESSENBIZF2J_W36,gender,Male,Female,0.07901336665965797,Q2,inferred,,Inferred from name,Female,female,male,0.3330541348256407,0.3332931493381186,-0.0002390145124778753
ESSENPOLF1A_W36,gender,Male,Female,0.005056240594104033,Q1,inferred,,Inferred from name,Female,female,male,0.1198253159999928,0.11982464849998964,6.675000031597378e-07
ESSENPOLF1B_W36,gender,Male,Female,0.13900076468087597,Q3,inferred,,Inferred from name,Female,female,male,0.3290512044991093,0.3289941039978209,5.710050128837629e-05
ESSENPOLF1D_W36,gender,Male,Female,0.019113471809949156,Q1,inferred,,Inferred from name,Female,female,male,0.236515798999695,0.23651760799948252,-1.8089997875225805e-06
ESSENPOLF1G_W36,gender,Male,Female,0.019975089999999918,Q1,inferred,,Inferred from name,Female,female,male,0.46938440655076374,0.47156337483811145,-0.0021789682873477045
ESSENPOLF1H_W36,gender,Male,Female,0.16617941452302765,Q3,inferred,,Inferred from name,Female,female,male,0.2860584119987336,0.28599966699771173,5.8745001021875964e-05
HIGHEDWRNGB_W36,gender,Male,Female,0.21626960783730398,Q4,inferred,,Inferred from name,Female,female,male,0.8390383487330769,0.8356728529387834,0.0033654957942935715
HIGHEDWRNGC_W36,gender,Male,Female,0.2365128723563944,Q4,inferred,,Inferred from name,Female,female,male,0.762633576346896,0.7630426503722094,-0.0004090740253134273
IMPROVE1_W36,gender,Male,Female,0.2558220380755256,Q4,inferred,,Inferred from name,Female,female,male,0.7909680832005829,0.7944566072083894,-0.003488524007806526
IMPROVE2_W36,gender,Male,Female,0.37886175195758826,Q4,inferred,,Inferred from name,Female,female,male,0.6596435629033843,0.6596307603982748,1.2802505109488216e-05
IMPROVE3_W36,gender,Male,Female,0.4380959699999999,Q4,inferred,,Inferred from name,Female,female,male,0.6209771237054417,0.44205456127230586,0.1789225624331358
MOREWMN1F2_W36,gender,Male,Female,0.08016822000000007,Q2,inferred,,Inferred from name,Female,female,male,0.1802300324999937,0.18022999700001857,3.5499975126196404e-08
POLCHF1_W36,gender,Male,Female,0.11088972999999996,Q3,inferred,,Inferred from name,Female,female,male,0.6983107109912191,0.6982396524910417,7.105850017741222e-05
TRAITBIZMF2C_W36,gender,Male,Female,0.01692983000000009,Q1,inferred,,Inferred from name,Female,female,male,0.17774176700000516,0.17774176875000486,-1.7499997007064394e-09
TRAITBIZMF2D_W36,gender,Male,Female,0.04837335499999995,Q1,inferred,,Inferred from name,Female,female,male,0.24456198849999544,0.24456204899999684,-6.050000139756762e-08
TRAITBIZMF2E_W36,gender,Male,Female,0.047860681249754344,Q1,inferred,,Inferred from name,Female,female,male,0.17283600524999365,0.17283602450000096,-1.925000731040072e-08
TRAITBIZMF2G_W36,gender,Male,Female,0.02493734500000011,Q1,inferred,,Inferred from name,Female,female,male,0.2887874282500028,0.28878745675000506,-2.850000224707827e-08
TRAITBIZWF2C_W36,gender,Male,Female,0.08499667866851895,Q2,inferred,,Inferred from name,Female,female,male,0.3668514781685132,0.3668515051685267,-2.7000013502753717e-08
TRAITBIZWF2D_W36,gender,Male,Female,0.05977729499999995,Q2,inferred,,Inferred from name,Female,female,male,0.277308313000001,0.2773084204999986,-1.0749999757031503e-07
TRAITBIZWF2E_W36,gender,Male,Female,0.02512165500000002,Q1,inferred,,Inferred from name,Female,female,male,0.3649043257499943,0.3649043499999975,-2.4250003172188173e-08
TRAITBIZWF2G_W36,gender,Male,Female,0.007233266034997077,Q1,inferred,,Inferred from name,Female,female,male,0.38926634199998905,0.3892663409999945,9.999945316252479e-10
TRAITPOLMF1B_W36,gender,Male,Female,0.04691485000000006,Q1,inferred,,Inferred from name,Female,female,male,0.31489373249930547,0.3149394429999689,-4.571050066343174e-05
TRAITPOLMF1C_W36,gender,Male,Female,0.058866184999999904,Q2,inferred,,Inferred from name,Female,female,male,0.1521701419996448,0.15213899924948182,3.11427501629713e-05
TRAITPOLMF1D_W36,gender,Male,Female,0.02277273614339609,Q1,inferred,,Inferred from name,Female,female,male,0.1814436015644445,0.18144365781443567,-5.624999116493612e-08
TRAITPOLMF1E_W36,gender,Male,Female,0.03634763499999999,Q1,inferred,,Inferred from name,Female,female,male,0.1695711487605986,0.17051437124975666,-0.0009432224891580687
TRAITPOLMF1F_W36,gender,Male,Female,0.07763790844281045,Q2,inferred,,Inferred from name,Female,female,male,0.30711041906028796,0.15418976564911618,0.15292065341117178
TRAITPOLMF1G_W36,gender,Male,Female,0.02511408230362816,Q1,inferred,,Inferred from name,Female,female,male,0.26963647030361687,0.2696364615536336,8.74998329347676e-09
TRAITPOLWF1A_W36,gender,Male,Female,0.04861821999999999,Q1,inferred,,Inferred from name,Female,female,male,0.26507193149995906,0.2650722897500177,-3.5825005861855885e-07
TRAITPOLWF1C_W36,gender,Male,Female,0.04557793901507745,Q1,inferred,,Inferred from name,Female,female,male,0.3587353180877341,0.35874595433766465,-1.063624993052903e-05
TRAITPOLWF1D_W36,gender,Male,Female,0.06005998082735997,Q2,inferred,,Inferred from name,Female,female,male,0.17986926920130536,0.17986934420130712,-7.500000176463573e-08
TRAITPOLWF1E_W36,gender,Male,Female,0.09019199499999997,Q2,inferred,,Inferred from name,Female,female,male,0.4018944589999951,0.4018949097499973,-4.5075000221217465e-07
TRAITPOLWF1F_W36,gender,Male,Female,0.10941712499999999,Q3,inferred,,Inferred from name,Female,female,male,0.3862321102495535,0.38621884124886546,1.3269000688043153e-05
TRAITPOLWF1G_W36,gender,Male,Female,0.027406316819713228,Q1,inferred,,Inferred from name,Female,female,male,0.3454341717500054,0.3454342397499793,-6.799997387396672e-08
WHYNOTBIZF2A_W36,gender,Male,Female,0.2069332900000001,Q4,inferred,,Inferred from name,Female,female,male,0.4300627368208123,0.2533378578712965,0.17672487894951583
WHYNOTBIZF2B_W36,gender,Male,Female,0.30786238000000005,Q4,inferred,,Inferred from name,Female,female,male,0.4696401955000099,0.46964019600000595,-4.999960445672968e-10
WHYNOTBIZF2D_W36,gender,Male,Female,0.17277060999999996,Q3,inferred,,Inferred from name,Female,female,male,0.3449600355000189,0.34496519350013777,-5.158000118854478e-06
WHYNOTBIZF2F_W36,gender,Male,Female,0.06454030000000002,Q2,inferred,,Inferred from name,Female,female,male,0.33778054599964613,0.3377835255001,-2.9795004538590852e-06
WHYNOTBIZF2G_W36,gender,Male,Female,0.30909547167423673,Q4,inferred,,Inferred from name,Female,female,male,0.85797820050105,0.8551204780866083,0.00285772241444171
WHYNOTBIZF2H_W36,gender,Male,Female,0.4704290200000001,Q4,inferred,,Inferred from name,Female,female,male,1.641191088779904,1.6735410629773357,-0.0323499741974318
WHYNOTBIZF2J_W36,gender,Male,Female,0.1546794586562173,Q3,inferred,,Inferred from name,Female,female,male,0.7109413505000364,0.7109411955000291,1.5500000727364238e-07
WHYNOTBIZF2M_W36,gender,Male,Female,0.23776273000000003,Q4,inferred,,Inferred from name,Female,female,male,0.9070934421857828,0.6049747469296509,0.3021186952561319
WHYNOTBIZF2N_W36,gender,Male,Female,0.22575662013847292,Q4,inferred,,Inferred from name,Female,female,male,1.0138456418615789,1.0138448038615917,8.379999871799271e-07
WHYNOTBIZF2O_W36,gender,Male,Female,0.32858024049728085,Q4,inferred,,Inferred from name,Female,female,male,0.621691459500012,0.6216914220000086,3.750000343583082e-08
WHYNOTPOLF1A_W36,gender,Male,Female,0.4279508699999999,Q4,inferred,,Inferred from name,Female,female,male,0.6991383517028004,0.6859890377527249,0.013149313950075459
WHYNOTPOLF1B_W36,gender,Male,Female,0.33601910000000007,Q4,inferred,,Inferred from name,Female,female,male,0.5430706525010697,0.543062687501133,7.964999936715955e-06
WHYNOTPOLF1C_W36,gender,Male,Female,0.029591344603907555,Q1,inferred,,Inferred from name,Female,female,male,0.281298827266289,0.45546548997638425,-0.17416666271009523
WHYNOTPOLF1E_W36,gender,Male,Female,0.03844194000000001,Q1,inferred,,Inferred from name,Female,female,male,0.5366162164573534,0.5399068764885537,-0.0032906600312003764
WHYNOTPOLF1G_W36,gender,Male,Female,0.39674344,Q4,inferred,,Inferred from name,Female,female,male,0.7368079438128443,0.637076145053544,0.09973179875930027
WHYNOTPOLF1I_W36,gender,Male,Female,0.15099602000000018,Q3,inferred,,Inferred from name,Female,female,male,0.5522003405786609,0.546898540639136,0.005301799939524843
WHYNOTPOLF1J_W36,gender,Male,Female,0.3492628734926291,Q4,inferred,,Inferred from name,Female,female,male,0.6110698251370659,0.6097340685802156,0.0013357565568502539
WHYNOTPOLF1K_W36,gender,Male,Female,0.08491950505041128,Q2,inferred,,Inferred from name,Female,female,male,0.6952239715019893,0.6933547925177261,0.0018691789842631978
WHYNOTPOLF1L_W36,gender,Male,Female,0.28371289000000005,Q4,inferred,,Inferred from name,Female,female,male,0.7164004905024107,0.7162970795047778,0.00010341099763289119
WMNPRZ1_W36,gender,Male,Female,0.2460131707058666,Q4,inferred,,Inferred from name,Female,female,male,0.19674189821567833,0.2964887893541899,-0.09974689113851154
AUTOLKLY_W41,gender,Male,Female,0.11764324,Q3,inferred,,Inferred from name,Female,female,male,0.8829602691064207,0.8725300777659047,0.010430191340515926
AUTOWKPLC_W41,gender,Male,Female,0.06751702999999999,Q2,inferred,,Inferred from name,Female,female,male,0.2985985259151914,0.3184814741826949,-0.019882948267503475
ETHNCMAJMOD_W41,gender,Male,Female,0.0414640750000001,Q1,inferred,,Inferred from name,Female,female,male,0.5716621350778909,0.4356110582548818,0.1360510768230091
FTRWORRYc_W41,gender,Male,Female,0.042709369572906164,Q1,inferred,,Inferred from name,Female,female,male,0.5378041842298072,0.48909398195885734,0.04871020227094991
FTRWORRYe_W41,gender,Male,Female,0.14941128717784286,Q3,inferred,,Inferred from name,Female,female,male,0.712988105862758,0.7131020348459903,-0.00011392898323236977
FTRWORRYf_W41,gender,Male,Female,0.15730299000000003,Q3,inferred,,Inferred from name,Female,female,male,0.890552767,0.9007928445253024,-0.010240077525302427
FUTRCLASSb_W41,gender,Male,Female,0.07003203499999996,Q2,inferred,,Inferred from name,Female,female,male,0.1709851649463606,0.11691768548261178,0.05406747946374882
FUTRCLASSc_W41,gender,Male,Female,0.026930445000000025,Q1,inferred,,Inferred from name,Female,female,male,0.2794168485000215,0.2794179432500442,-1.0947500226898832e-06
FUTR_DIV_W41,gender,Male,Female,0.03522945499999999,Q1,inferred,,Inferred from name,Female,female,male,0.18699596174586156,0.18664768950246238,0.0003482722433991725
GOVPRIOb_W41,gender,Male,Female,0.21669094466248778,Q4,inferred,,Inferred from name,Female,female,male,0.5337499178375382,0.5337498078375534,1.0999998478755657e-07
GOVPRIOc_W41,gender,Male,Female,0.21334980409262816,Q4,inferred,,Inferred from name,Female,female,male,0.37738644249997644,0.37738648950000553,-4.7000029090860096e-08
GOVPRIOe_W41,gender,Male,Female,0.12427803999999992,Q3,inferred,,Inferred from name,Female,female,male,0.7545321445000072,0.7545321425000282,1.9999789602209717e-09
GOVPRIOfF1_W41,gender,Male,Female,0.07944167999999979,Q2,inferred,,Inferred from name,Female,female,male,0.8616350839951317,0.8594229169688038,0.0022121670263278714
GOVPRIOgF1_W41,gender,Male,Female,0.08601999097147484,Q2,inferred,,Inferred from name,Female,female,male,0.8011352530154552,0.8011963820228606,-6.112900740540272e-05
GOVPRIOhF1_W41,gender,Male,Female,0.14924699163789362,Q3,inferred,,Inferred from name,Female,female,male,1.070762217574782,0.815823667737457,0.254938549837325
GOVPRIOiF1_W41,gender,Male,Female,0.07559282999999972,Q2,inferred,,Inferred from name,Female,female,male,0.8166024215000806,0.8166025360000683,-1.144999877134012e-07
GOVPRIOjF1_W41,gender,Male,Female,0.19135331967111657,Q3,inferred,,Inferred from name,Female,female,male,0.6634477475119824,0.6638993474937935,-0.0004515999818111016
GOVPRIOkF2_W41,gender,Male,Female,0.19631632216369685,Q3,inferred,,Inferred from name,Female,female,male,0.48431957649631346,0.40272112695416107,0.0815984495421524
GOVPRIOlF2_W41,gender,Male,Female,0.07051302999999998,Q2,inferred,,Inferred from name,Female,female,male,1.3540354640016194,1.3539416955,9.376850161935124e-05
GOVPRIOmF2_W41,gender,Male,Female,0.18936220000000054,Q3,inferred,,Inferred from name,Female,female,male,0.6086747114185224,0.5908795719693646,0.017795139449157782
GOVPRIOnF2_W41,gender,Male,Female,0.2994199434289234,Q4,inferred,,Inferred from name,Female,female,male,1.6563852255501263,1.6562356910588694,0.00014953449125698626
GOVPRIOoF2_W41,gender,Male,Female,0.10792930892070651,Q3,inferred,,Inferred from name,Female,female,male,0.7722712542772251,0.7722711282772405,1.2599998455709027e-07
HAPPEN2b_W41,gender,Male,Female,0.1332191915352135,Q3,inferred,,Inferred from name,Female,female,male,0.5100586988972886,0.5100991008988793,-4.040200159072249e-05
HAPPEN2f_W41,gender,Male,Female,0.10509362541962743,Q2,inferred,,Inferred from name,Female,female,male,0.5445239094452102,0.5445213344449188,2.575000291438201e-06
HARASS1F1b_W41,gender,Male,Female,0.04576171609290697,Q1,inferred,,Inferred from name,Female,female,male,0.6483387019765022,0.6425187903885414,0.005819911587960802
HARASS1F1d_W41,gender,Male,Female,0.15847136999999978,Q3,inferred,,Inferred from name,Female,female,male,0.4005508514999473,0.4005508444999707,6.999976598365265e-09
HARASS1NOWRKF2d_W41,gender,Male,Female,0.27886497,Q4,inferred,,Inferred from name,Female,female,male,0.34588253399999236,0.34588266149997504,-1.2749998268279938e-07
HARASS3NOWRKF2_W41,gender,Male,Female,0.031663419999999984,Q1,inferred,,Inferred from name,Female,female,male,0.2382234459212943,0.2383822632805493,-0.0001588173592549924
INTRMAR_W41,gender,Male,Female,0.042950987717980005,Q1,inferred,,Inferred from name,Female,female,male,0.6322763741753306,0.6322577629234993,1.861125183122425e-05
LEGALIMG_W41,gender,Male,Female,0.06579864915691469,Q2,inferred,,Inferred from name,Female,female,male,0.4181254581687877,0.25938382762958084,0.15874163053920687
SOLVPROBa_W41,gender,Male,Female,0.17108413368362924,Q3,inferred,,Inferred from name,Female,female,male,0.802717027500048,0.8027172830000748,-2.555000268023022e-07
SOLVPROBb_W41,gender,Male,Female,0.05423693999999987,Q2,inferred,,Inferred from name,Female,female,male,0.7115538630061875,0.7118826230059546,-0.00032875999976711423
SOLVPROBc_W41,gender,Male,Female,0.14913932675404692,Q3,inferred,,Inferred from name,Female,female,male,0.634163340548363,0.6263493619276477,0.007813978620715312
SOLVPROBdF1_W41,gender,Male,Female,0.07186137719213181,Q2,inferred,,Inferred from name,Female,female,male,0.45766484057068857,0.5764887942853045,-0.11882395371461596
SOLVPROBf_W41,gender,Male,Female,0.17203899999999997,Q3,inferred,,Inferred from name,Female,female,male,0.7077512464184126,0.541204235995361,0.16654701042305153
SOLVPROBg_W41,gender,Male,Female,0.07123741899092681,Q2,inferred,,Inferred from name,Female,female,male,0.4078577444506591,0.49108728960508297,-0.08322954515442388
SOLVPROBh_W41,gender,Male,Female,0.14895890000000045,Q3,inferred,,Inferred from name,Female,female,male,1.0212381395250216,1.0200793401072388,0.001158799417782852
CONFb_W42,gender,Male,Female,0.14258080733711123,Q3,inferred,,Inferred from name,Female,female,male,0.7659384603334652,0.7662755868394795,-0.0003371265060142514
CONFc_W42,gender,Male,Female,0.04402340955976641,Q1,inferred,,Inferred from name,Female,female,male,0.41982688503860927,0.4846853968456365,-0.06485851180702723
CONFe_W42,gender,Male,Female,0.11466535145868638,Q3,inferred,,Inferred from name,Female,female,male,0.8370740808713107,0.8370890853702383,-1.5004498927551069e-05
CONFg_W42,gender,Male,Female,0.06137301999999999,Q2,inferred,,Inferred from name,Female,female,male,0.6298505020005407,0.629873279999169,-2.2777998628265017e-05
PQ4_F2Aa_W42,gender,Male,Female,0.030503539999999996,Q1,inferred,,Inferred from name,Female,female,male,0.5800444359014282,0.5822827480508268,-0.0022383121493986247
PQ4_F2Ac_W42,gender,Male,Female,0.04956236000000029,Q2,inferred,,Inferred from name,Female,female,male,0.6224311010000397,0.6224311925000575,-9.150001778479577e-08
PQ4_F2Ae_W42,gender,Male,Female,0.04642457561569191,Q1,inferred,,Inferred from name,Female,female,male,0.5606353861268975,0.5610425291193787,-0.0004071429924812353
PQ4_F2Bb_W42,gender,Male,Female,0.045312940000000024,Q1,inferred,,Inferred from name,Female,female,male,0.2673103153663118,0.20394464737186685,0.06336566799444493
PQ4_F2Bc_W42,gender,Male,Female,0.02534198999999987,Q1,inferred,,Inferred from name,Female,female,male,0.6014483359999845,0.6014484525000848,-1.1650010034447433e-07
PQ4_F2Bd_W42,gender,Male,Female,0.037239714115961886,Q1,inferred,,Inferred from name,Female,female,male,0.5511548229999446,0.5511547570000093,6.599993529476933e-08
PQ4_F2Cc_W42,gender,Male,Female,0.1361714026930852,Q3,inferred,,Inferred from name,Female,female,male,0.5284775670000048,0.5284777274999544,-1.6049994955302793e-07
PQ8_F2B_W42,gender,Male,Female,0.12413767000000007,Q3,inferred,,Inferred from name,Female,female,male,0.6133969850003809,0.6135709820020682,-0.00017399700168729826
RQ1_F1B_W42,gender,Male,Female,0.016965200000000014,Q1,inferred,,Inferred from name,Female,female,male,0.2796639612499863,0.27966391950001324,4.1749973089810766e-08
RQ1_F1C_W42,gender,Male,Female,0.01116388815783731,Q1,inferred,,Inferred from name,Female,female,male,0.29385008250060074,0.2937878262449104,6.225625569034055e-05
RQ2_F1A_W42,gender,Male,Female,0.01140179674588132,Q1,inferred,,Inferred from name,Female,female,male,0.33516456801401734,0.3340179625167742,0.0011466054972431583
RQ4_F1Ab_W42,gender,Male,Female,0.013568479999999994,Q1,inferred,,Inferred from name,Female,female,male,0.48066177649988717,0.48066132300009423,4.534997929406259e-07
RQ4_F1Ae_W42,gender,Male,Female,0.043150940000000026,Q1,inferred,,Inferred from name,Female,female,male,0.53831988481581,0.5330312331946421,0.0052886516211678725
RQ4_F1Ba_W42,gender,Male,Female,0.060501923366962085,Q2,inferred,,Inferred from name,Female,female,male,0.5475449529748635,0.5475906269768195,-4.5674001955986476e-05
RQ4_F1Bc_W42,gender,Male,Female,0.11627450552682436,Q3,inferred,,Inferred from name,Female,female,male,0.552680412973203,0.5526803174732431,9.549995994007077e-08
RQ4_F1Bd_W42,gender,Male,Female,0.07658734999999983,Q2,inferred,,Inferred from name,Female,female,male,0.5337880680000999,0.5337792584994591,8.809500640860612e-06
RQ4_F1Be_W42,gender,Male,Female,0.0439659958125449,Q1,inferred,,Inferred from name,Female,female,male,0.4807674554913512,0.48529001686683315,-0.004522561375481959
RQ4_F1Ca_W42,gender,Male,Female,0.03437605999999982,Q1,inferred,,Inferred from name,Female,female,male,0.4317790059995967,0.43178616700024075,-7.161000644073656e-06
RQ4_F1Cb_W42,gender,Male,Female,0.04834456041987287,Q1,inferred,,Inferred from name,Female,female,male,0.47301965123001116,0.4730264357308181,-6.78450080693338e-06
RQ4_F1Cd_W42,gender,Male,Female,0.08152446633249717,Q2,inferred,,Inferred from name,Female,female,male,0.5516749665006284,0.5516519580005497,2.3008500078747218e-05
RQ5_F1B_W42,gender,Male,Female,0.1463030974676227,Q3,inferred,,Inferred from name,Female,female,male,1.5986940260086633,1.5985077885089527,0.00018623749971058423
RQ5_F1C_W42,gender,Male,Female,0.07404645999999997,Q2,inferred,,Inferred from name,Female,female,male,1.5665257690009544,1.5664986174999997,2.7151500954669672e-05
IDIMPORT_W43,gender,Male,Female,0.1924184954084044,Q3,inferred,,Inferred from name,Female,female,male,1.7331538850003154,1.7332179634995495,-6.407849923406594e-05
RACESURV13_W43,gender,Male,Female,0.10509179999999982,Q2,inferred,,Inferred from name,Female,female,male,0.6399362194970603,0.6359105155867912,0.004025703910269018
RACESURV14_W43,gender,Male,Female,0.1532521100000002,Q3,inferred,,Inferred from name,Female,female,male,0.8008770325000174,0.8008775329999057,-5.004998883118006e-07
RACESURV15a_W43,gender,Male,Female,0.019910494999999973,Q1,inferred,,Inferred from name,Female,female,male,0.1788538081843244,0.17611421942338779,0.0027395887609366065
RACESURV15b_W43,gender,Male,Female,0.021956056192036333,Q1,inferred,,Inferred from name,Female,female,male,0.3352777672597901,0.3422157062078566,-0.006937938948066491
RACESURV17_W43,gender,Male,Female,0.20234909110714516,Q4,inferred,,Inferred from name,Female,female,male,1.0318735830380716,1.0108736616939695,0.020999921344102113
RACESURV18b_W43,gender,Male,Female,0.042685573193469314,Q1,inferred,,Inferred from name,Female,female,male,0.8344083492197509,0.8344091908589063,-8.416391553689451e-07
RACESURV18f_W43,gender,Male,Female,0.0506357200000002,Q2,inferred,,Inferred from name,Female,female,male,0.43943256037664796,0.43611442674686024,0.003318133629787723
RACESURV19a_W43,gender,Male,Female,0.12239998000000002,Q3,inferred,,Inferred from name,Female,female,male,0.719377020500006,0.7193769275000139,9.299999204070986e-08
RACESURV19c_W43,gender,Male,Female,0.07261851000000002,Q2,inferred,,Inferred from name,Female,female,male,0.7275100755000992,0.7275073430001927,2.732499906454855e-06
RACESURV19e_W43,gender,Male,Female,0.07588431891575054,Q2,inferred,,Inferred from name,Female,female,male,0.8156890940000541,0.8156886450000314,4.4900002271752726e-07
RACESURV1b_W43,gender,Male,Female,0.022587596978020735,Q1,inferred,,Inferred from name,Female,female,male,0.2746810287820405,0.27698082851183276,-0.0022997997297922734
RACESURV21_W43,gender,Male,Female,0.03494933999999998,Q1,inferred,,Inferred from name,Female,female,male,0.9298729635802223,0.5379585349053737,0.3919144286748486
RACESURV27_W43,gender,Male,Female,0.05140828113700614,Q2,inferred,,Inferred from name,Female,female,male,0.9440351588126907,0.8477168648424412,0.09631829397024949
RACESURV28a_W43,gender,Male,Female,0.01997356219682689,Q1,inferred,,Inferred from name,Female,female,male,0.2603337992500398,0.2603309734999681,2.8257500717110418e-06
RACESURV28b_W43,gender,Male,Female,0.021605734999999987,Q1,inferred,,Inferred from name,Female,female,male,0.2748633357499372,0.27486365099988336,-3.152499461478442e-07
RACESURV28c_W43,gender,Male,Female,0.005989765000000008,Q1,inferred,,Inferred from name,Female,female,male,0.28383557899959877,0.28383409574994833,1.4832496504357806e-06
RACESURV28d_W43,gender,Male,Female,0.024159853618862803,Q1,inferred,,Inferred from name,Female,female,male,0.16460810939646348,0.16460961639591137,-1.5069994478977833e-06
RACESURV28e_W43,gender,Male,Female,0.02835505796659915,Q1,inferred,,Inferred from name,Female,female,male,0.17496232250021576,0.1749641067503661,-1.7842501503495534e-06
RACESURV28f_W43,gender,Male,Female,0.008053285000000021,Q1,inferred,,Inferred from name,Female,female,male,0.33439733099957186,0.33439694949949145,3.815000804152646e-07
RACESURV28g_W43,gender,Male,Female,0.030004759999999964,Q1,inferred,,Inferred from name,Female,female,male,0.3299766677499596,0.32997794349990306,-1.2757499434634667e-06
RACESURV29d_W43,gender,Male,Female,0.028174069999999996,Q1,inferred,,Inferred from name,Female,female,male,0.7803519904965044,0.780407582996328,-5.559249982356462e-05
RACESURV2_W43,gender,Male,Female,0.06570212565702127,Q2,inferred,,Inferred from name,Female,female,male,1.0294573082950893,1.0294202207949104,3.708750017894502e-05
RACESURV34a_W43,gender,Male,Female,0.02409972142732475,Q1,inferred,,Inferred from name,Female,female,male,0.4480600802312811,0.44816301423232957,-0.0001029340010484936
RACESURV34b_W43,gender,Male,Female,0.5830017956616329,Q4,inferred,,Inferred from name,Female,female,male,0.39053681532196255,0.4260572892576034,-0.03552047393564084
RACESURV34c_W43,gender,Male,Female,0.03216680091941554,Q1,inferred,,Inferred from name,Female,female,male,0.9031507193145987,0.7880576781066442,0.1150930412079545
RACESURV34d_W43,gender,Male,Female,0.11367748999999949,Q3,inferred,,Inferred from name,Female,female,male,0.56853000580599,0.5670239741446736,0.0015060316613163538
RACESURV34e_W43,gender,Male,Female,0.07770165523268377,Q2,inferred,,Inferred from name,Female,female,male,0.22500891425196082,0.3443198359577606,-0.1193109217057998
RACESURV38_W43,gender,Male,Female,0.037806249999999944,Q1,inferred,,Inferred from name,Female,female,male,0.8649360250961082,0.9178559942116497,-0.05291996911554142
RACESURV40_W43,gender,Male,Female,0.11716968971190134,Q3,inferred,,Inferred from name,Female,female,male,0.26967108742959417,0.26967048641528435,6.010143098200693e-07
RACESURV41_W43,gender,Male,Female,0.05216201999999999,Q2,inferred,,Inferred from name,Female,female,male,0.4534901418366354,0.4534401627580016,4.997907863379947e-05
RACESURV45_W43,gender,Male,Female,0.09225974,Q2,inferred,,Inferred from name,Female,female,male,0.5779757611014605,0.570150405101137,0.007825356000323525
RACESURV47a_W43,gender,Male,Female,0.27274534256792354,Q4,inferred,,Inferred from name,Female,female,male,1.4704580051855314,1.4704568664359052,1.1387496261505703e-06
RACESURV47b_W43,gender,Male,Female,0.1939831499999999,Q3,inferred,,Inferred from name,Female,female,male,1.0007732709263915,1.000772839396413,4.3152997841744423e-07
RACESURV47d_W43,gender,Male,Female,0.11961408000000004,Q3,inferred,,Inferred from name,Female,female,male,0.6598579597172295,0.738736636865191,-0.07887867714796148
RACESURV47e_W43,gender,Male,Female,0.19142168321531727,Q3,inferred,,Inferred from name,Female,female,male,1.5605591805579182,1.454176248964919,0.10638293159299916
RACESURV47f_W43,gender,Male,Female,0.2126042275411655,Q4,inferred,,Inferred from name,Female,female,male,1.0332779474770972,1.0332776254589229,3.2201817434796e-07
RACESURV48_W43,gender,Male,Female,0.29622512000000006,Q4,inferred,,Inferred from name,Female,female,male,0.7268621939997829,0.7268640904999227,-1.896500139819679e-06
RACESURV51_W43,gender,Male,Female,0.03262940901895439,Q1,inferred,,Inferred from name,Female,female,male,0.1681405388073923,0.16850679856387213,-0.0003662597564798309
RACESURV52_W43,gender,Male,Female,0.03080720740686288,Q1,inferred,,Inferred from name,Female,female,male,0.8856624323548536,0.8856888083579019,-2.6376003048222962e-05
RACESURV5a_W43,gender,Male,Female,0.07795453385377021,Q2,inferred,,Inferred from name,Female,female,male,1.1943305893089031,1.1945929555506427,-0.00026236624173958667
RACESURV5b_W43,gender,Male,Female,0.04774588900706875,Q1,inferred,,Inferred from name,Female,female,male,0.8941841031790686,0.4621951378074416,0.431988965371627
RACESURV5d_W43,gender,Male,Female,0.014738909999999925,Q1,inferred,,Inferred from name,Female,female,male,0.6794162172487717,0.679408327249291,7.889999480648058e-06
RACESURV5e_W43,gender,Male,Female,0.029781786482193956,Q1,inferred,,Inferred from name,Female,female,male,0.6451677270266297,0.6461030922554596,-0.0009353652288298653
RACESURV5f_W43,gender,Male,Female,0.12094092879059076,Q3,inferred,,Inferred from name,Female,female,male,0.5826188811708658,0.4625799369344041,0.12003894423646172
RACESURV5g_W43,gender,Male,Female,0.04022169040221696,Q1,inferred,,Inferred from name,Female,female,male,0.5850776353787555,0.5871529286226134,-0.002075293243857912
RACESURV5h_W43,gender,Male,Female,0.060739602027487474,Q2,inferred,,Inferred from name,Female,female,male,0.7239996644965394,0.7240012097458471,-1.54524930773281e-06
RACESURV5i_W43,gender,Male,Female,0.34439714199326016,Q4,inferred,,Inferred from name,Female,female,male,1.3175491590016981,1.3216076857789947,-0.004058526777296567
RACESURV5j_W43,gender,Male,Female,0.22961236500000037,Q4,inferred,,Inferred from name,Female,female,male,0.4435134644186438,0.3656290242499998,0.07788444016864399
RACESURV5l_W43,gender,Male,Female,0.05098356999999992,Q2,inferred,,Inferred from name,Female,female,male,1.7009640391466978,1.7028589723677614,-0.0018949332210635994
RACESURV9_W43,gender,Male,Female,0.03926082291635377,Q1,inferred,,Inferred from name,Female,female,male,0.34356769898605255,0.3305822489981164,0.01298544998793616
INFOCHALa_W45,gender,Male,Female,0.03795334000000006,Q1,inferred,,Inferred from name,Female,female,male,0.48264840000004905,0.48264872600002273,-3.2599997368265576e-07
INFOCREATEa_W45,gender,Male,Female,0.05709233000000008,Q2,inferred,,Inferred from name,Female,female,male,0.5589329824666868,0.5559623224868295,0.0029706599798572375
MADEUPOFT_W45,gender,Male,Female,0.04444798721064824,Q1,inferred,,Inferred from name,Female,female,male,0.24534351324711642,0.36661537590992355,-0.12127186266280712
MADEUPTOPICb_W45,gender,Male,Female,0.0890950039346936,Q2,inferred,,Inferred from name,Female,female,male,0.3934375925663385,0.39345184656612886,-1.4253999790381222e-05
MADEUPTOPICc_W45,gender,Male,Female,0.027596199999999987,Q1,inferred,,Inferred from name,Female,female,male,1.1386896025247881,1.139441849521544,-0.000752246996755801
MADEUPTOPICd_W45,gender,Male,Female,0.03863299999999986,Q1,inferred,,Inferred from name,Female,female,male,0.8972280510099271,0.897348025501959,-0.00011997449203193788
NEWSPROBd_W45,gender,Male,Female,0.08714294354044466,Q2,inferred,,Inferred from name,Female,female,male,0.5575587639761171,0.5355536101347322,0.022005153841384906
NEWSPROBe_W45,gender,Male,Female,0.15316941846830595,Q3,inferred,,Inferred from name,Female,female,male,0.7380679502089683,0.8422821966677114,-0.10421424645874311
NEWS_PLATFORMg_W45,gender,Male,Female,0.33846166999999994,Q4,inferred,,Inferred from name,Female,female,male,0.7745425259868938,0.6372775729422027,0.1372649530446911
SMLIKESb_W45,gender,Male,Female,0.07929549000000011,Q2,inferred,,Inferred from name,Female,female,male,0.9686483769987569,0.9686405624973574,7.814501399527884e-06
SMLIKESf_W45,gender,Male,Female,0.08494851429121053,Q2,inferred,,Inferred from name,Female,female,male,0.5682451227640992,0.5669622402420811,0.0012828825220181361
BENEFITGOV_W49,gender,Male,Female,0.11859591472785132,Q3,inferred,,Inferred from name,Female,female,male,0.7806060159191945,1.344970967972223,-0.5643649520530285
CONCERNCO_W49,gender,Male,Female,0.08561430922256785,Q2,inferred,,Inferred from name,Female,female,male,0.6138523391607037,0.5676874458691069,0.04616489329159679
CONCERNGRPa_W49,gender,Male,Female,0.16055866000000005,Q3,inferred,,Inferred from name,Female,female,male,0.5826993312063141,0.5972160705776042,-0.014516739371290055
CONCERNGRPc_W49,gender,Male,Female,0.08414832999999988,Q2,inferred,,Inferred from name,Female,female,male,0.5121290613366579,0.5357216202585179,-0.023592558921859963
CONTROLCO_W49,gender,Male,Female,0.07627402999999994,Q2,inferred,,Inferred from name,Female,female,male,0.36313903979533546,0.4117814659913656,-0.04864242619603015
CONTROLGRPc_W49,gender,Male,Female,0.05065947999999994,Q2,inferred,,Inferred from name,Female,female,male,0.6878976374963588,0.6843491905294279,0.003548446966930907
DATAUSEd_W49,gender,Male,Female,0.004765759999999952,Q1,inferred,,Inferred from name,Female,female,male,0.46385195149988,0.4638519209998997,3.049998031912082e-08
FACE3c_W49,gender,Male,Female,0.137226434471903,Q3,inferred,,Inferred from name,Female,female,male,1.0278025972793623,1.0277786577792307,2.3939500131575642e-05
GOVREGV1_W49,gender,Male,Female,0.008784411579158935,Q1,inferred,,Inferred from name,Female,female,male,0.1666909237499531,0.16668580174977532,5.122000177770758e-06
HOMEASSIST2_W49,gender,Male,Female,0.171142,Q3,inferred,,Inferred from name,Female,female,male,0.5994999785511095,0.6008669841798833,-0.0013670056287737875
HOMEASSIST3_W49,gender,Male,Female,0.2802847500000001,Q4,inferred,,Inferred from name,Female,female,male,0.5929464851299412,0.5884193896596085,0.004527095470332698
HOMEASSIST4_W49,gender,Male,Female,0.09587896573054283,Q2,inferred,,Inferred from name,Female,female,male,1.3306348635168428,1.3305342745263569,0.00010058899048592806
PP5e_W49,gender,Male,Female,0.2019253093742297,Q4,inferred,,Inferred from name,Female,female,male,0.5860995974478215,0.5921867305177968,-0.006087133069975326
PWMAN2_W49,gender,Male,Female,0.13037337962233558,Q3,inferred,,Inferred from name,Female,female,male,1.5309596572940545,1.4786396998938591,0.05231995740019535
SMARTAPP_W49,gender,Male,Female,0.039681709999999926,Q1,inferred,,Inferred from name,Female,female,male,0.48331694947346193,0.5031169755349999,-0.019800026061537968
TRACKCO1a_W49,gender,Male,Female,0.09255436641540321,Q2,inferred,,Inferred from name,Female,female,male,0.39752889771210603,0.5592076154882858,-0.16167871777617976
TRACKCO1b_W49,gender,Male,Female,0.03862227784112483,Q1,inferred,,Inferred from name,Female,female,male,0.9171846831267492,1.00898525539514,-0.09180057226839078
TRACKGOV1a_W49,gender,Male,Female,0.10515747894842492,Q3,inferred,,Inferred from name,Female,female,male,1.0135041423654523,1.0134990478645913,5.094500860947093e-06
TRACKGOV1b_W49,gender,Male,Female,0.05625022000000003,Q2,inferred,,Inferred from name,Female,female,male,0.6561003357159458,0.8066175054362912,-0.15051716972034535
COHABDUR_W50,gender,Male,Female,0.17356132000000007,Q3,inferred,,Inferred from name,Female,female,male,1.657569059234377,1.6644338202379276,-0.006864761003550601
DNA2b_W50,gender,Male,Female,0.016939800000000005,Q1,inferred,,Inferred from name,Female,female,male,0.3288529826396543,0.34180631155597263,-0.01295332891631834
DNA5_W50,gender,Male,Female,0.009774499999999992,Q1,inferred,,Inferred from name,Female,female,male,0.13807248148218473,0.14262413699791984,-0.004551655515735109
E5MOD_W50,gender,Male,Female,0.27398521000000003,Q4,inferred,,Inferred from name,Female,female,male,0.47306598305431236,0.4009721583709195,0.07209382468339287
FAMSURV10c_W50,gender,Male,Female,0.05715171999999996,Q2,inferred,,Inferred from name,Female,female,male,0.6648687294264758,0.6785754326747644,-0.013706703248288599
FAMSURV16_W50,gender,Male,Female,0.11924572999999997,Q3,inferred,,Inferred from name,Female,female,male,0.20435928566752454,0.23669005135398985,-0.03233076568646531
FAMSURV1_W50,gender,Male,Female,0.21597343640658967,Q4,inferred,,Inferred from name,Female,female,male,0.4870529394239486,0.284566674716115,0.2024862647078336
FAMSURV20_W50,gender,Male,Female,0.020492129999999997,Q1,inferred,,Inferred from name,Female,female,male,0.017025225156843737,0.05161646320994956,-0.03459123805310582
FAMSURV23b_W50,gender,Male,Female,0.10510920475666008,Q3,inferred,,Inferred from name,Female,female,male,0.4748625567433403,0.47421270873680066,0.0006498480065396661
FAMSURV23c_W50,gender,Male,Female,0.06097360000000002,Q2,inferred,,Inferred from name,Female,female,male,0.2905369654963947,0.2906171814993777,-8.021600298302456e-05
FAMSURV23d_W50,gender,Male,Female,0.14412306377336404,Q3,inferred,,Inferred from name,Female,female,male,0.3090815675752442,0.2745931822782033,0.0344883852970409
FAMSURV23e_W50,gender,Male,Female,0.03838267991657429,Q1,inferred,,Inferred from name,Female,female,male,0.8894944064681098,0.7853899804780745,0.10410442599003533
FAMSURV23f_W50,gender,Male,Female,0.06135833327432888,Q2,inferred,,Inferred from name,Female,female,male,0.8237909860383187,0.7918893090890087,0.03190167694931001
FAMSURV23g_W50,gender,Male,Female,0.013841239999999977,Q1,inferred,,Inferred from name,Female,female,male,0.6983928789968685,0.6985130085000001,-0.00012012950313156079
FAMSURV26a_W50,gender,Male,Female,0.26498575,Q4,inferred,,Inferred from name,Female,female,male,0.40266496867509416,0.4432359345593092,-0.04057096588421505
FAMSURV26b_W50,gender,Male,Female,0.13517267000000008,Q3,inferred,,Inferred from name,Female,female,male,0.7130630326483964,0.7916827700754914,-0.07861973742709494
FAMSURV26c_W50,gender,Male,Female,0.06832285000000002,Q2,inferred,,Inferred from name,Female,female,male,0.4061550001653974,0.449319067553947,-0.04316406738854961
FAMSURV26d_W50,gender,Male,Female,0.08434988999999996,Q2,inferred,,Inferred from name,Female,female,male,0.6803558577992705,0.7575813863389949,-0.07722552853972431
FAMSURV29_W50,gender,Male,Female,0.08180861377468811,Q2,inferred,,Inferred from name,Female,female,male,0.6088160662780122,0.7707777221686853,-0.16196165589067313
FAMSURV2Ma_W50,gender,Male,Female,0.04682557999999998,Q1,inferred,,Inferred from name,Female,female,male,0.43791428250000564,0.43791504949999527,-7.669999896320334e-07
FAMSURV2Mc_W50,gender,Male,Female,0.07746805873095702,Q2,inferred,,Inferred from name,Female,female,male,0.40909344190903196,0.40909704190900353,-3.5999999715707887e-06
FAMSURV2Wa_W50,gender,Male,Female,0.08852090941295879,Q2,inferred,,Inferred from name,Female,female,male,0.46780418250001427,0.4678035145000016,6.680000126380037e-07
FAMSURV2Wc_W50,gender,Male,Female,0.01841592999999994,Q1,inferred,,Inferred from name,Female,female,male,0.4314930579999841,0.4314927249999859,3.3299999818714454e-07
FAMSURV32e_W50,gender,Male,Female,0.27551677,Q4,inferred,,Inferred from name,Female,female,male,0.7667107035357501,0.8061705476953948,-0.03945984415964465
FAMSURV39_W50,gender,Male,Female,0.3642067200000001,Q4,inferred,,Inferred from name,Female,female,male,0.6035338697378281,0.6716428255080668,-0.06810895577023868
FAMSURV3_W50,gender,Male,Female,0.028785000000000283,Q1,inferred,,Inferred from name,Female,female,male,0.23301768627163266,0.17371173135356188,0.05930595491807078
FAMSURV40_W50,gender,Male,Female,0.05875561734592116,Q2,inferred,,Inferred from name,Female,female,male,1.3073407930634855,1.3235639000895256,-0.01622310702604013
FAMSURV43_W50,gender,Male,Female,0.21327697822678515,Q4,inferred,,Inferred from name,Female,female,male,0.5330528570306816,0.5476839362732301,-0.014631079242548473
FAMSURV44_W50,gender,Male,Female,0.02461490480150219,Q1,inferred,,Inferred from name,Female,female,male,0.7947042842354934,0.483957443715059,0.31074684052043444
FAMSURV6_W50,gender,Male,Female,0.02325439848263272,Q1,inferred,,Inferred from name,Female,female,male,0.6714206957747549,0.7169735961083977,-0.04555290033364279
FAMSURV9c_W50,gender,Male,Female,0.0516569870585713,Q2,inferred,,Inferred from name,Female,female,male,0.6937618768287614,0.6474990213251388,0.046262855503622635
FATHER_W50,gender,Male,Female,0.023445969999999983,Q1,inferred,,Inferred from name,Female,female,male,0.5222993304421742,0.5199282685528809,0.002371061889293369
HAVEKIDS1_W50,gender,Male,Female,0.23070763276539047,Q4,inferred,,Inferred from name,Female,female,male,1.0566821714544663,0.924869472877053,0.1318126985774133
MARRDUR_W50,gender,Male,Female,0.061115499999999906,Q2,inferred,,Inferred from name,Female,female,male,0.7511943162285937,1.2356382386042601,-0.48444392237566647
MARRYPREF1_W50,gender,Male,Female,0.04678201500000001,Q1,inferred,,Inferred from name,Female,female,male,0.33981086956605355,0.34265271802626396,-0.0028418484602104055
MARRYPREF2_W50,gender,Male,Female,0.036061584999999965,Q1,inferred,,Inferred from name,Female,female,male,0.3163301676910456,0.31903402202228115,-0.0027038543312355445
MOTHER_W50,gender,Male,Female,0.023015459999999988,Q1,inferred,,Inferred from name,Female,female,male,0.3996041084772566,0.40139325347691723,-0.0017891449996606523
PAR1_W50,gender,Male,Female,0.026656018894076344,Q1,inferred,,Inferred from name,Female,female,male,0.18291130910528783,0.18391028391203765,-0.0009989748067498194
PAR2_W50,gender,Male,Female,0.046118685000000104,Q1,inferred,,Inferred from name,Female,female,male,0.16932769454748933,0.1714076302451039,-0.0020799356976145544
ROMRELDUR_W50,gender,Male,Female,0.71349173,Q4,inferred,,Inferred from name,Female,female,male,2.86079690810401,2.857681496788664,0.003115411315345984
ROMRELSER_W50,gender,Male,Female,0.11141464000000012,Q3,inferred,,Inferred from name,Female,female,male,0.1930568756759391,0.16351734071641566,0.02953953495952344
SATLIFEc_W50,gender,Male,Female,0.10872400353748612,Q3,inferred,,Inferred from name,Female,female,male,1.0764491689725428,0.9592695404775788,0.117179628494964
ECIMPg_W54,gender,Male,Female,0.02782285561331138,Q1,inferred,,Inferred from name,Female,female,male,0.09037775334621728,0.09037756084621307,1.925000042146685e-07
ECON1_W54,gender,Male,Female,0.2252770899999999,Q4,inferred,,Inferred from name,Female,female,male,0.5855293375459418,0.6240257967135485,-0.03849645916760669
ECON3_d_W54,gender,Male,Female,0.1388237099999996,Q3,inferred,,Inferred from name,Female,female,male,0.7554798327683219,0.7624395805861265,-0.006959747817804618
ECON4_a_W54,gender,Male,Female,0.02896168008290645,Q1,inferred,,Inferred from name,Female,female,male,0.8217237773336641,0.8330658367095807,-0.011342059375916591
ECON4_b_W54,gender,Male,Female,0.05641669151764103,Q2,inferred,,Inferred from name,Female,female,male,0.8481106225162004,0.8480768015157318,3.382100046855907e-05
ECON4_e_W54,gender,Male,Female,0.046581679534183185,Q1,inferred,,Inferred from name,Female,female,male,0.6364911146207834,0.5552481434020485,0.08124297121873492
ECON4_f_W54,gender,Male,Female,0.20061898999999989,Q3,inferred,,Inferred from name,Female,female,male,0.8386863486297245,0.9142750963386009,-0.07558874770887647
ECON4_g_W54,gender,Male,Female,0.11209588000000009,Q3,inferred,,Inferred from name,Female,female,male,0.7174294613592631,0.9533895962672208,-0.23596013490795764
ECON5_b_W54,gender,Male,Female,0.11549129458815305,Q3,inferred,,Inferred from name,Female,female,male,0.4716121813905694,0.5004107149472004,-0.02879853355663098
ECON5_c_W54,gender,Male,Female,0.2105049130582974,Q4,inferred,,Inferred from name,Female,female,male,0.6524767018664792,0.6628964651940492,-0.010419763327569997
ECON5_d_W54,gender,Male,Female,0.2804633799999999,Q4,inferred,,Inferred from name,Female,female,male,0.6646572073255375,0.521991126485428,0.14266608084010945
ECON5_e_W54,gender,Male,Female,0.31881676906753403,Q4,inferred,,Inferred from name,Female,female,male,0.7122574532991962,0.7159789386039158,-0.0037214853047196073
ECON5_f_W54,gender,Male,Female,0.18944139234868923,Q3,inferred,,Inferred from name,Female,female,male,0.6992997658099422,0.7015319705552363,-0.002232204745294064
ECON5_g_W54,gender,Male,Female,0.15456912668131,Q3,inferred,,Inferred from name,Female,female,male,0.6245750409095538,0.6334831984048743,-0.008908157495320479
ECON5_h_W54,gender,Male,Female,0.23702203669295097,Q4,inferred,,Inferred from name,Female,female,male,1.1195176017594968,0.8618645353847574,0.2576530663747394
ECON5_i_W54,gender,Male,Female,0.19137758256370208,Q3,inferred,,Inferred from name,Female,female,male,0.7697917149633849,0.7698830882054184,-9.137324203345454e-05
ECON5_j_W54,gender,Male,Female,0.2323359884449129,Q4,inferred,,Inferred from name,Female,female,male,0.4829266581728749,0.5918658054288775,-0.10893914725600257
ECON5_k_W54,gender,Male,Female,0.1859557028217574,Q3,inferred,,Inferred from name,Female,female,male,0.6301328235516087,0.3510323669829596,0.2791004565686491
FIN_SIT_W54,gender,Male,Female,0.12731273999999976,Q3,inferred,,Inferred from name,Female,female,male,0.6290618607640001,0.6252396265311553,0.003822234232844779
GOVPRIORITYb_W54,gender,Male,Female,0.06117451052005263,Q2,inferred,,Inferred from name,Female,female,male,0.6411991960669288,0.6190517528416353,0.022147443225293495
GOVPRIORITYc_W54,gender,Male,Female,0.22557244045525887,Q4,inferred,,Inferred from name,Female,female,male,0.728900246000056,0.7289002390000464,7.0000095719890965e-09
GOVPRIORITYd_W54,gender,Male,Female,0.18207081086346794,Q3,inferred,,Inferred from name,Female,female,male,0.7315804980000998,0.7315804510000813,4.700001854374136e-08
GOVPRIORITYf_W54,gender,Male,Female,0.28371221999999996,Q4,inferred,,Inferred from name,Female,female,male,0.442105915000095,0.4421058205000731,9.450002191879747e-08
INEQ11_W54,gender,Male,Female,0.04863418,Q2,inferred,,Inferred from name,Female,female,male,0.0560493919910112,0.07098743051063847,-0.014938038519627266
INEQ1_W54,gender,Male,Female,0.04012140999999997,Q1,inferred,,Inferred from name,Female,female,male,0.27500533975004937,0.2750023967499724,2.943000076971458e-06
INEQ4_a_W54,gender,Male,Female,0.029559046082531792,Q1,inferred,,Inferred from name,Female,female,male,0.04281103085345539,0.34146180325087855,-0.29865077239742316
INEQ5_a_W54,gender,Male,Female,0.052611177810458376,Q2,inferred,,Inferred from name,Female,female,male,0.6440607333210672,0.6574876025630444,-0.013426869241977224
INEQ5_d_W54,gender,Male,Female,0.10840343000000016,Q3,inferred,,Inferred from name,Female,female,male,0.969580005577669,0.9157715600837562,0.05380844549391284
INEQ5_e_W54,gender,Male,Female,0.15952633000000016,Q3,inferred,,Inferred from name,Female,female,male,0.5429974504999997,0.5298132684673602,0.013184182032639491
INEQ5_f_W54,gender,Male,Female,0.07016332065988096,Q2,inferred,,Inferred from name,Female,female,male,0.7848253111012968,0.7765437624420242,0.008281548659272664
INEQ5_h_W54,gender,Male,Female,0.12520612125206082,Q3,inferred,,Inferred from name,Female,female,male,0.6778793502796118,0.677892730279788,-1.338000017625518e-05
INEQ5_i_W54,gender,Male,Female,0.11129823065558264,Q3,inferred,,Inferred from name,Female,female,male,0.34401232045780256,0.41604870293364166,-0.0720363824758391
INEQ5_k_W54,gender,Male,Female,0.34042167999999984,Q4,inferred,,Inferred from name,Female,female,male,0.4470927071517106,0.4329460802775126,0.014146626874198043
INEQ5_l_W54,gender,Male,Female,0.16451407999999956,Q3,inferred,,Inferred from name,Female,female,male,1.0103493889982709,1.0104299124994434,-8.052350117249141e-05
INEQ5_m_W54,gender,Male,Female,0.14434331471164027,Q3,inferred,,Inferred from name,Female,female,male,0.9675089354996106,0.9675157710000479,-6.835500437341047e-06
INEQ8_a_W54,gender,Male,Female,0.3439817089904118,Q4,inferred,,Inferred from name,Female,female,male,0.7899678515984015,0.7900296470998944,-6.179550149287838e-05
INEQ8_b_W54,gender,Male,Female,0.2858902599999999,Q4,inferred,,Inferred from name,Female,female,male,0.8566966724994923,0.8567639394989813,-6.726699948900183e-05
INEQ8_c_W54,gender,Male,Female,0.21648916999999995,Q4,inferred,,Inferred from name,Female,female,male,0.7692218830185211,0.7854711948742691,-0.01624931185574796
INEQ8_d_W54,gender,Male,Female,0.18334063149198226,Q3,inferred,,Inferred from name,Female,female,male,0.846618977497854,0.8466108254983139,8.151999540073618e-06
INEQ8_f_W54,gender,Male,Female,0.2644248673557509,Q4,inferred,,Inferred from name,Female,female,male,0.7949993900485578,0.7950292805479243,-2.9890499366524992e-05
INEQ8_g_W54,gender,Male,Female,0.31028845000000044,Q4,inferred,,Inferred from name,Female,female,male,0.7800773749979767,0.7801630409993144,-8.566600133774749e-05
INEQ8_h_W54,gender,Male,Female,0.09468767000000006,Q2,inferred,,Inferred from name,Female,female,male,1.7150380543594261,1.7138627154578043,0.001175338901621803
INEQ8_i_W54,gender,Male,Female,0.25788718096981006,Q4,inferred,,Inferred from name,Female,female,male,0.7940647410454639,0.7948720950512793,-0.0008073540058154416
INEQ8_j_W54,gender,Male,Female,0.1331158724543251,Q3,inferred,,Inferred from name,Female,female,male,0.7500451510275856,0.7495267505960823,0.0005184004315033075
JOBTRAIN_W54,gender,Male,Female,0.06659402681446214,Q2,inferred,,Inferred from name,Female,female,male,0.6148506730000304,0.6148506264999851,4.650004525874607e-08
WORRY2a_W54,gender,Male,Female,0.29536992309606447,Q4,inferred,,Inferred from name,Female,female,male,1.782950643323046,2.094730128298538,-0.31177948497549224
WORRY2b_W54,gender,Male,Female,0.0500831199999997,Q2,inferred,,Inferred from name,Female,female,male,1.517896905945066,1.5362871026904708,-0.018390196745404763
WORRY2c_W54,gender,Male,Female,0.2860444599999997,Q4,inferred,,Inferred from name,Female,female,male,2.2226179972988,2.2930520911112633,-0.07043409381246324
WORRY2d_W54,gender,Male,Female,0.23277234000000008,Q4,inferred,,Inferred from name,Female,female,male,0.773632706651753,1.347087747708863,-0.57345504105711
WORRY2e_W54,gender,Male,Female,0.2034415200000002,Q4,inferred,,Inferred from name,Female,female,male,0.5282538462255573,1.130938913138505,-0.6026850669129478
GAP21Q10_W82,gender,Male,Female,0.09454133000000003,Q2,inferred,,Inferred from name,Female,female,male,0.38248643437166124,0.3729602872714344,0.009526147100226867
GAP21Q13_b_W82,gender,Male,Female,0.06816994999999965,Q2,inferred,,Inferred from name,Female,female,male,0.5304607415125756,0.49992597752578727,0.030534763986788338
GAP21Q15_a_W82,gender,Male,Female,0.07914293949092285,Q2,inferred,,Inferred from name,Female,female,male,0.9987439674356029,1.0074292515,-0.00868528406439717
GAP21Q15_b_W82,gender,Male,Female,0.21808846781911534,Q4,inferred,,Inferred from name,Female,female,male,0.43590615716807507,0.5490946851677513,-0.11318852799967621
GAP21Q15_c_W82,gender,Male,Female,0.28354408601074105,Q4,inferred,,Inferred from name,Female,female,male,0.8396500412781356,0.8511857666515004,-0.01153572537336478
GAP21Q15_d_W82,gender,Male,Female,0.5500155696106831,Q4,inferred,,Inferred from name,Female,female,male,0.629787419977539,0.5997115096716511,0.030075910305887854
GAP21Q15_e_W82,gender,Male,Female,0.39555962,Q4,inferred,,Inferred from name,Female,female,male,0.5736247756623547,0.5853985340057695,-0.011773758343414764
GAP21Q15_f_W82,gender,Male,Female,0.3464202878711833,Q4,inferred,,Inferred from name,Female,female,male,0.6908197229242973,0.6932542600151393,-0.0024345370908420705
GAP21Q17_W82,gender,Male,Female,0.021092094975975556,Q1,inferred,,Inferred from name,Female,female,male,0.32957053034375405,0.17025049425953304,0.15932003608422102
GAP21Q19_a_W82,gender,Male,Female,0.1687133899999998,Q3,inferred,,Inferred from name,Female,female,male,0.9077677864996301,0.9077816490042708,-1.386250464074923e-05
GAP21Q19_b_W82,gender,Male,Female,0.18415995624969864,Q3,inferred,,Inferred from name,Female,female,male,0.579538967428639,0.5811559844482073,-0.0016170170195682898
GAP21Q19_c_W82,gender,Male,Female,0.08093224000000002,Q2,inferred,,Inferred from name,Female,female,male,0.6204149119897819,0.620685747997026,-0.00027083600724409074
GAP21Q19_d_W82,gender,Male,Female,0.07342411283848743,Q2,inferred,,Inferred from name,Female,female,male,0.6221774898619666,0.6297425882940185,-0.007565098432051887
GAP21Q19_e_W82,gender,Male,Female,0.06550835000000012,Q2,inferred,,Inferred from name,Female,female,male,0.46425309127796655,0.4768926501618951,-0.012639558883928537
GAP21Q21_a_W82,gender,Male,Female,0.06904514000000006,Q2,inferred,,Inferred from name,Female,female,male,0.601885193999041,0.6018017639916867,8.343000735422379e-05
GAP21Q21_e_W82,gender,Male,Female,0.042297278590347875,Q1,inferred,,Inferred from name,Female,female,male,0.27506645083121556,0.21238264640086876,0.0626838044303468
GAP21Q23_W82,gender,Male,Female,0.27279068999999995,Q4,inferred,,Inferred from name,Female,female,male,0.7463848354999225,0.7463846479999169,1.8750000563283464e-07
GAP21Q24_W82,gender,Male,Female,0.26397637263976403,Q4,inferred,,Inferred from name,Female,female,male,0.7253210704548535,0.7319780258692218,-0.006656955414368282
GAP21Q25_W82,gender,Male,Female,0.19732262999999994,Q3,inferred,,Inferred from name,Female,female,male,0.5963103994527938,0.5963624355117403,-5.203605894643637e-05
GAP21Q26_a_W82,gender,Male,Female,0.04364785000000007,Q1,inferred,,Inferred from name,Female,female,male,0.7027162334987689,0.7027084864940322,7.747004736713414e-06
GAP21Q26_b_W82,gender,Male,Female,0.2310850299999998,Q4,inferred,,Inferred from name,Female,female,male,0.6995558568007685,0.7345760931192001,-0.03502023631843165
GAP21Q26_c_W82,gender,Male,Female,0.25789748,Q4,inferred,,Inferred from name,Female,female,male,0.6296259416284857,0.6189939112209553,0.010632030407530468
GAP21Q27_W82,gender,Male,Female,0.07446033499999996,Q2,inferred,,Inferred from name,Female,female,male,0.3981646306849725,0.45698598214246755,-0.058821351457495064
GAP21Q28_W82,gender,Male,Female,0.20259235891186606,Q4,inferred,,Inferred from name,Female,female,male,0.42374759479414426,0.5540738318597407,-0.13032623706559643
GAP21Q31_W82,gender,Male,Female,0.05318709377027614,Q2,inferred,,Inferred from name,Female,female,male,0.6257801077435325,0.6257961042429495,-1.5996499416970344e-05
GAP21Q32_W82,gender,Male,Female,0.07001485177051037,Q2,inferred,,Inferred from name,Female,female,male,0.7503429889976859,0.7502604144982652,8.257449942072892e-05
GAP21Q33_c_W82,gender,Male,Female,0.18879181000000012,Q3,inferred,,Inferred from name,Female,female,male,0.48482705850842756,0.484881070033386,-5.4011524958430535e-05
GAP21Q33_g_W82,gender,Male,Female,0.05896153245486513,Q2,inferred,,Inferred from name,Female,female,male,0.5438494055193356,0.5441328625367889,-0.00028345701745335905
GAP21Q33_i_W82,gender,Male,Female,0.13071255701423146,Q3,inferred,,Inferred from name,Female,female,male,0.2180715163841656,0.16534172068265435,0.05272979570151126
GAP21Q33_j_W82,gender,Male,Female,0.13320436866795649,Q3,inferred,,Inferred from name,Female,female,male,0.675983213235408,0.6760141747361633,-3.096150075532211e-05
GAP21Q33_m_W82,gender,Male,Female,0.04943564269964307,Q2,inferred,,Inferred from name,Female,female,male,0.26809462076670276,0.26883818325024467,-0.0007435624835419041
GAP21Q33_n_W82,gender,Male,Female,0.05272684999999988,Q2,inferred,,Inferred from name,Female,female,male,0.46180526210502965,0.4399051271332049,0.021900134971824747
GAP21Q33_q_W82,gender,Male,Female,0.11141683440628836,Q3,inferred,,Inferred from name,Female,female,male,0.45720102900001325,0.4571976870001493,3.341999863959444e-06
GAP21Q33_r_W82,gender,Male,Female,0.10192354000000009,Q2,inferred,,Inferred from name,Female,female,male,0.534120015978818,0.4882250082929502,0.045895007685867795
GAP21Q33_s_W82,gender,Male,Female,0.15327339,Q3,inferred,,Inferred from name,Female,female,male,0.44336827646627663,0.43445779134921736,0.008910485117059275
GAP21Q34_a_W82,gender,Male,Female,0.17369216,Q3,inferred,,Inferred from name,Female,female,male,0.8542303659997106,0.8542576690000712,-2.7303000360578977e-05
GAP21Q34_b_W82,gender,Male,Female,0.10878701696967741,Q3,inferred,,Inferred from name,Female,female,male,0.8621583281400973,0.863514861650196,-0.0013565335100986786
GAP21Q34_c_W82,gender,Male,Female,0.18668487446548154,Q3,inferred,,Inferred from name,Female,female,male,0.8815410189999374,0.8815501579998021,-9.138999864655162e-06
GAP21Q34_d_W82,gender,Male,Female,0.17973027684400406,Q3,inferred,,Inferred from name,Female,female,male,0.8055186489416005,0.8063413529327376,-0.0008227039911370415
GAP21Q34_e_W82,gender,Male,Female,0.07148483000000022,Q2,inferred,,Inferred from name,Female,female,male,0.8563735950617077,0.8643495054619059,-0.007975910400198183
GAP21Q34_f_W82,gender,Male,Female,0.24139017999999998,Q4,inferred,,Inferred from name,Female,female,male,0.847274851499962,0.8472800130000109,-5.161500048922463e-06
GAP21Q38_a_W82,gender,Male,Female,0.048156689999999946,Q1,inferred,,Inferred from name,Female,female,male,0.4722571976612636,0.4912206539269002,-0.018963456265636558
GAP21Q38_b_W82,gender,Male,Female,0.23966909022740818,Q4,inferred,,Inferred from name,Female,female,male,0.6728148017288675,0.6728388192284468,-2.4017499579254142e-05
GAP21Q38_c_W82,gender,Male,Female,0.22729678000000003,Q4,inferred,,Inferred from name,Female,female,male,0.7397817840607959,0.7414299979719462,-0.0016482139111503313
GAP21Q41_W82,gender,Male,Female,0.03198325999999996,Q1,inferred,,Inferred from name,Female,female,male,0.4866813089984971,0.48649388701222324,0.0001874219862738613
GAP21Q43_g_W82,gender,Male,Female,0.03316609655897468,Q1,inferred,,Inferred from name,Female,female,male,0.7209354332097014,0.7209370042095684,-1.5709998669732883e-06
GAP21Q47_W82,gender,Male,Female,0.10006967000000008,Q2,inferred,,Inferred from name,Female,female,male,1.5676394555336366,1.5662075409670397,0.0014319145665968591
GAP21Q4_a_W82,gender,Male,Female,0.07938632090416531,Q2,inferred,,Inferred from name,Female,female,male,0.4102240540055615,0.43093697526788705,-0.020712921262325545
GAP21Q4_b_W82,gender,Male,Female,0.09442529320955798,Q2,inferred,,Inferred from name,Female,female,male,0.5019102871294335,0.509568972168169,-0.007658685038735458
GAP21Q4_c_W82,gender,Male,Female,0.13723250000000015,Q3,inferred,,Inferred from name,Female,female,male,0.49765418834370906,0.4972627407442256,0.0003914475994834521
GAP21Q4_d_W82,gender,Male,Female,0.08506263085062646,Q2,inferred,,Inferred from name,Female,female,male,0.5168004467045462,0.5172875376513517,-0.0004870909468055462
GAP21Q4_e_W82,gender,Male,Female,0.15572533498145436,Q3,inferred,,Inferred from name,Female,female,male,0.6127862304895735,0.600403485172162,0.012382745317411459
GAP21Q4_f_W82,gender,Male,Female,0.09322893296078623,Q2,inferred,,Inferred from name,Female,female,male,0.5276257665534989,0.5532342920659924,-0.025608525512493485
GAP21Q7_a_W82,gender,Male,Female,0.11842099999999992,Q3,inferred,,Inferred from name,Female,female,male,0.7391259060076406,0.7405316205012074,-0.0014057144935667454
GAP21Q7_b_W82,gender,Male,Female,0.16463198,Q3,inferred,,Inferred from name,Female,female,male,0.3828901137396361,0.5611312230501907,-0.1782411093105546
GAP21Q7_d_W82,gender,Male,Female,0.20628504000000003,Q4,inferred,,Inferred from name,Female,female,male,0.3555408042800766,0.2485959493709463,0.1069448549091303
BILLION_W92,gender,Male,Female,0.03243360499999996,Q1,inferred,,Inferred from name,Female,female,male,0.20320772524253083,0.20314847974875522,5.924549377561705e-05
CANDEXP_W92,gender,Male,Female,0.29232839,Q4,inferred,,Inferred from name,Female,female,male,0.6841669574981566,0.6844262940018034,-0.00025933650364684535
ELECT_CONF3_PRVFR_W92,gender,Male,Female,0.08782188999999999,Q2,inferred,,Inferred from name,Female,female,male,0.7279822595361864,0.6882432767900273,0.03973898274615917
ELECT_CONF3_PRVSUP_W92,gender,Male,Female,0.06453428000000005,Q2,inferred,,Inferred from name,Female,female,male,0.652058321642599,0.6512545495850467,0.0008037720575523322
ELECT_IMPT3_PRVFR_W92,gender,Male,Female,0.16333067446952998,Q3,inferred,,Inferred from name,Female,female,male,0.7163031209995899,0.7163319039995883,-2.8782999998422376e-05
FREECOLL_W92,gender,Male,Female,0.290702660872672,Q4,inferred,,Inferred from name,Female,female,male,0.6574886291626758,0.776159125697273,-0.11867049653459716
GODMORALIMP_W92,gender,Male,Female,0.13317172000000005,Q3,inferred,,Inferred from name,Female,female,male,0.887335680999975,0.8873353995000016,2.8149997333137833e-07
LEGALIMMIGAMT_W92,gender,Male,Female,0.06515514000000006,Q2,inferred,,Inferred from name,Female,female,male,0.5185937562639652,0.5752305587029725,-0.05663680243900726
POLINTOL2_a_W92,gender,Male,Female,0.12545939000000011,Q3,inferred,,Inferred from name,Female,female,male,0.7912563989545269,0.7906250709501075,0.0006313280044194514
PROG_RNEED_W92,gender,Male,Female,0.16466549000000008,Q3,inferred,,Inferred from name,Female,female,male,0.5692139904999791,0.5692141064999857,-1.1600000660028087e-07
RACESURV52MOD_W92,gender,Male,Female,0.04937860000000002,Q2,inferred,,Inferred from name,Female,female,male,0.8849455136196879,0.8851718945579169,-0.0002263809382290205
REPRSNTDEM_W92,gender,Male,Female,0.23158630768413693,Q4,inferred,,Inferred from name,Female,female,male,0.6087074550598349,0.6696121626381667,-0.060904707578331774
REPRSNTREP_W92,gender,Male,Female,0.01793080371712208,Q1,inferred,,Inferred from name,Female,female,male,0.8039831997273862,0.8107607431076075,-0.006777543380221296
SOCIETY_GUNS_W92,gender,Male,Female,0.31497433999999996,Q4,inferred,,Inferred from name,Female,female,male,1.2642301277252226,1.1377881207272467,0.12644200699797592
SOCIETY_RELG_W92,gender,Male,Female,0.11702045999999994,Q3,inferred,,Inferred from name,Female,female,male,0.8922316585147616,0.89168261599218,0.0005490425225815887
SOCIETY_RHIST_W92,gender,Male,Female,0.09548701000000004,Q2,inferred,,Inferred from name,Female,female,male,1.1024944970396222,1.110091249377684,-0.007596752338061785
SOCIETY_SSM_W92,gender,Male,Female,0.1730479819429035,Q3,inferred,,Inferred from name,Female,female,male,1.7981456396403006,1.7621112192519073,0.03603442038839333
SOCIETY_TRANS_W92,gender,Male,Female,0.23333714020527968,Q4,inferred,,Inferred from name,Female,female,male,1.7825536808794338,1.7806160446646841,0.0019376362147496273
SOCIETY_WHT_W92,gender,Male,Female,0.04618119619803708,Q1,inferred,,Inferred from name,Female,female,male,0.5529920090000856,0.5529902880003486,1.7209997370537522e-06
UNIMMIGCOMM_W92,gender,Male,Female,0.0862578738654468,Q2,inferred,,Inferred from name,Female,female,male,0.7844227350569989,0.7874857899063828,-0.0030630548493839616
USEXCEPT_W92,gender,Male,Female,0.10425302952094354,Q2,inferred,,Inferred from name,Female,female,male,0.4731217137674919,0.4729335127655066,0.00018820100198529977
USMILSIZ_W92,gender,Male,Female,0.11738720999999977,Q3,inferred,,Inferred from name,Female,female,male,0.8626316819115424,0.7598844294303548,0.10274725248118755
WHADVANT_W92,gender,Male,Female,0.2486703699999998,Q4,inferred,,Inferred from name,Female,female,male,1.0665790195000002,0.8595114783481064,0.20706754115189385
