qkey,attribute,channel,magnitude,regime,model_class,own_human_group,predicted_human_group,n_tied_nearest,correct,correct_in_tie,fractional_credit,nearest_distance
CARRYGUN_W26,gender,inferred,,Inferred from name,male,Male,Female,1,False,False,0.0,0.9073165160731833
CARRYGUN_W26,gender,inferred,,Inferred from name,female,Female,Female,1,True,True,1.0,0.9072999575729472
GROWUPGUN2A_W26,gender,inferred,,Inferred from name,male,Male,Male,1,True,True,1.0,0.36809375210352213
GROWUPGUN2A_W26,gender,inferred,,Inferred from name,female,Female,Male,1,False,False,0.0,0.3706974484720018
GROWUPGUN2B_W26,gender,inferred,,Inferred from name,male,Male,Male,1,True,True,1.0,0.2898090985397378
GROWUPGUN2B_W26,gender,inferred,,Inferred from name,female,Female,Male,1,False,False,0.0,0.2790188306592716
GROWUPGUN2C_W26,gender,inferred,,Inferred from name,male,Male,Male,1,True,True,1.0,0.4682085361612489
GROWUPGUN2C_W26,gender,inferred,,Inferred from name,female,Female,Male,1,False,False,0.0,0.4700513381099737
GROWUPGUN4_W26,gender,inferred,,Inferred from name,male,Male,Male,1,True,True,1.0,0.5375840124956899
GROWUPGUN4_W26,gender,inferred,,Inferred from name,female,Female,Male,1,False,False,0.0,0.536950121505571
GROWUPGUN6_W26,gender,inferred,,Inferred from name,male,Male,Female,1,False,False,0.0,0.44300678491829415
GROWUPGUN6_W26,gender,inferred,,Inferred from name,female,Female,Female,1,True,True,1.0,0.5307922241620968
GROWUPGUN7_W26,gender,inferred,,Inferred from name,male,Male,Female,1,False,False,0.0,0.42334714012436775
GROWUPGUN7_W26,gender,inferred,,Inferred from name,female,Female,Female,1,True,True,1.0,0.6016995327826808
GROWUPVIOL_W26,gender,inferred,,Inferred from name,male,Male,Male,1,True,True,1.0,2.2696277417047246
GROWUPVIOL_W26,gender,inferred,,Inferred from name,female,Female,Male,1,False,False,0.0,2.1927024242817756
GUNACCESS_W26,gender,inferred,,Inferred from name,male,Male,Female,1,False,False,0.0,1.4600722919998783
GUNACCESS_W26,gender,inferred,,Inferred from name,female,Female,Female,1,True,True,1.0,1.460071393000041
GUNACTIVITYA_W26,gender,inferred,,Inferred from name,male,Male,Male,1,True,True,1.0,0.6172469697361316
GUNACTIVITYA_W26,gender,inferred,,Inferred from name,female,Female,Male,1,False,False,0.0,0.47025785519500646
GUNACTIVITYB_W26,gender,inferred,,Inferred from name,male,Male,Male,1,True,True,1.0,0.4335887297807156
GUNACTIVITYB_W26,gender,inferred,,Inferred from name,female,Female,Male,1,False,False,0.0,0.3680985714016328
GUNCONTRIBA_W26,gender,inferred,,Inferred from name,male,Male,Female,1,False,False,0.0,0.5149193766365968
GUNCONTRIBA_W26,gender,inferred,,Inferred from name,female,Female,Female,1,True,True,1.0,0.5819175387619477
GUNCONTRIBC_W26,gender,inferred,,Inferred from name,male,Male,Female,1,False,False,0.0,0.73450491701832
GUNCONTRIBC_W26,gender,inferred,,Inferred from name,female,Female,Female,1,True,True,1.0,0.7391518520058391
GUNCONTRIBE_W26,gender,inferred,,Inferred from name,male,Male,Male,1,True,True,1.0,0.8746240487553381
GUNCONTRIBE_W26,gender,inferred,,Inferred from name,female,Female,Male,1,False,False,0.0,0.8743882117432232
GUNCONTRIBF_W26,gender,inferred,,Inferred from name,male,Male,Male,1,True,True,1.0,0.566869872829633
GUNCONTRIBF_W26,gender,inferred,,Inferred from name,female,Female,Male,1,False,False,0.0,0.5669005613290885
GUNFRIEND_W26,gender,inferred,,Inferred from name,male,Male,Female,1,False,False,0.0,1.851227670014529
GUNFRIEND_W26,gender,inferred,,Inferred from name,female,Female,Female,1,True,True,1.0,1.8522181629895798
GUNIDENTITY_W26,gender,inferred,,Inferred from name,male,Male,Female,1,False,False,0.0,0.9211441024995872
GUNIDENTITY_W26,gender,inferred,,Inferred from name,female,Female,Female,1,True,True,1.0,0.9201759100421536
GUNLOADED1_W26,gender,inferred,,Inferred from name,male,Male,Female,1,False,False,0.0,0.5871528574980905
GUNLOADED1_W26,gender,inferred,,Inferred from name,female,Female,Female,1,True,True,1.0,0.5871061364982427
GUNLOADED2_W26,gender,inferred,,Inferred from name,male,Male,Male,1,True,True,1.0,0.3233907605073618
GUNLOADED2_W26,gender,inferred,,Inferred from name,female,Female,Male,1,False,False,0.0,0.320506323517623
GUNLOCKED1_W26,gender,inferred,,Inferred from name,male,Male,Male,1,True,True,1.0,0.45586114904404446
GUNLOCKED1_W26,gender,inferred,,Inferred from name,female,Female,Male,1,False,False,0.0,0.49042739016886205
GUNLOCKED2_W26,gender,inferred,,Inferred from name,male,Male,Female,1,False,False,0.0,0.5587314480973433
GUNLOCKED2_W26,gender,inferred,,Inferred from name,female,Female,Female,1,True,True,1.0,0.5570537765258923
GUNRESPKIDSD_W26,gender,inferred,,Inferred from name,male,Male,Male,1,True,True,1.0,1.606808076999794
GUNRESPKIDSD_W26,gender,inferred,,Inferred from name,female,Female,Male,1,False,False,0.0,1.6068044529996055
GUNRESPKIDSE_W26,gender,inferred,,Inferred from name,male,Male,Female,1,False,False,0.0,0.7282100877820684
GUNRESPKIDSE_W26,gender,inferred,,Inferred from name,female,Female,Female,1,True,True,1.0,0.7282099067821284
GUNRESPNOKIDSA_W26,gender,inferred,,Inferred from name,male,Male,Female,1,False,False,0.0,0.5007841790088128
GUNRESPNOKIDSA_W26,gender,inferred,,Inferred from name,female,Female,Female,1,True,True,1.0,0.5007811700088396
GUNRESPNOKIDSB_W26,gender,inferred,,Inferred from name,male,Male,Female,1,False,False,0.0,0.5354106465593511
GUNRESPNOKIDSB_W26,gender,inferred,,Inferred from name,female,Female,Female,1,True,True,1.0,0.4943296435276773
GUNRESPNOKIDSC_W26,gender,inferred,,Inferred from name,male,Male,Female,1,False,False,0.0,0.3596625451019979
GUNRESPNOKIDSC_W26,gender,inferred,,Inferred from name,female,Female,Female,1,True,True,1.0,0.359653507106921
GUNRESPNOKIDSD_W26,gender,inferred,,Inferred from name,male,Male,Female,1,False,False,0.0,1.5998162379965724
GUNRESPNOKIDSD_W26,gender,inferred,,Inferred from name,female,Female,Female,1,True,True,1.0,1.599734089988171
GUNRESPNOKIDSE_W26,gender,inferred,,Inferred from name,male,Male,Female,1,False,False,0.0,0.7440458875002978
GUNRESPNOKIDSE_W26,gender,inferred,,Inferred from name,female,Female,Female,1,True,True,1.0,0.7440445225004974
GUNRESPNOKIDSF_W26,gender,inferred,,Inferred from name,male,Male,Female,1,False,False,0.0,0.7508105408382635
GUNRESPNOKIDSF_W26,gender,inferred,,Inferred from name,female,Female,Female,1,True,True,1.0,0.7553319462637934
GUNSAFETYKIDS_W26,gender,inferred,,Inferred from name,male,Male,Male,1,True,True,1.0,0.473555324680871
GUNSAFETYKIDS_W26,gender,inferred,,Inferred from name,female,Female,Male,1,False,False,0.0,0.4494800215859541
GUNSAFE_W26,gender,inferred,,Inferred from name,male,Male,Female,1,False,False,0.0,0.02858404195753428
GUNSAFE_W26,gender,inferred,,Inferred from name,female,Female,Female,1,True,True,1.0,0.13748832381032378
GUNTYPEOWNC_W26,gender,inferred,,Inferred from name,male,Male,Female,1,False,False,0.0,0.8279498849811315
GUNTYPEOWNC_W26,gender,inferred,,Inferred from name,female,Female,Female,1,True,True,1.0,0.8288378460086359
NOCARRYGUN_W26,gender,inferred,,Inferred from name,male,Male,Male,1,True,True,1.0,0.5628551868352746
NOCARRYGUN_W26,gender,inferred,,Inferred from name,female,Female,Male,1,False,False,0.0,0.5227230914038796
REASONGUNA_W26,gender,inferred,,Inferred from name,male,Male,Female,1,False,False,0.0,0.3642946575014985
REASONGUNA_W26,gender,inferred,,Inferred from name,female,Female,Female,1,True,True,1.0,0.3643399299987551
REASONGUNB_W26,gender,inferred,,Inferred from name,male,Male,Male,1,True,True,1.0,0.8942289689431078
REASONGUNB_W26,gender,inferred,,Inferred from name,female,Female,Male,1,False,False,0.0,0.8942288869434851
REASONGUNC_W26,gender,inferred,,Inferred from name,male,Male,Male,1,True,True,1.0,0.8949728051000259
REASONGUNC_W26,gender,inferred,,Inferred from name,female,Female,Male,1,False,False,0.0,0.893100082659472
REASONGUND_W26,gender,inferred,,Inferred from name,male,Male,Female,1,False,False,0.0,0.47453536450816713
REASONGUND_W26,gender,inferred,,Inferred from name,female,Female,Female,1,True,True,1.0,0.4750344634972775
REASONGUNE_W26,gender,inferred,,Inferred from name,male,Male,Male,1,True,True,1.0,1.7327718785068833
REASONGUNE_W26,gender,inferred,,Inferred from name,female,Female,Male,1,False,False,0.0,1.284487151227621
SHOOTFREQ_W26,gender,inferred,,Inferred from name,male,Male,Female,1,False,False,0.0,0.6707432455136324
SHOOTFREQ_W26,gender,inferred,,Inferred from name,female,Female,Female,1,True,True,1.0,0.6726445195024102
WORRYB_W26,gender,inferred,,Inferred from name,male,Male,Male,1,True,True,1.0,0.5404570068962335
WORRYB_W26,gender,inferred,,Inferred from name,female,Female,Male,1,False,False,0.0,0.586297239985178
WORRYD_W26,gender,inferred,,Inferred from name,male,Male,Female,1,False,False,0.0,0.3601190046871644
WORRYD_W26,gender,inferred,,Inferred from name,female,Female,Female,1,True,True,1.0,0.5069719954429008
WORRYE_W26,gender,inferred,,Inferred from name,male,Male,Male,1,True,True,1.0,0.15358577497685516
WORRYE_W26,gender,inferred,,Inferred from name,female,Female,Female,1,True,True,1.0,0.15303294327184686
WORRYF_W26,gender,inferred,,Inferred from name,male,Male,Female,1,False,False,0.0,0.09192648937738465
WORRYF_W26,gender,inferred,,Inferred from name,female,Female,Female,1,True,True,1.0,0.1116546845872802
BOYSF1B_W29,gender,inferred,,Inferred from name,male,Male,Male,1,True,True,1.0,0.3306823035057582
BOYSF1B_W29,gender,inferred,,Inferred from name,female,Female,Male,1,False,False,0.0,0.3307480672451736
FAVORS_CPS_W29,gender,inferred,,Inferred from name,male,Male,Female,1,False,False,0.0,0.8357598564538733
FAVORS_CPS_W29,gender,inferred,,Inferred from name,female,Female,Female,1,True,True,1.0,0.6964357258557907
GIRLSF2C_W29,gender,inferred,,Inferred from name,male,Male,Male,1,True,True,1.0,0.2909573807505929
GIRLSF2C_W29,gender,inferred,,Inferred from name,female,Female,Male,1,False,False,0.0,0.2909710760004256
GIRLSF2D_W29,gender,inferred,,Inferred from name,male,Male,Male,1,True,True,1.0,0.2219487277500393
GIRLSF2D_W29,gender,inferred,,Inferred from name,female,Female,Male,1,False,False,0.0,0.22195127125004777
GOPDIRCT_W29,gender,inferred,,Inferred from name,male,Male,Female,1,False,False,0.0,0.4381642526693542
GOPDIRCT_W29,gender,inferred,,Inferred from name,female,Female,Female,1,True,True,1.0,0.40768604931154695
HOOD_NHISB_W29,gender,inferred,,Inferred from name,male,Male,Male,1,True,True,1.0,0.4901893668259997
HOOD_NHISB_W29,gender,inferred,,Inferred from name,female,Female,Male,1,False,False,0.0,0.47531395254427355
LOCALELECT_W29,gender,inferred,,Inferred from name,male,Male,Female,1,False,False,0.0,0.942973126447082
LOCALELECT_W29,gender,inferred,,Inferred from name,female,Female,Female,1,True,True,1.0,0.9420531375558303
MAN1A_W29,gender,inferred,,Inferred from name,male,Male,Male,1,True,True,1.0,0.6001917895
MAN1A_W29,gender,inferred,,Inferred from name,female,Female,Male,1,False,False,0.0,0.6002553790003661
MAN1B_W29,gender,inferred,,Inferred from name,male,Male,Male,1,True,True,1.0,0.9621960545000922
MAN1B_W29,gender,inferred,,Inferred from name,female,Female,Male,1,False,False,0.0,0.9621995634988909
MAN1C_W29,gender,inferred,,Inferred from name,male,Male,Male,1,True,True,1.0,0.7870989452946506
MAN1C_W29,gender,inferred,,Inferred from name,female,Female,Male,1,False,False,0.0,0.9073592776052678
MAN1D_W29,gender,inferred,,Inferred from name,male,Male,Male,1,True,True,1.0,0.5955216786176915
MAN1D_W29,gender,inferred,,Inferred from name,female,Female,Male,1,False,False,0.0,0.6820425343674669
MAN1E_W29,gender,inferred,,Inferred from name,male,Male,Female,1,False,False,0.0,0.1549937545730763
MAN1E_W29,gender,inferred,,Inferred from name,female,Female,Male,1,False,False,0.0,0.45190697513996847
MASC2_W29,gender,inferred,,Inferred from name,male,Male,Male,1,True,True,1.0,0.22835152648202203
MASC2_W29,gender,inferred,,Inferred from name,female,Female,Female,1,True,True,1.0,0.9052968345473517
S12_W29,gender,inferred,,Inferred from name,male,Male,Male,1,True,True,1.0,0.6576237781035502
S12_W29,gender,inferred,,Inferred from name,female,Female,Male,1,False,False,0.0,0.5872057819072546
S13_W29,gender,inferred,,Inferred from name,male,Male,Female,1,False,False,0.0,0.7423754919073053
S13_W29,gender,inferred,,Inferred from name,female,Female,Female,1,True,True,1.0,0.7696379405064563
SEENMASC_W29,gender,inferred,,Inferred from name,male,Male,Male,1,True,True,1.0,0.7167217545052452
SEENMASC_W29,gender,inferred,,Inferred from name,female,Female,Male,1,False,False,0.0,0.7140376319696986
TALK_CPS_W29,gender,inferred,,Inferred from name,male,Male,Female,1,False,False,0.0,2.3501333540386256
TALK_CPS_W29,gender,inferred,,Inferred from name,female,Female,Female,1,True,True,1.0,2.3889808047742784
WORRYBILL_W29,gender,inferred,,Inferred from name,male,Male,Male,1,True,True,1.0,0.6093194673739477
WORRYBILL_W29,gender,inferred,,Inferred from name,female,Female,Male,1,False,False,0.0,0.16126530270565662
CLASS_W32,gender,inferred,,Inferred from name,male,Male,Male,1,True,True,1.0,0.6375549354971038
CLASS_W32,gender,inferred,,Inferred from name,female,Female,Male,1,False,False,0.0,0.6378595239993341
COMMIMPA_W32,gender,inferred,,Inferred from name,male,Male,Female,1,False,False,0.0,1.0963698530016626
COMMIMPA_W32,gender,inferred,,Inferred from name,female,Female,Female,1,True,True,1.0,1.0973919635111953
COMMIMPB_W32,gender,inferred,,Inferred from name,male,Male,Female,1,False,False,0.0,0.5610483274974118
COMMIMPB_W32,gender,inferred,,Inferred from name,female,Female,Female,1,True,True,1.0,0.5610766019997095
COMMIMPC_W32,gender,inferred,,Inferred from name,male,Male,Female,1,False,False,0.0,1.1644656088010379
COMMIMPC_W32,gender,inferred,,Inferred from name,female,Female,Female,1,True,True,1.0,1.1787859598043327
COMMIMPF_W32,gender,inferred,,Inferred from name,male,Male,Female,1,False,False,0.0,0.7473764281580272
COMMIMPF_W32,gender,inferred,,Inferred from name,female,Female,Female,1,True,True,1.0,0.7684058199225176
COMMIMPG_W32,gender,inferred,,Inferred from name,male,Male,Female,1,False,False,0.0,0.9062295619681293
COMMIMPG_W32,gender,inferred,,Inferred from name,female,Female,Female,1,True,True,1.0,0.9076984885031211
COMMIMPH_W32,gender,inferred,,Inferred from name,male,Male,Male,1,True,True,1.0,0.7058199599355995
COMMIMPH_W32,gender,inferred,,Inferred from name,female,Female,Male,1,False,False,0.0,0.6922091078715948
COMMYRS_W32,gender,inferred,,Inferred from name,male,Male,Male,1,True,True,1.0,0.4263278824676913
COMMYRS_W32,gender,inferred,,Inferred from name,female,Female,Female,1,True,True,1.0,0.9887378661126215
ETHNCMAJ_W32,gender,inferred,,Inferred from name,male,Male,Female,1,False,False,0.0,0.19479649174994598
ETHNCMAJ_W32,gender,inferred,,Inferred from name,female,Female,Female,1,True,True,1.0,0.19479673974976064
GAYMARR2_W32,gender,inferred,,Inferred from name,male,Male,Female,1,False,False,0.0,1.248499545122863
GAYMARR2_W32,gender,inferred,,Inferred from name,female,Female,Female,1,True,True,1.0,1.2715000976202813
HARASS2F1_W32,gender,inferred,,Inferred from name,male,Male,Male,1,True,True,1.0,0.45269042624998795
HARASS2F1_W32,gender,inferred,,Inferred from name,female,Female,Male,1,False,False,0.0,0.45269028949998474
IMMIMPACT_W32,gender,inferred,,Inferred from name,male,Male,Female,1,False,False,0.0,0.3265895742476606
IMMIMPACT_W32,gender,inferred,,Inferred from name,female,Female,Female,1,True,True,1.0,0.32682938050057686
MOVERURAL_W32,gender,inferred,,Inferred from name,male,Male,Female,1,False,False,0.0,0.43189420555401653
MOVERURAL_W32,gender,inferred,,Inferred from name,female,Female,Female,1,True,True,1.0,0.4318587748255445
MOVESUBURB_W32,gender,inferred,,Inferred from name,male,Male,Female,1,False,False,0.0,0.41780975797113773
MOVESUBURB_W32,gender,inferred,,Inferred from name,female,Female,Male,1,False,False,0.0,0.4152057247522356
MOVEURBAN_W32,gender,inferred,,Inferred from name,male,Male,Male,1,True,True,1.0,0.31504435566047684
MOVEURBAN_W32,gender,inferred,,Inferred from name,female,Female,Male,1,False,False,0.0,0.3256058542374509
NEIGHINTERA_W32,gender,inferred,,Inferred from name,male,Male,Female,1,False,False,0.0,1.4187241252196385
NEIGHINTERA_W32,gender,inferred,,Inferred from name,female,Female,Female,1,True,True,1.0,1.6089664270596422
NEIGHINTERB_W32,gender,inferred,,Inferred from name,male,Male,Male,1,True,True,1.0,0.9830842250309938
NEIGHINTERB_W32,gender,inferred,,Inferred from name,female,Female,Male,1,False,False,0.0,0.9796602598580929
NEIGHKIDS_W32,gender,inferred,,Inferred from name,male,Male,Female,1,False,False,0.0,0.24717859320955365
NEIGHKIDS_W32,gender,inferred,,Inferred from name,female,Female,Female,1,True,True,1.0,0.1980575784404953
NEIGHSAMEA_W32,gender,inferred,,Inferred from name,male,Male,Male,1,True,True,1.0,2.1966050976782383
NEIGHSAMEA_W32,gender,inferred,,Inferred from name,female,Female,Male,1,False,False,0.0,2.1737131272114287
SATLIFED_W32,gender,inferred,,Inferred from name,male,Male,Female,1,False,False,0.0,0.7456473442077571
SATLIFED_W32,gender,inferred,,Inferred from name,female,Female,Female,1,True,True,1.0,0.7239693914408261
SOCTRUST2_W32,gender,inferred,,Inferred from name,male,Male,Male,1,True,True,1.0,0.42618750652979265
SOCTRUST2_W32,gender,inferred,,Inferred from name,female,Female,Male,1,False,False,0.0,0.4282318814985159
VALUERURAL_W32,gender,inferred,,Inferred from name,male,Male,Female,1,False,False,0.0,0.8241220535558816
VALUERURAL_W32,gender,inferred,,Inferred from name,female,Female,Female,1,True,True,1.0,0.8305205999272693
WHADVANT_W32,gender,inferred,,Inferred from name,male,Male,Female,1,False,False,0.0,0.7280189454363012
WHADVANT_W32,gender,inferred,,Inferred from name,female,Female,Female,1,True,True,1.0,0.7660229245810595
WILLMOVE_W32,gender,inferred,,Inferred from name,male,Male,Female,1,False,False,0.0,0.21653383709479418
WILLMOVE_W32,gender,inferred,,Inferred from name,female,Female,Male,1,False,False,0.0,0.3263059191921983
EAT1_W34,gender,inferred,,Inferred from name,male,Male,Female,1,False,False,0.0,0.24689497776531372
EAT1_W34,gender,inferred,,Inferred from name,female,Female,Female,1,True,True,1.0,0.28958467887034567
EAT2_W34,gender,inferred,,Inferred from name,male,Male,Male,1,True,True,1.0,0.6674854094727671
EAT2_W34,gender,inferred,,Inferred from name,female,Female,Male,1,False,False,0.0,0.7153595523838908
EAT5B_W34,gender,inferred,,Inferred from name,male,Male,Female,1,False,False,0.0,0.5561291145001682
EAT5B_W34,gender,inferred,,Inferred from name,female,Female,Female,1,True,True,1.0,0.5561301590000665
EAT5C_W34,gender,inferred,,Inferred from name,male,Male,Female,1,False,False,0.0,0.5154988868885595
EAT5C_W34,gender,inferred,,Inferred from name,female,Female,Female,1,True,True,1.0,0.5104371974483676
EAT5D_W34,gender,inferred,,Inferred from name,male,Male,Female,1,False,False,0.0,0.4819411291340596
EAT5D_W34,gender,inferred,,Inferred from name,female,Female,Female,1,True,True,1.0,0.48122607407718865
EVOBIOA_W34,gender,inferred,,Inferred from name,male,Male,Male,1,True,True,1.0,0.15728841649993874
EVOBIOA_W34,gender,inferred,,Inferred from name,female,Female,Male,1,False,False,0.0,0.15728843799994996
EVOBIOB_W34,gender,inferred,,Inferred from name,male,Male,Female,1,False,False,0.0,0.3455715674999922
EVOBIOB_W34,gender,inferred,,Inferred from name,female,Female,Female,1,True,True,1.0,0.3455717064999958
EVOPERS3_W34,gender,inferred,,Inferred from name,male,Male,Male,1,True,True,1.0,0.8154118625000273
EVOPERS3_W34,gender,inferred,,Inferred from name,female,Female,Male,1,False,False,0.0,0.8154110380000253
EVOTHREE_W34,gender,inferred,,Inferred from name,male,Male,Male,1,True,True,1.0,0.3651125731302747
EVOTHREE_W34,gender,inferred,,Inferred from name,female,Female,Male,1,False,False,0.0,0.3616591462960663
FUD22_W34,gender,inferred,,Inferred from name,male,Male,Male,1,True,True,1.0,0.8372210349946537
FUD22_W34,gender,inferred,,Inferred from name,female,Female,Male,1,False,False,0.0,0.8374374459994609
FUD24_W34,gender,inferred,,Inferred from name,male,Male,Female,1,False,False,0.0,0.21207773861948376
FUD24_W34,gender,inferred,,Inferred from name,female,Female,Female,1,True,True,1.0,0.23737880898704117
FUD33B_W34,gender,inferred,,Inferred from name,male,Male,Female,1,False,False,0.0,0.19699914927989043
FUD33B_W34,gender,inferred,,Inferred from name,female,Female,Female,1,True,True,1.0,0.1969965567798053
FUD35_W34,gender,inferred,,Inferred from name,male,Male,Female,1,False,False,0.0,0.6199406261338333
FUD35_W34,gender,inferred,,Inferred from name,female,Female,Female,1,True,True,1.0,0.6181316164503432
FUD37A_W34,gender,inferred,,Inferred from name,male,Male,Male,1,True,True,1.0,0.6611861730001017
FUD37A_W34,gender,inferred,,Inferred from name,female,Female,Male,1,False,False,0.0,0.6611482170003237
FUD37B_W34,gender,inferred,,Inferred from name,male,Male,Male,1,True,True,1.0,0.7914551974209887
FUD37B_W34,gender,inferred,,Inferred from name,female,Female,Male,1,False,False,0.0,0.7917776759131284
FUD37C_W34,gender,inferred,,Inferred from name,male,Male,Female,1,False,False,0.0,0.6556468129424157
FUD37C_W34,gender,inferred,,Inferred from name,female,Female,Female,1,True,True,1.0,0.6555954064430972
BETTERBIZ1F2D_W36,gender,inferred,,Inferred from name,male,Male,Female,1,False,False,0.0,0.17150725646508458
BETTERBIZ1F2D_W36,gender,inferred,,Inferred from name,female,Female,Female,1,True,True,1.0,0.17150729871507658
BETTERBIZ1F2E_W36,gender,inferred,,Inferred from name,male,Male,Female,1,False,False,0.0,0.24490021074996043
BETTERBIZ1F2E_W36,gender,inferred,,Inferred from name,female,Female,Female,1,True,True,1.0,0.2449004192500122
BETTERBIZ1F2H_W36,gender,inferred,,Inferred from name,male,Male,Male,1,True,True,1.0,0.1793075327500004
BETTERBIZ1F2H_W36,gender,inferred,,Inferred from name,female,Female,Male,1,False,False,0.0,0.17930754374999722
BETTERBIZ2F2C_W36,gender,inferred,,Inferred from name,male,Male,Male,1,True,True,1.0,0.13595495900000867
BETTERBIZ2F2C_W36,gender,inferred,,Inferred from name,female,Female,Male,1,False,False,0.0,0.13595500474999228
BETTERBIZ2F2E_W36,gender,inferred,,Inferred from name,male,Male,Female,1,False,False,0.0,0.13664968850000347
BETTERBIZ2F2E_W36,gender,inferred,,Inferred from name,female,Female,Female,1,True,True,1.0,0.13664970075000918
BETTERBIZ2F2F_W36,gender,inferred,,Inferred from name,male,Male,Female,1,False,False,0.0,0.2293541764999963
BETTERBIZ2F2F_W36,gender,inferred,,Inferred from name,female,Female,Female,1,True,True,1.0,0.22935415750001648
BETTERPOL1F1B_W36,gender,inferred,,Inferred from name,male,Male,Male,1,True,True,1.0,0.280683078999998
BETTERPOL1F1B_W36,gender,inferred,,Inferred from name,female,Female,Male,1,False,False,0.0,0.28068308324999974
BETTERPOL1F1E_W36,gender,inferred,,Inferred from name,male,Male,Female,1,False,False,0.0,0.22469127275000342
BETTERPOL1F1E_W36,gender,inferred,,Inferred from name,female,Female,Female,1,True,True,1.0,0.2246913269999839
BETTERPOL1F1I_W36,gender,inferred,,Inferred from name,male,Male,Female,1,False,False,0.0,0.2121435127499359
BETTERPOL1F1I_W36,gender,inferred,,Inferred from name,female,Female,Female,1,True,True,1.0,0.2121440572500007
BETTERPOL2F1A_W36,gender,inferred,,Inferred from name,male,Male,Male,1,True,True,1.0,0.13425658534257148
BETTERPOL2F1A_W36,gender,inferred,,Inferred from name,female,Female,Male,1,False,False,0.0,0.13425659309256846
BETTERPOL2F1C_W36,gender,inferred,,Inferred from name,male,Male,Female,1,False,False,0.0,0.1902302687500052
BETTERPOL2F1C_W36,gender,inferred,,Inferred from name,female,Female,Female,1,True,True,1.0,0.19023040375000175
BETTERPOL2F1D_W36,gender,inferred,,Inferred from name,male,Male,Female,1,False,False,0.0,0.1721607554715975
BETTERPOL2F1D_W36,gender,inferred,,Inferred from name,female,Female,Female,1,True,True,1.0,0.17216078247162409
BETTERPOL2F1F_W36,gender,inferred,,Inferred from name,male,Male,Male,1,True,True,1.0,0.2062768809372242
BETTERPOL2F1F_W36,gender,inferred,,Inferred from name,female,Female,Male,1,False,False,0.0,0.20627700793721904
E5_W36,gender,inferred,,Inferred from name,male,Male,Female,1,False,False,0.0,0.616780728052576
E5_W36,gender,inferred,,Inferred from name,female,Female,Female,1,True,True,1.0,0.6234318601257136
ESSENBIZF2E_W36,gender,inferred,,Inferred from name,male,Male,Male,1,True,True,1.0,0.5404982910084873
ESSENBIZF2E_W36,gender,inferred,,Inferred from name,female,Female,Male,1,False,False,0.0,0.5400481315114462
ESSENBIZF2J_W36,gender,inferred,,Inferred from name,male,Male,Female,1,False,False,0.0,0.3332931493381186
ESSENBIZF2J_W36,gender,inferred,,Inferred from name,female,Female,Female,1,True,True,1.0,0.3330541348256407
ESSENPOLF1A_W36,gender,inferred,,Inferred from name,male,Male,Female,1,False,False,0.0,0.11982464849998964
ESSENPOLF1A_W36,gender,inferred,,Inferred from name,female,Female,Female,1,True,True,1.0,0.1198253159999928
ESSENPOLF1B_W36,gender,inferred,,Inferred from name,male,Male,Female,1,False,False,0.0,0.3289941039978209
ESSENPOLF1B_W36,gender,inferred,,Inferred from name,female,Female,Female,1,True,True,1.0,0.3290512044991093
ESSENPOLF1D_W36,gender,inferred,,Inferred from name,male,Male,Female,1,False,False,0.0,0.23651760799948252
ESSENPOLF1D_W36,gender,inferred,,Inferred from name,female,Female,Female,1,True,True,1.0,0.236515798999695
ESSENPOLF1G_W36,gender,inferred,,Inferred from name,male,Male,Male,1,True,True,1.0,0.46316094483811154
ESSENPOLF1G_W36,gender,inferred,,Inferred from name,female,Female,Male,1,False,False,0.0,0.4609819765507638
ESSENPOLF1H_W36,gender,inferred,,Inferred from name,male,Male,Female,1,False,False,0.0,0.28599966699771173
ESSENPOLF1H_W36,gender,inferred,,Inferred from name,female,Female,Female,1,True,True,1.0,0.2860584119987336
HIGHEDWRNGB_W36,gender,inferred,,Inferred from name,male,Male,Male,1,True,True,1.0,0.6194032451014794
HIGHEDWRNGB_W36,gender,inferred,,Inferred from name,female,Female,Male,1,False,False,0.0,0.6227687408957729
HIGHEDWRNGC_W36,gender,inferred,,Inferred from name,male,Male,Male,1,True,True,1.0,0.526529778015815
HIGHEDWRNGC_W36,gender,inferred,,Inferred from name,female,Female,Male,1,False,False,0.0,0.5261207039905016
IMPROVE1_W36,gender,inferred,,Inferred from name,male,Male,Female,1,False,False,0.0,0.7944566072083894
IMPROVE1_W36,gender,inferred,,Inferred from name,female,Female,Female,1,True,True,1.0,0.7909680832005829
IMPROVE2_W36,gender,inferred,,Inferred from name,male,Male,Female,1,False,False,0.0,0.6596307603982748
IMPROVE2_W36,gender,inferred,,Inferred from name,female,Female,Female,1,True,True,1.0,0.6596435629033843
IMPROVE3_W36,gender,inferred,,Inferred from name,male,Male,Female,1,False,False,0.0,0.44205456127230586
IMPROVE3_W36,gender,inferred,,Inferred from name,female,Female,Female,1,True,True,1.0,0.6209771237054417
MOREWMN1F2_W36,gender,inferred,,Inferred from name,male,Male,Female,1,False,False,0.0,0.18022999700001857
MOREWMN1F2_W36,gender,inferred,,Inferred from name,female,Female,Female,1,True,True,1.0,0.1802300324999937
POLCHF1_W36,gender,inferred,,Inferred from name,male,Male,Female,1,False,False,0.0,0.6982396524910417
POLCHF1_W36,gender,inferred,,Inferred from name,female,Female,Female,1,True,True,1.0,0.6983107109912191
TRAITBIZMF2C_W36,gender,inferred,,Inferred from name,male,Male,Male,1,True,True,1.0,0.16081193875000477
TRAITBIZMF2C_W36,gender,inferred,,Inferred from name,female,Female,Male,1,False,False,0.0,0.16081193700000507
TRAITBIZMF2D_W36,gender,inferred,,Inferred from name,male,Male,Male,1,True,True,1.0,0.1961886939999969
TRAITBIZMF2D_W36,gender,inferred,,Inferred from name,female,Female,Male,1,False,False,0.0,0.1961886334999955
TRAITBIZMF2E_W36,gender,inferred,,Inferred from name,male,Male,Male,1,True,True,1.0,0.12497534325024662
TRAITBIZMF2E_W36,gender,inferred,,Inferred from name,female,Female,Male,1,False,False,0.0,0.12497532400023931
TRAITBIZMF2G_W36,gender,inferred,,Inferred from name,male,Male,Female,1,False,False,0.0,0.28878745675000506
TRAITBIZMF2G_W36,gender,inferred,,Inferred from name,female,Female,Female,1,True,True,1.0,0.2887874282500028
TRAITBIZWF2C_W36,gender,inferred,,Inferred from name,male,Male,Male,1,True,True,1.0,0.28185482650000776
TRAITBIZWF2C_W36,gender,inferred,,Inferred from name,female,Female,Male,1,False,False,0.0,0.28185479949999426
TRAITBIZWF2D_W36,gender,inferred,,Inferred from name,male,Male,Male,1,True,True,1.0,0.21753112549999865
TRAITBIZWF2D_W36,gender,inferred,,Inferred from name,female,Female,Male,1,False,False,0.0,0.21753101800000108
TRAITBIZWF2E_W36,gender,inferred,,Inferred from name,male,Male,Male,1,True,True,1.0,0.34176543499999745
TRAITBIZWF2E_W36,gender,inferred,,Inferred from name,female,Female,Male,1,False,False,0.0,0.3417654107499943
TRAITBIZWF2G_W36,gender,inferred,,Inferred from name,male,Male,Female,1,False,False,0.0,0.3892663409999945
TRAITBIZWF2G_W36,gender,inferred,,Inferred from name,female,Female,Female,1,True,True,1.0,0.38926634199998905
TRAITPOLMF1B_W36,gender,inferred,,Inferred from name,male,Male,Female,1,False,False,0.0,0.3149394429999689
TRAITPOLMF1B_W36,gender,inferred,,Inferred from name,female,Female,Female,1,True,True,1.0,0.31489373249930547
TRAITPOLMF1C_W36,gender,inferred,,Inferred from name,male,Male,Female,1,False,False,0.0,0.15213899924948182
TRAITPOLMF1C_W36,gender,inferred,,Inferred from name,female,Female,Female,1,True,True,1.0,0.1521701419996448
TRAITPOLMF1D_W36,gender,inferred,,Inferred from name,male,Male,Female,1,False,False,0.0,0.18144365781443567
TRAITPOLMF1D_W36,gender,inferred,,Inferred from name,female,Female,Female,1,True,True,1.0,0.1814436015644445
TRAITPOLMF1E_W36,gender,inferred,,Inferred from name,male,Male,Male,1,True,True,1.0,0.13416673624975667
TRAITPOLMF1E_W36,gender,inferred,,Inferred from name,female,Female,Male,1,False,False,0.0,0.1332235137605986
TRAITPOLMF1F_W36,gender,inferred,,Inferred from name,male,Male,Male,1,True,True,1.0,0.13360921940697335
TRAITPOLMF1F_W36,gender,inferred,,Inferred from name,female,Female,Male,1,False,False,0.0,0.2865298728181451
TRAITPOLMF1G_W36,gender,inferred,,Inferred from name,male,Male,Male,1,True,True,1.0,0.2445223792500054
TRAITPOLMF1G_W36,gender,inferred,,Inferred from name,female,Female,Male,1,False,False,0.0,0.2445223879999887
TRAITPOLWF1A_W36,gender,inferred,,Inferred from name,male,Male,Male,1,True,True,1.0,0.21645406975001769
TRAITPOLWF1A_W36,gender,inferred,,Inferred from name,female,Female,Male,1,False,False,0.0,0.21645371149995907
TRAITPOLWF1C_W36,gender,inferred,,Inferred from name,male,Male,Male,1,True,True,1.0,0.34882541074994877
TRAITPOLWF1C_W36,gender,inferred,,Inferred from name,female,Female,Male,1,False,False,0.0,0.34881477450001824
TRAITPOLWF1D_W36,gender,inferred,,Inferred from name,male,Male,Female,1,False,False,0.0,0.17986934420130712
TRAITPOLWF1D_W36,gender,inferred,,Inferred from name,female,Female,Female,1,True,True,1.0,0.17986926920130536
TRAITPOLWF1E_W36,gender,inferred,,Inferred from name,male,Male,Male,1,True,True,1.0,0.31170291474999734
TRAITPOLWF1E_W36,gender,inferred,,Inferred from name,female,Female,Male,1,False,False,0.0,0.3117024639999951
TRAITPOLWF1F_W36,gender,inferred,,Inferred from name,male,Male,Male,1,True,True,1.0,0.3120090862488655
TRAITPOLWF1F_W36,gender,inferred,,Inferred from name,female,Female,Male,1,False,False,0.0,0.3120223552495536
TRAITPOLWF1G_W36,gender,inferred,,Inferred from name,male,Male,Male,1,True,True,1.0,0.31802792293026605
TRAITPOLWF1G_W36,gender,inferred,,Inferred from name,female,Female,Male,1,False,False,0.0,0.3180278549302922
WHYNOTBIZF2A_W36,gender,inferred,,Inferred from name,male,Male,Male,1,True,True,1.0,0.2521627678712965
WHYNOTBIZF2A_W36,gender,inferred,,Inferred from name,female,Female,Female,1,True,True,1.0,0.4300627368208123
WHYNOTBIZF2B_W36,gender,inferred,,Inferred from name,male,Male,Female,1,False,False,0.0,0.46964019600000595
WHYNOTBIZF2B_W36,gender,inferred,,Inferred from name,female,Female,Female,1,True,True,1.0,0.4696401955000099
WHYNOTBIZF2D_W36,gender,inferred,,Inferred from name,male,Male,Female,1,False,False,0.0,0.34496519350013777
WHYNOTBIZF2D_W36,gender,inferred,,Inferred from name,female,Female,Female,1,True,True,1.0,0.3449600355000189
WHYNOTBIZF2F_W36,gender,inferred,,Inferred from name,male,Male,Female,1,False,False,0.0,0.3377835255001
WHYNOTBIZF2F_W36,gender,inferred,,Inferred from name,female,Female,Female,1,True,True,1.0,0.33778054599964613
WHYNOTBIZF2G_W36,gender,inferred,,Inferred from name,male,Male,Female,1,False,False,0.0,0.8551204780866083
WHYNOTBIZF2G_W36,gender,inferred,,Inferred from name,female,Female,Female,1,True,True,1.0,0.85797820050105
WHYNOTBIZF2H_W36,gender,inferred,,Inferred from name,male,Male,Male,1,True,True,1.0,1.2031120429773356
WHYNOTBIZF2H_W36,gender,inferred,,Inferred from name,female,Female,Male,1,False,False,0.0,1.1707620687799039
WHYNOTBIZF2J_W36,gender,inferred,,Inferred from name,male,Male,Female,1,False,False,0.0,0.7109411955000291
WHYNOTBIZF2J_W36,gender,inferred,,Inferred from name,female,Female,Female,1,True,True,1.0,0.7109413505000364
WHYNOTBIZF2M_W36,gender,inferred,,Inferred from name,male,Male,Female,1,False,False,0.0,0.6049747469296509
WHYNOTBIZF2M_W36,gender,inferred,,Inferred from name,female,Female,Female,1,True,True,1.0,0.9070934421857828
WHYNOTBIZF2N_W36,gender,inferred,,Inferred from name,male,Male,Female,1,False,False,0.0,1.0138448038615917
WHYNOTBIZF2N_W36,gender,inferred,,Inferred from name,female,Female,Female,1,True,True,1.0,1.0138456418615789
WHYNOTBIZF2O_W36,gender,inferred,,Inferred from name,male,Male,Female,1,False,False,0.0,0.6216914220000086
WHYNOTBIZF2O_W36,gender,inferred,,Inferred from name,female,Female,Female,1,True,True,1.0,0.621691459500012
WHYNOTPOLF1A_W36,gender,inferred,,Inferred from name,male,Male,Male,1,True,True,1.0,0.6029046477527249
WHYNOTPOLF1A_W36,gender,inferred,,Inferred from name,female,Female,Male,1,False,False,0.0,0.6160539617028004
WHYNOTPOLF1B_W36,gender,inferred,,Inferred from name,male,Male,Female,1,False,False,0.0,0.543062687501133
WHYNOTPOLF1B_W36,gender,inferred,,Inferred from name,female,Female,Female,1,True,True,1.0,0.5430706525010697
WHYNOTPOLF1C_W36,gender,inferred,,Inferred from name,male,Male,Male,1,True,True,1.0,0.4258741453724766
WHYNOTPOLF1C_W36,gender,inferred,,Inferred from name,female,Female,Female,1,True,True,1.0,0.281298827266289
WHYNOTPOLF1E_W36,gender,inferred,,Inferred from name,male,Male,Female,1,False,False,0.0,0.5399068764885537
WHYNOTPOLF1E_W36,gender,inferred,,Inferred from name,female,Female,Female,1,True,True,1.0,0.5366162164573534
WHYNOTPOLF1G_W36,gender,inferred,,Inferred from name,male,Male,Female,1,False,False,0.0,0.637076145053544
WHYNOTPOLF1G_W36,gender,inferred,,Inferred from name,female,Female,Female,1,True,True,1.0,0.7368079438128443
WHYNOTPOLF1I_W36,gender,inferred,,Inferred from name,male,Male,Female,1,False,False,0.0,0.546898540639136
WHYNOTPOLF1I_W36,gender,inferred,,Inferred from name,female,Female,Female,1,True,True,1.0,0.5522003405786609
WHYNOTPOLF1J_W36,gender,inferred,,Inferred from name,male,Male,Female,1,False,False,0.0,0.6097340685802156
WHYNOTPOLF1J_W36,gender,inferred,,Inferred from name,female,Female,Female,1,True,True,1.0,0.6110698251370659
WHYNOTPOLF1K_W36,gender,inferred,,Inferred from name,male,Male,Male,1,True,True,1.0,0.6840669993837193
WHYNOTPOLF1K_W36,gender,inferred,,Inferred from name,female,Female,Male,1,False,False,0.0,0.6859361783679825
WHYNOTPOLF1L_W36,gender,inferred,,Inferred from name,male,Male,Female,1,False,False,0.0,0.7162970795047778
WHYNOTPOLF1L_W36,gender,inferred,,Inferred from name,female,Female,Female,1,True,True,1.0,0.7164004905024107
WMNPRZ1_W36,gender,inferred,,Inferred from name,male,Male,Female,1,False,False,0.0,0.2964887893541899
WMNPRZ1_W36,gender,inferred,,Inferred from name,female,Female,Female,1,True,True,1.0,0.19674189821567833
AUTOLKLY_W41,gender,inferred,,Inferred from name,male,Male,Female,1,False,False,0.0,0.8725300777659047
AUTOLKLY_W41,gender,inferred,,Inferred from name,female,Female,Female,1,True,True,1.0,0.8829602691064207
AUTOWKPLC_W41,gender,inferred,,Inferred from name,male,Male,Female,1,False,False,0.0,0.3184814741826949
AUTOWKPLC_W41,gender,inferred,,Inferred from name,female,Female,Female,1,True,True,1.0,0.2985985259151914
ETHNCMAJMOD_W41,gender,inferred,,Inferred from name,male,Male,Female,1,False,False,0.0,0.4356110582548818
ETHNCMAJMOD_W41,gender,inferred,,Inferred from name,female,Female,Female,1,True,True,1.0,0.5716621350778909
FTRWORRYc_W41,gender,inferred,,Inferred from name,male,Male,Female,1,False,False,0.0,0.48909398195885734
FTRWORRYc_W41,gender,inferred,,Inferred from name,female,Female,Female,1,True,True,1.0,0.5378041842298072
FTRWORRYe_W41,gender,inferred,,Inferred from name,male,Male,Male,1,True,True,1.0,0.699900118993362
FTRWORRYe_W41,gender,inferred,,Inferred from name,female,Female,Male,1,False,False,0.0,0.6997861900101296
FTRWORRYf_W41,gender,inferred,,Inferred from name,male,Male,Female,1,False,False,0.0,0.9007928445253024
FTRWORRYf_W41,gender,inferred,,Inferred from name,female,Female,Female,1,True,True,1.0,0.890552767
FUTRCLASSb_W41,gender,inferred,,Inferred from name,male,Male,Female,1,False,False,0.0,0.11691768548261178
FUTRCLASSb_W41,gender,inferred,,Inferred from name,female,Female,Female,1,True,True,1.0,0.1709851649463606
FUTRCLASSc_W41,gender,inferred,,Inferred from name,male,Male,Male,1,True,True,1.0,0.27444320825004415
FUTRCLASSc_W41,gender,inferred,,Inferred from name,female,Female,Male,1,False,False,0.0,0.27444211350002146
FUTR_DIV_W41,gender,inferred,,Inferred from name,male,Male,Female,1,False,False,0.0,0.18664768950246238
FUTR_DIV_W41,gender,inferred,,Inferred from name,female,Female,Female,1,True,True,1.0,0.18699596174586156
GOVPRIOb_W41,gender,inferred,,Inferred from name,male,Male,Female,1,False,False,0.0,0.5337498078375534
GOVPRIOb_W41,gender,inferred,,Inferred from name,female,Female,Female,1,True,True,1.0,0.5337499178375382
GOVPRIOc_W41,gender,inferred,,Inferred from name,male,Male,Female,1,False,False,0.0,0.37738648950000553
GOVPRIOc_W41,gender,inferred,,Inferred from name,female,Female,Female,1,True,True,1.0,0.37738644249997644
GOVPRIOe_W41,gender,inferred,,Inferred from name,male,Male,Female,1,False,False,0.0,0.7545321425000282
GOVPRIOe_W41,gender,inferred,,Inferred from name,female,Female,Female,1,True,True,1.0,0.7545321445000072
GOVPRIOfF1_W41,gender,inferred,,Inferred from name,male,Male,Female,1,False,False,0.0,0.8594229169688038
GOVPRIOfF1_W41,gender,inferred,,Inferred from name,female,Female,Female,1,True,True,1.0,0.8616350839951317
GOVPRIOgF1_W41,gender,inferred,,Inferred from name,male,Male,Female,1,False,False,0.0,0.8011963820228606
GOVPRIOgF1_W41,gender,inferred,,Inferred from name,female,Female,Female,1,True,True,1.0,0.8011352530154552
GOVPRIOhF1_W41,gender,inferred,,Inferred from name,male,Male,Male,1,True,True,1.0,0.6665766760995633
GOVPRIOhF1_W41,gender,inferred,,Inferred from name,female,Female,Male,1,False,False,0.0,0.9215152259368883
GOVPRIOiF1_W41,gender,inferred,,Inferred from name,male,Male,Male,1,True,True,1.0,0.7410097060000679
GOVPRIOiF1_W41,gender,inferred,,Inferred from name,female,Female,Male,1,False,False,0.0,0.7410095915000802
GOVPRIOjF1_W41,gender,inferred,,Inferred from name,male,Male,Female,1,False,False,0.0,0.6638993474937935
GOVPRIOjF1_W41,gender,inferred,,Inferred from name,female,Female,Female,1,True,True,1.0,0.6634477475119824
GOVPRIOkF2_W41,gender,inferred,,Inferred from name,male,Male,Female,1,False,False,0.0,0.40272112695416107
GOVPRIOkF2_W41,gender,inferred,,Inferred from name,female,Female,Male,1,False,False,0.0,0.4194477970614618
GOVPRIOlF2_W41,gender,inferred,,Inferred from name,male,Male,Female,1,False,False,0.0,1.3539416955
GOVPRIOlF2_W41,gender,inferred,,Inferred from name,female,Female,Female,1,True,True,1.0,1.3540354640016194
GOVPRIOmF2_W41,gender,inferred,,Inferred from name,male,Male,Female,1,False,False,0.0,0.5908795719693646
GOVPRIOmF2_W41,gender,inferred,,Inferred from name,female,Female,Female,1,True,True,1.0,0.6086747114185224
GOVPRIOnF2_W41,gender,inferred,,Inferred from name,male,Male,Female,1,False,False,0.0,1.6562356910588694
GOVPRIOnF2_W41,gender,inferred,,Inferred from name,female,Female,Female,1,True,True,1.0,1.6563852255501263
GOVPRIOoF2_W41,gender,inferred,,Inferred from name,male,Male,Female,1,False,False,0.0,0.7722711282772405
GOVPRIOoF2_W41,gender,inferred,,Inferred from name,female,Female,Female,1,True,True,1.0,0.7722712542772251
HAPPEN2b_W41,gender,inferred,,Inferred from name,male,Male,Female,1,False,False,0.0,0.5100991008988793
HAPPEN2b_W41,gender,inferred,,Inferred from name,female,Female,Female,1,True,True,1.0,0.5100586988972886
HAPPEN2f_W41,gender,inferred,,Inferred from name,male,Male,Male,1,True,True,1.0,0.5079827839194417
HAPPEN2f_W41,gender,inferred,,Inferred from name,female,Female,Male,1,False,False,0.0,0.5079853589197332
HARASS1F1b_W41,gender,inferred,,Inferred from name,male,Male,Male,1,True,True,1.0,0.5967570742956345
HARASS1F1b_W41,gender,inferred,,Inferred from name,female,Female,Male,1,False,False,0.0,0.6025769858835952
HARASS1F1d_W41,gender,inferred,,Inferred from name,male,Male,Female,1,False,False,0.0,0.4005508444999707
HARASS1F1d_W41,gender,inferred,,Inferred from name,female,Female,Female,1,True,True,1.0,0.4005508514999473
HARASS1NOWRKF2d_W41,gender,inferred,,Inferred from name,male,Male,Female,1,False,False,0.0,0.34588266149997504
HARASS1NOWRKF2d_W41,gender,inferred,,Inferred from name,female,Female,Female,1,True,True,1.0,0.34588253399999236
HARASS3NOWRKF2_W41,gender,inferred,,Inferred from name,male,Male,Female,1,False,False,0.0,0.2383822632805493
HARASS3NOWRKF2_W41,gender,inferred,,Inferred from name,female,Female,Female,1,True,True,1.0,0.2382234459212943
INTRMAR_W41,gender,inferred,,Inferred from name,male,Male,Female,1,False,False,0.0,0.6322577629234993
INTRMAR_W41,gender,inferred,,Inferred from name,female,Female,Female,1,True,True,1.0,0.6322763741753306
LEGALIMG_W41,gender,inferred,,Inferred from name,male,Male,Female,1,False,False,0.0,0.25938382762958084
LEGALIMG_W41,gender,inferred,,Inferred from name,female,Female,Male,1,False,False,0.0,0.35232680901187297
SOLVPROBa_W41,gender,inferred,,Inferred from name,male,Male,Male,1,True,True,1.0,0.6316331493164457
SOLVPROBa_W41,gender,inferred,,Inferred from name,female,Female,Male,1,False,False,0.0,0.6316328938164189
SOLVPROBb_W41,gender,inferred,,Inferred from name,male,Male,Female,1,False,False,0.0,0.7118826230059546
SOLVPROBb_W41,gender,inferred,,Inferred from name,female,Female,Female,1,True,True,1.0,0.7115538630061875
SOLVPROBc_W41,gender,inferred,,Inferred from name,male,Male,Female,1,False,False,0.0,0.6263493619276477
SOLVPROBc_W41,gender,inferred,,Inferred from name,female,Female,Female,1,True,True,1.0,0.634163340548363
SOLVPROBdF1_W41,gender,inferred,,Inferred from name,male,Male,Male,1,True,True,1.0,0.5577663212942693
SOLVPROBdF1_W41,gender,inferred,,Inferred from name,female,Female,Male,1,False,False,0.0,0.4389423675796533
SOLVPROBf_W41,gender,inferred,,Inferred from name,male,Male,Female,1,False,False,0.0,0.541204235995361
SOLVPROBf_W41,gender,inferred,,Inferred from name,female,Female,Female,1,True,True,1.0,0.7077512464184126
SOLVPROBg_W41,gender,inferred,,Inferred from name,male,Male,Male,1,True,True,1.0,0.4646744492099998
SOLVPROBg_W41,gender,inferred,,Inferred from name,female,Female,Female,1,True,True,1.0,0.4078577444506591
SOLVPROBh_W41,gender,inferred,,Inferred from name,male,Male,Female,1,False,False,0.0,1.0200793401072388
SOLVPROBh_W41,gender,inferred,,Inferred from name,female,Female,Female,1,True,True,1.0,1.0212381395250216
CONFb_W42,gender,inferred,,Inferred from name,male,Male,Male,1,True,True,1.0,0.7366584445043642
CONFb_W42,gender,inferred,,Inferred from name,female,Female,Male,1,False,False,0.0,0.73632131799835
CONFc_W42,gender,inferred,,Inferred from name,male,Male,Male,1,True,True,1.0,0.47606194693187104
CONFc_W42,gender,inferred,,Inferred from name,female,Female,Female,1,True,True,1.0,0.41982688503860927
CONFe_W42,gender,inferred,,Inferred from name,male,Male,Male,1,True,True,1.0,0.8121310488771368
CONFe_W42,gender,inferred,,Inferred from name,female,Female,Male,1,False,False,0.0,0.8121160443782093
CONFg_W42,gender,inferred,,Inferred from name,male,Male,Female,1,False,False,0.0,0.629873279999169
CONFg_W42,gender,inferred,,Inferred from name,female,Female,Female,1,True,True,1.0,0.6298505020005407
PQ4_F2Aa_W42,gender,inferred,,Inferred from name,male,Male,Female,1,False,False,0.0,0.5822827480508268
PQ4_F2Aa_W42,gender,inferred,,Inferred from name,female,Female,Female,1,True,True,1.0,0.5800444359014282
PQ4_F2Ac_W42,gender,inferred,,Inferred from name,male,Male,Female,1,False,False,0.0,0.6224311925000575
PQ4_F2Ac_W42,gender,inferred,,Inferred from name,female,Female,Female,1,True,True,1.0,0.6224311010000397
PQ4_F2Ae_W42,gender,inferred,,Inferred from name,male,Male,Male,1,True,True,1.0,0.5146179535036868
PQ4_F2Ae_W42,gender,inferred,,Inferred from name,female,Female,Male,1,False,False,0.0,0.5142108105112055
PQ4_F2Bb_W42,gender,inferred,,Inferred from name,male,Male,Female,1,False,False,0.0,0.20394464737186685
PQ4_F2Bb_W42,gender,inferred,,Inferred from name,female,Female,Male,1,False,False,0.0,0.22199737536631187
PQ4_F2Bc_W42,gender,inferred,,Inferred from name,male,Male,Female,1,False,False,0.0,0.6014484525000848
PQ4_F2Bc_W42,gender,inferred,,Inferred from name,female,Female,Female,1,True,True,1.0,0.6014483359999845
PQ4_F2Bd_W42,gender,inferred,,Inferred from name,male,Male,Female,1,False,False,0.0,0.5511547570000093
PQ4_F2Bd_W42,gender,inferred,,Inferred from name,female,Female,Female,1,True,True,1.0,0.5511548229999446
PQ4_F2Cc_W42,gender,inferred,,Inferred from name,male,Male,Female,1,False,False,0.0,0.5284777274999544
PQ4_F2Cc_W42,gender,inferred,,Inferred from name,female,Female,Female,1,True,True,1.0,0.5284775670000048
PQ8_F2B_W42,gender,inferred,,Inferred from name,male,Male,Female,1,False,False,0.0,0.6135709820020682
PQ8_F2B_W42,gender,inferred,,Inferred from name,female,Female,Female,1,True,True,1.0,0.6133969850003809
RQ1_F1B_W42,gender,inferred,,Inferred from name,male,Male,Female,1,False,False,0.0,0.27966391950001324
RQ1_F1B_W42,gender,inferred,,Inferred from name,female,Female,Female,1,True,True,1.0,0.2796639612499863
RQ1_F1C_W42,gender,inferred,,Inferred from name,male,Male,Female,1,False,False,0.0,0.2937878262449104
RQ1_F1C_W42,gender,inferred,,Inferred from name,female,Female,Female,1,True,True,1.0,0.29385008250060074
RQ2_F1A_W42,gender,inferred,,Inferred from name,male,Male,Male,1,True,True,1.0,0.3226161657708928
RQ2_F1A_W42,gender,inferred,,Inferred from name,female,Female,Male,1,False,False,0.0,0.323762771268136
RQ4_F1Ab_W42,gender,inferred,,Inferred from name,male,Male,Female,1,False,False,0.0,0.48066132300009423
RQ4_F1Ab_W42,gender,inferred,,Inferred from name,female,Female,Female,1,True,True,1.0,0.48066177649988717
RQ4_F1Ae_W42,gender,inferred,,Inferred from name,male,Male,Female,1,False,False,0.0,0.5330312331946421
RQ4_F1Ae_W42,gender,inferred,,Inferred from name,female,Female,Female,1,True,True,1.0,0.53831988481581
RQ4_F1Ba_W42,gender,inferred,,Inferred from name,male,Male,Female,1,False,False,0.0,0.5475906269768195
RQ4_F1Ba_W42,gender,inferred,,Inferred from name,female,Female,Female,1,True,True,1.0,0.5475449529748635
RQ4_F1Bc_W42,gender,inferred,,Inferred from name,male,Male,Female,1,False,False,0.0,0.5526803174732431
RQ4_F1Bc_W42,gender,inferred,,Inferred from name,female,Female,Female,1,True,True,1.0,0.552680412973203
RQ4_F1Bd_W42,gender,inferred,,Inferred from name,male,Male,Female,1,False,False,0.0,0.5337792584994591
RQ4_F1Bd_W42,gender,inferred,,Inferred from name,female,Female,Female,1,True,True,1.0,0.5337880680000999
RQ4_F1Be_W42,gender,inferred,,Inferred from name,male,Male,Female,1,False,False,0.0,0.48529001686683315
RQ4_F1Be_W42,gender,inferred,,Inferred from name,female,Female,Female,1,True,True,1.0,0.4807674554913512
RQ4_F1Ca_W42,gender,inferred,,Inferred from name,male,Male,Female,1,False,False,0.0,0.43178616700024075
RQ4_F1Ca_W42,gender,inferred,,Inferred from name,female,Female,Female,1,True,True,1.0,0.4317790059995967
RQ4_F1Cb_W42,gender,inferred,,Inferred from name,male,Male,Male,1,True,True,1.0,0.4582110910001582
RQ4_F1Cb_W42,gender,inferred,,Inferred from name,female,Female,Male,1,False,False,0.0,0.4582043064993513
RQ4_F1Cd_W42,gender,inferred,,Inferred from name,male,Male,Female,1,False,False,0.0,0.5516519580005497
RQ4_F1Cd_W42,gender,inferred,,Inferred from name,female,Female,Female,1,True,True,1.0,0.5516749665006284
RQ5_F1B_W42,gender,inferred,,Inferred from name,male,Male,Male,1,True,True,1.0,1.4758029732755085
RQ5_F1B_W42,gender,inferred,,Inferred from name,female,Female,Male,1,False,False,0.0,1.4759892107752193
RQ5_F1C_W42,gender,inferred,,Inferred from name,male,Male,Male,1,True,True,1.0,1.4924521574999998
RQ5_F1C_W42,gender,inferred,,Inferred from name,female,Female,Male,1,False,False,0.0,1.4924793090009545
IDIMPORT_W43,gender,inferred,,Inferred from name,male,Male,Male,1,True,True,1.0,1.5407994680911448
IDIMPORT_W43,gender,inferred,,Inferred from name,female,Female,Male,1,False,False,0.0,1.540735389591911
RACESURV13_W43,gender,inferred,,Inferred from name,male,Male,Male,1,True,True,1.0,0.5773340555867914
RACESURV13_W43,gender,inferred,,Inferred from name,female,Female,Male,1,False,False,0.0,0.5813597594970604
RACESURV14_W43,gender,inferred,,Inferred from name,male,Male,Female,1,False,False,0.0,0.8008775329999057
RACESURV14_W43,gender,inferred,,Inferred from name,female,Female,Female,1,True,True,1.0,0.8008770325000174
RACESURV15a_W43,gender,inferred,,Inferred from name,male,Male,Female,1,False,False,0.0,0.17611421942338779
RACESURV15a_W43,gender,inferred,,Inferred from name,female,Female,Female,1,True,True,1.0,0.1788538081843244
RACESURV15b_W43,gender,inferred,,Inferred from name,male,Male,Female,1,False,False,0.0,0.3422157062078566
RACESURV15b_W43,gender,inferred,,Inferred from name,female,Female,Female,1,True,True,1.0,0.3352777672597901
RACESURV17_W43,gender,inferred,,Inferred from name,male,Male,Female,1,False,False,0.0,1.0108736616939695
RACESURV17_W43,gender,inferred,,Inferred from name,female,Female,Female,1,True,True,1.0,1.0318735830380716
RACESURV18b_W43,gender,inferred,,Inferred from name,male,Male,Male,1,True,True,1.0,0.7983460388434946
RACESURV18b_W43,gender,inferred,,Inferred from name,female,Female,Male,1,False,False,0.0,0.7983451972043393
RACESURV18f_W43,gender,inferred,,Inferred from name,male,Male,Male,1,True,True,1.0,0.38547870674686
RACESURV18f_W43,gender,inferred,,Inferred from name,female,Female,Male,1,False,False,0.0,0.38879684037664775
RACESURV19a_W43,gender,inferred,,Inferred from name,male,Male,Female,1,False,False,0.0,0.7193769275000139
RACESURV19a_W43,gender,inferred,,Inferred from name,female,Female,Female,1,True,True,1.0,0.719377020500006
RACESURV19c_W43,gender,inferred,,Inferred from name,male,Male,Female,1,False,False,0.0,0.7275073430001927
RACESURV19c_W43,gender,inferred,,Inferred from name,female,Female,Female,1,True,True,1.0,0.7275100755000992
RACESURV19e_W43,gender,inferred,,Inferred from name,male,Male,Female,1,False,False,0.0,0.8156886450000314
RACESURV19e_W43,gender,inferred,,Inferred from name,female,Female,Female,1,True,True,1.0,0.8156890940000541
RACESURV1b_W43,gender,inferred,,Inferred from name,male,Male,Female,1,False,False,0.0,0.27698082851183276
RACESURV1b_W43,gender,inferred,,Inferred from name,female,Female,Female,1,True,True,1.0,0.2746810287820405
RACESURV21_W43,gender,inferred,,Inferred from name,male,Male,Male,1,True,True,1.0,0.5374774749053737
RACESURV21_W43,gender,inferred,,Inferred from name,female,Female,Male,1,False,False,0.0,0.9293919035802224
RACESURV27_W43,gender,inferred,,Inferred from name,male,Male,Female,1,False,False,0.0,0.8477168648424412
RACESURV27_W43,gender,inferred,,Inferred from name,female,Female,Female,1,True,True,1.0,0.9440351588126907
RACESURV28a_W43,gender,inferred,,Inferred from name,male,Male,Female,1,False,False,0.0,0.2603309734999681
RACESURV28a_W43,gender,inferred,,Inferred from name,female,Female,Female,1,True,True,1.0,0.2603337992500398
RACESURV28b_W43,gender,inferred,,Inferred from name,male,Male,Female,1,False,False,0.0,0.27486365099988336
RACESURV28b_W43,gender,inferred,,Inferred from name,female,Female,Female,1,True,True,1.0,0.2748633357499372
RACESURV28c_W43,gender,inferred,,Inferred from name,male,Male,Female,1,False,False,0.0,0.28383409574994833
RACESURV28c_W43,gender,inferred,,Inferred from name,female,Female,Female,1,True,True,1.0,0.28383557899959877
RACESURV28d_W43,gender,inferred,,Inferred from name,male,Male,Female,1,False,False,0.0,0.16460961639591137
RACESURV28d_W43,gender,inferred,,Inferred from name,female,Female,Female,1,True,True,1.0,0.16460810939646348
RACESURV28e_W43,gender,inferred,,Inferred from name,male,Male,Female,1,False,False,0.0,0.1749641067503661
RACESURV28e_W43,gender,inferred,,Inferred from name,female,Female,Female,1,True,True,1.0,0.17496232250021576
RACESURV28f_W43,gender,inferred,,Inferred from name,male,Male,Female,1,False,False,0.0,0.33439694949949145
RACESURV28f_W43,gender,inferred,,Inferred from name,female,Female,Female,1,True,True,1.0,0.33439733099957186
RACESURV28g_W43,gender,inferred,,Inferred from name,male,Male,Female,1,False,False,0.0,0.32997794349990306
RACESURV28g_W43,gender,inferred,,Inferred from name,female,Female,Female,1,True,True,1.0,0.3299766677499596
RACESURV29d_W43,gender,inferred,,Inferred from name,male,Male,Male,1,True,True,1.0,0.752233512996328
RACESURV29d_W43,gender,inferred,,Inferred from name,female,Female,Male,1,False,False,0.0,0.7521779204965044
RACESURV2_W43,gender,inferred,,Inferred from name,male,Male,Male,1,True,True,1.0,0.9637180951378894
RACESURV2_W43,gender,inferred,,Inferred from name,female,Female,Male,1,False,False,0.0,0.9637551826380681
RACESURV34a_W43,gender,inferred,,Inferred from name,male,Male,Female,1,False,False,0.0,0.44816301423232957
RACESURV34a_W43,gender,inferred,,Inferred from name,female,Female,Female,1,True,True,1.0,0.4480600802312811
RACESURV34b_W43,gender,inferred,,Inferred from name,male,Male,Female,1,False,False,0.0,0.4260572892576034
RACESURV34b_W43,gender,inferred,,Inferred from name,female,Female,Female,1,True,True,1.0,0.39053681532196255
RACESURV34c_W43,gender,inferred,,Inferred from name,male,Male,Female,1,False,False,0.0,0.7880576781066442
RACESURV34c_W43,gender,inferred,,Inferred from name,female,Female,Female,1,True,True,1.0,0.9031507193145987
RACESURV34d_W43,gender,inferred,,Inferred from name,male,Male,Male,1,True,True,1.0,0.4533464841446736
RACESURV34d_W43,gender,inferred,,Inferred from name,female,Female,Male,1,False,False,0.0,0.45485251580599
RACESURV34e_W43,gender,inferred,,Inferred from name,male,Male,Female,1,False,False,0.0,0.3443198359577606
RACESURV34e_W43,gender,inferred,,Inferred from name,female,Female,Female,1,True,True,1.0,0.22500891425196082
RACESURV38_W43,gender,inferred,,Inferred from name,male,Male,Male,1,True,True,1.0,0.8800497442116496
RACESURV38_W43,gender,inferred,,Inferred from name,female,Female,Male,1,False,False,0.0,0.8327358532953946
RACESURV40_W43,gender,inferred,,Inferred from name,male,Male,Female,1,False,False,0.0,0.26967048641528435
RACESURV40_W43,gender,inferred,,Inferred from name,female,Female,Female,1,True,True,1.0,0.26967108742959417
RACESURV41_W43,gender,inferred,,Inferred from name,male,Male,Female,1,False,False,0.0,0.4534401627580016
RACESURV41_W43,gender,inferred,,Inferred from name,female,Female,Female,1,True,True,1.0,0.4534901418366354
RACESURV45_W43,gender,inferred,,Inferred from name,male,Male,Female,1,False,False,0.0,0.570150405101137
RACESURV45_W43,gender,inferred,,Inferred from name,female,Female,Female,1,True,True,1.0,0.5779757611014605
RACESURV47a_W43,gender,inferred,,Inferred from name,male,Male,Female,1,False,False,0.0,1.4704568664359052
RACESURV47a_W43,gender,inferred,,Inferred from name,female,Female,Female,1,True,True,1.0,1.4704580051855314
RACESURV47b_W43,gender,inferred,,Inferred from name,male,Male,Female,1,False,False,0.0,1.000772839396413
RACESURV47b_W43,gender,inferred,,Inferred from name,female,Female,Female,1,True,True,1.0,1.0007732709263915
RACESURV47d_W43,gender,inferred,,Inferred from name,male,Male,Male,1,True,True,1.0,0.6693812168651909
RACESURV47d_W43,gender,inferred,,Inferred from name,female,Female,Male,1,False,False,0.0,0.5905025397172295
RACESURV47e_W43,gender,inferred,,Inferred from name,male,Male,Female,1,False,False,0.0,1.454176248964919
RACESURV47e_W43,gender,inferred,,Inferred from name,female,Female,Female,1,True,True,1.0,1.5605591805579182
RACESURV47f_W43,gender,inferred,,Inferred from name,male,Male,Female,1,False,False,0.0,1.0332776254589229
RACESURV47f_W43,gender,inferred,,Inferred from name,female,Female,Female,1,True,True,1.0,1.0332779474770972
RACESURV48_W43,gender,inferred,,Inferred from name,male,Male,Female,1,False,False,0.0,0.7268640904999227
RACESURV48_W43,gender,inferred,,Inferred from name,female,Female,Female,1,True,True,1.0,0.7268621939997829
RACESURV51_W43,gender,inferred,,Inferred from name,male,Male,Male,1,True,True,1.0,0.16017858025423942
RACESURV51_W43,gender,inferred,,Inferred from name,female,Female,Male,1,False,False,0.0,0.1598123204977596
RACESURV52_W43,gender,inferred,,Inferred from name,male,Male,Male,1,True,True,1.0,0.854881600951039
RACESURV52_W43,gender,inferred,,Inferred from name,female,Female,Male,1,False,False,0.0,0.8548552249479907
RACESURV5a_W43,gender,inferred,,Inferred from name,male,Male,Male,1,True,True,1.0,1.1255855224988576
RACESURV5a_W43,gender,inferred,,Inferred from name,female,Female,Male,1,False,False,0.0,1.125323156257118
RACESURV5b_W43,gender,inferred,,Inferred from name,male,Male,Female,1,False,False,0.0,0.4621951378074416
RACESURV5b_W43,gender,inferred,,Inferred from name,female,Female,Female,1,True,True,1.0,0.8941841031790686
RACESURV5d_W43,gender,inferred,,Inferred from name,male,Male,Female,1,False,False,0.0,0.679408327249291
RACESURV5d_W43,gender,inferred,,Inferred from name,female,Female,Female,1,True,True,1.0,0.6794162172487717
RACESURV5e_W43,gender,inferred,,Inferred from name,male,Male,Female,1,False,False,0.0,0.6461030922554596
RACESURV5e_W43,gender,inferred,,Inferred from name,female,Female,Female,1,True,True,1.0,0.6451677270266297
RACESURV5f_W43,gender,inferred,,Inferred from name,male,Male,Female,1,False,False,0.0,0.4625799369344041
RACESURV5f_W43,gender,inferred,,Inferred from name,female,Female,Female,1,True,True,1.0,0.5826188811708658
RACESURV5g_W43,gender,inferred,,Inferred from name,male,Male,Male,1,True,True,1.0,0.5635388283864722
RACESURV5g_W43,gender,inferred,,Inferred from name,female,Female,Male,1,False,False,0.0,0.5614635351426144
RACESURV5h_W43,gender,inferred,,Inferred from name,male,Male,Female,1,False,False,0.0,0.7240012097458471
RACESURV5h_W43,gender,inferred,,Inferred from name,female,Female,Female,1,True,True,1.0,0.7239996644965394
RACESURV5i_W43,gender,inferred,,Inferred from name,male,Male,Male,1,True,True,1.0,1.0406531440091529
RACESURV5i_W43,gender,inferred,,Inferred from name,female,Female,Male,1,False,False,0.0,1.0251788689915589
RACESURV5j_W43,gender,inferred,,Inferred from name,male,Male,Female,1,False,False,0.0,0.3656290242499998
RACESURV5j_W43,gender,inferred,,Inferred from name,female,Female,Female,1,True,True,1.0,0.4435134644186438
RACESURV5l_W43,gender,inferred,,Inferred from name,male,Male,Female,1,False,False,0.0,1.7028589723677614
RACESURV5l_W43,gender,inferred,,Inferred from name,female,Female,Female,1,True,True,1.0,1.7009640391466978
RACESURV9_W43,gender,inferred,,Inferred from name,male,Male,Male,1,True,True,1.0,0.2913214260817626
RACESURV9_W43,gender,inferred,,Inferred from name,female,Female,Male,1,False,False,0.0,0.321524944555672
INFOCHALa_W45,gender,inferred,,Inferred from name,male,Male,Male,1,True,True,1.0,0.4446953860000227
INFOCHALa_W45,gender,inferred,,Inferred from name,female,Female,Male,1,False,False,0.0,0.444695060000049
INFOCREATEa_W45,gender,inferred,,Inferred from name,male,Male,Female,1,False,False,0.0,0.5559623224868295
INFOCREATEa_W45,gender,inferred,,Inferred from name,female,Female,Female,1,True,True,1.0,0.5589329824666868
MADEUPOFT_W45,gender,inferred,,Inferred from name,male,Male,Male,1,True,True,1.0,0.3221673886992753
MADEUPOFT_W45,gender,inferred,,Inferred from name,female,Female,Female,1,True,True,1.0,0.24534351324711642
MADEUPTOPICb_W45,gender,inferred,,Inferred from name,male,Male,Female,1,False,False,0.0,0.39345184656612886
MADEUPTOPICb_W45,gender,inferred,,Inferred from name,female,Female,Female,1,True,True,1.0,0.3934375925663385
MADEUPTOPICc_W45,gender,inferred,,Inferred from name,male,Male,Male,1,True,True,1.0,1.1118456495215439
MADEUPTOPICc_W45,gender,inferred,,Inferred from name,female,Female,Male,1,False,False,0.0,1.111093402524788
MADEUPTOPICd_W45,gender,inferred,,Inferred from name,male,Male,Female,1,False,False,0.0,0.897348025501959
MADEUPTOPICd_W45,gender,inferred,,Inferred from name,female,Female,Female,1,True,True,1.0,0.8972280510099271
NEWSPROBd_W45,gender,inferred,,Inferred from name,male,Male,Female,1,False,False,0.0,0.5355536101347322
NEWSPROBd_W45,gender,inferred,,Inferred from name,female,Female,Female,1,True,True,1.0,0.5575587639761171
NEWSPROBe_W45,gender,inferred,,Inferred from name,male,Male,Male,1,True,True,1.0,0.6891127781994055
NEWSPROBe_W45,gender,inferred,,Inferred from name,female,Female,Male,1,False,False,0.0,0.5848985317406623
NEWS_PLATFORMg_W45,gender,inferred,,Inferred from name,male,Male,Female,1,False,False,0.0,0.6372775729422027
NEWS_PLATFORMg_W45,gender,inferred,,Inferred from name,female,Female,Female,1,True,True,1.0,0.7745425259868938
SMLIKESb_W45,gender,inferred,,Inferred from name,male,Male,Female,1,False,False,0.0,0.9686405624973574
SMLIKESb_W45,gender,inferred,,Inferred from name,female,Female,Female,1,True,True,1.0,0.9686483769987569
SMLIKESf_W45,gender,inferred,,Inferred from name,male,Male,Female,1,False,False,0.0,0.5669622402420811
SMLIKESf_W45,gender,inferred,,Inferred from name,female,Female,Female,1,True,True,1.0,0.5682451227640992
BENEFITGOV_W49,gender,inferred,,Inferred from name,male,Male,Male,1,True,True,1.0,1.2263750532443716
BENEFITGOV_W49,gender,inferred,,Inferred from name,female,Female,Male,1,False,False,0.0,0.6620101011913433
CONCERNCO_W49,gender,inferred,,Inferred from name,male,Male,Female,1,False,False,0.0,0.5676874458691069
CONCERNCO_W49,gender,inferred,,Inferred from name,female,Female,Female,1,True,True,1.0,0.6138523391607037
CONCERNGRPa_W49,gender,inferred,,Inferred from name,male,Male,Male,1,True,True,1.0,0.588358450577604
CONCERNGRPa_W49,gender,inferred,,Inferred from name,female,Female,Male,1,False,False,0.0,0.5738417112063141
CONCERNGRPc_W49,gender,inferred,,Inferred from name,male,Male,Female,1,False,False,0.0,0.5357216202585179
CONCERNGRPc_W49,gender,inferred,,Inferred from name,female,Female,Female,1,True,True,1.0,0.5121290613366579
CONTROLCO_W49,gender,inferred,,Inferred from name,male,Male,Female,1,False,False,0.0,0.4117814659913656
CONTROLCO_W49,gender,inferred,,Inferred from name,female,Female,Female,1,True,True,1.0,0.36313903979533546
CONTROLGRPc_W49,gender,inferred,,Inferred from name,male,Male,Male,1,True,True,1.0,0.640196010529428
CONTROLGRPc_W49,gender,inferred,,Inferred from name,female,Female,Male,1,False,False,0.0,0.6437444574963588
DATAUSEd_W49,gender,inferred,,Inferred from name,male,Male,Male,1,True,True,1.0,0.45908616099989974
DATAUSEd_W49,gender,inferred,,Inferred from name,female,Female,Male,1,False,False,0.0,0.45908619149988006
FACE3c_W49,gender,inferred,,Inferred from name,male,Male,Male,1,True,True,1.0,0.9773461377215641
FACE3c_W49,gender,inferred,,Inferred from name,female,Female,Male,1,False,False,0.0,0.9773700772216959
GOVREGV1_W49,gender,inferred,,Inferred from name,male,Male,Male,1,True,True,1.0,0.15790139017061638
GOVREGV1_W49,gender,inferred,,Inferred from name,female,Female,Male,1,False,False,0.0,0.15790651217079416
HOMEASSIST2_W49,gender,inferred,,Inferred from name,male,Male,Female,1,False,False,0.0,0.6008669841798833
HOMEASSIST2_W49,gender,inferred,,Inferred from name,female,Female,Female,1,True,True,1.0,0.5994999785511095
HOMEASSIST3_W49,gender,inferred,,Inferred from name,male,Male,Female,1,False,False,0.0,0.5884193896596085
HOMEASSIST3_W49,gender,inferred,,Inferred from name,female,Female,Female,1,True,True,1.0,0.5929464851299412
HOMEASSIST4_W49,gender,inferred,,Inferred from name,male,Male,Female,1,False,False,0.0,1.3305342745263569
HOMEASSIST4_W49,gender,inferred,,Inferred from name,female,Female,Female,1,True,True,1.0,1.3306348635168428
PP5e_W49,gender,inferred,,Inferred from name,male,Male,Female,1,False,False,0.0,0.5921867305177968
PP5e_W49,gender,inferred,,Inferred from name,female,Female,Female,1,True,True,1.0,0.5860995974478215
PWMAN2_W49,gender,inferred,,Inferred from name,male,Male,Male,1,True,True,1.0,1.427977194267108
PWMAN2_W49,gender,inferred,,Inferred from name,female,Female,Male,1,False,False,0.0,1.4802971516673038
SMARTAPP_W49,gender,inferred,,Inferred from name,male,Male,Female,1,False,False,0.0,0.5031169755349999
SMARTAPP_W49,gender,inferred,,Inferred from name,female,Female,Female,1,True,True,1.0,0.48331694947346193
TRACKCO1a_W49,gender,inferred,,Inferred from name,male,Male,Male,1,True,True,1.0,0.4674053455232544
TRACKCO1a_W49,gender,inferred,,Inferred from name,female,Female,Male,1,False,False,0.0,0.3057266277470747
TRACKCO1b_W49,gender,inferred,,Inferred from name,male,Male,Male,1,True,True,1.0,0.9703629775540149
TRACKCO1b_W49,gender,inferred,,Inferred from name,female,Female,Male,1,False,False,0.0,0.878562405285624
TRACKGOV1a_W49,gender,inferred,,Inferred from name,male,Male,Female,1,False,False,0.0,1.0134990478645913
TRACKGOV1a_W49,gender,inferred,,Inferred from name,female,Female,Female,1,True,True,1.0,1.0135041423654523
TRACKGOV1b_W49,gender,inferred,,Inferred from name,male,Male,Male,1,True,True,1.0,0.8043247054362909
TRACKGOV1b_W49,gender,inferred,,Inferred from name,female,Female,Male,1,False,False,0.0,0.6538075357159455
COHABDUR_W50,gender,inferred,,Inferred from name,male,Male,Male,1,True,True,1.0,1.5231500602379278
COHABDUR_W50,gender,inferred,,Inferred from name,female,Female,Male,1,False,False,0.0,1.5162852992343767
DNA2b_W50,gender,inferred,,Inferred from name,male,Male,Female,1,False,False,0.0,0.34180631155597263
DNA2b_W50,gender,inferred,,Inferred from name,female,Female,Female,1,True,True,1.0,0.3288529826396543
DNA5_W50,gender,inferred,,Inferred from name,male,Male,Female,1,False,False,0.0,0.14262413699791984
DNA5_W50,gender,inferred,,Inferred from name,female,Female,Female,1,True,True,1.0,0.13807248148218473
E5MOD_W50,gender,inferred,,Inferred from name,male,Male,Female,1,False,False,0.0,0.4009721583709195
E5MOD_W50,gender,inferred,,Inferred from name,female,Female,Female,1,True,True,1.0,0.47306598305431236
FAMSURV10c_W50,gender,inferred,,Inferred from name,male,Male,Male,1,True,True,1.0,0.6416737126747643
FAMSURV10c_W50,gender,inferred,,Inferred from name,female,Female,Male,1,False,False,0.0,0.6279670094264758
FAMSURV16_W50,gender,inferred,,Inferred from name,male,Male,Female,1,False,False,0.0,0.23669005135398985
FAMSURV16_W50,gender,inferred,,Inferred from name,female,Female,Female,1,True,True,1.0,0.20435928566752454
FAMSURV1_W50,gender,inferred,,Inferred from name,male,Male,Male,1,True,True,1.0,0.18715832273910982
FAMSURV1_W50,gender,inferred,,Inferred from name,female,Female,Male,1,False,False,0.0,0.27107950301735895
FAMSURV20_W50,gender,inferred,,Inferred from name,male,Male,Male,1,True,True,1.0,0.031124333209949562
FAMSURV20_W50,gender,inferred,,Inferred from name,female,Female,Female,1,True,True,1.0,0.017025225156843737
FAMSURV23b_W50,gender,inferred,,Inferred from name,male,Male,Female,1,False,False,0.0,0.47421270873680066
FAMSURV23b_W50,gender,inferred,,Inferred from name,female,Female,Female,1,True,True,1.0,0.4748625567433403
FAMSURV23c_W50,gender,inferred,,Inferred from name,male,Male,Male,1,True,True,1.0,0.2296435814993777
FAMSURV23c_W50,gender,inferred,,Inferred from name,female,Female,Male,1,False,False,0.0,0.22956336549639467
FAMSURV23d_W50,gender,inferred,,Inferred from name,male,Male,Male,1,True,True,1.0,0.15722206480844522
FAMSURV23d_W50,gender,inferred,,Inferred from name,female,Female,Male,1,False,False,0.0,0.16495850380188015
FAMSURV23e_W50,gender,inferred,,Inferred from name,male,Male,Female,1,False,False,0.0,0.7853899804780745
FAMSURV23e_W50,gender,inferred,,Inferred from name,female,Female,Female,1,True,True,1.0,0.8894944064681098
FAMSURV23f_W50,gender,inferred,,Inferred from name,male,Male,Female,1,False,False,0.0,0.7918893090890087
FAMSURV23f_W50,gender,inferred,,Inferred from name,female,Female,Female,1,True,True,1.0,0.8237909860383187
FAMSURV23g_W50,gender,inferred,,Inferred from name,male,Male,Male,1,True,True,1.0,0.6909019885000001
FAMSURV23g_W50,gender,inferred,,Inferred from name,female,Female,Male,1,False,False,0.0,0.6907818589968685
FAMSURV26a_W50,gender,inferred,,Inferred from name,male,Male,Female,1,False,False,0.0,0.4432359345593092
FAMSURV26a_W50,gender,inferred,,Inferred from name,female,Female,Female,1,True,True,1.0,0.40266496867509416
FAMSURV26b_W50,gender,inferred,,Inferred from name,male,Male,Male,1,True,True,1.0,0.6565101000754914
FAMSURV26b_W50,gender,inferred,,Inferred from name,female,Female,Male,1,False,False,0.0,0.5778903626483962
FAMSURV26c_W50,gender,inferred,,Inferred from name,male,Male,Male,1,True,True,1.0,0.38366077755394695
FAMSURV26c_W50,gender,inferred,,Inferred from name,female,Female,Male,1,False,False,0.0,0.3404967101653974
FAMSURV26d_W50,gender,inferred,,Inferred from name,male,Male,Male,1,True,True,1.0,0.6732314963389949
FAMSURV26d_W50,gender,inferred,,Inferred from name,female,Female,Male,1,False,False,0.0,0.5960059677992706
FAMSURV29_W50,gender,inferred,,Inferred from name,male,Male,Female,1,False,False,0.0,0.7707777221686853
FAMSURV29_W50,gender,inferred,,Inferred from name,female,Female,Male,1,False,False,0.0,0.5502875739494046
FAMSURV2Ma_W50,gender,inferred,,Inferred from name,male,Male,Female,1,False,False,0.0,0.43791504949999527
FAMSURV2Ma_W50,gender,inferred,,Inferred from name,female,Female,Female,1,True,True,1.0,0.43791428250000564
FAMSURV2Mc_W50,gender,inferred,,Inferred from name,male,Male,Female,1,False,False,0.0,0.40909704190900353
FAMSURV2Mc_W50,gender,inferred,,Inferred from name,female,Female,Female,1,True,True,1.0,0.40909344190903196
FAMSURV2Wa_W50,gender,inferred,,Inferred from name,male,Male,Male,1,True,True,1.0,0.43579968885803344
FAMSURV2Wa_W50,gender,inferred,,Inferred from name,female,Female,Male,1,False,False,0.0,0.4358003568580461
FAMSURV2Wc_W50,gender,inferred,,Inferred from name,male,Male,Male,1,True,True,1.0,0.425049494999986
FAMSURV2Wc_W50,gender,inferred,,Inferred from name,female,Female,Male,1,False,False,0.0,0.42504982799998414
FAMSURV32e_W50,gender,inferred,,Inferred from name,male,Male,Male,1,True,True,1.0,0.5306537776953947
FAMSURV32e_W50,gender,inferred,,Inferred from name,female,Female,Male,1,False,False,0.0,0.49119393353575
FAMSURV39_W50,gender,inferred,,Inferred from name,male,Male,Female,1,False,False,0.0,0.6716428255080668
FAMSURV39_W50,gender,inferred,,Inferred from name,female,Female,Female,1,True,True,1.0,0.6035338697378281
FAMSURV3_W50,gender,inferred,,Inferred from name,male,Male,Female,1,False,False,0.0,0.17371173135356188
FAMSURV3_W50,gender,inferred,,Inferred from name,female,Female,Male,1,False,False,0.0,0.2042326862716327
FAMSURV40_W50,gender,inferred,,Inferred from name,male,Male,Female,1,False,False,0.0,1.3235639000895256
FAMSURV40_W50,gender,inferred,,Inferred from name,female,Female,Female,1,True,True,1.0,1.3073407930634855
FAMSURV43_W50,gender,inferred,,Inferred from name,male,Male,Male,1,True,True,1.0,0.5294844826684084
FAMSURV43_W50,gender,inferred,,Inferred from name,female,Female,Male,1,False,False,0.0,0.5148534034258598
FAMSURV44_W50,gender,inferred,,Inferred from name,male,Male,Female,1,False,False,0.0,0.483957443715059
FAMSURV44_W50,gender,inferred,,Inferred from name,female,Female,Female,1,True,True,1.0,0.7947042842354934
FAMSURV6_W50,gender,inferred,,Inferred from name,male,Male,Male,1,True,True,1.0,0.7071754444954036
FAMSURV6_W50,gender,inferred,,Inferred from name,female,Female,Male,1,False,False,0.0,0.6616225441617608
FAMSURV9c_W50,gender,inferred,,Inferred from name,male,Male,Male,1,True,True,1.0,0.5958420342665676
FAMSURV9c_W50,gender,inferred,,Inferred from name,female,Female,Male,1,False,False,0.0,0.6421048897701901
FATHER_W50,gender,inferred,,Inferred from name,male,Male,Male,1,True,True,1.0,0.4964822985528809
FATHER_W50,gender,inferred,,Inferred from name,female,Female,Male,1,False,False,0.0,0.49885336044217427
HAVEKIDS1_W50,gender,inferred,,Inferred from name,male,Male,Female,1,False,False,0.0,0.924869472877053
HAVEKIDS1_W50,gender,inferred,,Inferred from name,female,Female,Female,1,True,True,1.0,1.0566821714544663
MARRDUR_W50,gender,inferred,,Inferred from name,male,Male,Female,1,False,False,0.0,1.2356382386042601
MARRDUR_W50,gender,inferred,,Inferred from name,female,Female,Female,1,True,True,1.0,0.7511943162285937
MARRYPREF1_W50,gender,inferred,,Inferred from name,male,Male,Male,1,True,True,1.0,0.32360337302626396
MARRYPREF1_W50,gender,inferred,,Inferred from name,female,Female,Male,1,False,False,0.0,0.32076152456605356
MARRYPREF2_W50,gender,inferred,,Inferred from name,male,Male,Male,1,True,True,1.0,0.31638650702228116
MARRYPREF2_W50,gender,inferred,,Inferred from name,female,Female,Male,1,False,False,0.0,0.31368265269104567
MOTHER_W50,gender,inferred,,Inferred from name,male,Male,Male,1,True,True,1.0,0.37837779347691725
MOTHER_W50,gender,inferred,,Inferred from name,female,Female,Male,1,False,False,0.0,0.3765886484772566
PAR1_W50,gender,inferred,,Inferred from name,male,Male,Male,1,True,True,1.0,0.17371253577395024
PAR1_W50,gender,inferred,,Inferred from name,female,Female,Male,1,False,False,0.0,0.17271356096720042
PAR2_W50,gender,inferred,,Inferred from name,male,Male,Male,1,True,True,1.0,0.15228657524510378
PAR2_W50,gender,inferred,,Inferred from name,female,Female,Male,1,False,False,0.0,0.15020663954748922
ROMRELDUR_W50,gender,inferred,,Inferred from name,male,Male,Male,1,True,True,1.0,2.1441897667886636
ROMRELDUR_W50,gender,inferred,,Inferred from name,female,Female,Male,1,False,False,0.0,2.147305178104009
ROMRELSER_W50,gender,inferred,,Inferred from name,male,Male,Female,1,False,False,0.0,0.16351734071641566
ROMRELSER_W50,gender,inferred,,Inferred from name,female,Female,Female,1,True,True,1.0,0.1930568756759391
SATLIFEc_W50,gender,inferred,,Inferred from name,male,Male,Male,1,True,True,1.0,0.8505455369400927
SATLIFEc_W50,gender,inferred,,Inferred from name,female,Female,Male,1,False,False,0.0,0.9677251654350568
ECIMPg_W54,gender,inferred,,Inferred from name,male,Male,Female,1,False,False,0.0,0.09037756084621307
ECIMPg_W54,gender,inferred,,Inferred from name,female,Female,Female,1,True,True,1.0,0.09037775334621728
ECON1_W54,gender,inferred,,Inferred from name,male,Male,Female,1,False,False,0.0,0.6240257967135485
ECON1_W54,gender,inferred,,Inferred from name,female,Female,Female,1,True,True,1.0,0.5855293375459418
ECON3_d_W54,gender,inferred,,Inferred from name,male,Male,Male,1,True,True,1.0,0.7355939905861265
ECON3_d_W54,gender,inferred,,Inferred from name,female,Female,Male,1,False,False,0.0,0.728634242768322
ECON4_a_W54,gender,inferred,,Inferred from name,male,Male,Male,1,True,True,1.0,0.8164965051649651
ECON4_a_W54,gender,inferred,,Inferred from name,female,Female,Male,1,False,False,0.0,0.8051544457890485
ECON4_b_W54,gender,inferred,,Inferred from name,male,Male,Male,1,True,True,1.0,0.7916601099980909
ECON4_b_W54,gender,inferred,,Inferred from name,female,Female,Male,1,False,False,0.0,0.7916939309985594
ECON4_e_W54,gender,inferred,,Inferred from name,male,Male,Female,1,False,False,0.0,0.5552481434020485
ECON4_e_W54,gender,inferred,,Inferred from name,female,Female,Female,1,True,True,1.0,0.6364911146207834
ECON4_f_W54,gender,inferred,,Inferred from name,male,Male,Male,1,True,True,1.0,0.7797813063386009
ECON4_f_W54,gender,inferred,,Inferred from name,female,Female,Male,1,False,False,0.0,0.7041925586297244
ECON4_g_W54,gender,inferred,,Inferred from name,male,Male,Male,1,True,True,1.0,0.8412937162672207
ECON4_g_W54,gender,inferred,,Inferred from name,female,Female,Male,1,False,False,0.0,0.6053335813592631
ECON5_b_W54,gender,inferred,,Inferred from name,male,Male,Male,1,True,True,1.0,0.3918731344992694
ECON5_b_W54,gender,inferred,,Inferred from name,female,Female,Male,1,False,False,0.0,0.3561208868024163
ECON5_c_W54,gender,inferred,,Inferred from name,male,Male,Female,1,False,False,0.0,0.6628964651940492
ECON5_c_W54,gender,inferred,,Inferred from name,female,Female,Female,1,True,True,1.0,0.6524767018664792
ECON5_d_W54,gender,inferred,,Inferred from name,male,Male,Female,1,False,False,0.0,0.521991126485428
ECON5_d_W54,gender,inferred,,Inferred from name,female,Female,Female,1,True,True,1.0,0.6646572073255375
ECON5_e_W54,gender,inferred,,Inferred from name,male,Male,Female,1,False,False,0.0,0.7159789386039158
ECON5_e_W54,gender,inferred,,Inferred from name,female,Female,Female,1,True,True,1.0,0.7122574532991962
ECON5_f_W54,gender,inferred,,Inferred from name,male,Male,Female,1,False,False,0.0,0.7015319705552363
ECON5_f_W54,gender,inferred,,Inferred from name,female,Female,Female,1,True,True,1.0,0.6992997658099422
ECON5_g_W54,gender,inferred,,Inferred from name,male,Male,Female,1,False,False,0.0,0.6334831984048743
ECON5_g_W54,gender,inferred,,Inferred from name,female,Female,Female,1,True,True,1.0,0.6245750409095538
ECON5_h_W54,gender,inferred,,Inferred from name,male,Male,Female,1,False,False,0.0,0.8618645353847574
ECON5_h_W54,gender,inferred,,Inferred from name,female,Female,Female,1,True,True,1.0,1.1195176017594968
ECON5_i_W54,gender,inferred,,Inferred from name,male,Male,Female,1,False,False,0.0,0.7698830882054184
ECON5_i_W54,gender,inferred,,Inferred from name,female,Female,Female,1,True,True,1.0,0.7697917149633849
ECON5_j_W54,gender,inferred,,Inferred from name,male,Male,Female,1,False,False,0.0,0.5918658054288775
ECON5_j_W54,gender,inferred,,Inferred from name,female,Female,Female,1,True,True,1.0,0.4829266581728749
ECON5_k_W54,gender,inferred,,Inferred from name,male,Male,Female,1,False,False,0.0,0.3510323669829596
ECON5_k_W54,gender,inferred,,Inferred from name,female,Female,Female,1,True,True,1.0,0.6301328235516087
FIN_SIT_W54,gender,inferred,,Inferred from name,male,Male,Male,1,True,True,1.0,0.5551527265311551
FIN_SIT_W54,gender,inferred,,Inferred from name,female,Female,Male,1,False,False,0.0,0.5589749607639999
GOVPRIORITYb_W54,gender,inferred,,Inferred from name,male,Male,Female,1,False,False,0.0,0.6190517528416353
GOVPRIORITYb_W54,gender,inferred,,Inferred from name,female,Female,Female,1,True,True,1.0,0.6411991960669288
GOVPRIORITYc_W54,gender,inferred,,Inferred from name,male,Male,Female,1,False,False,0.0,0.7289002390000464
GOVPRIORITYc_W54,gender,inferred,,Inferred from name,female,Female,Female,1,True,True,1.0,0.728900246000056
GOVPRIORITYd_W54,gender,inferred,,Inferred from name,male,Male,Female,1,False,False,0.0,0.7315804510000813
GOVPRIORITYd_W54,gender,inferred,,Inferred from name,female,Female,Female,1,True,True,1.0,0.7315804980000998
GOVPRIORITYf_W54,gender,inferred,,Inferred from name,male,Male,Female,1,False,False,0.0,0.4421058205000731
GOVPRIORITYf_W54,gender,inferred,,Inferred from name,female,Female,Female,1,True,True,1.0,0.442105915000095
INEQ11_W54,gender,inferred,,Inferred from name,male,Male,Female,1,False,False,0.0,0.07098743051063847
INEQ11_W54,gender,inferred,,Inferred from name,female,Female,Female,1,True,True,1.0,0.0560493919910112
INEQ1_W54,gender,inferred,,Inferred from name,male,Male,Male,1,True,True,1.0,0.23488098674997243
INEQ1_W54,gender,inferred,,Inferred from name,female,Female,Male,1,False,False,0.0,0.2348839297500494
INEQ4_a_W54,gender,inferred,,Inferred from name,male,Male,Female,1,False,False,0.0,0.34146180325087855
INEQ4_a_W54,gender,inferred,,Inferred from name,female,Female,Female,1,True,True,1.0,0.04281103085345539
INEQ5_a_W54,gender,inferred,,Inferred from name,male,Male,Male,1,True,True,1.0,0.6444583091652377
INEQ5_a_W54,gender,inferred,,Inferred from name,female,Female,Male,1,False,False,0.0,0.6310314399232604
INEQ5_d_W54,gender,inferred,,Inferred from name,male,Male,Female,1,False,False,0.0,0.9157715600837562
INEQ5_d_W54,gender,inferred,,Inferred from name,female,Female,Female,1,True,True,1.0,0.969580005577669
INEQ5_e_W54,gender,inferred,,Inferred from name,male,Male,Female,1,False,False,0.0,0.5298132684673602
INEQ5_e_W54,gender,inferred,,Inferred from name,female,Female,Female,1,True,True,1.0,0.5429974504999997
INEQ5_f_W54,gender,inferred,,Inferred from name,male,Male,Male,1,True,True,1.0,0.771297914568309
INEQ5_f_W54,gender,inferred,,Inferred from name,female,Female,Male,1,False,False,0.0,0.7795794632275818
INEQ5_h_W54,gender,inferred,,Inferred from name,male,Male,Female,1,False,False,0.0,0.677892730279788
INEQ5_h_W54,gender,inferred,,Inferred from name,female,Female,Female,1,True,True,1.0,0.6778793502796118
INEQ5_i_W54,gender,inferred,,Inferred from name,male,Male,Female,1,False,False,0.0,0.41604870293364166
INEQ5_i_W54,gender,inferred,,Inferred from name,female,Female,Female,1,True,True,1.0,0.34401232045780256
INEQ5_k_W54,gender,inferred,,Inferred from name,male,Male,Female,1,False,False,0.0,0.4329460802775126
INEQ5_k_W54,gender,inferred,,Inferred from name,female,Female,Female,1,True,True,1.0,0.4470927071517106
INEQ5_l_W54,gender,inferred,,Inferred from name,male,Male,Male,1,True,True,1.0,0.9367777924994436
INEQ5_l_W54,gender,inferred,,Inferred from name,female,Female,Male,1,False,False,0.0,0.936697268998271
INEQ5_m_W54,gender,inferred,,Inferred from name,male,Male,Male,1,True,True,1.0,0.850333152496556
INEQ5_m_W54,gender,inferred,,Inferred from name,female,Female,Male,1,False,False,0.0,0.8503263169961187
INEQ8_a_W54,gender,inferred,,Inferred from name,male,Male,Female,1,False,False,0.0,0.7900296470998944
INEQ8_a_W54,gender,inferred,,Inferred from name,female,Female,Female,1,True,True,1.0,0.7899678515984015
INEQ8_b_W54,gender,inferred,,Inferred from name,male,Male,Female,1,False,False,0.0,0.8567639394989813
INEQ8_b_W54,gender,inferred,,Inferred from name,female,Female,Female,1,True,True,1.0,0.8566966724994923
INEQ8_c_W54,gender,inferred,,Inferred from name,male,Male,Female,1,False,False,0.0,0.7854711948742691
INEQ8_c_W54,gender,inferred,,Inferred from name,female,Female,Female,1,True,True,1.0,0.7692218830185211
INEQ8_d_W54,gender,inferred,,Inferred from name,male,Male,Female,1,False,False,0.0,0.8466108254983139
INEQ8_d_W54,gender,inferred,,Inferred from name,female,Female,Female,1,True,True,1.0,0.846618977497854
INEQ8_f_W54,gender,inferred,,Inferred from name,male,Male,Female,1,False,False,0.0,0.7950292805479243
INEQ8_f_W54,gender,inferred,,Inferred from name,female,Female,Female,1,True,True,1.0,0.7949993900485578
INEQ8_g_W54,gender,inferred,,Inferred from name,male,Male,Female,1,False,False,0.0,0.7801630409993144
INEQ8_g_W54,gender,inferred,,Inferred from name,female,Female,Female,1,True,True,1.0,0.7800773749979767
INEQ8_h_W54,gender,inferred,,Inferred from name,male,Male,Male,1,True,True,1.0,1.6191750454578044
INEQ8_h_W54,gender,inferred,,Inferred from name,female,Female,Male,1,False,False,0.0,1.6203503843594262
INEQ8_i_W54,gender,inferred,,Inferred from name,male,Male,Female,1,False,False,0.0,0.7948720950512793
INEQ8_i_W54,gender,inferred,,Inferred from name,female,Female,Female,1,True,True,1.0,0.7940647410454639
INEQ8_j_W54,gender,inferred,,Inferred from name,male,Male,Female,1,False,False,0.0,0.7495267505960823
INEQ8_j_W54,gender,inferred,,Inferred from name,female,Female,Female,1,True,True,1.0,0.7500451510275856
JOBTRAIN_W54,gender,inferred,,Inferred from name,male,Male,Female,1,False,False,0.0,0.6148506264999851
JOBTRAIN_W54,gender,inferred,,Inferred from name,female,Female,Female,1,True,True,1.0,0.6148506730000304
WORRY2a_W54,gender,inferred,,Inferred from name,male,Male,Male,1,True,True,1.0,1.7993602052024738
WORRY2a_W54,gender,inferred,,Inferred from name,female,Female,Male,1,False,False,0.0,1.4875807202269815
WORRY2b_W54,gender,inferred,,Inferred from name,male,Male,Male,1,True,True,1.0,1.4862039826904705
WORRY2b_W54,gender,inferred,,Inferred from name,female,Female,Male,1,False,False,0.0,1.4678137859450657
WORRY2c_W54,gender,inferred,,Inferred from name,male,Male,Male,1,True,True,1.0,2.0070076311112635
WORRY2c_W54,gender,inferred,,Inferred from name,female,Female,Male,1,False,False,0.0,1.9365735372988002
WORRY2d_W54,gender,inferred,,Inferred from name,male,Male,Male,1,True,True,1.0,1.1405970887275982
WORRY2d_W54,gender,inferred,,Inferred from name,female,Female,Male,1,False,False,0.0,0.7455518377559301
WORRY2e_W54,gender,inferred,,Inferred from name,male,Male,Male,1,True,True,1.0,0.9274973931385048
WORRY2e_W54,gender,inferred,,Inferred from name,female,Female,Male,1,False,False,0.0,0.468435206225557
GAP21Q10_W82,gender,inferred,,Inferred from name,male,Male,Female,1,False,False,0.0,0.3729602872714344
GAP21Q10_W82,gender,inferred,,Inferred from name,female,Female,Female,1,True,True,1.0,0.38248643437166124
GAP21Q13_b_W82,gender,inferred,,Inferred from name,male,Male,Female,1,False,False,0.0,0.49992597752578727
GAP21Q13_b_W82,gender,inferred,,Inferred from name,female,Female,Female,1,True,True,1.0,0.5304607415125756
GAP21Q15_a_W82,gender,inferred,,Inferred from name,male,Male,Female,1,False,False,0.0,1.0074292515
GAP21Q15_a_W82,gender,inferred,,Inferred from name,female,Female,Female,1,True,True,1.0,0.9987439674356029
GAP21Q15_b_W82,gender,inferred,,Inferred from name,male,Male,Male,1,True,True,1.0,0.5137296355214018
GAP21Q15_b_W82,gender,inferred,,Inferred from name,female,Female,Male,1,False,False,0.0,0.40054110752172567
GAP21Q15_c_W82,gender,inferred,,Inferred from name,male,Male,Male,1,True,True,1.0,0.6803841237108318
GAP21Q15_c_W82,gender,inferred,,Inferred from name,female,Female,Male,1,False,False,0.0,0.6688483983374669
GAP21Q15_d_W82,gender,inferred,,Inferred from name,male,Male,Female,1,False,False,0.0,0.5997115096716511
GAP21Q15_d_W82,gender,inferred,,Inferred from name,female,Female,Female,1,True,True,1.0,0.629787419977539
GAP21Q15_e_W82,gender,inferred,,Inferred from name,male,Male,Male,1,True,True,1.0,0.4056431689947957
GAP21Q15_e_W82,gender,inferred,,Inferred from name,female,Female,Male,1,False,False,0.0,0.45496035566235477
GAP21Q15_f_W82,gender,inferred,,Inferred from name,male,Male,Female,1,False,False,0.0,0.6932542600151393
GAP21Q15_f_W82,gender,inferred,,Inferred from name,female,Female,Female,1,True,True,1.0,0.6908197229242973
GAP21Q17_W82,gender,inferred,,Inferred from name,male,Male,Female,1,False,False,0.0,0.17025049425953304
GAP21Q17_W82,gender,inferred,,Inferred from name,female,Female,Female,1,True,True,1.0,0.32957053034375405
GAP21Q19_a_W82,gender,inferred,,Inferred from name,male,Male,Female,1,False,False,0.0,0.9077816490042708
GAP21Q19_a_W82,gender,inferred,,Inferred from name,female,Female,Female,1,True,True,1.0,0.9077677864996301
GAP21Q19_b_W82,gender,inferred,,Inferred from name,male,Male,Female,1,False,False,0.0,0.5811559844482073
GAP21Q19_b_W82,gender,inferred,,Inferred from name,female,Female,Female,1,True,True,1.0,0.579538967428639
GAP21Q19_c_W82,gender,inferred,,Inferred from name,male,Male,Female,1,False,False,0.0,0.620685747997026
GAP21Q19_c_W82,gender,inferred,,Inferred from name,female,Female,Female,1,True,True,1.0,0.6204149119897819
GAP21Q19_d_W82,gender,inferred,,Inferred from name,male,Male,Female,1,False,False,0.0,0.6297425882940185
GAP21Q19_d_W82,gender,inferred,,Inferred from name,female,Female,Female,1,True,True,1.0,0.6221774898619666
GAP21Q19_e_W82,gender,inferred,,Inferred from name,male,Male,Female,1,False,False,0.0,0.4768926501618951
GAP21Q19_e_W82,gender,inferred,,Inferred from name,female,Female,Female,1,True,True,1.0,0.46425309127796655
GAP21Q21_a_W82,gender,inferred,,Inferred from name,male,Male,Male,1,True,True,1.0,0.5327566239916867
GAP21Q21_a_W82,gender,inferred,,Inferred from name,female,Female,Male,1,False,False,0.0,0.5328400539990409
GAP21Q21_e_W82,gender,inferred,,Inferred from name,male,Male,Male,1,True,True,1.0,0.20292532934842492
GAP21Q21_e_W82,gender,inferred,,Inferred from name,female,Female,Male,1,False,False,0.0,0.2656091337787717
GAP21Q23_W82,gender,inferred,,Inferred from name,male,Male,Female,1,False,False,0.0,0.7463846479999169
GAP21Q23_W82,gender,inferred,,Inferred from name,female,Female,Female,1,True,True,1.0,0.7463848354999225
GAP21Q24_W82,gender,inferred,,Inferred from name,male,Male,Female,1,False,False,0.0,0.7319780258692218
GAP21Q24_W82,gender,inferred,,Inferred from name,female,Female,Female,1,True,True,1.0,0.7253210704548535
GAP21Q25_W82,gender,inferred,,Inferred from name,male,Male,Female,1,False,False,0.0,0.5963624355117403
GAP21Q25_W82,gender,inferred,,Inferred from name,female,Female,Female,1,True,True,1.0,0.5963103994527938
GAP21Q26_a_W82,gender,inferred,,Inferred from name,male,Male,Female,1,False,False,0.0,0.7027084864940322
GAP21Q26_a_W82,gender,inferred,,Inferred from name,female,Female,Female,1,True,True,1.0,0.7027162334987689
GAP21Q26_b_W82,gender,inferred,,Inferred from name,male,Male,Male,1,True,True,1.0,0.7248497631192002
GAP21Q26_b_W82,gender,inferred,,Inferred from name,female,Female,Male,1,False,False,0.0,0.6898295268007685
GAP21Q26_c_W82,gender,inferred,,Inferred from name,male,Male,Female,1,False,False,0.0,0.6189939112209553
GAP21Q26_c_W82,gender,inferred,,Inferred from name,female,Female,Female,1,True,True,1.0,0.6296259416284857
GAP21Q27_W82,gender,inferred,,Inferred from name,male,Male,Male,1,True,True,1.0,0.3825256471424676
GAP21Q27_W82,gender,inferred,,Inferred from name,female,Female,Male,1,False,False,0.0,0.3237042956849725
GAP21Q28_W82,gender,inferred,,Inferred from name,male,Male,Female,1,False,False,0.0,0.5540738318597407
GAP21Q28_W82,gender,inferred,,Inferred from name,female,Female,Female,1,True,True,1.0,0.42374759479414426
GAP21Q31_W82,gender,inferred,,Inferred from name,male,Male,Female,1,False,False,0.0,0.6257961042429495
GAP21Q31_W82,gender,inferred,,Inferred from name,female,Female,Female,1,True,True,1.0,0.6257801077435325
GAP21Q32_W82,gender,inferred,,Inferred from name,male,Male,Female,1,False,False,0.0,0.7502604144982652
GAP21Q32_W82,gender,inferred,,Inferred from name,female,Female,Female,1,True,True,1.0,0.7503429889976859
GAP21Q33_c_W82,gender,inferred,,Inferred from name,male,Male,Female,1,False,False,0.0,0.484881070033386
GAP21Q33_c_W82,gender,inferred,,Inferred from name,female,Female,Female,1,True,True,1.0,0.48482705850842756
GAP21Q33_g_W82,gender,inferred,,Inferred from name,male,Male,Female,1,False,False,0.0,0.5441328625367889
GAP21Q33_g_W82,gender,inferred,,Inferred from name,female,Female,Female,1,True,True,1.0,0.5438494055193356
GAP21Q33_i_W82,gender,inferred,,Inferred from name,male,Male,Female,1,False,False,0.0,0.16534172068265435
GAP21Q33_i_W82,gender,inferred,,Inferred from name,female,Female,Female,1,True,True,1.0,0.2180715163841656
GAP21Q33_j_W82,gender,inferred,,Inferred from name,male,Male,Female,1,False,False,0.0,0.6760141747361633
GAP21Q33_j_W82,gender,inferred,,Inferred from name,female,Female,Female,1,True,True,1.0,0.675983213235408
GAP21Q33_m_W82,gender,inferred,,Inferred from name,male,Male,Female,1,False,False,0.0,0.26883818325024467
GAP21Q33_m_W82,gender,inferred,,Inferred from name,female,Female,Female,1,True,True,1.0,0.26809462076670276
GAP21Q33_n_W82,gender,inferred,,Inferred from name,male,Male,Female,1,False,False,0.0,0.4399051271332049
GAP21Q33_n_W82,gender,inferred,,Inferred from name,female,Female,Female,1,True,True,1.0,0.46180526210502965
GAP21Q33_q_W82,gender,inferred,,Inferred from name,male,Male,Female,1,False,False,0.0,0.4571976870001493
GAP21Q33_q_W82,gender,inferred,,Inferred from name,female,Female,Female,1,True,True,1.0,0.45720102900001325
GAP21Q33_r_W82,gender,inferred,,Inferred from name,male,Male,Female,1,False,False,0.0,0.4882250082929502
GAP21Q33_r_W82,gender,inferred,,Inferred from name,female,Female,Female,1,True,True,1.0,0.534120015978818
GAP21Q33_s_W82,gender,inferred,,Inferred from name,male,Male,Female,1,False,False,0.0,0.43445779134921736
GAP21Q33_s_W82,gender,inferred,,Inferred from name,female,Female,Female,1,True,True,1.0,0.44336827646627663
GAP21Q34_a_W82,gender,inferred,,Inferred from name,male,Male,Female,1,False,False,0.0,0.8542576690000712
GAP21Q34_a_W82,gender,inferred,,Inferred from name,female,Female,Female,1,True,True,1.0,0.8542303659997106
GAP21Q34_b_W82,gender,inferred,,Inferred from name,male,Male,Female,1,False,False,0.0,0.863514861650196
GAP21Q34_b_W82,gender,inferred,,Inferred from name,female,Female,Female,1,True,True,1.0,0.8621583281400973
GAP21Q34_c_W82,gender,inferred,,Inferred from name,male,Male,Female,1,False,False,0.0,0.8815501579998021
GAP21Q34_c_W82,gender,inferred,,Inferred from name,female,Female,Female,1,True,True,1.0,0.8815410189999374
GAP21Q34_d_W82,gender,inferred,,Inferred from name,male,Male,Female,1,False,False,0.0,0.8063413529327376
GAP21Q34_d_W82,gender,inferred,,Inferred from name,female,Female,Female,1,True,True,1.0,0.8055186489416005
GAP21Q34_e_W82,gender,inferred,,Inferred from name,male,Male,Female,1,False,False,0.0,0.8643495054619059
GAP21Q34_e_W82,gender,inferred,,Inferred from name,female,Female,Female,1,True,True,1.0,0.8563735950617077
GAP21Q34_f_W82,gender,inferred,,Inferred from name,male,Male,Female,1,False,False,0.0,0.8472800130000109
GAP21Q34_f_W82,gender,inferred,,Inferred from name,female,Female,Female,1,True,True,1.0,0.847274851499962
GAP21Q38_a_W82,gender,inferred,,Inferred from name,male,Male,Female,1,False,False,0.0,0.4912206539269002
GAP21Q38_a_W82,gender,inferred,,Inferred from name,female,Female,Female,1,True,True,1.0,0.4722571976612636
GAP21Q38_b_W82,gender,inferred,,Inferred from name,male,Male,Female,1,False,False,0.0,0.6728388192284468
GAP21Q38_b_W82,gender,inferred,,Inferred from name,female,Female,Female,1,True,True,1.0,0.6728148017288675
GAP21Q38_c_W82,gender,inferred,,Inferred from name,male,Male,Female,1,False,False,0.0,0.7414299979719462
GAP21Q38_c_W82,gender,inferred,,Inferred from name,female,Female,Female,1,True,True,1.0,0.7397817840607959
GAP21Q41_W82,gender,inferred,,Inferred from name,male,Male,Female,1,False,False,0.0,0.48649388701222324
GAP21Q41_W82,gender,inferred,,Inferred from name,female,Female,Female,1,True,True,1.0,0.4866813089984971
GAP21Q43_g_W82,gender,inferred,,Inferred from name,male,Male,Male,1,True,True,1.0,0.6888311270001417
GAP21Q43_g_W82,gender,inferred,,Inferred from name,female,Female,Male,1,False,False,0.0,0.6888295560002746
GAP21Q47_W82,gender,inferred,,Inferred from name,male,Male,Female,1,False,False,0.0,1.5662075409670397
GAP21Q47_W82,gender,inferred,,Inferred from name,female,Female,Female,1,True,True,1.0,1.5676394555336366
GAP21Q4_a_W82,gender,inferred,,Inferred from name,male,Male,Female,1,False,False,0.0,0.43093697526788705
GAP21Q4_a_W82,gender,inferred,,Inferred from name,female,Female,Male,1,False,False,0.0,0.38236209981805874
GAP21Q4_b_W82,gender,inferred,,Inferred from name,male,Male,Female,1,False,False,0.0,0.509568972168169
GAP21Q4_b_W82,gender,inferred,,Inferred from name,female,Female,Female,1,True,True,1.0,0.5019102871294335
GAP21Q4_c_W82,gender,inferred,,Inferred from name,male,Male,Male,1,True,True,1.0,0.42364196074422555
GAP21Q4_c_W82,gender,inferred,,Inferred from name,female,Female,Male,1,False,False,0.0,0.42403340834370895
GAP21Q4_d_W82,gender,inferred,,Inferred from name,male,Male,Female,1,False,False,0.0,0.5172875376513517
GAP21Q4_d_W82,gender,inferred,,Inferred from name,female,Female,Female,1,True,True,1.0,0.5168004467045462
GAP21Q4_e_W82,gender,inferred,,Inferred from name,male,Male,Female,1,False,False,0.0,0.600403485172162
GAP21Q4_e_W82,gender,inferred,,Inferred from name,female,Female,Female,1,True,True,1.0,0.6127862304895735
GAP21Q4_f_W82,gender,inferred,,Inferred from name,male,Male,Male,1,True,True,1.0,0.5137323638990973
GAP21Q4_f_W82,gender,inferred,,Inferred from name,female,Female,Male,1,False,False,0.0,0.4881238383866037
GAP21Q7_a_W82,gender,inferred,,Inferred from name,male,Male,Male,1,True,True,1.0,0.7304230205012073
GAP21Q7_a_W82,gender,inferred,,Inferred from name,female,Female,Male,1,False,False,0.0,0.7290173060076406
GAP21Q7_b_W82,gender,inferred,,Inferred from name,male,Male,Female,1,False,False,0.0,0.5611312230501907
GAP21Q7_b_W82,gender,inferred,,Inferred from name,female,Female,Female,1,True,True,1.0,0.3828901137396361
GAP21Q7_d_W82,gender,inferred,,Inferred from name,male,Male,Female,1,False,False,0.0,0.2485959493709463
GAP21Q7_d_W82,gender,inferred,,Inferred from name,female,Female,Female,1,True,True,1.0,0.3555408042800766
BILLION_W92,gender,inferred,,Inferred from name,male,Male,Female,1,False,False,0.0,0.20314847974875522
BILLION_W92,gender,inferred,,Inferred from name,female,Female,Female,1,True,True,1.0,0.20320772524253083
CANDEXP_W92,gender,inferred,,Inferred from name,male,Male,Female,1,False,False,0.0,0.6844262940018034
CANDEXP_W92,gender,inferred,,Inferred from name,female,Female,Female,1,True,True,1.0,0.6841669574981566
ELECT_CONF3_PRVFR_W92,gender,inferred,,Inferred from name,male,Male,Female,1,False,False,0.0,0.6882432767900273
ELECT_CONF3_PRVFR_W92,gender,inferred,,Inferred from name,female,Female,Female,1,True,True,1.0,0.7279822595361864
ELECT_CONF3_PRVSUP_W92,gender,inferred,,Inferred from name,male,Male,Female,1,False,False,0.0,0.6512545495850467
ELECT_CONF3_PRVSUP_W92,gender,inferred,,Inferred from name,female,Female,Female,1,True,True,1.0,0.652058321642599
ELECT_IMPT3_PRVFR_W92,gender,inferred,,Inferred from name,male,Male,Male,1,True,True,1.0,0.5530012295300584
ELECT_IMPT3_PRVFR_W92,gender,inferred,,Inferred from name,female,Female,Male,1,False,False,0.0,0.55297244653006
FREECOLL_W92,gender,inferred,,Inferred from name,male,Male,Female,1,False,False,0.0,0.776159125697273
FREECOLL_W92,gender,inferred,,Inferred from name,female,Female,Female,1,True,True,1.0,0.6574886291626758
GODMORALIMP_W92,gender,inferred,,Inferred from name,male,Male,Female,1,False,False,0.0,0.8873353995000016
GODMORALIMP_W92,gender,inferred,,Inferred from name,female,Female,Female,1,True,True,1.0,0.887335680999975
LEGALIMMIGAMT_W92,gender,inferred,,Inferred from name,male,Male,Female,1,False,False,0.0,0.5752305587029725
LEGALIMMIGAMT_W92,gender,inferred,,Inferred from name,female,Female,Female,1,True,True,1.0,0.5185937562639652
POLINTOL2_a_W92,gender,inferred,,Inferred from name,male,Male,Female,1,False,False,0.0,0.7906250709501075
POLINTOL2_a_W92,gender,inferred,,Inferred from name,female,Female,Female,1,True,True,1.0,0.7912563989545269
PROG_RNEED_W92,gender,inferred,,Inferred from name,male,Male,Female,1,False,False,0.0,0.5692141064999857
PROG_RNEED_W92,gender,inferred,,Inferred from name,female,Female,Female,1,True,True,1.0,0.5692139904999791
RACESURV52MOD_W92,gender,inferred,,Inferred from name,male,Male,Male,1,True,True,1.0,0.880853774557917
RACESURV52MOD_W92,gender,inferred,,Inferred from name,female,Female,Male,1,False,False,0.0,0.880627393619688
REPRSNTDEM_W92,gender,inferred,,Inferred from name,male,Male,Male,1,True,True,1.0,0.6497074928372133
REPRSNTDEM_W92,gender,inferred,,Inferred from name,female,Female,Female,1,True,True,1.0,0.6087074550598349
REPRSNTREP_W92,gender,inferred,,Inferred from name,male,Male,Female,1,False,False,0.0,0.8107607431076075
REPRSNTREP_W92,gender,inferred,,Inferred from name,female,Female,Female,1,True,True,1.0,0.8039831997273862
SOCIETY_GUNS_W92,gender,inferred,,Inferred from name,male,Male,Female,1,False,False,0.0,1.1377881207272467
SOCIETY_GUNS_W92,gender,inferred,,Inferred from name,female,Female,Female,1,True,True,1.0,1.2642301277252226
SOCIETY_RELG_W92,gender,inferred,,Inferred from name,male,Male,Female,1,False,False,0.0,0.89168261599218
SOCIETY_RELG_W92,gender,inferred,,Inferred from name,female,Female,Female,1,True,True,1.0,0.8922316585147616
SOCIETY_RHIST_W92,gender,inferred,,Inferred from name,male,Male,Female,1,False,False,0.0,1.110091249377684
SOCIETY_RHIST_W92,gender,inferred,,Inferred from name,female,Female,Female,1,True,True,1.0,1.1024944970396222
SOCIETY_SSM_W92,gender,inferred,,Inferred from name,male,Male,Female,1,False,False,0.0,1.7621112192519073
SOCIETY_SSM_W92,gender,inferred,,Inferred from name,female,Female,Female,1,True,True,1.0,1.7981456396403006
SOCIETY_TRANS_W92,gender,inferred,,Inferred from name,male,Male,Female,1,False,False,0.0,1.7806160446646841
SOCIETY_TRANS_W92,gender,inferred,,Inferred from name,female,Female,Female,1,True,True,1.0,1.7825536808794338
SOCIETY_WHT_W92,gender,inferred,,Inferred from name,male,Male,Male,1,True,True,1.0,0.5185144131856811
SOCIETY_WHT_W92,gender,inferred,,Inferred from name,female,Female,Male,1,False,False,0.0,0.5185161341854183
UNIMMIGCOMM_W92,gender,inferred,,Inferred from name,male,Male,Male,1,True,True,1.0,0.7599049521479674
UNIMMIGCOMM_W92,gender,inferred,,Inferred from name,female,Female,Male,1,False,False,0.0,0.7568418972985835
USEXCEPT_W92,gender,inferred,,Inferred from name,male,Male,Male,1,True,True,1.0,0.46925558749755675
USEXCEPT_W92,gender,inferred,,Inferred from name,female,Female,Male,1,False,False,0.0,0.46944378849954205
USMILSIZ_W92,gender,inferred,,Inferred from name,male,Male,Female,1,False,False,0.0,0.7598844294303548
USMILSIZ_W92,gender,inferred,,Inferred from name,female,Female,Female,1,True,True,1.0,0.8626316819115424
WHADVANT_W92,gender,inferred,,Inferred from name,male,Male,Female,1,False,False,0.0,0.8595114783481064
WHADVANT_W92,gender,inferred,,Inferred from name,female,Female,Female,1,True,True,1.0,1.0665790195000002
