qkey,attribute,group_a,group_b,wasserstein,mean_pairwise_wasserstein,max_pairwise_wasserstein
AUTOLKLY_W41,gender,Male,Female,0.11764324,0.11764324,0.11764324
AUTOWKPLC_W41,gender,Male,Female,0.06751702999999999,0.06751702999999999,0.06751702999999999
BENEFITGOV_W49,gender,Male,Female,0.11859591472785133,0.11859591472785133,0.11859591472785133
BETTERBIZ1F2D_W36,gender,Male,Female,0.1390690792000115,0.1390690792000115,0.1390690792000115
BETTERBIZ1F2E_W36,gender,Male,Female,0.10112174500000007,0.10112174500000007,0.10112174500000007
BETTERBIZ1F2H_W36,gender,Male,Female,0.05083484500000002,0.05083484500000002,0.05083484500000002
BETTERBIZ2F2C_W36,gender,Male,Female,0.003796159999999965,0.003796159999999965,0.003796159999999965
BETTERBIZ2F2E_W36,gender,Male,Female,0.07120169000000003,0.07120169000000003,0.07120169000000003
BETTERBIZ2F2F_W36,gender,Male,Female,0.015175765000000008,0.015175765000000008,0.015175765000000008
BETTERPOL1F1B_W36,gender,Male,Female,0.11506277838188708,0.11506277838188708,0.11506277838188708
BETTERPOL1F1E_W36,gender,Male,Female,0.02863504499999997,0.02863504499999997,0.02863504499999997
BETTERPOL1F1I_W36,gender,Male,Female,0.020927120000000042,0.020927120000000042,0.020927120000000042
BETTERPOL2F1A_W36,gender,Male,Female,0.1100957003638004,0.1100957003638004,0.1100957003638004
BETTERPOL2F1C_W36,gender,Male,Female,0.02366024499999999,0.02366024499999999,0.02366024499999999
BETTERPOL2F1D_W36,gender,Male,Female,0.06683086827838364,0.06683086827838364,0.06683086827838364
BETTERPOL2F1F_W36,gender,Male,Female,0.07022496453138671,0.07022496453138671,0.07022496453138671
BILLION_W92,gender,Male,Female,0.03243360499999996,0.03243360499999996,0.03243360499999996
BOYSF1B_W29,gender,Male,Female,0.10429201499999999,0.10429201499999999,0.10429201499999999
CANDEXP_W92,gender,Male,Female,0.29232839,0.29232839,0.29232839
CARRYGUN_W26,gender,Male,Female,0.12741612642365355,0.12741612642365355,0.12741612642365355
CLASS_W32,gender,Male,Female,0.050516119999999894,0.050516119999999894,0.050516119999999894
COHABDUR_W50,gender,Male,Female,0.17356132000000007,0.17356132000000007,0.17356132000000007
COMMIMPA_W32,gender,Male,Female,0.20555360097783684,0.20555360097783684,0.20555360097783684
COMMIMPB_W32,gender,Male,Female,0.13809401999999982,0.13809401999999982,0.13809401999999982
COMMIMPC_W32,gender,Male,Female,0.2745834836520892,0.2745834836520892,0.2745834836520892
COMMIMPF_W32,gender,Male,Female,0.32438873,0.32438873,0.32438873
COMMIMPG_W32,gender,Male,Female,0.13060332000000022,0.13060332000000022,0.13060332000000022
COMMIMPH_W32,gender,Male,Female,0.16139326000000004,0.16139326000000004,0.16139326000000004
COMMYRS_W32,gender,Male,Female,0.03268944432555873,0.03268944432555873,0.03268944432555873
CONCERNCO_W49,gender,Male,Female,0.08561430922256785,0.08561430922256785,0.08561430922256785
CONCERNGRPa_W49,gender,Male,Female,0.16055866000000005,0.16055866000000005,0.16055866000000005
CONCERNGRPc_W49,gender,Male,Female,0.08414832999999988,0.08414832999999988,0.08414832999999988
CONFb_W42,gender,Male,Female,0.14258080733711093,0.14258080733711093,0.14258080733711093
CONFc_W42,gender,Male,Female,0.04402340955976575,0.04402340955976575,0.04402340955976575
CONFe_W42,gender,Male,Female,0.11466535145868685,0.11466535145868685,0.11466535145868685
CONFg_W42,gender,Male,Female,0.06137301999999999,0.06137301999999999,0.06137301999999999
CONTROLCO_W49,gender,Male,Female,0.07627402999999994,0.07627402999999994,0.07627402999999994
CONTROLGRPc_W49,gender,Male,Female,0.05065947999999994,0.05065947999999994,0.05065947999999994
DATAUSEd_W49,gender,Male,Female,0.004765759999999952,0.004765759999999952,0.004765759999999952
DNA2b_W50,gender,Male,Female,0.016939800000000005,0.016939800000000005,0.016939800000000005
DNA5_W50,gender,Male,Female,0.009774499999999992,0.009774499999999992,0.009774499999999992
E5MOD_W50,gender,Male,Female,0.27398521000000003,0.27398521000000003,0.27398521000000003
E5_W36,gender,Male,Female,0.28371384678917805,0.28371384678917805,0.28371384678917805
EAT1_W34,gender,Male,Female,0.15373783540426678,0.15373783540426678,0.15373783540426678
EAT2_W34,gender,Male,Female,0.1284656099999998,0.1284656099999998,0.1284656099999998
EAT5B_W34,gender,Male,Female,0.2871463100000002,0.2871463100000002,0.2871463100000002
EAT5C_W34,gender,Male,Female,0.31826349999999987,0.31826349999999987,0.31826349999999987
EAT5D_W34,gender,Male,Female,0.2504917374950824,0.2504917374950824,0.2504917374950824
ECIMPg_W54,gender,Male,Female,0.02782285561331138,0.02782285561331138,0.02782285561331138
ECON1_W54,gender,Male,Female,0.2252770899999999,0.2252770899999999,0.2252770899999999
ECON3_d_W54,gender,Male,Female,0.13882371000000016,0.13882371000000016,0.13882371000000016
ECON4_a_W54,gender,Male,Female,0.02896168008290645,0.02896168008290645,0.02896168008290645
ECON4_b_W54,gender,Male,Female,0.05641669151764095,0.05641669151764095,0.05641669151764095
ECON4_e_W54,gender,Male,Female,0.046581679534183185,0.046581679534183185,0.046581679534183185
ECON4_f_W54,gender,Male,Female,0.20061898999999989,0.20061898999999989,0.20061898999999989
ECON4_g_W54,gender,Male,Female,0.11209588000000009,0.11209588000000009,0.11209588000000009
ECON5_b_W54,gender,Male,Female,0.11549129458815305,0.11549129458815305,0.11549129458815305
ECON5_c_W54,gender,Male,Female,0.21050491305829777,0.21050491305829777,0.21050491305829777
ECON5_d_W54,gender,Male,Female,0.28046338,0.28046338,0.28046338
ECON5_e_W54,gender,Male,Female,0.31881676906753353,0.31881676906753353,0.31881676906753353
ECON5_f_W54,gender,Male,Female,0.18944139234868884,0.18944139234868884,0.18944139234868884
ECON5_g_W54,gender,Male,Female,0.15456912668131,0.15456912668131,0.15456912668131
ECON5_h_W54,gender,Male,Female,0.23702203669295097,0.23702203669295097,0.23702203669295097
ECON5_i_W54,gender,Male,Female,0.19137758256370208,0.19137758256370208,0.19137758256370208
ECON5_j_W54,gender,Male,Female,0.23233598844491302,0.23233598844491302,0.23233598844491302
ECON5_k_W54,gender,Male,Female,0.1859557028217574,0.1859557028217574,0.1859557028217574
ELECT_CONF3_PRVFR_W92,gender,Male,Female,0.08782188999999999,0.08782188999999999,0.08782188999999999
ELECT_CONF3_PRVSUP_W92,gender,Male,Female,0.06453428000000005,0.06453428000000005,0.06453428000000005
ELECT_IMPT3_PRVFR_W92,gender,Male,Female,0.16333067446952998,0.16333067446952998,0.16333067446952998
ESSENBIZF2E_W36,gender,Male,Female,0.12374938000000002,0.12374938000000002,0.12374938000000002
ESSENBIZF2J_W36,gender,Male,Female,0.0790133666596583,0.0790133666596583,0.0790133666596583
ESSENPOLF1A_W36,gender,Male,Female,0.005056240594104033,0.005056240594104033,0.005056240594104033
ESSENPOLF1B_W36,gender,Male,Female,0.13900076468087597,0.13900076468087597,0.13900076468087597
ESSENPOLF1D_W36,gender,Male,Female,0.019113471809949156,0.019113471809949156,0.019113471809949156
ESSENPOLF1G_W36,gender,Male,Female,0.019975089999999918,0.019975089999999918,0.019975089999999918
ESSENPOLF1H_W36,gender,Male,Female,0.16617941452302765,0.16617941452302765,0.16617941452302765
ETHNCMAJMOD_W41,gender,Male,Female,0.0414640750000001,0.0414640750000001,0.0414640750000001
ETHNCMAJ_W32,gender,Male,Female,0.021256514999999976,0.021256514999999976,0.021256514999999976
EVOBIOA_W34,gender,Male,Female,0.0754553,0.0754553,0.0754553
EVOBIOB_W34,gender,Male,Female,0.13486962000000002,0.13486962000000002,0.13486962000000002
EVOPERS3_W34,gender,Male,Female,0.06027304000000011,0.06027304000000011,0.06027304000000011
EVOTHREE_W34,gender,Male,Female,0.04082140000000001,0.04082140000000001,0.04082140000000001
FACE3c_W49,gender,Male,Female,0.137226434471903,0.137226434471903,0.137226434471903
FAMSURV10c_W50,gender,Male,Female,0.05715171999999996,0.05715171999999996,0.05715171999999996
FAMSURV16_W50,gender,Male,Female,0.11924572999999997,0.11924572999999997,0.11924572999999997
FAMSURV1_W50,gender,Male,Female,0.21597343640658967,0.21597343640658967,0.21597343640658967
FAMSURV20_W50,gender,Male,Female,0.020492129999999997,0.020492129999999997,0.020492129999999997
FAMSURV23b_W50,gender,Male,Female,0.10510920475665975,0.10510920475665975,0.10510920475665975
FAMSURV23c_W50,gender,Male,Female,0.06097360000000002,0.06097360000000002,0.06097360000000002
FAMSURV23d_W50,gender,Male,Female,0.14412306377336404,0.14412306377336404,0.14412306377336404
FAMSURV23e_W50,gender,Male,Female,0.038382679916574014,0.038382679916574014,0.038382679916574014
FAMSURV23f_W50,gender,Male,Female,0.06135833327432888,0.06135833327432888,0.06135833327432888
FAMSURV23g_W50,gender,Male,Female,0.013841239999999977,0.013841239999999977,0.013841239999999977
FAMSURV26a_W50,gender,Male,Female,0.26498575,0.26498575,0.26498575
FAMSURV26b_W50,gender,Male,Female,0.13517267000000008,0.13517267000000008,0.13517267000000008
FAMSURV26c_W50,gender,Male,Female,0.06832285000000002,0.06832285000000002,0.06832285000000002
FAMSURV26d_W50,gender,Male,Female,0.08434988999999996,0.08434988999999996,0.08434988999999996
FAMSURV29_W50,gender,Male,Female,0.08180861377468811,0.08180861377468811,0.08180861377468811
FAMSURV2Ma_W50,gender,Male,Female,0.04682557999999998,0.04682557999999998,0.04682557999999998
FAMSURV2Mc_W50,gender,Male,Female,0.07746805873095702,0.07746805873095702,0.07746805873095702
FAMSURV2Wa_W50,gender,Male,Female,0.08852090941295904,0.08852090941295904,0.08852090941295904
FAMSURV2Wc_W50,gender,Male,Female,0.01841592999999994,0.01841592999999994,0.01841592999999994
FAMSURV32e_W50,gender,Male,Female,0.27551677,0.27551677,0.27551677
FAMSURV39_W50,gender,Male,Female,0.3642067200000001,0.3642067200000001,0.3642067200000001
FAMSURV3_W50,gender,Male,Female,0.02878499999999995,0.02878499999999995,0.02878499999999995
FAMSURV40_W50,gender,Male,Female,0.05875561734592116,0.05875561734592116,0.05875561734592116
FAMSURV43_W50,gender,Male,Female,0.21327697822678515,0.21327697822678515,0.21327697822678515
FAMSURV44_W50,gender,Male,Female,0.02461490480150219,0.02461490480150219,0.02461490480150219
FAMSURV6_W50,gender,Male,Female,0.02325439848263272,0.02325439848263272,0.02325439848263272
FAMSURV9c_W50,gender,Male,Female,0.0516569870585713,0.0516569870585713,0.0516569870585713
FATHER_W50,gender,Male,Female,0.023445969999999983,0.023445969999999983,0.023445969999999983
FAVORS_CPS_W29,gender,Male,Female,0.15348007237611513,0.15348007237611513,0.15348007237611513
FIN_SIT_W54,gender,Male,Female,0.12731274000000026,0.12731274000000026,0.12731274000000026
FREECOLL_W92,gender,Male,Female,0.2907026608726726,0.2907026608726726,0.2907026608726726
FTRWORRYc_W41,gender,Male,Female,0.042709369572906164,0.042709369572906164,0.042709369572906164
FTRWORRYe_W41,gender,Male,Female,0.14941128717784224,0.14941128717784224,0.14941128717784224
FTRWORRYf_W41,gender,Male,Female,0.15730299000000003,0.15730299000000003,0.15730299000000003
FUD22_W34,gender,Male,Female,0.04161787999999995,0.04161787999999995,0.04161787999999995
FUD24_W34,gender,Male,Female,0.004887359999999924,0.004887359999999924,0.004887359999999924
FUD33B_W34,gender,Male,Female,0.010624351970052043,0.010624351970052043,0.010624351970052043
FUD35_W34,gender,Male,Female,0.20807841000000013,0.20807841000000013,0.20807841000000013
FUD37A_W34,gender,Male,Female,0.1387911224072796,0.1387911224072796,0.1387911224072796
FUD37B_W34,gender,Male,Female,0.3100165239082555,0.3100165239082555,0.3100165239082555
FUD37C_W34,gender,Male,Female,0.3344374266556258,0.3344374266556258,0.3344374266556258
FUTRCLASSb_W41,gender,Male,Female,0.07003203499999996,0.07003203499999996,0.07003203499999996
FUTRCLASSc_W41,gender,Male,Female,0.026930445000000025,0.026930445000000025,0.026930445000000025
FUTR_DIV_W41,gender,Male,Female,0.03522945499999999,0.03522945499999999,0.03522945499999999
GAP21Q10_W82,gender,Male,Female,0.09454133000000003,0.09454133000000003,0.09454133000000003
GAP21Q13_b_W82,gender,Male,Female,0.06816995000000026,0.06816995000000026,0.06816995000000026
GAP21Q15_a_W82,gender,Male,Female,0.07914293949092285,0.07914293949092285,0.07914293949092285
GAP21Q15_b_W82,gender,Male,Female,0.21808846781911534,0.21808846781911534,0.21808846781911534
GAP21Q15_c_W82,gender,Male,Female,0.28354408601074105,0.28354408601074105,0.28354408601074105
GAP21Q15_d_W82,gender,Male,Female,0.5500155696106822,0.5500155696106822,0.5500155696106822
GAP21Q15_e_W82,gender,Male,Female,0.39555962,0.39555962,0.39555962
GAP21Q15_f_W82,gender,Male,Female,0.3464202878711834,0.3464202878711834,0.3464202878711834
GAP21Q17_W82,gender,Male,Female,0.021092094975975556,0.021092094975975556,0.021092094975975556
GAP21Q19_a_W82,gender,Male,Female,0.1687133899999998,0.1687133899999998,0.1687133899999998
GAP21Q19_b_W82,gender,Male,Female,0.18415995624969864,0.18415995624969864,0.18415995624969864
GAP21Q19_c_W82,gender,Male,Female,0.08093224000000002,0.08093224000000002,0.08093224000000002
GAP21Q19_d_W82,gender,Male,Female,0.07342411283848768,0.07342411283848768,0.07342411283848768
GAP21Q19_e_W82,gender,Male,Female,0.06550835000000012,0.06550835000000012,0.06550835000000012
GAP21Q21_a_W82,gender,Male,Female,0.06904514000000006,0.06904514000000006,0.06904514000000006
GAP21Q21_e_W82,gender,Male,Female,0.042297278590347875,0.042297278590347875,0.042297278590347875
GAP21Q23_W82,gender,Male,Female,0.27279068999999995,0.27279068999999995,0.27279068999999995
GAP21Q24_W82,gender,Male,Female,0.2639763726397634,0.2639763726397634,0.2639763726397634
GAP21Q25_W82,gender,Male,Female,0.19732262999999994,0.19732262999999994,0.19732262999999994
GAP21Q26_a_W82,gender,Male,Female,0.04364785000000007,0.04364785000000007,0.04364785000000007
GAP21Q26_b_W82,gender,Male,Female,0.2310850299999998,0.2310850299999998,0.2310850299999998
GAP21Q26_c_W82,gender,Male,Female,0.25789748,0.25789748,0.25789748
GAP21Q27_W82,gender,Male,Female,0.07446033499999996,0.07446033499999996,0.07446033499999996
GAP21Q28_W82,gender,Male,Female,0.20259235891186606,0.20259235891186606,0.20259235891186606
GAP21Q31_W82,gender,Male,Female,0.05318709377027625,0.05318709377027625,0.05318709377027625
GAP21Q32_W82,gender,Male,Female,0.07001485177051037,0.07001485177051037,0.07001485177051037
GAP21Q33_c_W82,gender,Male,Female,0.18879180999999984,0.18879180999999984,0.18879180999999984
GAP21Q33_g_W82,gender,Male,Female,0.05896153245486513,0.05896153245486513,0.05896153245486513
GAP21Q33_i_W82,gender,Male,Female,0.13071255701423146,0.13071255701423146,0.13071255701423146
GAP21Q33_j_W82,gender,Male,Female,0.13320436866795649,0.13320436866795649,0.13320436866795649
GAP21Q33_m_W82,gender,Male,Female,0.04943564269964307,0.04943564269964307,0.04943564269964307
GAP21Q33_n_W82,gender,Male,Female,0.05272684999999988,0.05272684999999988,0.05272684999999988
GAP21Q33_q_W82,gender,Male,Female,0.11141683440628836,0.11141683440628836,0.11141683440628836
GAP21Q33_r_W82,gender,Male,Female,0.10192354000000009,0.10192354000000009,0.10192354000000009
GAP21Q33_s_W82,gender,Male,Female,0.15327339,0.15327339,0.15327339
GAP21Q34_a_W82,gender,Male,Female,0.17369216,0.17369216,0.17369216
GAP21Q34_b_W82,gender,Male,Female,0.10878701696967741,0.10878701696967741,0.10878701696967741
GAP21Q34_c_W82,gender,Male,Female,0.18668487446548154,0.18668487446548154,0.18668487446548154
GAP21Q34_d_W82,gender,Male,Female,0.17973027684400406,0.17973027684400406,0.17973027684400406
GAP21Q34_e_W82,gender,Male,Female,0.07148483000000022,0.07148483000000022,0.07148483000000022
GAP21Q34_f_W82,gender,Male,Female,0.24139017999999998,0.24139017999999998,0.24139017999999998
GAP21Q38_a_W82,gender,Male,Female,0.048156689999999946,0.048156689999999946,0.048156689999999946
GAP21Q38_b_W82,gender,Male,Female,0.23966909022740818,0.23966909022740818,0.23966909022740818
GAP21Q38_c_W82,gender,Male,Female,0.22729678000000003,0.22729678000000003,0.22729678000000003
GAP21Q41_W82,gender,Male,Female,0.03198325999999996,0.03198325999999996,0.03198325999999996
GAP21Q43_g_W82,gender,Male,Female,0.03316609655897468,0.03316609655897468,0.03316609655897468
GAP21Q47_W82,gender,Male,Female,0.10006967000000008,0.10006967000000008,0.10006967000000008
GAP21Q4_a_W82,gender,Male,Female,0.07938632090416559,0.07938632090416559,0.07938632090416559
GAP21Q4_b_W82,gender,Male,Female,0.09442529320955798,0.09442529320955798,0.09442529320955798
GAP21Q4_c_W82,gender,Male,Female,0.13723250000000015,0.13723250000000015,0.13723250000000015
GAP21Q4_d_W82,gender,Male,Female,0.08506263085062632,0.08506263085062632,0.08506263085062632
GAP21Q4_e_W82,gender,Male,Female,0.15572533498145436,0.15572533498145436,0.15572533498145436
GAP21Q4_f_W82,gender,Male,Female,0.09322893296078599,0.09322893296078599,0.09322893296078599
GAP21Q7_a_W82,gender,Male,Female,0.11842099999999992,0.11842099999999992,0.11842099999999992
GAP21Q7_b_W82,gender,Male,Female,0.16463198,0.16463198,0.16463198
GAP21Q7_d_W82,gender,Male,Female,0.20628504000000003,0.20628504000000003,0.20628504000000003
GAYMARR2_W32,gender,Male,Female,0.12598261291643065,0.12598261291643065,0.12598261291643065
GIRLSF2C_W29,gender,Male,Female,0.051575777581438845,0.051575777581438845,0.051575777581438845
GIRLSF2D_W29,gender,Male,Female,0.055314156985722465,0.055314156985722465,0.055314156985722465
GODMORALIMP_W92,gender,Male,Female,0.13317172000000005,0.13317172000000005,0.13317172000000005
GOPDIRCT_W29,gender,Male,Female,0.20523859999999997,0.20523859999999997,0.20523859999999997
GOVPRIORITYb_W54,gender,Male,Female,0.06117451052005263,0.06117451052005263,0.06117451052005263
GOVPRIORITYc_W54,gender,Male,Female,0.22557244045525887,0.22557244045525887,0.22557244045525887
GOVPRIORITYd_W54,gender,Male,Female,0.18207081086346794,0.18207081086346794,0.18207081086346794
GOVPRIORITYf_W54,gender,Male,Female,0.28371221999999996,0.28371221999999996,0.28371221999999996
GOVPRIOb_W41,gender,Male,Female,0.21669094466248834,0.21669094466248834,0.21669094466248834
GOVPRIOc_W41,gender,Male,Female,0.21334980409262816,0.21334980409262816,0.21334980409262816
GOVPRIOe_W41,gender,Male,Female,0.12427803999999992,0.12427803999999992,0.12427803999999992
GOVPRIOfF1_W41,gender,Male,Female,0.07944167999999979,0.07944167999999979,0.07944167999999979
GOVPRIOgF1_W41,gender,Male,Female,0.08601999097147434,0.08601999097147434,0.08601999097147434
GOVPRIOhF1_W41,gender,Male,Female,0.14924699163789362,0.14924699163789362,0.14924699163789362
GOVPRIOiF1_W41,gender,Male,Female,0.07559283000000033,0.07559283000000033,0.07559283000000033
GOVPRIOjF1_W41,gender,Male,Female,0.19135331967111657,0.19135331967111657,0.19135331967111657
GOVPRIOkF2_W41,gender,Male,Female,0.19631632216369724,0.19631632216369724,0.19631632216369724
GOVPRIOlF2_W41,gender,Male,Female,0.07051302999999998,0.07051302999999998,0.07051302999999998
GOVPRIOmF2_W41,gender,Male,Female,0.18936219999999987,0.18936219999999987,0.18936219999999987
GOVPRIOnF2_W41,gender,Male,Female,0.2994199434289234,0.2994199434289234,0.2994199434289234
GOVPRIOoF2_W41,gender,Male,Female,0.10792930892070657,0.10792930892070657,0.10792930892070657
GOVREGV1_W49,gender,Male,Female,0.008784411579158935,0.008784411579158935,0.008784411579158935
GROWUPGUN2A_W26,gender,Male,Female,0.02645808000000005,0.02645808000000005,0.02645808000000005
GROWUPGUN2B_W26,gender,Male,Female,0.06983356000000007,0.06983356000000007,0.06983356000000007
GROWUPGUN2C_W26,gender,Male,Female,0.12567848999999998,0.12567848999999998,0.12567848999999998
GROWUPGUN4_W26,gender,Male,Female,0.19573881999999995,0.19573881999999995,0.19573881999999995
GROWUPGUN6_W26,gender,Male,Female,0.41024151006297305,0.41024151006297305,0.41024151006297305
GROWUPGUN7_W26,gender,Male,Female,0.9799193065335073,0.9799193065335073,0.9799193065335073
GROWUPVIOL_W26,gender,Male,Female,0.10525287000000001,0.10525287000000001,0.10525287000000001
GUNACCESS_W26,gender,Male,Female,0.26847898271435916,0.26847898271435916,0.26847898271435916
GUNACTIVITYA_W26,gender,Male,Female,0.40512179,0.40512179,0.40512179
GUNACTIVITYB_W26,gender,Male,Female,0.293537986141301,0.293537986141301,0.293537986141301
GUNCONTRIBA_W26,gender,Male,Female,0.3380495241731196,0.3380495241731196,0.3380495241731196
GUNCONTRIBC_W26,gender,Male,Female,0.32655844454925986,0.32655844454925986,0.32655844454925986
GUNCONTRIBE_W26,gender,Male,Female,0.4420735348417624,0.4420735348417624,0.4420735348417624
GUNCONTRIBF_W26,gender,Male,Female,0.17482951127702087,0.17482951127702087,0.17482951127702087
GUNFRIEND_W26,gender,Male,Female,0.19455915999999993,0.19455915999999993,0.19455915999999993
GUNIDENTITY_W26,gender,Male,Female,0.11044064000000012,0.11044064000000012,0.11044064000000012
GUNLOADED1_W26,gender,Male,Female,0.19281009481260167,0.19281009481260167,0.19281009481260167
GUNLOADED2_W26,gender,Male,Female,0.007936229999999989,0.007936229999999989,0.007936229999999989
GUNLOCKED1_W26,gender,Male,Female,0.13664473661173004,0.13664473661173004,0.13664473661173004
GUNLOCKED2_W26,gender,Male,Female,0.0073127900000000134,0.0073127900000000134,0.0073127900000000134
GUNRESPKIDSD_W26,gender,Male,Female,0.049383065098697915,0.049383065098697915,0.049383065098697915
GUNRESPKIDSE_W26,gender,Male,Female,0.40110359271786866,0.40110359271786866,0.40110359271786866
GUNRESPNOKIDSA_W26,gender,Male,Female,0.20231650202316498,0.20231650202316498,0.20231650202316498
GUNRESPNOKIDSB_W26,gender,Male,Female,0.2083603824406493,0.2083603824406493,0.2083603824406493
GUNRESPNOKIDSC_W26,gender,Male,Female,0.13126636676495096,0.13126636676495096,0.13126636676495096
GUNRESPNOKIDSD_W26,gender,Male,Female,0.09794651307353341,0.09794651307353341,0.09794651307353341
GUNRESPNOKIDSE_W26,gender,Male,Female,0.39602702999999995,0.39602702999999995,0.39602702999999995
GUNRESPNOKIDSF_W26,gender,Male,Female,0.3287998575984765,0.3287998575984765,0.3287998575984765
GUNSAFETYKIDS_W26,gender,Male,Female,0.06337907499999995,0.06337907499999995,0.06337907499999995
GUNSAFE_W26,gender,Male,Female,0.058513780000000015,0.058513780000000015,0.058513780000000015
GUNTYPEOWNC_W26,gender,Male,Female,0.3429450999999999,0.3429450999999999,0.3429450999999999
HAPPEN2b_W41,gender,Male,Female,0.133219191535213,0.133219191535213,0.133219191535213
HAPPEN2f_W41,gender,Male,Female,0.10509362541962743,0.10509362541962743,0.10509362541962743
HARASS1F1b_W41,gender,Male,Female,0.04576171609290697,0.04576171609290697,0.04576171609290697
HARASS1F1d_W41,gender,Male,Female,0.15847136999999978,0.15847136999999978,0.15847136999999978
HARASS1NOWRKF2d_W41,gender,Male,Female,0.27886497,0.27886497,0.27886497
HARASS2F1_W32,gender,Male,Female,0.015190887486521226,0.015190887486521226,0.015190887486521226
HARASS3NOWRKF2_W41,gender,Male,Female,0.031663419999999984,0.031663419999999984,0.031663419999999984
HAVEKIDS1_W50,gender,Male,Female,0.23070763276539047,0.23070763276539047,0.23070763276539047
HIGHEDWRNGB_W36,gender,Male,Female,0.21626960783730398,0.21626960783730398,0.21626960783730398
HIGHEDWRNGC_W36,gender,Male,Female,0.2365128723563944,0.2365128723563944,0.2365128723563944
HOMEASSIST2_W49,gender,Male,Female,0.171142,0.171142,0.171142
HOMEASSIST3_W49,gender,Male,Female,0.2802847500000001,0.2802847500000001,0.2802847500000001
HOMEASSIST4_W49,gender,Male,Female,0.09587896573054283,0.09587896573054283,0.09587896573054283
HOOD_NHISB_W29,gender,Male,Female,0.07220416999999979,0.07220416999999979,0.07220416999999979
IDIMPORT_W43,gender,Male,Female,0.1924184954084044,0.1924184954084044,0.1924184954084044
IMMIMPACT_W32,gender,Male,Female,0.006735459999999943,0.006735459999999943,0.006735459999999943
IMPROVE1_W36,gender,Male,Female,0.2558220380755263,0.2558220380755263,0.2558220380755263
IMPROVE2_W36,gender,Male,Female,0.37886175195758764,0.37886175195758764,0.37886175195758764
IMPROVE3_W36,gender,Male,Female,0.4380959699999999,0.4380959699999999,0.4380959699999999
INEQ11_W54,gender,Male,Female,0.04863418,0.04863418,0.04863418
INEQ1_W54,gender,Male,Female,0.04012140999999997,0.04012140999999997,0.04012140999999997
INEQ4_a_W54,gender,Male,Female,0.029559046082531792,0.029559046082531792,0.029559046082531792
INEQ5_a_W54,gender,Male,Female,0.05261117781045771,0.05261117781045771,0.05261117781045771
INEQ5_d_W54,gender,Male,Female,0.10840343000000016,0.10840343000000016,0.10840343000000016
INEQ5_e_W54,gender,Male,Female,0.15952633000000016,0.15952633000000016,0.15952633000000016
INEQ5_f_W54,gender,Male,Female,0.07016332065988096,0.07016332065988096,0.07016332065988096
INEQ5_h_W54,gender,Male,Female,0.12520612125206187,0.12520612125206187,0.12520612125206187
INEQ5_i_W54,gender,Male,Female,0.11129823065558264,0.11129823065558264,0.11129823065558264
INEQ5_k_W54,gender,Male,Female,0.34042167999999984,0.34042167999999984,0.34042167999999984
INEQ5_l_W54,gender,Male,Female,0.16451408000000017,0.16451408000000017,0.16451408000000017
INEQ5_m_W54,gender,Male,Female,0.14434331471164027,0.14434331471164027,0.14434331471164027
INEQ8_a_W54,gender,Male,Female,0.3439817089904118,0.3439817089904118,0.3439817089904118
INEQ8_b_W54,gender,Male,Female,0.28589025999999995,0.28589025999999995,0.28589025999999995
INEQ8_c_W54,gender,Male,Female,0.21648916999999995,0.21648916999999995,0.21648916999999995
INEQ8_d_W54,gender,Male,Female,0.183340631491982,0.183340631491982,0.183340631491982
INEQ8_f_W54,gender,Male,Female,0.26442486735575155,0.26442486735575155,0.26442486735575155
INEQ8_g_W54,gender,Male,Female,0.31028844999999977,0.31028844999999977,0.31028844999999977
INEQ8_h_W54,gender,Male,Female,0.09468767000000006,0.09468767000000006,0.09468767000000006
INEQ8_i_W54,gender,Male,Female,0.25788718096981006,0.25788718096981006,0.25788718096981006
INEQ8_j_W54,gender,Male,Female,0.1331158724543251,0.1331158724543251,0.1331158724543251
INFOCHALa_W45,gender,Male,Female,0.03795334000000006,0.03795334000000006,0.03795334000000006
INFOCREATEa_W45,gender,Male,Female,0.05709233000000008,0.05709233000000008,0.05709233000000008
INTRMAR_W41,gender,Male,Female,0.042950987717980005,0.042950987717980005,0.042950987717980005
JOBTRAIN_W54,gender,Male,Female,0.06659402681446214,0.06659402681446214,0.06659402681446214
LEGALIMG_W41,gender,Male,Female,0.06579864915691475,0.06579864915691475,0.06579864915691475
LEGALIMMIGAMT_W92,gender,Male,Female,0.06515514000000006,0.06515514000000006,0.06515514000000006
LOCALELECT_W29,gender,Male,Female,0.12393901000000018,0.12393901000000018,0.12393901000000018
MADEUPOFT_W45,gender,Male,Female,0.04444798721064824,0.04444798721064824,0.04444798721064824
MADEUPTOPICb_W45,gender,Male,Female,0.0890950039346936,0.0890950039346936,0.0890950039346936
MADEUPTOPICc_W45,gender,Male,Female,0.027596199999999987,0.027596199999999987,0.027596199999999987
MADEUPTOPICd_W45,gender,Male,Female,0.03863299999999986,0.03863299999999986,0.03863299999999986
MAN1A_W29,gender,Male,Female,1.01920817,1.01920817,1.01920817
MAN1B_W29,gender,Male,Female,1.25869198,1.25869198,1.25869198
MAN1C_W29,gender,Male,Female,0.92679733,0.92679733,0.92679733
MAN1D_W29,gender,Male,Female,1.597301294026987,1.597301294026987,1.597301294026987
MAN1E_W29,gender,Male,Female,0.44492107,0.44492107,0.44492107
MARRDUR_W50,gender,Male,Female,0.061115499999999906,0.061115499999999906,0.061115499999999906
MARRYPREF1_W50,gender,Male,Female,0.04678201500000001,0.04678201500000001,0.04678201500000001
MARRYPREF2_W50,gender,Male,Female,0.036061584999999965,0.036061584999999965,0.036061584999999965
MASC2_W29,gender,Male,Female,2.1469449414694495,2.1469449414694495,2.1469449414694495
MOREWMN1F2_W36,gender,Male,Female,0.08016822000000007,0.08016822000000007,0.08016822000000007
MOTHER_W50,gender,Male,Female,0.023015459999999988,0.023015459999999988,0.023015459999999988
MOVERURAL_W32,gender,Male,Female,0.09271421092714194,0.09271421092714194,0.09271421092714194
MOVESUBURB_W32,gender,Male,Female,0.23398872999999987,0.23398872999999987,0.23398872999999987
MOVEURBAN_W32,gender,Male,Female,0.11238852914038994,0.11238852914038994,0.11238852914038994
NEIGHINTERA_W32,gender,Male,Female,0.15930686558483625,0.15930686558483625,0.15930686558483625
NEIGHINTERB_W32,gender,Male,Female,0.05563315053650047,0.05563315053650047,0.05563315053650047
NEIGHKIDS_W32,gender,Male,Female,0.008486627672213254,0.008486627672213254,0.008486627672213254
NEIGHSAMEA_W32,gender,Male,Female,0.037218929217533336,0.037218929217533336,0.037218929217533336
NEWSPROBd_W45,gender,Male,Female,0.08714294354044536,0.08714294354044536,0.08714294354044536
NEWSPROBe_W45,gender,Male,Female,0.15316941846830595,0.15316941846830595,0.15316941846830595
NEWS_PLATFORMg_W45,gender,Male,Female,0.33846166999999994,0.33846166999999994,0.33846166999999994
NOCARRYGUN_W26,gender,Male,Female,0.07325672999999999,0.07325672999999999,0.07325672999999999
PAR1_W50,gender,Male,Female,0.026656018894076344,0.026656018894076344,0.026656018894076344
PAR2_W50,gender,Male,Female,0.046118685000000104,0.046118685000000104,0.046118685000000104
POLCHF1_W36,gender,Male,Female,0.11088972999999996,0.11088972999999996,0.11088972999999996
POLINTOL2_a_W92,gender,Male,Female,0.12545939000000011,0.12545939000000011,0.12545939000000011
PP5e_W49,gender,Male,Female,0.2019253093742297,0.2019253093742297,0.2019253093742297
PQ4_F2Aa_W42,gender,Male,Female,0.030503539999999996,0.030503539999999996,0.030503539999999996
PQ4_F2Ac_W42,gender,Male,Female,0.04956235999999993,0.04956235999999993,0.04956235999999993
PQ4_F2Ae_W42,gender,Male,Female,0.04642457561569191,0.04642457561569191,0.04642457561569191
PQ4_F2Bb_W42,gender,Male,Female,0.04531293999999991,0.04531293999999991,0.04531293999999991
PQ4_F2Bc_W42,gender,Male,Female,0.02534198999999987,0.02534198999999987,0.02534198999999987
PQ4_F2Bd_W42,gender,Male,Female,0.03723971411596158,0.03723971411596158,0.03723971411596158
PQ4_F2Cc_W42,gender,Male,Female,0.13617140269308495,0.13617140269308495,0.13617140269308495
PQ8_F2B_W42,gender,Male,Female,0.12413767000000007,0.12413767000000007,0.12413767000000007
PROG_RNEED_W92,gender,Male,Female,0.16466549000000008,0.16466549000000008,0.16466549000000008
PWMAN2_W49,gender,Male,Female,0.1303733796223354,0.1303733796223354,0.1303733796223354
RACESURV13_W43,gender,Male,Female,0.10509179999999982,0.10509179999999982,0.10509179999999982
RACESURV14_W43,gender,Male,Female,0.1532521100000002,0.1532521100000002,0.1532521100000002
RACESURV15a_W43,gender,Male,Female,0.019910494999999973,0.019910494999999973,0.019910494999999973
RACESURV15b_W43,gender,Male,Female,0.021956056192036333,0.021956056192036333,0.021956056192036333
RACESURV17_W43,gender,Male,Female,0.20234909110714466,0.20234909110714466,0.20234909110714466
RACESURV18b_W43,gender,Male,Female,0.042685573193469314,0.042685573193469314,0.042685573193469314
RACESURV18f_W43,gender,Male,Female,0.0506357200000002,0.0506357200000002,0.0506357200000002
RACESURV19a_W43,gender,Male,Female,0.12239998000000002,0.12239998000000002,0.12239998000000002
RACESURV19c_W43,gender,Male,Female,0.07261851000000002,0.07261851000000002,0.07261851000000002
RACESURV19e_W43,gender,Male,Female,0.07588431891575026,0.07588431891575026,0.07588431891575026
RACESURV1b_W43,gender,Male,Female,0.022587596978020735,0.022587596978020735,0.022587596978020735
RACESURV21_W43,gender,Male,Female,0.03494933999999998,0.03494933999999998,0.03494933999999998
RACESURV27_W43,gender,Male,Female,0.05140828113700614,0.05140828113700614,0.05140828113700614
RACESURV28a_W43,gender,Male,Female,0.01997356219682689,0.01997356219682689,0.01997356219682689
RACESURV28b_W43,gender,Male,Female,0.021605734999999987,0.021605734999999987,0.021605734999999987
RACESURV28c_W43,gender,Male,Female,0.005989765000000008,0.005989765000000008,0.005989765000000008
RACESURV28d_W43,gender,Male,Female,0.024159853618862803,0.024159853618862803,0.024159853618862803
RACESURV28e_W43,gender,Male,Female,0.02835505796659915,0.02835505796659915,0.02835505796659915
RACESURV28f_W43,gender,Male,Female,0.008053285000000021,0.008053285000000021,0.008053285000000021
RACESURV28g_W43,gender,Male,Female,0.030004759999999964,0.030004759999999964,0.030004759999999964
RACESURV29d_W43,gender,Male,Female,0.028174069999999996,0.028174069999999996,0.028174069999999996
RACESURV2_W43,gender,Male,Female,0.06570212565702122,0.06570212565702122,0.06570212565702122
RACESURV34a_W43,gender,Male,Female,0.02409972142732475,0.02409972142732475,0.02409972142732475
RACESURV34b_W43,gender,Male,Female,0.5830017956616329,0.5830017956616329,0.5830017956616329
RACESURV34c_W43,gender,Male,Female,0.03216680091941554,0.03216680091941554,0.03216680091941554
RACESURV34d_W43,gender,Male,Female,0.11367749000000005,0.11367749000000005,0.11367749000000005
RACESURV34e_W43,gender,Male,Female,0.07770165523268377,0.07770165523268377,0.07770165523268377
RACESURV38_W43,gender,Male,Female,0.037806249999999944,0.037806249999999944,0.037806249999999944
RACESURV40_W43,gender,Male,Female,0.11716968971190134,0.11716968971190134,0.11716968971190134
RACESURV41_W43,gender,Male,Female,0.05216201999999999,0.05216201999999999,0.05216201999999999
RACESURV45_W43,gender,Male,Female,0.09225974,0.09225974,0.09225974
RACESURV47a_W43,gender,Male,Female,0.27274534256792354,0.27274534256792354,0.27274534256792354
RACESURV47b_W43,gender,Male,Female,0.1939831499999999,0.1939831499999999,0.1939831499999999
RACESURV47d_W43,gender,Male,Female,0.11961408000000004,0.11961408000000004,0.11961408000000004
RACESURV47e_W43,gender,Male,Female,0.19142168321531688,0.19142168321531688,0.19142168321531688
RACESURV47f_W43,gender,Male,Female,0.2126042275411655,0.2126042275411655,0.2126042275411655
RACESURV48_W43,gender,Male,Female,0.29622512000000006,0.29622512000000006,0.29622512000000006
RACESURV51_W43,gender,Male,Female,0.03262940901895439,0.03262940901895439,0.03262940901895439
RACESURV52MOD_W92,gender,Male,Female,0.04937860000000002,0.04937860000000002,0.04937860000000002
RACESURV52_W43,gender,Male,Female,0.03080720740686288,0.03080720740686288,0.03080720740686288
RACESURV5a_W43,gender,Male,Female,0.07795453385377021,0.07795453385377021,0.07795453385377021
RACESURV5b_W43,gender,Male,Female,0.04774588900706847,0.04774588900706847,0.04774588900706847
RACESURV5d_W43,gender,Male,Female,0.014738909999999925,0.014738909999999925,0.014738909999999925
RACESURV5e_W43,gender,Male,Female,0.029781786482193956,0.029781786482193956,0.029781786482193956
RACESURV5f_W43,gender,Male,Female,0.12094092879059076,0.12094092879059076,0.12094092879059076
RACESURV5g_W43,gender,Male,Female,0.04022169040221696,0.04022169040221696,0.04022169040221696
RACESURV5h_W43,gender,Male,Female,0.060739602027487474,0.060739602027487474,0.060739602027487474
RACESURV5i_W43,gender,Male,Female,0.3443971419932608,0.3443971419932608,0.3443971419932608
RACESURV5j_W43,gender,Male,Female,0.22961236500000037,0.22961236500000037,0.22961236500000037
RACESURV5l_W43,gender,Male,Female,0.05098356999999992,0.05098356999999992,0.05098356999999992
RACESURV9_W43,gender,Male,Female,0.03926082291635377,0.03926082291635377,0.03926082291635377
REASONGUNA_W26,gender,Male,Female,0.05649771737825149,0.05649771737825149,0.05649771737825149
REASONGUNB_W26,gender,Male,Female,0.3048543790664093,0.3048543790664093,0.3048543790664093
REASONGUNC_W26,gender,Male,Female,0.28647099184261415,0.28647099184261415,0.28647099184261415
REASONGUND_W26,gender,Male,Female,0.10994980000000001,0.10994980000000001,0.10994980000000001
REASONGUNE_W26,gender,Male,Female,0.009247210000000033,0.009247210000000033,0.009247210000000033
REPRSNTDEM_W92,gender,Male,Female,0.23158630768413693,0.23158630768413693,0.23158630768413693
REPRSNTREP_W92,gender,Male,Female,0.01793080371712208,0.01793080371712208,0.01793080371712208
ROMRELDUR_W50,gender,Male,Female,0.71349173,0.71349173,0.71349173
ROMRELSER_W50,gender,Male,Female,0.11141464000000012,0.11141464000000012,0.11141464000000012
RQ1_F1B_W42,gender,Male,Female,0.016965200000000014,0.016965200000000014,0.016965200000000014
RQ1_F1C_W42,gender,Male,Female,0.01116388815783731,0.01116388815783731,0.01116388815783731
RQ2_F1A_W42,gender,Male,Female,0.01140179674588132,0.01140179674588132,0.01140179674588132
RQ4_F1Ab_W42,gender,Male,Female,0.013568479999999994,0.013568479999999994,0.013568479999999994
RQ4_F1Ae_W42,gender,Male,Female,0.043150940000000026,0.043150940000000026,0.043150940000000026
RQ4_F1Ba_W42,gender,Male,Female,0.060501923366962085,0.060501923366962085,0.060501923366962085
RQ4_F1Bc_W42,gender,Male,Female,0.11627450552682395,0.11627450552682395,0.11627450552682395
RQ4_F1Bd_W42,gender,Male,Female,0.07658735000000014,0.07658735000000014,0.07658735000000014
RQ4_F1Be_W42,gender,Male,Female,0.04396599581254523,0.04396599581254523,0.04396599581254523
RQ4_F1Ca_W42,gender,Male,Female,0.03437605999999982,0.03437605999999982,0.03437605999999982
RQ4_F1Cb_W42,gender,Male,Female,0.04834456041987337,0.04834456041987337,0.04834456041987337
RQ4_F1Cd_W42,gender,Male,Female,0.08152446633249687,0.08152446633249687,0.08152446633249687
RQ5_F1B_W42,gender,Male,Female,0.14630309746762263,0.14630309746762263,0.14630309746762263
RQ5_F1C_W42,gender,Male,Female,0.07404645999999997,0.07404645999999997,0.07404645999999997
S12_W29,gender,Male,Female,0.08920571999999993,0.08920571999999993,0.08920571999999993
S13_W29,gender,Male,Female,0.21724843782751557,0.21724843782751557,0.21724843782751557
SATLIFED_W32,gender,Male,Female,0.02161690999999999,0.02161690999999999,0.02161690999999999
SATLIFEc_W50,gender,Male,Female,0.10872400353748612,0.10872400353748612,0.10872400353748612
SEENMASC_W29,gender,Male,Female,1.3613361099999999,1.3613361099999999,1.3613361099999999
SHOOTFREQ_W26,gender,Male,Female,0.3223292400000001,0.3223292400000001,0.3223292400000001
SMARTAPP_W49,gender,Male,Female,0.039681709999999926,0.039681709999999926,0.039681709999999926
SMLIKESb_W45,gender,Male,Female,0.07929548999999983,0.07929548999999983,0.07929548999999983
SMLIKESf_W45,gender,Male,Female,0.08494851429121086,0.08494851429121086,0.08494851429121086
SOCIETY_GUNS_W92,gender,Male,Female,0.31497434000000035,0.31497434000000035,0.31497434000000035
SOCIETY_RELG_W92,gender,Male,Female,0.11702045999999994,0.11702045999999994,0.11702045999999994
SOCIETY_RHIST_W92,gender,Male,Female,0.09548700999999993,0.09548700999999993,0.09548700999999993
SOCIETY_SSM_W92,gender,Male,Female,0.1730479819429035,0.1730479819429035,0.1730479819429035
SOCIETY_TRANS_W92,gender,Male,Female,0.23333714020527968,0.23333714020527968,0.23333714020527968
SOCIETY_WHT_W92,gender,Male,Female,0.04618119619803708,0.04618119619803708,0.04618119619803708
SOCTRUST2_W32,gender,Male,Female,0.004883829999999922,0.004883829999999922,0.004883829999999922
SOLVPROBa_W41,gender,Male,Female,0.17108413368362924,0.17108413368362924,0.17108413368362924
SOLVPROBb_W41,gender,Male,Female,0.05423693999999987,0.05423693999999987,0.05423693999999987
SOLVPROBc_W41,gender,Male,Female,0.14913932675404692,0.14913932675404692,0.14913932675404692
SOLVPROBdF1_W41,gender,Male,Female,0.07186137719213181,0.07186137719213181,0.07186137719213181
SOLVPROBf_W41,gender,Male,Female,0.17203900000000028,0.17203900000000028,0.17203900000000028
SOLVPROBg_W41,gender,Male,Female,0.07123741899092681,0.07123741899092681,0.07123741899092681
SOLVPROBh_W41,gender,Male,Female,0.14895889999999984,0.14895889999999984,0.14895889999999984
TALK_CPS_W29,gender,Male,Female,0.10569955999999986,0.10569955999999986,0.10569955999999986
TRACKCO1a_W49,gender,Male,Female,0.09255436641540321,0.09255436641540321,0.09255436641540321
TRACKCO1b_W49,gender,Male,Female,0.0386222778411251,0.0386222778411251,0.0386222778411251
TRACKGOV1a_W49,gender,Male,Female,0.10515747894842492,0.10515747894842492,0.10515747894842492
TRACKGOV1b_W49,gender,Male,Female,0.05625022000000003,0.05625022000000003,0.05625022000000003
TRAITBIZMF2C_W36,gender,Male,Female,0.01692983000000009,0.01692983000000009,0.01692983000000009
TRAITBIZMF2D_W36,gender,Male,Female,0.04837335499999995,0.04837335499999995,0.04837335499999995
TRAITBIZMF2E_W36,gender,Male,Female,0.047860681249754344,0.047860681249754344,0.047860681249754344
TRAITBIZMF2G_W36,gender,Male,Female,0.02493734500000011,0.02493734500000011,0.02493734500000011
TRAITBIZWF2C_W36,gender,Male,Female,0.08499667866851895,0.08499667866851895,0.08499667866851895
TRAITBIZWF2D_W36,gender,Male,Female,0.05977729499999995,0.05977729499999995,0.05977729499999995
TRAITBIZWF2E_W36,gender,Male,Female,0.02512165500000002,0.02512165500000002,0.02512165500000002
TRAITBIZWF2G_W36,gender,Male,Female,0.007233266034997077,0.007233266034997077,0.007233266034997077
TRAITPOLMF1B_W36,gender,Male,Female,0.04691485000000006,0.04691485000000006,0.04691485000000006
TRAITPOLMF1C_W36,gender,Male,Female,0.058866184999999904,0.058866184999999904,0.058866184999999904
TRAITPOLMF1D_W36,gender,Male,Female,0.02277273614339609,0.02277273614339609,0.02277273614339609
TRAITPOLMF1E_W36,gender,Male,Female,0.03634763499999999,0.03634763499999999,0.03634763499999999
TRAITPOLMF1F_W36,gender,Male,Female,0.07763790844281053,0.07763790844281053,0.07763790844281053
TRAITPOLMF1G_W36,gender,Male,Female,0.02511408230362816,0.02511408230362816,0.02511408230362816
TRAITPOLWF1A_W36,gender,Male,Female,0.04861821999999999,0.04861821999999999,0.04861821999999999
TRAITPOLWF1C_W36,gender,Male,Female,0.04557793901507745,0.04557793901507745,0.04557793901507745
TRAITPOLWF1D_W36,gender,Male,Female,0.06005998082735997,0.06005998082735997,0.06005998082735997
TRAITPOLWF1E_W36,gender,Male,Female,0.09019199499999997,0.09019199499999997,0.09019199499999997
TRAITPOLWF1F_W36,gender,Male,Female,0.10941712499999999,0.10941712499999999,0.10941712499999999
TRAITPOLWF1G_W36,gender,Male,Female,0.027406316819713228,0.027406316819713228,0.027406316819713228
UNIMMIGCOMM_W92,gender,Male,Female,0.0862578738654468,0.0862578738654468,0.0862578738654468
USEXCEPT_W92,gender,Male,Female,0.10425302952094326,0.10425302952094326,0.10425302952094326
USMILSIZ_W92,gender,Male,Female,0.11738720999999977,0.11738720999999977,0.11738720999999977
VALUERURAL_W32,gender,Male,Female,0.05414281000000004,0.05414281000000004,0.05414281000000004
WHADVANT_W32,gender,Male,Female,0.18604241625616136,0.18604241625616136,0.18604241625616136
WHADVANT_W92,gender,Male,Female,0.2486703699999998,0.2486703699999998,0.2486703699999998
WHYNOTBIZF2A_W36,gender,Male,Female,0.2069332900000001,0.2069332900000001,0.2069332900000001
WHYNOTBIZF2B_W36,gender,Male,Female,0.30786238000000005,0.30786238000000005,0.30786238000000005
WHYNOTBIZF2D_W36,gender,Male,Female,0.17277060999999996,0.17277060999999996,0.17277060999999996
WHYNOTBIZF2F_W36,gender,Male,Female,0.06454030000000002,0.06454030000000002,0.06454030000000002
WHYNOTBIZF2G_W36,gender,Male,Female,0.30909547167423645,0.30909547167423645,0.30909547167423645
WHYNOTBIZF2H_W36,gender,Male,Female,0.4704290200000001,0.4704290200000001,0.4704290200000001
WHYNOTBIZF2J_W36,gender,Male,Female,0.1546794586562173,0.1546794586562173,0.1546794586562173
WHYNOTBIZF2M_W36,gender,Male,Female,0.23776273000000003,0.23776273000000003,0.23776273000000003
WHYNOTBIZF2N_W36,gender,Male,Female,0.22575662013847292,0.22575662013847292,0.22575662013847292
WHYNOTBIZF2O_W36,gender,Male,Female,0.32858024049728085,0.32858024049728085,0.32858024049728085
WHYNOTPOLF1A_W36,gender,Male,Female,0.4279508699999999,0.4279508699999999,0.4279508699999999
WHYNOTPOLF1B_W36,gender,Male,Female,0.33601910000000007,0.33601910000000007,0.33601910000000007
WHYNOTPOLF1C_W36,gender,Male,Female,0.029591344603907666,0.029591344603907666,0.029591344603907666
WHYNOTPOLF1E_W36,gender,Male,Female,0.03844194000000001,0.03844194000000001,0.03844194000000001
WHYNOTPOLF1G_W36,gender,Male,Female,0.39674344,0.39674344,0.39674344
WHYNOTPOLF1I_W36,gender,Male,Female,0.15099602000000018,0.15099602000000018,0.15099602000000018
WHYNOTPOLF1J_W36,gender,Male,Female,0.34926287349262847,0.34926287349262847,0.34926287349262847
WHYNOTPOLF1K_W36,gender,Male,Female,0.08491950505041128,0.08491950505041128,0.08491950505041128
WHYNOTPOLF1L_W36,gender,Male,Female,0.28371289000000005,0.28371289000000005,0.28371289000000005
WILLMOVE_W32,gender,Male,Female,0.05563259096600065,0.05563259096600065,0.05563259096600065
WMNPRZ1_W36,gender,Male,Female,0.2460131707058666,0.2460131707058666,0.2460131707058666
WORRY2a_W54,gender,Male,Female,0.29536992309606447,0.29536992309606447,0.29536992309606447
WORRY2b_W54,gender,Male,Female,0.05008312000000012,0.05008312000000012,0.05008312000000012
WORRY2c_W54,gender,Male,Female,0.2860444599999997,0.2860444599999997,0.2860444599999997
WORRY2d_W54,gender,Male,Female,0.23277234000000008,0.23277234000000008,0.23277234000000008
WORRY2e_W54,gender,Male,Female,0.2034415200000002,0.2034415200000002,0.2034415200000002
WORRYBILL_W29,gender,Male,Female,0.20622763999999988,0.20622763999999988,0.20622763999999988
WORRYB_W26,gender,Male,Female,0.2456113560527844,0.2456113560527844,0.2456113560527844
WORRYD_W26,gender,Male,Female,0.24918405000000002,0.24918405000000002,0.24918405000000002
WORRYE_W26,gender,Male,Female,0.21775253999999988,0.21775253999999988,0.21775253999999988
WORRYF_W26,gender,Male,Female,0.29852211547938284,0.29852211547938284,0.29852211547938284
AUTOLKLY_W41,age,30-49,65+,0.0736784002616124,0.0736784002616124,0.0736784002616124
AUTOWKPLC_W41,age,30-49,65+,0.043447625000000004,0.043447625000000004,0.043447625000000004
BENEFITGOV_W49,age,30-49,65+,0.15023651441434932,0.15023651441434932,0.15023651441434932
BETTERBIZ1F2D_W36,age,30-49,65+,0.08281779000000002,0.08281779000000002,0.08281779000000002
BETTERBIZ1F2E_W36,age,30-49,65+,0.06167394499999998,0.06167394499999998,0.06167394499999998
BETTERBIZ1F2H_W36,age,30-49,65+,0.06215291500000003,0.06215291500000003,0.06215291500000003
BETTERBIZ2F2C_W36,age,30-49,65+,0.06245781437542194,0.06245781437542194,0.06245781437542194
BETTERBIZ2F2E_W36,age,30-49,65+,0.02864199999999998,0.02864199999999998,0.02864199999999998
BETTERBIZ2F2F_W36,age,30-49,65+,0.1426285099999999,0.1426285099999999,0.1426285099999999
BETTERPOL1F1B_W36,age,30-49,65+,0.018421646939014217,0.018421646939014217,0.018421646939014217
BETTERPOL1F1E_W36,age,30-49,65+,0.08418272265129254,0.08418272265129254,0.08418272265129254
BETTERPOL1F1I_W36,age,30-49,65+,0.036964314999999984,0.036964314999999984,0.036964314999999984
BETTERPOL2F1A_W36,age,30-49,65+,0.04195989999999998,0.04195989999999998,0.04195989999999998
BETTERPOL2F1C_W36,age,30-49,65+,0.10543719747115204,0.10543719747115204,0.10543719747115204
BETTERPOL2F1D_W36,age,30-49,65+,0.1268089771281976,0.1268089771281976,0.1268089771281976
BETTERPOL2F1F_W36,age,30-49,65+,0.10024663211179947,0.10024663211179947,0.10024663211179947
BILLION_W92,age,30-49,65+,0.0765843558837069,0.0765843558837069,0.0765843558837069
BOYSF1B_W29,age,30-49,65+,0.062159319999999976,0.062159319999999976,0.062159319999999976
CANDEXP_W92,age,30-49,65+,0.13122261236549165,0.13122261236549165,0.13122261236549165
CARRYGUN_W26,age,30-49,65+,0.08469857000000001,0.08469857000000001,0.08469857000000001
CLASS_W32,age,30-49,65+,0.20422075000000023,0.20422075000000023,0.20422075000000023
COHABDUR_W50,age,30-49,65+,1.7176692771766926,1.7176692771766926,1.7176692771766926
COMMIMPA_W32,age,30-49,65+,0.25727483,0.25727483,0.25727483
COMMIMPB_W32,age,30-49,65+,0.1855676050466939,0.1855676050466939,0.1855676050466939
COMMIMPC_W32,age,30-49,65+,0.1794232199999999,0.1794232199999999,0.1794232199999999
COMMIMPF_W32,age,30-49,65+,0.22696155993655187,0.22696155993655187,0.22696155993655187
COMMIMPG_W32,age,30-49,65+,0.02301393889342268,0.02301393889342268,0.02301393889342268
COMMIMPH_W32,age,30-49,65+,0.07832261173042067,0.07832261173042067,0.07832261173042067
COMMYRS_W32,age,30-49,65+,1.002068058471114,1.002068058471114,1.002068058471114
CONCERNCO_W49,age,30-49,65+,0.04888043000000003,0.04888043000000003,0.04888043000000003
CONCERNGRPa_W49,age,30-49,65+,0.09433448718888524,0.09433448718888524,0.09433448718888524
CONCERNGRPc_W49,age,30-49,65+,0.10219068295015388,0.10219068295015388,0.10219068295015388
CONFb_W42,age,30-49,65+,0.13855074000000003,0.13855074000000003,0.13855074000000003
CONFc_W42,age,30-49,65+,0.27914330999999987,0.27914330999999987,0.27914330999999987
CONFe_W42,age,30-49,65+,0.26149963,0.26149963,0.26149963
CONFg_W42,age,30-49,65+,0.1177352099999999,0.1177352099999999,0.1177352099999999
CONTROLCO_W49,age,30-49,65+,0.19460120000000009,0.19460120000000009,0.19460120000000009
CONTROLGRPc_W49,age,30-49,65+,0.20341573518975534,0.20341573518975534,0.20341573518975534
DATAUSEd_W49,age,30-49,65+,0.12750791999999994,0.12750791999999994,0.12750791999999994
DNA2b_W50,age,30-49,65+,0.2259441,0.2259441,0.2259441
DNA5_W50,age,30-49,65+,0.1714819,0.1714819,0.1714819
E5MOD_W50,age,30-49,65+,1.09803658,1.09803658,1.09803658
E5_W36,age,30-49,65+,1.0414873654545933,1.0414873654545933,1.0414873654545933
EAT1_W34,age,30-49,65+,0.17689264625960963,0.17689264625960963,0.17689264625960963
EAT2_W34,age,30-49,65+,0.3710566371457258,0.3710566371457258,0.3710566371457258
EAT5B_W34,age,30-49,65+,0.09628429947602823,0.09628429947602823,0.09628429947602823
EAT5C_W34,age,30-49,65+,0.11889776979978084,0.11889776979978084,0.11889776979978084
EAT5D_W34,age,30-49,65+,0.07125780999999987,0.07125780999999987,0.07125780999999987
ECIMPg_W54,age,30-49,65+,0.017158300000000015,0.017158300000000015,0.017158300000000015
ECON1_W54,age,30-49,65+,0.2354942000000001,0.2354942000000001,0.2354942000000001
ECON3_d_W54,age,30-49,65+,0.1787207700000003,0.1787207700000003,0.1787207700000003
ECON4_a_W54,age,30-49,65+,0.54960817,0.54960817,0.54960817
ECON4_b_W54,age,30-49,65+,0.40215521,0.40215521,0.40215521
ECON4_e_W54,age,30-49,65+,0.10537387820065258,0.10537387820065258,0.10537387820065258
ECON4_f_W54,age,30-49,65+,0.0668772541650332,0.0668772541650332,0.0668772541650332
ECON4_g_W54,age,30-49,65+,0.2520212469637958,0.2520212469637958,0.2520212469637958
ECON5_b_W54,age,30-49,65+,0.11071600000000004,0.11071600000000004,0.11071600000000004
ECON5_c_W54,age,30-49,65+,0.19427729999999993,0.19427729999999993,0.19427729999999993
ECON5_d_W54,age,30-49,65+,0.26262814999999995,0.26262814999999995,0.26262814999999995
ECON5_e_W54,age,30-49,65+,0.036560044001605826,0.036560044001605826,0.036560044001605826
ECON5_f_W54,age,30-49,65+,0.2769489499999999,0.2769489499999999,0.2769489499999999
ECON5_g_W54,age,30-49,65+,0.08651279414961222,0.08651279414961222,0.08651279414961222
ECON5_h_W54,age,30-49,65+,0.213293485,0.213293485,0.213293485
ECON5_i_W54,age,30-49,65+,0.219634504993104,0.219634504993104,0.219634504993104
ECON5_j_W54,age,30-49,65+,0.20415149500000007,0.20415149500000007,0.20415149500000007
ECON5_k_W54,age,30-49,65+,0.1108786973747792,0.1108786973747792,0.1108786973747792
ELECT_CONF3_PRVFR_W92,age,30-49,65+,0.13958070814607174,0.13958070814607174,0.13958070814607174
ELECT_CONF3_PRVSUP_W92,age,30-49,65+,0.22547017000000008,0.22547017000000008,0.22547017000000008
ELECT_IMPT3_PRVFR_W92,age,30-49,65+,0.4739171400000002,0.4739171400000002,0.4739171400000002
ESSENBIZF2E_W36,age,30-49,65+,0.04030351402744975,0.04030351402744975,0.04030351402744975
ESSENBIZF2J_W36,age,30-49,65+,0.05594600999999999,0.05594600999999999,0.05594600999999999
ESSENPOLF1A_W36,age,30-49,65+,0.09900987000000006,0.09900987000000006,0.09900987000000006
ESSENPOLF1B_W36,age,30-49,65+,0.026462137249382955,0.026462137249382955,0.026462137249382955
ESSENPOLF1D_W36,age,30-49,65+,0.040879690000000024,0.040879690000000024,0.040879690000000024
ESSENPOLF1G_W36,age,30-49,65+,0.15900193,0.15900193,0.15900193
ESSENPOLF1H_W36,age,30-49,65+,0.023064570000000062,0.023064570000000062,0.023064570000000062
ETHNCMAJMOD_W41,age,30-49,65+,0.2515051271770974,0.2515051271770974,0.2515051271770974
ETHNCMAJ_W32,age,30-49,65+,0.11816190000000006,0.11816190000000006,0.11816190000000006
EVOBIOA_W34,age,30-49,65+,0.08263275999999997,0.08263275999999997,0.08263275999999997
EVOBIOB_W34,age,30-49,65+,0.012243950000000003,0.012243950000000003,0.012243950000000003
EVOPERS3_W34,age,30-49,65+,0.15888468964542535,0.15888468964542535,0.15888468964542535
EVOTHREE_W34,age,30-49,65+,0.23932296000000003,0.23932296000000003,0.23932296000000003
FACE3c_W49,age,30-49,65+,0.3498714900000002,0.3498714900000002,0.3498714900000002
FAMSURV10c_W50,age,30-49,65+,0.05824615999999998,0.05824615999999998,0.05824615999999998
FAMSURV16_W50,age,30-49,65+,0.27729349999999997,0.27729349999999997,0.27729349999999997
FAMSURV1_W50,age,30-49,65+,1.09335071,1.09335071,1.09335071
FAMSURV20_W50,age,30-49,65+,0.27417972,0.27417972,0.27417972
FAMSURV23b_W50,age,30-49,65+,0.19160458023223448,0.19160458023223448,0.19160458023223448
FAMSURV23c_W50,age,30-49,65+,0.0528277393045186,0.0528277393045186,0.0528277393045186
FAMSURV23d_W50,age,30-49,65+,0.22091676,0.22091676,0.22091676
FAMSURV23e_W50,age,30-49,65+,0.22490729778980473,0.22490729778980473,0.22490729778980473
FAMSURV23f_W50,age,30-49,65+,0.12046409000000008,0.12046409000000008,0.12046409000000008
FAMSURV23g_W50,age,30-49,65+,0.17113871999999997,0.17113871999999997,0.17113871999999997
FAMSURV26a_W50,age,30-49,65+,0.5079365639252588,0.5079365639252588,0.5079365639252588
FAMSURV26b_W50,age,30-49,65+,0.6394523208943372,0.6394523208943372,0.6394523208943372
FAMSURV26c_W50,age,30-49,65+,0.36761185472080476,0.36761185472080476,0.36761185472080476
FAMSURV26d_W50,age,30-49,65+,0.57858075,0.57858075,0.57858075
FAMSURV29_W50,age,30-49,65+,0.8626628525852184,0.8626628525852184,0.8626628525852184
FAMSURV2Ma_W50,age,30-49,65+,0.14146422999999997,0.14146422999999997,0.14146422999999997
FAMSURV2Mc_W50,age,30-49,65+,0.09684644000000009,0.09684644000000009,0.09684644000000009
FAMSURV2Wa_W50,age,30-49,65+,0.08355706371109045,0.08355706371109045,0.08355706371109045
FAMSURV2Wc_W50,age,30-49,65+,0.12469437999999991,0.12469437999999991,0.12469437999999991
FAMSURV32e_W50,age,30-49,65+,0.3486638236208332,0.3486638236208332,0.3486638236208332
FAMSURV3_W50,age,30-49,65+,0.16125827403392146,0.16125827403392146,0.16125827403392146
FAMSURV43_W50,age,30-49,65+,0.19228558000000012,0.19228558000000012,0.19228558000000012
FAMSURV44_W50,age,30-49,65+,0.3959071153027741,0.3959071153027741,0.3959071153027741
FAMSURV6_W50,age,30-49,65+,0.07922904999999997,0.07922904999999997,0.07922904999999997
FAMSURV9c_W50,age,30-49,65+,0.05144599999999995,0.05144599999999995,0.05144599999999995
FATHER_W50,age,30-49,65+,0.67217468,0.67217468,0.67217468
FAVORS_CPS_W29,age,30-49,65+,0.34106312421140494,0.34106312421140494,0.34106312421140494
FEM2_W29,age,30-49,65+,0.29982601999999975,0.29982601999999975,0.29982601999999975
FIN_SIT_W54,age,30-49,65+,0.3843005500000001,0.3843005500000001,0.3843005500000001
FREECOLL_W92,age,30-49,65+,0.5475144963514663,0.5475144963514663,0.5475144963514663
FTRWORRYc_W41,age,30-49,65+,0.1428188499999996,0.1428188499999996,0.1428188499999996
FTRWORRYe_W41,age,30-49,65+,0.17264233999999967,0.17264233999999967,0.17264233999999967
FTRWORRYf_W41,age,30-49,65+,0.0895496894104354,0.0895496894104354,0.0895496894104354
FUD22_W34,age,30-49,65+,0.05558741683846971,0.05558741683846971,0.05558741683846971
FUD24_W34,age,30-49,65+,0.041570625,0.041570625,0.041570625
FUD33B_W34,age,30-49,65+,0.06123992697074057,0.06123992697074057,0.06123992697074057
FUD35_W34,age,30-49,65+,0.057767472320373464,0.057767472320373464,0.057767472320373464
FUD37A_W34,age,30-49,65+,0.2750809239840334,0.2750809239840334,0.2750809239840334
FUD37B_W34,age,30-49,65+,0.15622044999999996,0.15622044999999996,0.15622044999999996
FUD37C_W34,age,30-49,65+,0.11405272999999994,0.11405272999999994,0.11405272999999994
FUTRCLASSb_W41,age,30-49,65+,0.029780495000000046,0.029780495000000046,0.029780495000000046
FUTRCLASSc_W41,age,30-49,65+,0.07046521500000003,0.07046521500000003,0.07046521500000003
FUTR_DIV_W41,age,30-49,65+,0.04262777500000001,0.04262777500000001,0.04262777500000001
GAP21Q10_W82,age,30-49,65+,0.03625371393201737,0.03625371393201737,0.03625371393201737
GAP21Q13_b_W82,age,30-49,65+,0.39187678999999986,0.39187678999999986,0.39187678999999986
GAP21Q15_a_W82,age,30-49,65+,0.37614412812519643,0.37614412812519643,0.37614412812519643
GAP21Q15_b_W82,age,30-49,65+,0.08923358284731421,0.08923358284731421,0.08923358284731421
GAP21Q15_c_W82,age,30-49,65+,0.3294143199999998,0.3294143199999998,0.3294143199999998
GAP21Q15_d_W82,age,30-49,65+,0.1053560120808083,0.1053560120808083,0.1053560120808083
GAP21Q15_e_W82,age,30-49,65+,0.19191525999999978,0.19191525999999978,0.19191525999999978
GAP21Q15_f_W82,age,30-49,65+,0.40531243057658495,0.40531243057658495,0.40531243057658495
GAP21Q17_W82,age,30-49,65+,0.13764612137646134,0.13764612137646134,0.13764612137646134
GAP21Q19_a_W82,age,30-49,65+,0.2717901399999998,0.2717901399999998,0.2717901399999998
GAP21Q19_b_W82,age,30-49,65+,0.2508168706983612,0.2508168706983612,0.2508168706983612
GAP21Q19_c_W82,age,30-49,65+,0.2567520799999999,0.2567520799999999,0.2567520799999999
GAP21Q19_d_W82,age,30-49,65+,0.14402402716842336,0.14402402716842336,0.14402402716842336
GAP21Q19_e_W82,age,30-49,65+,0.07145895000000028,0.07145895000000028,0.07145895000000028
GAP21Q21_a_W82,age,30-49,65+,0.05730912603310889,0.05730912603310889,0.05730912603310889
GAP21Q21_e_W82,age,30-49,65+,0.15689815545608987,0.15689815545608987,0.15689815545608987
GAP21Q23_W82,age,30-49,65+,0.13492252855351783,0.13492252855351783,0.13492252855351783
GAP21Q24_W82,age,30-49,65+,0.21260847999999985,0.21260847999999985,0.21260847999999985
GAP21Q25_W82,age,30-49,65+,0.2375853899999999,0.2375853899999999,0.2375853899999999
GAP21Q26_a_W82,age,30-49,65+,0.3222506399999998,0.3222506399999998,0.3222506399999998
GAP21Q26_b_W82,age,30-49,65+,0.15712427320297517,0.15712427320297517,0.15712427320297517
GAP21Q26_c_W82,age,30-49,65+,0.2540787120733068,0.2540787120733068,0.2540787120733068
GAP21Q27_W82,age,30-49,65+,0.09862176426987279,0.09862176426987279,0.09862176426987279
GAP21Q28_W82,age,30-49,65+,0.21886470999999988,0.21886470999999988,0.21886470999999988
GAP21Q31_W82,age,30-49,65+,0.2131251521312525,0.2131251521312525,0.2131251521312525
GAP21Q32_W82,age,30-49,65+,0.14407653871300702,0.14407653871300702,0.14407653871300702
GAP21Q33_c_W82,age,30-49,65+,0.14796514000000005,0.14796514000000005,0.14796514000000005
GAP21Q33_g_W82,age,30-49,65+,0.2582223815642491,0.2582223815642491,0.2582223815642491
GAP21Q33_i_W82,age,30-49,65+,0.28215498216698087,0.28215498216698087,0.28215498216698087
GAP21Q33_j_W82,age,30-49,65+,0.07310839000000002,0.07310839000000002,0.07310839000000002
GAP21Q33_m_W82,age,30-49,65+,0.16031934167046036,0.16031934167046036,0.16031934167046036
GAP21Q33_n_W82,age,30-49,65+,0.26086090235987497,0.26086090235987497,0.26086090235987497
GAP21Q33_q_W82,age,30-49,65+,0.16266983000000002,0.16266983000000002,0.16266983000000002
GAP21Q33_r_W82,age,30-49,65+,0.18235375000000012,0.18235375000000012,0.18235375000000012
GAP21Q33_s_W82,age,30-49,65+,0.21867660991948668,0.21867660991948668,0.21867660991948668
GAP21Q34_a_W82,age,30-49,65+,0.1819187081808129,0.1819187081808129,0.1819187081808129
GAP21Q34_b_W82,age,30-49,65+,0.1578331900000003,0.1578331900000003,0.1578331900000003
GAP21Q34_c_W82,age,30-49,65+,0.1875792606745742,0.1875792606745742,0.1875792606745742
GAP21Q34_d_W82,age,30-49,65+,0.19241070988562636,0.19241070988562636,0.19241070988562636
GAP21Q34_e_W82,age,30-49,65+,0.17865855975781947,0.17865855975781947,0.17865855975781947
GAP21Q34_f_W82,age,30-49,65+,0.1556365395440788,0.1556365395440788,0.1556365395440788
GAP21Q38_a_W82,age,30-49,65+,0.14608128064014636,0.14608128064014636,0.14608128064014636
GAP21Q38_b_W82,age,30-49,65+,0.14234732,0.14234732,0.14234732
GAP21Q38_c_W82,age,30-49,65+,0.11763854214997743,0.11763854214997743,0.11763854214997743
GAP21Q41_W82,age,30-49,65+,0.28424931059120584,0.28424931059120584,0.28424931059120584
GAP21Q43_g_W82,age,30-49,65+,0.43720440000000005,0.43720440000000005,0.43720440000000005
GAP21Q47_W82,age,30-49,65+,0.51456938,0.51456938,0.51456938
GAP21Q4_a_W82,age,30-49,65+,0.3979011608362444,0.3979011608362444,0.3979011608362444
GAP21Q4_b_W82,age,30-49,65+,0.25121553,0.25121553,0.25121553
GAP21Q4_c_W82,age,30-49,65+,0.14365635000000013,0.14365635000000013,0.14365635000000013
GAP21Q4_d_W82,age,30-49,65+,0.021059059999999977,0.021059059999999977,0.021059059999999977
GAP21Q4_e_W82,age,30-49,65+,0.14392174433619326,0.14392174433619326,0.14392174433619326
GAP21Q4_f_W82,age,30-49,65+,0.15474538000000007,0.15474538000000007,0.15474538000000007
GAP21Q7_a_W82,age,30-49,65+,0.3053900269460997,0.3053900269460997,0.3053900269460997
GAP21Q7_b_W82,age,30-49,65+,0.2827874192809884,0.2827874192809884,0.2827874192809884
GAP21Q7_d_W82,age,30-49,65+,0.12817501871824963,0.12817501871824963,0.12817501871824963
GAYMARR2_W32,age,30-49,65+,0.5247614700000001,0.5247614700000001,0.5247614700000001
GIRLSF2C_W29,age,30-49,65+,0.04173126733216449,0.04173126733216449,0.04173126733216449
GIRLSF2D_W29,age,30-49,65+,0.05181987655928723,0.05181987655928723,0.05181987655928723
GODMORALIMP_W92,age,30-49,65+,0.3744449595817815,0.3744449595817815,0.3744449595817815
GOPDIRCT_W29,age,30-49,65+,0.06870818000000004,0.06870818000000004,0.06870818000000004
GOVPRIORITYb_W54,age,30-49,65+,0.3901426764351761,0.3901426764351761,0.3901426764351761
GOVPRIORITYc_W54,age,30-49,65+,0.15273220000000015,0.15273220000000015,0.15273220000000015
GOVPRIORITYd_W54,age,30-49,65+,0.11591122083582617,0.11591122083582617,0.11591122083582617
GOVPRIORITYf_W54,age,30-49,65+,0.11778468000000009,0.11778468000000009,0.11778468000000009
GOVPRIOb_W41,age,30-49,65+,0.11031870709094305,0.11031870709094305,0.11031870709094305
GOVPRIOc_W41,age,30-49,65+,0.06531613761650945,0.06531613761650945,0.06531613761650945
GOVPRIOe_W41,age,30-49,65+,0.048618910000000015,0.048618910000000015,0.048618910000000015
GOVPRIOfF1_W41,age,30-49,65+,0.12675599506532662,0.12675599506532662,0.12675599506532662
GOVPRIOgF1_W41,age,30-49,65+,0.22789048295757885,0.22789048295757885,0.22789048295757885
GOVPRIOhF1_W41,age,30-49,65+,0.34836150636130514,0.34836150636130514,0.34836150636130514
GOVPRIOiF1_W41,age,30-49,65+,0.25236695,0.25236695,0.25236695
GOVPRIOjF1_W41,age,30-49,65+,0.14829549000000003,0.14829549000000003,0.14829549000000003
GOVPRIOkF2_W41,age,30-49,65+,0.46579885,0.46579885,0.46579885
GOVPRIOlF2_W41,age,30-49,65+,0.0811101100000001,0.0811101100000001,0.0811101100000001
GOVPRIOmF2_W41,age,30-49,65+,0.12260735745141377,0.12260735745141377,0.12260735745141377
GOVPRIOnF2_W41,age,30-49,65+,0.10752644000000001,0.10752644000000001,0.10752644000000001
GOVPRIOoF2_W41,age,30-49,65+,0.10710240425682926,0.10710240425682926,0.10710240425682926
GOVREGV1_W49,age,30-49,65+,0.055867088202979975,0.055867088202979975,0.055867088202979975
GROWUPGUN2A_W26,age,30-49,65+,0.35139593,0.35139593,0.35139593
GROWUPGUN2B_W26,age,30-49,65+,0.2474934299999999,0.2474934299999999,0.2474934299999999
GROWUPGUN2C_W26,age,30-49,65+,0.13565057000000003,0.13565057000000003,0.13565057000000003
GROWUPGUN4_W26,age,30-49,65+,0.06887442000000008,0.06887442000000008,0.06887442000000008
GROWUPGUN6_W26,age,30-49,65+,0.1008381600000001,0.1008381600000001,0.1008381600000001
GROWUPGUN7_W26,age,30-49,65+,0.31805881,0.31805881,0.31805881
GROWUPVIOL_W26,age,30-49,65+,0.37829686702180243,0.37829686702180243,0.37829686702180243
GUNACCESS_W26,age,30-49,65+,0.09993040640022777,0.09993040640022777,0.09993040640022777
GUNACTIVITYA_W26,age,30-49,65+,0.27391839274367347,0.27391839274367347,0.27391839274367347
GUNACTIVITYB_W26,age,30-49,65+,0.08208636217921167,0.08208636217921167,0.08208636217921167
GUNCONTRIBA_W26,age,30-49,65+,0.20188747081305625,0.20188747081305625,0.20188747081305625
GUNCONTRIBC_W26,age,30-49,65+,0.6621929784414998,0.6621929784414998,0.6621929784414998
GUNCONTRIBE_W26,age,30-49,65+,0.60853309,0.60853309,0.60853309
GUNCONTRIBF_W26,age,30-49,65+,0.08632739063790085,0.08632739063790085,0.08632739063790085
GUNFRIEND_W26,age,30-49,65+,0.08182777000000002,0.08182777000000002,0.08182777000000002
GUNIDENTITY_W26,age,30-49,65+,0.20482509000000007,0.20482509000000007,0.20482509000000007
GUNLOADED1_W26,age,30-49,65+,0.07935375999999997,0.07935375999999997,0.07935375999999997
GUNLOADED2_W26,age,30-49,65+,0.11489059000000001,0.11489059000000001,0.11489059000000001
GUNLOCKED1_W26,age,30-49,65+,0.37236479760957913,0.37236479760957913,0.37236479760957913
GUNLOCKED2_W26,age,30-49,65+,0.25399200999999993,0.25399200999999993,0.25399200999999993
GUNRESPKIDSD_W26,age,30-49,65+,0.10035075000000002,0.10035075000000002,0.10035075000000002
GUNRESPKIDSE_W26,age,30-49,65+,0.04310279999999994,0.04310279999999994,0.04310279999999994
GUNRESPNOKIDSA_W26,age,30-49,65+,0.06940027527886061,0.06940027527886061,0.06940027527886061
GUNRESPNOKIDSB_W26,age,30-49,65+,0.18267081999999973,0.18267081999999973,0.18267081999999973
GUNRESPNOKIDSC_W26,age,30-49,65+,0.01867907000000002,0.01867907000000002,0.01867907000000002
GUNRESPNOKIDSD_W26,age,30-49,65+,0.17417757999999997,0.17417757999999997,0.17417757999999997
GUNRESPNOKIDSE_W26,age,30-49,65+,0.13777422000000006,0.13777422000000006,0.13777422000000006
GUNRESPNOKIDSF_W26,age,30-49,65+,0.23779571718213233,0.23779571718213233,0.23779571718213233
GUNSAFETYKIDS_W26,age,30-49,65+,0.15715944499999995,0.15715944499999995,0.15715944499999995
GUNSAFE_W26,age,30-49,65+,0.03569316,0.03569316,0.03569316
GUNTYPEOWNC_W26,age,30-49,65+,0.06536659,0.06536659,0.06536659
HAPPEN2b_W41,age,30-49,65+,0.09226822070488175,0.09226822070488175,0.09226822070488175
HAPPEN2f_W41,age,30-49,65+,0.13355138439315073,0.13355138439315073,0.13355138439315073
HARASS1F1b_W41,age,30-49,65+,0.24645706699761377,0.24645706699761377,0.24645706699761377
HARASS1F1d_W41,age,30-49,65+,0.1282296439827495,0.1282296439827495,0.1282296439827495
HARASS1NOWRKF2d_W41,age,30-49,65+,0.17663583000000005,0.17663583000000005,0.17663583000000005
HARASS2F1_W32,age,30-49,65+,0.023686630000000014,0.023686630000000014,0.023686630000000014
HARASS3NOWRKF2_W41,age,30-49,65+,0.139826075,0.139826075,0.139826075
HIGHEDWRNGB_W36,age,30-49,65+,0.5334648353346484,0.5334648353346484,0.5334648353346484
HIGHEDWRNGC_W36,age,30-49,65+,0.28020529719794707,0.28020529719794707,0.28020529719794707
HOMEASSIST2_W49,age,30-49,65+,0.09662073631000875,0.09662073631000875,0.09662073631000875
HOMEASSIST3_W49,age,30-49,65+,0.09736679097366802,0.09736679097366802,0.09736679097366802
HOMEASSIST4_W49,age,30-49,65+,0.0996777945335684,0.0996777945335684,0.0996777945335684
HOOD_NHISB_W29,age,30-49,65+,0.2844044899999997,0.2844044899999997,0.2844044899999997
IDIMPORT_W43,age,30-49,65+,0.14290848701468953,0.14290848701468953,0.14290848701468953
IMMIMPACT_W32,age,30-49,65+,0.026576725000000023,0.026576725000000023,0.026576725000000023
IMPROVE1_W36,age,30-49,65+,0.10682518613036157,0.10682518613036157,0.10682518613036157
IMPROVE2_W36,age,30-49,65+,0.0745065499999999,0.0745065499999999,0.0745065499999999
IMPROVE3_W36,age,30-49,65+,0.08543863247347516,0.08543863247347516,0.08543863247347516
INEQ11_W54,age,30-49,65+,0.006395579999999998,0.006395579999999998,0.006395579999999998
INEQ1_W54,age,30-49,65+,0.055218420000000046,0.055218420000000046,0.055218420000000046
INEQ4_a_W54,age,30-49,65+,0.07026785999999996,0.07026785999999996,0.07026785999999996
INEQ5_a_W54,age,30-49,65+,0.2360460700000001,0.2360460700000001,0.2360460700000001
INEQ5_d_W54,age,30-49,65+,0.21155341000000003,0.21155341000000003,0.21155341000000003
INEQ5_e_W54,age,30-49,65+,0.1299662600000001,0.1299662600000001,0.1299662600000001
INEQ5_f_W54,age,30-49,65+,0.1573627383434152,0.1573627383434152,0.1573627383434152
INEQ5_h_W54,age,30-49,65+,0.12697126000000014,0.12697126000000014,0.12697126000000014
INEQ5_i_W54,age,30-49,65+,0.16228627998435746,0.16228627998435746,0.16228627998435746
INEQ5_k_W54,age,30-49,65+,0.06405091000000002,0.06405091000000002,0.06405091000000002
INEQ5_l_W54,age,30-49,65+,0.3600941191823093,0.3600941191823093,0.3600941191823093
INEQ5_m_W54,age,30-49,65+,0.22941130999999992,0.22941130999999992,0.22941130999999992
INEQ8_a_W54,age,30-49,65+,0.10495259201205748,0.10495259201205748,0.10495259201205748
INEQ8_b_W54,age,30-49,65+,0.3807509537091836,0.3807509537091836,0.3807509537091836
INEQ8_c_W54,age,30-49,65+,0.106475388935246,0.106475388935246,0.106475388935246
INEQ8_d_W54,age,30-49,65+,0.3762417970728652,0.3762417970728652,0.3762417970728652
INEQ8_f_W54,age,30-49,65+,0.28384954879334984,0.28384954879334984,0.28384954879334984
INEQ8_g_W54,age,30-49,65+,0.2784221599999997,0.2784221599999997,0.2784221599999997
INEQ8_h_W54,age,30-49,65+,0.32613125000000015,0.32613125000000015,0.32613125000000015
INEQ8_i_W54,age,30-49,65+,0.13153240999999993,0.13153240999999993,0.13153240999999993
INEQ8_j_W54,age,30-49,65+,0.2089937747174269,0.2089937747174269,0.2089937747174269
INFOCHALa_W45,age,30-49,65+,0.2105161299999998,0.2105161299999998,0.2105161299999998
INFOCREATEa_W45,age,30-49,65+,0.16523195720714717,0.16523195720714717,0.16523195720714717
INTRMAR_W41,age,30-49,65+,0.237074095,0.237074095,0.237074095
JOBTRAIN_W54,age,30-49,65+,0.6365649946897238,0.6365649946897238,0.6365649946897238
LEGALIMG_W41,age,30-49,65+,0.05626119000000007,0.05626119000000007,0.05626119000000007
LEGALIMMIGAMT_W92,age,30-49,65+,0.2804997628049975,0.2804997628049975,0.2804997628049975
LOCALELECT_W29,age,30-49,65+,0.7686540644435647,0.7686540644435647,0.7686540644435647
MADEUPOFT_W45,age,30-49,65+,0.12434326364384529,0.12434326364384529,0.12434326364384529
MADEUPTOPICb_W45,age,30-49,65+,0.01836892593724504,0.01836892593724504,0.01836892593724504
MADEUPTOPICc_W45,age,30-49,65+,0.04251723451474365,0.04251723451474365,0.04251723451474365
MADEUPTOPICd_W45,age,30-49,65+,0.09084217999999997,0.09084217999999997,0.09084217999999997
MAN1A_W29,age,30-49,65+,0.07771616999999989,0.07771616999999989,0.07771616999999989
MAN1B_W29,age,30-49,65+,0.47312636999999996,0.47312636999999996,0.47312636999999996
MAN1C_W29,age,30-49,65+,0.24117906999999997,0.24117906999999997,0.24117906999999997
MAN1D_W29,age,30-49,65+,0.2835155299999999,0.2835155299999999,0.2835155299999999
MAN1E_W29,age,30-49,65+,0.08546559999999992,0.08546559999999992,0.08546559999999992
MARRDUR_W50,age,30-49,65+,1.36999574,1.36999574,1.36999574
MARRYPREF1_W50,age,30-49,65+,0.3647299048216099,0.3647299048216099,0.3647299048216099
MARRYPREF2_W50,age,30-49,65+,0.35236443500000003,0.35236443500000003,0.35236443500000003
MASC2_W29,age,30-49,65+,0.06684956042135559,0.06684956042135559,0.06684956042135559
MOREWMN1F2_W36,age,30-49,65+,0.022146954999999968,0.022146954999999968,0.022146954999999968
MOTHER_W50,age,30-49,65+,0.75473928,0.75473928,0.75473928
MOVERURAL_W32,age,30-49,65+,0.0959063786065299,0.0959063786065299,0.0959063786065299
MOVESUBURB_W32,age,30-49,65+,0.10186737787370836,0.10186737787370836,0.10186737787370836
MOVEURBAN_W32,age,30-49,65+,0.1565152700000001,0.1565152700000001,0.1565152700000001
NEIGHINTERA_W32,age,30-49,65+,0.2264374399999997,0.2264374399999997,0.2264374399999997
NEIGHINTERB_W32,age,30-49,65+,0.6072044846783562,0.6072044846783562,0.6072044846783562
NEIGHKIDS_W32,age,30-49,65+,0.199724885,0.199724885,0.199724885
NEIGHSAMEA_W32,age,30-49,65+,0.3647056300000001,0.3647056300000001,0.3647056300000001
NEWSPROBd_W45,age,30-49,65+,0.10640352396888433,0.10640352396888433,0.10640352396888433
NEWSPROBe_W45,age,30-49,65+,0.23531413999999967,0.23531413999999967,0.23531413999999967
NEWS_PLATFORMg_W45,age,30-49,65+,0.74080748,0.74080748,0.74080748
NOCARRYGUN_W26,age,30-49,65+,0.12905136000000006,0.12905136000000006,0.12905136000000006
PAR1_W50,age,30-49,65+,0.01854315162561762,0.01854315162561762,0.01854315162561762
POLCHF1_W36,age,30-49,65+,0.14396752000000002,0.14396752000000002,0.14396752000000002
POLINTOL2_a_W92,age,30-49,65+,0.18307650999999991,0.18307650999999991,0.18307650999999991
PP5e_W49,age,30-49,65+,0.027485849999999992,0.027485849999999992,0.027485849999999992
PQ4_F2Aa_W42,age,30-49,65+,0.31459822000000015,0.31459822000000015,0.31459822000000015
PQ4_F2Ac_W42,age,30-49,65+,0.14619748533195226,0.14619748533195226,0.14619748533195226
PQ4_F2Ae_W42,age,30-49,65+,0.3177923868533196,0.3177923868533196,0.3177923868533196
PQ4_F2Bb_W42,age,30-49,65+,0.02967650501173308,0.02967650501173308,0.02967650501173308
PQ4_F2Bc_W42,age,30-49,65+,0.11240239616256467,0.11240239616256467,0.11240239616256467
PQ4_F2Bd_W42,age,30-49,65+,0.05557784999999987,0.05557784999999987,0.05557784999999987
PQ4_F2Cc_W42,age,30-49,65+,0.09535494000000003,0.09535494000000003,0.09535494000000003
PQ8_F2B_W42,age,30-49,65+,0.08841060000000003,0.08841060000000003,0.08841060000000003
PROG_RNEED_W92,age,30-49,65+,0.07462897999999996,0.07462897999999996,0.07462897999999996
PWMAN2_W49,age,30-49,65+,0.14597026354029716,0.14597026354029716,0.14597026354029716
RACESURV13_W43,age,30-49,65+,0.035919296150212804,0.035919296150212804,0.035919296150212804
RACESURV14_W43,age,30-49,65+,0.39789086147550456,0.39789086147550456,0.39789086147550456
RACESURV15a_W43,age,30-49,65+,0.024074490000000004,0.024074490000000004,0.024074490000000004
RACESURV15b_W43,age,30-49,65+,0.03692458118674194,0.03692458118674194,0.03692458118674194
RACESURV17_W43,age,30-49,65+,0.0572363099999999,0.0572363099999999,0.0572363099999999
RACESURV18b_W43,age,30-49,65+,0.19987694739003353,0.19987694739003353,0.19987694739003353
RACESURV18f_W43,age,30-49,65+,0.13527555,0.13527555,0.13527555
RACESURV19a_W43,age,30-49,65+,0.07179845000000012,0.07179845000000012,0.07179845000000012
RACESURV19c_W43,age,30-49,65+,0.12151448290195332,0.12151448290195332,0.12151448290195332
RACESURV19e_W43,age,30-49,65+,0.03087792000000006,0.03087792000000006,0.03087792000000006
RACESURV1b_W43,age,30-49,65+,0.06096945486758584,0.06096945486758584,0.06096945486758584
RACESURV21_W43,age,30-49,65+,0.3195492953665363,0.3195492953665363,0.3195492953665363
RACESURV27_W43,age,30-49,65+,0.04966785000000011,0.04966785000000011,0.04966785000000011
RACESURV28a_W43,age,30-49,65+,0.010416207224445362,0.010416207224445362,0.010416207224445362
RACESURV28b_W43,age,30-49,65+,0.07059022303463558,0.07059022303463558,0.07059022303463558
RACESURV28c_W43,age,30-49,65+,0.00989668572253291,0.00989668572253291,0.00989668572253291
RACESURV28d_W43,age,30-49,65+,0.012292569999999892,0.012292569999999892,0.012292569999999892
RACESURV28e_W43,age,30-49,65+,0.014445393327852885,0.014445393327852885,0.014445393327852885
RACESURV28f_W43,age,30-49,65+,0.01611022999999992,0.01611022999999992,0.01611022999999992
RACESURV28g_W43,age,30-49,65+,0.04632477000000004,0.04632477000000004,0.04632477000000004
RACESURV29d_W43,age,30-49,65+,0.18236207544433114,0.18236207544433114,0.18236207544433114
RACESURV2_W43,age,30-49,65+,0.08534329499999993,0.08534329499999993,0.08534329499999993
RACESURV34a_W43,age,30-49,65+,0.2086953384179825,0.2086953384179825,0.2086953384179825
RACESURV34b_W43,age,30-49,65+,0.07527137322738003,0.07527137322738003,0.07527137322738003
RACESURV34c_W43,age,30-49,65+,0.12653299499999984,0.12653299499999984,0.12653299499999984
RACESURV34d_W43,age,30-49,65+,0.10781830474811838,0.10781830474811838,0.10781830474811838
RACESURV34e_W43,age,30-49,65+,0.10002841380945854,0.10002841380945854,0.10002841380945854
RACESURV38_W43,age,30-49,65+,0.055892009999999916,0.055892009999999916,0.055892009999999916
RACESURV40_W43,age,30-49,65+,0.04105007000000006,0.04105007000000006,0.04105007000000006
RACESURV41_W43,age,30-49,65+,0.03856712999999999,0.03856712999999999,0.03856712999999999
RACESURV45_W43,age,30-49,65+,0.031250223807111815,0.031250223807111815,0.031250223807111815
RACESURV47a_W43,age,30-49,65+,0.20955596773489882,0.20955596773489882,0.20955596773489882
RACESURV47b_W43,age,30-49,65+,0.4223713920441774,0.4223713920441774,0.4223713920441774
RACESURV47d_W43,age,30-49,65+,0.16262602811371363,0.16262602811371363,0.16262602811371363
RACESURV47e_W43,age,30-49,65+,0.1254483897199824,0.1254483897199824,0.1254483897199824
RACESURV47f_W43,age,30-49,65+,0.06195017172588538,0.06195017172588538,0.06195017172588538
RACESURV48_W43,age,30-49,65+,0.11095708000000004,0.11095708000000004,0.11095708000000004
RACESURV51_W43,age,30-49,65+,0.07797154000000002,0.07797154000000002,0.07797154000000002
RACESURV52MOD_W92,age,30-49,65+,0.5554285306172656,0.5554285306172656,0.5554285306172656
RACESURV52_W43,age,30-49,65+,0.483724762413794,0.483724762413794,0.483724762413794
RACESURV5a_W43,age,30-49,65+,0.02780284378437259,0.02780284378437259,0.02780284378437259
RACESURV5b_W43,age,30-49,65+,0.08282016999999994,0.08282016999999994,0.08282016999999994
RACESURV5d_W43,age,30-49,65+,0.030387010303869866,0.030387010303869866,0.030387010303869866
RACESURV5e_W43,age,30-49,65+,0.06738240826445277,0.06738240826445277,0.06738240826445277
RACESURV5f_W43,age,30-49,65+,0.11276982499999998,0.11276982499999998,0.11276982499999998
RACESURV5g_W43,age,30-49,65+,0.06380666999999997,0.06380666999999997,0.06380666999999997
RACESURV5h_W43,age,30-49,65+,0.09046660083357985,0.09046660083357985,0.09046660083357985
RACESURV5i_W43,age,30-49,65+,0.0801621827178316,0.0801621827178316,0.0801621827178316
RACESURV5j_W43,age,30-49,65+,0.10943726999999996,0.10943726999999996,0.10943726999999996
RACESURV5l_W43,age,30-49,65+,0.07039093251545492,0.07039093251545492,0.07039093251545492
RACESURV9_W43,age,30-49,65+,0.11243348592180649,0.11243348592180649,0.11243348592180649
REASONGUNA_W26,age,30-49,65+,0.11668809498237642,0.11668809498237642,0.11668809498237642
REASONGUNB_W26,age,30-49,65+,0.14444664000000002,0.14444664000000002,0.14444664000000002
REASONGUNC_W26,age,30-49,65+,0.22132171000000006,0.22132171000000006,0.22132171000000006
REASONGUND_W26,age,30-49,65+,0.06831480999999995,0.06831480999999995,0.06831480999999995
REASONGUNE_W26,age,30-49,65+,0.011243400000000028,0.011243400000000028,0.011243400000000028
REPRSNTDEM_W92,age,30-49,65+,0.21028716844116951,0.21028716844116951,0.21028716844116951
REPRSNTREP_W92,age,30-49,65+,0.14901583000000002,0.14901583000000002,0.14901583000000002
ROMRELDUR_W50,age,30-49,65+,0.9291442997953328,0.9291442997953328,0.9291442997953328
ROMRELSER_W50,age,30-49,65+,0.16021893390438102,0.16021893390438102,0.16021893390438102
RQ1_F1B_W42,age,30-49,65+,0.01133083000000007,0.01133083000000007,0.01133083000000007
RQ1_F1C_W42,age,30-49,65+,0.015730937198956907,0.015730937198956907,0.015730937198956907
RQ2_F1A_W42,age,30-49,65+,0.10552908999999999,0.10552908999999999,0.10552908999999999
RQ4_F1Ab_W42,age,30-49,65+,0.14210742000000037,0.14210742000000037,0.14210742000000037
RQ4_F1Ae_W42,age,30-49,65+,0.20152469999999995,0.20152469999999995,0.20152469999999995
RQ4_F1Ba_W42,age,30-49,65+,0.13691783540499042,0.13691783540499042,0.13691783540499042
RQ4_F1Bc_W42,age,30-49,65+,0.07577137999999986,0.07577137999999986,0.07577137999999986
RQ4_F1Bd_W42,age,30-49,65+,0.09347181093471807,0.09347181093471807,0.09347181093471807
RQ4_F1Be_W42,age,30-49,65+,0.08261851115975483,0.08261851115975483,0.08261851115975483
RQ4_F1Ca_W42,age,30-49,65+,0.16968787941837443,0.16968787941837443,0.16968787941837443
RQ4_F1Cb_W42,age,30-49,65+,0.12112638899894501,0.12112638899894501,0.12112638899894501
RQ4_F1Cd_W42,age,30-49,65+,0.05951490999999996,0.05951490999999996,0.05951490999999996
RQ5_F1B_W42,age,30-49,65+,0.09007060341765283,0.09007060341765283,0.09007060341765283
RQ5_F1C_W42,age,30-49,65+,0.09945363000000003,0.09945363000000003,0.09945363000000003
S12_W29,age,30-49,65+,0.12843950999999998,0.12843950999999998,0.12843950999999998
S13_W29,age,30-49,65+,0.17461219857050908,0.17461219857050908,0.17461219857050908
SATLIFED_W32,age,30-49,65+,0.33440810939042026,0.33440810939042026,0.33440810939042026
SATLIFEc_W50,age,30-49,65+,0.475157059500355,0.475157059500355,0.475157059500355
SEENFEM_W29,age,30-49,65+,0.2081757000000001,0.2081757000000001,0.2081757000000001
SEENMASC_W29,age,30-49,65+,0.1649532427944567,0.1649532427944567,0.1649532427944567
SHOOTFREQ_W26,age,30-49,65+,0.31375595,0.31375595,0.31375595
SMARTAPP_W49,age,30-49,65+,0.40664329999999993,0.40664329999999993,0.40664329999999993
SMLIKESb_W45,age,30-49,65+,0.08914823089148238,0.08914823089148238,0.08914823089148238
SMLIKESf_W45,age,30-49,65+,0.06853598000000011,0.06853598000000011,0.06853598000000011
SOCIETY_GUNS_W92,age,30-49,65+,0.0959046017336295,0.0959046017336295,0.0959046017336295
SOCIETY_RELG_W92,age,30-49,65+,0.5486046885726087,0.5486046885726087,0.5486046885726087
SOCIETY_RHIST_W92,age,30-49,65+,0.2536231999999999,0.2536231999999999,0.2536231999999999
SOCIETY_SSM_W92,age,30-49,65+,0.6085375626939181,0.6085375626939181,0.6085375626939181
SOCIETY_TRANS_W92,age,30-49,65+,0.39973581399735836,0.39973581399735836,0.39973581399735836
SOCIETY_WHT_W92,age,30-49,65+,0.34891092369995624,0.34891092369995624,0.34891092369995624
SOCTRUST2_W32,age,30-49,65+,0.20518910999999995,0.20518910999999995,0.20518910999999995
SOLVPROBa_W41,age,30-49,65+,0.029544329704556893,0.029544329704556893,0.029544329704556893
SOLVPROBb_W41,age,30-49,65+,0.36236643999999996,0.36236643999999996,0.36236643999999996
SOLVPROBc_W41,age,30-49,65+,0.2607665800000003,0.2607665800000003,0.2607665800000003
SOLVPROBdF1_W41,age,30-49,65+,0.12826962322157962,0.12826962322157962,0.12826962322157962
SOLVPROBf_W41,age,30-49,65+,0.17356744999999987,0.17356744999999987,0.17356744999999987
SOLVPROBg_W41,age,30-49,65+,0.24370885000000012,0.24370885000000012,0.24370885000000012
SOLVPROBh_W41,age,30-49,65+,0.07788963000000018,0.07788963000000018,0.07788963000000018
TALK_CPS_W29,age,30-49,65+,0.60681749,0.60681749,0.60681749
TRACKCO1a_W49,age,30-49,65+,0.1398044699999998,0.1398044699999998,0.1398044699999998
TRACKCO1b_W49,age,30-49,65+,0.14257862142578626,0.14257862142578626,0.14257862142578626
TRACKGOV1a_W49,age,30-49,65+,0.5746763103402802,0.5746763103402802,0.5746763103402802
TRACKGOV1b_W49,age,30-49,65+,0.41090435,0.41090435,0.41090435
TRAITBIZMF2C_W36,age,30-49,65+,0.08872790000000003,0.08872790000000003,0.08872790000000003
TRAITBIZMF2D_W36,age,30-49,65+,0.04981396499999996,0.04981396499999996,0.04981396499999996
TRAITBIZMF2E_W36,age,30-49,65+,0.021793669138980676,0.021793669138980676,0.021793669138980676
TRAITBIZMF2G_W36,age,30-49,65+,0.05456913233018218,0.05456913233018218,0.05456913233018218
TRAITBIZWF2C_W36,age,30-49,65+,0.06288799999999989,0.06288799999999989,0.06288799999999989
TRAITBIZWF2D_W36,age,30-49,65+,0.09325764500000006,0.09325764500000006,0.09325764500000006
TRAITBIZWF2E_W36,age,30-49,65+,0.0717370870131466,0.0717370870131466,0.0717370870131466
TRAITBIZWF2G_W36,age,30-49,65+,0.02090792395663915,0.02090792395663915,0.02090792395663915
TRAITPOLMF1B_W36,age,30-49,65+,0.048944883286113655,0.048944883286113655,0.048944883286113655
TRAITPOLMF1C_W36,age,30-49,65+,0.051595514250555086,0.051595514250555086,0.051595514250555086
TRAITPOLMF1D_W36,age,30-49,65+,0.041638133283997014,0.041638133283997014,0.041638133283997014
TRAITPOLMF1E_W36,age,30-49,65+,0.06534579499999998,0.06534579499999998,0.06534579499999998
TRAITPOLMF1F_W36,age,30-49,65+,0.06728357500000001,0.06728357500000001,0.06728357500000001
TRAITPOLMF1G_W36,age,30-49,65+,0.017230214999999993,0.017230214999999993,0.017230214999999993
TRAITPOLWF1A_W36,age,30-49,65+,0.09128934218202756,0.09128934218202756,0.09128934218202756
TRAITPOLWF1C_W36,age,30-49,65+,0.04179575853960002,0.04179575853960002,0.04179575853960002
TRAITPOLWF1D_W36,age,30-49,65+,0.012210274999999993,0.012210274999999993,0.012210274999999993
TRAITPOLWF1E_W36,age,30-49,65+,0.08922103000000006,0.08922103000000006,0.08922103000000006
TRAITPOLWF1F_W36,age,30-49,65+,0.036069124999999994,0.036069124999999994,0.036069124999999994
TRAITPOLWF1G_W36,age,30-49,65+,0.03317004966829945,0.03317004966829945,0.03317004966829945
UNIMMIGCOMM_W92,age,30-49,65+,0.198932351886881,0.198932351886881,0.198932351886881
USEXCEPT_W92,age,30-49,65+,0.39661926000000003,0.39661926000000003,0.39661926000000003
USMILSIZ_W92,age,30-49,65+,0.4349073266387269,0.4349073266387269,0.4349073266387269
VALUERURAL_W32,age,30-49,65+,0.2912258000000001,0.2912258000000001,0.2912258000000001
WHADVANT_W32,age,30-49,65+,0.16368969999999997,0.16368969999999997,0.16368969999999997
WHADVANT_W92,age,30-49,65+,0.1531010703230663,0.1531010703230663,0.1531010703230663
WHYNOTBIZF2A_W36,age,30-49,65+,0.16425494999999996,0.16425494999999996,0.16425494999999996
WHYNOTBIZF2B_W36,age,30-49,65+,0.16199401295496318,0.16199401295496318,0.16199401295496318
WHYNOTBIZF2D_W36,age,30-49,65+,0.09404339999999996,0.09404339999999996,0.09404339999999996
WHYNOTBIZF2F_W36,age,30-49,65+,0.06112096,0.06112096,0.06112096
WHYNOTBIZF2G_W36,age,30-49,65+,0.25574254,0.25574254,0.25574254
WHYNOTBIZF2H_W36,age,30-49,65+,0.1281771164547737,0.1281771164547737,0.1281771164547737
WHYNOTBIZF2J_W36,age,30-49,65+,0.18579155518179774,0.18579155518179774,0.18579155518179774
WHYNOTBIZF2M_W36,age,30-49,65+,0.18369395022160756,0.18369395022160756,0.18369395022160756
WHYNOTBIZF2N_W36,age,30-49,65+,0.18184960000000003,0.18184960000000003,0.18184960000000003
WHYNOTBIZF2O_W36,age,30-49,65+,0.104544394577541,0.104544394577541,0.104544394577541
WHYNOTPOLF1A_W36,age,30-49,65+,0.09784938999999987,0.09784938999999987,0.09784938999999987
WHYNOTPOLF1B_W36,age,30-49,65+,0.1458666371412492,0.1458666371412492,0.1458666371412492
WHYNOTPOLF1C_W36,age,30-49,65+,0.12901693152856536,0.12901693152856536,0.12901693152856536
WHYNOTPOLF1E_W36,age,30-49,65+,0.16750029999999996,0.16750029999999996,0.16750029999999996
WHYNOTPOLF1G_W36,age,30-49,65+,0.05269272999999991,0.05269272999999991,0.05269272999999991
WHYNOTPOLF1I_W36,age,30-49,65+,0.17669219000000003,0.17669219000000003,0.17669219000000003
WHYNOTPOLF1J_W36,age,30-49,65+,0.10580359275980672,0.10580359275980672,0.10580359275980672
WHYNOTPOLF1K_W36,age,30-49,65+,0.02634674435257847,0.02634674435257847,0.02634674435257847
WHYNOTPOLF1L_W36,age,30-49,65+,0.08356611000000003,0.08356611000000003,0.08356611000000003
WILLMOVE_W32,age,30-49,65+,0.6775947390709572,0.6775947390709572,0.6775947390709572
WMNPRZ1_W36,age,30-49,65+,0.06227804241508078,0.06227804241508078,0.06227804241508078
WORRY2a_W54,age,30-49,65+,0.8019431719805692,0.8019431719805692,0.8019431719805692
WORRY2b_W54,age,30-49,65+,0.8433763100000001,0.8433763100000001,0.8433763100000001
WORRY2c_W54,age,30-49,65+,0.7081065200000001,0.7081065200000001,0.7081065200000001
WORRY2d_W54,age,30-49,65+,0.3452969265356731,0.3452969265356731,0.3452969265356731
WORRY2e_W54,age,30-49,65+,0.8801355399999998,0.8801355399999998,0.8801355399999998
WORRYBILL_W29,age,30-49,65+,0.5131929400000002,0.5131929400000002,0.5131929400000002
WORRYB_W26,age,30-49,65+,0.06891786,0.06891786,0.06891786
WORRYD_W26,age,30-49,65+,0.3997878,0.3997878,0.3997878
WORRYE_W26,age,30-49,65+,0.12294373999999998,0.12294373999999998,0.12294373999999998
WORRYF_W26,age,30-49,65+,0.2452557457540112,0.2452557457540112,0.2452557457540112
AUTOLKLY_W41,education,Less than high school,High school graduate,0.55314475,0.5062827866666666,0.7594241799999999
AUTOLKLY_W41,education,Less than high school,College graduate/some postgrad,0.7594241799999999,0.5062827866666666,0.7594241799999999
AUTOLKLY_W41,education,High school graduate,College graduate/some postgrad,0.20627942999999999,0.5062827866666666,0.7594241799999999
AUTOWKPLC_W41,education,Less than high school,High school graduate,0.03682336368075011,0.062445630899213504,0.08786864000000004
AUTOWKPLC_W41,education,Less than high school,College graduate/some postgrad,0.06264488901689036,0.062445630899213504,0.08786864000000004
AUTOWKPLC_W41,education,High school graduate,College graduate/some postgrad,0.08786864000000004,0.062445630899213504,0.08786864000000004
BENEFITGOV_W49,education,Less than high school,High school graduate,0.28408929,0.20075128,0.30112692
BENEFITGOV_W49,education,Less than high school,College graduate/some postgrad,0.30112692,0.20075128,0.30112692
BENEFITGOV_W49,education,High school graduate,College graduate/some postgrad,0.017037630000000033,0.20075128,0.30112692
BETTERBIZ1F2D_W36,education,Less than high school,High school graduate,0.08451259499999997,0.06834118999999998,0.08451259499999997
BETTERBIZ1F2D_W36,education,Less than high school,College graduate/some postgrad,0.03870460999999997,0.06834118999999998,0.08451259499999997
BETTERBIZ1F2D_W36,education,High school graduate,College graduate/some postgrad,0.08180636499999999,0.06834118999999998,0.08451259499999997
BETTERBIZ1F2E_W36,education,Less than high school,High school graduate,0.12107600499999996,0.10702457666666666,0.15248039
BETTERBIZ1F2E_W36,education,Less than high school,College graduate/some postgrad,0.15248039,0.10702457666666666,0.15248039
BETTERBIZ1F2E_W36,education,High school graduate,College graduate/some postgrad,0.04751733500000005,0.10702457666666666,0.15248039
BETTERBIZ1F2H_W36,education,Less than high school,High school graduate,0.10517341,0.0721079863819196,0.10517341
BETTERBIZ1F2H_W36,education,Less than high school,College graduate/some postgrad,0.09496874311419098,0.0721079863819196,0.10517341
BETTERBIZ1F2H_W36,education,High school graduate,College graduate/some postgrad,0.016181806031567825,0.0721079863819196,0.10517341
BETTERBIZ2F2C_W36,education,Less than high school,High school graduate,0.08612965913870343,0.06174777849620944,0.08612965913870343
BETTERBIZ2F2C_W36,education,Less than high school,College graduate/some postgrad,0.06011512152588794,0.06174777849620944,0.08612965913870343
BETTERBIZ2F2C_W36,education,High school graduate,College graduate/some postgrad,0.03899855482403694,0.06174777849620944,0.08612965913870343
BETTERBIZ2F2E_W36,education,Less than high school,High school graduate,0.03387561999999996,0.024533156666666642,0.03387561999999996
BETTERBIZ2F2E_W36,education,Less than high school,College graduate/some postgrad,0.033057864999999985,0.024533156666666642,0.03387561999999996
BETTERBIZ2F2E_W36,education,High school graduate,College graduate/some postgrad,0.006665984999999985,0.024533156666666642,0.03387561999999996
BETTERBIZ2F2F_W36,education,Less than high school,High school graduate,0.09676977000000006,0.07068148172938082,0.1020730876633677
BETTERBIZ2F2F_W36,education,Less than high school,College graduate/some postgrad,0.1020730876633677,0.07068148172938082,0.1020730876633677
BETTERBIZ2F2F_W36,education,High school graduate,College graduate/some postgrad,0.01320158752477471,0.07068148172938082,0.1020730876633677
BETTERPOL1F1B_W36,education,Less than high school,High school graduate,0.04850979500000001,0.10217627,0.153264405
BETTERPOL1F1B_W36,education,Less than high school,College graduate/some postgrad,0.153264405,0.10217627,0.153264405
BETTERPOL1F1B_W36,education,High school graduate,College graduate/some postgrad,0.10475461,0.10217627,0.153264405
BETTERPOL1F1E_W36,education,Less than high school,High school graduate,0.06371894499999997,0.054546483333333305,0.08181972499999995
BETTERPOL1F1E_W36,education,Less than high school,College graduate/some postgrad,0.08181972499999995,0.054546483333333305,0.08181972499999995
BETTERPOL1F1E_W36,education,High school graduate,College graduate/some postgrad,0.018100779999999983,0.054546483333333305,0.08181972499999995
BETTERPOL1F1I_W36,education,Less than high school,High school graduate,0.102646625,0.06843108333333334,0.102646625
BETTERPOL1F1I_W36,education,Less than high school,College graduate/some postgrad,0.07261829000000004,0.06843108333333334,0.102646625
BETTERPOL1F1I_W36,education,High school graduate,College graduate/some postgrad,0.03002833499999996,0.06843108333333334,0.102646625
BETTERPOL2F1A_W36,education,Less than high school,High school graduate,0.05346009999999994,0.09265076270208213,0.12943433905312318
BETTERPOL2F1A_W36,education,Less than high school,College graduate/some postgrad,0.12943433905312318,0.09265076270208213,0.12943433905312318
BETTERPOL2F1A_W36,education,High school graduate,College graduate/some postgrad,0.09505784905312324,0.09265076270208213,0.12943433905312318
BETTERPOL2F1C_W36,education,Less than high school,High school graduate,0.11172809898643174,0.1064145821379505,0.11172809898643174
BETTERPOL2F1C_W36,education,Less than high school,College graduate/some postgrad,0.1010928124274198,0.1064145821379505,0.11172809898643174
BETTERPOL2F1C_W36,education,High school graduate,College graduate/some postgrad,0.10642283499999997,0.1064145821379505,0.11172809898643174
BETTERPOL2F1D_W36,education,Less than high school,High school graduate,0.05249122947508769,0.11267024887329756,0.16900537330994633
BETTERPOL2F1D_W36,education,Less than high school,College graduate/some postgrad,0.16900537330994633,0.11267024887329756,0.16900537330994633
BETTERPOL2F1D_W36,education,High school graduate,College graduate/some postgrad,0.11651414383485864,0.11267024887329756,0.16900537330994633
BETTERPOL2F1F_W36,education,Less than high school,High school graduate,0.057545190000000024,0.12023205999999999,0.18034809
BETTERPOL2F1F_W36,education,Less than high school,College graduate/some postgrad,0.18034809,0.12023205999999999,0.18034809
BETTERPOL2F1F_W36,education,High school graduate,College graduate/some postgrad,0.12280289999999996,0.12023205999999999,0.18034809
BILLION_W92,education,Less than high school,High school graduate,0.010709127007673278,0.020592874671782214,0.030889312007673322
BILLION_W92,education,Less than high school,College graduate/some postgrad,0.020180185000000045,0.020592874671782214,0.030889312007673322
BILLION_W92,education,High school graduate,College graduate/some postgrad,0.030889312007673322,0.020592874671782214,0.030889312007673322
BOYSF1B_W29,education,Less than high school,High school graduate,0.04486296500000001,0.05827431000000002,0.08741146500000002
BOYSF1B_W29,education,Less than high school,College graduate/some postgrad,0.08741146500000002,0.05827431000000002,0.08741146500000002
BOYSF1B_W29,education,High school graduate,College graduate/some postgrad,0.04254850000000002,0.05827431000000002,0.08741146500000002
CANDEXP_W92,education,Less than high school,High school graduate,0.17252569999999995,0.18430546518932292,0.2764581977839844
CANDEXP_W92,education,Less than high school,College graduate/some postgrad,0.2764581977839844,0.18430546518932292,0.2764581977839844
CANDEXP_W92,education,High school graduate,College graduate/some postgrad,0.10393249778398442,0.18430546518932292,0.2764581977839844
CARRYGUN_W26,education,Less than high school,High school graduate,0.6396200900000002,0.4451580066666668,0.6628523200000002
CARRYGUN_W26,education,Less than high school,College graduate/some postgrad,0.6628523200000002,0.4451580066666668,0.6628523200000002
CARRYGUN_W26,education,High school graduate,College graduate/some postgrad,0.03300161,0.4451580066666668,0.6628523200000002
CLASS_W32,education,Less than high school,High school graduate,0.17389245330518704,0.42657864240088017,0.6398679636013203
CLASS_W32,education,Less than high school,College graduate/some postgrad,0.6398679636013203,0.42657864240088017,0.6398679636013203
CLASS_W32,education,High school graduate,College graduate/some postgrad,0.46597551029613327,0.42657864240088017,0.6398679636013203
COHABDUR_W50,education,Less than high school,High school graduate,0.16894627288154707,0.6187162666444962,0.8452789715472109
COHABDUR_W50,education,Less than high school,College graduate/some postgrad,0.8419235555047309,0.6187162666444962,0.8452789715472109
COHABDUR_W50,education,High school graduate,College graduate/some postgrad,0.8452789715472109,0.6187162666444962,0.8452789715472109
COMMIMPA_W32,education,Less than high school,High school graduate,0.08100352769099237,0.37656494113935485,0.5470917099999999
COMMIMPA_W32,education,Less than high school,College graduate/some postgrad,0.5470917099999999,0.37656494113935485,0.5470917099999999
COMMIMPA_W32,education,High school graduate,College graduate/some postgrad,0.5015995857270723,0.37656494113935485,0.5470917099999999
COMMIMPB_W32,education,Less than high school,High school graduate,0.08514027999999996,0.07561087162812401,0.10328961346414156
COMMIMPB_W32,education,Less than high school,College graduate/some postgrad,0.10328961346414156,0.07561087162812401,0.10328961346414156
COMMIMPB_W32,education,High school graduate,College graduate/some postgrad,0.03840272142023049,0.07561087162812401,0.10328961346414156
COMMIMPC_W32,education,Less than high school,High school graduate,0.08118494134353807,0.17237325448016105,0.2188461740018095
COMMIMPC_W32,education,Less than high school,College graduate/some postgrad,0.2188461740018095,0.17237325448016105,0.2188461740018095
COMMIMPC_W32,education,High school graduate,College graduate/some postgrad,0.21708864809513564,0.17237325448016105,0.2188461740018095
COMMIMPF_W32,education,Less than high school,High school graduate,0.09456940000000003,0.2067521667601602,0.3030414507726799
COMMIMPF_W32,education,Less than high school,College graduate/some postgrad,0.3030414507726799,0.2067521667601602,0.3030414507726799
COMMIMPF_W32,education,High school graduate,College graduate/some postgrad,0.2226456495078007,0.2067521667601602,0.3030414507726799
COMMIMPG_W32,education,Less than high school,High school graduate,0.08008101999999998,0.06864935333333338,0.08089519000000014
COMMIMPG_W32,education,Less than high school,College graduate/some postgrad,0.044971850000000035,0.06864935333333338,0.08089519000000014
COMMIMPG_W32,education,High school graduate,College graduate/some postgrad,0.08089519000000014,0.06864935333333338,0.08089519000000014
COMMIMPH_W32,education,Less than high school,High school graduate,0.1286171756708669,0.18013401303958707,0.22015154344789412
COMMIMPH_W32,education,Less than high school,College graduate/some postgrad,0.22015154344789412,0.18013401303958707,0.22015154344789412
COMMIMPH_W32,education,High school graduate,College graduate/some postgrad,0.19163332000000016,0.18013401303958707,0.22015154344789412
COMMYRS_W32,education,Less than high school,High school graduate,0.21909627999999984,0.20914731242948334,0.30140271629479964
COMMYRS_W32,education,Less than high school,College graduate/some postgrad,0.10694294099365054,0.20914731242948334,0.30140271629479964
COMMYRS_W32,education,High school graduate,College graduate/some postgrad,0.30140271629479964,0.20914731242948334,0.30140271629479964
CONCERNCO_W49,education,Less than high school,High school graduate,0.2495137915424291,0.20641929436161954,0.3096289415424293
CONCERNCO_W49,education,Less than high school,College graduate/some postgrad,0.3096289415424293,0.20641929436161954,0.3096289415424293
CONCERNCO_W49,education,High school graduate,College graduate/some postgrad,0.06011515000000023,0.20641929436161954,0.3096289415424293
CONCERNGRPa_W49,education,Less than high school,High school graduate,0.048121950000000024,0.09127884811384268,0.126517332170764
CONCERNGRPa_W49,education,Less than high school,College graduate/some postgrad,0.126517332170764,0.09127884811384268,0.126517332170764
CONCERNGRPa_W49,education,High school graduate,College graduate/some postgrad,0.09919726217076402,0.09127884811384268,0.126517332170764
CONCERNGRPc_W49,education,Less than high school,High school graduate,0.1018859900000001,0.07971360666666674,0.1018859900000001
CONCERNGRPc_W49,education,Less than high school,College graduate/some postgrad,0.09743797000000008,0.07971360666666674,0.1018859900000001
CONCERNGRPc_W49,education,High school graduate,College graduate/some postgrad,0.03981686000000004,0.07971360666666674,0.1018859900000001
CONFb_W42,education,Less than high school,High school graduate,0.18777168999999994,0.12812631999999993,0.18777168999999994
CONFb_W42,education,Less than high school,College graduate/some postgrad,0.15847634999999988,0.12812631999999993,0.18777168999999994
CONFb_W42,education,High school graduate,College graduate/some postgrad,0.03813092000000001,0.12812631999999993,0.18777168999999994
CONFc_W42,education,Less than high school,High school graduate,0.07862111999999999,0.10358949999999996,0.13686978
CONFc_W42,education,Less than high school,College graduate/some postgrad,0.0952775999999999,0.10358949999999996,0.13686978
CONFc_W42,education,High school graduate,College graduate/some postgrad,0.13686978,0.10358949999999996,0.13686978
CONFe_W42,education,Less than high school,High school graduate,0.08313986916860125,0.06125026892998044,0.08313986916860125
CONFe_W42,education,Less than high school,College graduate/some postgrad,0.057082563603506775,0.06125026892998044,0.08313986916860125
CONFe_W42,education,High school graduate,College graduate/some postgrad,0.0435283740178333,0.06125026892998044,0.08313986916860125
CONFg_W42,education,Less than high school,High school graduate,0.11493442000000022,0.1294495933333335,0.18669332000000027
CONFg_W42,education,Less than high school,College graduate/some postgrad,0.18669332000000027,0.1294495933333335,0.18669332000000027
CONFg_W42,education,High school graduate,College graduate/some postgrad,0.08672104000000003,0.1294495933333335,0.18669332000000027
CONTROLCO_W49,education,Less than high school,High school graduate,0.19698183,0.14205294666666662,0.19698183
CONTROLCO_W49,education,Less than high school,College graduate/some postgrad,0.18085826999999993,0.14205294666666662,0.19698183
CONTROLCO_W49,education,High school graduate,College graduate/some postgrad,0.04831873999999999,0.14205294666666662,0.19698183
CONTROLGRPc_W49,education,Less than high school,High school graduate,0.032089750320897434,0.10653231161104042,0.15979846741656062
CONTROLGRPc_W49,education,Less than high school,College graduate/some postgrad,0.15979846741656062,0.10653231161104042,0.15979846741656062
CONTROLGRPc_W49,education,High school graduate,College graduate/some postgrad,0.12770871709566317,0.10653231161104042,0.15979846741656062
DATAUSEd_W49,education,Less than high school,High school graduate,0.050648969999999904,0.08068047999999998,0.12102071999999997
DATAUSEd_W49,education,Less than high school,College graduate/some postgrad,0.12102071999999997,0.08068047999999998,0.12102071999999997
DATAUSEd_W49,education,High school graduate,College graduate/some postgrad,0.07037175000000007,0.08068047999999998,0.12102071999999997
DNA2b_W50,education,Less than high school,High school graduate,0.23121108999999995,0.15414072666666664,0.23121108999999995
DNA2b_W50,education,Less than high school,College graduate/some postgrad,0.13581558999999993,0.15414072666666664,0.23121108999999995
DNA2b_W50,education,High school graduate,College graduate/some postgrad,0.09539550000000002,0.15414072666666664,0.23121108999999995
DNA5_W50,education,Less than high school,High school graduate,0.20315528000000002,0.13543685333333333,0.20315528000000002
DNA5_W50,education,Less than high school,College graduate/some postgrad,0.19568384,0.13543685333333333,0.20315528000000002
DNA5_W50,education,High school graduate,College graduate/some postgrad,0.007471440000000024,0.13543685333333333,0.20315528000000002
E5MOD_W50,education,Less than high school,High school graduate,0.1060489999999999,0.18252967999999992,0.2737945199999999
E5MOD_W50,education,Less than high school,College graduate/some postgrad,0.2737945199999999,0.18252967999999992,0.2737945199999999
E5MOD_W50,education,High school graduate,College graduate/some postgrad,0.16774551999999998,0.18252967999999992,0.2737945199999999
E5_W36,education,Less than high school,High school graduate,0.026691141023615472,0.1654713706797466,0.24687276999999996
E5_W36,education,Less than high school,College graduate/some postgrad,0.22285020101562436,0.1654713706797466,0.24687276999999996
E5_W36,education,High school graduate,College graduate/some postgrad,0.24687276999999996,0.1654713706797466,0.24687276999999996
EAT1_W34,education,Less than high school,High school graduate,0.08942234089422295,0.2726543529192622,0.4055345280094688
EAT1_W34,education,Less than high school,College graduate/some postgrad,0.32300618985409485,0.2726543529192622,0.4055345280094688
EAT1_W34,education,High school graduate,College graduate/some postgrad,0.4055345280094688,0.2726543529192622,0.4055345280094688
EAT2_W34,education,Less than high school,High school graduate,0.11408832472691108,0.33735717650339453,0.5013491244403309
EAT2_W34,education,Less than high school,College graduate/some postgrad,0.5013491244403309,0.33735717650339453,0.5013491244403309
EAT2_W34,education,High school graduate,College graduate/some postgrad,0.39663408034294173,0.33735717650339453,0.5013491244403309
EAT5B_W34,education,Less than high school,High school graduate,0.09852470428206966,0.15945856917863008,0.2355248632538204
EAT5B_W34,education,Less than high school,College graduate/some postgrad,0.2355248632538204,0.15945856917863008,0.2355248632538204
EAT5B_W34,education,High school graduate,College graduate/some postgrad,0.14432614000000007,0.15945856917863008,0.2355248632538204
EAT5C_W34,education,Less than high school,High school graduate,0.13050650999999994,0.16092779999999998,0.24139169999999996
EAT5C_W34,education,Less than high school,College graduate/some postgrad,0.24139169999999996,0.16092779999999998,0.24139169999999996
EAT5C_W34,education,High school graduate,College graduate/some postgrad,0.11088519000000002,0.16092779999999998,0.24139169999999996
EAT5D_W34,education,Less than high school,High school graduate,0.05499471443077125,0.11672536666666646,0.1750880499999997
EAT5D_W34,education,Less than high school,College graduate/some postgrad,0.1750880499999997,0.11672536666666646,0.1750880499999997
EAT5D_W34,education,High school graduate,College graduate/some postgrad,0.12009333556922844,0.11672536666666646,0.1750880499999997
ECIMPg_W54,education,Less than high school,High school graduate,0.019242174999999972,0.018820926666666644,0.027587594999999965
ECIMPg_W54,education,Less than high school,College graduate/some postgrad,0.027587594999999965,0.018820926666666644,0.027587594999999965
ECIMPg_W54,education,High school graduate,College graduate/some postgrad,0.009633009999999997,0.018820926666666644,0.027587594999999965
ECON1_W54,education,Less than high school,High school graduate,0.20634446043984084,0.21207512878741794,0.3181126931811269
ECON1_W54,education,Less than high school,College graduate/some postgrad,0.3181126931811269,0.21207512878741794,0.3181126931811269
ECON1_W54,education,High school graduate,College graduate/some postgrad,0.11176823274128608,0.21207512878741794,0.3181126931811269
ECON3_d_W54,education,Less than high school,High school graduate,0.2662978003689848,0.19365649074119481,0.2662978003689848
ECON3_d_W54,education,Less than high school,College graduate/some postgrad,0.24678143000000025,0.19365649074119481,0.2662978003689848
ECON3_d_W54,education,High school graduate,College graduate/some postgrad,0.06789024185459935,0.19365649074119481,0.2662978003689848
ECON4_a_W54,education,Less than high school,High school graduate,0.1566406509996187,0.15938955942290045,0.23478707765212947
ECON4_a_W54,education,Less than high school,College graduate/some postgrad,0.23478707765212947,0.15938955942290045,0.23478707765212947
ECON4_a_W54,education,High school graduate,College graduate/some postgrad,0.08674094961695317,0.15938955942290045,0.23478707765212947
ECON4_b_W54,education,Less than high school,High school graduate,0.06676815852276213,0.1452087874991486,0.1947673950184403
ECON4_b_W54,education,Less than high school,College graduate/some postgrad,0.17409080895624338,0.1452087874991486,0.1947673950184403
ECON4_b_W54,education,High school graduate,College graduate/some postgrad,0.1947673950184403,0.1452087874991486,0.1947673950184403
ECON4_e_W54,education,Less than high school,High school graduate,0.29967368653043763,0.2014583710370509,0.29967368653043763
ECON4_e_W54,education,Less than high school,College graduate/some postgrad,0.1286602712866028,0.2014583710370509,0.29967368653043763
ECON4_e_W54,education,High school graduate,College graduate/some postgrad,0.17604115529411224,0.2014583710370509,0.29967368653043763
ECON4_f_W54,education,Less than high school,High school graduate,0.21238490999999998,0.3846276866666667,0.57694153
ECON4_f_W54,education,Less than high school,College graduate/some postgrad,0.57694153,0.3846276866666667,0.57694153
ECON4_f_W54,education,High school graduate,College graduate/some postgrad,0.3645566200000001,0.3846276866666667,0.57694153
ECON4_g_W54,education,Less than high school,High school graduate,0.2311219747791596,0.39913899333333314,0.5987084899999997
ECON4_g_W54,education,Less than high school,College graduate/some postgrad,0.5987084899999997,0.39913899333333314,0.5987084899999997
ECON4_g_W54,education,High school graduate,College graduate/some postgrad,0.3675865152208401,0.39913899333333314,0.5987084899999997
ECON5_b_W54,education,Less than high school,High school graduate,0.11023159000000005,0.22325217047195686,0.33284800570793527
ECON5_b_W54,education,Less than high school,College graduate/some postgrad,0.33284800570793527,0.22325217047195686,0.33284800570793527
ECON5_b_W54,education,High school graduate,College graduate/some postgrad,0.22667691570793524,0.22325217047195686,0.33284800570793527
ECON5_c_W54,education,Less than high school,High school graduate,0.09803032816334847,0.13400496609947155,0.17383392173833906
ECON5_c_W54,education,Less than high school,College graduate/some postgrad,0.17383392173833906,0.13400496609947155,0.17383392173833906
ECON5_c_W54,education,High school graduate,College graduate/some postgrad,0.13015064839672705,0.13400496609947155,0.17383392173833906
ECON5_d_W54,education,Less than high school,High school graduate,0.22437326749927,0.15269278499951333,0.22437326749927
ECON5_d_W54,education,Less than high school,College graduate/some postgrad,0.17731400749927004,0.15269278499951333,0.22437326749927
ECON5_d_W54,education,High school graduate,College graduate/some postgrad,0.056391079999999955,0.15269278499951333,0.22437326749927
ECON5_e_W54,education,Less than high school,High school graduate,0.11348277000000001,0.17170642903294783,0.25755964354942174
ECON5_e_W54,education,Less than high school,College graduate/some postgrad,0.25755964354942174,0.17170642903294783,0.25755964354942174
ECON5_e_W54,education,High school graduate,College graduate/some postgrad,0.14407687354942172,0.17170642903294783,0.25755964354942174
ECON5_f_W54,education,Less than high school,High school graduate,0.04706845999999994,0.07936421999999986,0.11904632999999978
ECON5_f_W54,education,Less than high school,College graduate/some postgrad,0.11904632999999978,0.07936421999999986,0.11904632999999978
ECON5_f_W54,education,High school graduate,College graduate/some postgrad,0.07197786999999985,0.07936421999999986,0.11904632999999978
ECON5_g_W54,education,Less than high school,High school graduate,0.2946118040987228,0.29255892939914857,0.43883839409872283
ECON5_g_W54,education,Less than high school,College graduate/some postgrad,0.43883839409872283,0.29255892939914857,0.43883839409872283
ECON5_g_W54,education,High school graduate,College graduate/some postgrad,0.14422659000000004,0.29255892939914857,0.43883839409872283
ECON5_h_W54,education,Less than high school,High school graduate,0.12677115835293154,0.1205480500939427,0.12677115835293154
ECON5_h_W54,education,Less than high school,College graduate/some postgrad,0.12464619100554178,0.1205480500939427,0.12677115835293154
ECON5_h_W54,education,High school graduate,College graduate/some postgrad,0.1102268009233548,0.1205480500939427,0.12677115835293154
ECON5_i_W54,education,Less than high school,High school graduate,0.11620828883791728,0.10718279523093653,0.11620828883791728
ECON5_i_W54,education,Less than high school,College graduate/some postgrad,0.10879291618687578,0.10718279523093653,0.11620828883791728
ECON5_i_W54,education,High school graduate,College graduate/some postgrad,0.09654718066801651,0.10718279523093653,0.11620828883791728
ECON5_j_W54,education,Less than high school,High school graduate,0.1737740748203327,0.12205976988022178,0.1737740748203327
ECON5_j_W54,education,Less than high school,College graduate/some postgrad,0.1390874398203329,0.12205976988022178,0.1737740748203327
ECON5_j_W54,education,High school graduate,College graduate/some postgrad,0.05331779499999981,0.12205976988022178,0.1737740748203327
ECON5_k_W54,education,Less than high school,High school graduate,0.33014291892120995,0.2280058737492149,0.33014291892120995
ECON5_k_W54,education,Less than high school,College graduate/some postgrad,0.3112693361113198,0.2280058737492149,0.33014291892120995
ECON5_k_W54,education,High school graduate,College graduate/some postgrad,0.04260536621511496,0.2280058737492149,0.33014291892120995
ELECT_CONF3_PRVFR_W92,education,Less than high school,High school graduate,0.033838843042481276,0.07525127639704997,0.09935045900649536
ELECT_CONF3_PRVFR_W92,education,Less than high school,College graduate/some postgrad,0.09256452714217325,0.07525127639704997,0.09935045900649536
ELECT_CONF3_PRVFR_W92,education,High school graduate,College graduate/some postgrad,0.09935045900649536,0.07525127639704997,0.09935045900649536
ELECT_CONF3_PRVSUP_W92,education,Less than high school,High school graduate,0.05194522144565478,0.08873183709717432,0.11483174693338383
ELECT_CONF3_PRVSUP_W92,education,Less than high school,College graduate/some postgrad,0.11483174693338383,0.08873183709717432,0.11483174693338383
ELECT_CONF3_PRVSUP_W92,education,High school graduate,College graduate/some postgrad,0.09941854291248436,0.08873183709717432,0.11483174693338383
ELECT_IMPT3_PRVFR_W92,education,Less than high school,High school graduate,0.25190164848372343,0.17723883898914883,0.25190164848372343
ELECT_IMPT3_PRVFR_W92,education,Less than high school,College graduate/some postgrad,0.212761198483723,0.17723883898914883,0.25190164848372343
ELECT_IMPT3_PRVFR_W92,education,High school graduate,College graduate/some postgrad,0.06705367000000007,0.17723883898914883,0.25190164848372343
ESSENBIZF2E_W36,education,Less than high school,High school graduate,0.022402739999999866,0.021792653333333245,0.029278229999999905
ESSENBIZF2E_W36,education,Less than high school,College graduate/some postgrad,0.029278229999999905,0.021792653333333245,0.029278229999999905
ESSENBIZF2E_W36,education,High school graduate,College graduate/some postgrad,0.013696989999999964,0.021792653333333245,0.029278229999999905
ESSENBIZF2J_W36,education,Less than high school,High school graduate,0.08586073000000005,0.09369596666666664,0.13757823999999996
ESSENBIZF2J_W36,education,Less than high school,College graduate/some postgrad,0.05764892999999993,0.09369596666666664,0.13757823999999996
ESSENBIZF2J_W36,education,High school graduate,College graduate/some postgrad,0.13757823999999996,0.09369596666666664,0.13757823999999996
ESSENPOLF1A_W36,education,Less than high school,High school graduate,0.17025716000000002,0.16156148666666667,0.24234223
ESSENPOLF1A_W36,education,Less than high school,College graduate/some postgrad,0.24234223,0.16156148666666667,0.24234223
ESSENPOLF1A_W36,education,High school graduate,College graduate/some postgrad,0.07208506999999997,0.16156148666666667,0.24234223
ESSENPOLF1B_W36,education,Less than high school,High school graduate,0.11525352595227567,0.19912619730151704,0.29868929595227556
ESSENPOLF1B_W36,education,Less than high school,College graduate/some postgrad,0.29868929595227556,0.19912619730151704,0.29868929595227556
ESSENPOLF1B_W36,education,High school graduate,College graduate/some postgrad,0.1834357699999999,0.19912619730151704,0.29868929595227556
ESSENPOLF1D_W36,education,Less than high school,High school graduate,0.2573188300000001,0.19616194666666664,0.27525276
ESSENPOLF1D_W36,education,Less than high school,College graduate/some postgrad,0.27525276,0.19616194666666664,0.27525276
ESSENPOLF1D_W36,education,High school graduate,College graduate/some postgrad,0.05591424999999983,0.19616194666666664,0.27525276
ESSENPOLF1G_W36,education,Less than high school,High school graduate,0.13551006,0.1280300333333334,0.1920450500000001
ESSENPOLF1G_W36,education,Less than high school,College graduate/some postgrad,0.1920450500000001,0.1280300333333334,0.1920450500000001
ESSENPOLF1G_W36,education,High school graduate,College graduate/some postgrad,0.05653499000000012,0.1280300333333334,0.1920450500000001
ESSENPOLF1H_W36,education,Less than high school,High school graduate,0.19141178000000025,0.1835889133333334,0.2753833700000001
ESSENPOLF1H_W36,education,Less than high school,College graduate/some postgrad,0.2753833700000001,0.1835889133333334,0.2753833700000001
ESSENPOLF1H_W36,education,High school graduate,College graduate/some postgrad,0.08397158999999987,0.1835889133333334,0.2753833700000001
ETHNCMAJMOD_W41,education,Less than high school,High school graduate,0.07419443167492944,0.17890994070569466,0.24192516
ETHNCMAJMOD_W41,education,Less than high school,College graduate/some postgrad,0.22061023044215455,0.17890994070569466,0.24192516
ETHNCMAJMOD_W41,education,High school graduate,College graduate/some postgrad,0.24192516,0.17890994070569466,0.24192516
ETHNCMAJ_W32,education,Less than high school,High school graduate,0.039156679862835816,0.07157556000000002,0.10736334000000003
ETHNCMAJ_W32,education,Less than high school,College graduate/some postgrad,0.06820666013716421,0.07157556000000002,0.10736334000000003
ETHNCMAJ_W32,education,High school graduate,College graduate/some postgrad,0.10736334000000003,0.07157556000000002,0.10736334000000003
EVOBIOA_W34,education,Less than high school,High school graduate,0.21485106999999992,0.2773600133333333,0.41604001999999995
EVOBIOA_W34,education,Less than high school,College graduate/some postgrad,0.41604001999999995,0.2773600133333333,0.41604001999999995
EVOBIOA_W34,education,High school graduate,College graduate/some postgrad,0.20118895000000003,0.2773600133333333,0.41604001999999995
EVOBIOB_W34,education,Less than high school,High school graduate,0.15166422999999996,0.18993871333333331,0.28490806999999996
EVOBIOB_W34,education,Less than high school,College graduate/some postgrad,0.28490806999999996,0.18993871333333331,0.28490806999999996
EVOBIOB_W34,education,High school graduate,College graduate/some postgrad,0.13324384,0.18993871333333331,0.28490806999999996
EVOPERS3_W34,education,Less than high school,High school graduate,0.04845904000000009,0.1155978666666667,0.15296890999999993
EVOPERS3_W34,education,Less than high school,College graduate/some postgrad,0.15296890999999993,0.1155978666666667,0.15296890999999993
EVOPERS3_W34,education,High school graduate,College graduate/some postgrad,0.14536565000000007,0.1155978666666667,0.15296890999999993
EVOTHREE_W34,education,Less than high school,High school graduate,0.1946811,0.20508319333333336,0.30762479000000004
EVOTHREE_W34,education,Less than high school,College graduate/some postgrad,0.30762479000000004,0.20508319333333336,0.30762479000000004
EVOTHREE_W34,education,High school graduate,College graduate/some postgrad,0.11294369000000004,0.20508319333333336,0.30762479000000004
FACE3c_W49,education,Less than high school,High school graduate,0.16156553000000007,0.10771035333333338,0.16156553000000007
FACE3c_W49,education,Less than high school,College graduate/some postgrad,0.03218274327024129,0.10771035333333338,0.16156553000000007
FACE3c_W49,education,High school graduate,College graduate/some postgrad,0.12938278672975878,0.10771035333333338,0.16156553000000007
FAMSURV10c_W50,education,Less than high school,High school graduate,0.19559012409101742,0.35513310355133115,0.5326996553269967
FAMSURV10c_W50,education,Less than high school,College graduate/some postgrad,0.5326996553269967,0.35513310355133115,0.5326996553269967
FAMSURV10c_W50,education,High school graduate,College graduate/some postgrad,0.3371095312359792,0.35513310355133115,0.5326996553269967
FAMSURV16_W50,education,Less than high school,High school graduate,0.030650162960955574,0.07732670117317762,0.11323572055857731
FAMSURV16_W50,education,Less than high school,College graduate/some postgrad,0.11323572055857731,0.07732670117317762,0.11323572055857731
FAMSURV16_W50,education,High school graduate,College graduate/some postgrad,0.08809421999999997,0.07732670117317762,0.11323572055857731
FAMSURV1_W50,education,Less than high school,High school graduate,0.06622652000000001,0.19838881083470647,0.2975832162520597
FAMSURV1_W50,education,Less than high school,College graduate/some postgrad,0.2975832162520597,0.19838881083470647,0.2975832162520597
FAMSURV1_W50,education,High school graduate,College graduate/some postgrad,0.23135669625205968,0.19838881083470647,0.2975832162520597
FAMSURV20_W50,education,Less than high school,High school graduate,0.03036759,0.16287725333333336,0.24431588000000004
FAMSURV20_W50,education,Less than high school,College graduate/some postgrad,0.24431588000000004,0.16287725333333336,0.24431588000000004
FAMSURV20_W50,education,High school graduate,College graduate/some postgrad,0.21394829000000004,0.16287725333333336,0.24431588000000004
FAMSURV23b_W50,education,Less than high school,High school graduate,0.02168338000000014,0.13273847609769499,0.1991027241465425
FAMSURV23b_W50,education,Less than high school,College graduate/some postgrad,0.1991027241465425,0.13273847609769499,0.1991027241465425
FAMSURV23b_W50,education,High school graduate,College graduate/some postgrad,0.17742932414654233,0.13273847609769499,0.1991027241465425
FAMSURV23c_W50,education,Less than high school,High school graduate,0.23980717000000001,0.26802063333333337,0.40203095000000005
FAMSURV23c_W50,education,Less than high school,College graduate/some postgrad,0.40203095000000005,0.26802063333333337,0.40203095000000005
FAMSURV23c_W50,education,High school graduate,College graduate/some postgrad,0.16222378,0.26802063333333337,0.40203095000000005
FAMSURV23d_W50,education,Less than high school,High school graduate,0.07398569999999996,0.04932379999999997,0.07398569999999996
FAMSURV23d_W50,education,Less than high school,College graduate/some postgrad,0.04609170999999998,0.04932379999999997,0.07398569999999996
FAMSURV23d_W50,education,High school graduate,College graduate/some postgrad,0.02789398999999998,0.04932379999999997,0.07398569999999996
FAMSURV23e_W50,education,Less than high school,High school graduate,0.17187713999999998,0.30987403999999996,0.46481105999999994
FAMSURV23e_W50,education,Less than high school,College graduate/some postgrad,0.46481105999999994,0.30987403999999996,0.46481105999999994
FAMSURV23e_W50,education,High school graduate,College graduate/some postgrad,0.29293391999999996,0.30987403999999996,0.46481105999999994
FAMSURV23f_W50,education,Less than high school,High school graduate,0.31888437000000003,0.4266519422566522,0.6399779133849783
FAMSURV23f_W50,education,Less than high school,College graduate/some postgrad,0.6399779133849783,0.4266519422566522,0.6399779133849783
FAMSURV23f_W50,education,High school graduate,College graduate/some postgrad,0.32109354338497836,0.4266519422566522,0.6399779133849783
FAMSURV23g_W50,education,Less than high school,High school graduate,0.043909030000000016,0.11455429187386522,0.1686926578107978
FAMSURV23g_W50,education,Less than high school,College graduate/some postgrad,0.1686926578107978,0.11455429187386522,0.1686926578107978
FAMSURV23g_W50,education,High school graduate,College graduate/some postgrad,0.1310611878107978,0.11455429187386522,0.1686926578107978
FAMSURV26a_W50,education,Less than high school,High school graduate,0.26001020999999996,0.1755401533333333,0.26001020999999996
FAMSURV26a_W50,education,Less than high school,College graduate/some postgrad,0.06932063999999995,0.1755401533333333,0.26001020999999996
FAMSURV26a_W50,education,High school graduate,College graduate/some postgrad,0.19728961000000003,0.1755401533333333,0.26001020999999996
FAMSURV26b_W50,education,Less than high school,High school graduate,0.26401325735986747,0.4480036021866307,0.6539684734603153
FAMSURV26b_W50,education,Less than high school,College graduate/some postgrad,0.6539684734603153,0.4480036021866307,0.6539684734603153
FAMSURV26b_W50,education,High school graduate,College graduate/some postgrad,0.4260290757397093,0.4480036021866307,0.6539684734603153
FAMSURV26c_W50,education,Less than high school,High school graduate,0.18140761000000002,0.2654201933333334,0.3981302900000001
FAMSURV26c_W50,education,Less than high school,College graduate/some postgrad,0.3981302900000001,0.2654201933333334,0.3981302900000001
FAMSURV26c_W50,education,High school graduate,College graduate/some postgrad,0.21672268000000006,0.2654201933333334,0.3981302900000001
FAMSURV26d_W50,education,Less than high school,High school graduate,0.22705535986572878,0.42421850521922727,0.5368659057919528
FAMSURV26d_W50,education,Less than high school,College graduate/some postgrad,0.5368659057919528,0.42421850521922727,0.5368659057919528
FAMSURV26d_W50,education,High school graduate,College graduate/some postgrad,0.50873425,0.42421850521922727,0.5368659057919528
FAMSURV29_W50,education,Less than high school,High school graduate,0.14737724809407454,0.30050785318928236,0.4507617797839235
FAMSURV29_W50,education,Less than high school,College graduate/some postgrad,0.30338453168984897,0.30050785318928236,0.4507617797839235
FAMSURV29_W50,education,High school graduate,College graduate/some postgrad,0.4507617797839235,0.30050785318928236,0.4507617797839235
FAMSURV2Ma_W50,education,Less than high school,High school graduate,0.10087624999999997,0.08078177333333332,0.11026982000000002
FAMSURV2Ma_W50,education,Less than high school,College graduate/some postgrad,0.11026982000000002,0.08078177333333332,0.11026982000000002
FAMSURV2Ma_W50,education,High school graduate,College graduate/some postgrad,0.031199249999999984,0.08078177333333332,0.11026982000000002
FAMSURV2Mc_W50,education,Less than high school,High school graduate,0.09366170999999987,0.13641311999999997,0.20461967999999997
FAMSURV2Mc_W50,education,Less than high school,College graduate/some postgrad,0.20461967999999997,0.13641311999999997,0.20461967999999997
FAMSURV2Mc_W50,education,High school graduate,College graduate/some postgrad,0.11095797000000009,0.13641311999999997,0.20461967999999997
FAMSURV2Wa_W50,education,Less than high school,High school graduate,0.12164106999999999,0.10484870666666667,0.12164106999999999
FAMSURV2Wa_W50,education,Less than high school,College graduate/some postgrad,0.11594770999999995,0.10484870666666667,0.12164106999999999
FAMSURV2Wa_W50,education,High school graduate,College graduate/some postgrad,0.07695734000000004,0.10484870666666667,0.12164106999999999
FAMSURV2Wc_W50,education,Less than high school,High school graduate,0.022170709999999955,0.07277976666666668,0.10916965000000001
FAMSURV2Wc_W50,education,Less than high school,College graduate/some postgrad,0.10916965000000001,0.07277976666666668,0.10916965000000001
FAMSURV2Wc_W50,education,High school graduate,College graduate/some postgrad,0.08699894000000005,0.07277976666666668,0.10916965000000001
FAMSURV32e_W50,education,Less than high school,High school graduate,0.12421963754060866,0.18547480400045535,0.26249408615786424
FAMSURV32e_W50,education,Less than high school,College graduate/some postgrad,0.26249408615786424,0.18547480400045535,0.26249408615786424
FAMSURV32e_W50,education,High school graduate,College graduate/some postgrad,0.16971068830289315,0.18547480400045535,0.26249408615786424
FAMSURV39_W50,education,Less than high school,High school graduate,0.10851327999999996,0.08377233140317925,0.10851327999999996
FAMSURV39_W50,education,Less than high school,College graduate/some postgrad,0.1070269388914484,0.08377233140317925,0.10851327999999996
FAMSURV39_W50,education,High school graduate,College graduate/some postgrad,0.03577677531808937,0.08377233140317925,0.10851327999999996
FAMSURV3_W50,education,Less than high school,High school graduate,0.2682544800000001,0.18774936666666667,0.27533584
FAMSURV3_W50,education,Less than high school,College graduate/some postgrad,0.27533584,0.18774936666666667,0.27533584
FAMSURV3_W50,education,High school graduate,College graduate/some postgrad,0.019657779999999958,0.18774936666666667,0.27533584
FAMSURV40_W50,education,Less than high school,High school graduate,0.3161970600000001,0.4008287466666667,0.60124312
FAMSURV40_W50,education,Less than high school,College graduate/some postgrad,0.60124312,0.4008287466666667,0.60124312
FAMSURV40_W50,education,High school graduate,College graduate/some postgrad,0.28504606,0.4008287466666667,0.60124312
FAMSURV43_W50,education,Less than high school,High school graduate,0.06586236069433588,0.05752466206010446,0.06586236069433588
FAMSURV43_W50,education,Less than high school,College graduate/some postgrad,0.053021638339170674,0.05752466206010446,0.06586236069433588
FAMSURV43_W50,education,High school graduate,College graduate/some postgrad,0.05368998714680684,0.05752466206010446,0.06586236069433588
FAMSURV44_W50,education,Less than high school,High school graduate,0.12009876554956173,0.17488351311373054,0.22833635379162992
FAMSURV44_W50,education,Less than high school,College graduate/some postgrad,0.22833635379162992,0.17488351311373054,0.22833635379162992
FAMSURV44_W50,education,High school graduate,College graduate/some postgrad,0.17621542,0.17488351311373054,0.22833635379162992
FAMSURV6_W50,education,Less than high school,High school graduate,0.20486580999999993,0.20664413333333323,0.3080658299999998
FAMSURV6_W50,education,Less than high school,College graduate/some postgrad,0.3080658299999998,0.20664413333333323,0.3080658299999998
FAMSURV6_W50,education,High school graduate,College graduate/some postgrad,0.10700076000000008,0.20664413333333323,0.3080658299999998
FAMSURV9c_W50,education,Less than high school,High school graduate,0.2983580070120819,0.5229924518965913,0.7844886778448871
FAMSURV9c_W50,education,Less than high school,College graduate/some postgrad,0.7844886778448871,0.5229924518965913,0.7844886778448871
FAMSURV9c_W50,education,High school graduate,College graduate/some postgrad,0.4861306708328051,0.5229924518965913,0.7844886778448871
FATHER_W50,education,Less than high school,High school graduate,0.014105009999999973,0.0970387533333333,0.14555812999999995
FATHER_W50,education,Less than high school,College graduate/some postgrad,0.14555812999999995,0.0970387533333333,0.14555812999999995
FATHER_W50,education,High school graduate,College graduate/some postgrad,0.13145311999999998,0.0970387533333333,0.14555812999999995
FAVORS_CPS_W29,education,Less than high school,High school graduate,0.15121758000000005,0.2494229136129289,0.37413437041939335
FAVORS_CPS_W29,education,Less than high school,College graduate/some postgrad,0.37413437041939335,0.2494229136129289,0.37413437041939335
FAVORS_CPS_W29,education,High school graduate,College graduate/some postgrad,0.22291679041939327,0.2494229136129289,0.37413437041939335
FEM2_W29,education,Less than high school,High school graduate,0.11015879351690572,0.17849271314080153,0.2677390697112023
FEM2_W29,education,Less than high school,College graduate/some postgrad,0.2677390697112023,0.17849271314080153,0.2677390697112023
FEM2_W29,education,High school graduate,College graduate/some postgrad,0.1575802761942966,0.17849271314080153,0.2677390697112023
FIN_SIT_W54,education,Less than high school,High school graduate,0.4077921500000001,0.5804434999999999,0.87066525
FIN_SIT_W54,education,Less than high school,College graduate/some postgrad,0.87066525,0.5804434999999999,0.87066525
FIN_SIT_W54,education,High school graduate,College graduate/some postgrad,0.4628730999999998,0.5804434999999999,0.87066525
FREECOLL_W92,education,Less than high school,High school graduate,0.33063184000000023,0.3717698666666667,0.5576548000000001
FREECOLL_W92,education,Less than high school,College graduate/some postgrad,0.5576548000000001,0.3717698666666667,0.5576548000000001
FREECOLL_W92,education,High school graduate,College graduate/some postgrad,0.22702295999999983,0.3717698666666667,0.5576548000000001
FTRWORRYc_W41,education,Less than high school,High school graduate,0.06363715000000003,0.08132539088060298,0.10355292632090446
FTRWORRYc_W41,education,Less than high school,College graduate/some postgrad,0.10355292632090446,0.08132539088060298,0.10355292632090446
FTRWORRYc_W41,education,High school graduate,College graduate/some postgrad,0.07678609632090444,0.08132539088060298,0.10355292632090446
FTRWORRYe_W41,education,Less than high school,High school graduate,0.11268552999999992,0.12413789999999998,0.17583686999999998
FTRWORRYe_W41,education,Less than high school,College graduate/some postgrad,0.08389130000000006,0.12413789999999998,0.17583686999999998
FTRWORRYe_W41,education,High school graduate,College graduate/some postgrad,0.17583686999999998,0.12413789999999998,0.17583686999999998
FTRWORRYf_W41,education,Less than high school,High school graduate,0.16662980965325608,0.14818632013983513,0.16662980965325608
FTRWORRYf_W41,education,Less than high school,College graduate/some postgrad,0.11377096113770979,0.14818632013983513,0.16662980965325608
FTRWORRYf_W41,education,High school graduate,College graduate/some postgrad,0.1641581896285395,0.14818632013983513,0.16662980965325608
FUD22_W34,education,Less than high school,High school graduate,0.12239185999999988,0.3132305199999999,0.4540925899999999
FUD22_W34,education,Less than high school,College graduate/some postgrad,0.4540925899999999,0.3132305199999999,0.4540925899999999
FUD22_W34,education,High school graduate,College graduate/some postgrad,0.36320711,0.3132305199999999,0.4540925899999999
FUD24_W34,education,Less than high school,High school graduate,0.008691407248595684,0.04224205348910681,0.060594823218724725
FUD24_W34,education,Less than high school,College graduate/some postgrad,0.060594823218724725,0.04224205348910681,0.060594823218724725
FUD24_W34,education,High school graduate,College graduate/some postgrad,0.05743993000000003,0.04224205348910681,0.060594823218724725
FUD33B_W34,education,Less than high school,High school graduate,0.0020250110817454474,0.05314169203049731,0.07918735359161551
FUD33B_W34,education,Less than high school,College graduate/some postgrad,0.07821271141813096,0.05314169203049731,0.07918735359161551
FUD33B_W34,education,High school graduate,College graduate/some postgrad,0.07918735359161551,0.05314169203049731,0.07918735359161551
FUD35_W34,education,Less than high school,High school graduate,0.36528416206237874,0.25078120749431815,0.36528416206237874
FUD35_W34,education,Less than high school,College graduate/some postgrad,0.25771904000000023,0.25078120749431815,0.36528416206237874
FUD35_W34,education,High school graduate,College graduate/some postgrad,0.12934042042057542,0.25078120749431815,0.36528416206237874
FUD37A_W34,education,Less than high school,High school graduate,0.10922938196706555,0.2340364273914345,0.3068018528510757
FUD37A_W34,education,Less than high school,College graduate/some postgrad,0.2860780473561622,0.2340364273914345,0.3068018528510757
FUD37A_W34,education,High school graduate,College graduate/some postgrad,0.3068018528510757,0.2340364273914345,0.3068018528510757
FUD37B_W34,education,Less than high school,High school graduate,0.16883891000000006,0.1776812533333334,0.21213501000000015
FUD37B_W34,education,Less than high school,College graduate/some postgrad,0.15206984000000004,0.1776812533333334,0.21213501000000015
FUD37B_W34,education,High school graduate,College graduate/some postgrad,0.21213501000000015,0.1776812533333334,0.21213501000000015
FUD37C_W34,education,Less than high school,High school graduate,0.08854457495957607,0.07910927469137673,0.11866391203706508
FUD37C_W34,education,Less than high school,College graduate/some postgrad,0.11866391203706508,0.07910927469137673,0.11866391203706508
FUD37C_W34,education,High school graduate,College graduate/some postgrad,0.03011933707748901,0.07910927469137673,0.11866391203706508
FUTRCLASSb_W41,education,Less than high school,High school graduate,0.08775500499999994,0.07378658333333328,0.10834123999999992
FUTRCLASSb_W41,education,Less than high school,College graduate/some postgrad,0.10834123999999992,0.07378658333333328,0.10834123999999992
FUTRCLASSb_W41,education,High school graduate,College graduate/some postgrad,0.02526350499999999,0.07378658333333328,0.10834123999999992
FUTRCLASSc_W41,education,Less than high school,High school graduate,0.11538406500000004,0.14335936000000005,0.21503904000000007
FUTRCLASSc_W41,education,Less than high school,College graduate/some postgrad,0.21503904000000007,0.14335936000000005,0.21503904000000007
FUTRCLASSc_W41,education,High school graduate,College graduate/some postgrad,0.09965497500000003,0.14335936000000005,0.21503904000000007
FUTR_DIV_W41,education,Less than high school,High school graduate,0.08321518499999997,0.07134911883175887,0.08321518499999997
FUTR_DIV_W41,education,Less than high school,College graduate/some postgrad,0.07618281324763831,0.07134911883175887,0.08321518499999997
FUTR_DIV_W41,education,High school graduate,College graduate/some postgrad,0.054649358247638335,0.07134911883175887,0.08321518499999997
GAP21Q10_W82,education,Less than high school,High school graduate,0.061662919999999954,0.04151689666666666,0.061662919999999954
GAP21Q10_W82,education,Less than high school,College graduate/some postgrad,0.026657890000000017,0.04151689666666666,0.061662919999999954
GAP21Q10_W82,education,High school graduate,College graduate/some postgrad,0.03622987999999999,0.04151689666666666,0.061662919999999954
GAP21Q13_b_W82,education,Less than high school,High school graduate,0.07511987108585627,0.07185214496531318,0.07511987108585627
GAP21Q13_b_W82,education,Less than high school,College graduate/some postgrad,0.06774261000000004,0.07185214496531318,0.07511987108585627
GAP21Q13_b_W82,education,High school graduate,College graduate/some postgrad,0.07269395381008326,0.07185214496531318,0.07511987108585627
GAP21Q15_a_W82,education,Less than high school,High school graduate,0.16003091839969094,0.2000251530095959,0.2807649603084421
GAP21Q15_a_W82,education,Less than high school,College graduate/some postgrad,0.2807649603084421,0.2000251530095959,0.2807649603084421
GAP21Q15_a_W82,education,High school graduate,College graduate/some postgrad,0.1592795803206546,0.2000251530095959,0.2807649603084421
GAP21Q15_b_W82,education,Less than high school,High school graduate,0.1505113112898592,0.324688918300035,0.4870333774500525
GAP21Q15_b_W82,education,Less than high school,College graduate/some postgrad,0.4870333774500525,0.324688918300035,0.4870333774500525
GAP21Q15_b_W82,education,High school graduate,College graduate/some postgrad,0.33652206616019326,0.324688918300035,0.4870333774500525
GAP21Q15_c_W82,education,Less than high school,High school graduate,0.2216031400000001,0.2251494533333335,0.3136894400000002
GAP21Q15_c_W82,education,Less than high school,College graduate/some postgrad,0.3136894400000002,0.2251494533333335,0.3136894400000002
GAP21Q15_c_W82,education,High school graduate,College graduate/some postgrad,0.14015578000000023,0.2251494533333335,0.3136894400000002
GAP21Q15_d_W82,education,Less than high school,High school graduate,0.39139701000000027,0.35220880000000027,0.5283132000000004
GAP21Q15_d_W82,education,Less than high school,College graduate/some postgrad,0.5283132000000004,0.35220880000000027,0.5283132000000004
GAP21Q15_d_W82,education,High school graduate,College graduate/some postgrad,0.1369161900000001,0.35220880000000027,0.5283132000000004
GAP21Q15_e_W82,education,Less than high school,High school graduate,0.1529459000000003,0.2841035600000002,0.4224714100000003
GAP21Q15_e_W82,education,Less than high school,College graduate/some postgrad,0.4224714100000003,0.2841035600000002,0.4224714100000003
GAP21Q15_e_W82,education,High school graduate,College graduate/some postgrad,0.27689337,0.2841035600000002,0.4224714100000003
GAP21Q15_f_W82,education,Less than high school,High school graduate,0.180870148892366,0.26724057235143533,0.3620017899999999
GAP21Q15_f_W82,education,Less than high school,College graduate/some postgrad,0.25884977816194016,0.26724057235143533,0.3620017899999999
GAP21Q15_f_W82,education,High school graduate,College graduate/some postgrad,0.3620017899999999,0.26724057235143533,0.3620017899999999
GAP21Q17_W82,education,Less than high school,High school graduate,0.12871215500375704,0.11967418367449882,0.12871215500375704
GAP21Q17_W82,education,Less than high school,College graduate/some postgrad,0.10917990480843472,0.11967418367449882,0.12871215500375704
GAP21Q17_W82,education,High school graduate,College graduate/some postgrad,0.12113049121130472,0.11967418367449882,0.12871215500375704
GAP21Q19_a_W82,education,Less than high school,High school graduate,0.43035865000000023,0.28690576666666684,0.43035865000000023
GAP21Q19_a_W82,education,Less than high school,College graduate/some postgrad,0.1271701619533454,0.28690576666666684,0.43035865000000023
GAP21Q19_a_W82,education,High school graduate,College graduate/some postgrad,0.3031884880466548,0.28690576666666684,0.43035865000000023
GAP21Q19_b_W82,education,Less than high school,High school graduate,0.13469400000000004,0.14198154000000004,0.21297231000000005
GAP21Q19_b_W82,education,Less than high school,College graduate/some postgrad,0.21297231000000005,0.14198154000000004,0.21297231000000005
GAP21Q19_b_W82,education,High school graduate,College graduate/some postgrad,0.07827831000000005,0.14198154000000004,0.21297231000000005
GAP21Q19_c_W82,education,Less than high school,High school graduate,0.1494209317115684,0.33351382692729,0.4752410600000001
GAP21Q19_c_W82,education,Less than high school,College graduate/some postgrad,0.4752410600000001,0.33351382692729,0.4752410600000001
GAP21Q19_c_W82,education,High school graduate,College graduate/some postgrad,0.37587948907030133,0.33351382692729,0.4752410600000001
GAP21Q19_d_W82,education,Less than high school,High school graduate,0.23846283999999976,0.38532002,0.57798003
GAP21Q19_d_W82,education,Less than high school,College graduate/some postgrad,0.57798003,0.38532002,0.57798003
GAP21Q19_d_W82,education,High school graduate,College graduate/some postgrad,0.33951719000000025,0.38532002,0.57798003
GAP21Q19_e_W82,education,Less than high school,High school graduate,0.2141849,0.20280260520138235,0.23671505675956056
GAP21Q19_e_W82,education,Less than high school,College graduate/some postgrad,0.23671505675956056,0.20280260520138235,0.23671505675956056
GAP21Q19_e_W82,education,High school graduate,College graduate/some postgrad,0.15750785884458646,0.20280260520138235,0.23671505675956056
GAP21Q21_a_W82,education,Less than high school,High school graduate,0.21896283588491755,0.2930356757860068,0.4395535136790102
GAP21Q21_a_W82,education,Less than high school,College graduate/some postgrad,0.4395535136790102,0.2930356757860068,0.4395535136790102
GAP21Q21_a_W82,education,High school graduate,College graduate/some postgrad,0.22059067779409264,0.2930356757860068,0.4395535136790102
GAP21Q21_e_W82,education,Less than high school,High school graduate,0.10302066999999998,0.14393681015387927,0.20833433479952806
GAP21Q21_e_W82,education,Less than high school,College graduate/some postgrad,0.20833433479952806,0.14393681015387927,0.20833433479952806
GAP21Q21_e_W82,education,High school graduate,College graduate/some postgrad,0.12045542566210975,0.14393681015387927,0.20833433479952806
GAP21Q23_W82,education,Less than high school,High school graduate,0.18541244054652156,0.13109784690785878,0.18541244054652156
GAP21Q23_W82,education,Less than high school,College graduate/some postgrad,0.08401361784533673,0.13109784690785878,0.18541244054652156
GAP21Q23_W82,education,High school graduate,College graduate/some postgrad,0.12386748233171807,0.13109784690785878,0.18541244054652156
GAP21Q24_W82,education,Less than high school,High school graduate,0.30523824,0.24605574,0.30523824
GAP21Q24_W82,education,Less than high school,College graduate/some postgrad,0.1746406399999998,0.24605574,0.30523824
GAP21Q24_W82,education,High school graduate,College graduate/some postgrad,0.2582883400000002,0.24605574,0.30523824
GAP21Q25_W82,education,Less than high school,High school graduate,0.26448645000000004,0.20903621333333336,0.31157480000000015
GAP21Q25_W82,education,Less than high school,College graduate/some postgrad,0.051047389999999915,0.20903621333333336,0.31157480000000015
GAP21Q25_W82,education,High school graduate,College graduate/some postgrad,0.31157480000000015,0.20903621333333336,0.31157480000000015
GAP21Q26_a_W82,education,Less than high school,High school graduate,0.06254783000000018,0.25939183844302866,0.389087757664543
GAP21Q26_a_W82,education,Less than high school,College graduate/some postgrad,0.389087757664543,0.25939183844302866,0.389087757664543
GAP21Q26_a_W82,education,High school graduate,College graduate/some postgrad,0.3265399276645428,0.25939183844302866,0.389087757664543
GAP21Q26_b_W82,education,Less than high school,High school graduate,0.15021158150211578,0.15876139492094712,0.2381420923814207
GAP21Q26_b_W82,education,Less than high school,College graduate/some postgrad,0.2381420923814207,0.15876139492094712,0.2381420923814207
GAP21Q26_b_W82,education,High school graduate,College graduate/some postgrad,0.08793051087930492,0.15876139492094712,0.2381420923814207
GAP21Q26_c_W82,education,Less than high school,High school graduate,0.3593308000000001,0.3627236133333334,0.5440854200000002
GAP21Q26_c_W82,education,Less than high school,College graduate/some postgrad,0.5440854200000002,0.3627236133333334,0.5440854200000002
GAP21Q26_c_W82,education,High school graduate,College graduate/some postgrad,0.18475462000000004,0.3627236133333334,0.5440854200000002
GAP21Q27_W82,education,Less than high school,High school graduate,0.03957594000000003,0.05709649,0.085644735
GAP21Q27_W82,education,Less than high school,College graduate/some postgrad,0.04606879499999997,0.05709649,0.085644735
GAP21Q27_W82,education,High school graduate,College graduate/some postgrad,0.085644735,0.05709649,0.085644735
GAP21Q28_W82,education,Less than high school,High school graduate,0.14296565999999994,0.11098351999999989,0.14296565999999994
GAP21Q28_W82,education,Less than high school,College graduate/some postgrad,0.12986158999999986,0.11098351999999989,0.14296565999999994
GAP21Q28_W82,education,High school graduate,College graduate/some postgrad,0.0601233099999999,0.11098351999999989,0.14296565999999994
GAP21Q31_W82,education,Less than high school,High school graduate,0.18640608000000009,0.13659412924077838,0.18640608000000009
GAP21Q31_W82,education,Less than high school,College graduate/some postgrad,0.17426505386116753,0.13659412924077838,0.18640608000000009
GAP21Q31_W82,education,High school graduate,College graduate/some postgrad,0.04911125386116749,0.13659412924077838,0.18640608000000009
GAP21Q32_W82,education,Less than high school,High school graduate,0.3042872300000002,0.3144539333333333,0.4716809
GAP21Q32_W82,education,Less than high school,College graduate/some postgrad,0.16739366999999983,0.3144539333333333,0.4716809
GAP21Q32_W82,education,High school graduate,College graduate/some postgrad,0.4716809,0.3144539333333333,0.4716809
GAP21Q33_c_W82,education,Less than high school,High school graduate,0.03754557999999997,0.051145760000000005,0.07414459000000001
GAP21Q33_c_W82,education,Less than high school,College graduate/some postgrad,0.04174711000000003,0.051145760000000005,0.07414459000000001
GAP21Q33_c_W82,education,High school graduate,College graduate/some postgrad,0.07414459000000001,0.051145760000000005,0.07414459000000001
GAP21Q33_g_W82,education,Less than high school,High school graduate,0.08821390000000007,0.16994999333333335,0.23255245000000002
GAP21Q33_g_W82,education,Less than high school,College graduate/some postgrad,0.18908362999999995,0.16994999333333335,0.23255245000000002
GAP21Q33_g_W82,education,High school graduate,College graduate/some postgrad,0.23255245000000002,0.16994999333333335,0.23255245000000002
GAP21Q33_i_W82,education,Less than high school,High school graduate,0.0738122,0.2154697788327958,0.2946047082491937
GAP21Q33_i_W82,education,Less than high school,College graduate/some postgrad,0.2946047082491937,0.2154697788327958,0.2946047082491937
GAP21Q33_i_W82,education,High school graduate,College graduate/some postgrad,0.2779924282491937,0.2154697788327958,0.2946047082491937
GAP21Q33_j_W82,education,Less than high school,High school graduate,0.18159805,0.16796779333333334,0.24669984000000006
GAP21Q33_j_W82,education,Less than high school,College graduate/some postgrad,0.07560548999999994,0.16796779333333334,0.24669984000000006
GAP21Q33_j_W82,education,High school graduate,College graduate/some postgrad,0.24669984000000006,0.16796779333333334,0.24669984000000006
GAP21Q33_m_W82,education,Less than high school,High school graduate,0.11852523999999998,0.08587022666666666,0.12153234000000002
GAP21Q33_m_W82,education,Less than high school,College graduate/some postgrad,0.12153234000000002,0.08587022666666666,0.12153234000000002
GAP21Q33_m_W82,education,High school graduate,College graduate/some postgrad,0.017553099999999988,0.08587022666666666,0.12153234000000002
GAP21Q33_n_W82,education,Less than high school,High school graduate,0.11733534599882611,0.10372180399921742,0.14906383599882617
GAP21Q33_n_W82,education,Less than high school,College graduate/some postgrad,0.04476622999999996,0.10372180399921742,0.14906383599882617
GAP21Q33_n_W82,education,High school graduate,College graduate/some postgrad,0.14906383599882617,0.10372180399921742,0.14906383599882617
GAP21Q33_q_W82,education,Less than high school,High school graduate,0.12613102313281893,0.13301859219452575,0.15793088345075823
GAP21Q33_q_W82,education,Less than high school,College graduate/some postgrad,0.15793088345075823,0.13301859219452575,0.15793088345075823
GAP21Q33_q_W82,education,High school graduate,College graduate/some postgrad,0.11499387000000011,0.13301859219452575,0.15793088345075823
GAP21Q33_r_W82,education,Less than high school,High school graduate,0.23291672000000008,0.19254391999999995,0.23291672000000008
GAP21Q33_r_W82,education,Less than high school,College graduate/some postgrad,0.22358783999999987,0.19254391999999995,0.23291672000000008
GAP21Q33_r_W82,education,High school graduate,College graduate/some postgrad,0.12112719999999988,0.19254391999999995,0.23291672000000008
GAP21Q33_s_W82,education,Less than high school,High school graduate,0.18121527000000004,0.38063346393511494,0.5033490459026724
GAP21Q33_s_W82,education,Less than high school,College graduate/some postgrad,0.5033490459026724,0.38063346393511494,0.5033490459026724
GAP21Q33_s_W82,education,High school graduate,College graduate/some postgrad,0.4573360759026724,0.38063346393511494,0.5033490459026724
GAP21Q34_a_W82,education,Less than high school,High school graduate,0.5068827951644497,0.3427018317735368,0.5068827951644497
GAP21Q34_a_W82,education,Less than high school,College graduate/some postgrad,0.2936060299999999,0.3427018317735368,0.5068827951644497
GAP21Q34_a_W82,education,High school graduate,College graduate/some postgrad,0.22761667015616072,0.3427018317735368,0.5068827951644497
GAP21Q34_b_W82,education,Less than high school,High school graduate,0.5970129900000001,0.41396901844999023,0.5970129900000001
GAP21Q34_b_W82,education,Less than high school,College graduate/some postgrad,0.3872262828298288,0.41396901844999023,0.5970129900000001
GAP21Q34_b_W82,education,High school graduate,College graduate/some postgrad,0.257667782520142,0.41396901844999023,0.5970129900000001
GAP21Q34_c_W82,education,Less than high school,High school graduate,0.5769888199999998,0.38465921333333325,0.5769888199999998
GAP21Q34_c_W82,education,Less than high school,College graduate/some postgrad,0.2936440800000001,0.38465921333333325,0.5769888199999998
GAP21Q34_c_W82,education,High school graduate,College graduate/some postgrad,0.28334473999999976,0.38465921333333325,0.5769888199999998
GAP21Q34_d_W82,education,Less than high school,High school graduate,0.42040969,0.29962670666666663,0.42040969
GAP21Q34_d_W82,education,Less than high school,College graduate/some postgrad,0.2076391100000002,0.29962670666666663,0.42040969
GAP21Q34_d_W82,education,High school graduate,College graduate/some postgrad,0.27083131999999976,0.29962670666666663,0.42040969
GAP21Q34_e_W82,education,Less than high school,High school graduate,0.28116313000000004,0.28129059333333334,0.41801589000000006
GAP21Q34_e_W82,education,Less than high school,College graduate/some postgrad,0.14469275999999986,0.28129059333333334,0.41801589000000006
GAP21Q34_e_W82,education,High school graduate,College graduate/some postgrad,0.41801589000000006,0.28129059333333334,0.41801589000000006
GAP21Q34_f_W82,education,Less than high school,High school graduate,0.3370332799999999,0.2598145533333333,0.3370332799999999
GAP21Q34_f_W82,education,Less than high school,College graduate/some postgrad,0.2149444899999998,0.2598145533333333,0.3370332799999999
GAP21Q34_f_W82,education,High school graduate,College graduate/some postgrad,0.22746589000000011,0.2598145533333333,0.3370332799999999
GAP21Q38_a_W82,education,Less than high school,High school graduate,0.13671591136715902,0.2505742951085163,0.32779831218214317
GAP21Q38_a_W82,education,Less than high school,College graduate/some postgrad,0.32779831218214317,0.2505742951085163,0.32779831218214317
GAP21Q38_a_W82,education,High school graduate,College graduate/some postgrad,0.2872086617762467,0.2505742951085163,0.32779831218214317
GAP21Q38_b_W82,education,Less than high school,High school graduate,0.1559938700000001,0.13358982000000008,0.1559938700000001
GAP21Q38_b_W82,education,Less than high school,College graduate/some postgrad,0.08907467000000002,0.13358982000000008,0.1559938700000001
GAP21Q38_b_W82,education,High school graduate,College graduate/some postgrad,0.15570092000000013,0.13358982000000008,0.1559938700000001
GAP21Q38_c_W82,education,Less than high school,High school graduate,0.36043734294390745,0.24029156196260493,0.36043734294390745
GAP21Q38_c_W82,education,Less than high school,College graduate/some postgrad,0.1831712900000002,0.24029156196260493,0.36043734294390745
GAP21Q38_c_W82,education,High school graduate,College graduate/some postgrad,0.17726605294390724,0.24029156196260493,0.36043734294390745
GAP21Q41_W82,education,Less than high school,High school graduate,0.26950884000000025,0.2367598333333334,0.2700494299999999
GAP21Q41_W82,education,Less than high school,College graduate/some postgrad,0.2700494299999999,0.2367598333333334,0.2700494299999999
GAP21Q41_W82,education,High school graduate,College graduate/some postgrad,0.17072123000000003,0.2367598333333334,0.2700494299999999
GAP21Q43_g_W82,education,Less than high school,High school graduate,0.1181837542787671,0.08448970285251138,0.1181837542787671
GAP21Q43_g_W82,education,Less than high school,College graduate/some postgrad,0.041667399999999966,0.08448970285251138,0.1181837542787671
GAP21Q43_g_W82,education,High school graduate,College graduate/some postgrad,0.09361795427876707,0.08448970285251138,0.1181837542787671
GAP21Q47_W82,education,Less than high school,High school graduate,0.09556863999999993,0.17999922327714846,0.2366959049157227
GAP21Q47_W82,education,Less than high school,College graduate/some postgrad,0.2077331249157228,0.17999922327714846,0.2366959049157227
GAP21Q47_W82,education,High school graduate,College graduate/some postgrad,0.2366959049157227,0.17999922327714846,0.2366959049157227
GAP21Q4_a_W82,education,Less than high school,High school graduate,0.0569047567553716,0.12215915937150816,0.17520577001548326
GAP21Q4_a_W82,education,Less than high school,College graduate/some postgrad,0.1343669513436696,0.12215915937150816,0.17520577001548326
GAP21Q4_a_W82,education,High school graduate,College graduate/some postgrad,0.17520577001548326,0.12215915937150816,0.17520577001548326
GAP21Q4_b_W82,education,Less than high school,High school graduate,0.21209920000000002,0.19220811444582112,0.22397986751440924
GAP21Q4_b_W82,education,Less than high school,College graduate/some postgrad,0.22397986751440924,0.19220811444582112,0.22397986751440924
GAP21Q4_b_W82,education,High school graduate,College graduate/some postgrad,0.1405452758230541,0.19220811444582112,0.22397986751440924
GAP21Q4_c_W82,education,Less than high school,High school graduate,0.23563977728485472,0.2600726579347577,0.3647482164104211
GAP21Q4_c_W82,education,Less than high school,College graduate/some postgrad,0.3647482164104211,0.2600726579347577,0.3647482164104211
GAP21Q4_c_W82,education,High school graduate,College graduate/some postgrad,0.17982998010899726,0.2600726579347577,0.3647482164104211
GAP21Q4_d_W82,education,Less than high school,High school graduate,0.14517638854823608,0.20874918950070698,0.2764013746182846
GAP21Q4_d_W82,education,Less than high school,College graduate/some postgrad,0.2764013746182846,0.20874918950070698,0.2764013746182846
GAP21Q4_d_W82,education,High school graduate,College graduate/some postgrad,0.20466980533560022,0.20874918950070698,0.2764013746182846
GAP21Q4_e_W82,education,Less than high school,High school graduate,0.2344349000550756,0.1885633225813368,0.2344349000550756
GAP21Q4_e_W82,education,Less than high school,College graduate/some postgrad,0.15251164768893455,0.1885633225813368,0.2344349000550756
GAP21Q4_e_W82,education,High school graduate,College graduate/some postgrad,0.1787434200000002,0.1885633225813368,0.2344349000550756
GAP21Q4_f_W82,education,Less than high school,High school graduate,0.19902612419397508,0.275356312802566,0.4096689300000001
GAP21Q4_f_W82,education,Less than high school,College graduate/some postgrad,0.4096689300000001,0.275356312802566,0.4096689300000001
GAP21Q4_f_W82,education,High school graduate,College graduate/some postgrad,0.21737388421372283,0.275356312802566,0.4096689300000001
GAP21Q7_a_W82,education,Less than high school,High school graduate,0.07524729525725922,0.2786167431291795,0.41792511469376925
GAP21Q7_a_W82,education,Less than high school,College graduate/some postgrad,0.41792511469376925,0.2786167431291795,0.41792511469376925
GAP21Q7_a_W82,education,High school graduate,College graduate/some postgrad,0.34267781943651,0.2786167431291795,0.41792511469376925
GAP21Q7_b_W82,education,Less than high school,High school graduate,0.3217650800000001,0.2145100533333334,0.3217650800000001
GAP21Q7_b_W82,education,Less than high school,College graduate/some postgrad,0.2034671266198524,0.2145100533333334,0.3217650800000001
GAP21Q7_b_W82,education,High school graduate,College graduate/some postgrad,0.1182979533801477,0.2145100533333334,0.3217650800000001
GAP21Q7_d_W82,education,Less than high school,High school graduate,0.26484820999999986,0.18285186066388845,0.26484820999999986
GAP21Q7_d_W82,education,Less than high school,College graduate/some postgrad,0.17839824519684516,0.18285186066388845,0.26484820999999986
GAP21Q7_d_W82,education,High school graduate,College graduate/some postgrad,0.10530912679482028,0.18285186066388845,0.26484820999999986
GAYMARR2_W32,education,Less than high school,High school graduate,0.08234852999999995,0.3947972066666665,0.5750904999999998
GAYMARR2_W32,education,Less than high school,College graduate/some postgrad,0.5750904999999998,0.3947972066666665,0.5750904999999998
GAYMARR2_W32,education,High school graduate,College graduate/some postgrad,0.5269525899999998,0.3947972066666665,0.5750904999999998
GIRLSF2C_W29,education,Less than high school,High school graduate,0.06976863500000002,0.08705318000000001,0.10362073000000002
GIRLSF2C_W29,education,Less than high school,College graduate/some postgrad,0.10362073000000002,0.08705318000000001,0.10362073000000002
GIRLSF2C_W29,education,High school graduate,College graduate/some postgrad,0.08777017499999998,0.08705318000000001,0.10362073000000002
GIRLSF2D_W29,education,Less than high school,High school graduate,0.025872745000000003,0.05106938666666663,0.07345237499999994
GIRLSF2D_W29,education,Less than high school,College graduate/some postgrad,0.05388303999999995,0.05106938666666663,0.07345237499999994
GIRLSF2D_W29,education,High school graduate,College graduate/some postgrad,0.07345237499999994,0.05106938666666663,0.07345237499999994
GODMORALIMP_W92,education,Less than high school,High school graduate,0.20581231606429545,0.3630646933333332,0.5445970399999998
GODMORALIMP_W92,education,Less than high school,College graduate/some postgrad,0.5445970399999998,0.3630646933333332,0.5445970399999998
GODMORALIMP_W92,education,High school graduate,College graduate/some postgrad,0.33878472393570436,0.3630646933333332,0.5445970399999998
GOPDIRCT_W29,education,Less than high school,High school graduate,0.20243907348199355,0.36625601519306317,0.49906420000000007
GOPDIRCT_W29,education,Less than high school,College graduate/some postgrad,0.49906420000000007,0.36625601519306317,0.49906420000000007
GOPDIRCT_W29,education,High school graduate,College graduate/some postgrad,0.39726477209719585,0.36625601519306317,0.49906420000000007
GOVPRIORITYb_W54,education,Less than high school,High school graduate,0.13936227246750915,0.20430025494896384,0.296688571968132
GOVPRIORITYb_W54,education,Less than high school,College graduate/some postgrad,0.17684992041125036,0.20430025494896384,0.296688571968132
GOVPRIORITYb_W54,education,High school graduate,College graduate/some postgrad,0.296688571968132,0.20430025494896384,0.296688571968132
GOVPRIORITYc_W54,education,Less than high school,High school graduate,0.28130360000000004,0.18821849333333343,0.28130360000000004
GOVPRIORITYc_W54,education,Less than high school,College graduate/some postgrad,0.26673173000000017,0.18821849333333343,0.28130360000000004
GOVPRIORITYc_W54,education,High school graduate,College graduate/some postgrad,0.01662015,0.18821849333333343,0.28130360000000004
GOVPRIORITYd_W54,education,Less than high school,High school graduate,0.19477944250215373,0.14990183835411755,0.19477944250215373
GOVPRIORITYd_W54,education,Less than high school,College graduate/some postgrad,0.0820149925601989,0.14990183835411755,0.19477944250215373
GOVPRIORITYd_W54,education,High school graduate,College graduate/some postgrad,0.17291108000000005,0.14990183835411755,0.19477944250215373
GOVPRIORITYf_W54,education,Less than high school,High school graduate,0.23230205596959796,0.15845627753554078,0.23230205596959796
GOVPRIORITYf_W54,education,Less than high school,College graduate/some postgrad,0.13570790663702426,0.15845627753554078,0.23230205596959796
GOVPRIORITYf_W54,education,High school graduate,College graduate/some postgrad,0.1073588700000001,0.15845627753554078,0.23230205596959796
GOVPRIOb_W41,education,Less than high school,High school graduate,0.11034582110345809,0.09197601425309339,0.11034582110345809
GOVPRIOb_W41,education,Less than high school,College graduate/some postgrad,0.10353775103537732,0.09197601425309339,0.11034582110345809
GOVPRIOb_W41,education,High school graduate,College graduate/some postgrad,0.06204447062044477,0.09197601425309339,0.11034582110345809
GOVPRIOc_W41,education,Less than high school,High school graduate,0.12999484206142298,0.12306753078433326,0.18178216668068548
GOVPRIOc_W41,education,Less than high school,College graduate/some postgrad,0.18178216668068548,0.12306753078433326,0.18178216668068548
GOVPRIOc_W41,education,High school graduate,College graduate/some postgrad,0.05742558361089134,0.12306753078433326,0.18178216668068548
GOVPRIOe_W41,education,Less than high school,High school graduate,0.19576398350075236,0.1648075756671682,0.2136768235007523
GOVPRIOe_W41,education,Less than high school,College graduate/some postgrad,0.2136768235007523,0.1648075756671682,0.2136768235007523
GOVPRIOe_W41,education,High school graduate,College graduate/some postgrad,0.08498191999999993,0.1648075756671682,0.2136768235007523
GOVPRIOfF1_W41,education,Less than high school,High school graduate,0.34583832000000014,0.26625722666666674,0.34583832000000014
GOVPRIOfF1_W41,education,Less than high school,College graduate/some postgrad,0.11976881999999989,0.26625722666666674,0.34583832000000014
GOVPRIOfF1_W41,education,High school graduate,College graduate/some postgrad,0.3331645400000002,0.26625722666666674,0.34583832000000014
GOVPRIOgF1_W41,education,Less than high school,High school graduate,0.16434425999999996,0.3132733266666666,0.45585278000000007
GOVPRIOgF1_W41,education,Less than high school,College graduate/some postgrad,0.45585278000000007,0.3132733266666666,0.45585278000000007
GOVPRIOgF1_W41,education,High school graduate,College graduate/some postgrad,0.31962293999999974,0.3132733266666666,0.45585278000000007
GOVPRIOhF1_W41,education,Less than high school,High school graduate,0.16467837999999996,0.22052260666666676,0.2765402600000001
GOVPRIOhF1_W41,education,Less than high school,College graduate/some postgrad,0.2765402600000001,0.22052260666666676,0.2765402600000001
GOVPRIOhF1_W41,education,High school graduate,College graduate/some postgrad,0.22034918000000017,0.22052260666666676,0.2765402600000001
GOVPRIOiF1_W41,education,Less than high school,High school graduate,0.15953739999999983,0.11066314581199628,0.15953739999999983
GOVPRIOiF1_W41,education,Less than high school,College graduate/some postgrad,0.11733991489714518,0.11066314581199628,0.15953739999999983
GOVPRIOiF1_W41,education,High school graduate,College graduate/some postgrad,0.055112122538843844,0.11066314581199628,0.15953739999999983
GOVPRIOjF1_W41,education,Less than high school,High school graduate,0.10124656999999992,0.2284398600000002,0.30695997000000036
GOVPRIOjF1_W41,education,Less than high school,College graduate/some postgrad,0.30695997000000036,0.2284398600000002,0.30695997000000036
GOVPRIOjF1_W41,education,High school graduate,College graduate/some postgrad,0.2771130400000003,0.2284398600000002,0.30695997000000036
GOVPRIOkF2_W41,education,Less than high school,High school graduate,0.15811286,0.2328077066666666,0.29852426999999987
GOVPRIOkF2_W41,education,Less than high school,College graduate/some postgrad,0.29852426999999987,0.2328077066666666,0.29852426999999987
GOVPRIOkF2_W41,education,High school graduate,College graduate/some postgrad,0.24178598999999992,0.2328077066666666,0.29852426999999987
GOVPRIOlF2_W41,education,Less than high school,High school graduate,0.36562614000000004,0.2769023733333334,0.36883769000000005
GOVPRIOlF2_W41,education,Less than high school,College graduate/some postgrad,0.36883769000000005,0.2769023733333334,0.36883769000000005
GOVPRIOlF2_W41,education,High school graduate,College graduate/some postgrad,0.09624329000000004,0.2769023733333334,0.36883769000000005
GOVPRIOmF2_W41,education,Less than high school,High school graduate,0.05630304055553692,0.20887585033466227,0.30758475495086396
GOVPRIOmF2_W41,education,Less than high school,College graduate/some postgrad,0.30758475495086396,0.20887585033466227,0.30758475495086396
GOVPRIOmF2_W41,education,High school graduate,College graduate/some postgrad,0.26273975549758594,0.20887585033466227,0.30758475495086396
GOVPRIOnF2_W41,education,Less than high school,High school graduate,0.38493394999999986,0.46119947315739873,0.6917992097360981
GOVPRIOnF2_W41,education,Less than high school,College graduate/some postgrad,0.6917992097360981,0.46119947315739873,0.6917992097360981
GOVPRIOnF2_W41,education,High school graduate,College graduate/some postgrad,0.30686525973609813,0.46119947315739873,0.6917992097360981
GOVPRIOoF2_W41,education,Less than high school,High school graduate,0.3550555039576516,0.23975168301955282,0.3550555039576516
GOVPRIOoF2_W41,education,Less than high school,College graduate/some postgrad,0.18223268510100687,0.23975168301955282,0.3550555039576516
GOVPRIOoF2_W41,education,High school graduate,College graduate/some postgrad,0.18196685999999995,0.23975168301955282,0.3550555039576516
GOVREGV1_W49,education,Less than high school,High school graduate,0.030645699999999998,0.0581566891609779,0.07738571874146688
GOVREGV1_W49,education,Less than high school,College graduate/some postgrad,0.07738571874146688,0.0581566891609779,0.07738571874146688
GOVREGV1_W49,education,High school graduate,College graduate/some postgrad,0.06643864874146682,0.0581566891609779,0.07738571874146688
GROWUPGUN2A_W26,education,Less than high school,High school graduate,0.17117664,0.11411776,0.17117664
GROWUPGUN2A_W26,education,Less than high school,College graduate/some postgrad,0.15087386999999997,0.11411776,0.17117664
GROWUPGUN2A_W26,education,High school graduate,College graduate/some postgrad,0.020302770000000026,0.11411776,0.17117664
GROWUPGUN2B_W26,education,Less than high school,High school graduate,0.08725876999999993,0.09995758666666665,0.14993637999999998
GROWUPGUN2B_W26,education,Less than high school,College graduate/some postgrad,0.06267761000000005,0.09995758666666665,0.14993637999999998
GROWUPGUN2B_W26,education,High school graduate,College graduate/some postgrad,0.14993637999999998,0.09995758666666665,0.14993637999999998
GROWUPGUN2C_W26,education,Less than high school,High school graduate,0.03182018000000003,0.021213453333333354,0.03182018000000003
GROWUPGUN2C_W26,education,Less than high school,College graduate/some postgrad,0.014476929999999999,0.021213453333333354,0.03182018000000003
GROWUPGUN2C_W26,education,High school graduate,College graduate/some postgrad,0.017343250000000032,0.021213453333333354,0.03182018000000003
GROWUPGUN4_W26,education,Less than high school,High school graduate,0.0534560107811492,0.09992773333333338,0.14989160000000007
GROWUPGUN4_W26,education,Less than high school,College graduate/some postgrad,0.14989160000000007,0.09992773333333338,0.14989160000000007
GROWUPGUN4_W26,education,High school graduate,College graduate/some postgrad,0.09643558921885087,0.09992773333333338,0.14989160000000007
GROWUPGUN6_W26,education,Less than high school,High school graduate,0.2965191310355269,0.20274577081417833,0.2965191310355269
GROWUPGUN6_W26,education,Less than high school,College graduate/some postgrad,0.24304880000000004,0.20274577081417833,0.2965191310355269
GROWUPGUN6_W26,education,High school graduate,College graduate/some postgrad,0.06866938140700808,0.20274577081417833,0.2965191310355269
GROWUPGUN7_W26,education,Less than high school,High school graduate,0.10337770265646029,0.08638602982516497,0.12810386871896134
GROWUPGUN7_W26,education,Less than high school,College graduate/some postgrad,0.12810386871896134,0.08638602982516497,0.12810386871896134
GROWUPGUN7_W26,education,High school graduate,College graduate/some postgrad,0.027676518100073266,0.08638602982516497,0.12810386871896134
GROWUPVIOL_W26,education,Less than high school,High school graduate,0.19898626000000003,0.26779046666666667,0.40168570000000003
GROWUPVIOL_W26,education,Less than high school,College graduate/some postgrad,0.40168570000000003,0.26779046666666667,0.40168570000000003
GROWUPVIOL_W26,education,High school graduate,College graduate/some postgrad,0.20269944,0.26779046666666667,0.40168570000000003
GUNACCESS_W26,education,Less than high school,High school graduate,0.7986375400000001,0.6082417235723021,0.912362585358453
GUNACCESS_W26,education,Less than high school,College graduate/some postgrad,0.912362585358453,0.6082417235723021,0.912362585358453
GUNACCESS_W26,education,High school graduate,College graduate/some postgrad,0.11372504535845301,0.6082417235723021,0.912362585358453
GUNACTIVITYA_W26,education,Less than high school,High school graduate,0.15185508412008453,0.12419664740437279,0.17130491995321814
GUNACTIVITYA_W26,education,Less than high school,College graduate/some postgrad,0.049429938139815666,0.12419664740437279,0.17130491995321814
GUNACTIVITYA_W26,education,High school graduate,College graduate/some postgrad,0.17130491995321814,0.12419664740437279,0.17130491995321814
GUNACTIVITYB_W26,education,Less than high school,High school graduate,0.11528059999999991,0.27225127333333327,0.40837690999999987
GUNACTIVITYB_W26,education,Less than high school,College graduate/some postgrad,0.40837690999999987,0.27225127333333327,0.40837690999999987
GUNACTIVITYB_W26,education,High school graduate,College graduate/some postgrad,0.29309631,0.27225127333333327,0.40837690999999987
GUNCONTRIBA_W26,education,Less than high school,High school graduate,0.17792510000000017,0.19562282921975327,0.2357771589864357
GUNCONTRIBA_W26,education,Less than high school,College graduate/some postgrad,0.2357771589864357,0.19562282921975327,0.2357771589864357
GUNCONTRIBA_W26,education,High school graduate,College graduate/some postgrad,0.17316622867282394,0.19562282921975327,0.2357771589864357
GUNCONTRIBC_W26,education,Less than high school,High school graduate,0.08141242030567125,0.19868947655250072,0.273381919351831
GUNCONTRIBC_W26,education,Less than high school,College graduate/some postgrad,0.273381919351831,0.19868947655250072,0.273381919351831
GUNCONTRIBC_W26,education,High school graduate,College graduate/some postgrad,0.24127408999999997,0.19868947655250072,0.273381919351831
GUNCONTRIBE_W26,education,Less than high school,High school graduate,0.24748096822152904,0.297957908904986,0.43866878000000004
GUNCONTRIBE_W26,education,Less than high school,College graduate/some postgrad,0.43866878000000004,0.297957908904986,0.43866878000000004
GUNCONTRIBE_W26,education,High school graduate,College graduate/some postgrad,0.20772397849342905,0.297957908904986,0.43866878000000004
GUNCONTRIBF_W26,education,Less than high school,High school graduate,0.13103109999999973,0.1394375866666666,0.20915637999999992
GUNCONTRIBF_W26,education,Less than high school,College graduate/some postgrad,0.07812528000000019,0.1394375866666666,0.20915637999999992
GUNCONTRIBF_W26,education,High school graduate,College graduate/some postgrad,0.20915637999999992,0.1394375866666666,0.20915637999999992
GUNFRIEND_W26,education,Less than high school,High school graduate,0.03235058999999996,0.11290832666666667,0.16517579000000002
GUNFRIEND_W26,education,Less than high school,College graduate/some postgrad,0.16517579000000002,0.11290832666666667,0.16517579000000002
GUNFRIEND_W26,education,High school graduate,College graduate/some postgrad,0.14119860000000004,0.11290832666666667,0.16517579000000002
GUNIDENTITY_W26,education,Less than high school,High school graduate,0.63397636,0.6168771133333334,0.92531567
GUNIDENTITY_W26,education,Less than high school,College graduate/some postgrad,0.92531567,0.6168771133333334,0.92531567
GUNIDENTITY_W26,education,High school graduate,College graduate/some postgrad,0.29133931,0.6168771133333334,0.92531567
GUNLOADED1_W26,education,Less than high school,High school graduate,0.26831394,0.23310524402334853,0.3496578660350228
GUNLOADED1_W26,education,Less than high school,College graduate/some postgrad,0.3496578660350228,0.23310524402334853,0.3496578660350228
GUNLOADED1_W26,education,High school graduate,College graduate/some postgrad,0.0813439260350228,0.23310524402334853,0.3496578660350228
GUNLOADED2_W26,education,Less than high school,High school graduate,0.6217057699999999,0.4144705133333333,0.6217057699999999
GUNLOADED2_W26,education,Less than high school,College graduate/some postgrad,0.6172004099999999,0.4144705133333333,0.6217057699999999
GUNLOADED2_W26,education,High school graduate,College graduate/some postgrad,0.004505360000000014,0.4144705133333333,0.6217057699999999
GUNLOCKED1_W26,education,Less than high school,High school graduate,0.09557380000000015,0.08829729770987076,0.09557380000000015
GUNLOCKED1_W26,education,Less than high school,College graduate/some postgrad,0.08439024656480609,0.08829729770987076,0.09557380000000015
GUNLOCKED1_W26,education,High school graduate,College graduate/some postgrad,0.08492784656480601,0.08829729770987076,0.09557380000000015
GUNLOCKED2_W26,education,Less than high school,High school graduate,0.42773468,0.28515645333333334,0.42773468
GUNLOCKED2_W26,education,Less than high school,College graduate/some postgrad,0.2933035,0.28515645333333334,0.42773468
GUNLOCKED2_W26,education,High school graduate,College graduate/some postgrad,0.13443117999999998,0.28515645333333334,0.42773468
GUNRESPKIDSD_W26,education,Less than high school,High school graduate,0.59513478,0.46128365838755436,0.6919254875813315
GUNRESPKIDSD_W26,education,Less than high school,College graduate/some postgrad,0.6919254875813315,0.46128365838755436,0.6919254875813315
GUNRESPKIDSD_W26,education,High school graduate,College graduate/some postgrad,0.0967907075813315,0.46128365838755436,0.6919254875813315
GUNRESPKIDSE_W26,education,Less than high school,High school graduate,0.16484115214179496,0.20272529383314072,0.23149606719165555
GUNRESPKIDSE_W26,education,Less than high school,College graduate/some postgrad,0.23149606719165555,0.20272529383314072,0.23149606719165555
GUNRESPKIDSE_W26,education,High school graduate,College graduate/some postgrad,0.21183866216597164,0.20272529383314072,0.23149606719165555
GUNRESPNOKIDSA_W26,education,Less than high school,High school graduate,0.287269515593815,0.24576317652004173,0.3686447647800626
GUNRESPNOKIDSA_W26,education,Less than high school,College graduate/some postgrad,0.3686447647800626,0.24576317652004173,0.3686447647800626
GUNRESPNOKIDSA_W26,education,High school graduate,College graduate/some postgrad,0.08137524918624761,0.24576317652004173,0.3686447647800626
GUNRESPNOKIDSB_W26,education,Less than high school,High school graduate,0.2337261262499068,0.26726633235164726,0.39853057999999986
GUNRESPNOKIDSB_W26,education,Less than high school,College graduate/some postgrad,0.39853057999999986,0.26726633235164726,0.39853057999999986
GUNRESPNOKIDSB_W26,education,High school graduate,College graduate/some postgrad,0.16954229080503508,0.26726633235164726,0.39853057999999986
GUNRESPNOKIDSC_W26,education,Less than high school,High school graduate,0.23634641999999995,0.32269724000000016,0.48404586000000027
GUNRESPNOKIDSC_W26,education,Less than high school,College graduate/some postgrad,0.48404586000000027,0.32269724000000016,0.48404586000000027
GUNRESPNOKIDSC_W26,education,High school graduate,College graduate/some postgrad,0.24769944000000033,0.32269724000000016,0.48404586000000027
GUNRESPNOKIDSD_W26,education,Less than high school,High school graduate,0.5056805799999999,0.3371203866666666,0.5056805799999999
GUNRESPNOKIDSD_W26,education,Less than high school,College graduate/some postgrad,0.42016847240462274,0.3371203866666666,0.5056805799999999
GUNRESPNOKIDSD_W26,education,High school graduate,College graduate/some postgrad,0.08551210759537722,0.3371203866666666,0.5056805799999999
GUNRESPNOKIDSE_W26,education,Less than high school,High school graduate,0.145382368486427,0.27513612085816314,0.3703993662960062
GUNRESPNOKIDSE_W26,education,Less than high school,College graduate/some postgrad,0.3703993662960062,0.27513612085816314,0.3703993662960062
GUNRESPNOKIDSE_W26,education,High school graduate,College graduate/some postgrad,0.30962662779205635,0.27513612085816314,0.3703993662960062
GUNRESPNOKIDSF_W26,education,Less than high school,High school graduate,0.25938258000000003,0.2457068054569742,0.3685602081854613
GUNRESPNOKIDSF_W26,education,Less than high school,College graduate/some postgrad,0.3685602081854613,0.2457068054569742,0.3685602081854613
GUNRESPNOKIDSF_W26,education,High school graduate,College graduate/some postgrad,0.10917762818546128,0.2457068054569742,0.3685602081854613
GUNSAFETYKIDS_W26,education,Less than high school,High school graduate,0.07869371876521425,0.0524624791768095,0.07869371876521425
GUNSAFETYKIDS_W26,education,Less than high school,College graduate/some postgrad,0.041492004137231364,0.0524624791768095,0.07869371876521425
GUNSAFETYKIDS_W26,education,High school graduate,College graduate/some postgrad,0.037201714627982885,0.0524624791768095,0.07869371876521425
GUNSAFE_W26,education,Less than high school,High school graduate,0.027837438834996953,0.060781540093775864,0.08808085499999996
GUNSAFE_W26,education,Less than high school,College graduate/some postgrad,0.08808085499999996,0.060781540093775864,0.08808085499999996
GUNSAFE_W26,education,High school graduate,College graduate/some postgrad,0.06642632644633067,0.060781540093775864,0.08808085499999996
GUNTYPEOWNC_W26,education,Less than high school,High school graduate,0.09164602807165356,0.09474281627216319,0.13838468999999992
GUNTYPEOWNC_W26,education,Less than high school,College graduate/some postgrad,0.13838468999999992,0.09474281627216319,0.13838468999999992
GUNTYPEOWNC_W26,education,High school graduate,College graduate/some postgrad,0.05419773074483608,0.09474281627216319,0.13838468999999992
HAPPEN2b_W41,education,Less than high school,High school graduate,0.11094852999999993,0.09326535333333334,0.11551882000000002
HAPPEN2b_W41,education,Less than high school,College graduate/some postgrad,0.11551882000000002,0.09326535333333334,0.11551882000000002
HAPPEN2b_W41,education,High school graduate,College graduate/some postgrad,0.05332871000000006,0.09326535333333334,0.11551882000000002
HAPPEN2f_W41,education,Less than high school,High school graduate,0.07234553927654444,0.12970958220498577,0.19456437330747864
HAPPEN2f_W41,education,Less than high school,College graduate/some postgrad,0.19456437330747864,0.12970958220498577,0.19456437330747864
HAPPEN2f_W41,education,High school graduate,College graduate/some postgrad,0.1222188340309342,0.12970958220498577,0.19456437330747864
HARASS1F1b_W41,education,Less than high school,High school graduate,0.15747467999999998,0.23973438666666672,0.35960158000000003
HARASS1F1b_W41,education,Less than high school,College graduate/some postgrad,0.35960158000000003,0.23973438666666672,0.35960158000000003
HARASS1F1b_W41,education,High school graduate,College graduate/some postgrad,0.20212690000000005,0.23973438666666672,0.35960158000000003
HARASS1F1d_W41,education,Less than high school,High school graduate,0.052138155077856574,0.036396127488308894,0.052138155077856574
HARASS1F1d_W41,education,Less than high school,College graduate/some postgrad,0.010204466762899211,0.036396127488308894,0.052138155077856574
HARASS1F1d_W41,education,High school graduate,College graduate/some postgrad,0.046845760624170896,0.036396127488308894,0.052138155077856574
HARASS1NOWRKF2d_W41,education,Less than high school,High school graduate,0.2471397300000001,0.16475982000000008,0.2471397300000001
HARASS1NOWRKF2d_W41,education,Less than high school,College graduate/some postgrad,0.11093458999999994,0.16475982000000008,0.2471397300000001
HARASS1NOWRKF2d_W41,education,High school graduate,College graduate/some postgrad,0.13620514000000017,0.16475982000000008,0.2471397300000001
HARASS2F1_W32,education,Less than high school,High school graduate,0.08836281521584222,0.08035075014389481,0.10880676021584224
HARASS2F1_W32,education,Less than high school,College graduate/some postgrad,0.04388267499999998,0.08035075014389481,0.10880676021584224
HARASS2F1_W32,education,High school graduate,College graduate/some postgrad,0.10880676021584224,0.08035075014389481,0.10880676021584224
HARASS3NOWRKF2_W41,education,Less than high school,High school graduate,0.022781359999999987,0.015375203333333318,0.022781359999999987
HARASS3NOWRKF2_W41,education,Less than high school,College graduate/some postgrad,0.0015989649999999939,0.015375203333333318,0.022781359999999987
HARASS3NOWRKF2_W41,education,High school graduate,College graduate/some postgrad,0.021745284999999975,0.015375203333333318,0.022781359999999987
HAVEKIDS1_W50,education,Less than high school,High school graduate,0.2504851339717239,0.22176688145247345,0.3283992200000001
HAVEKIDS1_W50,education,Less than high school,College graduate/some postgrad,0.08641629038569631,0.22176688145247345,0.3283992200000001
HAVEKIDS1_W50,education,High school graduate,College graduate/some postgrad,0.3283992200000001,0.22176688145247345,0.3283992200000001
HIGHEDWRNGB_W36,education,Less than high school,High school graduate,0.18633257000000003,0.2858133200000001,0.3515457100000001
HIGHEDWRNGB_W36,education,Less than high school,College graduate/some postgrad,0.31956168000000007,0.2858133200000001,0.3515457100000001
HIGHEDWRNGB_W36,education,High school graduate,College graduate/some postgrad,0.3515457100000001,0.2858133200000001,0.3515457100000001
HIGHEDWRNGC_W36,education,Less than high school,High school graduate,0.07396998000000021,0.22334518000000006,0.3350177700000001
HIGHEDWRNGC_W36,education,Less than high school,College graduate/some postgrad,0.3350177700000001,0.22334518000000006,0.3350177700000001
HIGHEDWRNGC_W36,education,High school graduate,College graduate/some postgrad,0.2610477899999999,0.22334518000000006,0.3350177700000001
HOMEASSIST2_W49,education,Less than high school,High school graduate,0.05987486309065902,0.07889189599914868,0.09375684000000009
HOMEASSIST2_W49,education,Less than high school,College graduate/some postgrad,0.08304398490678695,0.07889189599914868,0.09375684000000009
HOMEASSIST2_W49,education,High school graduate,College graduate/some postgrad,0.09375684000000009,0.07889189599914868,0.09375684000000009
HOMEASSIST3_W49,education,Less than high school,High school graduate,0.0775093299999999,0.09859614666666665,0.11772706999999996
HOMEASSIST3_W49,education,Less than high school,College graduate/some postgrad,0.10055204000000006,0.09859614666666665,0.11772706999999996
HOMEASSIST3_W49,education,High school graduate,College graduate/some postgrad,0.11772706999999996,0.09859614666666665,0.11772706999999996
HOMEASSIST4_W49,education,Less than high school,High school graduate,0.36201728,0.29741701333333337,0.4430232900000002
HOMEASSIST4_W49,education,Less than high school,College graduate/some postgrad,0.4430232900000002,0.29741701333333337,0.4430232900000002
HOMEASSIST4_W49,education,High school graduate,College graduate/some postgrad,0.08721046999999993,0.29741701333333337,0.4430232900000002
HOOD_NHISB_W29,education,Less than high school,High school graduate,0.21498147999999997,0.36300734,0.5128882300000001
HOOD_NHISB_W29,education,Less than high school,College graduate/some postgrad,0.5128882300000001,0.36300734,0.5128882300000001
HOOD_NHISB_W29,education,High school graduate,College graduate/some postgrad,0.36115231000000003,0.36300734,0.5128882300000001
IDIMPORT_W43,education,Less than high school,High school graduate,0.5066237299999997,0.43786425903069276,0.5916258552792014
IDIMPORT_W43,education,Less than high school,College graduate/some postgrad,0.5916258552792014,0.43786425903069276,0.5916258552792014
IDIMPORT_W43,education,High school graduate,College graduate/some postgrad,0.21534319181287714,0.43786425903069276,0.5916258552792014
IMMIMPACT_W32,education,Less than high school,High school graduate,0.014076430000000029,0.09055191666666675,0.13080162500000012
IMMIMPACT_W32,education,Less than high school,College graduate/some postgrad,0.13080162500000012,0.09055191666666675,0.13080162500000012
IMMIMPACT_W32,education,High school graduate,College graduate/some postgrad,0.1267776950000001,0.09055191666666675,0.13080162500000012
IMPROVE1_W36,education,Less than high school,High school graduate,0.01537735020620945,0.13102489226307312,0.19653733839460968
IMPROVE1_W36,education,Less than high school,College graduate/some postgrad,0.18115998818840023,0.13102489226307312,0.19653733839460968
IMPROVE1_W36,education,High school graduate,College graduate/some postgrad,0.19653733839460968,0.13102489226307312,0.19653733839460968
IMPROVE2_W36,education,Less than high school,High school graduate,0.08439208055497721,0.12185526081261448,0.15774080311719513
IMPROVE2_W36,education,Less than high school,College graduate/some postgrad,0.1234328987656711,0.12185526081261448,0.15774080311719513
IMPROVE2_W36,education,High school graduate,College graduate/some postgrad,0.15774080311719513,0.12185526081261448,0.15774080311719513
IMPROVE3_W36,education,Less than high school,High school graduate,0.051116538121414395,0.15492768666666673,0.2323915300000001
IMPROVE3_W36,education,Less than high school,College graduate/some postgrad,0.1812749918785857,0.15492768666666673,0.2323915300000001
IMPROVE3_W36,education,High school graduate,College graduate/some postgrad,0.2323915300000001,0.15492768666666673,0.2323915300000001
INEQ11_W54,education,Less than high school,High school graduate,0.043430659999999996,0.07405226,0.11107839
INEQ11_W54,education,Less than high school,College graduate/some postgrad,0.11107839,0.07405226,0.11107839
INEQ11_W54,education,High school graduate,College graduate/some postgrad,0.06764773,0.07405226,0.11107839
INEQ1_W54,education,Less than high school,High school graduate,0.09021057000000013,0.1587049000000001,0.23805735000000014
INEQ1_W54,education,Less than high school,College graduate/some postgrad,0.23805735000000014,0.1587049000000001,0.23805735000000014
INEQ1_W54,education,High school graduate,College graduate/some postgrad,0.14784678,0.1587049000000001,0.23805735000000014
INEQ4_a_W54,education,Less than high school,High school graduate,0.09350524999999998,0.0650319866666668,0.09350524999999998
INEQ4_a_W54,education,Less than high school,College graduate/some postgrad,0.07019509000000024,0.0650319866666668,0.09350524999999998
INEQ4_a_W54,education,High school graduate,College graduate/some postgrad,0.03139562000000018,0.0650319866666668,0.09350524999999998
INEQ5_a_W54,education,Less than high school,High school graduate,0.2643624500000001,0.18715786949781685,0.2643624500000001
INEQ5_a_W54,education,Less than high school,College graduate/some postgrad,0.07733357624463333,0.18715786949781685,0.2643624500000001
INEQ5_a_W54,education,High school graduate,College graduate/some postgrad,0.2197775822488171,0.18715786949781685,0.2643624500000001
INEQ5_d_W54,education,Less than high school,High school graduate,0.12724519999999997,0.31896121333333316,0.45647673999999977
INEQ5_d_W54,education,Less than high school,College graduate/some postgrad,0.45647673999999977,0.31896121333333316,0.45647673999999977
INEQ5_d_W54,education,High school graduate,College graduate/some postgrad,0.3731616999999997,0.31896121333333316,0.45647673999999977
INEQ5_e_W54,education,Less than high school,High school graduate,0.1272343799999998,0.11525423148972354,0.1272343799999998
INEQ5_e_W54,education,Less than high school,College graduate/some postgrad,0.11695083842660137,0.11525423148972354,0.1272343799999998
INEQ5_e_W54,education,High school graduate,College graduate/some postgrad,0.10157747604256945,0.11525423148972354,0.1272343799999998
INEQ5_f_W54,education,Less than high school,High school graduate,0.10849546999999993,0.1885149933333333,0.2646162099999999
INEQ5_f_W54,education,Less than high school,College graduate/some postgrad,0.19243330000000003,0.1885149933333333,0.2646162099999999
INEQ5_f_W54,education,High school graduate,College graduate/some postgrad,0.2646162099999999,0.1885149933333333,0.2646162099999999
INEQ5_h_W54,education,Less than high school,High school graduate,0.20958433999999992,0.21680742000000008,0.3010254700000003
INEQ5_h_W54,education,Less than high school,College graduate/some postgrad,0.3010254700000003,0.21680742000000008,0.3010254700000003
INEQ5_h_W54,education,High school graduate,College graduate/some postgrad,0.13981244999999992,0.21680742000000008,0.3010254700000003
INEQ5_i_W54,education,Less than high school,High school graduate,0.09898524999999991,0.13672085870205242,0.1851475480530787
INEQ5_i_W54,education,Less than high school,College graduate/some postgrad,0.12602977805307863,0.13672085870205242,0.1851475480530787
INEQ5_i_W54,education,High school graduate,College graduate/some postgrad,0.1851475480530787,0.13672085870205242,0.1851475480530787
INEQ5_k_W54,education,Less than high school,High school graduate,0.5648846200000001,0.3765897466666667,0.5648846200000001
INEQ5_k_W54,education,Less than high school,College graduate/some postgrad,0.33321105000000023,0.3765897466666667,0.5648846200000001
INEQ5_k_W54,education,High school graduate,College graduate/some postgrad,0.23167356999999983,0.3765897466666667,0.5648846200000001
INEQ5_l_W54,education,Less than high school,High school graduate,0.07470575338517815,0.2641924710673386,0.3962887066010079
INEQ5_l_W54,education,Less than high school,College graduate/some postgrad,0.32158295321582975,0.2641924710673386,0.3962887066010079
INEQ5_l_W54,education,High school graduate,College graduate/some postgrad,0.3962887066010079,0.2641924710673386,0.3962887066010079
INEQ5_m_W54,education,Less than high school,High school graduate,0.16772666031238526,0.43245669902543044,0.6457990672007833
INEQ5_m_W54,education,Less than high school,College graduate/some postgrad,0.6457990672007833,0.43245669902543044,0.6457990672007833
INEQ5_m_W54,education,High school graduate,College graduate/some postgrad,0.48384436956312277,0.43245669902543044,0.6457990672007833
INEQ8_a_W54,education,Less than high school,High school graduate,0.3812184199999999,0.31131891333333317,0.46697836999999975
INEQ8_a_W54,education,Less than high school,College graduate/some postgrad,0.46697836999999975,0.31131891333333317,0.46697836999999975
INEQ8_a_W54,education,High school graduate,College graduate/some postgrad,0.08575994999999986,0.31131891333333317,0.46697836999999975
INEQ8_b_W54,education,Less than high school,High school graduate,0.4733362399999998,0.3272863908548058,0.4733362399999998
INEQ8_b_W54,education,Less than high school,College graduate/some postgrad,0.45742688834125966,0.3272863908548058,0.4733362399999998
INEQ8_b_W54,education,High school graduate,College graduate/some postgrad,0.05109604422315811,0.3272863908548058,0.4733362399999998
INEQ8_c_W54,education,Less than high school,High school graduate,0.47261644999999985,0.3150776333333332,0.47261644999999985
INEQ8_c_W54,education,Less than high school,College graduate/some postgrad,0.4220788899999998,0.3150776333333332,0.47261644999999985
INEQ8_c_W54,education,High school graduate,College graduate/some postgrad,0.05053756000000004,0.3150776333333332,0.47261644999999985
INEQ8_d_W54,education,Less than high school,High school graduate,0.577198504228015,0.3847990028186767,0.577198504228015
INEQ8_d_W54,education,Less than high school,College graduate/some postgrad,0.4557625160404779,0.3847990028186767,0.577198504228015
INEQ8_d_W54,education,High school graduate,College graduate/some postgrad,0.12143598818753715,0.3847990028186767,0.577198504228015
INEQ8_f_W54,education,Less than high school,High school graduate,0.2360038452845724,0.2525836909748445,0.37887553646226685
INEQ8_f_W54,education,Less than high school,College graduate/some postgrad,0.37887553646226685,0.2525836909748445,0.37887553646226685
INEQ8_f_W54,education,High school graduate,College graduate/some postgrad,0.14287169117769444,0.2525836909748445,0.37887553646226685
INEQ8_g_W54,education,Less than high school,High school graduate,0.08494082999999997,0.1131956666666667,0.1591024900000001
INEQ8_g_W54,education,Less than high school,College graduate/some postgrad,0.1591024900000001,0.1131956666666667,0.1591024900000001
INEQ8_g_W54,education,High school graduate,College graduate/some postgrad,0.09554368000000002,0.1131956666666667,0.1591024900000001
INEQ8_h_W54,education,Less than high school,High school graduate,0.08345222842087713,0.2996754429569316,0.43125923568740776
INEQ8_h_W54,education,Less than high school,College graduate/some postgrad,0.43125923568740776,0.2996754429569316,0.43125923568740776
INEQ8_h_W54,education,High school graduate,College graduate/some postgrad,0.38431486476251,0.2996754429569316,0.43125923568740776
INEQ8_i_W54,education,Less than high school,High school graduate,0.1341026713078402,0.2706475973156483,0.4059713959734724
INEQ8_i_W54,education,Less than high school,College graduate/some postgrad,0.4059713959734724,0.2706475973156483,0.4059713959734724
INEQ8_i_W54,education,High school graduate,College graduate/some postgrad,0.2718687246656322,0.2706475973156483,0.4059713959734724
INEQ8_j_W54,education,Less than high school,High school graduate,0.15946910328299413,0.17938607552199626,0.2024288932829944
INEQ8_j_W54,education,Less than high school,College graduate/some postgrad,0.2024288932829944,0.17938607552199626,0.2024288932829944
INEQ8_j_W54,education,High school graduate,College graduate/some postgrad,0.17626023000000024,0.17938607552199626,0.2024288932829944
INFOCHALa_W45,education,Less than high school,High school graduate,0.2232897777738539,0.2923326651825694,0.4384989977738541
INFOCHALa_W45,education,Less than high school,College graduate/some postgrad,0.4384989977738541,0.2923326651825694,0.4384989977738541
INFOCHALa_W45,education,High school graduate,College graduate/some postgrad,0.2152092200000002,0.2923326651825694,0.4384989977738541
INFOCREATEa_W45,education,Less than high school,High school graduate,0.011569789884302017,0.1890705714426276,0.28113685718863146
INFOCREATEa_W45,education,Less than high school,College graduate/some postgrad,0.2745050672549493,0.1890705714426276,0.28113685718863146
INFOCREATEa_W45,education,High school graduate,College graduate/some postgrad,0.28113685718863146,0.1890705714426276,0.28113685718863146
INTRMAR_W41,education,Less than high school,High school graduate,0.07455354499999994,0.22431593999999996,0.3334209849999999
INTRMAR_W41,education,Less than high school,College graduate/some postgrad,0.3334209849999999,0.22431593999999996,0.3334209849999999
INTRMAR_W41,education,High school graduate,College graduate/some postgrad,0.26497329,0.22431593999999996,0.3334209849999999
JOBTRAIN_W54,education,Less than high school,High school graduate,0.06642722647577459,0.17604194806053305,0.23627297770582462
JOBTRAIN_W54,education,Less than high school,College graduate/some postgrad,0.22542563999999993,0.17604194806053305,0.23627297770582462
JOBTRAIN_W54,education,High school graduate,College graduate/some postgrad,0.23627297770582462,0.17604194806053305,0.23627297770582462
LEGALIMG_W41,education,Less than high school,High school graduate,0.0381946005189536,0.15598206762588754,0.23397310143883132
LEGALIMG_W41,education,Less than high school,College graduate/some postgrad,0.19577850091987772,0.15598206762588754,0.23397310143883132
LEGALIMG_W41,education,High school graduate,College graduate/some postgrad,0.23397310143883132,0.15598206762588754,0.23397310143883132
LEGALIMMIGAMT_W92,education,Less than high school,High school graduate,0.14623074326709135,0.3552082955113944,0.5328124432670915
LEGALIMMIGAMT_W92,education,Less than high school,College graduate/some postgrad,0.5328124432670915,0.3552082955113944,0.5328124432670915
LEGALIMMIGAMT_W92,education,High school graduate,College graduate/some postgrad,0.38658170000000014,0.3552082955113944,0.5328124432670915
LOCALELECT_W29,education,Less than high school,High school graduate,0.33481834999999976,0.4888630133333332,0.7332945199999998
LOCALELECT_W29,education,Less than high school,College graduate/some postgrad,0.7332945199999998,0.4888630133333332,0.7332945199999998
LOCALELECT_W29,education,High school graduate,College graduate/some postgrad,0.39847617,0.4888630133333332,0.7332945199999998
MADEUPOFT_W45,education,Less than high school,High school graduate,0.23776142,0.17478770070894,0.23776142
MADEUPOFT_W45,education,Less than high school,College graduate/some postgrad,0.20886481760788583,0.17478770070894,0.23776142
MADEUPOFT_W45,education,High school graduate,College graduate/some postgrad,0.07773686451893419,0.17478770070894,0.23776142
MADEUPTOPICb_W45,education,Less than high school,High school graduate,0.04281098655588911,0.03380261073221624,0.048880859999999915
MADEUPTOPICb_W45,education,Less than high school,College graduate/some postgrad,0.048880859999999915,0.03380261073221624,0.048880859999999915
MADEUPTOPICb_W45,education,High school graduate,College graduate/some postgrad,0.009715985640759706,0.03380261073221624,0.048880859999999915
MADEUPTOPICc_W45,education,Less than high school,High school graduate,0.16656789185764684,0.11104526123843123,0.16656789185764684
MADEUPTOPICc_W45,education,Less than high school,College graduate/some postgrad,0.11170024999999997,0.11104526123843123,0.16656789185764684
MADEUPTOPICc_W45,education,High school graduate,College graduate/some postgrad,0.054867641857646865,0.11104526123843123,0.16656789185764684
MADEUPTOPICd_W45,education,Less than high school,High school graduate,0.061271810000000065,0.052086979999999984,0.061271810000000065
MADEUPTOPICd_W45,education,Less than high school,College graduate/some postgrad,0.04698021999999988,0.052086979999999984,0.061271810000000065
MADEUPTOPICd_W45,education,High school graduate,College graduate/some postgrad,0.048008910000000016,0.052086979999999984,0.061271810000000065
MAN1A_W29,education,Less than high school,High school graduate,0.14321321442349377,0.15858661362801343,0.23077472000000004
MAN1A_W29,education,Less than high school,College graduate/some postgrad,0.23077472000000004,0.15858661362801343,0.23077472000000004
MAN1A_W29,education,High school graduate,College graduate/some postgrad,0.10177190646054651,0.15858661362801343,0.23077472000000004
MAN1B_W29,education,Less than high school,High school graduate,0.10158707000000003,0.18839255999999996,0.2641083299999999
MAN1B_W29,education,Less than high school,College graduate/some postgrad,0.2641083299999999,0.18839255999999996,0.2641083299999999
MAN1B_W29,education,High school graduate,College graduate/some postgrad,0.19948227999999996,0.18839255999999996,0.2641083299999999
MAN1C_W29,education,Less than high school,High school graduate,0.2125568499999999,0.19004321333333327,0.2579270899999999
MAN1C_W29,education,Less than high school,College graduate/some postgrad,0.2579270899999999,0.19004321333333327,0.2579270899999999
MAN1C_W29,education,High school graduate,College graduate/some postgrad,0.09964569999999996,0.19004321333333327,0.2579270899999999
MAN1D_W29,education,Less than high school,High school graduate,0.1816659500000003,0.18304866666666683,0.24853110000000006
MAN1D_W29,education,Less than high school,College graduate/some postgrad,0.24853110000000006,0.18304866666666683,0.24853110000000006
MAN1D_W29,education,High school graduate,College graduate/some postgrad,0.11894895000000011,0.18304866666666683,0.24853110000000006
MAN1E_W29,education,Less than high school,High school graduate,0.1725814879323982,0.13619931365148538,0.18694989000000034
MAN1E_W29,education,Less than high school,College graduate/some postgrad,0.18694989000000034,0.13619931365148538,0.18694989000000034
MAN1E_W29,education,High school graduate,College graduate/some postgrad,0.049066563022057585,0.13619931365148538,0.18694989000000034
MARRDUR_W50,education,Less than high school,High school graduate,0.25205901830638056,0.2869481069302586,0.4157300407700618
MARRDUR_W50,education,Less than high school,College graduate/some postgrad,0.19305526171433324,0.2869481069302586,0.4157300407700618
MARRDUR_W50,education,High school graduate,College graduate/some postgrad,0.4157300407700618,0.2869481069302586,0.4157300407700618
MARRYPREF1_W50,education,Less than high school,High school graduate,0.03071116500000015,0.027254310000000042,0.04088146500000006
MARRYPREF1_W50,education,Less than high school,College graduate/some postgrad,0.01017029999999991,0.027254310000000042,0.04088146500000006
MARRYPREF1_W50,education,High school graduate,College graduate/some postgrad,0.04088146500000006,0.027254310000000042,0.04088146500000006
MARRYPREF2_W50,education,Less than high school,High school graduate,0.08206998500000004,0.08140553333333335,0.10217533500000003
MARRYPREF2_W50,education,Less than high school,College graduate/some postgrad,0.05997127999999999,0.08140553333333335,0.10217533500000003
MARRYPREF2_W50,education,High school graduate,College graduate/some postgrad,0.10217533500000003,0.08140553333333335,0.10217533500000003
MASC2_W29,education,Less than high school,High school graduate,0.18279690060238674,0.18395845321525336,0.18486885088546984
MASC2_W29,education,Less than high school,College graduate/some postgrad,0.1842096081579035,0.18395845321525336,0.18486885088546984
MASC2_W29,education,High school graduate,College graduate/some postgrad,0.18486885088546984,0.18395845321525336,0.18486885088546984
MOREWMN1F2_W36,education,Less than high school,High school graduate,0.032482543011705,0.09264474534113669,0.13896711801170503
MOREWMN1F2_W36,education,Less than high school,College graduate/some postgrad,0.13896711801170503,0.09264474534113669,0.13896711801170503
MOREWMN1F2_W36,education,High school graduate,College graduate/some postgrad,0.10648457500000003,0.09264474534113669,0.13896711801170503
MOTHER_W50,education,Less than high school,High school graduate,0.03445823999999997,0.10170635333333333,0.15255953
MOTHER_W50,education,Less than high school,College graduate/some postgrad,0.15255953,0.10170635333333333,0.15255953
MOTHER_W50,education,High school graduate,College graduate/some postgrad,0.11810129000000003,0.10170635333333333,0.15255953
MOVERURAL_W32,education,Less than high school,High school graduate,0.45281288718946033,0.3018752581263069,0.45281288718946033
MOVERURAL_W32,education,Less than high school,College graduate/some postgrad,0.2829541971894603,0.3018752581263069,0.45281288718946033
MOVERURAL_W32,education,High school graduate,College graduate/some postgrad,0.16985869000000003,0.3018752581263069,0.45281288718946033
MOVESUBURB_W32,education,Less than high school,High school graduate,0.14974208017465906,0.13857943160181377,0.1941166053495783
MOVESUBURB_W32,education,Less than high school,College graduate/some postgrad,0.07187960928120396,0.13857943160181377,0.1941166053495783
MOVESUBURB_W32,education,High school graduate,College graduate/some postgrad,0.1941166053495783,0.13857943160181377,0.1941166053495783
MOVEURBAN_W32,education,Less than high school,High school graduate,0.17077130999999998,0.18715382666666672,0.2807307400000001
MOVEURBAN_W32,education,Less than high school,College graduate/some postgrad,0.10995943000000008,0.18715382666666672,0.2807307400000001
MOVEURBAN_W32,education,High school graduate,College graduate/some postgrad,0.2807307400000001,0.18715382666666672,0.2807307400000001
NEIGHINTERA_W32,education,Less than high school,High school graduate,0.12291505877084967,0.19003248430632014,0.2631278066786892
NEIGHINTERA_W32,education,Less than high school,College graduate/some postgrad,0.2631278066786892,0.19003248430632014,0.2631278066786892
NEIGHINTERA_W32,education,High school graduate,College graduate/some postgrad,0.18405458746942155,0.19003248430632014,0.2631278066786892
NEIGHINTERB_W32,education,Less than high school,High school graduate,0.33049856918776654,0.36348300666666655,0.5452245099999998
NEIGHINTERB_W32,education,Less than high school,College graduate/some postgrad,0.5452245099999998,0.36348300666666655,0.5452245099999998
NEIGHINTERB_W32,education,High school graduate,College graduate/some postgrad,0.21472594081223334,0.36348300666666655,0.5452245099999998
NEIGHKIDS_W32,education,Less than high school,High school graduate,0.06280091499999996,0.045473289517394155,0.06280091499999996
NEIGHKIDS_W32,education,Less than high school,College graduate/some postgrad,0.05886032248590242,0.045473289517394155,0.06280091499999996
NEIGHKIDS_W32,education,High school graduate,College graduate/some postgrad,0.014758631066280087,0.045473289517394155,0.06280091499999996
NEIGHSAMEA_W32,education,Less than high school,High school graduate,0.14385031008220323,0.21977552666666678,0.32966329000000016
NEIGHSAMEA_W32,education,Less than high school,College graduate/some postgrad,0.32966329000000016,0.21977552666666678,0.32966329000000016
NEIGHSAMEA_W32,education,High school graduate,College graduate/some postgrad,0.18581297991779694,0.21977552666666678,0.32966329000000016
NEWSPROBd_W45,education,Less than high school,High school graduate,0.21136151067207037,0.1600172864978371,0.21136151067207037
NEWSPROBd_W45,education,Less than high school,College graduate/some postgrad,0.1709187617091876,0.1600172864978371,0.21136151067207037
NEWSPROBd_W45,education,High school graduate,College graduate/some postgrad,0.0977715871122534,0.1600172864978371,0.21136151067207037
NEWSPROBe_W45,education,Less than high school,High school graduate,0.10509378000000003,0.10893334624778735,0.12417207937168107
NEWSPROBe_W45,education,Less than high school,College graduate/some postgrad,0.12417207937168107,0.10893334624778735,0.12417207937168107
NEWSPROBe_W45,education,High school graduate,College graduate/some postgrad,0.09753417937168096,0.10893334624778735,0.12417207937168107
NEWS_PLATFORMg_W45,education,Less than high school,High school graduate,0.08766357956938853,0.09537932179342075,0.12312093000000002
NEWS_PLATFORMg_W45,education,Less than high school,College graduate/some postgrad,0.12312093000000002,0.09537932179342075,0.12312093000000002
NEWS_PLATFORMg_W45,education,High school graduate,College graduate/some postgrad,0.07535345581087372,0.09537932179342075,0.12312093000000002
NOCARRYGUN_W26,education,Less than high school,High school graduate,0.47046677000000003,0.3136445133333334,0.47046677000000003
NOCARRYGUN_W26,education,Less than high school,College graduate/some postgrad,0.36588526,0.3136445133333334,0.47046677000000003
NOCARRYGUN_W26,education,High school graduate,College graduate/some postgrad,0.10458151000000004,0.3136445133333334,0.47046677000000003
PAR1_W50,education,Less than high school,High school graduate,0.022036869999999986,0.026843943333333325,0.03269411
PAR1_W50,education,Less than high school,College graduate/some postgrad,0.03269411,0.026843943333333325,0.03269411
PAR1_W50,education,High school graduate,College graduate/some postgrad,0.025800849999999986,0.026843943333333325,0.03269411
PAR2_W50,education,Less than high school,High school graduate,0.0859850705655792,0.07303609037705279,0.10955413556557919
PAR2_W50,education,Less than high school,College graduate/some postgrad,0.023569064999999986,0.07303609037705279,0.10955413556557919
PAR2_W50,education,High school graduate,College graduate/some postgrad,0.10955413556557919,0.07303609037705279,0.10955413556557919
POLCHF1_W36,education,Less than high school,High school graduate,0.29028633344190397,0.2747995201796803,0.4121992802695204
POLCHF1_W36,education,Less than high school,College graduate/some postgrad,0.4121992802695204,0.2747995201796803,0.4121992802695204
POLCHF1_W36,education,High school graduate,College graduate/some postgrad,0.12191294682761644,0.2747995201796803,0.4121992802695204
POLINTOL2_a_W92,education,Less than high school,High school graduate,0.18581155000000016,0.13662368666666677,0.18581155000000016
POLINTOL2_a_W92,education,Less than high school,College graduate/some postgrad,0.13066601000000017,0.13662368666666677,0.18581155000000016
POLINTOL2_a_W92,education,High school graduate,College graduate/some postgrad,0.09339349999999996,0.13662368666666677,0.18581155000000016
PP5e_W49,education,Less than high school,High school graduate,0.07673398905992254,0.14987017937328173,0.2248052690599226
PP5e_W49,education,Less than high school,College graduate/some postgrad,0.2248052690599226,0.14987017937328173,0.2248052690599226
PP5e_W49,education,High school graduate,College graduate/some postgrad,0.14807128000000006,0.14987017937328173,0.2248052690599226
PQ4_F2Aa_W42,education,Less than high school,High school graduate,0.19499987000000008,0.20446015629074285,0.30098986443611436
PQ4_F2Aa_W42,education,Less than high school,College graduate/some postgrad,0.30098986443611436,0.20446015629074285,0.30098986443611436
PQ4_F2Aa_W42,education,High school graduate,College graduate/some postgrad,0.11739073443611409,0.20446015629074285,0.30098986443611436
PQ4_F2Ac_W42,education,Less than high school,High school graduate,0.05351664946483339,0.08036280852603593,0.09525678304192828
PQ4_F2Ac_W42,education,Less than high school,College graduate/some postgrad,0.09525678304192828,0.08036280852603593,0.09525678304192828
PQ4_F2Ac_W42,education,High school graduate,College graduate/some postgrad,0.09231499307134611,0.08036280852603593,0.09525678304192828
PQ4_F2Ae_W42,education,Less than high school,High school graduate,0.16258743999999997,0.22462359999999995,0.33693539999999994
PQ4_F2Ae_W42,education,Less than high school,College graduate/some postgrad,0.33693539999999994,0.22462359999999995,0.33693539999999994
PQ4_F2Ae_W42,education,High school graduate,College graduate/some postgrad,0.17434795999999997,0.22462359999999995,0.33693539999999994
PQ4_F2Bb_W42,education,Less than high school,High school graduate,0.1422536985736813,0.18570244930789323,0.23992689059576233
PQ4_F2Bb_W42,education,Less than high school,College graduate/some postgrad,0.23992689059576233,0.18570244930789323,0.23992689059576233
PQ4_F2Bb_W42,education,High school graduate,College graduate/some postgrad,0.17492675875423602,0.18570244930789323,0.23992689059576233
PQ4_F2Bc_W42,education,Less than high school,High school graduate,0.12807719871922804,0.1283906092892624,0.1501997728282664
PQ4_F2Bc_W42,education,Less than high school,College graduate/some postgrad,0.1501997728282664,0.1283906092892624,0.1501997728282664
PQ4_F2Bc_W42,education,High school graduate,College graduate/some postgrad,0.10689485632029286,0.1283906092892624,0.1501997728282664
PQ4_F2Bd_W42,education,Less than high school,High school graduate,0.14804016719419266,0.1266516745998502,0.1899775118997753
PQ4_F2Bd_W42,education,Less than high school,College graduate/some postgrad,0.1899775118997753,0.1266516745998502,0.1899775118997753
PQ4_F2Bd_W42,education,High school graduate,College graduate/some postgrad,0.041937344705582635,0.1266516745998502,0.1899775118997753
PQ4_F2Cc_W42,education,Less than high school,High school graduate,0.08441501999999987,0.0787649266666667,0.10530966000000005
PQ4_F2Cc_W42,education,Less than high school,College graduate/some postgrad,0.04657010000000017,0.0787649266666667,0.10530966000000005
PQ4_F2Cc_W42,education,High school graduate,College graduate/some postgrad,0.10530966000000005,0.0787649266666667,0.10530966000000005
PQ8_F2B_W42,education,Less than high school,High school graduate,0.2052727200000001,0.23601424666666668,0.35402137
PQ8_F2B_W42,education,Less than high school,College graduate/some postgrad,0.35402137,0.23601424666666668,0.35402137
PQ8_F2B_W42,education,High school graduate,College graduate/some postgrad,0.14874864999999993,0.23601424666666668,0.35402137
PROG_RNEED_W92,education,Less than high school,High school graduate,0.11951399705031263,0.07967599803354175,0.11951399705031263
PROG_RNEED_W92,education,Less than high school,College graduate/some postgrad,0.04321751412272634,0.07967599803354175,0.11951399705031263
PROG_RNEED_W92,education,High school graduate,College graduate/some postgrad,0.07629648292758628,0.07967599803354175,0.11951399705031263
PWMAN2_W49,education,Less than high school,High school graduate,0.4501146159305606,0.45768769707243284,0.4625782918584888
PWMAN2_W49,education,Less than high school,College graduate/some postgrad,0.460370183428249,0.45768769707243284,0.4625782918584888
PWMAN2_W49,education,High school graduate,College graduate/some postgrad,0.4625782918584888,0.45768769707243284,0.4625782918584888
RACESURV13_W43,education,Less than high school,High school graduate,0.24784544263558045,0.2506990409023662,0.37604856135354936
RACESURV13_W43,education,Less than high school,College graduate/some postgrad,0.37604856135354936,0.2506990409023662,0.37604856135354936
RACESURV13_W43,education,High school graduate,College graduate/some postgrad,0.12820311871796888,0.2506990409023662,0.37604856135354936
RACESURV14_W43,education,Less than high school,High school graduate,0.36088898076978343,0.25405146051318894,0.36088898076978343
RACESURV14_W43,education,Less than high school,College graduate/some postgrad,0.07316994000000003,0.25405146051318894,0.36088898076978343
RACESURV14_W43,education,High school graduate,College graduate/some postgrad,0.32809546076978335,0.25405146051318894,0.36088898076978343
RACESURV15a_W43,education,Less than high school,High school graduate,0.04698376272907562,0.07218239515271711,0.10827359272907566
RACESURV15a_W43,education,Less than high school,College graduate/some postgrad,0.10827359272907566,0.07218239515271711,0.10827359272907566
RACESURV15a_W43,education,High school graduate,College graduate/some postgrad,0.061289830000000045,0.07218239515271711,0.10827359272907566
RACESURV15b_W43,education,Less than high school,High school graduate,0.07654926500000003,0.12528179999999997,0.164618205
RACESURV15b_W43,education,Less than high school,College graduate/some postgrad,0.164618205,0.12528179999999997,0.164618205
RACESURV15b_W43,education,High school graduate,College graduate/some postgrad,0.13467792999999992,0.12528179999999997,0.164618205
RACESURV17_W43,education,Less than high school,High school graduate,0.11110621999999987,0.17518024738798185,0.26277037108197276
RACESURV17_W43,education,Less than high school,College graduate/some postgrad,0.1516641510819729,0.17518024738798185,0.26277037108197276
RACESURV17_W43,education,High school graduate,College graduate/some postgrad,0.26277037108197276,0.17518024738798185,0.26277037108197276
RACESURV18b_W43,education,Less than high school,High school graduate,0.09928363694726967,0.11003957646529428,0.14032260228783006
RACESURV18b_W43,education,Less than high school,College graduate/some postgrad,0.14032260228783006,0.11003957646529428,0.14032260228783006
RACESURV18b_W43,education,High school graduate,College graduate/some postgrad,0.09051249016078311,0.11003957646529428,0.14032260228783006
RACESURV18f_W43,education,Less than high school,High school graduate,0.09164882000000002,0.11632382907480365,0.1619422336122054
RACESURV18f_W43,education,Less than high school,College graduate/some postgrad,0.1619422336122054,0.11632382907480365,0.1619422336122054
RACESURV18f_W43,education,High school graduate,College graduate/some postgrad,0.09538043361220556,0.11632382907480365,0.1619422336122054
RACESURV19a_W43,education,Less than high school,High school graduate,0.10195306188596576,0.15847381333333335,0.23771072000000004
RACESURV19a_W43,education,Less than high school,College graduate/some postgrad,0.13575765811403429,0.15847381333333335,0.23771072000000004
RACESURV19a_W43,education,High school graduate,College graduate/some postgrad,0.23771072000000004,0.15847381333333335,0.23771072000000004
RACESURV19c_W43,education,Less than high school,High school graduate,0.06343477754848847,0.33878440933412063,0.5080345904538734
RACESURV19c_W43,education,Less than high school,College graduate/some postgrad,0.5080345904538734,0.33878440933412063,0.5080345904538734
RACESURV19c_W43,education,High school graduate,College graduate/some postgrad,0.44488386,0.33878440933412063,0.5080345904538734
RACESURV19e_W43,education,Less than high school,High school graduate,0.18198272,0.13166937507182952,0.18198272
RACESURV19e_W43,education,Less than high school,College graduate/some postgrad,0.037769587266413385,0.13166937507182952,0.18198272
RACESURV19e_W43,education,High school graduate,College graduate/some postgrad,0.1752558179490752,0.13166937507182952,0.18198272
RACESURV1b_W43,education,Less than high school,High school graduate,0.03630942000000004,0.025421299010566,0.03630942000000004
RACESURV1b_W43,education,Less than high school,College graduate/some postgrad,0.0344670821400469,0.025421299010566,0.03630942000000004
RACESURV1b_W43,education,High school graduate,College graduate/some postgrad,0.005487394891651065,0.025421299010566,0.03630942000000004
RACESURV21_W43,education,Less than high school,High school graduate,0.3030816899999999,0.24448655333333327,0.3667298299999999
RACESURV21_W43,education,Less than high school,College graduate/some postgrad,0.3667298299999999,0.24448655333333327,0.3667298299999999
RACESURV21_W43,education,High school graduate,College graduate/some postgrad,0.06364813999999998,0.24448655333333327,0.3667298299999999
RACESURV27_W43,education,Less than high school,High school graduate,0.10008431916804716,0.15686521960729724,0.2300072999999999
RACESURV27_W43,education,Less than high school,College graduate/some postgrad,0.1405040396538447,0.15686521960729724,0.2300072999999999
RACESURV27_W43,education,High school graduate,College graduate/some postgrad,0.2300072999999999,0.15686521960729724,0.2300072999999999
RACESURV28a_W43,education,Less than high school,High school graduate,0.018088724999999972,0.05688953333333333,0.07992421000000002
RACESURV28a_W43,education,Less than high school,College graduate/some postgrad,0.07265566500000001,0.05688953333333333,0.07992421000000002
RACESURV28a_W43,education,High school graduate,College graduate/some postgrad,0.07992421000000002,0.05688953333333333,0.07992421000000002
RACESURV28b_W43,education,Less than high school,High school graduate,0.03681960292353839,0.06524207872576006,0.08539082325374178
RACESURV28b_W43,education,Less than high school,College graduate/some postgrad,0.07351581000000001,0.06524207872576006,0.08539082325374178
RACESURV28b_W43,education,High school graduate,College graduate/some postgrad,0.08539082325374178,0.06524207872576006,0.08539082325374178
RACESURV28c_W43,education,Less than high school,High school graduate,0.05423818,0.07599165333333331,0.09366122999999998
RACESURV28c_W43,education,Less than high school,College graduate/some postgrad,0.08007554999999997,0.07599165333333331,0.09366122999999998
RACESURV28c_W43,education,High school graduate,College graduate/some postgrad,0.09366122999999998,0.07599165333333331,0.09366122999999998
RACESURV28d_W43,education,Less than high school,High school graduate,0.035145645,0.08265170333333331,0.12397755499999996
RACESURV28d_W43,education,Less than high school,College graduate/some postgrad,0.12397755499999996,0.08265170333333331,0.12397755499999996
RACESURV28d_W43,education,High school graduate,College graduate/some postgrad,0.08883190999999996,0.08265170333333331,0.12397755499999996
RACESURV28e_W43,education,Less than high school,High school graduate,0.0191382768818687,0.059732594734632216,0.08704911232202794
RACESURV28e_W43,education,Less than high school,College graduate/some postgrad,0.073010395,0.059732594734632216,0.08704911232202794
RACESURV28e_W43,education,High school graduate,College graduate/some postgrad,0.08704911232202794,0.059732594734632216,0.08704911232202794
RACESURV28f_W43,education,Less than high school,High school graduate,0.020273778707359136,0.06676643333333336,0.10014965000000003
RACESURV28f_W43,education,Less than high school,College graduate/some postgrad,0.0798758712926409,0.06676643333333336,0.10014965000000003
RACESURV28f_W43,education,High school graduate,College graduate/some postgrad,0.10014965000000003,0.06676643333333336,0.10014965000000003
RACESURV28g_W43,education,Less than high school,High school graduate,0.038822761865086236,0.06007103686115559,0.07848240499999998
RACESURV28g_W43,education,Less than high school,College graduate/some postgrad,0.06290794371838057,0.06007103686115559,0.07848240499999998
RACESURV28g_W43,education,High school graduate,College graduate/some postgrad,0.07848240499999998,0.06007103686115559,0.07848240499999998
RACESURV29d_W43,education,Less than high school,High school graduate,0.07390728122740102,0.3148509926999385,0.47139212
RACESURV29d_W43,education,Less than high school,College graduate/some postgrad,0.47139212,0.3148509926999385,0.47139212
RACESURV29d_W43,education,High school graduate,College graduate/some postgrad,0.39925357687241436,0.3148509926999385,0.47139212
RACESURV2_W43,education,Less than high school,High school graduate,0.13201443632014437,0.31074176254726066,0.455288263712647
RACESURV2_W43,education,Less than high school,College graduate/some postgrad,0.455288263712647,0.31074176254726066,0.455288263712647
RACESURV2_W43,education,High school graduate,College graduate/some postgrad,0.3449225876089905,0.31074176254726066,0.455288263712647
RACESURV34a_W43,education,Less than high school,High school graduate,0.116288334392076,0.1720928714901271,0.21872890608734394
RACESURV34a_W43,education,Less than high school,College graduate/some postgrad,0.21872890608734394,0.1720928714901271,0.21872890608734394
RACESURV34a_W43,education,High school graduate,College graduate/some postgrad,0.18126137399096132,0.1720928714901271,0.21872890608734394
RACESURV34b_W43,education,Less than high school,High school graduate,0.09047485499999999,0.09953941666666666,0.13251297500000006
RACESURV34b_W43,education,Less than high school,College graduate/some postgrad,0.13251297500000006,0.09953941666666666,0.13251297500000006
RACESURV34b_W43,education,High school graduate,College graduate/some postgrad,0.07563041999999992,0.09953941666666666,0.13251297500000006
RACESURV34c_W43,education,Less than high school,High school graduate,0.15080037999999996,0.3393192266666667,0.4559894200000001
RACESURV34c_W43,education,Less than high school,College graduate/some postgrad,0.4559894200000001,0.3393192266666667,0.4559894200000001
RACESURV34c_W43,education,High school graduate,College graduate/some postgrad,0.4111678800000001,0.3393192266666667,0.4559894200000001
RACESURV34d_W43,education,Less than high school,High school graduate,0.28428270598968947,0.36760763632392396,0.5514114544858859
RACESURV34d_W43,education,Less than high school,College graduate/some postgrad,0.5514114544858859,0.36760763632392396,0.5514114544858859
RACESURV34d_W43,education,High school graduate,College graduate/some postgrad,0.2671287484961964,0.36760763632392396,0.5514114544858859
RACESURV34e_W43,education,Less than high school,High school graduate,0.06863891959005156,0.1725315183327721,0.25339454942752804
RACESURV34e_W43,education,Less than high school,College graduate/some postgrad,0.25339454942752804,0.1725315183327721,0.25339454942752804
RACESURV34e_W43,education,High school graduate,College graduate/some postgrad,0.19556108598073677,0.1725315183327721,0.25339454942752804
RACESURV38_W43,education,Less than high school,High school graduate,0.14879411851205887,0.18994174581371748,0.2218325400626291
RACESURV38_W43,education,Less than high school,College graduate/some postgrad,0.19919857886646447,0.18994174581371748,0.2218325400626291
RACESURV38_W43,education,High school graduate,College graduate/some postgrad,0.2218325400626291,0.18994174581371748,0.2218325400626291
RACESURV40_W43,education,Less than high school,High school graduate,0.07890981000000001,0.06642392666666665,0.09963588999999998
RACESURV40_W43,education,Less than high school,College graduate/some postgrad,0.09963588999999998,0.06642392666666665,0.09963588999999998
RACESURV40_W43,education,High school graduate,College graduate/some postgrad,0.020726079999999966,0.06642392666666665,0.09963588999999998
RACESURV41_W43,education,Less than high school,High school graduate,0.07656180999999991,0.05223560666666661,0.07656180999999991
RACESURV41_W43,education,Less than high school,College graduate/some postgrad,0.06808201999999992,0.05223560666666661,0.07656180999999991
RACESURV41_W43,education,High school graduate,College graduate/some postgrad,0.012062989999999996,0.05223560666666661,0.07656180999999991
RACESURV45_W43,education,Less than high school,High school graduate,0.12993184503843067,0.11175905333333334,0.16763858
RACESURV45_W43,education,Less than high school,College graduate/some postgrad,0.16763858,0.11175905333333334,0.16763858
RACESURV45_W43,education,High school graduate,College graduate/some postgrad,0.037706734961569344,0.11175905333333334,0.16763858
RACESURV47a_W43,education,Less than high school,High school graduate,0.16859677577570326,0.15079538481594612,0.20610527000000006
RACESURV47a_W43,education,Less than high school,College graduate/some postgrad,0.07768410867213504,0.15079538481594612,0.20610527000000006
RACESURV47a_W43,education,High school graduate,College graduate/some postgrad,0.20610527000000006,0.15079538481594612,0.20610527000000006
RACESURV47b_W43,education,Less than high school,High school graduate,0.24780822000000008,0.2113370128427573,0.26445257926413596
RACESURV47b_W43,education,Less than high school,College graduate/some postgrad,0.12175023926413586,0.2113370128427573,0.26445257926413596
RACESURV47b_W43,education,High school graduate,College graduate/some postgrad,0.26445257926413596,0.2113370128427573,0.26445257926413596
RACESURV47d_W43,education,Less than high school,High school graduate,0.1698081044426156,0.11320540296174374,0.1698081044426156
RACESURV47d_W43,education,Less than high school,College graduate/some postgrad,0.1446688544426157,0.11320540296174374,0.1698081044426156
RACESURV47d_W43,education,High school graduate,College graduate/some postgrad,0.02513924999999989,0.11320540296174374,0.1698081044426156
RACESURV47e_W43,education,Less than high school,High school graduate,0.3280024699999998,0.21866831333333323,0.3280024699999998
RACESURV47e_W43,education,Less than high school,College graduate/some postgrad,0.08673908999999991,0.21866831333333323,0.3280024699999998
RACESURV47e_W43,education,High school graduate,College graduate/some postgrad,0.24126337999999992,0.21866831333333323,0.3280024699999998
RACESURV47f_W43,education,Less than high school,High school graduate,0.30406128,0.22331541906474497,0.32925489997030694
RACESURV47f_W43,education,Less than high school,College graduate/some postgrad,0.03663007722392794,0.22331541906474497,0.32925489997030694
RACESURV47f_W43,education,High school graduate,College graduate/some postgrad,0.32925489997030694,0.22331541906474497,0.32925489997030694
RACESURV48_W43,education,Less than high school,High school graduate,0.07067241000000007,0.2125890318211339,0.31888354773170086
RACESURV48_W43,education,Less than high school,College graduate/some postgrad,0.31888354773170086,0.2125890318211339,0.31888354773170086
RACESURV48_W43,education,High school graduate,College graduate/some postgrad,0.24821113773170078,0.2125890318211339,0.31888354773170086
RACESURV51_W43,education,Less than high school,High school graduate,0.04613458999999999,0.07505093,0.094287575
RACESURV51_W43,education,Less than high school,College graduate/some postgrad,0.094287575,0.07505093,0.094287575
RACESURV51_W43,education,High school graduate,College graduate/some postgrad,0.084730625,0.07505093,0.094287575
RACESURV52MOD_W92,education,Less than high school,High school graduate,0.09378013999999996,0.21745032666666664,0.32617548999999996
RACESURV52MOD_W92,education,Less than high school,College graduate/some postgrad,0.23239535,0.21745032666666664,0.32617548999999996
RACESURV52MOD_W92,education,High school graduate,College graduate/some postgrad,0.32617548999999996,0.21745032666666664,0.32617548999999996
RACESURV52_W43,education,Less than high school,High school graduate,0.2659328411560262,0.2642531501759677,0.37102419999999997
RACESURV52_W43,education,Less than high school,College graduate/some postgrad,0.15580240937187687,0.2642531501759677,0.37102419999999997
RACESURV52_W43,education,High school graduate,College graduate/some postgrad,0.37102419999999997,0.2642531501759677,0.37102419999999997
RACESURV5a_W43,education,Less than high school,High school graduate,0.05412753949766136,0.23265139000000026,0.3489770850000004
RACESURV5a_W43,education,Less than high school,College graduate/some postgrad,0.3489770850000004,0.23265139000000026,0.3489770850000004
RACESURV5a_W43,education,High school graduate,College graduate/some postgrad,0.29484954550233905,0.23265139000000026,0.3489770850000004
RACESURV5b_W43,education,Less than high school,High school graduate,0.07825431499999988,0.24890065029264452,0.35129666543896676
RACESURV5b_W43,education,Less than high school,College graduate/some postgrad,0.35129666543896676,0.24890065029264452,0.35129666543896676
RACESURV5b_W43,education,High school graduate,College graduate/some postgrad,0.3171509704389669,0.24890065029264452,0.35129666543896676
RACESURV5d_W43,education,Less than high school,High school graduate,0.07709650725213682,0.07432586333713914,0.07709650725213682
RACESURV5d_W43,education,Less than high school,College graduate/some postgrad,0.07291476702961737,0.07432586333713914,0.07709650725213682
RACESURV5d_W43,education,High school graduate,College graduate/some postgrad,0.07296631572966324,0.07432586333713914,0.07709650725213682
RACESURV5e_W43,education,Less than high school,High school graduate,0.2578199369074172,0.32873669662070015,0.49310504493105023
RACESURV5e_W43,education,Less than high school,College graduate/some postgrad,0.49310504493105023,0.32873669662070015,0.49310504493105023
RACESURV5e_W43,education,High school graduate,College graduate/some postgrad,0.235285108023633,0.32873669662070015,0.49310504493105023
RACESURV5f_W43,education,Less than high school,High school graduate,0.09480173703740237,0.08998122084460726,0.09480173703740237
RACESURV5f_W43,education,Less than high school,College graduate/some postgrad,0.08854782049641939,0.08998122084460726,0.09480173703740237
RACESURV5f_W43,education,High school graduate,College graduate/some postgrad,0.08659410500000003,0.08998122084460726,0.09480173703740237
RACESURV5g_W43,education,Less than high school,High school graduate,0.17872227000000002,0.29865894845448365,0.4479884226817255
RACESURV5g_W43,education,Less than high school,College graduate/some postgrad,0.4479884226817255,0.29865894845448365,0.4479884226817255
RACESURV5g_W43,education,High school graduate,College graduate/some postgrad,0.2692661526817255,0.29865894845448365,0.4479884226817255
RACESURV5h_W43,education,Less than high school,High school graduate,0.09598375595983759,0.07819010812926099,0.09598375595983759
RACESURV5h_W43,education,Less than high school,College graduate/some postgrad,0.06542041479831323,0.07819010812926099,0.09598375595983759
RACESURV5h_W43,education,High school graduate,College graduate/some postgrad,0.07316615362963215,0.07819010812926099,0.09598375595983759
RACESURV5i_W43,education,Less than high school,High school graduate,0.06448443050637881,0.1304103435284328,0.19529860982105274
RACESURV5i_W43,education,Less than high school,College graduate/some postgrad,0.19529860982105274,0.1304103435284328,0.19529860982105274
RACESURV5i_W43,education,High school graduate,College graduate/some postgrad,0.13144799025786685,0.1304103435284328,0.19529860982105274
RACESURV5j_W43,education,Less than high school,High school graduate,0.11111405921560753,0.18885067615890727,0.265200745
RACESURV5j_W43,education,Less than high school,College graduate/some postgrad,0.265200745,0.18885067615890727,0.265200745
RACESURV5j_W43,education,High school graduate,College graduate/some postgrad,0.19023722426111428,0.18885067615890727,0.265200745
RACESURV5l_W43,education,Less than high school,High school graduate,0.2121077071210769,0.26152605966071557,0.3922890894910734
RACESURV5l_W43,education,Less than high school,College graduate/some postgrad,0.3922890894910734,0.26152605966071557,0.3922890894910734
RACESURV5l_W43,education,High school graduate,College graduate/some postgrad,0.18018138236999648,0.26152605966071557,0.3922890894910734
RACESURV9_W43,education,Less than high school,High school graduate,0.0783233748982489,0.1317929109493584,0.1873673349999999
RACESURV9_W43,education,Less than high school,College graduate/some postgrad,0.1873673349999999,0.1317929109493584,0.1873673349999999
RACESURV9_W43,education,High school graduate,College graduate/some postgrad,0.12968802294982637,0.1317929109493584,0.1873673349999999
REASONGUNA_W26,education,Less than high school,High school graduate,0.2209698,0.2893942266666667,0.43409134000000005
REASONGUNA_W26,education,Less than high school,College graduate/some postgrad,0.43409134000000005,0.2893942266666667,0.43409134000000005
REASONGUNA_W26,education,High school graduate,College graduate/some postgrad,0.21312154000000005,0.2893942266666667,0.43409134000000005
REASONGUNB_W26,education,Less than high school,High school graduate,0.2160144699999999,0.18158198973440245,0.25879422112757605
REASONGUNB_W26,education,Less than high school,College graduate/some postgrad,0.06993727807563144,0.18158198973440245,0.25879422112757605
REASONGUNB_W26,education,High school graduate,College graduate/some postgrad,0.25879422112757605,0.18158198973440245,0.25879422112757605
REASONGUNC_W26,education,Less than high school,High school graduate,0.30256234020855144,0.2704291466666666,0.40564372
REASONGUNC_W26,education,Less than high school,College graduate/some postgrad,0.40564372,0.2704291466666666,0.40564372
REASONGUNC_W26,education,High school graduate,College graduate/some postgrad,0.10308137979144855,0.2704291466666666,0.40564372
REASONGUND_W26,education,Less than high school,High school graduate,0.18771935504746304,0.22969165669830863,0.313587265047463
REASONGUND_W26,education,Less than high school,College graduate/some postgrad,0.313587265047463,0.22969165669830863,0.313587265047463
REASONGUND_W26,education,High school graduate,College graduate/some postgrad,0.18776834999999995,0.22969165669830863,0.313587265047463
REASONGUNE_W26,education,Less than high school,High school graduate,0.09607064000000001,0.10833088000000002,0.14373160000000001
REASONGUNE_W26,education,Less than high school,College graduate/some postgrad,0.14373160000000001,0.10833088000000002,0.14373160000000001
REASONGUNE_W26,education,High school graduate,College graduate/some postgrad,0.08519040000000003,0.10833088000000002,0.14373160000000001
REPRSNTDEM_W92,education,Less than high school,High school graduate,0.21777202461197093,0.17175099023226628,0.21777202461197093
REPRSNTDEM_W92,education,Less than high school,College graduate/some postgrad,0.19044430731949857,0.17175099023226628,0.21777202461197093
REPRSNTDEM_W92,education,High school graduate,College graduate/some postgrad,0.10703663876532936,0.17175099023226628,0.21777202461197093
REPRSNTREP_W92,education,Less than high school,High school graduate,0.02738028146481164,0.11055675605317061,0.16438641669470022
REPRSNTREP_W92,education,Less than high school,College graduate/some postgrad,0.13990356999999998,0.11055675605317061,0.16438641669470022
REPRSNTREP_W92,education,High school graduate,College graduate/some postgrad,0.16438641669470022,0.11055675605317061,0.16438641669470022
ROMRELDUR_W50,education,Less than high school,High school graduate,0.2261331410018217,0.26655642066788116,0.3971616610018217
ROMRELDUR_W50,education,Less than high school,College graduate/some postgrad,0.3971616610018217,0.26655642066788116,0.3971616610018217
ROMRELDUR_W50,education,High school graduate,College graduate/some postgrad,0.17637446,0.26655642066788116,0.3971616610018217
ROMRELSER_W50,education,Less than high school,High school graduate,0.1880490199999999,0.17647969739227806,0.21111082582762897
ROMRELSER_W50,education,Less than high school,College graduate/some postgrad,0.21111082582762897,0.17647969739227806,0.21111082582762897
ROMRELSER_W50,education,High school graduate,College graduate/some postgrad,0.1302792463492053,0.17647969739227806,0.21111082582762897
RQ1_F1B_W42,education,Less than high school,High school graduate,0.06677473176938145,0.11524616,0.17286924
RQ1_F1B_W42,education,Less than high school,College graduate/some postgrad,0.17286924,0.11524616,0.17286924
RQ1_F1B_W42,education,High school graduate,College graduate/some postgrad,0.10609450823061856,0.11524616,0.17286924
RQ1_F1C_W42,education,Less than high school,High school graduate,0.04024852000000001,0.08002517509809914,0.12003776264714872
RQ1_F1C_W42,education,Less than high school,College graduate/some postgrad,0.12003776264714872,0.08002517509809914,0.12003776264714872
RQ1_F1C_W42,education,High school graduate,College graduate/some postgrad,0.0797892426471487,0.08002517509809914,0.12003776264714872
RQ2_F1A_W42,education,Less than high school,High school graduate,0.09006155999999998,0.18373456666666674,0.2566307300000001
RQ2_F1A_W42,education,Less than high school,College graduate/some postgrad,0.2566307300000001,0.18373456666666674,0.2566307300000001
RQ2_F1A_W42,education,High school graduate,College graduate/some postgrad,0.20451141000000012,0.18373456666666674,0.2566307300000001
RQ4_F1Ab_W42,education,Less than high school,High school graduate,0.23738444856996838,0.29825096571331244,0.44737644856996867
RQ4_F1Ab_W42,education,Less than high school,College graduate/some postgrad,0.44737644856996867,0.29825096571331244,0.44737644856996867
RQ4_F1Ab_W42,education,High school graduate,College graduate/some postgrad,0.2099920000000003,0.29825096571331244,0.44737644856996867
RQ4_F1Ae_W42,education,Less than high school,High school graduate,0.15123129977302693,0.22665420471201317,0.3097815372746132
RQ4_F1Ae_W42,education,Less than high school,College graduate/some postgrad,0.3097815372746132,0.22665420471201317,0.3097815372746132
RQ4_F1Ae_W42,education,High school graduate,College graduate/some postgrad,0.21894977708839936,0.22665420471201317,0.3097815372746132
RQ4_F1Ba_W42,education,Less than high school,High school graduate,0.12330425000000017,0.17568393333333363,0.2149484800000005
RQ4_F1Ba_W42,education,Less than high school,College graduate/some postgrad,0.2149484800000005,0.17568393333333363,0.2149484800000005
RQ4_F1Ba_W42,education,High school graduate,College graduate/some postgrad,0.18879907000000018,0.17568393333333363,0.2149484800000005
RQ4_F1Bc_W42,education,Less than high school,High school graduate,0.14038018603619568,0.16773529085673766,0.19145248191452469
RQ4_F1Bc_W42,education,Less than high school,College graduate/some postgrad,0.1713732046194926,0.16773529085673766,0.19145248191452469
RQ4_F1Bc_W42,education,High school graduate,College graduate/some postgrad,0.19145248191452469,0.16773529085673766,0.19145248191452469
RQ4_F1Bd_W42,education,Less than high school,High school graduate,0.10562770686813078,0.13073488457875374,0.14454277999999984
RQ4_F1Bd_W42,education,Less than high school,College graduate/some postgrad,0.14454277999999984,0.13073488457875374,0.14454277999999984
RQ4_F1Bd_W42,education,High school graduate,College graduate/some postgrad,0.1420341668681306,0.13073488457875374,0.14454277999999984
RQ4_F1Be_W42,education,Less than high school,High school graduate,0.06701051015805082,0.18357567683345408,0.2589738398011857
RQ4_F1Be_W42,education,Less than high school,College graduate/some postgrad,0.22474268054112567,0.18357567683345408,0.2589738398011857
RQ4_F1Be_W42,education,High school graduate,College graduate/some postgrad,0.2589738398011857,0.18357567683345408,0.2589738398011857
RQ4_F1Ca_W42,education,Less than high school,High school graduate,0.14386124120248425,0.1433807619899567,0.2040449
RQ4_F1Ca_W42,education,Less than high school,College graduate/some postgrad,0.2040449,0.1433807619899567,0.2040449
RQ4_F1Ca_W42,education,High school graduate,College graduate/some postgrad,0.08223614476738583,0.1433807619899567,0.2040449
RQ4_F1Cb_W42,education,Less than high school,High school graduate,0.09986065038055017,0.2020607333333333,0.30309109999999995
RQ4_F1Cb_W42,education,Less than high school,College graduate/some postgrad,0.30309109999999995,0.2020607333333333,0.30309109999999995
RQ4_F1Cb_W42,education,High school graduate,College graduate/some postgrad,0.2032304496194498,0.2020607333333333,0.30309109999999995
RQ4_F1Cd_W42,education,Less than high school,High school graduate,0.08274695999999988,0.09295121333333338,0.10245910000000007
RQ4_F1Cd_W42,education,Less than high school,College graduate/some postgrad,0.09364758000000017,0.09295121333333338,0.10245910000000007
RQ4_F1Cd_W42,education,High school graduate,College graduate/some postgrad,0.10245910000000007,0.09295121333333338,0.10245910000000007
RQ5_F1B_W42,education,Less than high school,High school graduate,0.12688042000000005,0.20791225333333338,0.29843726000000004
RQ5_F1B_W42,education,Less than high school,College graduate/some postgrad,0.29843726000000004,0.20791225333333338,0.29843726000000004
RQ5_F1B_W42,education,High school graduate,College graduate/some postgrad,0.19841908000000003,0.20791225333333338,0.29843726000000004
RQ5_F1C_W42,education,Less than high school,High school graduate,0.2878422785776982,0.2620399124813287,0.3462545665374543
RQ5_F1C_W42,education,Less than high school,College graduate/some postgrad,0.3462545665374543,0.2620399124813287,0.3462545665374543
RQ5_F1C_W42,education,High school graduate,College graduate/some postgrad,0.15202289232883356,0.2620399124813287,0.3462545665374543
S12_W29,education,Less than high school,High school graduate,0.21871560000000018,0.3936751831533707,0.5905127747300559
S12_W29,education,Less than high school,College graduate/some postgrad,0.5905127747300559,0.3936751831533707,0.5905127747300559
S12_W29,education,High school graduate,College graduate/some postgrad,0.3717971747300558,0.3936751831533707,0.5905127747300559
S13_W29,education,Less than high school,High school graduate,0.2703000099999997,0.31340075333333317,0.4701011299999998
S13_W29,education,Less than high school,College graduate/some postgrad,0.4701011299999998,0.31340075333333317,0.4701011299999998
S13_W29,education,High school graduate,College graduate/some postgrad,0.1998011200000001,0.31340075333333317,0.4701011299999998
SATLIFED_W32,education,Less than high school,High school graduate,0.10735112371305733,0.08915818317943931,0.10735112371305733
SATLIFED_W32,education,Less than high school,College graduate/some postgrad,0.10043151999999977,0.08915818317943931,0.10735112371305733
SATLIFED_W32,education,High school graduate,College graduate/some postgrad,0.05969190582526085,0.08915818317943931,0.10735112371305733
SATLIFEc_W50,education,Less than high school,High school graduate,0.09575759000000028,0.26912070000000016,0.4036810500000002
SATLIFEc_W50,education,Less than high school,College graduate/some postgrad,0.4036810500000002,0.26912070000000016,0.4036810500000002
SATLIFEc_W50,education,High school graduate,College graduate/some postgrad,0.3079234599999999,0.26912070000000016,0.4036810500000002
SEENFEM_W29,education,Less than high school,High school graduate,0.39086204089143417,0.2831191805942894,0.39086204089143417
SEENFEM_W29,education,Less than high school,College graduate/some postgrad,0.3142369708914342,0.2831191805942894,0.39086204089143417
SEENFEM_W29,education,High school graduate,College graduate/some postgrad,0.1442585299999999,0.2831191805942894,0.39086204089143417
SEENMASC_W29,education,Less than high school,High school graduate,0.09082589000000019,0.08368358000000009,0.10028943000000003
SEENMASC_W29,education,Less than high school,College graduate/some postgrad,0.10028943000000003,0.08368358000000009,0.10028943000000003
SEENMASC_W29,education,High school graduate,College graduate/some postgrad,0.059935420000000086,0.08368358000000009,0.10028943000000003
SHOOTFREQ_W26,education,Less than high school,High school graduate,0.0980918816586786,0.11189023355408119,0.15942014385890696
SHOOTFREQ_W26,education,Less than high school,College graduate/some postgrad,0.15942014385890696,0.11189023355408119,0.15942014385890696
SHOOTFREQ_W26,education,High school graduate,College graduate/some postgrad,0.07815867514465805,0.11189023355408119,0.15942014385890696
SMARTAPP_W49,education,Less than high school,High school graduate,0.19495917812688068,0.13934401173070854,0.19495917812688068
SMARTAPP_W49,education,Less than high school,College graduate/some postgrad,0.17767102706524507,0.13934401173070854,0.19495917812688068
SMARTAPP_W49,education,High school graduate,College graduate/some postgrad,0.045401829999999865,0.13934401173070854,0.19495917812688068
SMLIKESb_W45,education,Less than high school,High school graduate,0.06655595000000006,0.0808711733333334,0.09488413000000012
SMLIKESb_W45,education,Less than high school,College graduate/some postgrad,0.09488413000000012,0.0808711733333334,0.09488413000000012
SMLIKESb_W45,education,High school graduate,College graduate/some postgrad,0.08117344000000001,0.0808711733333334,0.09488413000000012
SMLIKESf_W45,education,Less than high school,High school graduate,0.27741901516094,0.22819703412891668,0.342295551193375
SMLIKESf_W45,education,Less than high school,College graduate/some postgrad,0.342295551193375,0.22819703412891668,0.342295551193375
SMLIKESf_W45,education,High school graduate,College graduate/some postgrad,0.06487653603243504,0.22819703412891668,0.342295551193375
SOCIETY_GUNS_W92,education,Less than high school,High school graduate,0.2990486934865304,0.24016286156812705,0.33991099999999996
SOCIETY_GUNS_W92,education,Less than high school,College graduate/some postgrad,0.08152889121785083,0.24016286156812705,0.33991099999999996
SOCIETY_GUNS_W92,education,High school graduate,College graduate/some postgrad,0.33991099999999996,0.24016286156812705,0.33991099999999996
SOCIETY_RELG_W92,education,Less than high school,High school graduate,0.1049109899999997,0.10943506666666662,0.14823906999999992
SOCIETY_RELG_W92,education,Less than high school,College graduate/some postgrad,0.14823906999999992,0.10943506666666662,0.14823906999999992
SOCIETY_RELG_W92,education,High school graduate,College graduate/some postgrad,0.07515514000000023,0.10943506666666662,0.14823906999999992
SOCIETY_RHIST_W92,education,Less than high school,High school graduate,0.09339833000000017,0.28337639727204156,0.42506459590806234
SOCIETY_RHIST_W92,education,Less than high school,College graduate/some postgrad,0.42506459590806234,0.28337639727204156,0.42506459590806234
SOCIETY_RHIST_W92,education,High school graduate,College graduate/some postgrad,0.3316662659080622,0.28337639727204156,0.42506459590806234
SOCIETY_SSM_W92,education,Less than high school,High school graduate,0.2764213899999999,0.47514978,0.7127246700000001
SOCIETY_SSM_W92,education,Less than high school,College graduate/some postgrad,0.7127246700000001,0.47514978,0.7127246700000001
SOCIETY_SSM_W92,education,High school graduate,College graduate/some postgrad,0.43630328000000007,0.47514978,0.7127246700000001
SOCIETY_TRANS_W92,education,Less than high school,High school graduate,0.2068055927188776,0.3525590682623112,0.5288386023934668
SOCIETY_TRANS_W92,education,Less than high school,College graduate/some postgrad,0.5288386023934668,0.3525590682623112,0.5288386023934668
SOCIETY_TRANS_W92,education,High school graduate,College graduate/some postgrad,0.32203300967458914,0.3525590682623112,0.5288386023934668
SOCIETY_WHT_W92,education,Less than high school,High school graduate,0.1333741400000001,0.22140214000000005,0.3321032100000001
SOCIETY_WHT_W92,education,Less than high school,College graduate/some postgrad,0.3321032100000001,0.22140214000000005,0.3321032100000001
SOCIETY_WHT_W92,education,High school graduate,College graduate/some postgrad,0.19872906999999998,0.22140214000000005,0.3321032100000001
SOCTRUST2_W32,education,Less than high school,High school graduate,0.13383290000000003,0.21403194000000003,0.32104791000000005
SOCTRUST2_W32,education,Less than high school,College graduate/some postgrad,0.32104791000000005,0.21403194000000003,0.32104791000000005
SOCTRUST2_W32,education,High school graduate,College graduate/some postgrad,0.18721501000000002,0.21403194000000003,0.32104791000000005
SOLVPROBa_W41,education,Less than high school,High school graduate,0.15356180293756722,0.23217125817867368,0.27304427
SOLVPROBa_W41,education,Less than high school,College graduate/some postgrad,0.26990770159845384,0.23217125817867368,0.27304427
SOLVPROBa_W41,education,High school graduate,College graduate/some postgrad,0.27304427,0.23217125817867368,0.27304427
SOLVPROBb_W41,education,Less than high school,High school graduate,0.24061918,0.25233131745786525,0.3784969761867979
SOLVPROBb_W41,education,Less than high school,College graduate/some postgrad,0.3784969761867979,0.25233131745786525,0.3784969761867979
SOLVPROBb_W41,education,High school graduate,College graduate/some postgrad,0.13787779618679788,0.25233131745786525,0.3784969761867979
SOLVPROBc_W41,education,Less than high school,High school graduate,0.15192828921618143,0.21102434078726953,0.27655538
SOLVPROBc_W41,education,Less than high school,College graduate/some postgrad,0.27655538,0.21102434078726953,0.27655538
SOLVPROBc_W41,education,High school graduate,College graduate/some postgrad,0.2045893531456272,0.21102434078726953,0.27655538
SOLVPROBdF1_W41,education,Less than high school,High school graduate,0.18435888477410675,0.1712203365856341,0.24105502241055027
SOLVPROBdF1_W41,education,Less than high school,College graduate/some postgrad,0.24105502241055027,0.1712203365856341,0.24105502241055027
SOLVPROBdF1_W41,education,High school graduate,College graduate/some postgrad,0.08824710257224529,0.1712203365856341,0.24105502241055027
SOLVPROBf_W41,education,Less than high school,High school graduate,0.469205585307944,0.31280372353862934,0.469205585307944
SOLVPROBf_W41,education,Less than high school,College graduate/some postgrad,0.3610985233919519,0.31280372353862934,0.469205585307944
SOLVPROBf_W41,education,High school graduate,College graduate/some postgrad,0.10810706191599208,0.31280372353862934,0.469205585307944
SOLVPROBg_W41,education,Less than high school,High school graduate,0.035747340000000016,0.16485404666666673,0.23704182000000007
SOLVPROBg_W41,education,Less than high school,College graduate/some postgrad,0.23704182000000007,0.16485404666666673,0.23704182000000007
SOLVPROBg_W41,education,High school graduate,College graduate/some postgrad,0.22177298000000012,0.16485404666666673,0.23704182000000007
SOLVPROBh_W41,education,Less than high school,High school graduate,0.23807273999271777,0.15871515999514518,0.23807273999271777
SOLVPROBh_W41,education,Less than high school,College graduate/some postgrad,0.03020452028748072,0.15871515999514518,0.23807273999271777
SOLVPROBh_W41,education,High school graduate,College graduate/some postgrad,0.20786821970523706,0.15871515999514518,0.23807273999271777
TALK_CPS_W29,education,Less than high school,High school graduate,0.36010290999999994,0.3576243249001954,0.5192473803103783
TALK_CPS_W29,education,Less than high school,College graduate/some postgrad,0.5192473803103783,0.3576243249001954,0.5192473803103783
TALK_CPS_W29,education,High school graduate,College graduate/some postgrad,0.19352268439020795,0.3576243249001954,0.5192473803103783
TRACKCO1a_W49,education,Less than high school,High school graduate,0.5730766799999998,0.6131407945777344,0.9197111918666018
TRACKCO1a_W49,education,Less than high school,College graduate/some postgrad,0.9197111918666018,0.6131407945777344,0.9197111918666018
TRACKCO1a_W49,education,High school graduate,College graduate/some postgrad,0.34663451186660194,0.6131407945777344,0.9197111918666018
TRACKCO1b_W49,education,Less than high school,High school graduate,0.6598681823922669,0.5483916860376968,0.7298164434281003
TRACKCO1b_W49,education,Less than high school,College graduate/some postgrad,0.7298164434281003,0.5483916860376968,0.7298164434281003
TRACKCO1b_W49,education,High school graduate,College graduate/some postgrad,0.2554904322927233,0.5483916860376968,0.7298164434281003
TRACKGOV1a_W49,education,Less than high school,High school graduate,0.24965539000000037,0.2687258779035616,0.3854581391568447
TRACKGOV1a_W49,education,Less than high school,College graduate/some postgrad,0.3854581391568447,0.2687258779035616,0.3854581391568447
TRACKGOV1a_W49,education,High school graduate,College graduate/some postgrad,0.17106410455383977,0.2687258779035616,0.3854581391568447
TRACKGOV1b_W49,education,Less than high school,High school graduate,0.225839889631406,0.22316266569491003,0.33474399854236503
TRACKGOV1b_W49,education,Less than high school,College graduate/some postgrad,0.33474399854236503,0.22316266569491003,0.33474399854236503
TRACKGOV1b_W49,education,High school graduate,College graduate/some postgrad,0.10890410891095904,0.22316266569491003,0.33474399854236503
TRAITBIZMF2C_W36,education,Less than high school,High school graduate,0.07385048500000005,0.15478434666666668,0.23217652000000003
TRAITBIZMF2C_W36,education,Less than high school,College graduate/some postgrad,0.23217652000000003,0.15478434666666668,0.23217652000000003
TRAITBIZMF2C_W36,education,High school graduate,College graduate/some postgrad,0.15832603499999998,0.15478434666666668,0.23217652000000003
TRAITBIZMF2D_W36,education,Less than high school,High school graduate,0.03077115500000005,0.060613526666666674,0.08892658499999995
TRAITBIZMF2D_W36,education,Less than high school,College graduate/some postgrad,0.08892658499999995,0.060613526666666674,0.08892658499999995
TRAITBIZMF2D_W36,education,High school graduate,College graduate/some postgrad,0.06214284000000003,0.060613526666666674,0.08892658499999995
TRAITBIZMF2E_W36,education,Less than high school,High school graduate,0.05353077345497631,0.10390221,0.155853315
TRAITBIZMF2E_W36,education,Less than high school,College graduate/some postgrad,0.155853315,0.10390221,0.155853315
TRAITBIZMF2E_W36,education,High school graduate,College graduate/some postgrad,0.10232254154502368,0.10390221,0.155853315
TRAITBIZMF2G_W36,education,Less than high school,High school graduate,0.10561951572052544,0.1715928804803503,0.25738932072052545
TRAITBIZMF2G_W36,education,Less than high school,College graduate/some postgrad,0.25738932072052545,0.1715928804803503,0.25738932072052545
TRAITBIZMF2G_W36,education,High school graduate,College graduate/some postgrad,0.15176980500000004,0.1715928804803503,0.25738932072052545
TRAITBIZWF2C_W36,education,Less than high school,High school graduate,0.09107823999999998,0.07495088333333333,0.10820214
TRAITBIZWF2C_W36,education,Less than high school,College graduate/some postgrad,0.10820214,0.07495088333333333,0.10820214
TRAITBIZWF2C_W36,education,High school graduate,College graduate/some postgrad,0.025572270000000008,0.07495088333333333,0.10820214
TRAITBIZWF2D_W36,education,Less than high school,High school graduate,0.08523307085233078,0.08376543573393298,0.12564815360089948
TRAITBIZWF2D_W36,education,Less than high school,College graduate/some postgrad,0.12564815360089948,0.08376543573393298,0.12564815360089948
TRAITBIZWF2D_W36,education,High school graduate,College graduate/some postgrad,0.0404150827485687,0.08376543573393298,0.12564815360089948
TRAITBIZWF2E_W36,education,Less than high school,High school graduate,0.19731897480828392,0.15321909889918914,0.19731897480828392
TRAITBIZWF2E_W36,education,Less than high school,College graduate/some postgrad,0.11137066188928349,0.15321909889918914,0.19731897480828392
TRAITBIZWF2E_W36,education,High school graduate,College graduate/some postgrad,0.15096765999999998,0.15321909889918914,0.19731897480828392
TRAITBIZWF2G_W36,education,Less than high school,High school graduate,0.13234181499999997,0.14283614666666666,0.207719555
TRAITBIZWF2G_W36,education,Less than high school,College graduate/some postgrad,0.207719555,0.14283614666666666,0.207719555
TRAITBIZWF2G_W36,education,High school graduate,College graduate/some postgrad,0.08844707000000002,0.14283614666666666,0.207719555
TRAITPOLMF1B_W36,education,Less than high school,High school graduate,0.06655798735617882,0.05012764823745256,0.06655798735617882
TRAITPOLMF1B_W36,education,Less than high school,College graduate/some postgrad,0.06175516235617878,0.05012764823745256,0.06655798735617882
TRAITPOLMF1B_W36,education,High school graduate,College graduate/some postgrad,0.022069795000000086,0.05012764823745256,0.06655798735617882
TRAITPOLMF1C_W36,education,Less than high school,High school graduate,0.08627227000000004,0.12694507000000008,0.1904176050000001
TRAITPOLMF1C_W36,education,Less than high school,College graduate/some postgrad,0.1904176050000001,0.12694507000000008,0.1904176050000001
TRAITPOLMF1C_W36,education,High school graduate,College graduate/some postgrad,0.10414533500000006,0.12694507000000008,0.1904176050000001
TRAITPOLMF1D_W36,education,Less than high school,High school graduate,0.14530889321200838,0.12182754880800556,0.18274132321200834
TRAITPOLMF1D_W36,education,Less than high school,College graduate/some postgrad,0.18274132321200834,0.12182754880800556,0.18274132321200834
TRAITPOLMF1D_W36,education,High school graduate,College graduate/some postgrad,0.03743242999999996,0.12182754880800556,0.18274132321200834
TRAITPOLMF1E_W36,education,Less than high school,High school graduate,0.17435534,0.1696903066666667,0.25453546000000005
TRAITPOLMF1E_W36,education,Less than high school,College graduate/some postgrad,0.25453546000000005,0.1696903066666667,0.25453546000000005
TRAITPOLMF1E_W36,education,High school graduate,College graduate/some postgrad,0.08018012000000008,0.1696903066666667,0.25453546000000005
TRAITPOLMF1F_W36,education,Less than high school,High school graduate,0.040704289999999976,0.039879453333333315,0.051280135000000004
TRAITPOLMF1F_W36,education,Less than high school,College graduate/some postgrad,0.027653934999999963,0.039879453333333315,0.051280135000000004
TRAITPOLMF1F_W36,education,High school graduate,College graduate/some postgrad,0.051280135000000004,0.039879453333333315,0.051280135000000004
TRAITPOLMF1G_W36,education,Less than high school,High school graduate,0.1471776707801821,0.14305721385345474,0.2145858207801821
TRAITPOLMF1G_W36,education,Less than high school,College graduate/some postgrad,0.2145858207801821,0.14305721385345474,0.2145858207801821
TRAITPOLMF1G_W36,education,High school graduate,College graduate/some postgrad,0.06740815,0.14305721385345474,0.2145858207801821
TRAITPOLWF1A_W36,education,Less than high school,High school graduate,0.11817442769393241,0.10064616534792042,0.15096924802188064
TRAITPOLWF1A_W36,education,Less than high school,College graduate/some postgrad,0.15096924802188064,0.10064616534792042,0.15096924802188064
TRAITPOLWF1A_W36,education,High school graduate,College graduate/some postgrad,0.032794820327948226,0.10064616534792042,0.15096924802188064
TRAITPOLWF1C_W36,education,Less than high school,High school graduate,0.17799829565173886,0.12116855754005444,0.17799829565173886
TRAITPOLWF1C_W36,education,Less than high school,College graduate/some postgrad,0.10376798263305637,0.12116855754005444,0.17799829565173886
TRAITPOLWF1C_W36,education,High school graduate,College graduate/some postgrad,0.08173939433536809,0.12116855754005444,0.17799829565173886
TRAITPOLWF1D_W36,education,Less than high school,High school graduate,0.19168816000000005,0.15880544000000005,0.22497858000000004
TRAITPOLWF1D_W36,education,Less than high school,College graduate/some postgrad,0.22497858000000004,0.15880544000000005,0.22497858000000004
TRAITPOLWF1D_W36,education,High school graduate,College graduate/some postgrad,0.059749580000000024,0.15880544000000005,0.22497858000000004
TRAITPOLWF1E_W36,education,Less than high school,High school graduate,0.07233004793510772,0.10935484529007178,0.14509445999999993
TRAITPOLWF1E_W36,education,Less than high school,College graduate/some postgrad,0.11064002793510769,0.10935484529007178,0.14509445999999993
TRAITPOLWF1E_W36,education,High school graduate,College graduate/some postgrad,0.14509445999999993,0.10935484529007178,0.14509445999999993
TRAITPOLWF1F_W36,education,Less than high school,High school graduate,0.06863678000000001,0.12079472666666667,0.18119209
TRAITPOLWF1F_W36,education,Less than high school,College graduate/some postgrad,0.18119209,0.12079472666666667,0.18119209
TRAITPOLWF1F_W36,education,High school graduate,College graduate/some postgrad,0.11255530999999999,0.12079472666666667,0.18119209
TRAITPOLWF1G_W36,education,Less than high school,High school graduate,0.05070609721814984,0.06844713147876653,0.08054452221814984
TRAITPOLWF1G_W36,education,Less than high school,College graduate/some postgrad,0.08054452221814984,0.06844713147876653,0.08054452221814984
TRAITPOLWF1G_W36,education,High school graduate,College graduate/some postgrad,0.07409077499999994,0.06844713147876653,0.08054452221814984
UNIMMIGCOMM_W92,education,Less than high school,High school graduate,0.15407844999999992,0.14157254347977136,0.18992817485775831
UNIMMIGCOMM_W92,education,Less than high school,College graduate/some postgrad,0.08071100558155589,0.14157254347977136,0.18992817485775831
UNIMMIGCOMM_W92,education,High school graduate,College graduate/some postgrad,0.18992817485775831,0.14157254347977136,0.18992817485775831
USEXCEPT_W92,education,Less than high school,High school graduate,0.06531394944223345,0.10786119999999998,0.16179179999999996
USEXCEPT_W92,education,Less than high school,College graduate/some postgrad,0.16179179999999996,0.10786119999999998,0.16179179999999996
USEXCEPT_W92,education,High school graduate,College graduate/some postgrad,0.0964778505577665,0.10786119999999998,0.16179179999999996
USMILSIZ_W92,education,Less than high school,High school graduate,0.0866890285422307,0.3345034042795545,0.46897811981800197
USMILSIZ_W92,education,Less than high school,College graduate/some postgrad,0.4478430644784308,0.3345034042795545,0.46897811981800197
USMILSIZ_W92,education,High school graduate,College graduate/some postgrad,0.46897811981800197,0.3345034042795545,0.46897811981800197
VALUERURAL_W32,education,Less than high school,High school graduate,0.13822697196923678,0.16807650416268125,0.2297361600000002
VALUERURAL_W32,education,Less than high school,College graduate/some postgrad,0.13626638051880674,0.16807650416268125,0.2297361600000002
VALUERURAL_W32,education,High school graduate,College graduate/some postgrad,0.2297361600000002,0.16807650416268125,0.2297361600000002
WHADVANT_W32,education,Less than high school,High school graduate,0.20307197000000016,0.32214497333333325,0.4832174599999999
WHADVANT_W32,education,Less than high school,College graduate/some postgrad,0.2801454899999997,0.32214497333333325,0.4832174599999999
WHADVANT_W32,education,High school graduate,College graduate/some postgrad,0.4832174599999999,0.32214497333333325,0.4832174599999999
WHADVANT_W92,education,Less than high school,High school graduate,0.28086482834149823,0.19768810349939014,0.28086482834149823
WHADVANT_W92,education,Less than high school,College graduate/some postgrad,0.06853893215667228,0.19768810349939014,0.28086482834149823
WHADVANT_W92,education,High school graduate,College graduate/some postgrad,0.24366054999999992,0.19768810349939014,0.28086482834149823
WHYNOTBIZF2A_W36,education,Less than high school,High school graduate,0.15590299999999996,0.12896117999999998,0.16585826999999997
WHYNOTBIZF2A_W36,education,Less than high school,College graduate/some postgrad,0.16585826999999997,0.12896117999999998,0.16585826999999997
WHYNOTBIZF2A_W36,education,High school graduate,College graduate/some postgrad,0.06512226999999998,0.12896117999999998,0.16585826999999997
WHYNOTBIZF2B_W36,education,Less than high school,High school graduate,0.13005012000000005,0.20783739999999995,0.3048853299999999
WHYNOTBIZF2B_W36,education,Less than high school,College graduate/some postgrad,0.3048853299999999,0.20783739999999995,0.3048853299999999
WHYNOTBIZF2B_W36,education,High school graduate,College graduate/some postgrad,0.1885767499999999,0.20783739999999995,0.3048853299999999
WHYNOTBIZF2D_W36,education,Less than high school,High school graduate,0.046464670000000055,0.1007797066666667,0.15116956000000006
WHYNOTBIZF2D_W36,education,Less than high school,College graduate/some postgrad,0.10470489000000001,0.1007797066666667,0.15116956000000006
WHYNOTBIZF2D_W36,education,High school graduate,College graduate/some postgrad,0.15116956000000006,0.1007797066666667,0.15116956000000006
WHYNOTBIZF2F_W36,education,Less than high school,High school graduate,0.21303684559181366,0.24014647529090508,0.36021971293635763
WHYNOTBIZF2F_W36,education,Less than high school,College graduate/some postgrad,0.36021971293635763,0.24014647529090508,0.36021971293635763
WHYNOTBIZF2F_W36,education,High school graduate,College graduate/some postgrad,0.147182867344544,0.24014647529090508,0.36021971293635763
WHYNOTBIZF2G_W36,education,Less than high school,High school graduate,0.23475655999999984,0.1886215733333333,0.28293235999999994
WHYNOTBIZF2G_W36,education,Less than high school,College graduate/some postgrad,0.28293235999999994,0.1886215733333333,0.28293235999999994
WHYNOTBIZF2G_W36,education,High school graduate,College graduate/some postgrad,0.0481758000000001,0.1886215733333333,0.28293235999999994
WHYNOTBIZF2H_W36,education,Less than high school,High school graduate,0.15703179516860155,0.10468786344573437,0.15703179516860155
WHYNOTBIZF2H_W36,education,Less than high school,College graduate/some postgrad,0.00994491516860152,0.10468786344573437,0.15703179516860155
WHYNOTBIZF2H_W36,education,High school graduate,College graduate/some postgrad,0.14708688000000003,0.10468786344573437,0.15703179516860155
WHYNOTBIZF2J_W36,education,Less than high school,High school graduate,0.15770055801204302,0.1326663933333333,0.19899958999999995
WHYNOTBIZF2J_W36,education,Less than high school,College graduate/some postgrad,0.19899958999999995,0.1326663933333333,0.19899958999999995
WHYNOTBIZF2J_W36,education,High school graduate,College graduate/some postgrad,0.041299031987956925,0.1326663933333333,0.19899958999999995
WHYNOTBIZF2M_W36,education,Less than high school,High school graduate,0.17358354759621308,0.12382532506414205,0.1740050575962131
WHYNOTBIZF2M_W36,education,Less than high school,College graduate/some postgrad,0.023887369999999963,0.12382532506414205,0.1740050575962131
WHYNOTBIZF2M_W36,education,High school graduate,College graduate/some postgrad,0.1740050575962131,0.12382532506414205,0.1740050575962131
WHYNOTBIZF2N_W36,education,Less than high school,High school graduate,0.1573535584264645,0.19782219108312912,0.29673328662469367
WHYNOTBIZF2N_W36,education,Less than high school,College graduate/some postgrad,0.29673328662469367,0.19782219108312912,0.29673328662469367
WHYNOTBIZF2N_W36,education,High school graduate,College graduate/some postgrad,0.13937972819822914,0.19782219108312912,0.29673328662469367
WHYNOTBIZF2O_W36,education,Less than high school,High school graduate,0.15267189317922703,0.16173945168287232,0.19171428000000007
WHYNOTBIZF2O_W36,education,Less than high school,College graduate/some postgrad,0.19171428000000007,0.16173945168287232,0.19171428000000007
WHYNOTBIZF2O_W36,education,High school graduate,College graduate/some postgrad,0.1408321818693899,0.16173945168287232,0.19171428000000007
WHYNOTPOLF1A_W36,education,Less than high school,High school graduate,0.09761171140213049,0.20464890666666669,0.30697336000000003
WHYNOTPOLF1A_W36,education,Less than high school,College graduate/some postgrad,0.30697336000000003,0.20464890666666669,0.30697336000000003
WHYNOTPOLF1A_W36,education,High school graduate,College graduate/some postgrad,0.20936164859786954,0.20464890666666669,0.30697336000000003
WHYNOTPOLF1B_W36,education,Less than high school,High school graduate,0.09715990902840088,0.18925192077013417,0.27244382126954186
WHYNOTPOLF1B_W36,education,Less than high school,College graduate/some postgrad,0.19815203201245973,0.18925192077013417,0.27244382126954186
WHYNOTPOLF1B_W36,education,High school graduate,College graduate/some postgrad,0.27244382126954186,0.18925192077013417,0.27244382126954186
WHYNOTPOLF1C_W36,education,Less than high school,High school graduate,0.11265651879219485,0.07510434586146324,0.11265651879219485
WHYNOTPOLF1C_W36,education,Less than high school,College graduate/some postgrad,0.010015680000000027,0.07510434586146324,0.11265651879219485
WHYNOTPOLF1C_W36,education,High school graduate,College graduate/some postgrad,0.10264083879219482,0.07510434586146324,0.11265651879219485
WHYNOTPOLF1E_W36,education,Less than high school,High school graduate,0.17044727000000007,0.20364354489377653,0.3054653173406648
WHYNOTPOLF1E_W36,education,Less than high school,College graduate/some postgrad,0.3054653173406648,0.20364354489377653,0.3054653173406648
WHYNOTPOLF1E_W36,education,High school graduate,College graduate/some postgrad,0.13501804734066472,0.20364354489377653,0.3054653173406648
WHYNOTPOLF1G_W36,education,Less than high school,High school graduate,0.15052703000000012,0.1462656399999999,0.21939845999999985
WHYNOTPOLF1G_W36,education,Less than high school,College graduate/some postgrad,0.06887142999999973,0.1462656399999999,0.21939845999999985
WHYNOTPOLF1G_W36,education,High school graduate,College graduate/some postgrad,0.21939845999999985,0.1462656399999999,0.21939845999999985
WHYNOTPOLF1I_W36,education,Less than high school,High school graduate,0.03357771999999998,0.027862860000000007,0.040065119999999954
WHYNOTPOLF1I_W36,education,Less than high school,College graduate/some postgrad,0.040065119999999954,0.027862860000000007,0.040065119999999954
WHYNOTPOLF1I_W36,education,High school graduate,College graduate/some postgrad,0.009945740000000092,0.027862860000000007,0.040065119999999954
WHYNOTPOLF1J_W36,education,Less than high school,High school graduate,0.14704984000000015,0.23122433786775765,0.34683650680163647
WHYNOTPOLF1J_W36,education,Less than high school,College graduate/some postgrad,0.34683650680163647,0.23122433786775765,0.34683650680163647
WHYNOTPOLF1J_W36,education,High school graduate,College graduate/some postgrad,0.19978666680163631,0.23122433786775765,0.34683650680163647
WHYNOTPOLF1K_W36,education,Less than high school,High school graduate,0.12803968608106747,0.13536440000437577,0.20176609861548628
WHYNOTPOLF1K_W36,education,Less than high school,College graduate/some postgrad,0.20176609861548628,0.13536440000437577,0.20176609861548628
WHYNOTPOLF1K_W36,education,High school graduate,College graduate/some postgrad,0.07628741531657357,0.13536440000437577,0.20176609861548628
WHYNOTPOLF1L_W36,education,Less than high school,High school graduate,0.08920837556676942,0.09277773239940235,0.09794461452059311
WHYNOTPOLF1L_W36,education,Less than high school,College graduate/some postgrad,0.09118020711084451,0.09277773239940235,0.09794461452059311
WHYNOTPOLF1L_W36,education,High school graduate,College graduate/some postgrad,0.09794461452059311,0.09277773239940235,0.09794461452059311
WILLMOVE_W32,education,Less than high school,High school graduate,0.060647969999999995,0.21972870000000003,0.32959305000000005
WILLMOVE_W32,education,Less than high school,College graduate/some postgrad,0.32959305000000005,0.21972870000000003,0.32959305000000005
WILLMOVE_W32,education,High school graduate,College graduate/some postgrad,0.26894508000000006,0.21972870000000003,0.32959305000000005
WMNPRZ1_W36,education,Less than high school,High school graduate,0.11203922564244206,0.26854211535757183,0.35947936
WMNPRZ1_W36,education,Less than high school,College graduate/some postgrad,0.35947936,0.26854211535757183,0.35947936
WMNPRZ1_W36,education,High school graduate,College graduate/some postgrad,0.33410776043027346,0.26854211535757183,0.35947936
WORRY2a_W54,education,Less than high school,High school graduate,0.48634974747348947,0.5796066191306058,0.8694099286959087
WORRY2a_W54,education,Less than high school,College graduate/some postgrad,0.8694099286959087,0.5796066191306058,0.8694099286959087
WORRY2a_W54,education,High school graduate,College graduate/some postgrad,0.38306018122241925,0.5796066191306058,0.8694099286959087
WORRY2b_W54,education,Less than high school,High school graduate,0.6179158829650546,0.5772035681462637,0.8408815400000003
WORRY2b_W54,education,Less than high school,College graduate/some postgrad,0.8408815400000003,0.5772035681462637,0.8408815400000003
WORRY2b_W54,education,High school graduate,College graduate/some postgrad,0.2728132814737363,0.5772035681462637,0.8408815400000003
WORRY2c_W54,education,Less than high school,High school graduate,0.5990620641004951,0.8027127933333332,1.2040691899999998
WORRY2c_W54,education,Less than high school,College graduate/some postgrad,1.2040691899999998,0.8027127933333332,1.2040691899999998
WORRY2c_W54,education,High school graduate,College graduate/some postgrad,0.6050071258995048,0.8027127933333332,1.2040691899999998
WORRY2d_W54,education,Less than high school,High school graduate,0.47583294635921003,0.5421706331556265,0.8008678496095586
WORRY2d_W54,education,Less than high school,College graduate/some postgrad,0.8008678496095586,0.5421706331556265,0.8008678496095586
WORRY2d_W54,education,High school graduate,College graduate/some postgrad,0.34981110349811084,0.5421706331556265,0.8008678496095586
WORRY2e_W54,education,Less than high school,High school graduate,0.21560629292236827,0.33732743772203344,0.485100668469119
WORRY2e_W54,education,Less than high school,College graduate/some postgrad,0.485100668469119,0.33732743772203344,0.485100668469119
WORRY2e_W54,education,High school graduate,College graduate/some postgrad,0.31127535177461296,0.33732743772203344,0.485100668469119
WORRYBILL_W29,education,Less than high school,High school graduate,0.2093785229904741,0.4532908399999998,0.6799362599999997
WORRYBILL_W29,education,Less than high school,College graduate/some postgrad,0.6799362599999997,0.4532908399999998,0.6799362599999997
WORRYBILL_W29,education,High school graduate,College graduate/some postgrad,0.47055773700952563,0.4532908399999998,0.6799362599999997
WORRYB_W26,education,Less than high school,High school graduate,0.06187659000000001,0.2933454700473399,0.43850723507100986
WORRYB_W26,education,Less than high school,College graduate/some postgrad,0.37965258507100985,0.2933454700473399,0.43850723507100986
WORRYB_W26,education,High school graduate,College graduate/some postgrad,0.43850723507100986,0.2933454700473399,0.43850723507100986
WORRYD_W26,education,Less than high school,High school graduate,0.21391977999999995,0.32981056,0.49471583999999996
WORRYD_W26,education,Less than high school,College graduate/some postgrad,0.49471583999999996,0.32981056,0.49471583999999996
WORRYD_W26,education,High school graduate,College graduate/some postgrad,0.28079606,0.32981056,0.49471583999999996
WORRYE_W26,education,Less than high school,High school graduate,0.38794884,0.38858107091851624,0.5828716063777744
WORRYE_W26,education,Less than high school,College graduate/some postgrad,0.5828716063777744,0.38858107091851624,0.5828716063777744
WORRYE_W26,education,High school graduate,College graduate/some postgrad,0.1949227663777744,0.38858107091851624,0.5828716063777744
WORRYF_W26,education,Less than high school,High school graduate,0.4347102300000001,0.4209255933333333,0.6313883899999999
WORRYF_W26,education,Less than high school,College graduate/some postgrad,0.6313883899999999,0.4209255933333333,0.6313883899999999
WORRYF_W26,education,High school graduate,College graduate/some postgrad,0.19667815999999994,0.4209255933333333,0.6313883899999999
AUTOLKLY_W41,socioeco,"Less than $30,000","$100,000 or more",0.5842882443009803,0.5842882443009803,0.5842882443009803
AUTOWKPLC_W41,socioeco,"Less than $30,000","$100,000 or more",0.06051081500000005,0.06051081500000005,0.06051081500000005
BENEFITGOV_W49,socioeco,"Less than $30,000","$100,000 or more",0.23874836999999996,0.23874836999999996,0.23874836999999996
BETTERBIZ1F2D_W36,socioeco,"Less than $30,000","$100,000 or more",0.060416266406510544,0.060416266406510544,0.060416266406510544
BETTERBIZ1F2E_W36,socioeco,"Less than $30,000","$100,000 or more",0.08989537499999997,0.08989537499999997,0.08989537499999997
BETTERBIZ1F2H_W36,socioeco,"Less than $30,000","$100,000 or more",0.05310815791955001,0.05310815791955001,0.05310815791955001
BETTERBIZ2F2C_W36,socioeco,"Less than $30,000","$100,000 or more",0.08396168499999998,0.08396168499999998,0.08396168499999998
BETTERBIZ2F2E_W36,socioeco,"Less than $30,000","$100,000 or more",0.05405074500000004,0.05405074500000004,0.05405074500000004
BETTERBIZ2F2F_W36,socioeco,"Less than $30,000","$100,000 or more",0.04324040000000004,0.04324040000000004,0.04324040000000004
BETTERPOL1F1B_W36,socioeco,"Less than $30,000","$100,000 or more",0.0669808,0.0669808,0.0669808
BETTERPOL1F1E_W36,socioeco,"Less than $30,000","$100,000 or more",0.03602598000000001,0.03602598000000001,0.03602598000000001
BETTERPOL1F1I_W36,socioeco,"Less than $30,000","$100,000 or more",0.028985945000000016,0.028985945000000016,0.028985945000000016
BETTERPOL2F1A_W36,socioeco,"Less than $30,000","$100,000 or more",0.07717558006833744,0.07717558006833744,0.07717558006833744
BETTERPOL2F1C_W36,socioeco,"Less than $30,000","$100,000 or more",0.03780051999999997,0.03780051999999997,0.03780051999999997
BETTERPOL2F1D_W36,socioeco,"Less than $30,000","$100,000 or more",0.041779992802059296,0.041779992802059296,0.041779992802059296
BETTERPOL2F1F_W36,socioeco,"Less than $30,000","$100,000 or more",0.08465948915340514,0.08465948915340514,0.08465948915340514
BILLION_W92,socioeco,"Less than $30,000","$100,000 or more",0.02978101938608066,0.02978101938608066,0.02978101938608066
BOYSF1B_W29,socioeco,"Less than $30,000","$100,000 or more",0.031561885,0.031561885,0.031561885
CANDEXP_W92,socioeco,"Less than $30,000","$100,000 or more",0.38432546343560103,0.38432546343560103,0.38432546343560103
CARRYGUN_W26,socioeco,"Less than $30,000","$100,000 or more",0.2880934599999999,0.2880934599999999,0.2880934599999999
CLASS_W32,socioeco,"Less than $30,000","$100,000 or more",1.1672827040469576,1.1672827040469576,1.1672827040469576
COHABDUR_W50,socioeco,"Less than $30,000","$100,000 or more",0.2885594546356548,0.2885594546356548,0.2885594546356548
COMMIMPA_W32,socioeco,"Less than $30,000","$100,000 or more",0.09287370789168559,0.09287370789168559,0.09287370789168559
COMMIMPB_W32,socioeco,"Less than $30,000","$100,000 or more",0.026607140000000085,0.026607140000000085,0.026607140000000085
COMMIMPC_W32,socioeco,"Less than $30,000","$100,000 or more",0.09864426763545789,0.09864426763545789,0.09864426763545789
COMMIMPF_W32,socioeco,"Less than $30,000","$100,000 or more",0.21057993999999997,0.21057993999999997,0.21057993999999997
COMMIMPG_W32,socioeco,"Less than $30,000","$100,000 or more",0.08654338073068257,0.08654338073068257,0.08654338073068257
COMMIMPH_W32,socioeco,"Less than $30,000","$100,000 or more",0.22760973912283802,0.22760973912283802,0.22760973912283802
COMMYRS_W32,socioeco,"Less than $30,000","$100,000 or more",0.21699426688606432,0.21699426688606432,0.21699426688606432
CONCERNCO_W49,socioeco,"Less than $30,000","$100,000 or more",0.16179117000000026,0.16179117000000026,0.16179117000000026
CONCERNGRPa_W49,socioeco,"Less than $30,000","$100,000 or more",0.2061189199358142,0.2061189199358142,0.2061189199358142
CONCERNGRPc_W49,socioeco,"Less than $30,000","$100,000 or more",0.04203335000000008,0.04203335000000008,0.04203335000000008
CONFb_W42,socioeco,"Less than $30,000","$100,000 or more",0.060597954437416765,0.060597954437416765,0.060597954437416765
CONFc_W42,socioeco,"Less than $30,000","$100,000 or more",0.10298426148798856,0.10298426148798856,0.10298426148798856
CONFe_W42,socioeco,"Less than $30,000","$100,000 or more",0.05187860830558169,0.05187860830558169,0.05187860830558169
CONFg_W42,socioeco,"Less than $30,000","$100,000 or more",0.07518952000000004,0.07518952000000004,0.07518952000000004
CONTROLCO_W49,socioeco,"Less than $30,000","$100,000 or more",0.09815530591680234,0.09815530591680234,0.09815530591680234
CONTROLGRPc_W49,socioeco,"Less than $30,000","$100,000 or more",0.21806317000000008,0.21806317000000008,0.21806317000000008
DATAUSEd_W49,socioeco,"Less than $30,000","$100,000 or more",0.10265790999999996,0.10265790999999996,0.10265790999999996
DNA2b_W50,socioeco,"Less than $30,000","$100,000 or more",0.000849690000000014,0.000849690000000014,0.000849690000000014
DNA5_W50,socioeco,"Less than $30,000","$100,000 or more",0.12083113000000001,0.12083113000000001,0.12083113000000001
E5MOD_W50,socioeco,"Less than $30,000","$100,000 or more",0.27614361000000004,0.27614361000000004,0.27614361000000004
E5_W36,socioeco,"Less than $30,000","$100,000 or more",0.43779327999999995,0.43779327999999995,0.43779327999999995
EAT1_W34,socioeco,"Less than $30,000","$100,000 or more",0.2905723400000001,0.2905723400000001,0.2905723400000001
EAT2_W34,socioeco,"Less than $30,000","$100,000 or more",0.44699933016499543,0.44699933016499543,0.44699933016499543
EAT5B_W34,socioeco,"Less than $30,000","$100,000 or more",0.23478514999999997,0.23478514999999997,0.23478514999999997
EAT5C_W34,socioeco,"Less than $30,000","$100,000 or more",0.23599255000000008,0.23599255000000008,0.23599255000000008
EAT5D_W34,socioeco,"Less than $30,000","$100,000 or more",0.13057742130577418,0.13057742130577418,0.13057742130577418
ECIMPg_W54,socioeco,"Less than $30,000","$100,000 or more",0.06784801067848012,0.06784801067848012,0.06784801067848012
ECON1_W54,socioeco,"Less than $30,000","$100,000 or more",0.5619514684883411,0.5619514684883411,0.5619514684883411
ECON3_d_W54,socioeco,"Less than $30,000","$100,000 or more",0.2537989900000002,0.2537989900000002,0.2537989900000002
ECON4_a_W54,socioeco,"Less than $30,000","$100,000 or more",0.3484762800000001,0.3484762800000001,0.3484762800000001
ECON4_b_W54,socioeco,"Less than $30,000","$100,000 or more",0.507372578023004,0.507372578023004,0.507372578023004
ECON4_e_W54,socioeco,"Less than $30,000","$100,000 or more",0.22006970336273046,0.22006970336273046,0.22006970336273046
ECON4_f_W54,socioeco,"Less than $30,000","$100,000 or more",0.67039652,0.67039652,0.67039652
ECON4_g_W54,socioeco,"Less than $30,000","$100,000 or more",0.5931240799999999,0.5931240799999999,0.5931240799999999
ECON5_b_W54,socioeco,"Less than $30,000","$100,000 or more",0.331065515,0.331065515,0.331065515
ECON5_c_W54,socioeco,"Less than $30,000","$100,000 or more",0.12171481355715412,0.12171481355715412,0.12171481355715412
ECON5_d_W54,socioeco,"Less than $30,000","$100,000 or more",0.36696204500000007,0.36696204500000007,0.36696204500000007
ECON5_e_W54,socioeco,"Less than $30,000","$100,000 or more",0.3131018499999999,0.3131018499999999,0.3131018499999999
ECON5_f_W54,socioeco,"Less than $30,000","$100,000 or more",0.1336124545474678,0.1336124545474678,0.1336124545474678
ECON5_g_W54,socioeco,"Less than $30,000","$100,000 or more",0.2962558049999997,0.2962558049999997,0.2962558049999997
ECON5_h_W54,socioeco,"Less than $30,000","$100,000 or more",0.26351146736488534,0.26351146736488534,0.26351146736488534
ECON5_i_W54,socioeco,"Less than $30,000","$100,000 or more",0.16578209,0.16578209,0.16578209
ECON5_j_W54,socioeco,"Less than $30,000","$100,000 or more",0.3334647499999999,0.3334647499999999,0.3334647499999999
ECON5_k_W54,socioeco,"Less than $30,000","$100,000 or more",0.3028320295105402,0.3028320295105402,0.3028320295105402
ELECT_CONF3_PRVFR_W92,socioeco,"Less than $30,000","$100,000 or more",0.07665973000000004,0.07665973000000004,0.07665973000000004
ELECT_CONF3_PRVSUP_W92,socioeco,"Less than $30,000","$100,000 or more",0.014177215914685126,0.014177215914685126,0.014177215914685126
ELECT_IMPT3_PRVFR_W92,socioeco,"Less than $30,000","$100,000 or more",0.21337091775522177,0.21337091775522177,0.21337091775522177
ESSENBIZF2E_W36,socioeco,"Less than $30,000","$100,000 or more",0.08600579510109141,0.08600579510109141,0.08600579510109141
ESSENBIZF2J_W36,socioeco,"Less than $30,000","$100,000 or more",0.25163483000000003,0.25163483000000003,0.25163483000000003
ESSENPOLF1A_W36,socioeco,"Less than $30,000","$100,000 or more",0.17553441000000014,0.17553441000000014,0.17553441000000014
ESSENPOLF1B_W36,socioeco,"Less than $30,000","$100,000 or more",0.12017668660826408,0.12017668660826408,0.12017668660826408
ESSENPOLF1D_W36,socioeco,"Less than $30,000","$100,000 or more",0.19153513,0.19153513,0.19153513
ESSENPOLF1G_W36,socioeco,"Less than $30,000","$100,000 or more",0.10835326000000006,0.10835326000000006,0.10835326000000006
ESSENPOLF1H_W36,socioeco,"Less than $30,000","$100,000 or more",0.11607464000000012,0.11607464000000012,0.11607464000000012
ETHNCMAJMOD_W41,socioeco,"Less than $30,000","$100,000 or more",0.09486652000000015,0.09486652000000015,0.09486652000000015
ETHNCMAJ_W32,socioeco,"Less than $30,000","$100,000 or more",0.038640262149933116,0.038640262149933116,0.038640262149933116
EVOBIOA_W34,socioeco,"Less than $30,000","$100,000 or more",0.26846758000000004,0.26846758000000004,0.26846758000000004
EVOBIOB_W34,socioeco,"Less than $30,000","$100,000 or more",0.19501971000000007,0.19501971000000007,0.19501971000000007
EVOPERS3_W34,socioeco,"Less than $30,000","$100,000 or more",0.2571466242575407,0.2571466242575407,0.2571466242575407
EVOTHREE_W34,socioeco,"Less than $30,000","$100,000 or more",0.10935358000000006,0.10935358000000006,0.10935358000000006
FACE3c_W49,socioeco,"Less than $30,000","$100,000 or more",0.09007282332476352,0.09007282332476352,0.09007282332476352
FAMSURV10c_W50,socioeco,"Less than $30,000","$100,000 or more",0.54169700458303,0.54169700458303,0.54169700458303
FAMSURV16_W50,socioeco,"Less than $30,000","$100,000 or more",0.012576359999999981,0.012576359999999981,0.012576359999999981
FAMSURV1_W50,socioeco,"Less than $30,000","$100,000 or more",0.23085755000000008,0.23085755000000008,0.23085755000000008
FAMSURV20_W50,socioeco,"Less than $30,000","$100,000 or more",0.16529019,0.16529019,0.16529019
FAMSURV23b_W50,socioeco,"Less than $30,000","$100,000 or more",0.26873290964451724,0.26873290964451724,0.26873290964451724
FAMSURV23c_W50,socioeco,"Less than $30,000","$100,000 or more",0.34695295000000004,0.34695295000000004,0.34695295000000004
FAMSURV23d_W50,socioeco,"Less than $30,000","$100,000 or more",0.22394044999999999,0.22394044999999999,0.22394044999999999
FAMSURV23e_W50,socioeco,"Less than $30,000","$100,000 or more",0.18655973923904706,0.18655973923904706,0.18655973923904706
FAMSURV23f_W50,socioeco,"Less than $30,000","$100,000 or more",0.17203301899098583,0.17203301899098583,0.17203301899098583
FAMSURV23g_W50,socioeco,"Less than $30,000","$100,000 or more",0.08132022999999997,0.08132022999999997,0.08132022999999997
FAMSURV26a_W50,socioeco,"Less than $30,000","$100,000 or more",0.10111904514972142,0.10111904514972142,0.10111904514972142
FAMSURV26b_W50,socioeco,"Less than $30,000","$100,000 or more",0.04211756275137811,0.04211756275137811,0.04211756275137811
FAMSURV26c_W50,socioeco,"Less than $30,000","$100,000 or more",0.17925477184455071,0.17925477184455071,0.17925477184455071
FAMSURV26d_W50,socioeco,"Less than $30,000","$100,000 or more",0.25595823999999995,0.25595823999999995,0.25595823999999995
FAMSURV29_W50,socioeco,"Less than $30,000","$100,000 or more",0.07915476999999993,0.07915476999999993,0.07915476999999993
FAMSURV2Ma_W50,socioeco,"Less than $30,000","$100,000 or more",0.10639393999999996,0.10639393999999996,0.10639393999999996
FAMSURV2Mc_W50,socioeco,"Less than $30,000","$100,000 or more",0.09708546999999987,0.09708546999999987,0.09708546999999987
FAMSURV2Wa_W50,socioeco,"Less than $30,000","$100,000 or more",0.1212305600000001,0.1212305600000001,0.1212305600000001
FAMSURV2Wc_W50,socioeco,"Less than $30,000","$100,000 or more",0.08647343962300905,0.08647343962300905,0.08647343962300905
FAMSURV32e_W50,socioeco,"Less than $30,000","$100,000 or more",0.3560186200000001,0.3560186200000001,0.3560186200000001
FAMSURV39_W50,socioeco,"Less than $30,000","$100,000 or more",0.03116163915151085,0.03116163915151085,0.03116163915151085
FAMSURV3_W50,socioeco,"Less than $30,000","$100,000 or more",0.11734101471693636,0.11734101471693636,0.11734101471693636
FAMSURV40_W50,socioeco,"Less than $30,000","$100,000 or more",0.4512988865625954,0.4512988865625954,0.4512988865625954
FAMSURV43_W50,socioeco,"Less than $30,000","$100,000 or more",0.06659576999999994,0.06659576999999994,0.06659576999999994
FAMSURV44_W50,socioeco,"Less than $30,000","$100,000 or more",0.2935650958466014,0.2935650958466014,0.2935650958466014
FAMSURV6_W50,socioeco,"Less than $30,000","$100,000 or more",0.1439479124105139,0.1439479124105139,0.1439479124105139
FAMSURV9c_W50,socioeco,"Less than $30,000","$100,000 or more",0.62580691,0.62580691,0.62580691
FATHER_W50,socioeco,"Less than $30,000","$100,000 or more",0.055669409999999975,0.055669409999999975,0.055669409999999975
FAVORS_CPS_W29,socioeco,"Less than $30,000","$100,000 or more",0.31190621735643537,0.31190621735643537,0.31190621735643537
FEM2_W29,socioeco,"Less than $30,000","$100,000 or more",0.19331657225602067,0.19331657225602067,0.19331657225602067
FIN_SIT_W54,socioeco,"Less than $30,000","$100,000 or more",1.34897585,1.34897585,1.34897585
FREECOLL_W92,socioeco,"Less than $30,000","$100,000 or more",0.7192056458643618,0.7192056458643618,0.7192056458643618
FTRWORRYc_W41,socioeco,"Less than $30,000","$100,000 or more",0.18645142442448887,0.18645142442448887,0.18645142442448887
FTRWORRYe_W41,socioeco,"Less than $30,000","$100,000 or more",0.05497590000000002,0.05497590000000002,0.05497590000000002
FTRWORRYf_W41,socioeco,"Less than $30,000","$100,000 or more",0.10319858896801376,0.10319858896801376,0.10319858896801376
FUD22_W34,socioeco,"Less than $30,000","$100,000 or more",0.34368985631189586,0.34368985631189586,0.34368985631189586
FUD24_W34,socioeco,"Less than $30,000","$100,000 or more",0.04042640000000006,0.04042640000000006,0.04042640000000006
FUD33B_W34,socioeco,"Less than $30,000","$100,000 or more",0.05287582714442343,0.05287582714442343,0.05287582714442343
FUD35_W34,socioeco,"Less than $30,000","$100,000 or more",0.15381768163429804,0.15381768163429804,0.15381768163429804
FUD37A_W34,socioeco,"Less than $30,000","$100,000 or more",0.25792945999999994,0.25792945999999994,0.25792945999999994
FUD37B_W34,socioeco,"Less than $30,000","$100,000 or more",0.46931130073193594,0.46931130073193594,0.46931130073193594
FUD37C_W34,socioeco,"Less than $30,000","$100,000 or more",0.28243394838998703,0.28243394838998703,0.28243394838998703
FUTRCLASSb_W41,socioeco,"Less than $30,000","$100,000 or more",0.08692977586929768,0.08692977586929768,0.08692977586929768
FUTRCLASSc_W41,socioeco,"Less than $30,000","$100,000 or more",0.10139810500000002,0.10139810500000002,0.10139810500000002
FUTR_DIV_W41,socioeco,"Less than $30,000","$100,000 or more",0.05734758264673562,0.05734758264673562,0.05734758264673562
GAP21Q10_W82,socioeco,"Less than $30,000","$100,000 or more",0.07834156205409082,0.07834156205409082,0.07834156205409082
GAP21Q13_b_W82,socioeco,"Less than $30,000","$100,000 or more",0.20093659200936592,0.20093659200936592,0.20093659200936592
GAP21Q15_a_W82,socioeco,"Less than $30,000","$100,000 or more",0.1259874299999999,0.1259874299999999,0.1259874299999999
GAP21Q15_b_W82,socioeco,"Less than $30,000","$100,000 or more",0.44796585000000005,0.44796585000000005,0.44796585000000005
GAP21Q15_c_W82,socioeco,"Less than $30,000","$100,000 or more",0.396505847441714,0.396505847441714,0.396505847441714
GAP21Q15_d_W82,socioeco,"Less than $30,000","$100,000 or more",0.4573719599999995,0.4573719599999995,0.4573719599999995
GAP21Q15_e_W82,socioeco,"Less than $30,000","$100,000 or more",0.39282520436615126,0.39282520436615126,0.39282520436615126
GAP21Q15_f_W82,socioeco,"Less than $30,000","$100,000 or more",0.4337469281471086,0.4337469281471086,0.4337469281471086
GAP21Q17_W82,socioeco,"Less than $30,000","$100,000 or more",0.13493914000000007,0.13493914000000007,0.13493914000000007
GAP21Q19_a_W82,socioeco,"Less than $30,000","$100,000 or more",0.05532597234226799,0.05532597234226799,0.05532597234226799
GAP21Q19_b_W82,socioeco,"Less than $30,000","$100,000 or more",0.12458802229797714,0.12458802229797714,0.12458802229797714
GAP21Q19_c_W82,socioeco,"Less than $30,000","$100,000 or more",0.29524796,0.29524796,0.29524796
GAP21Q19_d_W82,socioeco,"Less than $30,000","$100,000 or more",0.5132924700000001,0.5132924700000001,0.5132924700000001
GAP21Q19_e_W82,socioeco,"Less than $30,000","$100,000 or more",0.27126272286706676,0.27126272286706676,0.27126272286706676
GAP21Q21_a_W82,socioeco,"Less than $30,000","$100,000 or more",0.3647694075765889,0.3647694075765889,0.3647694075765889
GAP21Q21_e_W82,socioeco,"Less than $30,000","$100,000 or more",0.24190151000000013,0.24190151000000013,0.24190151000000013
GAP21Q23_W82,socioeco,"Less than $30,000","$100,000 or more",0.2773122800000001,0.2773122800000001,0.2773122800000001
GAP21Q24_W82,socioeco,"Less than $30,000","$100,000 or more",0.11249851000000005,0.11249851000000005,0.11249851000000005
GAP21Q25_W82,socioeco,"Less than $30,000","$100,000 or more",0.127366656104614,0.127366656104614,0.127366656104614
GAP21Q26_a_W82,socioeco,"Less than $30,000","$100,000 or more",0.2012450600000001,0.2012450600000001,0.2012450600000001
GAP21Q26_b_W82,socioeco,"Less than $30,000","$100,000 or more",0.08583910250991147,0.08583910250991147,0.08583910250991147
GAP21Q26_c_W82,socioeco,"Less than $30,000","$100,000 or more",0.2926978,0.2926978,0.2926978
GAP21Q27_W82,socioeco,"Less than $30,000","$100,000 or more",0.03222672499999993,0.03222672499999993,0.03222672499999993
GAP21Q28_W82,socioeco,"Less than $30,000","$100,000 or more",0.15857010437166036,0.15857010437166036,0.15857010437166036
GAP21Q31_W82,socioeco,"Less than $30,000","$100,000 or more",0.12291163999999982,0.12291163999999982,0.12291163999999982
GAP21Q32_W82,socioeco,"Less than $30,000","$100,000 or more",0.2688368,0.2688368,0.2688368
GAP21Q33_c_W82,socioeco,"Less than $30,000","$100,000 or more",0.1520285988090418,0.1520285988090418,0.1520285988090418
GAP21Q33_g_W82,socioeco,"Less than $30,000","$100,000 or more",0.07489342000000004,0.07489342000000004,0.07489342000000004
GAP21Q33_i_W82,socioeco,"Less than $30,000","$100,000 or more",0.07720334708349519,0.07720334708349519,0.07720334708349519
GAP21Q33_j_W82,socioeco,"Less than $30,000","$100,000 or more",0.13679509999999995,0.13679509999999995,0.13679509999999995
GAP21Q33_m_W82,socioeco,"Less than $30,000","$100,000 or more",0.04198813315119898,0.04198813315119898,0.04198813315119898
GAP21Q33_n_W82,socioeco,"Less than $30,000","$100,000 or more",0.0688515921431404,0.0688515921431404,0.0688515921431404
GAP21Q33_q_W82,socioeco,"Less than $30,000","$100,000 or more",0.11704079999999989,0.11704079999999989,0.11704079999999989
GAP21Q33_r_W82,socioeco,"Less than $30,000","$100,000 or more",0.09210742081818493,0.09210742081818493,0.09210742081818493
GAP21Q33_s_W82,socioeco,"Less than $30,000","$100,000 or more",0.38899956999999996,0.38899956999999996,0.38899956999999996
GAP21Q34_a_W82,socioeco,"Less than $30,000","$100,000 or more",0.07135351448868221,0.07135351448868221,0.07135351448868221
GAP21Q34_b_W82,socioeco,"Less than $30,000","$100,000 or more",0.12771381000000004,0.12771381000000004,0.12771381000000004
GAP21Q34_c_W82,socioeco,"Less than $30,000","$100,000 or more",0.030174959999999973,0.030174959999999973,0.030174959999999973
GAP21Q34_d_W82,socioeco,"Less than $30,000","$100,000 or more",0.06538488999999995,0.06538488999999995,0.06538488999999995
GAP21Q34_e_W82,socioeco,"Less than $30,000","$100,000 or more",0.1939408519509162,0.1939408519509162,0.1939408519509162
GAP21Q34_f_W82,socioeco,"Less than $30,000","$100,000 or more",0.17810390430356307,0.17810390430356307,0.17810390430356307
GAP21Q38_a_W82,socioeco,"Less than $30,000","$100,000 or more",0.23009285000000002,0.23009285000000002,0.23009285000000002
GAP21Q38_b_W82,socioeco,"Less than $30,000","$100,000 or more",0.08343642208774316,0.08343642208774316,0.08343642208774316
GAP21Q38_c_W82,socioeco,"Less than $30,000","$100,000 or more",0.16120215,0.16120215,0.16120215
GAP21Q41_W82,socioeco,"Less than $30,000","$100,000 or more",0.20232576999999993,0.20232576999999993,0.20232576999999993
GAP21Q43_g_W82,socioeco,"Less than $30,000","$100,000 or more",0.09638633724505746,0.09638633724505746,0.09638633724505746
GAP21Q47_W82,socioeco,"Less than $30,000","$100,000 or more",0.11171348999999992,0.11171348999999992,0.11171348999999992
GAP21Q4_a_W82,socioeco,"Less than $30,000","$100,000 or more",0.02601279146797475,0.02601279146797475,0.02601279146797475
GAP21Q4_b_W82,socioeco,"Less than $30,000","$100,000 or more",0.22835342,0.22835342,0.22835342
GAP21Q4_c_W82,socioeco,"Less than $30,000","$100,000 or more",0.32919466438633727,0.32919466438633727,0.32919466438633727
GAP21Q4_d_W82,socioeco,"Less than $30,000","$100,000 or more",0.3097513753157953,0.3097513753157953,0.3097513753157953
GAP21Q4_e_W82,socioeco,"Less than $30,000","$100,000 or more",0.1886630144537387,0.1886630144537387,0.1886630144537387
GAP21Q4_f_W82,socioeco,"Less than $30,000","$100,000 or more",0.3612202783404848,0.3612202783404848,0.3612202783404848
GAP21Q7_a_W82,socioeco,"Less than $30,000","$100,000 or more",0.24657888933769098,0.24657888933769098,0.24657888933769098
GAP21Q7_b_W82,socioeco,"Less than $30,000","$100,000 or more",0.08214427736386419,0.08214427736386419,0.08214427736386419
GAP21Q7_d_W82,socioeco,"Less than $30,000","$100,000 or more",0.14067960999999998,0.14067960999999998,0.14067960999999998
GAYMARR2_W32,socioeco,"Less than $30,000","$100,000 or more",0.3238905899999999,0.3238905899999999,0.3238905899999999
GIRLSF2C_W29,socioeco,"Less than $30,000","$100,000 or more",0.027267642373446355,0.027267642373446355,0.027267642373446355
GIRLSF2D_W29,socioeco,"Less than $30,000","$100,000 or more",0.061267082577475304,0.061267082577475304,0.061267082577475304
GODMORALIMP_W92,socioeco,"Less than $30,000","$100,000 or more",0.40389864000000014,0.40389864000000014,0.40389864000000014
GOPDIRCT_W29,socioeco,"Less than $30,000","$100,000 or more",0.5194614385676164,0.5194614385676164,0.5194614385676164
GOVPRIORITYb_W54,socioeco,"Less than $30,000","$100,000 or more",0.07642103103924619,0.07642103103924619,0.07642103103924619
GOVPRIORITYc_W54,socioeco,"Less than $30,000","$100,000 or more",0.4097259600000002,0.4097259600000002,0.4097259600000002
GOVPRIORITYd_W54,socioeco,"Less than $30,000","$100,000 or more",0.10033184000000017,0.10033184000000017,0.10033184000000017
GOVPRIORITYf_W54,socioeco,"Less than $30,000","$100,000 or more",0.09367357592150471,0.09367357592150471,0.09367357592150471
GOVPRIOb_W41,socioeco,"Less than $30,000","$100,000 or more",0.14078296472799634,0.14078296472799634,0.14078296472799634
GOVPRIOc_W41,socioeco,"Less than $30,000","$100,000 or more",0.18958046000000006,0.18958046000000006,0.18958046000000006
GOVPRIOe_W41,socioeco,"Less than $30,000","$100,000 or more",0.2709841300000001,0.2709841300000001,0.2709841300000001
GOVPRIOfF1_W41,socioeco,"Less than $30,000","$100,000 or more",0.1391118740833656,0.1391118740833656,0.1391118740833656
GOVPRIOgF1_W41,socioeco,"Less than $30,000","$100,000 or more",0.164423568828578,0.164423568828578,0.164423568828578
GOVPRIOhF1_W41,socioeco,"Less than $30,000","$100,000 or more",0.26349138898927715,0.26349138898927715,0.26349138898927715
GOVPRIOiF1_W41,socioeco,"Less than $30,000","$100,000 or more",0.08828057804737749,0.08828057804737749,0.08828057804737749
GOVPRIOjF1_W41,socioeco,"Less than $30,000","$100,000 or more",0.5382907780860557,0.5382907780860557,0.5382907780860557
GOVPRIOkF2_W41,socioeco,"Less than $30,000","$100,000 or more",0.21375711469481518,0.21375711469481518,0.21375711469481518
GOVPRIOlF2_W41,socioeco,"Less than $30,000","$100,000 or more",0.2842779993018195,0.2842779993018195,0.2842779993018195
GOVPRIOmF2_W41,socioeco,"Less than $30,000","$100,000 or more",0.3448381599999998,0.3448381599999998,0.3448381599999998
GOVPRIOnF2_W41,socioeco,"Less than $30,000","$100,000 or more",0.6101931700000001,0.6101931700000001,0.6101931700000001
GOVPRIOoF2_W41,socioeco,"Less than $30,000","$100,000 or more",0.17876652000000026,0.17876652000000026,0.17876652000000026
GOVREGV1_W49,socioeco,"Less than $30,000","$100,000 or more",0.09772339790500356,0.09772339790500356,0.09772339790500356
GROWUPGUN2A_W26,socioeco,"Less than $30,000","$100,000 or more",0.09769391000000005,0.09769391000000005,0.09769391000000005
GROWUPGUN2B_W26,socioeco,"Less than $30,000","$100,000 or more",0.008390769999999992,0.008390769999999992,0.008390769999999992
GROWUPGUN2C_W26,socioeco,"Less than $30,000","$100,000 or more",0.019583569999999995,0.019583569999999995,0.019583569999999995
GROWUPGUN4_W26,socioeco,"Less than $30,000","$100,000 or more",0.012939660000000047,0.012939660000000047,0.012939660000000047
GROWUPGUN6_W26,socioeco,"Less than $30,000","$100,000 or more",0.06630533710350016,0.06630533710350016,0.06630533710350016
GROWUPGUN7_W26,socioeco,"Less than $30,000","$100,000 or more",0.17496282810305397,0.17496282810305397,0.17496282810305397
GROWUPVIOL_W26,socioeco,"Less than $30,000","$100,000 or more",0.34762645000000003,0.34762645000000003,0.34762645000000003
GUNACCESS_W26,socioeco,"Less than $30,000","$100,000 or more",0.2689714254613356,0.2689714254613356,0.2689714254613356
GUNACTIVITYA_W26,socioeco,"Less than $30,000","$100,000 or more",0.02500299860760772,0.02500299860760772,0.02500299860760772
GUNACTIVITYB_W26,socioeco,"Less than $30,000","$100,000 or more",0.238170670976464,0.238170670976464,0.238170670976464
GUNCONTRIBA_W26,socioeco,"Less than $30,000","$100,000 or more",0.13952155776839753,0.13952155776839753,0.13952155776839753
GUNCONTRIBC_W26,socioeco,"Less than $30,000","$100,000 or more",0.2517348421931571,0.2517348421931571,0.2517348421931571
GUNCONTRIBE_W26,socioeco,"Less than $30,000","$100,000 or more",0.2966307399999998,0.2966307399999998,0.2966307399999998
GUNCONTRIBF_W26,socioeco,"Less than $30,000","$100,000 or more",0.06634947534984631,0.06634947534984631,0.06634947534984631
GUNFRIEND_W26,socioeco,"Less than $30,000","$100,000 or more",0.02805672542223825,0.02805672542223825,0.02805672542223825
GUNIDENTITY_W26,socioeco,"Less than $30,000","$100,000 or more",0.14942341000000003,0.14942341000000003,0.14942341000000003
GUNLOADED1_W26,socioeco,"Less than $30,000","$100,000 or more",0.06113508000000001,0.06113508000000001,0.06113508000000001
GUNLOADED2_W26,socioeco,"Less than $30,000","$100,000 or more",0.1400977,0.1400977,0.1400977
GUNLOCKED1_W26,socioeco,"Less than $30,000","$100,000 or more",0.005873760000000006,0.005873760000000006,0.005873760000000006
GUNLOCKED2_W26,socioeco,"Less than $30,000","$100,000 or more",0.13649793999999998,0.13649793999999998,0.13649793999999998
GUNRESPKIDSD_W26,socioeco,"Less than $30,000","$100,000 or more",0.31453171285008275,0.31453171285008275,0.31453171285008275
GUNRESPKIDSE_W26,socioeco,"Less than $30,000","$100,000 or more",0.237899100191574,0.237899100191574,0.237899100191574
GUNRESPNOKIDSA_W26,socioeco,"Less than $30,000","$100,000 or more",0.020608745304618203,0.020608745304618203,0.020608745304618203
GUNRESPNOKIDSB_W26,socioeco,"Less than $30,000","$100,000 or more",0.06817230068172309,0.06817230068172309,0.06817230068172309
GUNRESPNOKIDSC_W26,socioeco,"Less than $30,000","$100,000 or more",0.13751966137519644,0.13751966137519644,0.13751966137519644
GUNRESPNOKIDSD_W26,socioeco,"Less than $30,000","$100,000 or more",0.14888568000000008,0.14888568000000008,0.14888568000000008
GUNRESPNOKIDSE_W26,socioeco,"Less than $30,000","$100,000 or more",0.22954815000000012,0.22954815000000012,0.22954815000000012
GUNRESPNOKIDSF_W26,socioeco,"Less than $30,000","$100,000 or more",0.08967349340336533,0.08967349340336533,0.08967349340336533
GUNSAFETYKIDS_W26,socioeco,"Less than $30,000","$100,000 or more",0.01821644999999994,0.01821644999999994,0.01821644999999994
GUNSAFE_W26,socioeco,"Less than $30,000","$100,000 or more",0.06438964322447221,0.06438964322447221,0.06438964322447221
GUNTYPEOWNC_W26,socioeco,"Less than $30,000","$100,000 or more",0.3743136922050839,0.3743136922050839,0.3743136922050839
HAPPEN2b_W41,socioeco,"Less than $30,000","$100,000 or more",0.1571397521693849,0.1571397521693849,0.1571397521693849
HAPPEN2f_W41,socioeco,"Less than $30,000","$100,000 or more",0.1896579145400068,0.1896579145400068,0.1896579145400068
HARASS1F1b_W41,socioeco,"Less than $30,000","$100,000 or more",0.41214423000000006,0.41214423000000006,0.41214423000000006
HARASS1F1d_W41,socioeco,"Less than $30,000","$100,000 or more",0.07343752000000014,0.07343752000000014,0.07343752000000014
HARASS1NOWRKF2d_W41,socioeco,"Less than $30,000","$100,000 or more",0.09776517490438641,0.09776517490438641,0.09776517490438641
HARASS2F1_W32,socioeco,"Less than $30,000","$100,000 or more",0.0815416,0.0815416,0.0815416
HARASS3NOWRKF2_W41,socioeco,"Less than $30,000","$100,000 or more",0.061170640000000026,0.061170640000000026,0.061170640000000026
HAVEKIDS1_W50,socioeco,"Less than $30,000","$100,000 or more",0.12648768,0.12648768,0.12648768
HIGHEDWRNGB_W36,socioeco,"Less than $30,000","$100,000 or more",0.17157769,0.17157769,0.17157769
HIGHEDWRNGC_W36,socioeco,"Less than $30,000","$100,000 or more",0.12339997769159922,0.12339997769159922,0.12339997769159922
HOMEASSIST2_W49,socioeco,"Less than $30,000","$100,000 or more",0.054229094810306466,0.054229094810306466,0.054229094810306466
HOMEASSIST3_W49,socioeco,"Less than $30,000","$100,000 or more",0.01999895650318237,0.01999895650318237,0.01999895650318237
HOMEASSIST4_W49,socioeco,"Less than $30,000","$100,000 or more",0.23615742723486072,0.23615742723486072,0.23615742723486072
HOOD_NHISB_W29,socioeco,"Less than $30,000","$100,000 or more",0.5343234026814261,0.5343234026814261,0.5343234026814261
IDIMPORT_W43,socioeco,"Less than $30,000","$100,000 or more",0.2893016100000001,0.2893016100000001,0.2893016100000001
IMMIMPACT_W32,socioeco,"Less than $30,000","$100,000 or more",0.05774296790852182,0.05774296790852182,0.05774296790852182
IMPROVE1_W36,socioeco,"Less than $30,000","$100,000 or more",0.09980065010687394,0.09980065010687394,0.09980065010687394
IMPROVE2_W36,socioeco,"Less than $30,000","$100,000 or more",0.10635122999999996,0.10635122999999996,0.10635122999999996
IMPROVE3_W36,socioeco,"Less than $30,000","$100,000 or more",0.18035068816536826,0.18035068816536826,0.18035068816536826
INEQ11_W54,socioeco,"Less than $30,000","$100,000 or more",0.13633592,0.13633592,0.13633592
INEQ1_W54,socioeco,"Less than $30,000","$100,000 or more",0.1271846679862344,0.1271846679862344,0.1271846679862344
INEQ4_a_W54,socioeco,"Less than $30,000","$100,000 or more",0.04945192259757836,0.04945192259757836,0.04945192259757836
INEQ5_a_W54,socioeco,"Less than $30,000","$100,000 or more",0.17911897647595365,0.17911897647595365,0.17911897647595365
INEQ5_d_W54,socioeco,"Less than $30,000","$100,000 or more",0.3936765699999999,0.3936765699999999,0.3936765699999999
INEQ5_e_W54,socioeco,"Less than $30,000","$100,000 or more",0.18507008024254828,0.18507008024254828,0.18507008024254828
INEQ5_f_W54,socioeco,"Less than $30,000","$100,000 or more",0.02691674026916746,0.02691674026916746,0.02691674026916746
INEQ5_h_W54,socioeco,"Less than $30,000","$100,000 or more",0.27504626275046273,0.27504626275046273,0.27504626275046273
INEQ5_i_W54,socioeco,"Less than $30,000","$100,000 or more",0.07154896999999993,0.07154896999999993,0.07154896999999993
INEQ5_k_W54,socioeco,"Less than $30,000","$100,000 or more",0.3372414600000001,0.3372414600000001,0.3372414600000001
INEQ5_l_W54,socioeco,"Less than $30,000","$100,000 or more",0.3860926700000002,0.3860926700000002,0.3860926700000002
INEQ5_m_W54,socioeco,"Less than $30,000","$100,000 or more",0.4777247300000002,0.4777247300000002,0.4777247300000002
INEQ8_a_W54,socioeco,"Less than $30,000","$100,000 or more",0.58994687,0.58994687,0.58994687
INEQ8_b_W54,socioeco,"Less than $30,000","$100,000 or more",0.5026205668073676,0.5026205668073676,0.5026205668073676
INEQ8_c_W54,socioeco,"Less than $30,000","$100,000 or more",0.3814130899999999,0.3814130899999999,0.3814130899999999
INEQ8_d_W54,socioeco,"Less than $30,000","$100,000 or more",0.44095700999999976,0.44095700999999976,0.44095700999999976
INEQ8_f_W54,socioeco,"Less than $30,000","$100,000 or more",0.5148424486954328,0.5148424486954328,0.5148424486954328
INEQ8_g_W54,socioeco,"Less than $30,000","$100,000 or more",0.59325618,0.59325618,0.59325618
INEQ8_h_W54,socioeco,"Less than $30,000","$100,000 or more",0.3722706473613826,0.3722706473613826,0.3722706473613826
INEQ8_i_W54,socioeco,"Less than $30,000","$100,000 or more",0.7351349151051562,0.7351349151051562,0.7351349151051562
INEQ8_j_W54,socioeco,"Less than $30,000","$100,000 or more",0.4947874700000002,0.4947874700000002,0.4947874700000002
INFOCHALa_W45,socioeco,"Less than $30,000","$100,000 or more",0.32699286999999977,0.32699286999999977,0.32699286999999977
INFOCREATEa_W45,socioeco,"Less than $30,000","$100,000 or more",0.17356352967741423,0.17356352967741423,0.17356352967741423
INTRMAR_W41,socioeco,"Less than $30,000","$100,000 or more",0.2399095673990959,0.2399095673990959,0.2399095673990959
JOBTRAIN_W54,socioeco,"Less than $30,000","$100,000 or more",0.10032045353147628,0.10032045353147628,0.10032045353147628
LEGALIMG_W41,socioeco,"Less than $30,000","$100,000 or more",0.203597909731849,0.203597909731849,0.203597909731849
LEGALIMMIGAMT_W92,socioeco,"Less than $30,000","$100,000 or more",0.21179610699382495,0.21179610699382495,0.21179610699382495
LOCALELECT_W29,socioeco,"Less than $30,000","$100,000 or more",0.6755055936824541,0.6755055936824541,0.6755055936824541
MADEUPOFT_W45,socioeco,"Less than $30,000","$100,000 or more",0.10638791708712869,0.10638791708712869,0.10638791708712869
MADEUPTOPICb_W45,socioeco,"Less than $30,000","$100,000 or more",0.04183380000000014,0.04183380000000014,0.04183380000000014
MADEUPTOPICc_W45,socioeco,"Less than $30,000","$100,000 or more",0.03779307931115472,0.03779307931115472,0.03779307931115472
MADEUPTOPICd_W45,socioeco,"Less than $30,000","$100,000 or more",0.11269314002075581,0.11269314002075581,0.11269314002075581
MAN1A_W29,socioeco,"Less than $30,000","$100,000 or more",0.22436507000000003,0.22436507000000003,0.22436507000000003
MAN1B_W29,socioeco,"Less than $30,000","$100,000 or more",0.3650245300000001,0.3650245300000001,0.3650245300000001
MAN1C_W29,socioeco,"Less than $30,000","$100,000 or more",0.4201561955037122,0.4201561955037122,0.4201561955037122
MAN1D_W29,socioeco,"Less than $30,000","$100,000 or more",0.2853261600000001,0.2853261600000001,0.2853261600000001
MAN1E_W29,socioeco,"Less than $30,000","$100,000 or more",0.2582919749813393,0.2582919749813393,0.2582919749813393
MARRDUR_W50,socioeco,"Less than $30,000","$100,000 or more",0.5791028060002927,0.5791028060002927,0.5791028060002927
MARRYPREF1_W50,socioeco,"Less than $30,000","$100,000 or more",0.05761615999999997,0.05761615999999997,0.05761615999999997
MARRYPREF2_W50,socioeco,"Less than $30,000","$100,000 or more",0.019813456353172373,0.019813456353172373,0.019813456353172373
MASC2_W29,socioeco,"Less than $30,000","$100,000 or more",0.12110675999999998,0.12110675999999998,0.12110675999999998
MOREWMN1F2_W36,socioeco,"Less than $30,000","$100,000 or more",0.05489848676972742,0.05489848676972742,0.05489848676972742
MOTHER_W50,socioeco,"Less than $30,000","$100,000 or more",0.030660380000000043,0.030660380000000043,0.030660380000000043
MOVERURAL_W32,socioeco,"Less than $30,000","$100,000 or more",0.1465538524443859,0.1465538524443859,0.1465538524443859
MOVESUBURB_W32,socioeco,"Less than $30,000","$100,000 or more",0.06641782000000002,0.06641782000000002,0.06641782000000002
MOVEURBAN_W32,socioeco,"Less than $30,000","$100,000 or more",0.2931767104819855,0.2931767104819855,0.2931767104819855
NEIGHINTERA_W32,socioeco,"Less than $30,000","$100,000 or more",0.2675216529438159,0.2675216529438159,0.2675216529438159
NEIGHINTERB_W32,socioeco,"Less than $30,000","$100,000 or more",0.33371404873815536,0.33371404873815536,0.33371404873815536
NEIGHKIDS_W32,socioeco,"Less than $30,000","$100,000 or more",0.10813625000000004,0.10813625000000004,0.10813625000000004
NEIGHSAMEA_W32,socioeco,"Less than $30,000","$100,000 or more",0.41407875823046897,0.41407875823046897,0.41407875823046897
NEWSPROBd_W45,socioeco,"Less than $30,000","$100,000 or more",0.08974966061541959,0.08974966061541959,0.08974966061541959
NEWSPROBe_W45,socioeco,"Less than $30,000","$100,000 or more",0.10742406902385437,0.10742406902385437,0.10742406902385437
NEWS_PLATFORMg_W45,socioeco,"Less than $30,000","$100,000 or more",0.32111767278716313,0.32111767278716313,0.32111767278716313
NOCARRYGUN_W26,socioeco,"Less than $30,000","$100,000 or more",0.011883250000000012,0.011883250000000012,0.011883250000000012
PAR1_W50,socioeco,"Less than $30,000","$100,000 or more",0.0683276499999999,0.0683276499999999,0.0683276499999999
PAR2_W50,socioeco,"Less than $30,000","$100,000 or more",0.11530310538629299,0.11530310538629299,0.11530310538629299
POLCHF1_W36,socioeco,"Less than $30,000","$100,000 or more",0.33681012209874145,0.33681012209874145,0.33681012209874145
POLINTOL2_a_W92,socioeco,"Less than $30,000","$100,000 or more",0.1230989823740179,0.1230989823740179,0.1230989823740179
PP5e_W49,socioeco,"Less than $30,000","$100,000 or more",0.18613370077639743,0.18613370077639743,0.18613370077639743
PQ4_F2Aa_W42,socioeco,"Less than $30,000","$100,000 or more",0.4045627099999999,0.4045627099999999,0.4045627099999999
PQ4_F2Ac_W42,socioeco,"Less than $30,000","$100,000 or more",0.13593567253236777,0.13593567253236777,0.13593567253236777
PQ4_F2Ae_W42,socioeco,"Less than $30,000","$100,000 or more",0.4971038122358365,0.4971038122358365,0.4971038122358365
PQ4_F2Bb_W42,socioeco,"Less than $30,000","$100,000 or more",0.15285956884541885,0.15285956884541885,0.15285956884541885
PQ4_F2Bc_W42,socioeco,"Less than $30,000","$100,000 or more",0.04909673566685202,0.04909673566685202,0.04909673566685202
PQ4_F2Bd_W42,socioeco,"Less than $30,000","$100,000 or more",0.12121293502201325,0.12121293502201325,0.12121293502201325
PQ4_F2Cc_W42,socioeco,"Less than $30,000","$100,000 or more",0.10313365608586739,0.10313365608586739,0.10313365608586739
PQ8_F2B_W42,socioeco,"Less than $30,000","$100,000 or more",0.32225270695278296,0.32225270695278296,0.32225270695278296
PROG_RNEED_W92,socioeco,"Less than $30,000","$100,000 or more",0.14081083000000005,0.14081083000000005,0.14081083000000005
PWMAN2_W49,socioeco,"Less than $30,000","$100,000 or more",0.34020970290514396,0.34020970290514396,0.34020970290514396
RACESURV13_W43,socioeco,"Less than $30,000","$100,000 or more",0.16516058921642596,0.16516058921642596,0.16516058921642596
RACESURV14_W43,socioeco,"Less than $30,000","$100,000 or more",0.06035814228171013,0.06035814228171013,0.06035814228171013
RACESURV15a_W43,socioeco,"Less than $30,000","$100,000 or more",0.050919237756242186,0.050919237756242186,0.050919237756242186
RACESURV15b_W43,socioeco,"Less than $30,000","$100,000 or more",0.11308514999999994,0.11308514999999994,0.11308514999999994
RACESURV17_W43,socioeco,"Less than $30,000","$100,000 or more",0.04996936000000002,0.04996936000000002,0.04996936000000002
RACESURV18b_W43,socioeco,"Less than $30,000","$100,000 or more",0.14870248223682528,0.14870248223682528,0.14870248223682528
RACESURV18f_W43,socioeco,"Less than $30,000","$100,000 or more",0.07342945073429463,0.07342945073429463,0.07342945073429463
RACESURV19a_W43,socioeco,"Less than $30,000","$100,000 or more",0.04582994312043631,0.04582994312043631,0.04582994312043631
RACESURV19c_W43,socioeco,"Less than $30,000","$100,000 or more",0.1629405699999999,0.1629405699999999,0.1629405699999999
RACESURV19e_W43,socioeco,"Less than $30,000","$100,000 or more",0.027891895958388757,0.027891895958388757,0.027891895958388757
RACESURV1b_W43,socioeco,"Less than $30,000","$100,000 or more",0.1531344784686553,0.1531344784686553,0.1531344784686553
RACESURV21_W43,socioeco,"Less than $30,000","$100,000 or more",0.3364888266351118,0.3364888266351118,0.3364888266351118
RACESURV27_W43,socioeco,"Less than $30,000","$100,000 or more",0.11925969033530831,0.11925969033530831,0.11925969033530831
RACESURV28a_W43,socioeco,"Less than $30,000","$100,000 or more",0.015349624999999978,0.015349624999999978,0.015349624999999978
RACESURV28b_W43,socioeco,"Less than $30,000","$100,000 or more",0.037529884999999985,0.037529884999999985,0.037529884999999985
RACESURV28c_W43,socioeco,"Less than $30,000","$100,000 or more",0.03396232499999996,0.03396232499999996,0.03396232499999996
RACESURV28d_W43,socioeco,"Less than $30,000","$100,000 or more",0.035200420000000066,0.035200420000000066,0.035200420000000066
RACESURV28e_W43,socioeco,"Less than $30,000","$100,000 or more",0.0038351799999998826,0.0038351799999998826,0.0038351799999998826
RACESURV28f_W43,socioeco,"Less than $30,000","$100,000 or more",0.0604450864273704,0.0604450864273704,0.0604450864273704
RACESURV28g_W43,socioeco,"Less than $30,000","$100,000 or more",0.03035423819018293,0.03035423819018293,0.03035423819018293
RACESURV29d_W43,socioeco,"Less than $30,000","$100,000 or more",0.39589305375556566,0.39589305375556566,0.39589305375556566
RACESURV2_W43,socioeco,"Less than $30,000","$100,000 or more",0.2488893926842083,0.2488893926842083,0.2488893926842083
RACESURV34a_W43,socioeco,"Less than $30,000","$100,000 or more",0.2520057740119579,0.2520057740119579,0.2520057740119579
RACESURV34b_W43,socioeco,"Less than $30,000","$100,000 or more",0.10841161810635952,0.10841161810635952,0.10841161810635952
RACESURV34c_W43,socioeco,"Less than $30,000","$100,000 or more",0.42600003426000044,0.42600003426000044,0.42600003426000044
RACESURV34d_W43,socioeco,"Less than $30,000","$100,000 or more",0.4843864103540296,0.4843864103540296,0.4843864103540296
RACESURV34e_W43,socioeco,"Less than $30,000","$100,000 or more",0.21560540597817002,0.21560540597817002,0.21560540597817002
RACESURV38_W43,socioeco,"Less than $30,000","$100,000 or more",0.15582831999999996,0.15582831999999996,0.15582831999999996
RACESURV40_W43,socioeco,"Less than $30,000","$100,000 or more",0.08064263080642671,0.08064263080642671,0.08064263080642671
RACESURV41_W43,socioeco,"Less than $30,000","$100,000 or more",0.05444975000000001,0.05444975000000001,0.05444975000000001
RACESURV45_W43,socioeco,"Less than $30,000","$100,000 or more",0.10297635999999993,0.10297635999999993,0.10297635999999993
RACESURV47a_W43,socioeco,"Less than $30,000","$100,000 or more",0.11641905000000011,0.11641905000000011,0.11641905000000011
RACESURV47b_W43,socioeco,"Less than $30,000","$100,000 or more",0.10827083,0.10827083,0.10827083
RACESURV47d_W43,socioeco,"Less than $30,000","$100,000 or more",0.2218545478030579,0.2218545478030579,0.2218545478030579
RACESURV47e_W43,socioeco,"Less than $30,000","$100,000 or more",0.13487718000000015,0.13487718000000015,0.13487718000000015
RACESURV47f_W43,socioeco,"Less than $30,000","$100,000 or more",0.0757288094073287,0.0757288094073287,0.0757288094073287
RACESURV48_W43,socioeco,"Less than $30,000","$100,000 or more",0.09682389080110804,0.09682389080110804,0.09682389080110804
RACESURV51_W43,socioeco,"Less than $30,000","$100,000 or more",0.046241248735494164,0.046241248735494164,0.046241248735494164
RACESURV52MOD_W92,socioeco,"Less than $30,000","$100,000 or more",0.28140402281404026,0.28140402281404026,0.28140402281404026
RACESURV52_W43,socioeco,"Less than $30,000","$100,000 or more",0.18872453000000006,0.18872453000000006,0.18872453000000006
RACESURV5a_W43,socioeco,"Less than $30,000","$100,000 or more",0.17443832668547726,0.17443832668547726,0.17443832668547726
RACESURV5b_W43,socioeco,"Less than $30,000","$100,000 or more",0.1613456248398584,0.1613456248398584,0.1613456248398584
RACESURV5d_W43,socioeco,"Less than $30,000","$100,000 or more",0.06263871033389114,0.06263871033389114,0.06263871033389114
RACESURV5e_W43,socioeco,"Less than $30,000","$100,000 or more",0.28855220000000015,0.28855220000000015,0.28855220000000015
RACESURV5f_W43,socioeco,"Less than $30,000","$100,000 or more",0.060951991182278405,0.060951991182278405,0.060951991182278405
RACESURV5g_W43,socioeco,"Less than $30,000","$100,000 or more",0.17250203499999983,0.17250203499999983,0.17250203499999983
RACESURV5h_W43,socioeco,"Less than $30,000","$100,000 or more",0.14085461640854607,0.14085461640854607,0.14085461640854607
RACESURV5i_W43,socioeco,"Less than $30,000","$100,000 or more",0.08947454509150687,0.08947454509150687,0.08947454509150687
RACESURV5j_W43,socioeco,"Less than $30,000","$100,000 or more",0.10316130500000009,0.10316130500000009,0.10316130500000009
RACESURV5l_W43,socioeco,"Less than $30,000","$100,000 or more",0.17379970499999997,0.17379970499999997,0.17379970499999997
RACESURV9_W43,socioeco,"Less than $30,000","$100,000 or more",0.10774148999999994,0.10774148999999994,0.10774148999999994
REASONGUNA_W26,socioeco,"Less than $30,000","$100,000 or more",0.16121826000000006,0.16121826000000006,0.16121826000000006
REASONGUNB_W26,socioeco,"Less than $30,000","$100,000 or more",0.13052286917795747,0.13052286917795747,0.13052286917795747
REASONGUNC_W26,socioeco,"Less than $30,000","$100,000 or more",0.1626540406299693,0.1626540406299693,0.1626540406299693
REASONGUND_W26,socioeco,"Less than $30,000","$100,000 or more",0.1327946499999999,0.1327946499999999,0.1327946499999999
REASONGUNE_W26,socioeco,"Less than $30,000","$100,000 or more",0.07425042999999998,0.07425042999999998,0.07425042999999998
REPRSNTDEM_W92,socioeco,"Less than $30,000","$100,000 or more",0.21620070583638712,0.21620070583638712,0.21620070583638712
REPRSNTREP_W92,socioeco,"Less than $30,000","$100,000 or more",0.05979986999999996,0.05979986999999996,0.05979986999999996
ROMRELDUR_W50,socioeco,"Less than $30,000","$100,000 or more",0.4810238657119612,0.4810238657119612,0.4810238657119612
ROMRELSER_W50,socioeco,"Less than $30,000","$100,000 or more",0.08363963000000008,0.08363963000000008,0.08363963000000008
RQ1_F1B_W42,socioeco,"Less than $30,000","$100,000 or more",0.08562608,0.08562608,0.08562608
RQ1_F1C_W42,socioeco,"Less than $30,000","$100,000 or more",0.008140855000000002,0.008140855000000002,0.008140855000000002
RQ2_F1A_W42,socioeco,"Less than $30,000","$100,000 or more",0.23334321000000005,0.23334321000000005,0.23334321000000005
RQ4_F1Ab_W42,socioeco,"Less than $30,000","$100,000 or more",0.33360953002000115,0.33360953002000115,0.33360953002000115
RQ4_F1Ae_W42,socioeco,"Less than $30,000","$100,000 or more",0.30514430715714946,0.30514430715714946,0.30514430715714946
RQ4_F1Ba_W42,socioeco,"Less than $30,000","$100,000 or more",0.19122297000000016,0.19122297000000016,0.19122297000000016
RQ4_F1Bc_W42,socioeco,"Less than $30,000","$100,000 or more",0.08793978000000016,0.08793978000000016,0.08793978000000016
RQ4_F1Bd_W42,socioeco,"Less than $30,000","$100,000 or more",0.04225304397369292,0.04225304397369292,0.04225304397369292
RQ4_F1Be_W42,socioeco,"Less than $30,000","$100,000 or more",0.2305405499999998,0.2305405499999998,0.2305405499999998
RQ4_F1Ca_W42,socioeco,"Less than $30,000","$100,000 or more",0.10869904999999991,0.10869904999999991,0.10869904999999991
RQ4_F1Cb_W42,socioeco,"Less than $30,000","$100,000 or more",0.14329166000000015,0.14329166000000015,0.14329166000000015
RQ4_F1Cd_W42,socioeco,"Less than $30,000","$100,000 or more",0.09901093999999998,0.09901093999999998,0.09901093999999998
RQ5_F1B_W42,socioeco,"Less than $30,000","$100,000 or more",0.28950205,0.28950205,0.28950205
RQ5_F1C_W42,socioeco,"Less than $30,000","$100,000 or more",0.25161639,0.25161639,0.25161639
S12_W29,socioeco,"Less than $30,000","$100,000 or more",0.7723084465021626,0.7723084465021626,0.7723084465021626
S13_W29,socioeco,"Less than $30,000","$100,000 or more",0.2964937452964356,0.2964937452964356,0.2964937452964356
SATLIFED_W32,socioeco,"Less than $30,000","$100,000 or more",0.3377017877221701,0.3377017877221701,0.3377017877221701
SATLIFEc_W50,socioeco,"Less than $30,000","$100,000 or more",0.8678198781459986,0.8678198781459986,0.8678198781459986
SEENFEM_W29,socioeco,"Less than $30,000","$100,000 or more",0.18776166,0.18776166,0.18776166
SEENMASC_W29,socioeco,"Less than $30,000","$100,000 or more",0.0751844752174334,0.0751844752174334,0.0751844752174334
SHOOTFREQ_W26,socioeco,"Less than $30,000","$100,000 or more",0.2467498505774362,0.2467498505774362,0.2467498505774362
SMARTAPP_W49,socioeco,"Less than $30,000","$100,000 or more",0.11020173999999999,0.11020173999999999,0.11020173999999999
SMLIKESb_W45,socioeco,"Less than $30,000","$100,000 or more",0.010746680000000008,0.010746680000000008,0.010746680000000008
SMLIKESf_W45,socioeco,"Less than $30,000","$100,000 or more",0.07971442999999995,0.07971442999999995,0.07971442999999995
SOCIETY_GUNS_W92,socioeco,"Less than $30,000","$100,000 or more",0.09286425000000009,0.09286425000000009,0.09286425000000009
SOCIETY_RELG_W92,socioeco,"Less than $30,000","$100,000 or more",0.20243635000000004,0.20243635000000004,0.20243635000000004
SOCIETY_RHIST_W92,socioeco,"Less than $30,000","$100,000 or more",0.06103053999999991,0.06103053999999991,0.06103053999999991
SOCIETY_SSM_W92,socioeco,"Less than $30,000","$100,000 or more",0.40171204000000005,0.40171204000000005,0.40171204000000005
SOCIETY_TRANS_W92,socioeco,"Less than $30,000","$100,000 or more",0.25570156999999993,0.25570156999999993,0.25570156999999993
SOCIETY_WHT_W92,socioeco,"Less than $30,000","$100,000 or more",0.21401668289221548,0.21401668289221548,0.21401668289221548
SOCTRUST2_W32,socioeco,"Less than $30,000","$100,000 or more",0.26040363,0.26040363,0.26040363
SOLVPROBa_W41,socioeco,"Less than $30,000","$100,000 or more",0.26508962999999985,0.26508962999999985,0.26508962999999985
SOLVPROBb_W41,socioeco,"Less than $30,000","$100,000 or more",0.16160204311565574,0.16160204311565574,0.16160204311565574
SOLVPROBc_W41,socioeco,"Less than $30,000","$100,000 or more",0.30557677,0.30557677,0.30557677
SOLVPROBdF1_W41,socioeco,"Less than $30,000","$100,000 or more",0.15146541879777814,0.15146541879777814,0.15146541879777814
SOLVPROBf_W41,socioeco,"Less than $30,000","$100,000 or more",0.13619409999999993,0.13619409999999993,0.13619409999999993
SOLVPROBg_W41,socioeco,"Less than $30,000","$100,000 or more",0.20337971899366186,0.20337971899366186,0.20337971899366186
SOLVPROBh_W41,socioeco,"Less than $30,000","$100,000 or more",0.09918692999999995,0.09918692999999995,0.09918692999999995
TALK_CPS_W29,socioeco,"Less than $30,000","$100,000 or more",0.38025178000000004,0.38025178000000004,0.38025178000000004
TRACKCO1a_W49,socioeco,"Less than $30,000","$100,000 or more",0.5187109719759124,0.5187109719759124,0.5187109719759124
TRACKCO1b_W49,socioeco,"Less than $30,000","$100,000 or more",0.2826992927307128,0.2826992927307128,0.2826992927307128
TRACKGOV1a_W49,socioeco,"Less than $30,000","$100,000 or more",0.2100239000000003,0.2100239000000003,0.2100239000000003
TRACKGOV1b_W49,socioeco,"Less than $30,000","$100,000 or more",0.23954767760452322,0.23954767760452322,0.23954767760452322
TRAITBIZMF2C_W36,socioeco,"Less than $30,000","$100,000 or more",0.17467239999999995,0.17467239999999995,0.17467239999999995
TRAITBIZMF2D_W36,socioeco,"Less than $30,000","$100,000 or more",0.04222981789778302,0.04222981789778302,0.04222981789778302
TRAITBIZMF2E_W36,socioeco,"Less than $30,000","$100,000 or more",0.15584198499999996,0.15584198499999996,0.15584198499999996
TRAITBIZMF2G_W36,socioeco,"Less than $30,000","$100,000 or more",0.14133624000000006,0.14133624000000006,0.14133624000000006
TRAITBIZWF2C_W36,socioeco,"Less than $30,000","$100,000 or more",0.006861050000000035,0.006861050000000035,0.006861050000000035
TRAITBIZWF2D_W36,socioeco,"Less than $30,000","$100,000 or more",0.03232807747852845,0.03232807747852845,0.03232807747852845
TRAITBIZWF2E_W36,socioeco,"Less than $30,000","$100,000 or more",0.05521484500000001,0.05521484500000001,0.05521484500000001
TRAITBIZWF2G_W36,socioeco,"Less than $30,000","$100,000 or more",0.0641386370625644,0.0641386370625644,0.0641386370625644
TRAITPOLMF1B_W36,socioeco,"Less than $30,000","$100,000 or more",0.03486093715110275,0.03486093715110275,0.03486093715110275
TRAITPOLMF1C_W36,socioeco,"Less than $30,000","$100,000 or more",0.08835160088351607,0.08835160088351607,0.08835160088351607
TRAITPOLMF1D_W36,socioeco,"Less than $30,000","$100,000 or more",0.06467493000000007,0.06467493000000007,0.06467493000000007
TRAITPOLMF1E_W36,socioeco,"Less than $30,000","$100,000 or more",0.15845353999999995,0.15845353999999995,0.15845353999999995
TRAITPOLMF1F_W36,socioeco,"Less than $30,000","$100,000 or more",0.10437653499999998,0.10437653499999998,0.10437653499999998
TRAITPOLMF1G_W36,socioeco,"Less than $30,000","$100,000 or more",0.14227596,0.14227596,0.14227596
TRAITPOLWF1A_W36,socioeco,"Less than $30,000","$100,000 or more",0.03738843889101667,0.03738843889101667,0.03738843889101667
TRAITPOLWF1C_W36,socioeco,"Less than $30,000","$100,000 or more",0.073827496694504,0.073827496694504,0.073827496694504
TRAITPOLWF1D_W36,socioeco,"Less than $30,000","$100,000 or more",0.11695227999999996,0.11695227999999996,0.11695227999999996
TRAITPOLWF1E_W36,socioeco,"Less than $30,000","$100,000 or more",0.05679156341485314,0.05679156341485314,0.05679156341485314
TRAITPOLWF1F_W36,socioeco,"Less than $30,000","$100,000 or more",0.08023431999999996,0.08023431999999996,0.08023431999999996
TRAITPOLWF1G_W36,socioeco,"Less than $30,000","$100,000 or more",0.07974930500000005,0.07974930500000005,0.07974930500000005
UNIMMIGCOMM_W92,socioeco,"Less than $30,000","$100,000 or more",0.07423859233962395,0.07423859233962395,0.07423859233962395
USEXCEPT_W92,socioeco,"Less than $30,000","$100,000 or more",0.0511516699999999,0.0511516699999999,0.0511516699999999
USMILSIZ_W92,socioeco,"Less than $30,000","$100,000 or more",0.2760008193970225,0.2760008193970225,0.2760008193970225
VALUERURAL_W32,socioeco,"Less than $30,000","$100,000 or more",0.03950339,0.03950339,0.03950339
WHADVANT_W32,socioeco,"Less than $30,000","$100,000 or more",0.06143526999999993,0.06143526999999993,0.06143526999999993
WHADVANT_W92,socioeco,"Less than $30,000","$100,000 or more",0.16967478329126506,0.16967478329126506,0.16967478329126506
WHYNOTBIZF2A_W36,socioeco,"Less than $30,000","$100,000 or more",0.16403282000000002,0.16403282000000002,0.16403282000000002
WHYNOTBIZF2B_W36,socioeco,"Less than $30,000","$100,000 or more",0.17539562999999997,0.17539562999999997,0.17539562999999997
WHYNOTBIZF2D_W36,socioeco,"Less than $30,000","$100,000 or more",0.32564688999999997,0.32564688999999997,0.32564688999999997
WHYNOTBIZF2F_W36,socioeco,"Less than $30,000","$100,000 or more",0.31540334999999997,0.31540334999999997,0.31540334999999997
WHYNOTBIZF2G_W36,socioeco,"Less than $30,000","$100,000 or more",0.09305027000000005,0.09305027000000005,0.09305027000000005
WHYNOTBIZF2H_W36,socioeco,"Less than $30,000","$100,000 or more",0.15971493819618432,0.15971493819618432,0.15971493819618432
WHYNOTBIZF2J_W36,socioeco,"Less than $30,000","$100,000 or more",0.10906475314045672,0.10906475314045672,0.10906475314045672
WHYNOTBIZF2M_W36,socioeco,"Less than $30,000","$100,000 or more",0.0641884684345618,0.0641884684345618,0.0641884684345618
WHYNOTBIZF2N_W36,socioeco,"Less than $30,000","$100,000 or more",0.07826967000000007,0.07826967000000007,0.07826967000000007
WHYNOTBIZF2O_W36,socioeco,"Less than $30,000","$100,000 or more",0.32429057970993735,0.32429057970993735,0.32429057970993735
WHYNOTPOLF1A_W36,socioeco,"Less than $30,000","$100,000 or more",0.13127911703192385,0.13127911703192385,0.13127911703192385
WHYNOTPOLF1B_W36,socioeco,"Less than $30,000","$100,000 or more",0.12654594336433234,0.12654594336433234,0.12654594336433234
WHYNOTPOLF1C_W36,socioeco,"Less than $30,000","$100,000 or more",0.08795852087958528,0.08795852087958528,0.08795852087958528
WHYNOTPOLF1E_W36,socioeco,"Less than $30,000","$100,000 or more",0.18168728000000003,0.18168728000000003,0.18168728000000003
WHYNOTPOLF1G_W36,socioeco,"Less than $30,000","$100,000 or more",0.10812466999999992,0.10812466999999992,0.10812466999999992
WHYNOTPOLF1I_W36,socioeco,"Less than $30,000","$100,000 or more",0.08918990999432119,0.08918990999432119,0.08918990999432119
WHYNOTPOLF1J_W36,socioeco,"Less than $30,000","$100,000 or more",0.08962361281277081,0.08962361281277081,0.08962361281277081
WHYNOTPOLF1K_W36,socioeco,"Less than $30,000","$100,000 or more",0.12111610999999997,0.12111610999999997,0.12111610999999997
WHYNOTPOLF1L_W36,socioeco,"Less than $30,000","$100,000 or more",0.289409463038319,0.289409463038319,0.289409463038319
WILLMOVE_W32,socioeco,"Less than $30,000","$100,000 or more",0.0970999205458094,0.0970999205458094,0.0970999205458094
WMNPRZ1_W36,socioeco,"Less than $30,000","$100,000 or more",0.15105600999999969,0.15105600999999969,0.15105600999999969
WORRY2a_W54,socioeco,"Less than $30,000","$100,000 or more",1.126604382942253,1.126604382942253,1.126604382942253
WORRY2b_W54,socioeco,"Less than $30,000","$100,000 or more",0.8587411986462887,0.8587411986462887,0.8587411986462887
WORRY2c_W54,socioeco,"Less than $30,000","$100,000 or more",1.5974990800000002,1.5974990800000002,1.5974990800000002
WORRY2d_W54,socioeco,"Less than $30,000","$100,000 or more",0.961874982596432,0.961874982596432,0.961874982596432
WORRY2e_W54,socioeco,"Less than $30,000","$100,000 or more",0.7903167500000002,0.7903167500000002,0.7903167500000002
WORRYBILL_W29,socioeco,"Less than $30,000","$100,000 or more",1.1275066616620633,1.1275066616620633,1.1275066616620633
WORRYB_W26,socioeco,"Less than $30,000","$100,000 or more",0.34924579000000006,0.34924579000000006,0.34924579000000006
WORRYD_W26,socioeco,"Less than $30,000","$100,000 or more",0.68089223,0.68089223,0.68089223
WORRYE_W26,socioeco,"Less than $30,000","$100,000 or more",0.295965820952076,0.295965820952076,0.295965820952076
WORRYF_W26,socioeco,"Less than $30,000","$100,000 or more",0.36198761999999995,0.36198761999999995,0.36198761999999995
