qkey,attribute,channel,magnitude,regime,model_class,human_attribute,human_group,own_human_group,is_own_group,wasserstein,available_groups,expected_groups
CARRYGUN_W26,socioeco,inferred,,Inferred from occupation,low,INCOME,"Less than $30,000","Less than $30,000",True,0.913702871999122,2,2
CARRYGUN_W26,socioeco,inferred,,Inferred from occupation,low,INCOME,"$100,000 or more","Less than $30,000",False,1.2017963319991218,2,2
CARRYGUN_W26,socioeco,inferred,,Inferred from occupation,high,INCOME,"Less than $30,000","$100,000 or more",False,0.9136991880001122,2,2
CARRYGUN_W26,socioeco,inferred,,Inferred from occupation,high,INCOME,"$100,000 or more","$100,000 or more",True,1.2017926480001122,2,2
GROWUPGUN2A_W26,socioeco,inferred,,Inferred from occupation,low,INCOME,"Less than $30,000","Less than $30,000",True,0.06303143542424627,2,2
GROWUPGUN2A_W26,socioeco,inferred,,Inferred from occupation,low,INCOME,"$100,000 or more","Less than $30,000",False,0.16072534542424632,2,2
GROWUPGUN2A_W26,socioeco,inferred,,Inferred from occupation,high,INCOME,"Less than $30,000","$100,000 or more",False,0.1724287817619058,2,2
GROWUPGUN2A_W26,socioeco,inferred,,Inferred from occupation,high,INCOME,"$100,000 or more","$100,000 or more",True,0.27012269176190584,2,2
GROWUPGUN2B_W26,socioeco,inferred,,Inferred from occupation,low,INCOME,"Less than $30,000","Less than $30,000",True,0.1561861139585879,2,2
GROWUPGUN2B_W26,socioeco,inferred,,Inferred from occupation,low,INCOME,"$100,000 or more","Less than $30,000",False,0.1477953439585879,2,2
GROWUPGUN2B_W26,socioeco,inferred,,Inferred from occupation,high,INCOME,"Less than $30,000","$100,000 or more",False,0.14227467404990213,2,2
GROWUPGUN2B_W26,socioeco,inferred,,Inferred from occupation,high,INCOME,"$100,000 or more","$100,000 or more",True,0.15066544404990212,2,2
GROWUPGUN2C_W26,socioeco,inferred,,Inferred from occupation,low,INCOME,"Less than $30,000","Less than $30,000",True,0.07716270448036278,2,2
GROWUPGUN2C_W26,socioeco,inferred,,Inferred from occupation,low,INCOME,"$100,000 or more","Less than $30,000",False,0.09674627448036277,2,2
GROWUPGUN2C_W26,socioeco,inferred,,Inferred from occupation,high,INCOME,"Less than $30,000","$100,000 or more",False,0.2780123473482259,2,2
GROWUPGUN2C_W26,socioeco,inferred,,Inferred from occupation,high,INCOME,"$100,000 or more","$100,000 or more",True,0.2975959173482259,2,2
GROWUPGUN4_W26,socioeco,inferred,,Inferred from occupation,low,INCOME,"Less than $30,000","Less than $30,000",True,0.5529148739149442,2,2
GROWUPGUN4_W26,socioeco,inferred,,Inferred from occupation,low,INCOME,"$100,000 or more","Less than $30,000",False,0.5565652539149443,2,2
GROWUPGUN4_W26,socioeco,inferred,,Inferred from occupation,high,INCOME,"Less than $30,000","$100,000 or more",False,0.5594126860200657,2,2
GROWUPGUN4_W26,socioeco,inferred,,Inferred from occupation,high,INCOME,"$100,000 or more","$100,000 or more",True,0.5630630660200656,2,2
GROWUPGUN6_W26,socioeco,inferred,,Inferred from occupation,low,INCOME,"Less than $30,000","Less than $30,000",True,0.33848112121699697,2,2
GROWUPGUN6_W26,socioeco,inferred,,Inferred from occupation,low,INCOME,"$100,000 or more","Less than $30,000",False,0.3858716593150903,2,2
GROWUPGUN6_W26,socioeco,inferred,,Inferred from occupation,high,INCOME,"Less than $30,000","$100,000 or more",False,0.5005589155711594,2,2
GROWUPGUN6_W26,socioeco,inferred,,Inferred from occupation,high,INCOME,"$100,000 or more","$100,000 or more",True,0.5479494536692527,2,2
GROWUPGUN7_W26,socioeco,inferred,,Inferred from occupation,low,INCOME,"Less than $30,000","Less than $30,000",True,0.4917315777536628,2,2
GROWUPGUN7_W26,socioeco,inferred,,Inferred from occupation,low,INCOME,"$100,000 or more","Less than $30,000",False,0.6241997463650335,2,2
GROWUPGUN7_W26,socioeco,inferred,,Inferred from occupation,high,INCOME,"Less than $30,000","$100,000 or more",False,0.5770395257569215,2,2
GROWUPGUN7_W26,socioeco,inferred,,Inferred from occupation,high,INCOME,"$100,000 or more","$100,000 or more",True,0.7520023538599755,2,2
GROWUPVIOL_W26,socioeco,inferred,,Inferred from occupation,low,INCOME,"Less than $30,000","Less than $30,000",True,1.837105704970613,2,2
GROWUPVIOL_W26,socioeco,inferred,,Inferred from occupation,low,INCOME,"$100,000 or more","Less than $30,000",False,2.184732154970613,2,2
GROWUPVIOL_W26,socioeco,inferred,,Inferred from occupation,high,INCOME,"Less than $30,000","$100,000 or more",False,1.713492027829083,2,2
GROWUPVIOL_W26,socioeco,inferred,,Inferred from occupation,high,INCOME,"$100,000 or more","$100,000 or more",True,2.061118477829083,2,2
GUNACCESS_W26,socioeco,inferred,,Inferred from occupation,low,INCOME,"Less than $30,000","Less than $30,000",True,1.4902805409029025,2,2
GUNACCESS_W26,socioeco,inferred,,Inferred from occupation,low,INCOME,"$100,000 or more","Less than $30,000",False,1.736781518632201,2,2
GUNACCESS_W26,socioeco,inferred,,Inferred from occupation,high,INCOME,"Less than $30,000","$100,000 or more",False,1.490279976902984,2,2
GUNACCESS_W26,socioeco,inferred,,Inferred from occupation,high,INCOME,"$100,000 or more","$100,000 or more",True,1.7367809546322825,2,2
GUNACTIVITYA_W26,socioeco,inferred,,Inferred from occupation,low,INCOME,"Less than $30,000","Less than $30,000",True,0.8318504501078265,2,2
GUNACTIVITYA_W26,socioeco,inferred,,Inferred from occupation,low,INCOME,"$100,000 or more","Less than $30,000",False,0.8068474515002189,2,2
GUNACTIVITYA_W26,socioeco,inferred,,Inferred from occupation,high,INCOME,"Less than $30,000","$100,000 or more",False,0.8831652859740151,2,2
GUNACTIVITYA_W26,socioeco,inferred,,Inferred from occupation,high,INCOME,"$100,000 or more","$100,000 or more",True,0.8581622873664074,2,2
GUNACTIVITYB_W26,socioeco,inferred,,Inferred from occupation,low,INCOME,"Less than $30,000","Less than $30,000",True,0.7948560954803985,2,2
GUNACTIVITYB_W26,socioeco,inferred,,Inferred from occupation,low,INCOME,"$100,000 or more","Less than $30,000",False,0.7692984536193063,2,2
GUNACTIVITYB_W26,socioeco,inferred,,Inferred from occupation,high,INCOME,"Less than $30,000","$100,000 or more",False,0.8106461580298128,2,2
GUNACTIVITYB_W26,socioeco,inferred,,Inferred from occupation,high,INCOME,"$100,000 or more","$100,000 or more",True,0.7850885161687206,2,2
GUNCONTRIBA_W26,socioeco,inferred,,Inferred from occupation,low,INCOME,"Less than $30,000","Less than $30,000",True,0.7498291299614962,2,2
GUNCONTRIBA_W26,socioeco,inferred,,Inferred from occupation,low,INCOME,"$100,000 or more","Less than $30,000",False,0.8893506877298937,2,2
GUNCONTRIBA_W26,socioeco,inferred,,Inferred from occupation,high,INCOME,"Less than $30,000","$100,000 or more",False,0.7545931364540689,2,2
GUNCONTRIBA_W26,socioeco,inferred,,Inferred from occupation,high,INCOME,"$100,000 or more","$100,000 or more",True,0.8941146942224665,2,2
GUNCONTRIBC_W26,socioeco,inferred,,Inferred from occupation,low,INCOME,"Less than $30,000","Less than $30,000",True,0.5388459272805942,2,2
GUNCONTRIBC_W26,socioeco,inferred,,Inferred from occupation,low,INCOME,"$100,000 or more","Less than $30,000",False,0.42953257485651364,2,2
GUNCONTRIBC_W26,socioeco,inferred,,Inferred from occupation,high,INCOME,"Less than $30,000","$100,000 or more",False,0.6194753764776626,2,2
GUNCONTRIBC_W26,socioeco,inferred,,Inferred from occupation,high,INCOME,"$100,000 or more","$100,000 or more",True,0.3677405342845055,2,2
GUNCONTRIBE_W26,socioeco,inferred,,Inferred from occupation,low,INCOME,"Less than $30,000","Less than $30,000",True,1.1099698719901996,2,2
GUNCONTRIBE_W26,socioeco,inferred,,Inferred from occupation,low,INCOME,"$100,000 or more","Less than $30,000",False,0.8690681319901995,2,2
GUNCONTRIBE_W26,socioeco,inferred,,Inferred from occupation,high,INCOME,"Less than $30,000","$100,000 or more",False,1.1096760820147562,2,2
GUNCONTRIBE_W26,socioeco,inferred,,Inferred from occupation,high,INCOME,"$100,000 or more","$100,000 or more",True,0.868774342014756,2,2
GUNCONTRIBF_W26,socioeco,inferred,,Inferred from occupation,low,INCOME,"Less than $30,000","Less than $30,000",True,0.5223845455789913,2,2
GUNCONTRIBF_W26,socioeco,inferred,,Inferred from occupation,low,INCOME,"$100,000 or more","Less than $30,000",False,0.45603507022914497,2,2
GUNCONTRIBF_W26,socioeco,inferred,,Inferred from occupation,high,INCOME,"Less than $30,000","$100,000 or more",False,0.4388024474491135,2,2
GUNCONTRIBF_W26,socioeco,inferred,,Inferred from occupation,high,INCOME,"$100,000 or more","$100,000 or more",True,0.3724529720992672,2,2
GUNFRIEND_W26,socioeco,inferred,,Inferred from occupation,low,INCOME,"Less than $30,000","Less than $30,000",True,1.869543021293157,2,2
GUNFRIEND_W26,socioeco,inferred,,Inferred from occupation,low,INCOME,"$100,000 or more","Less than $30,000",False,1.8655216800028533,2,2
GUNFRIEND_W26,socioeco,inferred,,Inferred from occupation,high,INCOME,"Less than $30,000","$100,000 or more",False,1.8703294472903038,2,2
GUNFRIEND_W26,socioeco,inferred,,Inferred from occupation,high,INCOME,"$100,000 or more","$100,000 or more",True,1.866308106,2,2
GUNIDENTITY_W26,socioeco,inferred,,Inferred from occupation,low,INCOME,"Less than $30,000","Less than $30,000",True,0.9028850426881696,2,2
GUNIDENTITY_W26,socioeco,inferred,,Inferred from occupation,low,INCOME,"$100,000 or more","Less than $30,000",False,0.8924201926881695,2,2
GUNIDENTITY_W26,socioeco,inferred,,Inferred from occupation,high,INCOME,"Less than $30,000","$100,000 or more",False,0.9158185904392122,2,2
GUNIDENTITY_W26,socioeco,inferred,,Inferred from occupation,high,INCOME,"$100,000 or more","$100,000 or more",True,0.9053537404392121,2,2
GUNLOADED1_W26,socioeco,inferred,,Inferred from occupation,low,INCOME,"Less than $30,000","Less than $30,000",True,0.587603842,2,2
GUNLOADED1_W26,socioeco,inferred,,Inferred from occupation,low,INCOME,"$100,000 or more","Less than $30,000",False,0.6487389219999999,2,2
GUNLOADED1_W26,socioeco,inferred,,Inferred from occupation,high,INCOME,"Less than $30,000","$100,000 or more",False,0.587602186,2,2
GUNLOADED1_W26,socioeco,inferred,,Inferred from occupation,high,INCOME,"$100,000 or more","$100,000 or more",True,0.6487372659999999,2,2
GUNLOADED2_W26,socioeco,inferred,,Inferred from occupation,low,INCOME,"Less than $30,000","Less than $30,000",True,0.4084884780015801,2,2
GUNLOADED2_W26,socioeco,inferred,,Inferred from occupation,low,INCOME,"$100,000 or more","Less than $30,000",False,0.2683907780015801,2,2
GUNLOADED2_W26,socioeco,inferred,,Inferred from occupation,high,INCOME,"Less than $30,000","$100,000 or more",False,0.4045442520589061,2,2
GUNLOADED2_W26,socioeco,inferred,,Inferred from occupation,high,INCOME,"$100,000 or more","$100,000 or more",True,0.2644465520589061,2,2
GUNLOCKED1_W26,socioeco,inferred,,Inferred from occupation,low,INCOME,"Less than $30,000","Less than $30,000",True,0.6095043610421698,2,2
GUNLOCKED1_W26,socioeco,inferred,,Inferred from occupation,low,INCOME,"$100,000 or more","Less than $30,000",False,0.6115236810421698,2,2
GUNLOCKED1_W26,socioeco,inferred,,Inferred from occupation,high,INCOME,"Less than $30,000","$100,000 or more",False,0.6286625400000001,2,2
GUNLOCKED1_W26,socioeco,inferred,,Inferred from occupation,high,INCOME,"$100,000 or more","$100,000 or more",True,0.63068186,2,2
GUNLOCKED2_W26,socioeco,inferred,,Inferred from occupation,low,INCOME,"Less than $30,000","Less than $30,000",True,0.6231552940780738,2,2
GUNLOCKED2_W26,socioeco,inferred,,Inferred from occupation,low,INCOME,"$100,000 or more","Less than $30,000",False,0.48665735407807376,2,2
GUNLOCKED2_W26,socioeco,inferred,,Inferred from occupation,high,INCOME,"Less than $30,000","$100,000 or more",False,0.6338059679716606,2,2
GUNLOCKED2_W26,socioeco,inferred,,Inferred from occupation,high,INCOME,"$100,000 or more","$100,000 or more",True,0.4973080279716605,2,2
GUNRESPKIDSD_W26,socioeco,inferred,,Inferred from occupation,low,INCOME,"Less than $30,000","Less than $30,000",True,1.4004527499999129,2,2
GUNRESPKIDSD_W26,socioeco,inferred,,Inferred from occupation,low,INCOME,"$100,000 or more","Less than $30,000",False,1.714984462849996,2,2
GUNRESPKIDSD_W26,socioeco,inferred,,Inferred from occupation,high,INCOME,"Less than $30,000","$100,000 or more",False,1.400451846000049,2,2
GUNRESPKIDSD_W26,socioeco,inferred,,Inferred from occupation,high,INCOME,"$100,000 or more","$100,000 or more",True,1.7149835588501317,2,2
GUNRESPKIDSE_W26,socioeco,inferred,,Inferred from occupation,low,INCOME,"Less than $30,000","Less than $30,000",True,0.7812560720000264,2,2
GUNRESPKIDSE_W26,socioeco,inferred,,Inferred from occupation,low,INCOME,"$100,000 or more","Less than $30,000",False,1.0191551721916006,2,2
GUNRESPKIDSE_W26,socioeco,inferred,,Inferred from occupation,high,INCOME,"Less than $30,000","$100,000 or more",False,0.7812559519999298,2,2
GUNRESPKIDSE_W26,socioeco,inferred,,Inferred from occupation,high,INCOME,"$100,000 or more","$100,000 or more",True,1.0191550521915038,2,2
GUNRESPNOKIDSA_W26,socioeco,inferred,,Inferred from occupation,low,INCOME,"Less than $30,000","Less than $30,000",True,0.5517587700004474,2,2
GUNRESPNOKIDSA_W26,socioeco,inferred,,Inferred from occupation,low,INCOME,"$100,000 or more","Less than $30,000",False,0.5419135254196623,2,2
GUNRESPNOKIDSA_W26,socioeco,inferred,,Inferred from occupation,high,INCOME,"Less than $30,000","$100,000 or more",False,0.5517579960002981,2,2
GUNRESPNOKIDSA_W26,socioeco,inferred,,Inferred from occupation,high,INCOME,"$100,000 or more","$100,000 or more",True,0.541912751419513,2,2
GUNRESPNOKIDSB_W26,socioeco,inferred,,Inferred from occupation,low,INCOME,"Less than $30,000","Less than $30,000",True,0.4020644430884417,2,2
GUNRESPNOKIDSB_W26,socioeco,inferred,,Inferred from occupation,low,INCOME,"$100,000 or more","Less than $30,000",False,0.36929604276075734,2,2
GUNRESPNOKIDSB_W26,socioeco,inferred,,Inferred from occupation,high,INCOME,"Less than $30,000","$100,000 or more",False,0.49477352434599386,2,2
GUNRESPNOKIDSB_W26,socioeco,inferred,,Inferred from occupation,high,INCOME,"$100,000 or more","$100,000 or more",True,0.5088413044866714,2,2
GUNRESPNOKIDSC_W26,socioeco,inferred,,Inferred from occupation,low,INCOME,"Less than $30,000","Less than $30,000",True,0.45109838451905815,2,2
GUNRESPNOKIDSC_W26,socioeco,inferred,,Inferred from occupation,low,INCOME,"$100,000 or more","Less than $30,000",False,0.3135789391438625,2,2
GUNRESPNOKIDSC_W26,socioeco,inferred,,Inferred from occupation,high,INCOME,"Less than $30,000","$100,000 or more",False,0.45074139045973827,2,2
GUNRESPNOKIDSC_W26,socioeco,inferred,,Inferred from occupation,high,INCOME,"$100,000 or more","$100,000 or more",True,0.31322195308455036,2,2
GUNRESPNOKIDSD_W26,socioeco,inferred,,Inferred from occupation,low,INCOME,"Less than $30,000","Less than $30,000",True,1.3362855223719432,2,2
GUNRESPNOKIDSD_W26,socioeco,inferred,,Inferred from occupation,low,INCOME,"$100,000 or more","Less than $30,000",False,1.4851712023719434,2,2
GUNRESPNOKIDSD_W26,socioeco,inferred,,Inferred from occupation,high,INCOME,"Less than $30,000","$100,000 or more",False,1.4481662156152875,2,2
GUNRESPNOKIDSD_W26,socioeco,inferred,,Inferred from occupation,high,INCOME,"$100,000 or more","$100,000 or more",True,1.5970518956152877,2,2
GUNRESPNOKIDSE_W26,socioeco,inferred,,Inferred from occupation,low,INCOME,"Less than $30,000","Less than $30,000",True,1.0222561380035589,2,2
GUNRESPNOKIDSE_W26,socioeco,inferred,,Inferred from occupation,low,INCOME,"$100,000 or more","Less than $30,000",False,0.7927079880035586,2,2
GUNRESPNOKIDSE_W26,socioeco,inferred,,Inferred from occupation,high,INCOME,"Less than $30,000","$100,000 or more",False,1.0224194379979905,2,2
GUNRESPNOKIDSE_W26,socioeco,inferred,,Inferred from occupation,high,INCOME,"$100,000 or more","$100,000 or more",True,0.7928712879979904,2,2
GUNRESPNOKIDSF_W26,socioeco,inferred,,Inferred from occupation,low,INCOME,"Less than $30,000","Less than $30,000",True,0.7471412695203475,2,2
GUNRESPNOKIDSF_W26,socioeco,inferred,,Inferred from occupation,low,INCOME,"$100,000 or more","Less than $30,000",False,0.7655287260638479,2,2
GUNRESPNOKIDSF_W26,socioeco,inferred,,Inferred from occupation,high,INCOME,"Less than $30,000","$100,000 or more",False,0.8159148057705913,2,2
GUNRESPNOKIDSF_W26,socioeco,inferred,,Inferred from occupation,high,INCOME,"$100,000 or more","$100,000 or more",True,0.8343022623140917,2,2
GUNSAFETYKIDS_W26,socioeco,inferred,,Inferred from occupation,low,INCOME,"Less than $30,000","Less than $30,000",True,0.44352813535688645,2,2
GUNSAFETYKIDS_W26,socioeco,inferred,,Inferred from occupation,low,INCOME,"$100,000 or more","Less than $30,000",False,0.44640720535688644,2,2
GUNSAFETYKIDS_W26,socioeco,inferred,,Inferred from occupation,high,INCOME,"Less than $30,000","$100,000 or more",False,0.4756301732149076,2,2
GUNSAFETYKIDS_W26,socioeco,inferred,,Inferred from occupation,high,INCOME,"$100,000 or more","$100,000 or more",True,0.47850924321490756,2,2
GUNSAFE_W26,socioeco,inferred,,Inferred from occupation,low,INCOME,"Less than $30,000","Less than $30,000",True,0.21633660923596623,2,2
GUNSAFE_W26,socioeco,inferred,,Inferred from occupation,low,INCOME,"$100,000 or more","Less than $30,000",False,0.19095031614663135,2,2
GUNSAFE_W26,socioeco,inferred,,Inferred from occupation,high,INCOME,"Less than $30,000","$100,000 or more",False,0.06424746576847973,2,2
GUNSAFE_W26,socioeco,inferred,,Inferred from occupation,high,INCOME,"$100,000 or more","$100,000 or more",True,0.0896337588578146,2,2
GUNTYPEOWNC_W26,socioeco,inferred,,Inferred from occupation,low,INCOME,"Less than $30,000","Less than $30,000",True,0.84611192399851,2,2
GUNTYPEOWNC_W26,socioeco,inferred,,Inferred from occupation,low,INCOME,"$100,000 or more","Less than $30,000",False,1.220425616203594,2,2
GUNTYPEOWNC_W26,socioeco,inferred,,Inferred from occupation,high,INCOME,"Less than $30,000","$100,000 or more",False,0.846115209999523,2,2
GUNTYPEOWNC_W26,socioeco,inferred,,Inferred from occupation,high,INCOME,"$100,000 or more","$100,000 or more",True,1.220428902204607,2,2
NOCARRYGUN_W26,socioeco,inferred,,Inferred from occupation,low,INCOME,"Less than $30,000","Less than $30,000",True,0.48594406571130666,2,2
NOCARRYGUN_W26,socioeco,inferred,,Inferred from occupation,low,INCOME,"$100,000 or more","Less than $30,000",False,0.47406081571130665,2,2
NOCARRYGUN_W26,socioeco,inferred,,Inferred from occupation,high,INCOME,"Less than $30,000","$100,000 or more",False,0.6236915201523318,2,2
NOCARRYGUN_W26,socioeco,inferred,,Inferred from occupation,high,INCOME,"$100,000 or more","$100,000 or more",True,0.6118082701523317,2,2
REASONGUNA_W26,socioeco,inferred,,Inferred from occupation,low,INCOME,"Less than $30,000","Less than $30,000",True,0.222408091961126,2,2
REASONGUNA_W26,socioeco,inferred,,Inferred from occupation,low,INCOME,"$100,000 or more","Less than $30,000",False,0.255238331961126,2,2
REASONGUNA_W26,socioeco,inferred,,Inferred from occupation,high,INCOME,"Less than $30,000","$100,000 or more",False,0.28734372686683585,2,2
REASONGUNA_W26,socioeco,inferred,,Inferred from occupation,high,INCOME,"$100,000 or more","$100,000 or more",True,0.4485619868668359,2,2
REASONGUNB_W26,socioeco,inferred,,Inferred from occupation,low,INCOME,"Less than $30,000","Less than $30,000",True,1.0814074491524597,2,2
REASONGUNB_W26,socioeco,inferred,,Inferred from occupation,low,INCOME,"$100,000 or more","Less than $30,000",False,0.9508845799745022,2,2
REASONGUNB_W26,socioeco,inferred,,Inferred from occupation,high,INCOME,"Less than $30,000","$100,000 or more",False,1.0821185311788146,2,2
REASONGUNB_W26,socioeco,inferred,,Inferred from occupation,high,INCOME,"$100,000 or more","$100,000 or more",True,0.9515956620008572,2,2
REASONGUNC_W26,socioeco,inferred,,Inferred from occupation,low,INCOME,"Less than $30,000","Less than $30,000",True,0.2814949978115211,2,2
REASONGUNC_W26,socioeco,inferred,,Inferred from occupation,low,INCOME,"$100,000 or more","Less than $30,000",False,0.4441490384414904,2,2
REASONGUNC_W26,socioeco,inferred,,Inferred from occupation,high,INCOME,"Less than $30,000","$100,000 or more",False,0.2978884391937196,2,2
REASONGUNC_W26,socioeco,inferred,,Inferred from occupation,high,INCOME,"$100,000 or more","$100,000 or more",True,0.4605424798236889,2,2
REASONGUND_W26,socioeco,inferred,,Inferred from occupation,low,INCOME,"Less than $30,000","Less than $30,000",True,0.6702232319994597,2,2
REASONGUND_W26,socioeco,inferred,,Inferred from occupation,low,INCOME,"$100,000 or more","Less than $30,000",False,0.5892859219994597,2,2
REASONGUND_W26,socioeco,inferred,,Inferred from occupation,high,INCOME,"Less than $30,000","$100,000 or more",False,0.6702292079999467,2,2
REASONGUND_W26,socioeco,inferred,,Inferred from occupation,high,INCOME,"$100,000 or more","$100,000 or more",True,0.5892918979999467,2,2
REASONGUNE_W26,socioeco,inferred,,Inferred from occupation,low,INCOME,"Less than $30,000","Less than $30,000",True,0.2807277659998296,2,2
REASONGUNE_W26,socioeco,inferred,,Inferred from occupation,low,INCOME,"$100,000 or more","Less than $30,000",False,0.20682641599982965,2,2
REASONGUNE_W26,socioeco,inferred,,Inferred from occupation,high,INCOME,"Less than $30,000","$100,000 or more",False,0.28012786199152684,2,2
REASONGUNE_W26,socioeco,inferred,,Inferred from occupation,high,INCOME,"$100,000 or more","$100,000 or more",True,0.20622651199152683,2,2
SHOOTFREQ_W26,socioeco,inferred,,Inferred from occupation,low,INCOME,"Less than $30,000","Less than $30,000",True,0.6954499339988681,2,2
SHOOTFREQ_W26,socioeco,inferred,,Inferred from occupation,low,INCOME,"$100,000 or more","Less than $30,000",False,0.9421997845763043,2,2
SHOOTFREQ_W26,socioeco,inferred,,Inferred from occupation,high,INCOME,"Less than $30,000","$100,000 or more",False,0.695444214,2,2
SHOOTFREQ_W26,socioeco,inferred,,Inferred from occupation,high,INCOME,"$100,000 or more","$100,000 or more",True,0.9421940645774363,2,2
WORRYB_W26,socioeco,inferred,,Inferred from occupation,low,INCOME,"Less than $30,000","Less than $30,000",True,0.6958510052800809,2,2
WORRYB_W26,socioeco,inferred,,Inferred from occupation,low,INCOME,"$100,000 or more","Less than $30,000",False,0.3466052152800809,2,2
WORRYB_W26,socioeco,inferred,,Inferred from occupation,high,INCOME,"Less than $30,000","$100,000 or more",False,0.5153014948911449,2,2
WORRYB_W26,socioeco,inferred,,Inferred from occupation,high,INCOME,"$100,000 or more","$100,000 or more",True,0.16605570489114477,2,2
WORRYD_W26,socioeco,inferred,,Inferred from occupation,low,INCOME,"Less than $30,000","Less than $30,000",True,0.2359571793479518,2,2
WORRYD_W26,socioeco,inferred,,Inferred from occupation,low,INCOME,"$100,000 or more","Less than $30,000",False,0.7539898786520649,2,2
WORRYD_W26,socioeco,inferred,,Inferred from occupation,high,INCOME,"Less than $30,000","$100,000 or more",False,0.4789504717842737,2,2
WORRYD_W26,socioeco,inferred,,Inferred from occupation,high,INCOME,"$100,000 or more","$100,000 or more",True,1.1598427017842736,2,2
WORRYE_W26,socioeco,inferred,,Inferred from occupation,low,INCOME,"Less than $30,000","Less than $30,000",True,0.43441590719536727,2,2
WORRYE_W26,socioeco,inferred,,Inferred from occupation,low,INCOME,"$100,000 or more","Less than $30,000",False,0.4542917116607036,2,2
WORRYE_W26,socioeco,inferred,,Inferred from occupation,high,INCOME,"Less than $30,000","$100,000 or more",False,0.44629806953654816,2,2
WORRYE_W26,socioeco,inferred,,Inferred from occupation,high,INCOME,"$100,000 or more","$100,000 or more",True,0.4661738740018845,2,2
WORRYF_W26,socioeco,inferred,,Inferred from occupation,low,INCOME,"Less than $30,000","Less than $30,000",True,0.5955131318478717,2,2
WORRYF_W26,socioeco,inferred,,Inferred from occupation,low,INCOME,"$100,000 or more","Less than $30,000",False,0.6958224318478715,2,2
WORRYF_W26,socioeco,inferred,,Inferred from occupation,high,INCOME,"Less than $30,000","$100,000 or more",False,0.5435906036469753,2,2
WORRYF_W26,socioeco,inferred,,Inferred from occupation,high,INCOME,"$100,000 or more","$100,000 or more",True,0.6958067363515625,2,2
BOYSF1B_W29,socioeco,inferred,,Inferred from occupation,low,INCOME,"Less than $30,000","Less than $30,000",True,0.32878373649684145,2,2
BOYSF1B_W29,socioeco,inferred,,Inferred from occupation,low,INCOME,"$100,000 or more","Less than $30,000",False,0.2973663714968415,2,2
BOYSF1B_W29,socioeco,inferred,,Inferred from occupation,high,INCOME,"Less than $30,000","$100,000 or more",False,0.3426385047245131,2,2
BOYSF1B_W29,socioeco,inferred,,Inferred from occupation,high,INCOME,"$100,000 or more","$100,000 or more",True,0.31122113972451315,2,2
FAVORS_CPS_W29,socioeco,inferred,,Inferred from occupation,low,INCOME,"Less than $30,000","Less than $30,000",True,0.7743993269821412,2,2
FAVORS_CPS_W29,socioeco,inferred,,Inferred from occupation,low,INCOME,"$100,000 or more","Less than $30,000",False,0.5491457729528643,2,2
FAVORS_CPS_W29,socioeco,inferred,,Inferred from occupation,high,INCOME,"Less than $30,000","$100,000 or more",False,0.9949333755674057,2,2
FAVORS_CPS_W29,socioeco,inferred,,Inferred from occupation,high,INCOME,"$100,000 or more","$100,000 or more",True,0.701993510763526,2,2
FEM2_W29,socioeco,inferred,,Inferred from occupation,low,INCOME,"Less than $30,000","Less than $30,000",True,0.42035445558559903,2,2
FEM2_W29,socioeco,inferred,,Inferred from occupation,low,INCOME,"$100,000 or more","Less than $30,000",False,0.24764370049204004,2,2
FEM2_W29,socioeco,inferred,,Inferred from occupation,high,INCOME,"Less than $30,000","$100,000 or more",False,0.4996824013063759,2,2
FEM2_W29,socioeco,inferred,,Inferred from occupation,high,INCOME,"$100,000 or more","$100,000 or more",True,0.32697164621281694,2,2
GIRLSF2C_W29,socioeco,inferred,,Inferred from occupation,low,INCOME,"Less than $30,000","Less than $30,000",True,0.27788435200538775,2,2
GIRLSF2C_W29,socioeco,inferred,,Inferred from occupation,low,INCOME,"$100,000 or more","Less than $30,000",False,0.28506210486498845,2,2
GIRLSF2C_W29,socioeco,inferred,,Inferred from occupation,high,INCOME,"Less than $30,000","$100,000 or more",False,0.27750054098461874,2,2
GIRLSF2C_W29,socioeco,inferred,,Inferred from occupation,high,INCOME,"$100,000 or more","$100,000 or more",True,0.2846782938442194,2,2
GIRLSF2D_W29,socioeco,inferred,,Inferred from occupation,low,INCOME,"Less than $30,000","Less than $30,000",True,0.2577238735770495,2,2
GIRLSF2D_W29,socioeco,inferred,,Inferred from occupation,low,INCOME,"$100,000 or more","Less than $30,000",False,0.19645679099957422,2,2
GIRLSF2D_W29,socioeco,inferred,,Inferred from occupation,high,INCOME,"Less than $30,000","$100,000 or more",False,0.2577259255775185,2,2
GIRLSF2D_W29,socioeco,inferred,,Inferred from occupation,high,INCOME,"$100,000 or more","$100,000 or more",True,0.19645884300004324,2,2
GOPDIRCT_W29,socioeco,inferred,,Inferred from occupation,low,INCOME,"Less than $30,000","Less than $30,000",True,0.7014743246235331,2,2
GOPDIRCT_W29,socioeco,inferred,,Inferred from occupation,low,INCOME,"$100,000 or more","Less than $30,000",False,0.33915746499171484,2,2
GOPDIRCT_W29,socioeco,inferred,,Inferred from occupation,high,INCOME,"Less than $30,000","$100,000 or more",False,0.5330339204921141,2,2
GOPDIRCT_W29,socioeco,inferred,,Inferred from occupation,high,INCOME,"$100,000 or more","$100,000 or more",True,0.1707170608602958,2,2
HOOD_NHISB_W29,socioeco,inferred,,Inferred from occupation,low,INCOME,"Less than $30,000","Less than $30,000",True,0.6464683974717207,2,2
HOOD_NHISB_W29,socioeco,inferred,,Inferred from occupation,low,INCOME,"$100,000 or more","Less than $30,000",False,0.5700183633369915,2,2
HOOD_NHISB_W29,socioeco,inferred,,Inferred from occupation,high,INCOME,"Less than $30,000","$100,000 or more",False,0.6350931174980881,2,2
HOOD_NHISB_W29,socioeco,inferred,,Inferred from occupation,high,INCOME,"$100,000 or more","$100,000 or more",True,0.5586430833633589,2,2
LOCALELECT_W29,socioeco,inferred,,Inferred from occupation,low,INCOME,"Less than $30,000","Less than $30,000",True,1.147550856620283,2,2
LOCALELECT_W29,socioeco,inferred,,Inferred from occupation,low,INCOME,"$100,000 or more","Less than $30,000",False,0.8330187364996652,2,2
LOCALELECT_W29,socioeco,inferred,,Inferred from occupation,high,INCOME,"Less than $30,000","$100,000 or more",False,1.1410335283448256,2,2
LOCALELECT_W29,socioeco,inferred,,Inferred from occupation,high,INCOME,"$100,000 or more","$100,000 or more",True,0.8265014082242077,2,2
MAN1A_W29,socioeco,inferred,,Inferred from occupation,low,INCOME,"Less than $30,000","Less than $30,000",True,0.6244467301250688,2,2
MAN1A_W29,socioeco,inferred,,Inferred from occupation,low,INCOME,"$100,000 or more","Less than $30,000",False,0.5377166801250689,2,2
MAN1A_W29,socioeco,inferred,,Inferred from occupation,high,INCOME,"Less than $30,000","$100,000 or more",False,0.4492298540692543,2,2
MAN1A_W29,socioeco,inferred,,Inferred from occupation,high,INCOME,"$100,000 or more","$100,000 or more",True,0.2808662840692543,2,2
MAN1B_W29,socioeco,inferred,,Inferred from occupation,low,INCOME,"Less than $30,000","Less than $30,000",True,0.7677549969689437,2,2
MAN1B_W29,socioeco,inferred,,Inferred from occupation,low,INCOME,"$100,000 or more","Less than $30,000",False,0.8553359669689437,2,2
MAN1B_W29,socioeco,inferred,,Inferred from occupation,high,INCOME,"Less than $30,000","$100,000 or more",False,0.46746072787683907,2,2
MAN1B_W29,socioeco,inferred,,Inferred from occupation,high,INCOME,"$100,000 or more","$100,000 or more",True,0.5550416978768391,2,2
MAN1C_W29,socioeco,inferred,,Inferred from occupation,low,INCOME,"Less than $30,000","Less than $30,000",True,0.7440452657539983,2,2
MAN1C_W29,socioeco,inferred,,Inferred from occupation,low,INCOME,"$100,000 or more","Less than $30,000",False,0.9353643579216139,2,2
MAN1C_W29,socioeco,inferred,,Inferred from occupation,high,INCOME,"Less than $30,000","$100,000 or more",False,0.7540325581244435,2,2
MAN1C_W29,socioeco,inferred,,Inferred from occupation,high,INCOME,"$100,000 or more","$100,000 or more",True,0.9453516502920591,2,2
MAN1D_W29,socioeco,inferred,,Inferred from occupation,low,INCOME,"Less than $30,000","Less than $30,000",True,0.9320748460404948,2,2
MAN1D_W29,socioeco,inferred,,Inferred from occupation,low,INCOME,"$100,000 or more","Less than $30,000",False,0.7424394460404948,2,2
MAN1D_W29,socioeco,inferred,,Inferred from occupation,high,INCOME,"Less than $30,000","$100,000 or more",False,0.9333274699999744,2,2
MAN1D_W29,socioeco,inferred,,Inferred from occupation,high,INCOME,"$100,000 or more","$100,000 or more",True,0.7436920699999745,2,2
MAN1E_W29,socioeco,inferred,,Inferred from occupation,low,INCOME,"Less than $30,000","Less than $30,000",True,0.4526088470848295,2,2
MAN1E_W29,socioeco,inferred,,Inferred from occupation,low,INCOME,"$100,000 or more","Less than $30,000",False,0.3372015596435347,2,2
MAN1E_W29,socioeco,inferred,,Inferred from occupation,high,INCOME,"Less than $30,000","$100,000 or more",False,0.2973994082261486,2,2
MAN1E_W29,socioeco,inferred,,Inferred from occupation,high,INCOME,"$100,000 or more","$100,000 or more",True,0.26644179970006,2,2
MASC2_W29,socioeco,inferred,,Inferred from occupation,low,INCOME,"Less than $30,000","Less than $30,000",True,0.6691927266816607,2,2
MASC2_W29,socioeco,inferred,,Inferred from occupation,low,INCOME,"$100,000 or more","Less than $30,000",False,0.6908087466816607,2,2
MASC2_W29,socioeco,inferred,,Inferred from occupation,high,INCOME,"Less than $30,000","$100,000 or more",False,0.4071767766474088,2,2
MASC2_W29,socioeco,inferred,,Inferred from occupation,high,INCOME,"$100,000 or more","$100,000 or more",True,0.42879279664740877,2,2
S12_W29,socioeco,inferred,,Inferred from occupation,low,INCOME,"Less than $30,000","Less than $30,000",True,1.0630342176636547,2,2
S12_W29,socioeco,inferred,,Inferred from occupation,low,INCOME,"$100,000 or more","Less than $30,000",False,0.2907257711614921,2,2
S12_W29,socioeco,inferred,,Inferred from occupation,high,INCOME,"Less than $30,000","$100,000 or more",False,1.0161175025061577,2,2
S12_W29,socioeco,inferred,,Inferred from occupation,high,INCOME,"$100,000 or more","$100,000 or more",True,0.24380905600399527,2,2
S13_W29,socioeco,inferred,,Inferred from occupation,low,INCOME,"Less than $30,000","Less than $30,000",True,0.8136696779169931,2,2
S13_W29,socioeco,inferred,,Inferred from occupation,low,INCOME,"$100,000 or more","Less than $30,000",False,0.9930795444828006,2,2
S13_W29,socioeco,inferred,,Inferred from occupation,high,INCOME,"Less than $30,000","$100,000 or more",False,0.8101491239107074,2,2
S13_W29,socioeco,inferred,,Inferred from occupation,high,INCOME,"$100,000 or more","$100,000 or more",True,0.5518317044969512,2,2
SEENFEM_W29,socioeco,inferred,,Inferred from occupation,low,INCOME,"Less than $30,000","Less than $30,000",True,0.91755148,2,2
SEENFEM_W29,socioeco,inferred,,Inferred from occupation,low,INCOME,"$100,000 or more","Less than $30,000",False,0.72978982,2,2
SEENFEM_W29,socioeco,inferred,,Inferred from occupation,high,INCOME,"Less than $30,000","$100,000 or more",False,0.9182989500016706,2,2
SEENFEM_W29,socioeco,inferred,,Inferred from occupation,high,INCOME,"$100,000 or more","$100,000 or more",True,0.7305372900016706,2,2
SEENMASC_W29,socioeco,inferred,,Inferred from occupation,low,INCOME,"Less than $30,000","Less than $30,000",True,0.7509477964599534,2,2
SEENMASC_W29,socioeco,inferred,,Inferred from occupation,low,INCOME,"$100,000 or more","Less than $30,000",False,0.7664353339733503,2,2
SEENMASC_W29,socioeco,inferred,,Inferred from occupation,high,INCOME,"Less than $30,000","$100,000 or more",False,0.7511805544869213,2,2
SEENMASC_W29,socioeco,inferred,,Inferred from occupation,high,INCOME,"$100,000 or more","$100,000 or more",True,0.7666680920003184,2,2
TALK_CPS_W29,socioeco,inferred,,Inferred from occupation,low,INCOME,"Less than $30,000","Less than $30,000",True,0.8784096564450637,2,2
TALK_CPS_W29,socioeco,inferred,,Inferred from occupation,low,INCOME,"$100,000 or more","Less than $30,000",False,0.8850130364450637,2,2
TALK_CPS_W29,socioeco,inferred,,Inferred from occupation,high,INCOME,"Less than $30,000","$100,000 or more",False,0.33855459635963814,2,2
TALK_CPS_W29,socioeco,inferred,,Inferred from occupation,high,INCOME,"$100,000 or more","$100,000 or more",True,0.38996764897547415,2,2
WORRYBILL_W29,socioeco,inferred,,Inferred from occupation,low,INCOME,"Less than $30,000","Less than $30,000",True,0.7782509528854291,2,2
WORRYBILL_W29,socioeco,inferred,,Inferred from occupation,low,INCOME,"$100,000 or more","Less than $30,000",False,1.2621615758475944,2,2
WORRYBILL_W29,socioeco,inferred,,Inferred from occupation,high,INCOME,"Less than $30,000","$100,000 or more",False,0.795269170136294,2,2
WORRYBILL_W29,socioeco,inferred,,Inferred from occupation,high,INCOME,"$100,000 or more","$100,000 or more",True,1.279179793098459,2,2
CLASS_W32,socioeco,inferred,,Inferred from occupation,low,INCOME,"Less than $30,000","Less than $30,000",True,0.9182839408184159,2,2
CLASS_W32,socioeco,inferred,,Inferred from occupation,low,INCOME,"$100,000 or more","Less than $30,000",False,0.5811357383781482,2,2
CLASS_W32,socioeco,inferred,,Inferred from occupation,high,INCOME,"Less than $30,000","$100,000 or more",False,0.9053285488687467,2,2
CLASS_W32,socioeco,inferred,,Inferred from occupation,high,INCOME,"$100,000 or more","$100,000 or more",True,0.568180346428479,2,2
COMMIMPA_W32,socioeco,inferred,,Inferred from occupation,low,INCOME,"Less than $30,000","Less than $30,000",True,0.6675699266803633,2,2
COMMIMPA_W32,socioeco,inferred,,Inferred from occupation,low,INCOME,"$100,000 or more","Less than $30,000",False,0.5746962187886777,2,2
COMMIMPA_W32,socioeco,inferred,,Inferred from occupation,high,INCOME,"Less than $30,000","$100,000 or more",False,1.1644344639430126,2,2
COMMIMPA_W32,socioeco,inferred,,Inferred from occupation,high,INCOME,"$100,000 or more","$100,000 or more",True,1.0715607560513272,2,2
COMMIMPB_W32,socioeco,inferred,,Inferred from occupation,low,INCOME,"Less than $30,000","Less than $30,000",True,0.6430155159964656,2,2
COMMIMPB_W32,socioeco,inferred,,Inferred from occupation,low,INCOME,"$100,000 or more","Less than $30,000",False,0.6230667759964655,2,2
COMMIMPB_W32,socioeco,inferred,,Inferred from occupation,high,INCOME,"Less than $30,000","$100,000 or more",False,0.6431167459994002,2,2
COMMIMPB_W32,socioeco,inferred,,Inferred from occupation,high,INCOME,"$100,000 or more","$100,000 or more",True,0.6231680059994001,2,2
COMMIMPC_W32,socioeco,inferred,,Inferred from occupation,low,INCOME,"Less than $30,000","Less than $30,000",True,0.88590892956018,2,2
COMMIMPC_W32,socioeco,inferred,,Inferred from occupation,low,INCOME,"$100,000 or more","Less than $30,000",False,0.9845531971956378,2,2
COMMIMPC_W32,socioeco,inferred,,Inferred from occupation,high,INCOME,"Less than $30,000","$100,000 or more",False,1.156175718758972,2,2
COMMIMPC_W32,socioeco,inferred,,Inferred from occupation,high,INCOME,"$100,000 or more","$100,000 or more",True,1.25481998639443,2,2
COMMIMPF_W32,socioeco,inferred,,Inferred from occupation,low,INCOME,"Less than $30,000","Less than $30,000",True,0.8617632375953241,2,2
COMMIMPF_W32,socioeco,inferred,,Inferred from occupation,low,INCOME,"$100,000 or more","Less than $30,000",False,1.0723431775953243,2,2
COMMIMPF_W32,socioeco,inferred,,Inferred from occupation,high,INCOME,"Less than $30,000","$100,000 or more",False,0.8723805240024949,2,2
COMMIMPF_W32,socioeco,inferred,,Inferred from occupation,high,INCOME,"$100,000 or more","$100,000 or more",True,1.082960464002495,2,2
COMMIMPG_W32,socioeco,inferred,,Inferred from occupation,low,INCOME,"Less than $30,000","Less than $30,000",True,0.9322778821080786,2,2
COMMIMPG_W32,socioeco,inferred,,Inferred from occupation,low,INCOME,"$100,000 or more","Less than $30,000",False,0.9717425222825746,2,2
COMMIMPG_W32,socioeco,inferred,,Inferred from occupation,high,INCOME,"Less than $30,000","$100,000 or more",False,0.9420874560339424,2,2
COMMIMPG_W32,socioeco,inferred,,Inferred from occupation,high,INCOME,"$100,000 or more","$100,000 or more",True,0.9815520962084384,2,2
COMMIMPH_W32,socioeco,inferred,,Inferred from occupation,low,INCOME,"Less than $30,000","Less than $30,000",True,0.8256913159907588,2,2
COMMIMPH_W32,socioeco,inferred,,Inferred from occupation,low,INCOME,"$100,000 or more","Less than $30,000",False,0.7011210830039787,2,2
COMMIMPH_W32,socioeco,inferred,,Inferred from occupation,high,INCOME,"Less than $30,000","$100,000 or more",False,0.8258117440014484,2,2
COMMIMPH_W32,socioeco,inferred,,Inferred from occupation,high,INCOME,"$100,000 or more","$100,000 or more",True,0.7012415110146681,2,2
COMMYRS_W32,socioeco,inferred,,Inferred from occupation,low,INCOME,"Less than $30,000","Less than $30,000",True,0.816601166124351,2,2
COMMYRS_W32,socioeco,inferred,,Inferred from occupation,low,INCOME,"$100,000 or more","Less than $30,000",False,1.0335954330104153,2,2
COMMYRS_W32,socioeco,inferred,,Inferred from occupation,high,INCOME,"Less than $30,000","$100,000 or more",False,0.8369262799607395,2,2
COMMYRS_W32,socioeco,inferred,,Inferred from occupation,high,INCOME,"$100,000 or more","$100,000 or more",True,1.0539205468468038,2,2
ETHNCMAJ_W32,socioeco,inferred,,Inferred from occupation,low,INCOME,"Less than $30,000","Less than $30,000",True,0.21498962014972633,2,2
ETHNCMAJ_W32,socioeco,inferred,,Inferred from occupation,low,INCOME,"$100,000 or more","Less than $30,000",False,0.1763493579997932,2,2
ETHNCMAJ_W32,socioeco,inferred,,Inferred from occupation,high,INCOME,"Less than $30,000","$100,000 or more",False,0.2149892151501134,2,2
ETHNCMAJ_W32,socioeco,inferred,,Inferred from occupation,high,INCOME,"$100,000 or more","$100,000 or more",True,0.17634895300018028,2,2
GAYMARR2_W32,socioeco,inferred,,Inferred from occupation,low,INCOME,"Less than $30,000","Less than $30,000",True,1.197276589740628,2,2
GAYMARR2_W32,socioeco,inferred,,Inferred from occupation,low,INCOME,"$100,000 or more","Less than $30,000",False,0.8733859997406279,2,2
GAYMARR2_W32,socioeco,inferred,,Inferred from occupation,high,INCOME,"Less than $30,000","$100,000 or more",False,1.3002528580000003,2,2
GAYMARR2_W32,socioeco,inferred,,Inferred from occupation,high,INCOME,"$100,000 or more","$100,000 or more",True,0.9763622680000001,2,2
HARASS2F1_W32,socioeco,inferred,,Inferred from occupation,low,INCOME,"Less than $30,000","Less than $30,000",True,0.49494338500000334,2,2
HARASS2F1_W32,socioeco,inferred,,Inferred from occupation,low,INCOME,"$100,000 or more","Less than $30,000",False,0.41340178500000335,2,2
HARASS2F1_W32,socioeco,inferred,,Inferred from occupation,high,INCOME,"Less than $30,000","$100,000 or more",False,0.49494441600000005,2,2
HARASS2F1_W32,socioeco,inferred,,Inferred from occupation,high,INCOME,"$100,000 or more","$100,000 or more",True,0.413402816,2,2
IMMIMPACT_W32,socioeco,inferred,,Inferred from occupation,low,INCOME,"Less than $30,000","Less than $30,000",True,0.054049970014535736,2,2
IMMIMPACT_W32,socioeco,inferred,,Inferred from occupation,low,INCOME,"$100,000 or more","Less than $30,000",False,0.06113042131963703,2,2
IMMIMPACT_W32,socioeco,inferred,,Inferred from occupation,high,INCOME,"Less than $30,000","$100,000 or more",False,0.3114803031834736,2,2
IMMIMPACT_W32,socioeco,inferred,,Inferred from occupation,high,INCOME,"$100,000 or more","$100,000 or more",True,0.25373733527495174,2,2
MOVERURAL_W32,socioeco,inferred,,Inferred from occupation,low,INCOME,"Less than $30,000","Less than $30,000",True,0.7904477911810512,2,2
MOVERURAL_W32,socioeco,inferred,,Inferred from occupation,low,INCOME,"$100,000 or more","Less than $30,000",False,0.700080110851049,2,2
MOVERURAL_W32,socioeco,inferred,,Inferred from occupation,high,INCOME,"Less than $30,000","$100,000 or more",False,0.6568651971004331,2,2
MOVERURAL_W32,socioeco,inferred,,Inferred from occupation,high,INCOME,"$100,000 or more","$100,000 or more",True,0.5664975167704309,2,2
MOVESUBURB_W32,socioeco,inferred,,Inferred from occupation,low,INCOME,"Less than $30,000","Less than $30,000",True,0.14074446102262228,2,2
MOVESUBURB_W32,socioeco,inferred,,Inferred from occupation,low,INCOME,"$100,000 or more","Less than $30,000",False,0.1930956210226223,2,2
MOVESUBURB_W32,socioeco,inferred,,Inferred from occupation,high,INCOME,"Less than $30,000","$100,000 or more",False,0.5393962560278684,2,2
MOVESUBURB_W32,socioeco,inferred,,Inferred from occupation,high,INCOME,"$100,000 or more","$100,000 or more",True,0.5917474160278685,2,2
MOVEURBAN_W32,socioeco,inferred,,Inferred from occupation,low,INCOME,"Less than $30,000","Less than $30,000",True,0.5438823930477025,2,2
MOVEURBAN_W32,socioeco,inferred,,Inferred from occupation,low,INCOME,"$100,000 or more","Less than $30,000",False,0.460234771218888,2,2
MOVEURBAN_W32,socioeco,inferred,,Inferred from occupation,high,INCOME,"Less than $30,000","$100,000 or more",False,0.5216694327703139,2,2
MOVEURBAN_W32,socioeco,inferred,,Inferred from occupation,high,INCOME,"$100,000 or more","$100,000 or more",True,0.4380218109414994,2,2
NEIGHINTERA_W32,socioeco,inferred,,Inferred from occupation,low,INCOME,"Less than $30,000","Less than $30,000",True,1.6017522114889011,2,2
NEIGHINTERA_W32,socioeco,inferred,,Inferred from occupation,low,INCOME,"$100,000 or more","Less than $30,000",False,1.402743484590344,2,2
NEIGHINTERA_W32,socioeco,inferred,,Inferred from occupation,high,INCOME,"Less than $30,000","$100,000 or more",False,1.4696092328910748,2,2
NEIGHINTERA_W32,socioeco,inferred,,Inferred from occupation,high,INCOME,"$100,000 or more","$100,000 or more",True,1.352434647220073,2,2
NEIGHINTERB_W32,socioeco,inferred,,Inferred from occupation,low,INCOME,"Less than $30,000","Less than $30,000",True,0.9112898231246029,2,2
NEIGHINTERB_W32,socioeco,inferred,,Inferred from occupation,low,INCOME,"$100,000 or more","Less than $30,000",False,0.6093571843224772,2,2
NEIGHINTERB_W32,socioeco,inferred,,Inferred from occupation,high,INCOME,"Less than $30,000","$100,000 or more",False,0.5676012486254722,2,2
NEIGHINTERB_W32,socioeco,inferred,,Inferred from occupation,high,INCOME,"$100,000 or more","$100,000 or more",True,0.4700385611171686,2,2
NEIGHKIDS_W32,socioeco,inferred,,Inferred from occupation,low,INCOME,"Less than $30,000","Less than $30,000",True,0.2087981938034671,2,2
NEIGHKIDS_W32,socioeco,inferred,,Inferred from occupation,low,INCOME,"$100,000 or more","Less than $30,000",False,0.24122364380346706,2,2
NEIGHKIDS_W32,socioeco,inferred,,Inferred from occupation,high,INCOME,"Less than $30,000","$100,000 or more",False,0.242137409429318,2,2
NEIGHKIDS_W32,socioeco,inferred,,Inferred from occupation,high,INCOME,"$100,000 or more","$100,000 or more",True,0.27456285942931796,2,2
NEIGHSAMEA_W32,socioeco,inferred,,Inferred from occupation,low,INCOME,"Less than $30,000","Less than $30,000",True,1.3820632997695308,2,2
NEIGHSAMEA_W32,socioeco,inferred,,Inferred from occupation,low,INCOME,"$100,000 or more","Less than $30,000",False,1.7961420579999996,2,2
NEIGHSAMEA_W32,socioeco,inferred,,Inferred from occupation,high,INCOME,"Less than $30,000","$100,000 or more",False,1.3219698996004392,2,2
NEIGHSAMEA_W32,socioeco,inferred,,Inferred from occupation,high,INCOME,"$100,000 or more","$100,000 or more",True,1.7360486578309084,2,2
SATLIFED_W32,socioeco,inferred,,Inferred from occupation,low,INCOME,"Less than $30,000","Less than $30,000",True,0.5961386744270153,2,2
SATLIFED_W32,socioeco,inferred,,Inferred from occupation,low,INCOME,"$100,000 or more","Less than $30,000",False,0.4618860117152923,2,2
SATLIFED_W32,socioeco,inferred,,Inferred from occupation,high,INCOME,"Less than $30,000","$100,000 or more",False,0.7127371505829988,2,2
SATLIFED_W32,socioeco,inferred,,Inferred from occupation,high,INCOME,"$100,000 or more","$100,000 or more",True,0.5784844878712758,2,2
SOCTRUST2_W32,socioeco,inferred,,Inferred from occupation,low,INCOME,"Less than $30,000","Less than $30,000",True,0.5168314780001573,2,2
SOCTRUST2_W32,socioeco,inferred,,Inferred from occupation,low,INCOME,"$100,000 or more","Less than $30,000",False,0.2564278480001573,2,2
SOCTRUST2_W32,socioeco,inferred,,Inferred from occupation,high,INCOME,"Less than $30,000","$100,000 or more",False,0.5161371579915109,2,2
SOCTRUST2_W32,socioeco,inferred,,Inferred from occupation,high,INCOME,"$100,000 or more","$100,000 or more",True,0.25573352799151094,2,2
VALUERURAL_W32,socioeco,inferred,,Inferred from occupation,low,INCOME,"Less than $30,000","Less than $30,000",True,0.5051930241855098,2,2
VALUERURAL_W32,socioeco,inferred,,Inferred from occupation,low,INCOME,"$100,000 or more","Less than $30,000",False,0.49628457418550975,2,2
VALUERURAL_W32,socioeco,inferred,,Inferred from occupation,high,INCOME,"Less than $30,000","$100,000 or more",False,0.8396875676766953,2,2
VALUERURAL_W32,socioeco,inferred,,Inferred from occupation,high,INCOME,"$100,000 or more","$100,000 or more",True,0.8307791176766953,2,2
WHADVANT_W32,socioeco,inferred,,Inferred from occupation,low,INCOME,"Less than $30,000","Less than $30,000",True,0.5177176816524001,2,2
WHADVANT_W32,socioeco,inferred,,Inferred from occupation,low,INCOME,"$100,000 or more","Less than $30,000",False,0.4562824116524002,2,2
WHADVANT_W32,socioeco,inferred,,Inferred from occupation,high,INCOME,"Less than $30,000","$100,000 or more",False,0.7714427273346005,2,2
WHADVANT_W32,socioeco,inferred,,Inferred from occupation,high,INCOME,"$100,000 or more","$100,000 or more",True,0.7100074573346006,2,2
WILLMOVE_W32,socioeco,inferred,,Inferred from occupation,low,INCOME,"Less than $30,000","Less than $30,000",True,0.5922423799224239,2,2
WILLMOVE_W32,socioeco,inferred,,Inferred from occupation,low,INCOME,"$100,000 or more","Less than $30,000",False,0.5517518108804993,2,2
WILLMOVE_W32,socioeco,inferred,,Inferred from occupation,high,INCOME,"Less than $30,000","$100,000 or more",False,0.8056449608157796,2,2
WILLMOVE_W32,socioeco,inferred,,Inferred from occupation,high,INCOME,"$100,000 or more","$100,000 or more",True,0.765154391773855,2,2
EAT1_W34,socioeco,inferred,,Inferred from occupation,low,INCOME,"Less than $30,000","Less than $30,000",True,0.5672896702384993,2,2
EAT1_W34,socioeco,inferred,,Inferred from occupation,low,INCOME,"$100,000 or more","Less than $30,000",False,0.5411924902384994,2,2
EAT1_W34,socioeco,inferred,,Inferred from occupation,high,INCOME,"Less than $30,000","$100,000 or more",False,0.47824784600000003,2,2
EAT1_W34,socioeco,inferred,,Inferred from occupation,high,INCOME,"$100,000 or more","$100,000 or more",True,0.4521506659999999,2,2
EAT2_W34,socioeco,inferred,,Inferred from occupation,low,INCOME,"Less than $30,000","Less than $30,000",True,0.8488608334363393,2,2
EAT2_W34,socioeco,inferred,,Inferred from occupation,low,INCOME,"$100,000 or more","Less than $30,000",False,0.6709730955811619,2,2
EAT2_W34,socioeco,inferred,,Inferred from occupation,high,INCOME,"Less than $30,000","$100,000 or more",False,0.8773641416558348,2,2
EAT2_W34,socioeco,inferred,,Inferred from occupation,high,INCOME,"$100,000 or more","$100,000 or more",True,0.6994764038006572,2,2
EAT5B_W34,socioeco,inferred,,Inferred from occupation,low,INCOME,"Less than $30,000","Less than $30,000",True,0.631068567999912,2,2
EAT5B_W34,socioeco,inferred,,Inferred from occupation,low,INCOME,"$100,000 or more","Less than $30,000",False,0.5425731779999119,2,2
EAT5B_W34,socioeco,inferred,,Inferred from occupation,high,INCOME,"Less than $30,000","$100,000 or more",False,0.6310667040001279,2,2
EAT5B_W34,socioeco,inferred,,Inferred from occupation,high,INCOME,"$100,000 or more","$100,000 or more",True,0.5425713140001278,2,2
EAT5C_W34,socioeco,inferred,,Inferred from occupation,low,INCOME,"Less than $30,000","Less than $30,000",True,0.5905622197004945,2,2
EAT5C_W34,socioeco,inferred,,Inferred from occupation,low,INCOME,"$100,000 or more","Less than $30,000",False,0.5824274697004945,2,2
EAT5C_W34,socioeco,inferred,,Inferred from occupation,high,INCOME,"Less than $30,000","$100,000 or more",False,0.5932037661022048,2,2
EAT5C_W34,socioeco,inferred,,Inferred from occupation,high,INCOME,"$100,000 or more","$100,000 or more",True,0.5850690161022051,2,2
EAT5D_W34,socioeco,inferred,,Inferred from occupation,low,INCOME,"Less than $30,000","Less than $30,000",True,0.5575724455296762,2,2
EAT5D_W34,socioeco,inferred,,Inferred from occupation,low,INCOME,"$100,000 or more","Less than $30,000",False,0.4457968844119205,2,2
EAT5D_W34,socioeco,inferred,,Inferred from occupation,high,INCOME,"Less than $30,000","$100,000 or more",False,0.5570680176789186,2,2
EAT5D_W34,socioeco,inferred,,Inferred from occupation,high,INCOME,"$100,000 or more","$100,000 or more",True,0.4452924565611628,2,2
EVOBIOA_W34,socioeco,inferred,,Inferred from occupation,low,INCOME,"Less than $30,000","Less than $30,000",True,0.3162617799998986,2,2
EVOBIOA_W34,socioeco,inferred,,Inferred from occupation,low,INCOME,"$100,000 or more","Less than $30,000",False,0.047794199999898535,2,2
EVOBIOA_W34,socioeco,inferred,,Inferred from occupation,high,INCOME,"Less than $30,000","$100,000 or more",False,0.3162619899999246,2,2
EVOBIOA_W34,socioeco,inferred,,Inferred from occupation,high,INCOME,"$100,000 or more","$100,000 or more",True,0.04779440999992457,2,2
EVOBIOB_W34,socioeco,inferred,,Inferred from occupation,low,INCOME,"Less than $30,000","Less than $30,000",True,0.3982298100000019,2,2
EVOBIOB_W34,socioeco,inferred,,Inferred from occupation,low,INCOME,"$100,000 or more","Less than $30,000",False,0.20321010000000184,2,2
EVOBIOB_W34,socioeco,inferred,,Inferred from occupation,high,INCOME,"Less than $30,000","$100,000 or more",False,0.39822992600000495,2,2
EVOBIOB_W34,socioeco,inferred,,Inferred from occupation,high,INCOME,"$100,000 or more","$100,000 or more",True,0.20321021600000488,2,2
EVOPERS3_W34,socioeco,inferred,,Inferred from occupation,low,INCOME,"Less than $30,000","Less than $30,000",True,0.9156919608428643,2,2
EVOPERS3_W34,socioeco,inferred,,Inferred from occupation,low,INCOME,"$100,000 or more","Less than $30,000",False,0.6585453365853235,2,2
EVOPERS3_W34,socioeco,inferred,,Inferred from occupation,high,INCOME,"Less than $30,000","$100,000 or more",False,0.9156928188430716,2,2
EVOPERS3_W34,socioeco,inferred,,Inferred from occupation,high,INCOME,"$100,000 or more","$100,000 or more",True,0.658546194585531,2,2
EVOTHREE_W34,socioeco,inferred,,Inferred from occupation,low,INCOME,"Less than $30,000","Less than $30,000",True,0.4840053379977227,2,2
EVOTHREE_W34,socioeco,inferred,,Inferred from occupation,low,INCOME,"$100,000 or more","Less than $30,000",False,0.37465175799772266,2,2
EVOTHREE_W34,socioeco,inferred,,Inferred from occupation,high,INCOME,"Less than $30,000","$100,000 or more",False,0.48373500999476626,2,2
EVOTHREE_W34,socioeco,inferred,,Inferred from occupation,high,INCOME,"$100,000 or more","$100,000 or more",True,0.3743814299947662,2,2
FUD22_W34,socioeco,inferred,,Inferred from occupation,low,INCOME,"Less than $30,000","Less than $30,000",True,0.9981734680104116,2,2
FUD22_W34,socioeco,inferred,,Inferred from occupation,low,INCOME,"$100,000 or more","Less than $30,000",False,0.7107527351075273,2,2
FUD22_W34,socioeco,inferred,,Inferred from occupation,high,INCOME,"Less than $30,000","$100,000 or more",False,0.9975775240143385,2,2
FUD22_W34,socioeco,inferred,,Inferred from occupation,high,INCOME,"$100,000 or more","$100,000 or more",True,0.7101567911114542,2,2
FUD24_W34,socioeco,inferred,,Inferred from occupation,low,INCOME,"Less than $30,000","Less than $30,000",True,0.2920625669991434,2,2
FUD24_W34,socioeco,inferred,,Inferred from occupation,low,INCOME,"$100,000 or more","Less than $30,000",False,0.2516361669991433,2,2
FUD24_W34,socioeco,inferred,,Inferred from occupation,high,INCOME,"Less than $30,000","$100,000 or more",False,0.27288657153720625,2,2
FUD24_W34,socioeco,inferred,,Inferred from occupation,high,INCOME,"$100,000 or more","$100,000 or more",True,0.23246017153720616,2,2
FUD33B_W34,socioeco,inferred,,Inferred from occupation,low,INCOME,"Less than $30,000","Less than $30,000",True,0.1615636370000288,2,2
FUD33B_W34,socioeco,inferred,,Inferred from occupation,low,INCOME,"$100,000 or more","Less than $30,000",False,0.21443946414445222,2,2
FUD33B_W34,socioeco,inferred,,Inferred from occupation,high,INCOME,"Less than $30,000","$100,000 or more",False,0.161563333,2,2
FUD33B_W34,socioeco,inferred,,Inferred from occupation,high,INCOME,"$100,000 or more","$100,000 or more",True,0.21443916014442344,2,2
FUD35_W34,socioeco,inferred,,Inferred from occupation,low,INCOME,"Less than $30,000","Less than $30,000",True,0.5232419939856234,2,2
FUD35_W34,socioeco,inferred,,Inferred from occupation,low,INCOME,"$100,000 or more","Less than $30,000",False,0.36942431235132545,2,2
FUD35_W34,socioeco,inferred,,Inferred from occupation,high,INCOME,"Less than $30,000","$100,000 or more",False,0.6815793802942981,2,2
FUD35_W34,socioeco,inferred,,Inferred from occupation,high,INCOME,"$100,000 or more","$100,000 or more",True,0.52776169866,2,2
FUD37A_W34,socioeco,inferred,,Inferred from occupation,low,INCOME,"Less than $30,000","Less than $30,000",True,0.5863146011984287,2,2
FUD37A_W34,socioeco,inferred,,Inferred from occupation,low,INCOME,"$100,000 or more","Less than $30,000",False,0.48504938119842883,2,2
FUD37A_W34,socioeco,inferred,,Inferred from occupation,high,INCOME,"Less than $30,000","$100,000 or more",False,0.444700585247908,2,2
FUD37A_W34,socioeco,inferred,,Inferred from occupation,high,INCOME,"$100,000 or more","$100,000 or more",True,0.37294021075199496,2,2
FUD37B_W34,socioeco,inferred,,Inferred from occupation,low,INCOME,"Less than $30,000","Less than $30,000",True,1.0511818254703291,2,2
FUD37B_W34,socioeco,inferred,,Inferred from occupation,low,INCOME,"$100,000 or more","Less than $30,000",False,0.663391746026779,2,2
FUD37B_W34,socioeco,inferred,,Inferred from occupation,high,INCOME,"Less than $30,000","$100,000 or more",False,1.0361150447014131,2,2
FUD37B_W34,socioeco,inferred,,Inferred from occupation,high,INCOME,"$100,000 or more","$100,000 or more",True,0.648324965257863,2,2
FUD37C_W34,socioeco,inferred,,Inferred from occupation,low,INCOME,"Less than $30,000","Less than $30,000",True,0.6949686510018558,2,2
FUD37C_W34,socioeco,inferred,,Inferred from occupation,low,INCOME,"$100,000 or more","Less than $30,000",False,0.7467696540231864,2,2
FUD37C_W34,socioeco,inferred,,Inferred from occupation,high,INCOME,"Less than $30,000","$100,000 or more",False,0.6930051510370112,2,2
FUD37C_W34,socioeco,inferred,,Inferred from occupation,high,INCOME,"$100,000 or more","$100,000 or more",True,0.7448061540583418,2,2
BETTERBIZ1F2D_W36,socioeco,inferred,,Inferred from occupation,low,INCOME,"Less than $30,000","Less than $30,000",True,0.20106663099998068,2,2
BETTERBIZ1F2D_W36,socioeco,inferred,,Inferred from occupation,low,INCOME,"$100,000 or more","Less than $30,000",False,0.14065036459347013,2,2
BETTERBIZ1F2D_W36,socioeco,inferred,,Inferred from occupation,high,INCOME,"Less than $30,000","$100,000 or more",False,0.20106664300001342,2,2
BETTERBIZ1F2D_W36,socioeco,inferred,,Inferred from occupation,high,INCOME,"$100,000 or more","$100,000 or more",True,0.14065037659350288,2,2
BETTERBIZ1F2E_W36,socioeco,inferred,,Inferred from occupation,low,INCOME,"Less than $30,000","Less than $30,000",True,0.2602214179999839,2,2
BETTERBIZ1F2E_W36,socioeco,inferred,,Inferred from occupation,low,INCOME,"$100,000 or more","Less than $30,000",False,0.2340684729999839,2,2
BETTERBIZ1F2E_W36,socioeco,inferred,,Inferred from occupation,high,INCOME,"Less than $30,000","$100,000 or more",False,0.2602214370000291,2,2
BETTERBIZ1F2E_W36,socioeco,inferred,,Inferred from occupation,high,INCOME,"$100,000 or more","$100,000 or more",True,0.2340684920000291,2,2
BETTERBIZ1F2H_W36,socioeco,inferred,,Inferred from occupation,low,INCOME,"Less than $30,000","Less than $30,000",True,0.20804425591955447,2,2
BETTERBIZ1F2H_W36,socioeco,inferred,,Inferred from occupation,low,INCOME,"$100,000 or more","Less than $30,000",False,0.15493609800000446,2,2
BETTERBIZ1F2H_W36,socioeco,inferred,,Inferred from occupation,high,INCOME,"Less than $30,000","$100,000 or more",False,0.2080442289195408,2,2
BETTERBIZ1F2H_W36,socioeco,inferred,,Inferred from occupation,high,INCOME,"$100,000 or more","$100,000 or more",True,0.1549360709999908,2,2
BETTERBIZ2F2C_W36,socioeco,inferred,,Inferred from occupation,low,INCOME,"Less than $30,000","Less than $30,000",True,0.17195458899997668,2,2
BETTERBIZ2F2C_W36,socioeco,inferred,,Inferred from occupation,low,INCOME,"$100,000 or more","Less than $30,000",False,0.0879929039999767,2,2
BETTERBIZ2F2C_W36,socioeco,inferred,,Inferred from occupation,high,INCOME,"Less than $30,000","$100,000 or more",False,0.17195465600000004,2,2
BETTERBIZ2F2C_W36,socioeco,inferred,,Inferred from occupation,high,INCOME,"$100,000 or more","$100,000 or more",True,0.08799297100000004,2,2
BETTERBIZ2F2E_W36,socioeco,inferred,,Inferred from occupation,low,INCOME,"Less than $30,000","Less than $30,000",True,0.14787985000000878,2,2
BETTERBIZ2F2E_W36,socioeco,inferred,,Inferred from occupation,low,INCOME,"$100,000 or more","Less than $30,000",False,0.09382910500000874,2,2
BETTERBIZ2F2E_W36,socioeco,inferred,,Inferred from occupation,high,INCOME,"Less than $30,000","$100,000 or more",False,0.14787993600002206,2,2
BETTERBIZ2F2E_W36,socioeco,inferred,,Inferred from occupation,high,INCOME,"$100,000 or more","$100,000 or more",True,0.09382919100002202,2,2
BETTERBIZ2F2F_W36,socioeco,inferred,,Inferred from occupation,low,INCOME,"Less than $30,000","Less than $30,000",True,0.24780820700001693,2,2
BETTERBIZ2F2F_W36,socioeco,inferred,,Inferred from occupation,low,INCOME,"$100,000 or more","Less than $30,000",False,0.2045678070000169,2,2
BETTERBIZ2F2F_W36,socioeco,inferred,,Inferred from occupation,high,INCOME,"Less than $30,000","$100,000 or more",False,0.24780821800001804,2,2
BETTERBIZ2F2F_W36,socioeco,inferred,,Inferred from occupation,high,INCOME,"$100,000 or more","$100,000 or more",True,0.204567818000018,2,2
BETTERPOL1F1B_W36,socioeco,inferred,,Inferred from occupation,low,INCOME,"Less than $30,000","Less than $30,000",True,0.34179714600002176,2,2
BETTERPOL1F1B_W36,socioeco,inferred,,Inferred from occupation,low,INCOME,"$100,000 or more","Less than $30,000",False,0.33443047600002174,2,2
BETTERPOL1F1B_W36,socioeco,inferred,,Inferred from occupation,high,INCOME,"Less than $30,000","$100,000 or more",False,0.34179721600001045,2,2
BETTERPOL1F1B_W36,socioeco,inferred,,Inferred from occupation,high,INCOME,"$100,000 or more","$100,000 or more",True,0.33443054600001043,2,2
BETTERPOL1F1E_W36,socioeco,inferred,,Inferred from occupation,low,INCOME,"Less than $30,000","Less than $30,000",True,0.23980369200003462,2,2
BETTERPOL1F1E_W36,socioeco,inferred,,Inferred from occupation,low,INCOME,"$100,000 or more","Less than $30,000",False,0.22903432200003462,2,2
BETTERPOL1F1E_W36,socioeco,inferred,,Inferred from occupation,high,INCOME,"Less than $30,000","$100,000 or more",False,0.2398036949999498,2,2
BETTERPOL1F1E_W36,socioeco,inferred,,Inferred from occupation,high,INCOME,"$100,000 or more","$100,000 or more",True,0.2290343249999498,2,2
BETTERPOL1F1I_W36,socioeco,inferred,,Inferred from occupation,low,INCOME,"Less than $30,000","Less than $30,000",True,0.2548423499998024,2,2
BETTERPOL1F1I_W36,socioeco,inferred,,Inferred from occupation,low,INCOME,"$100,000 or more","Less than $30,000",False,0.2464317649998024,2,2
BETTERPOL1F1I_W36,socioeco,inferred,,Inferred from occupation,high,INCOME,"Less than $30,000","$100,000 or more",False,0.254844397000062,2,2
BETTERPOL1F1I_W36,socioeco,inferred,,Inferred from occupation,high,INCOME,"$100,000 or more","$100,000 or more",True,0.246433812000062,2,2
BETTERPOL2F1A_W36,socioeco,inferred,,Inferred from occupation,low,INCOME,"Less than $30,000","Less than $30,000",True,0.17039534300000217,2,2
BETTERPOL2F1A_W36,socioeco,inferred,,Inferred from occupation,low,INCOME,"$100,000 or more","Less than $30,000",False,0.10924429409245606,2,2
BETTERPOL2F1A_W36,socioeco,inferred,,Inferred from occupation,high,INCOME,"Less than $30,000","$100,000 or more",False,0.17039548199996168,2,2
BETTERPOL2F1A_W36,socioeco,inferred,,Inferred from occupation,high,INCOME,"$100,000 or more","$100,000 or more",True,0.10924443309241558,2,2
BETTERPOL2F1C_W36,socioeco,inferred,,Inferred from occupation,low,INCOME,"Less than $30,000","Less than $30,000",True,0.21720298399998475,2,2
BETTERPOL2F1C_W36,socioeco,inferred,,Inferred from occupation,low,INCOME,"$100,000 or more","Less than $30,000",False,0.17940246399998477,2,2
BETTERPOL2F1C_W36,socioeco,inferred,,Inferred from occupation,high,INCOME,"Less than $30,000","$100,000 or more",False,0.21720308999995752,2,2
BETTERPOL2F1C_W36,socioeco,inferred,,Inferred from occupation,high,INCOME,"$100,000 or more","$100,000 or more",True,0.17940256999995757,2,2
BETTERPOL2F1D_W36,socioeco,inferred,,Inferred from occupation,low,INCOME,"Less than $30,000","Less than $30,000",True,0.2197932768020354,2,2
BETTERPOL2F1D_W36,socioeco,inferred,,Inferred from occupation,low,INCOME,"$100,000 or more","Less than $30,000",False,0.1780132839999761,2,2
BETTERPOL2F1D_W36,socioeco,inferred,,Inferred from occupation,high,INCOME,"Less than $30,000","$100,000 or more",False,0.2197933108020761,2,2
BETTERPOL2F1D_W36,socioeco,inferred,,Inferred from occupation,high,INCOME,"$100,000 or more","$100,000 or more",True,0.1780133180000168,2,2
BETTERPOL2F1F_W36,socioeco,inferred,,Inferred from occupation,low,INCOME,"Less than $30,000","Less than $30,000",True,0.19884261401153336,2,2
BETTERPOL2F1F_W36,socioeco,inferred,,Inferred from occupation,low,INCOME,"$100,000 or more","Less than $30,000",False,0.19222814407767808,2,2
BETTERPOL2F1F_W36,socioeco,inferred,,Inferred from occupation,high,INCOME,"Less than $30,000","$100,000 or more",False,0.1988428020115139,2,2
BETTERPOL2F1F_W36,socioeco,inferred,,Inferred from occupation,high,INCOME,"$100,000 or more","$100,000 or more",True,0.19222833207765863,2,2
E5_W36,socioeco,inferred,,Inferred from occupation,low,INCOME,"Less than $30,000","Less than $30,000",True,0.1744170212232442,2,2
E5_W36,socioeco,inferred,,Inferred from occupation,low,INCOME,"$100,000 or more","Less than $30,000",False,0.6122103012232442,2,2
E5_W36,socioeco,inferred,,Inferred from occupation,high,INCOME,"Less than $30,000","$100,000 or more",False,0.4174452555519528,2,2
E5_W36,socioeco,inferred,,Inferred from occupation,high,INCOME,"$100,000 or more","$100,000 or more",True,0.032389489783510195,2,2
ESSENBIZF2E_W36,socioeco,inferred,,Inferred from occupation,low,INCOME,"Less than $30,000","Less than $30,000",True,0.2566383624877243,2,2
ESSENBIZF2E_W36,socioeco,inferred,,Inferred from occupation,low,INCOME,"$100,000 or more","Less than $30,000",False,0.19985244656355117,2,2
ESSENBIZF2E_W36,socioeco,inferred,,Inferred from occupation,high,INCOME,"Less than $30,000","$100,000 or more",False,0.6462441140591825,2,2
ESSENBIZF2E_W36,socioeco,inferred,,Inferred from occupation,high,INCOME,"$100,000 or more","$100,000 or more",True,0.5894581981350093,2,2
ESSENBIZF2J_W36,socioeco,inferred,,Inferred from occupation,low,INCOME,"Less than $30,000","Less than $30,000",True,0.06572175906788091,2,2
ESSENBIZF2J_W36,socioeco,inferred,,Inferred from occupation,low,INCOME,"$100,000 or more","Less than $30,000",False,0.20561660293212697,2,2
ESSENBIZF2J_W36,socioeco,inferred,,Inferred from occupation,high,INCOME,"Less than $30,000","$100,000 or more",False,0.29617988453294697,2,2
ESSENBIZF2J_W36,socioeco,inferred,,Inferred from occupation,high,INCOME,"$100,000 or more","$100,000 or more",True,0.5478147145329471,2,2
ESSENPOLF1A_W36,socioeco,inferred,,Inferred from occupation,low,INCOME,"Less than $30,000","Less than $30,000",True,0.2280005739996035,2,2
ESSENPOLF1A_W36,socioeco,inferred,,Inferred from occupation,low,INCOME,"$100,000 or more","Less than $30,000",False,0.052466163999603355,2,2
ESSENPOLF1A_W36,socioeco,inferred,,Inferred from occupation,high,INCOME,"Less than $30,000","$100,000 or more",False,0.22800233399973036,2,2
ESSENPOLF1A_W36,socioeco,inferred,,Inferred from occupation,high,INCOME,"$100,000 or more","$100,000 or more",True,0.052467923999730215,2,2
ESSENPOLF1B_W36,socioeco,inferred,,Inferred from occupation,low,INCOME,"Less than $30,000","Less than $30,000",True,0.3235380581331391,2,2
ESSENPOLF1B_W36,socioeco,inferred,,Inferred from occupation,low,INCOME,"$100,000 or more","Less than $30,000",False,0.26471446396232334,2,2
ESSENPOLF1B_W36,socioeco,inferred,,Inferred from occupation,high,INCOME,"Less than $30,000","$100,000 or more",False,0.3389234777260367,2,2
ESSENPOLF1B_W36,socioeco,inferred,,Inferred from occupation,high,INCOME,"$100,000 or more","$100,000 or more",True,0.280099883555221,2,2
ESSENPOLF1D_W36,socioeco,inferred,,Inferred from occupation,low,INCOME,"Less than $30,000","Less than $30,000",True,0.35308456040446334,2,2
ESSENPOLF1D_W36,socioeco,inferred,,Inferred from occupation,low,INCOME,"$100,000 or more","Less than $30,000",False,0.16154943040446335,2,2
ESSENPOLF1D_W36,socioeco,inferred,,Inferred from occupation,high,INCOME,"Less than $30,000","$100,000 or more",False,0.35848131200289657,2,2
ESSENPOLF1D_W36,socioeco,inferred,,Inferred from occupation,high,INCOME,"$100,000 or more","$100,000 or more",True,0.16694618200289657,2,2
ESSENPOLF1G_W36,socioeco,inferred,,Inferred from occupation,low,INCOME,"Less than $30,000","Less than $30,000",True,0.4782694156271073,2,2
ESSENPOLF1G_W36,socioeco,inferred,,Inferred from occupation,low,INCOME,"$100,000 or more","Less than $30,000",False,0.4885031756271072,2,2
ESSENPOLF1G_W36,socioeco,inferred,,Inferred from occupation,high,INCOME,"Less than $30,000","$100,000 or more",False,0.49042870808685557,2,2
ESSENPOLF1G_W36,socioeco,inferred,,Inferred from occupation,high,INCOME,"$100,000 or more","$100,000 or more",True,0.5006624680868554,2,2
ESSENPOLF1H_W36,socioeco,inferred,,Inferred from occupation,low,INCOME,"Less than $30,000","Less than $30,000",True,0.4011714808407959,2,2
ESSENPOLF1H_W36,socioeco,inferred,,Inferred from occupation,low,INCOME,"$100,000 or more","Less than $30,000",False,0.37421538084079564,2,2
ESSENPOLF1H_W36,socioeco,inferred,,Inferred from occupation,high,INCOME,"Less than $30,000","$100,000 or more",False,0.4243570539402003,2,2
ESSENPOLF1H_W36,socioeco,inferred,,Inferred from occupation,high,INCOME,"$100,000 or more","$100,000 or more",True,0.39740095394020003,2,2
HIGHEDWRNGB_W36,socioeco,inferred,,Inferred from occupation,low,INCOME,"Less than $30,000","Less than $30,000",True,0.438258989467022,2,2
HIGHEDWRNGB_W36,socioeco,inferred,,Inferred from occupation,low,INCOME,"$100,000 or more","Less than $30,000",False,0.609836679467022,2,2
HIGHEDWRNGB_W36,socioeco,inferred,,Inferred from occupation,high,INCOME,"Less than $30,000","$100,000 or more",False,0.5917308176132542,2,2
HIGHEDWRNGB_W36,socioeco,inferred,,Inferred from occupation,high,INCOME,"$100,000 or more","$100,000 or more",True,0.7633085076132542,2,2
HIGHEDWRNGC_W36,socioeco,inferred,,Inferred from occupation,low,INCOME,"Less than $30,000","Less than $30,000",True,0.9188379789570242,2,2
HIGHEDWRNGC_W36,socioeco,inferred,,Inferred from occupation,low,INCOME,"$100,000 or more","Less than $30,000",False,1.0147427927065777,2,2
HIGHEDWRNGC_W36,socioeco,inferred,,Inferred from occupation,high,INCOME,"Less than $30,000","$100,000 or more",False,0.6556834087271398,2,2
HIGHEDWRNGC_W36,socioeco,inferred,,Inferred from occupation,high,INCOME,"$100,000 or more","$100,000 or more",True,0.7515882224766933,2,2
IMPROVE1_W36,socioeco,inferred,,Inferred from occupation,low,INCOME,"Less than $30,000","Less than $30,000",True,0.7132408648203366,2,2
IMPROVE1_W36,socioeco,inferred,,Inferred from occupation,low,INCOME,"$100,000 or more","Less than $30,000",False,0.8130415149272104,2,2
IMPROVE1_W36,socioeco,inferred,,Inferred from occupation,high,INCOME,"Less than $30,000","$100,000 or more",False,0.8676055464381279,2,2
IMPROVE1_W36,socioeco,inferred,,Inferred from occupation,high,INCOME,"$100,000 or more","$100,000 or more",True,0.9674061965450019,2,2
IMPROVE2_W36,socioeco,inferred,,Inferred from occupation,low,INCOME,"Less than $30,000","Less than $30,000",True,0.7081806239991334,2,2
IMPROVE2_W36,socioeco,inferred,,Inferred from occupation,low,INCOME,"$100,000 or more","Less than $30,000",False,0.8145318539991333,2,2
IMPROVE2_W36,socioeco,inferred,,Inferred from occupation,high,INCOME,"Less than $30,000","$100,000 or more",False,0.7079498680017561,2,2
IMPROVE2_W36,socioeco,inferred,,Inferred from occupation,high,INCOME,"$100,000 or more","$100,000 or more",True,0.814301098001756,2,2
IMPROVE3_W36,socioeco,inferred,,Inferred from occupation,low,INCOME,"Less than $30,000","Less than $30,000",True,0.5767878899999999,2,2
IMPROVE3_W36,socioeco,inferred,,Inferred from occupation,low,INCOME,"$100,000 or more","Less than $30,000",False,0.7571385781653681,2,2
IMPROVE3_W36,socioeco,inferred,,Inferred from occupation,high,INCOME,"Less than $30,000","$100,000 or more",False,0.40451283612310784,2,2
IMPROVE3_W36,socioeco,inferred,,Inferred from occupation,high,INCOME,"$100,000 or more","$100,000 or more",True,0.5848635242884761,2,2
MOREWMN1F2_W36,socioeco,inferred,,Inferred from occupation,low,INCOME,"Less than $30,000","Less than $30,000",True,0.23172408899617442,2,2
MOREWMN1F2_W36,socioeco,inferred,,Inferred from occupation,low,INCOME,"$100,000 or more","Less than $30,000",False,0.176825602226447,2,2
MOREWMN1F2_W36,socioeco,inferred,,Inferred from occupation,high,INCOME,"Less than $30,000","$100,000 or more",False,0.23178190699928547,2,2
MOREWMN1F2_W36,socioeco,inferred,,Inferred from occupation,high,INCOME,"$100,000 or more","$100,000 or more",True,0.17688342022955805,2,2
POLCHF1_W36,socioeco,inferred,,Inferred from occupation,low,INCOME,"Less than $30,000","Less than $30,000",True,0.6506324714856382,2,2
POLCHF1_W36,socioeco,inferred,,Inferred from occupation,low,INCOME,"$100,000 or more","Less than $30,000",False,0.8348505380000001,2,2
POLCHF1_W36,socioeco,inferred,,Inferred from occupation,high,INCOME,"Less than $30,000","$100,000 or more",False,0.6500767714802005,2,2
POLCHF1_W36,socioeco,inferred,,Inferred from occupation,high,INCOME,"$100,000 or more","$100,000 or more",True,0.8342948379945624,2,2
TRAITBIZMF2C_W36,socioeco,inferred,,Inferred from occupation,low,INCOME,"Less than $30,000","Less than $30,000",True,0.2575317929999987,2,2
TRAITBIZMF2C_W36,socioeco,inferred,,Inferred from occupation,low,INCOME,"$100,000 or more","Less than $30,000",False,0.0828596769999998,2,2
TRAITBIZMF2C_W36,socioeco,inferred,,Inferred from occupation,high,INCOME,"Less than $30,000","$100,000 or more",False,0.2575318899999906,2,2
TRAITBIZMF2C_W36,socioeco,inferred,,Inferred from occupation,high,INCOME,"$100,000 or more","$100,000 or more",True,0.08285968799999849,2,2
TRAITBIZMF2D_W36,socioeco,inferred,,Inferred from occupation,low,INCOME,"Less than $30,000","Less than $30,000",True,0.2524512600000073,2,2
TRAITBIZMF2D_W36,socioeco,inferred,,Inferred from occupation,low,INCOME,"$100,000 or more","Less than $30,000",False,0.21022144210222427,2,2
TRAITBIZMF2D_W36,socioeco,inferred,,Inferred from occupation,high,INCOME,"Less than $30,000","$100,000 or more",False,0.2524513219999988,2,2
TRAITBIZMF2D_W36,socioeco,inferred,,Inferred from occupation,high,INCOME,"$100,000 or more","$100,000 or more",True,0.2102215041022158,2,2
TRAITBIZMF2E_W36,socioeco,inferred,,Inferred from occupation,low,INCOME,"Less than $30,000","Less than $30,000",True,0.23702650500000483,2,2
TRAITBIZMF2E_W36,socioeco,inferred,,Inferred from occupation,low,INCOME,"$100,000 or more","Less than $30,000",False,0.08118452000000487,2,2
TRAITBIZMF2E_W36,socioeco,inferred,,Inferred from occupation,high,INCOME,"Less than $30,000","$100,000 or more",False,0.23702655300000286,2,2
TRAITBIZMF2E_W36,socioeco,inferred,,Inferred from occupation,high,INCOME,"$100,000 or more","$100,000 or more",True,0.0811845680000029,2,2
TRAITBIZMF2G_W36,socioeco,inferred,,Inferred from occupation,low,INCOME,"Less than $30,000","Less than $30,000",True,0.27970803099997843,2,2
TRAITBIZMF2G_W36,socioeco,inferred,,Inferred from occupation,low,INCOME,"$100,000 or more","Less than $30,000",False,0.35451768099997844,2,2
TRAITBIZMF2G_W36,socioeco,inferred,,Inferred from occupation,high,INCOME,"Less than $30,000","$100,000 or more",False,0.27970806599999176,2,2
TRAITBIZMF2G_W36,socioeco,inferred,,Inferred from occupation,high,INCOME,"$100,000 or more","$100,000 or more",True,0.3545177159999918,2,2
TRAITBIZWF2C_W36,socioeco,inferred,,Inferred from occupation,low,INCOME,"Less than $30,000","Less than $30,000",True,0.31996288999999517,2,2
TRAITBIZWF2C_W36,socioeco,inferred,,Inferred from occupation,low,INCOME,"$100,000 or more","Less than $30,000",False,0.32678633999999523,2,2
TRAITBIZWF2C_W36,socioeco,inferred,,Inferred from occupation,high,INCOME,"Less than $30,000","$100,000 or more",False,0.3199631140000354,2,2
TRAITBIZWF2C_W36,socioeco,inferred,,Inferred from occupation,high,INCOME,"$100,000 or more","$100,000 or more",True,0.3267865640000355,2,2
TRAITBIZWF2D_W36,socioeco,inferred,,Inferred from occupation,low,INCOME,"Less than $30,000","Less than $30,000",True,0.24785233552147756,2,2
TRAITBIZWF2D_W36,socioeco,inferred,,Inferred from occupation,low,INCOME,"$100,000 or more","Less than $30,000",False,0.280180413000006,2,2
TRAITBIZWF2D_W36,socioeco,inferred,,Inferred from occupation,high,INCOME,"Less than $30,000","$100,000 or more",False,0.24785249252147085,2,2
TRAITBIZWF2D_W36,socioeco,inferred,,Inferred from occupation,high,INCOME,"$100,000 or more","$100,000 or more",True,0.2801805699999993,2,2
TRAITBIZWF2E_W36,socioeco,inferred,,Inferred from occupation,low,INCOME,"Less than $30,000","Less than $30,000",True,0.350007139999985,2,2
TRAITBIZWF2E_W36,socioeco,inferred,,Inferred from occupation,low,INCOME,"$100,000 or more","Less than $30,000",False,0.33936542499998507,2,2
TRAITBIZWF2E_W36,socioeco,inferred,,Inferred from occupation,high,INCOME,"Less than $30,000","$100,000 or more",False,0.3500071709999953,2,2
TRAITBIZWF2E_W36,socioeco,inferred,,Inferred from occupation,high,INCOME,"$100,000 or more","$100,000 or more",True,0.33936545599999535,2,2
TRAITBIZWF2G_W36,socioeco,inferred,,Inferred from occupation,low,INCOME,"Less than $30,000","Less than $30,000",True,0.36954501569544446,2,2
TRAITBIZWF2G_W36,socioeco,inferred,,Inferred from occupation,low,INCOME,"$100,000 or more","Less than $30,000",False,0.41695107199998854,2,2
TRAITBIZWF2G_W36,socioeco,inferred,,Inferred from occupation,high,INCOME,"Less than $30,000","$100,000 or more",False,0.36954498769543426,2,2
TRAITBIZWF2G_W36,socioeco,inferred,,Inferred from occupation,high,INCOME,"$100,000 or more","$100,000 or more",True,0.41695104399997834,2,2
TRAITPOLMF1B_W36,socioeco,inferred,,Inferred from occupation,low,INCOME,"Less than $30,000","Less than $30,000",True,0.35837948758607824,2,2
TRAITPOLMF1B_W36,socioeco,inferred,,Inferred from occupation,low,INCOME,"$100,000 or more","Less than $30,000",False,0.3271430889965753,2,2
TRAITPOLMF1B_W36,socioeco,inferred,,Inferred from occupation,high,INCOME,"Less than $30,000","$100,000 or more",False,0.3589369975890777,2,2
TRAITPOLMF1B_W36,socioeco,inferred,,Inferred from occupation,high,INCOME,"$100,000 or more","$100,000 or more",True,0.32770059899957477,2,2
TRAITPOLMF1C_W36,socioeco,inferred,,Inferred from occupation,low,INCOME,"Less than $30,000","Less than $30,000",True,0.23462310542285864,2,2
TRAITPOLMF1C_W36,socioeco,inferred,,Inferred from occupation,low,INCOME,"$100,000 or more","Less than $30,000",False,0.14627150453934257,2,2
TRAITPOLMF1C_W36,socioeco,inferred,,Inferred from occupation,high,INCOME,"Less than $30,000","$100,000 or more",False,0.24192854743572162,2,2
TRAITPOLMF1C_W36,socioeco,inferred,,Inferred from occupation,high,INCOME,"$100,000 or more","$100,000 or more",True,0.15357694655220555,2,2
TRAITPOLMF1D_W36,socioeco,inferred,,Inferred from occupation,low,INCOME,"Less than $30,000","Less than $30,000",True,0.215292568000027,2,2
TRAITPOLMF1D_W36,socioeco,inferred,,Inferred from occupation,low,INCOME,"$100,000 or more","Less than $30,000",False,0.15061763800002692,2,2
TRAITPOLMF1D_W36,socioeco,inferred,,Inferred from occupation,high,INCOME,"Less than $30,000","$100,000 or more",False,0.21529270800000527,2,2
TRAITPOLMF1D_W36,socioeco,inferred,,Inferred from occupation,high,INCOME,"$100,000 or more","$100,000 or more",True,0.1506177780000052,2,2
TRAITPOLMF1E_W36,socioeco,inferred,,Inferred from occupation,low,INCOME,"Less than $30,000","Less than $30,000",True,0.221648819,2,2
TRAITPOLMF1E_W36,socioeco,inferred,,Inferred from occupation,low,INCOME,"$100,000 or more","Less than $30,000",False,0.06319527900000005,2,2
TRAITPOLMF1E_W36,socioeco,inferred,,Inferred from occupation,high,INCOME,"Less than $30,000","$100,000 or more",False,0.22658115901178227,2,2
TRAITPOLMF1E_W36,socioeco,inferred,,Inferred from occupation,high,INCOME,"$100,000 or more","$100,000 or more",True,0.06812761901178233,2,2
TRAITPOLMF1F_W36,socioeco,inferred,,Inferred from occupation,low,INCOME,"Less than $30,000","Less than $30,000",True,0.29848810372091217,2,2
TRAITPOLMF1F_W36,socioeco,inferred,,Inferred from occupation,low,INCOME,"$100,000 or more","Less than $30,000",False,0.19411156872091218,2,2
TRAITPOLMF1F_W36,socioeco,inferred,,Inferred from occupation,high,INCOME,"Less than $30,000","$100,000 or more",False,0.20074581935896596,2,2
TRAITPOLMF1F_W36,socioeco,inferred,,Inferred from occupation,high,INCOME,"$100,000 or more","$100,000 or more",True,0.09636928435896598,2,2
TRAITPOLMF1G_W36,socioeco,inferred,,Inferred from occupation,low,INCOME,"Less than $30,000","Less than $30,000",True,0.21478793200000118,2,2
TRAITPOLMF1G_W36,socioeco,inferred,,Inferred from occupation,low,INCOME,"$100,000 or more","Less than $30,000",False,0.3385176320000011,2,2
TRAITPOLMF1G_W36,socioeco,inferred,,Inferred from occupation,high,INCOME,"Less than $30,000","$100,000 or more",False,0.2147879409999785,2,2
TRAITPOLMF1G_W36,socioeco,inferred,,Inferred from occupation,high,INCOME,"$100,000 or more","$100,000 or more",True,0.33851764099997844,2,2
TRAITPOLWF1A_W36,socioeco,inferred,,Inferred from occupation,low,INCOME,"Less than $30,000","Less than $30,000",True,0.26754597099942307,2,2
TRAITPOLWF1A_W36,socioeco,inferred,,Inferred from occupation,low,INCOME,"$100,000 or more","Less than $30,000",False,0.24501584344994198,2,2
TRAITPOLWF1A_W36,socioeco,inferred,,Inferred from occupation,high,INCOME,"Less than $30,000","$100,000 or more",False,0.26757644300011174,2,2
TRAITPOLWF1A_W36,socioeco,inferred,,Inferred from occupation,high,INCOME,"$100,000 or more","$100,000 or more",True,0.24504631545063066,2,2
TRAITPOLWF1C_W36,socioeco,inferred,,Inferred from occupation,low,INCOME,"Less than $30,000","Less than $30,000",True,0.32612989242924784,2,2
TRAITPOLWF1C_W36,socioeco,inferred,,Inferred from occupation,low,INCOME,"$100,000 or more","Less than $30,000",False,0.39995738912375184,2,2
TRAITPOLWF1C_W36,socioeco,inferred,,Inferred from occupation,high,INCOME,"Less than $30,000","$100,000 or more",False,0.32991003534386976,2,2
TRAITPOLWF1C_W36,socioeco,inferred,,Inferred from occupation,high,INCOME,"$100,000 or more","$100,000 or more",True,0.40373753203837376,2,2
TRAITPOLWF1D_W36,socioeco,inferred,,Inferred from occupation,low,INCOME,"Less than $30,000","Less than $30,000",True,0.22750157100003404,2,2
TRAITPOLWF1D_W36,socioeco,inferred,,Inferred from occupation,low,INCOME,"$100,000 or more","Less than $30,000",False,0.11054929100003408,2,2
TRAITPOLWF1D_W36,socioeco,inferred,,Inferred from occupation,high,INCOME,"Less than $30,000","$100,000 or more",False,0.2275023680000074,2,2
TRAITPOLWF1D_W36,socioeco,inferred,,Inferred from occupation,high,INCOME,"$100,000 or more","$100,000 or more",True,0.11055008800000743,2,2
TRAITPOLWF1E_W36,socioeco,inferred,,Inferred from occupation,low,INCOME,"Less than $30,000","Less than $30,000",True,0.35131663448683365,2,2
TRAITPOLWF1E_W36,socioeco,inferred,,Inferred from occupation,low,INCOME,"$100,000 or more","Less than $30,000",False,0.39094081300006583,2,2
TRAITPOLWF1E_W36,socioeco,inferred,,Inferred from occupation,high,INCOME,"Less than $30,000","$100,000 or more",False,0.3513191384867269,2,2
TRAITPOLWF1E_W36,socioeco,inferred,,Inferred from occupation,high,INCOME,"$100,000 or more","$100,000 or more",True,0.3909433169999591,2,2
TRAITPOLWF1F_W36,socioeco,inferred,,Inferred from occupation,low,INCOME,"Less than $30,000","Less than $30,000",True,0.3361667742590501,2,2
TRAITPOLWF1F_W36,socioeco,inferred,,Inferred from occupation,low,INCOME,"$100,000 or more","Less than $30,000",False,0.35521194425905006,2,2
TRAITPOLWF1F_W36,socioeco,inferred,,Inferred from occupation,high,INCOME,"Less than $30,000","$100,000 or more",False,0.3344795169217394,2,2
TRAITPOLWF1F_W36,socioeco,inferred,,Inferred from occupation,high,INCOME,"$100,000 or more","$100,000 or more",True,0.3535246869217394,2,2
TRAITPOLWF1G_W36,socioeco,inferred,,Inferred from occupation,low,INCOME,"Less than $30,000","Less than $30,000",True,0.2932034799999753,2,2
TRAITPOLWF1G_W36,socioeco,inferred,,Inferred from occupation,low,INCOME,"$100,000 or more","Less than $30,000",False,0.37295278499997536,2,2
TRAITPOLWF1G_W36,socioeco,inferred,,Inferred from occupation,high,INCOME,"Less than $30,000","$100,000 or more",False,0.2932035510000086,2,2
TRAITPOLWF1G_W36,socioeco,inferred,,Inferred from occupation,high,INCOME,"$100,000 or more","$100,000 or more",True,0.37295285600000866,2,2
WHYNOTBIZF2A_W36,socioeco,inferred,,Inferred from occupation,low,INCOME,"Less than $30,000","Less than $30,000",True,0.6487551187751566,2,2
WHYNOTBIZF2A_W36,socioeco,inferred,,Inferred from occupation,low,INCOME,"$100,000 or more","Less than $30,000",False,0.4847222987751566,2,2
WHYNOTBIZF2A_W36,socioeco,inferred,,Inferred from occupation,high,INCOME,"Less than $30,000","$100,000 or more",False,0.4499527194696148,2,2
WHYNOTBIZF2A_W36,socioeco,inferred,,Inferred from occupation,high,INCOME,"$100,000 or more","$100,000 or more",True,0.6139855394696148,2,2
WHYNOTBIZF2B_W36,socioeco,inferred,,Inferred from occupation,low,INCOME,"Less than $30,000","Less than $30,000",True,0.5428288760000066,2,2
WHYNOTBIZF2B_W36,socioeco,inferred,,Inferred from occupation,low,INCOME,"$100,000 or more","Less than $30,000",False,0.7182245060000066,2,2
WHYNOTBIZF2B_W36,socioeco,inferred,,Inferred from occupation,high,INCOME,"Less than $30,000","$100,000 or more",False,0.5428288800000105,2,2
WHYNOTBIZF2B_W36,socioeco,inferred,,Inferred from occupation,high,INCOME,"$100,000 or more","$100,000 or more",True,0.7182245100000104,2,2
WHYNOTBIZF2D_W36,socioeco,inferred,,Inferred from occupation,low,INCOME,"Less than $30,000","Less than $30,000",True,0.5745535539998113,2,2
WHYNOTBIZF2D_W36,socioeco,inferred,,Inferred from occupation,low,INCOME,"$100,000 or more","Less than $30,000",False,0.24890666399981135,2,2
WHYNOTBIZF2D_W36,socioeco,inferred,,Inferred from occupation,high,INCOME,"Less than $30,000","$100,000 or more",False,0.5745532480004985,2,2
WHYNOTBIZF2D_W36,socioeco,inferred,,Inferred from occupation,high,INCOME,"$100,000 or more","$100,000 or more",True,0.24890635800049848,2,2
WHYNOTBIZF2F_W36,socioeco,inferred,,Inferred from occupation,low,INCOME,"Less than $30,000","Less than $30,000",True,0.5201258939994086,2,2
WHYNOTBIZF2F_W36,socioeco,inferred,,Inferred from occupation,low,INCOME,"$100,000 or more","Less than $30,000",False,0.20472254399940848,2,2
WHYNOTBIZF2F_W36,socioeco,inferred,,Inferred from occupation,high,INCOME,"Less than $30,000","$100,000 or more",False,0.5201195859999336,2,2
WHYNOTBIZF2F_W36,socioeco,inferred,,Inferred from occupation,high,INCOME,"$100,000 or more","$100,000 or more",True,0.2047162359999336,2,2
WHYNOTBIZF2G_W36,socioeco,inferred,,Inferred from occupation,low,INCOME,"Less than $30,000","Less than $30,000",True,1.0160405897859035,2,2
WHYNOTBIZF2G_W36,socioeco,inferred,,Inferred from occupation,low,INCOME,"$100,000 or more","Less than $30,000",False,1.1090908597859037,2,2
WHYNOTBIZF2G_W36,socioeco,inferred,,Inferred from occupation,high,INCOME,"Less than $30,000","$100,000 or more",False,1.0235482700027723,2,2
WHYNOTBIZF2G_W36,socioeco,inferred,,Inferred from occupation,high,INCOME,"$100,000 or more","$100,000 or more",True,1.1165985400027725,2,2
WHYNOTBIZF2H_W36,socioeco,inferred,,Inferred from occupation,low,INCOME,"Less than $30,000","Less than $30,000",True,1.3086664756206676,2,2
WHYNOTBIZF2H_W36,socioeco,inferred,,Inferred from occupation,low,INCOME,"$100,000 or more","Less than $30,000",False,1.1489515374244834,2,2
WHYNOTBIZF2H_W36,socioeco,inferred,,Inferred from occupation,high,INCOME,"Less than $30,000","$100,000 or more",False,1.4538922078983525,2,2
WHYNOTBIZF2H_W36,socioeco,inferred,,Inferred from occupation,high,INCOME,"$100,000 or more","$100,000 or more",True,1.294177269702168,2,2
WHYNOTBIZF2J_W36,socioeco,inferred,,Inferred from occupation,low,INCOME,"Less than $30,000","Less than $30,000",True,0.8148409838515867,2,2
WHYNOTBIZF2J_W36,socioeco,inferred,,Inferred from occupation,low,INCOME,"$100,000 or more","Less than $30,000",False,0.8847632420000022,2,2
WHYNOTBIZF2J_W36,socioeco,inferred,,Inferred from occupation,high,INCOME,"Less than $30,000","$100,000 or more",False,0.8148411018515985,2,2
WHYNOTBIZF2J_W36,socioeco,inferred,,Inferred from occupation,high,INCOME,"$100,000 or more","$100,000 or more",True,0.8847633600000141,2,2
WHYNOTBIZF2M_W36,socioeco,inferred,,Inferred from occupation,low,INCOME,"Less than $30,000","Less than $30,000",True,0.9518554771570007,2,2
WHYNOTBIZF2M_W36,socioeco,inferred,,Inferred from occupation,low,INCOME,"$100,000 or more","Less than $30,000",False,1.0160439455915626,2,2
WHYNOTBIZF2M_W36,socioeco,inferred,,Inferred from occupation,high,INCOME,"Less than $30,000","$100,000 or more",False,1.0829204342641778,2,2
WHYNOTBIZF2M_W36,socioeco,inferred,,Inferred from occupation,high,INCOME,"$100,000 or more","$100,000 or more",True,1.1471089026987396,2,2
WHYNOTBIZF2N_W36,socioeco,inferred,,Inferred from occupation,low,INCOME,"Less than $30,000","Less than $30,000",True,1.12381378,2,2
WHYNOTBIZF2N_W36,socioeco,inferred,,Inferred from occupation,low,INCOME,"$100,000 or more","Less than $30,000",False,1.12070907,2,2
WHYNOTBIZF2N_W36,socioeco,inferred,,Inferred from occupation,high,INCOME,"Less than $30,000","$100,000 or more",False,1.1238151460000338,2,2
WHYNOTBIZF2N_W36,socioeco,inferred,,Inferred from occupation,high,INCOME,"$100,000 or more","$100,000 or more",True,1.1207104360000337,2,2
WHYNOTBIZF2O_W36,socioeco,inferred,,Inferred from occupation,low,INCOME,"Less than $30,000","Less than $30,000",True,0.6467029560000087,2,2
WHYNOTBIZF2O_W36,socioeco,inferred,,Inferred from occupation,low,INCOME,"$100,000 or more","Less than $30,000",False,0.9709935357099461,2,2
WHYNOTBIZF2O_W36,socioeco,inferred,,Inferred from occupation,high,INCOME,"Less than $30,000","$100,000 or more",False,0.6467029760000045,2,2
WHYNOTBIZF2O_W36,socioeco,inferred,,Inferred from occupation,high,INCOME,"$100,000 or more","$100,000 or more",True,0.9709935557099418,2,2
WHYNOTPOLF1A_W36,socioeco,inferred,,Inferred from occupation,low,INCOME,"Less than $30,000","Less than $30,000",True,0.9621585483468367,2,2
WHYNOTPOLF1A_W36,socioeco,inferred,,Inferred from occupation,low,INCOME,"$100,000 or more","Less than $30,000",False,0.8308794313149128,2,2
WHYNOTPOLF1A_W36,socioeco,inferred,,Inferred from occupation,high,INCOME,"Less than $30,000","$100,000 or more",False,0.532094459384792,2,2
WHYNOTPOLF1A_W36,socioeco,inferred,,Inferred from occupation,high,INCOME,"$100,000 or more","$100,000 or more",True,0.40081534235286825,2,2
WHYNOTPOLF1B_W36,socioeco,inferred,,Inferred from occupation,low,INCOME,"Less than $30,000","Less than $30,000",True,0.6635388246369531,2,2
WHYNOTPOLF1B_W36,socioeco,inferred,,Inferred from occupation,low,INCOME,"$100,000 or more","Less than $30,000",False,0.7900847680012855,2,2
WHYNOTPOLF1B_W36,socioeco,inferred,,Inferred from occupation,high,INCOME,"Less than $30,000","$100,000 or more",False,0.6635439926363051,2,2
WHYNOTPOLF1B_W36,socioeco,inferred,,Inferred from occupation,high,INCOME,"$100,000 or more","$100,000 or more",True,0.7900899360006375,2,2
WHYNOTPOLF1C_W36,socioeco,inferred,,Inferred from occupation,low,INCOME,"Less than $30,000","Less than $30,000",True,0.7337871474657971,2,2
WHYNOTPOLF1C_W36,socioeco,inferred,,Inferred from occupation,low,INCOME,"$100,000 or more","Less than $30,000",False,0.6458286265862119,2,2
WHYNOTPOLF1C_W36,socioeco,inferred,,Inferred from occupation,high,INCOME,"Less than $30,000","$100,000 or more",False,0.7850125970367176,2,2
WHYNOTPOLF1C_W36,socioeco,inferred,,Inferred from occupation,high,INCOME,"$100,000 or more","$100,000 or more",True,0.6970540761571322,2,2
WHYNOTPOLF1E_W36,socioeco,inferred,,Inferred from occupation,low,INCOME,"Less than $30,000","Less than $30,000",True,0.4847368121406087,2,2
WHYNOTPOLF1E_W36,socioeco,inferred,,Inferred from occupation,low,INCOME,"$100,000 or more","Less than $30,000",False,0.4861998321406088,2,2
WHYNOTPOLF1E_W36,socioeco,inferred,,Inferred from occupation,high,INCOME,"Less than $30,000","$100,000 or more",False,0.5069599578076752,2,2
WHYNOTPOLF1E_W36,socioeco,inferred,,Inferred from occupation,high,INCOME,"$100,000 or more","$100,000 or more",True,0.5084229778076752,2,2
WHYNOTPOLF1G_W36,socioeco,inferred,,Inferred from occupation,low,INCOME,"Less than $30,000","Less than $30,000",True,0.7785838065555449,2,2
WHYNOTPOLF1G_W36,socioeco,inferred,,Inferred from occupation,low,INCOME,"$100,000 or more","Less than $30,000",False,0.886708476555545,2,2
WHYNOTPOLF1G_W36,socioeco,inferred,,Inferred from occupation,high,INCOME,"Less than $30,000","$100,000 or more",False,0.8610570479837305,2,2
WHYNOTPOLF1G_W36,socioeco,inferred,,Inferred from occupation,high,INCOME,"$100,000 or more","$100,000 or more",True,0.9691817179837305,2,2
WHYNOTPOLF1I_W36,socioeco,inferred,,Inferred from occupation,low,INCOME,"Less than $30,000","Less than $30,000",True,0.27314555461806617,2,2
WHYNOTPOLF1I_W36,socioeco,inferred,,Inferred from occupation,low,INCOME,"$100,000 or more","Less than $30,000",False,0.32586685544013566,2,2
WHYNOTPOLF1I_W36,socioeco,inferred,,Inferred from occupation,high,INCOME,"Less than $30,000","$100,000 or more",False,0.258541150421742,2,2
WHYNOTPOLF1I_W36,socioeco,inferred,,Inferred from occupation,high,INCOME,"$100,000 or more","$100,000 or more",True,0.3371058193981557,2,2
WHYNOTPOLF1J_W36,socioeco,inferred,,Inferred from occupation,low,INCOME,"Less than $30,000","Less than $30,000",True,0.8077227320037426,2,2
WHYNOTPOLF1J_W36,socioeco,inferred,,Inferred from occupation,low,INCOME,"$100,000 or more","Less than $30,000",False,0.7180991191909717,2,2
WHYNOTPOLF1J_W36,socioeco,inferred,,Inferred from occupation,high,INCOME,"Less than $30,000","$100,000 or more",False,0.8079711899969972,2,2
WHYNOTPOLF1J_W36,socioeco,inferred,,Inferred from occupation,high,INCOME,"$100,000 or more","$100,000 or more",True,0.7183475771842264,2,2
WHYNOTPOLF1K_W36,socioeco,inferred,,Inferred from occupation,low,INCOME,"Less than $30,000","Less than $30,000",True,0.541773898,2,2
WHYNOTPOLF1K_W36,socioeco,inferred,,Inferred from occupation,low,INCOME,"$100,000 or more","Less than $30,000",False,0.5248577879999999,2,2
WHYNOTPOLF1K_W36,socioeco,inferred,,Inferred from occupation,high,INCOME,"Less than $30,000","$100,000 or more",False,0.6335842141057609,2,2
WHYNOTPOLF1K_W36,socioeco,inferred,,Inferred from occupation,high,INCOME,"$100,000 or more","$100,000 or more",True,0.6166681041057609,2,2
WHYNOTPOLF1L_W36,socioeco,inferred,,Inferred from occupation,low,INCOME,"Less than $30,000","Less than $30,000",True,0.6961026909607655,2,2
WHYNOTPOLF1L_W36,socioeco,inferred,,Inferred from occupation,low,INCOME,"$100,000 or more","Less than $30,000",False,0.9855121539990844,2,2
WHYNOTPOLF1L_W36,socioeco,inferred,,Inferred from occupation,high,INCOME,"Less than $30,000","$100,000 or more",False,0.6961152949617867,2,2
WHYNOTPOLF1L_W36,socioeco,inferred,,Inferred from occupation,high,INCOME,"$100,000 or more","$100,000 or more",True,0.9855247580001056,2,2
WMNPRZ1_W36,socioeco,inferred,,Inferred from occupation,low,INCOME,"Less than $30,000","Less than $30,000",True,0.47119917403578243,2,2
WMNPRZ1_W36,socioeco,inferred,,Inferred from occupation,low,INCOME,"$100,000 or more","Less than $30,000",False,0.5003144640357826,2,2
WMNPRZ1_W36,socioeco,inferred,,Inferred from occupation,high,INCOME,"Less than $30,000","$100,000 or more",False,0.5396706498459322,2,2
WMNPRZ1_W36,socioeco,inferred,,Inferred from occupation,high,INCOME,"$100,000 or more","$100,000 or more",True,0.5687859398459323,2,2
AUTOLKLY_W41,socioeco,inferred,,Inferred from occupation,low,INCOME,"Less than $30,000","Less than $30,000",True,0.8887782970993632,2,2
AUTOLKLY_W41,socioeco,inferred,,Inferred from occupation,low,INCOME,"$100,000 or more","Less than $30,000",False,1.1424153060085693,2,2
AUTOLKLY_W41,socioeco,inferred,,Inferred from occupation,high,INCOME,"Less than $30,000","$100,000 or more",False,0.8907769610887827,2,2
AUTOLKLY_W41,socioeco,inferred,,Inferred from occupation,high,INCOME,"$100,000 or more","$100,000 or more",True,1.1444139699979887,2,2
AUTOWKPLC_W41,socioeco,inferred,,Inferred from occupation,low,INCOME,"Less than $30,000","Less than $30,000",True,0.37950739398120104,2,2
AUTOWKPLC_W41,socioeco,inferred,,Inferred from occupation,low,INCOME,"$100,000 or more","Less than $30,000",False,0.31899657898120104,2,2
AUTOWKPLC_W41,socioeco,inferred,,Inferred from occupation,high,INCOME,"Less than $30,000","$100,000 or more",False,0.3746436470724642,2,2
AUTOWKPLC_W41,socioeco,inferred,,Inferred from occupation,high,INCOME,"$100,000 or more","$100,000 or more",True,0.3141328320724641,2,2
ETHNCMAJMOD_W41,socioeco,inferred,,Inferred from occupation,low,INCOME,"Less than $30,000","Less than $30,000",True,0.4894793927558273,2,2
ETHNCMAJMOD_W41,socioeco,inferred,,Inferred from occupation,low,INCOME,"$100,000 or more","Less than $30,000",False,0.3946128727558271,2,2
ETHNCMAJMOD_W41,socioeco,inferred,,Inferred from occupation,high,INCOME,"Less than $30,000","$100,000 or more",False,0.4266718182338147,2,2
ETHNCMAJMOD_W41,socioeco,inferred,,Inferred from occupation,high,INCOME,"$100,000 or more","$100,000 or more",True,0.3657985382338146,2,2
FTRWORRYc_W41,socioeco,inferred,,Inferred from occupation,low,INCOME,"Less than $30,000","Less than $30,000",True,0.6484060066214349,2,2
FTRWORRYc_W41,socioeco,inferred,,Inferred from occupation,low,INCOME,"$100,000 or more","Less than $30,000",False,0.5999998530043681,2,2
FTRWORRYc_W41,socioeco,inferred,,Inferred from occupation,high,INCOME,"Less than $30,000","$100,000 or more",False,0.6094459017081719,2,2
FTRWORRYc_W41,socioeco,inferred,,Inferred from occupation,high,INCOME,"$100,000 or more","$100,000 or more",True,0.5610397480911051,2,2
FTRWORRYe_W41,socioeco,inferred,,Inferred from occupation,low,INCOME,"Less than $30,000","Less than $30,000",True,0.7350523701977725,2,2
FTRWORRYe_W41,socioeco,inferred,,Inferred from occupation,low,INCOME,"$100,000 or more","Less than $30,000",False,0.6800764701977725,2,2
FTRWORRYe_W41,socioeco,inferred,,Inferred from occupation,high,INCOME,"Less than $30,000","$100,000 or more",False,0.747715708,2,2
FTRWORRYe_W41,socioeco,inferred,,Inferred from occupation,high,INCOME,"$100,000 or more","$100,000 or more",True,0.6927398079999999,2,2
FTRWORRYf_W41,socioeco,inferred,,Inferred from occupation,low,INCOME,"Less than $30,000","Less than $30,000",True,0.7073182863266104,2,2
FTRWORRYf_W41,socioeco,inferred,,Inferred from occupation,low,INCOME,"$100,000 or more","Less than $30,000",False,0.7623446157763464,2,2
FTRWORRYf_W41,socioeco,inferred,,Inferred from occupation,high,INCOME,"Less than $30,000","$100,000 or more",False,0.8262083368446799,2,2
FTRWORRYf_W41,socioeco,inferred,,Inferred from occupation,high,INCOME,"$100,000 or more","$100,000 or more",True,0.8812346662944159,2,2
FUTRCLASSb_W41,socioeco,inferred,,Inferred from occupation,low,INCOME,"Less than $30,000","Less than $30,000",True,0.1369871223698712,2,2
FUTRCLASSb_W41,socioeco,inferred,,Inferred from occupation,low,INCOME,"$100,000 or more","Less than $30,000",False,0.16360262763602623,2,2
FUTRCLASSb_W41,socioeco,inferred,,Inferred from occupation,high,INCOME,"Less than $30,000","$100,000 or more",False,0.062027685620276884,2,2
FUTRCLASSb_W41,socioeco,inferred,,Inferred from occupation,high,INCOME,"$100,000 or more","$100,000 or more",True,0.14895746148957456,2,2
FUTRCLASSc_W41,socioeco,inferred,,Inferred from occupation,low,INCOME,"Less than $30,000","Less than $30,000",True,0.32090264200013086,2,2
FUTRCLASSc_W41,socioeco,inferred,,Inferred from occupation,low,INCOME,"$100,000 or more","Less than $30,000",False,0.21950453700013084,2,2
FUTRCLASSc_W41,socioeco,inferred,,Inferred from occupation,high,INCOME,"Less than $30,000","$100,000 or more",False,0.3209055770002034,2,2
FUTRCLASSc_W41,socioeco,inferred,,Inferred from occupation,high,INCOME,"$100,000 or more","$100,000 or more",True,0.21950747200020337,2,2
FUTR_DIV_W41,socioeco,inferred,,Inferred from occupation,low,INCOME,"Less than $30,000","Less than $30,000",True,0.2352405026503449,2,2
FUTR_DIV_W41,socioeco,inferred,,Inferred from occupation,low,INCOME,"$100,000 or more","Less than $30,000",False,0.1778929200036093,2,2
FUTR_DIV_W41,socioeco,inferred,,Inferred from occupation,high,INCOME,"Less than $30,000","$100,000 or more",False,0.23511462164588837,2,2
FUTR_DIV_W41,socioeco,inferred,,Inferred from occupation,high,INCOME,"$100,000 or more","$100,000 or more",True,0.17776703899915275,2,2
GOVPRIOb_W41,socioeco,inferred,,Inferred from occupation,low,INCOME,"Less than $30,000","Less than $30,000",True,0.5271993532720144,2,2
GOVPRIOb_W41,socioeco,inferred,,Inferred from occupation,low,INCOME,"$100,000 or more","Less than $30,000",False,0.6679823180000107,2,2
GOVPRIOb_W41,socioeco,inferred,,Inferred from occupation,high,INCOME,"Less than $30,000","$100,000 or more",False,0.5271997172720309,2,2
GOVPRIOb_W41,socioeco,inferred,,Inferred from occupation,high,INCOME,"$100,000 or more","$100,000 or more",True,0.6679826820000272,2,2
GOVPRIOc_W41,socioeco,inferred,,Inferred from occupation,low,INCOME,"Less than $30,000","Less than $30,000",True,0.3623439440000201,2,2
GOVPRIOc_W41,socioeco,inferred,,Inferred from occupation,low,INCOME,"$100,000 or more","Less than $30,000",False,0.5519244040000202,2,2
GOVPRIOc_W41,socioeco,inferred,,Inferred from occupation,high,INCOME,"Less than $30,000","$100,000 or more",False,0.36234396999999297,2,2
GOVPRIOc_W41,socioeco,inferred,,Inferred from occupation,high,INCOME,"$100,000 or more","$100,000 or more",True,0.551924429999993,2,2
GOVPRIOe_W41,socioeco,inferred,,Inferred from occupation,low,INCOME,"Less than $30,000","Less than $30,000",True,0.6470974860000928,2,2
GOVPRIOe_W41,socioeco,inferred,,Inferred from occupation,low,INCOME,"$100,000 or more","Less than $30,000",False,0.9180816160000929,2,2
GOVPRIOe_W41,socioeco,inferred,,Inferred from occupation,high,INCOME,"Less than $30,000","$100,000 or more",False,0.6470984380000526,2,2
GOVPRIOe_W41,socioeco,inferred,,Inferred from occupation,high,INCOME,"$100,000 or more","$100,000 or more",True,0.9180825680000527,2,2
GOVPRIOfF1_W41,socioeco,inferred,,Inferred from occupation,low,INCOME,"Less than $30,000","Less than $30,000",True,0.8644850280021183,2,2
GOVPRIOfF1_W41,socioeco,inferred,,Inferred from occupation,low,INCOME,"$100,000 or more","Less than $30,000",False,0.7522831104781104,2,2
GOVPRIOfF1_W41,socioeco,inferred,,Inferred from occupation,high,INCOME,"Less than $30,000","$100,000 or more",False,0.8645821979989745,2,2
GOVPRIOfF1_W41,socioeco,inferred,,Inferred from occupation,high,INCOME,"$100,000 or more","$100,000 or more",True,0.7523802804749664,2,2
GOVPRIOgF1_W41,socioeco,inferred,,Inferred from occupation,low,INCOME,"Less than $30,000","Less than $30,000",True,0.7546350684807744,2,2
GOVPRIOgF1_W41,socioeco,inferred,,Inferred from occupation,low,INCOME,"$100,000 or more","Less than $30,000",False,0.8162448104152997,2,2
GOVPRIOgF1_W41,socioeco,inferred,,Inferred from occupation,high,INCOME,"Less than $30,000","$100,000 or more",False,0.7756090682511056,2,2
GOVPRIOgF1_W41,socioeco,inferred,,Inferred from occupation,high,INCOME,"$100,000 or more","$100,000 or more",True,0.8372188101856309,2,2
GOVPRIOhF1_W41,socioeco,inferred,,Inferred from occupation,low,INCOME,"Less than $30,000","Less than $30,000",True,0.7177249195316123,2,2
GOVPRIOhF1_W41,socioeco,inferred,,Inferred from occupation,low,INCOME,"$100,000 or more","Less than $30,000",False,0.4542335305423352,2,2
GOVPRIOhF1_W41,socioeco,inferred,,Inferred from occupation,high,INCOME,"Less than $30,000","$100,000 or more",False,0.8568760059241732,2,2
GOVPRIOhF1_W41,socioeco,inferred,,Inferred from occupation,high,INCOME,"$100,000 or more","$100,000 or more",True,0.865331417784443,2,2
GOVPRIOiF1_W41,socioeco,inferred,,Inferred from occupation,low,INCOME,"Less than $30,000","Less than $30,000",True,0.8047306480476344,2,2
GOVPRIOiF1_W41,socioeco,inferred,,Inferred from occupation,low,INCOME,"$100,000 or more","Less than $30,000",False,0.7164500700002568,2,2
GOVPRIOiF1_W41,socioeco,inferred,,Inferred from occupation,high,INCOME,"Less than $30,000","$100,000 or more",False,0.8047347080474693,2,2
GOVPRIOiF1_W41,socioeco,inferred,,Inferred from occupation,high,INCOME,"$100,000 or more","$100,000 or more",True,0.7164541300000918,2,2
GOVPRIOjF1_W41,socioeco,inferred,,Inferred from occupation,low,INCOME,"Less than $30,000","Less than $30,000",True,0.6400951715724774,2,2
GOVPRIOjF1_W41,socioeco,inferred,,Inferred from occupation,low,INCOME,"$100,000 or more","Less than $30,000",False,0.8542971379881905,2,2
GOVPRIOjF1_W41,socioeco,inferred,,Inferred from occupation,high,INCOME,"Less than $30,000","$100,000 or more",False,0.6410220435974694,2,2
GOVPRIOjF1_W41,socioeco,inferred,,Inferred from occupation,high,INCOME,"$100,000 or more","$100,000 or more",True,0.8552240100131826,2,2
GOVPRIOkF2_W41,socioeco,inferred,,Inferred from occupation,low,INCOME,"Less than $30,000","Less than $30,000",True,0.9145536405826129,2,2
GOVPRIOkF2_W41,socioeco,inferred,,Inferred from occupation,low,INCOME,"$100,000 or more","Less than $30,000",False,0.8586411605396691,2,2
GOVPRIOkF2_W41,socioeco,inferred,,Inferred from occupation,high,INCOME,"Less than $30,000","$100,000 or more",False,0.8677945674634213,2,2
GOVPRIOkF2_W41,socioeco,inferred,,Inferred from occupation,high,INCOME,"$100,000 or more","$100,000 or more",True,0.8118820874204775,2,2
GOVPRIOlF2_W41,socioeco,inferred,,Inferred from occupation,low,INCOME,"Less than $30,000","Less than $30,000",True,1.1437384558858268,2,2
GOVPRIOlF2_W41,socioeco,inferred,,Inferred from occupation,low,INCOME,"$100,000 or more","Less than $30,000",False,1.3263468776052068,2,2
GOVPRIOlF2_W41,socioeco,inferred,,Inferred from occupation,high,INCOME,"Less than $30,000","$100,000 or more",False,1.1703705242398663,2,2
GOVPRIOlF2_W41,socioeco,inferred,,Inferred from occupation,high,INCOME,"$100,000 or more","$100,000 or more",True,1.3529789459592467,2,2
GOVPRIOmF2_W41,socioeco,inferred,,Inferred from occupation,low,INCOME,"Less than $30,000","Less than $30,000",True,0.1527021746430276,2,2
GOVPRIOmF2_W41,socioeco,inferred,,Inferred from occupation,low,INCOME,"$100,000 or more","Less than $30,000",False,0.48027913335702355,2,2
GOVPRIOmF2_W41,socioeco,inferred,,Inferred from occupation,high,INCOME,"Less than $30,000","$100,000 or more",False,0.16849913100455038,2,2
GOVPRIOmF2_W41,socioeco,inferred,,Inferred from occupation,high,INCOME,"$100,000 or more","$100,000 or more",True,0.5133372910045502,2,2
GOVPRIOnF2_W41,socioeco,inferred,,Inferred from occupation,low,INCOME,"Less than $30,000","Less than $30,000",True,0.7566564975338661,2,2
GOVPRIOnF2_W41,socioeco,inferred,,Inferred from occupation,low,INCOME,"$100,000 or more","Less than $30,000",False,1.3668496675338662,2,2
GOVPRIOnF2_W41,socioeco,inferred,,Inferred from occupation,high,INCOME,"Less than $30,000","$100,000 or more",False,1.1870012603478035,2,2
GOVPRIOnF2_W41,socioeco,inferred,,Inferred from occupation,high,INCOME,"$100,000 or more","$100,000 or more",True,1.7971944303478034,2,2
GOVPRIOoF2_W41,socioeco,inferred,,Inferred from occupation,low,INCOME,"Less than $30,000","Less than $30,000",True,0.6372890560000196,2,2
GOVPRIOoF2_W41,socioeco,inferred,,Inferred from occupation,low,INCOME,"$100,000 or more","Less than $30,000",False,0.8160555760000199,2,2
GOVPRIOoF2_W41,socioeco,inferred,,Inferred from occupation,high,INCOME,"Less than $30,000","$100,000 or more",False,0.6372892040000161,2,2
GOVPRIOoF2_W41,socioeco,inferred,,Inferred from occupation,high,INCOME,"$100,000 or more","$100,000 or more",True,0.8160557240000164,2,2
HAPPEN2b_W41,socioeco,inferred,,Inferred from occupation,low,INCOME,"Less than $30,000","Less than $30,000",True,0.561349140004513,2,2
HAPPEN2b_W41,socioeco,inferred,,Inferred from occupation,low,INCOME,"$100,000 or more","Less than $30,000",False,0.6333531363400957,2,2
HAPPEN2b_W41,socioeco,inferred,,Inferred from occupation,high,INCOME,"Less than $30,000","$100,000 or more",False,0.5610140719881153,2,2
HAPPEN2b_W41,socioeco,inferred,,Inferred from occupation,high,INCOME,"$100,000 or more","$100,000 or more",True,0.6330180683236981,2,2
HAPPEN2f_W41,socioeco,inferred,,Inferred from occupation,low,INCOME,"Less than $30,000","Less than $30,000",True,0.6431874679952888,2,2
HAPPEN2f_W41,socioeco,inferred,,Inferred from occupation,low,INCOME,"$100,000 or more","Less than $30,000",False,0.453529553455282,2,2
HAPPEN2f_W41,socioeco,inferred,,Inferred from occupation,high,INCOME,"Less than $30,000","$100,000 or more",False,0.64344926199372,2,2
HAPPEN2f_W41,socioeco,inferred,,Inferred from occupation,high,INCOME,"$100,000 or more","$100,000 or more",True,0.4537913474537132,2,2
HARASS1F1b_W41,socioeco,inferred,,Inferred from occupation,low,INCOME,"Less than $30,000","Less than $30,000",True,0.5314189358236524,2,2
HARASS1F1b_W41,socioeco,inferred,,Inferred from occupation,low,INCOME,"$100,000 or more","Less than $30,000",False,0.9435631658236524,2,2
HARASS1F1b_W41,socioeco,inferred,,Inferred from occupation,high,INCOME,"Less than $30,000","$100,000 or more",False,0.5302246503020104,2,2
HARASS1F1b_W41,socioeco,inferred,,Inferred from occupation,high,INCOME,"$100,000 or more","$100,000 or more",True,0.9423688803020105,2,2
HARASS1F1d_W41,socioeco,inferred,,Inferred from occupation,low,INCOME,"Less than $30,000","Less than $30,000",True,0.39996050599998734,2,2
HARASS1F1d_W41,socioeco,inferred,,Inferred from occupation,low,INCOME,"$100,000 or more","Less than $30,000",False,0.4733980259999875,2,2
HARASS1F1d_W41,socioeco,inferred,,Inferred from occupation,high,INCOME,"Less than $30,000","$100,000 or more",False,0.39996059399999595,2,2
HARASS1F1d_W41,socioeco,inferred,,Inferred from occupation,high,INCOME,"$100,000 or more","$100,000 or more",True,0.4733981139999961,2,2
HARASS1NOWRKF2d_W41,socioeco,inferred,,Inferred from occupation,low,INCOME,"Less than $30,000","Less than $30,000",True,0.3926726720000111,2,2
HARASS1NOWRKF2d_W41,socioeco,inferred,,Inferred from occupation,low,INCOME,"$100,000 or more","Less than $30,000",False,0.4904378469043975,2,2
HARASS1NOWRKF2d_W41,socioeco,inferred,,Inferred from occupation,high,INCOME,"Less than $30,000","$100,000 or more",False,0.3926727159999941,2,2
HARASS1NOWRKF2d_W41,socioeco,inferred,,Inferred from occupation,high,INCOME,"$100,000 or more","$100,000 or more",True,0.4904378909043805,2,2
HARASS3NOWRKF2_W41,socioeco,inferred,,Inferred from occupation,low,INCOME,"Less than $30,000","Less than $30,000",True,0.13859589365376465,2,2
HARASS3NOWRKF2_W41,socioeco,inferred,,Inferred from occupation,low,INCOME,"$100,000 or more","Less than $30,000",False,0.10954223365376464,2,2
HARASS3NOWRKF2_W41,socioeco,inferred,,Inferred from occupation,high,INCOME,"Less than $30,000","$100,000 or more",False,0.24898234581693257,2,2
HARASS3NOWRKF2_W41,socioeco,inferred,,Inferred from occupation,high,INCOME,"$100,000 or more","$100,000 or more",True,0.21992868581693256,2,2
INTRMAR_W41,socioeco,inferred,,Inferred from occupation,low,INCOME,"Less than $30,000","Less than $30,000",True,0.42438012886691845,2,2
INTRMAR_W41,socioeco,inferred,,Inferred from occupation,low,INCOME,"$100,000 or more","Less than $30,000",False,0.43816998677620683,2,2
INTRMAR_W41,socioeco,inferred,,Inferred from occupation,high,INCOME,"Less than $30,000","$100,000 or more",False,0.5821023498490945,2,2
INTRMAR_W41,socioeco,inferred,,Inferred from occupation,high,INCOME,"$100,000 or more","$100,000 or more",True,0.5603323446313943,2,2
LEGALIMG_W41,socioeco,inferred,,Inferred from occupation,low,INCOME,"Less than $30,000","Less than $30,000",True,0.5194092339167462,2,2
LEGALIMG_W41,socioeco,inferred,,Inferred from occupation,low,INCOME,"$100,000 or more","Less than $30,000",False,0.31581132418489727,2,2
LEGALIMG_W41,socioeco,inferred,,Inferred from occupation,high,INCOME,"Less than $30,000","$100,000 or more",False,0.9325971181377268,2,2
LEGALIMG_W41,socioeco,inferred,,Inferred from occupation,high,INCOME,"$100,000 or more","$100,000 or more",True,0.7289992084058778,2,2
SOLVPROBa_W41,socioeco,inferred,,Inferred from occupation,low,INCOME,"Less than $30,000","Less than $30,000",True,0.8015909260005304,2,2
SOLVPROBa_W41,socioeco,inferred,,Inferred from occupation,low,INCOME,"$100,000 or more","Less than $30,000",False,0.5365012960005305,2,2
SOLVPROBa_W41,socioeco,inferred,,Inferred from occupation,high,INCOME,"Less than $30,000","$100,000 or more",False,0.8016001519999814,2,2
SOLVPROBa_W41,socioeco,inferred,,Inferred from occupation,high,INCOME,"$100,000 or more","$100,000 or more",True,0.5365105219999815,2,2
SOLVPROBb_W41,socioeco,inferred,,Inferred from occupation,low,INCOME,"Less than $30,000","Less than $30,000",True,0.771256994325413,2,2
SOLVPROBb_W41,socioeco,inferred,,Inferred from occupation,low,INCOME,"$100,000 or more","Less than $30,000",False,0.6928639217465781,2,2
SOLVPROBb_W41,socioeco,inferred,,Inferred from occupation,high,INCOME,"Less than $30,000","$100,000 or more",False,0.8106880340196431,2,2
SOLVPROBb_W41,socioeco,inferred,,Inferred from occupation,high,INCOME,"$100,000 or more","$100,000 or more",True,0.732294961440808,2,2
SOLVPROBc_W41,socioeco,inferred,,Inferred from occupation,low,INCOME,"Less than $30,000","Less than $30,000",True,0.48630431471630997,2,2
SOLVPROBc_W41,socioeco,inferred,,Inferred from occupation,low,INCOME,"$100,000 or more","Less than $30,000",False,0.55333168471631,2,2
SOLVPROBc_W41,socioeco,inferred,,Inferred from occupation,high,INCOME,"Less than $30,000","$100,000 or more",False,0.6385519332463232,2,2
SOLVPROBc_W41,socioeco,inferred,,Inferred from occupation,high,INCOME,"$100,000 or more","$100,000 or more",True,0.7055793032463231,2,2
SOLVPROBdF1_W41,socioeco,inferred,,Inferred from occupation,low,INCOME,"Less than $30,000","Less than $30,000",True,0.34409147584165817,2,2
SOLVPROBdF1_W41,socioeco,inferred,,Inferred from occupation,low,INCOME,"$100,000 or more","Less than $30,000",False,0.2545501884026017,2,2
SOLVPROBdF1_W41,socioeco,inferred,,Inferred from occupation,high,INCOME,"Less than $30,000","$100,000 or more",False,0.3839389947981895,2,2
SOLVPROBdF1_W41,socioeco,inferred,,Inferred from occupation,high,INCOME,"$100,000 or more","$100,000 or more",True,0.29439770735913307,2,2
SOLVPROBf_W41,socioeco,inferred,,Inferred from occupation,low,INCOME,"Less than $30,000","Less than $30,000",True,0.5438734839810117,2,2
SOLVPROBf_W41,socioeco,inferred,,Inferred from occupation,low,INCOME,"$100,000 or more","Less than $30,000",False,0.5280318439810117,2,2
SOLVPROBf_W41,socioeco,inferred,,Inferred from occupation,high,INCOME,"Less than $30,000","$100,000 or more",False,0.4709115780524036,2,2
SOLVPROBf_W41,socioeco,inferred,,Inferred from occupation,high,INCOME,"$100,000 or more","$100,000 or more",True,0.4550699380524035,2,2
SOLVPROBg_W41,socioeco,inferred,,Inferred from occupation,low,INCOME,"Less than $30,000","Less than $30,000",True,1.0858534888458586,2,2
SOLVPROBg_W41,socioeco,inferred,,Inferred from occupation,low,INCOME,"$100,000 or more","Less than $30,000",False,0.8824737698521967,2,2
SOLVPROBg_W41,socioeco,inferred,,Inferred from occupation,high,INCOME,"Less than $30,000","$100,000 or more",False,0.9718424815088273,2,2
SOLVPROBg_W41,socioeco,inferred,,Inferred from occupation,high,INCOME,"$100,000 or more","$100,000 or more",True,0.7684627625151654,2,2
SOLVPROBh_W41,socioeco,inferred,,Inferred from occupation,low,INCOME,"Less than $30,000","Less than $30,000",True,0.49288783073448744,2,2
SOLVPROBh_W41,socioeco,inferred,,Inferred from occupation,low,INCOME,"$100,000 or more","Less than $30,000",False,0.5920747607344874,2,2
SOLVPROBh_W41,socioeco,inferred,,Inferred from occupation,high,INCOME,"Less than $30,000","$100,000 or more",False,0.8920076021132565,2,2
SOLVPROBh_W41,socioeco,inferred,,Inferred from occupation,high,INCOME,"$100,000 or more","$100,000 or more",True,0.9911945321132564,2,2
CONFb_W42,socioeco,inferred,,Inferred from occupation,low,INCOME,"Less than $30,000","Less than $30,000",True,0.8034775920369319,2,2
CONFb_W42,socioeco,inferred,,Inferred from occupation,low,INCOME,"$100,000 or more","Less than $30,000",False,0.7523683740012576,2,2
CONFb_W42,socioeco,inferred,,Inferred from occupation,high,INCOME,"Less than $30,000","$100,000 or more",False,0.8034830100390511,2,2
CONFb_W42,socioeco,inferred,,Inferred from occupation,high,INCOME,"$100,000 or more","$100,000 or more",True,0.7523737920033767,2,2
CONFc_W42,socioeco,inferred,,Inferred from occupation,low,INCOME,"Less than $30,000","Less than $30,000",True,0.8935587596311236,2,2
CONFc_W42,socioeco,inferred,,Inferred from occupation,low,INCOME,"$100,000 or more","Less than $30,000",False,0.9428112017777751,2,2
CONFc_W42,socioeco,inferred,,Inferred from occupation,high,INCOME,"Less than $30,000","$100,000 or more",False,0.4563371300447386,2,2
CONFc_W42,socioeco,inferred,,Inferred from occupation,high,INCOME,"$100,000 or more","$100,000 or more",True,0.38745363554865936,2,2
CONFe_W42,socioeco,inferred,,Inferred from occupation,low,INCOME,"Less than $30,000","Less than $30,000",True,0.8823973820011819,2,2
CONFe_W42,socioeco,inferred,,Inferred from occupation,low,INCOME,"$100,000 or more","Less than $30,000",False,0.8305187736956001,2,2
CONFe_W42,socioeco,inferred,,Inferred from occupation,high,INCOME,"Less than $30,000","$100,000 or more",False,0.882394509998901,2,2
CONFe_W42,socioeco,inferred,,Inferred from occupation,high,INCOME,"$100,000 or more","$100,000 or more",True,0.8305159016933193,2,2
CONFg_W42,socioeco,inferred,,Inferred from occupation,low,INCOME,"Less than $30,000","Less than $30,000",True,0.6819676040001355,2,2
CONFg_W42,socioeco,inferred,,Inferred from occupation,low,INCOME,"$100,000 or more","Less than $30,000",False,0.6067780840001353,2,2
CONFg_W42,socioeco,inferred,,Inferred from occupation,high,INCOME,"Less than $30,000","$100,000 or more",False,0.6818554460026287,2,2
CONFg_W42,socioeco,inferred,,Inferred from occupation,high,INCOME,"$100,000 or more","$100,000 or more",True,0.6066659260026286,2,2
PQ4_F2Aa_W42,socioeco,inferred,,Inferred from occupation,low,INCOME,"Less than $30,000","Less than $30,000",True,0.6307289599389214,2,2
PQ4_F2Aa_W42,socioeco,inferred,,Inferred from occupation,low,INCOME,"$100,000 or more","Less than $30,000",False,0.6222632299389215,2,2
PQ4_F2Aa_W42,socioeco,inferred,,Inferred from occupation,high,INCOME,"Less than $30,000","$100,000 or more",False,0.47099496698130816,2,2
PQ4_F2Aa_W42,socioeco,inferred,,Inferred from occupation,high,INCOME,"$100,000 or more","$100,000 or more",True,0.4625292369813083,2,2
PQ4_F2Ac_W42,socioeco,inferred,,Inferred from occupation,low,INCOME,"Less than $30,000","Less than $30,000",True,0.6945707269458004,2,2
PQ4_F2Ac_W42,socioeco,inferred,,Inferred from occupation,low,INCOME,"$100,000 or more","Less than $30,000",False,0.5586350544134325,2,2
PQ4_F2Ac_W42,socioeco,inferred,,Inferred from occupation,high,INCOME,"Less than $30,000","$100,000 or more",False,0.6945707309455217,2,2
PQ4_F2Ac_W42,socioeco,inferred,,Inferred from occupation,high,INCOME,"$100,000 or more","$100,000 or more",True,0.5586350584131539,2,2
PQ4_F2Ae_W42,socioeco,inferred,,Inferred from occupation,low,INCOME,"Less than $30,000","Less than $30,000",True,0.7233001170672787,2,2
PQ4_F2Ae_W42,socioeco,inferred,,Inferred from occupation,low,INCOME,"$100,000 or more","Less than $30,000",False,0.22619630483144226,2,2
PQ4_F2Ae_W42,socioeco,inferred,,Inferred from occupation,high,INCOME,"Less than $30,000","$100,000 or more",False,0.7756940302156118,2,2
PQ4_F2Ae_W42,socioeco,inferred,,Inferred from occupation,high,INCOME,"$100,000 or more","$100,000 or more",True,0.27859021797977523,2,2
PQ4_F2Bb_W42,socioeco,inferred,,Inferred from occupation,low,INCOME,"Less than $30,000","Less than $30,000",True,0.5502153886016998,2,2
PQ4_F2Bb_W42,socioeco,inferred,,Inferred from occupation,low,INCOME,"$100,000 or more","Less than $30,000",False,0.4607100527941166,2,2
PQ4_F2Bb_W42,socioeco,inferred,,Inferred from occupation,high,INCOME,"Less than $30,000","$100,000 or more",False,0.44222520069931825,2,2
PQ4_F2Bb_W42,socioeco,inferred,,Inferred from occupation,high,INCOME,"$100,000 or more","$100,000 or more",True,0.352719864891735,2,2
PQ4_F2Bc_W42,socioeco,inferred,,Inferred from occupation,low,INCOME,"Less than $30,000","Less than $30,000",True,0.6156127680057523,2,2
PQ4_F2Bc_W42,socioeco,inferred,,Inferred from occupation,low,INCOME,"$100,000 or more","Less than $30,000",False,0.5665160323389002,2,2
PQ4_F2Bc_W42,socioeco,inferred,,Inferred from occupation,high,INCOME,"Less than $30,000","$100,000 or more",False,0.6157259700004478,2,2
PQ4_F2Bc_W42,socioeco,inferred,,Inferred from occupation,high,INCOME,"$100,000 or more","$100,000 or more",True,0.5666292343335958,2,2
PQ4_F2Bd_W42,socioeco,inferred,,Inferred from occupation,low,INCOME,"Less than $30,000","Less than $30,000",True,0.6189501019993847,2,2
PQ4_F2Bd_W42,socioeco,inferred,,Inferred from occupation,low,INCOME,"$100,000 or more","Less than $30,000",False,0.49773716697737147,2,2
PQ4_F2Bd_W42,socioeco,inferred,,Inferred from occupation,high,INCOME,"Less than $30,000","$100,000 or more",False,0.6189607939989834,2,2
PQ4_F2Bd_W42,socioeco,inferred,,Inferred from occupation,high,INCOME,"$100,000 or more","$100,000 or more",True,0.49774785897697016,2,2
PQ4_F2Cc_W42,socioeco,inferred,,Inferred from occupation,low,INCOME,"Less than $30,000","Less than $30,000",True,0.6085469360866629,2,2
PQ4_F2Cc_W42,socioeco,inferred,,Inferred from occupation,low,INCOME,"$100,000 or more","Less than $30,000",False,0.5054132800007956,2,2
PQ4_F2Cc_W42,socioeco,inferred,,Inferred from occupation,high,INCOME,"Less than $30,000","$100,000 or more",False,0.6085629100855816,2,2
PQ4_F2Cc_W42,socioeco,inferred,,Inferred from occupation,high,INCOME,"$100,000 or more","$100,000 or more",True,0.5054292539997142,2,2
PQ8_F2B_W42,socioeco,inferred,,Inferred from occupation,low,INCOME,"Less than $30,000","Less than $30,000",True,0.6150563921505637,2,2
PQ8_F2B_W42,socioeco,inferred,,Inferred from occupation,low,INCOME,"$100,000 or more","Less than $30,000",False,0.7382908359877088,2,2
PQ8_F2B_W42,socioeco,inferred,,Inferred from occupation,high,INCOME,"Less than $30,000","$100,000 or more",False,0.6148537201800369,2,2
PQ8_F2B_W42,socioeco,inferred,,Inferred from occupation,high,INCOME,"$100,000 or more","$100,000 or more",True,0.738088164017182,2,2
RQ1_F1B_W42,socioeco,inferred,,Inferred from occupation,low,INCOME,"Less than $30,000","Less than $30,000",True,0.18806393074812705,2,2
RQ1_F1B_W42,socioeco,inferred,,Inferred from occupation,low,INCOME,"$100,000 or more","Less than $30,000",False,0.10243785074812706,2,2
RQ1_F1B_W42,socioeco,inferred,,Inferred from occupation,high,INCOME,"Less than $30,000","$100,000 or more",False,0.30152135080033543,2,2
RQ1_F1B_W42,socioeco,inferred,,Inferred from occupation,high,INCOME,"$100,000 or more","$100,000 or more",True,0.21589527080033544,2,2
RQ1_F1C_W42,socioeco,inferred,,Inferred from occupation,low,INCOME,"Less than $30,000","Less than $30,000",True,0.25550199086385245,2,2
RQ1_F1C_W42,socioeco,inferred,,Inferred from occupation,low,INCOME,"$100,000 or more","Less than $30,000",False,0.25559266586385243,2,2
RQ1_F1C_W42,socioeco,inferred,,Inferred from occupation,high,INCOME,"Less than $30,000","$100,000 or more",False,0.14012631285806015,2,2
RQ1_F1C_W42,socioeco,inferred,,Inferred from occupation,high,INCOME,"$100,000 or more","$100,000 or more",True,0.14021698785806014,2,2
RQ2_F1A_W42,socioeco,inferred,,Inferred from occupation,low,INCOME,"Less than $30,000","Less than $30,000",True,0.3759489499999579,2,2
RQ2_F1A_W42,socioeco,inferred,,Inferred from occupation,low,INCOME,"$100,000 or more","Less than $30,000",False,0.3355348799999579,2,2
RQ2_F1A_W42,socioeco,inferred,,Inferred from occupation,high,INCOME,"Less than $30,000","$100,000 or more",False,0.37592154199934663,2,2
RQ2_F1A_W42,socioeco,inferred,,Inferred from occupation,high,INCOME,"$100,000 or more","$100,000 or more",True,0.3355074719993466,2,2
RQ4_F1Ab_W42,socioeco,inferred,,Inferred from occupation,low,INCOME,"Less than $30,000","Less than $30,000",True,0.505042271050337,2,2
RQ4_F1Ab_W42,socioeco,inferred,,Inferred from occupation,low,INCOME,"$100,000 or more","Less than $30,000",False,0.5003455759996995,2,2
RQ4_F1Ab_W42,socioeco,inferred,,Inferred from occupation,high,INCOME,"Less than $30,000","$100,000 or more",False,0.5050429770509277,2,2
RQ4_F1Ab_W42,socioeco,inferred,,Inferred from occupation,high,INCOME,"$100,000 or more","$100,000 or more",True,0.5003462820002902,2,2
RQ4_F1Ae_W42,socioeco,inferred,,Inferred from occupation,low,INCOME,"Less than $30,000","Less than $30,000",True,0.41968360550125994,2,2
RQ4_F1Ae_W42,socioeco,inferred,,Inferred from occupation,low,INCOME,"$100,000 or more","Less than $30,000",False,0.3418801302058836,2,2
RQ4_F1Ae_W42,socioeco,inferred,,Inferred from occupation,high,INCOME,"Less than $30,000","$100,000 or more",False,0.562500196296046,2,2
RQ4_F1Ae_W42,socioeco,inferred,,Inferred from occupation,high,INCOME,"$100,000 or more","$100,000 or more",True,0.48469672100066963,2,2
RQ4_F1Ba_W42,socioeco,inferred,,Inferred from occupation,low,INCOME,"Less than $30,000","Less than $30,000",True,0.5824269739352133,2,2
RQ4_F1Ba_W42,socioeco,inferred,,Inferred from occupation,low,INCOME,"$100,000 or more","Less than $30,000",False,0.5834666639352131,2,2
RQ4_F1Ba_W42,socioeco,inferred,,Inferred from occupation,high,INCOME,"Less than $30,000","$100,000 or more",False,0.582083425919483,2,2
RQ4_F1Ba_W42,socioeco,inferred,,Inferred from occupation,high,INCOME,"$100,000 or more","$100,000 or more",True,0.583123115919483,2,2
RQ4_F1Bc_W42,socioeco,inferred,,Inferred from occupation,low,INCOME,"Less than $30,000","Less than $30,000",True,0.6656270260002759,2,2
RQ4_F1Bc_W42,socioeco,inferred,,Inferred from occupation,low,INCOME,"$100,000 or more","Less than $30,000",False,0.5776872460002758,2,2
RQ4_F1Bc_W42,socioeco,inferred,,Inferred from occupation,high,INCOME,"Less than $30,000","$100,000 or more",False,0.6656376519991855,2,2
RQ4_F1Bc_W42,socioeco,inferred,,Inferred from occupation,high,INCOME,"$100,000 or more","$100,000 or more",True,0.5776978719991853,2,2
RQ4_F1Bd_W42,socioeco,inferred,,Inferred from occupation,low,INCOME,"Less than $30,000","Less than $30,000",True,0.5969337336660571,2,2
RQ4_F1Bd_W42,socioeco,inferred,,Inferred from occupation,low,INCOME,"$100,000 or more","Less than $30,000",False,0.5546806896923642,2,2
RQ4_F1Bd_W42,socioeco,inferred,,Inferred from occupation,high,INCOME,"Less than $30,000","$100,000 or more",False,0.5966802801403045,2,2
RQ4_F1Bd_W42,socioeco,inferred,,Inferred from occupation,high,INCOME,"$100,000 or more","$100,000 or more",True,0.5544272361666116,2,2
RQ4_F1Be_W42,socioeco,inferred,,Inferred from occupation,low,INCOME,"Less than $30,000","Less than $30,000",True,0.5285470585123626,2,2
RQ4_F1Be_W42,socioeco,inferred,,Inferred from occupation,low,INCOME,"$100,000 or more","Less than $30,000",False,0.2980065085123628,2,2
RQ4_F1Be_W42,socioeco,inferred,,Inferred from occupation,high,INCOME,"Less than $30,000","$100,000 or more",False,0.6902629758635543,2,2
RQ4_F1Be_W42,socioeco,inferred,,Inferred from occupation,high,INCOME,"$100,000 or more","$100,000 or more",True,0.45972242586355455,2,2
RQ4_F1Ca_W42,socioeco,inferred,,Inferred from occupation,low,INCOME,"Less than $30,000","Less than $30,000",True,0.5147320940007536,2,2
RQ4_F1Ca_W42,socioeco,inferred,,Inferred from occupation,low,INCOME,"$100,000 or more","Less than $30,000",False,0.40603304400075363,2,2
RQ4_F1Ca_W42,socioeco,inferred,,Inferred from occupation,high,INCOME,"Less than $30,000","$100,000 or more",False,0.514130290032005,2,2
RQ4_F1Ca_W42,socioeco,inferred,,Inferred from occupation,high,INCOME,"$100,000 or more","$100,000 or more",True,0.4054312400320051,2,2
RQ4_F1Cb_W42,socioeco,inferred,,Inferred from occupation,low,INCOME,"Less than $30,000","Less than $30,000",True,0.5058217520000985,2,2
RQ4_F1Cb_W42,socioeco,inferred,,Inferred from occupation,low,INCOME,"$100,000 or more","Less than $30,000",False,0.4521845120000983,2,2
RQ4_F1Cb_W42,socioeco,inferred,,Inferred from occupation,high,INCOME,"Less than $30,000","$100,000 or more",False,0.5058022000000002,2,2
RQ4_F1Cb_W42,socioeco,inferred,,Inferred from occupation,high,INCOME,"$100,000 or more","$100,000 or more",True,0.45216496,2,2
RQ4_F1Cd_W42,socioeco,inferred,,Inferred from occupation,low,INCOME,"Less than $30,000","Less than $30,000",True,0.5985583158830969,2,2
RQ4_F1Cd_W42,socioeco,inferred,,Inferred from occupation,low,INCOME,"$100,000 or more","Less than $30,000",False,0.582575535883097,2,2
RQ4_F1Cd_W42,socioeco,inferred,,Inferred from occupation,high,INCOME,"Less than $30,000","$100,000 or more",False,0.5979487878059794,2,2
RQ4_F1Cd_W42,socioeco,inferred,,Inferred from occupation,high,INCOME,"$100,000 or more","$100,000 or more",True,0.5819660078059794,2,2
RQ5_F1B_W42,socioeco,inferred,,Inferred from occupation,low,INCOME,"Less than $30,000","Less than $30,000",True,1.3826948107338375,2,2
RQ5_F1B_W42,socioeco,inferred,,Inferred from occupation,low,INCOME,"$100,000 or more","Less than $30,000",False,1.5780638807338374,2,2
RQ5_F1B_W42,socioeco,inferred,,Inferred from occupation,high,INCOME,"Less than $30,000","$100,000 or more",False,1.4204942287901368,2,2
RQ5_F1B_W42,socioeco,inferred,,Inferred from occupation,high,INCOME,"$100,000 or more","$100,000 or more",True,1.6158632987901371,2,2
RQ5_F1C_W42,socioeco,inferred,,Inferred from occupation,low,INCOME,"Less than $30,000","Less than $30,000",True,1.4222029840119177,2,2
RQ5_F1C_W42,socioeco,inferred,,Inferred from occupation,low,INCOME,"$100,000 or more","Less than $30,000",False,1.5781869940119178,2,2
RQ5_F1C_W42,socioeco,inferred,,Inferred from occupation,high,INCOME,"Less than $30,000","$100,000 or more",False,1.4249558339935877,2,2
RQ5_F1C_W42,socioeco,inferred,,Inferred from occupation,high,INCOME,"$100,000 or more","$100,000 or more",True,1.5809398439935882,2,2
IDIMPORT_W43,socioeco,inferred,,Inferred from occupation,low,INCOME,"Less than $30,000","Less than $30,000",True,1.65770276400026,2,2
IDIMPORT_W43,socioeco,inferred,,Inferred from occupation,low,INCOME,"$100,000 or more","Less than $30,000",False,1.37520431400026,2,2
IDIMPORT_W43,socioeco,inferred,,Inferred from occupation,high,INCOME,"Less than $30,000","$100,000 or more",False,1.6577844080007735,2,2
IDIMPORT_W43,socioeco,inferred,,Inferred from occupation,high,INCOME,"$100,000 or more","$100,000 or more",True,1.3752859580007737,2,2
RACESURV13_W43,socioeco,inferred,,Inferred from occupation,low,INCOME,"Less than $30,000","Less than $30,000",True,0.5677355561884179,2,2
RACESURV13_W43,socioeco,inferred,,Inferred from occupation,low,INCOME,"$100,000 or more","Less than $30,000",False,0.4292058314225652,2,2
RACESURV13_W43,socioeco,inferred,,Inferred from occupation,high,INCOME,"Less than $30,000","$100,000 or more",False,0.6391957619090052,2,2
RACESURV13_W43,socioeco,inferred,,Inferred from occupation,high,INCOME,"$100,000 or more","$100,000 or more",True,0.5006660371431525,2,2
RACESURV14_W43,socioeco,inferred,,Inferred from occupation,low,INCOME,"Less than $30,000","Less than $30,000",True,0.7718170997185748,2,2
RACESURV14_W43,socioeco,inferred,,Inferred from occupation,low,INCOME,"$100,000 or more","Less than $30,000",False,0.8321752420002849,2,2
RACESURV14_W43,socioeco,inferred,,Inferred from occupation,high,INCOME,"Less than $30,000","$100,000 or more",False,0.7718259937182181,2,2
RACESURV14_W43,socioeco,inferred,,Inferred from occupation,high,INCOME,"$100,000 or more","$100,000 or more",True,0.8321841359999282,2,2
RACESURV15a_W43,socioeco,inferred,,Inferred from occupation,low,INCOME,"Less than $30,000","Less than $30,000",True,0.13559753977470212,2,2
RACESURV15a_W43,socioeco,inferred,,Inferred from occupation,low,INCOME,"$100,000 or more","Less than $30,000",False,0.08467830201845994,2,2
RACESURV15a_W43,socioeco,inferred,,Inferred from occupation,high,INCOME,"Less than $30,000","$100,000 or more",False,0.16904388187495778,2,2
RACESURV15a_W43,socioeco,inferred,,Inferred from occupation,high,INCOME,"$100,000 or more","$100,000 or more",True,0.1181246441187156,2,2
RACESURV15b_W43,socioeco,inferred,,Inferred from occupation,low,INCOME,"Less than $30,000","Less than $30,000",True,0.336450101013536,2,2
RACESURV15b_W43,socioeco,inferred,,Inferred from occupation,low,INCOME,"$100,000 or more","Less than $30,000",False,0.36219432101353605,2,2
RACESURV15b_W43,socioeco,inferred,,Inferred from occupation,high,INCOME,"Less than $30,000","$100,000 or more",False,0.3368202340029417,2,2
RACESURV15b_W43,socioeco,inferred,,Inferred from occupation,high,INCOME,"$100,000 or more","$100,000 or more",True,0.36256445400294174,2,2
RACESURV17_W43,socioeco,inferred,,Inferred from occupation,low,INCOME,"Less than $30,000","Less than $30,000",True,0.634905538940594,2,2
RACESURV17_W43,socioeco,inferred,,Inferred from occupation,low,INCOME,"$100,000 or more","Less than $30,000",False,0.6759298789405941,2,2
RACESURV17_W43,socioeco,inferred,,Inferred from occupation,high,INCOME,"Less than $30,000","$100,000 or more",False,0.6058515418313518,2,2
RACESURV17_W43,socioeco,inferred,,Inferred from occupation,high,INCOME,"$100,000 or more","$100,000 or more",True,0.6468758818313518,2,2
RACESURV18b_W43,socioeco,inferred,,Inferred from occupation,low,INCOME,"Less than $30,000","Less than $30,000",True,0.8819233439419402,2,2
RACESURV18b_W43,socioeco,inferred,,Inferred from occupation,low,INCOME,"$100,000 or more","Less than $30,000",False,0.7465733827627051,2,2
RACESURV18b_W43,socioeco,inferred,,Inferred from occupation,high,INCOME,"Less than $30,000","$100,000 or more",False,0.8819849620750633,2,2
RACESURV18b_W43,socioeco,inferred,,Inferred from occupation,high,INCOME,"$100,000 or more","$100,000 or more",True,0.7466350008958282,2,2
RACESURV18f_W43,socioeco,inferred,,Inferred from occupation,low,INCOME,"Less than $30,000","Less than $30,000",True,0.4272138684601858,2,2
RACESURV18f_W43,socioeco,inferred,,Inferred from occupation,low,INCOME,"$100,000 or more","Less than $30,000",False,0.36291751781722265,2,2
RACESURV18f_W43,socioeco,inferred,,Inferred from occupation,high,INCOME,"Less than $30,000","$100,000 or more",False,0.427962554906261,2,2
RACESURV18f_W43,socioeco,inferred,,Inferred from occupation,high,INCOME,"$100,000 or more","$100,000 or more",True,0.3636662042632978,2,2
RACESURV19a_W43,socioeco,inferred,,Inferred from occupation,low,INCOME,"Less than $30,000","Less than $30,000",True,0.7344163973443483,2,2
RACESURV19a_W43,socioeco,inferred,,Inferred from occupation,low,INCOME,"$100,000 or more","Less than $30,000",False,0.7463048125370848,2,2
RACESURV19a_W43,socioeco,inferred,,Inferred from occupation,high,INCOME,"Less than $30,000","$100,000 or more",False,0.7344166313442316,2,2
RACESURV19a_W43,socioeco,inferred,,Inferred from occupation,high,INCOME,"$100,000 or more","$100,000 or more",True,0.7463050465369682,2,2
RACESURV19c_W43,socioeco,inferred,,Inferred from occupation,low,INCOME,"Less than $30,000","Less than $30,000",True,0.8318157740027692,2,2
RACESURV19c_W43,socioeco,inferred,,Inferred from occupation,low,INCOME,"$100,000 or more","Less than $30,000",False,0.6688752040027692,2,2
RACESURV19c_W43,socioeco,inferred,,Inferred from occupation,high,INCOME,"Less than $30,000","$100,000 or more",False,0.8321760980012145,2,2
RACESURV19c_W43,socioeco,inferred,,Inferred from occupation,high,INCOME,"$100,000 or more","$100,000 or more",True,0.6692355280012146,2,2
RACESURV19e_W43,socioeco,inferred,,Inferred from occupation,low,INCOME,"Less than $30,000","Less than $30,000",True,0.8121090558791013,2,2
RACESURV19e_W43,socioeco,inferred,,Inferred from occupation,low,INCOME,"$100,000 or more","Less than $30,000",False,0.8320540223210523,2,2
RACESURV19e_W43,socioeco,inferred,,Inferred from occupation,high,INCOME,"Less than $30,000","$100,000 or more",False,0.812115567879167,2,2
RACESURV19e_W43,socioeco,inferred,,Inferred from occupation,high,INCOME,"$100,000 or more","$100,000 or more",True,0.8320605343211179,2,2
RACESURV1b_W43,socioeco,inferred,,Inferred from occupation,low,INCOME,"Less than $30,000","Less than $30,000",True,0.3278683227206422,2,2
RACESURV1b_W43,socioeco,inferred,,Inferred from occupation,low,INCOME,"$100,000 or more","Less than $30,000",False,0.29367597306256565,2,2
RACESURV1b_W43,socioeco,inferred,,Inferred from occupation,high,INCOME,"Less than $30,000","$100,000 or more",False,0.32785371572012906,2,2
RACESURV1b_W43,socioeco,inferred,,Inferred from occupation,high,INCOME,"$100,000 or more","$100,000 or more",True,0.2936613660620525,2,2
RACESURV21_W43,socioeco,inferred,,Inferred from occupation,low,INCOME,"Less than $30,000","Less than $30,000",True,0.708407229589534,2,2
RACESURV21_W43,socioeco,inferred,,Inferred from occupation,low,INCOME,"$100,000 or more","Less than $30,000",False,0.7569815522516368,2,2
RACESURV21_W43,socioeco,inferred,,Inferred from occupation,high,INCOME,"Less than $30,000","$100,000 or more",False,0.7245880928799924,2,2
RACESURV21_W43,socioeco,inferred,,Inferred from occupation,high,INCOME,"$100,000 or more","$100,000 or more",True,0.7479446928018565,2,2
RACESURV27_W43,socioeco,inferred,,Inferred from occupation,low,INCOME,"Less than $30,000","Less than $30,000",True,1.0703531676309834,2,2
RACESURV27_W43,socioeco,inferred,,Inferred from occupation,low,INCOME,"$100,000 or more","Less than $30,000",False,0.9510934772956752,2,2
RACESURV27_W43,socioeco,inferred,,Inferred from occupation,high,INCOME,"Less than $30,000","$100,000 or more",False,1.084598162029398,2,2
RACESURV27_W43,socioeco,inferred,,Inferred from occupation,high,INCOME,"$100,000 or more","$100,000 or more",True,0.9653384716940898,2,2
RACESURV28a_W43,socioeco,inferred,,Inferred from occupation,low,INCOME,"Less than $30,000","Less than $30,000",True,0.2269153352962323,2,2
RACESURV28a_W43,socioeco,inferred,,Inferred from occupation,low,INCOME,"$100,000 or more","Less than $30,000",False,0.21156571029623233,2,2
RACESURV28a_W43,socioeco,inferred,,Inferred from occupation,high,INCOME,"Less than $30,000","$100,000 or more",False,0.2750330779899655,2,2
RACESURV28a_W43,socioeco,inferred,,Inferred from occupation,high,INCOME,"$100,000 or more","$100,000 or more",True,0.25968345298996554,2,2
RACESURV28b_W43,socioeco,inferred,,Inferred from occupation,low,INCOME,"Less than $30,000","Less than $30,000",True,0.2951338740669774,2,2
RACESURV28b_W43,socioeco,inferred,,Inferred from occupation,low,INCOME,"$100,000 or more","Less than $30,000",False,0.2576039890669774,2,2
RACESURV28b_W43,socioeco,inferred,,Inferred from occupation,high,INCOME,"Less than $30,000","$100,000 or more",False,0.2978207640018689,2,2
RACESURV28b_W43,socioeco,inferred,,Inferred from occupation,high,INCOME,"$100,000 or more","$100,000 or more",True,0.2602908790018689,2,2
RACESURV28c_W43,socioeco,inferred,,Inferred from occupation,low,INCOME,"Less than $30,000","Less than $30,000",True,0.30088153599879863,2,2
RACESURV28c_W43,socioeco,inferred,,Inferred from occupation,low,INCOME,"$100,000 or more","Less than $30,000",False,0.2669192109987987,2,2
RACESURV28c_W43,socioeco,inferred,,Inferred from occupation,high,INCOME,"Less than $30,000","$100,000 or more",False,0.301001827,2,2
RACESURV28c_W43,socioeco,inferred,,Inferred from occupation,high,INCOME,"$100,000 or more","$100,000 or more",True,0.26703950200000004,2,2
RACESURV28d_W43,socioeco,inferred,,Inferred from occupation,low,INCOME,"Less than $30,000","Less than $30,000",True,0.18109484100289236,2,2
RACESURV28d_W43,socioeco,inferred,,Inferred from occupation,low,INCOME,"$100,000 or more","Less than $30,000",False,0.1458944210028923,2,2
RACESURV28d_W43,socioeco,inferred,,Inferred from occupation,high,INCOME,"Less than $30,000","$100,000 or more",False,0.181188742,2,2
RACESURV28d_W43,socioeco,inferred,,Inferred from occupation,high,INCOME,"$100,000 or more","$100,000 or more",True,0.14598832199999995,2,2
RACESURV28e_W43,socioeco,inferred,,Inferred from occupation,low,INCOME,"Less than $30,000","Less than $30,000",True,0.18308207499639972,2,2
RACESURV28e_W43,socioeco,inferred,,Inferred from occupation,low,INCOME,"$100,000 or more","Less than $30,000",False,0.17924689499639984,2,2
RACESURV28e_W43,socioeco,inferred,,Inferred from occupation,high,INCOME,"Less than $30,000","$100,000 or more",False,0.18316855099750623,2,2
RACESURV28e_W43,socioeco,inferred,,Inferred from occupation,high,INCOME,"$100,000 or more","$100,000 or more",True,0.17933337099750635,2,2
RACESURV28f_W43,socioeco,inferred,,Inferred from occupation,low,INCOME,"Less than $30,000","Less than $30,000",True,0.3400496187372104,2,2
RACESURV28f_W43,socioeco,inferred,,Inferred from occupation,low,INCOME,"$100,000 or more","Less than $30,000",False,0.27960453230984006,2,2
RACESURV28f_W43,socioeco,inferred,,Inferred from occupation,high,INCOME,"Less than $30,000","$100,000 or more",False,0.3564197844526653,2,2
RACESURV28f_W43,socioeco,inferred,,Inferred from occupation,high,INCOME,"$100,000 or more","$100,000 or more",True,0.29597469802529497,2,2
RACESURV28g_W43,socioeco,inferred,,Inferred from occupation,low,INCOME,"Less than $30,000","Less than $30,000",True,0.34914807299102196,2,2
RACESURV28g_W43,socioeco,inferred,,Inferred from occupation,low,INCOME,"$100,000 or more","Less than $30,000",False,0.318793834800839,2,2
RACESURV28g_W43,socioeco,inferred,,Inferred from occupation,high,INCOME,"Less than $30,000","$100,000 or more",False,0.3492750650001949,2,2
RACESURV28g_W43,socioeco,inferred,,Inferred from occupation,high,INCOME,"$100,000 or more","$100,000 or more",True,0.31892082681001194,2,2
RACESURV29d_W43,socioeco,inferred,,Inferred from occupation,low,INCOME,"Less than $30,000","Less than $30,000",True,0.8600185594022914,2,2
RACESURV29d_W43,socioeco,inferred,,Inferred from occupation,low,INCOME,"$100,000 or more","Less than $30,000",False,0.5948432280055735,2,2
RACESURV29d_W43,socioeco,inferred,,Inferred from occupation,high,INCOME,"Less than $30,000","$100,000 or more",False,0.8602814773972788,2,2
RACESURV29d_W43,socioeco,inferred,,Inferred from occupation,high,INCOME,"$100,000 or more","$100,000 or more",True,0.5951061460005607,2,2
RACESURV2_W43,socioeco,inferred,,Inferred from occupation,low,INCOME,"Less than $30,000","Less than $30,000",True,0.922115904780029,2,2
RACESURV2_W43,socioeco,inferred,,Inferred from occupation,low,INCOME,"$100,000 or more","Less than $30,000",False,1.0718615390014852,2,2
RACESURV2_W43,socioeco,inferred,,Inferred from occupation,high,INCOME,"Less than $30,000","$100,000 or more",False,0.9221147927785438,2,2
RACESURV2_W43,socioeco,inferred,,Inferred from occupation,high,INCOME,"$100,000 or more","$100,000 or more",True,1.0718604269999998,2,2
RACESURV34a_W43,socioeco,inferred,,Inferred from occupation,low,INCOME,"Less than $30,000","Less than $30,000",True,0.4600752569990489,2,2
RACESURV34a_W43,socioeco,inferred,,Inferred from occupation,low,INCOME,"$100,000 or more","Less than $30,000",False,0.5331675723310042,2,2
RACESURV34a_W43,socioeco,inferred,,Inferred from occupation,high,INCOME,"Less than $30,000","$100,000 or more",False,0.4600787220004409,2,2
RACESURV34a_W43,socioeco,inferred,,Inferred from occupation,high,INCOME,"$100,000 or more","$100,000 or more",True,0.5331710373323963,2,2
RACESURV34b_W43,socioeco,inferred,,Inferred from occupation,low,INCOME,"Less than $30,000","Less than $30,000",True,0.5259270600051025,2,2
RACESURV34b_W43,socioeco,inferred,,Inferred from occupation,low,INCOME,"$100,000 or more","Less than $30,000",False,0.5018293449848465,2,2
RACESURV34b_W43,socioeco,inferred,,Inferred from occupation,high,INCOME,"Less than $30,000","$100,000 or more",False,0.5260526150001414,2,2
RACESURV34b_W43,socioeco,inferred,,Inferred from occupation,high,INCOME,"$100,000 or more","$100,000 or more",True,0.5019548999798855,2,2
RACESURV34c_W43,socioeco,inferred,,Inferred from occupation,low,INCOME,"Less than $30,000","Less than $30,000",True,0.557858632670583,2,2
RACESURV34c_W43,socioeco,inferred,,Inferred from occupation,low,INCOME,"$100,000 or more","Less than $30,000",False,0.7429771645217683,2,2
RACESURV34c_W43,socioeco,inferred,,Inferred from occupation,high,INCOME,"Less than $30,000","$100,000 or more",False,0.4488813354889203,2,2
RACESURV34c_W43,socioeco,inferred,,Inferred from occupation,high,INCOME,"$100,000 or more","$100,000 or more",True,0.6339998673401057,2,2
RACESURV34d_W43,socioeco,inferred,,Inferred from occupation,low,INCOME,"Less than $30,000","Less than $30,000",True,0.40856146157228174,2,2
RACESURV34d_W43,socioeco,inferred,,Inferred from occupation,low,INCOME,"$100,000 or more","Less than $30,000",False,0.19082129348400667,2,2
RACESURV34d_W43,socioeco,inferred,,Inferred from occupation,high,INCOME,"Less than $30,000","$100,000 or more",False,0.7559272947735122,2,2
RACESURV34d_W43,socioeco,inferred,,Inferred from occupation,high,INCOME,"$100,000 or more","$100,000 or more",True,0.27154088441948254,2,2
RACESURV34e_W43,socioeco,inferred,,Inferred from occupation,low,INCOME,"Less than $30,000","Less than $30,000",True,0.26719464299999995,2,2
RACESURV34e_W43,socioeco,inferred,,Inferred from occupation,low,INCOME,"$100,000 or more","Less than $30,000",False,0.42151540919661634,2,2
RACESURV34e_W43,socioeco,inferred,,Inferred from occupation,high,INCOME,"Less than $30,000","$100,000 or more",False,0.44164846127742236,2,2
RACESURV34e_W43,socioeco,inferred,,Inferred from occupation,high,INCOME,"$100,000 or more","$100,000 or more",True,0.40400535112226393,2,2
RACESURV38_W43,socioeco,inferred,,Inferred from occupation,low,INCOME,"Less than $30,000","Less than $30,000",True,0.867061992604392,2,2
RACESURV38_W43,socioeco,inferred,,Inferred from occupation,low,INCOME,"$100,000 or more","Less than $30,000",False,0.711233672604392,2,2
RACESURV38_W43,socioeco,inferred,,Inferred from occupation,high,INCOME,"Less than $30,000","$100,000 or more",False,1.0262848960000002,2,2
RACESURV38_W43,socioeco,inferred,,Inferred from occupation,high,INCOME,"$100,000 or more","$100,000 or more",True,0.8704565760000001,2,2
RACESURV40_W43,socioeco,inferred,,Inferred from occupation,low,INCOME,"Less than $30,000","Less than $30,000",True,0.3086673524046658,2,2
RACESURV40_W43,socioeco,inferred,,Inferred from occupation,low,INCOME,"$100,000 or more","Less than $30,000",False,0.277085982088852,2,2
RACESURV40_W43,socioeco,inferred,,Inferred from occupation,high,INCOME,"Less than $30,000","$100,000 or more",False,0.3086631083354785,2,2
RACESURV40_W43,socioeco,inferred,,Inferred from occupation,high,INCOME,"$100,000 or more","$100,000 or more",True,0.2770817380196647,2,2
RACESURV41_W43,socioeco,inferred,,Inferred from occupation,low,INCOME,"Less than $30,000","Less than $30,000",True,0.5043888842795505,2,2
RACESURV41_W43,socioeco,inferred,,Inferred from occupation,low,INCOME,"$100,000 or more","Less than $30,000",False,0.44993913427955046,2,2
RACESURV41_W43,socioeco,inferred,,Inferred from occupation,high,INCOME,"Less than $30,000","$100,000 or more",False,0.5044152311840832,2,2
RACESURV41_W43,socioeco,inferred,,Inferred from occupation,high,INCOME,"$100,000 or more","$100,000 or more",True,0.44996548118408314,2,2
RACESURV45_W43,socioeco,inferred,,Inferred from occupation,low,INCOME,"Less than $30,000","Less than $30,000",True,0.6000458642085916,2,2
RACESURV45_W43,socioeco,inferred,,Inferred from occupation,low,INCOME,"$100,000 or more","Less than $30,000",False,0.5831656642085916,2,2
RACESURV45_W43,socioeco,inferred,,Inferred from occupation,high,INCOME,"Less than $30,000","$100,000 or more",False,0.5863577052227533,2,2
RACESURV45_W43,socioeco,inferred,,Inferred from occupation,high,INCOME,"$100,000 or more","$100,000 or more",True,0.5694775052227533,2,2
RACESURV47a_W43,socioeco,inferred,,Inferred from occupation,low,INCOME,"Less than $30,000","Less than $30,000",True,1.5302219679872195,2,2
RACESURV47a_W43,socioeco,inferred,,Inferred from occupation,low,INCOME,"$100,000 or more","Less than $30,000",False,1.6466410179872197,2,2
RACESURV47a_W43,socioeco,inferred,,Inferred from occupation,high,INCOME,"Less than $30,000","$100,000 or more",False,1.5302219839906375,2,2
RACESURV47a_W43,socioeco,inferred,,Inferred from occupation,high,INCOME,"$100,000 or more","$100,000 or more",True,1.6466410339906377,2,2
RACESURV47b_W43,socioeco,inferred,,Inferred from occupation,low,INCOME,"Less than $30,000","Less than $30,000",True,1.107899473979837,2,2
RACESURV47b_W43,socioeco,inferred,,Inferred from occupation,low,INCOME,"$100,000 or more","Less than $30,000",False,1.0955151239798369,2,2
RACESURV47b_W43,socioeco,inferred,,Inferred from occupation,high,INCOME,"Less than $30,000","$100,000 or more",False,1.1078993419827063,2,2
RACESURV47b_W43,socioeco,inferred,,Inferred from occupation,high,INCOME,"$100,000 or more","$100,000 or more",True,1.0955149919827063,2,2
RACESURV47d_W43,socioeco,inferred,,Inferred from occupation,low,INCOME,"Less than $30,000","Less than $30,000",True,1.4463330176292768,2,2
RACESURV47d_W43,socioeco,inferred,,Inferred from occupation,low,INCOME,"$100,000 or more","Less than $30,000",False,1.6681875654323348,2,2
RACESURV47d_W43,socioeco,inferred,,Inferred from occupation,high,INCOME,"Less than $30,000","$100,000 or more",False,1.2914190122141922,2,2
RACESURV47d_W43,socioeco,inferred,,Inferred from occupation,high,INCOME,"$100,000 or more","$100,000 or more",True,1.51327356001725,2,2
RACESURV47e_W43,socioeco,inferred,,Inferred from occupation,low,INCOME,"Less than $30,000","Less than $30,000",True,1.566712663975661,2,2
RACESURV47e_W43,socioeco,inferred,,Inferred from occupation,low,INCOME,"$100,000 or more","Less than $30,000",False,1.701589843975661,2,2
RACESURV47e_W43,socioeco,inferred,,Inferred from occupation,high,INCOME,"Less than $30,000","$100,000 or more",False,1.6076747497714723,2,2
RACESURV47e_W43,socioeco,inferred,,Inferred from occupation,high,INCOME,"$100,000 or more","$100,000 or more",True,1.7425519297714722,2,2
RACESURV47f_W43,socioeco,inferred,,Inferred from occupation,low,INCOME,"Less than $30,000","Less than $30,000",True,1.1349945579844936,2,2
RACESURV47f_W43,socioeco,inferred,,Inferred from occupation,low,INCOME,"$100,000 or more","Less than $30,000",False,1.0592657485771646,2,2
RACESURV47f_W43,socioeco,inferred,,Inferred from occupation,high,INCOME,"Less than $30,000","$100,000 or more",False,1.1349947479901443,2,2
RACESURV47f_W43,socioeco,inferred,,Inferred from occupation,high,INCOME,"$100,000 or more","$100,000 or more",True,1.0592659385828158,2,2
RACESURV48_W43,socioeco,inferred,,Inferred from occupation,low,INCOME,"Less than $30,000","Less than $30,000",True,0.9198778128007891,2,2
RACESURV48_W43,socioeco,inferred,,Inferred from occupation,low,INCOME,"$100,000 or more","Less than $30,000",False,0.823053921999681,2,2
RACESURV48_W43,socioeco,inferred,,Inferred from occupation,high,INCOME,"Less than $30,000","$100,000 or more",False,0.9198840288009217,2,2
RACESURV48_W43,socioeco,inferred,,Inferred from occupation,high,INCOME,"$100,000 or more","$100,000 or more",True,0.8230601379998136,2,2
RACESURV51_W43,socioeco,inferred,,Inferred from occupation,low,INCOME,"Less than $30,000","Less than $30,000",True,0.16802959900002573,2,2
RACESURV51_W43,socioeco,inferred,,Inferred from occupation,low,INCOME,"$100,000 or more","Less than $30,000",False,0.17781133722178383,2,2
RACESURV51_W43,socioeco,inferred,,Inferred from occupation,high,INCOME,"Less than $30,000","$100,000 or more",False,0.1680227859997641,2,2
RACESURV51_W43,socioeco,inferred,,Inferred from occupation,high,INCOME,"$100,000 or more","$100,000 or more",True,0.17780452422152218,2,2
RACESURV52_W43,socioeco,inferred,,Inferred from occupation,low,INCOME,"Less than $30,000","Less than $30,000",True,0.9038599720005192,2,2
RACESURV52_W43,socioeco,inferred,,Inferred from occupation,low,INCOME,"$100,000 or more","Less than $30,000",False,0.8251387420005191,2,2
RACESURV52_W43,socioeco,inferred,,Inferred from occupation,high,INCOME,"Less than $30,000","$100,000 or more",False,0.9038679979995932,2,2
RACESURV52_W43,socioeco,inferred,,Inferred from occupation,high,INCOME,"$100,000 or more","$100,000 or more",True,0.8251467679995931,2,2
RACESURV5a_W43,socioeco,inferred,,Inferred from occupation,low,INCOME,"Less than $30,000","Less than $30,000",True,0.9905231080624451,2,2
RACESURV5a_W43,socioeco,inferred,,Inferred from occupation,low,INCOME,"$100,000 or more","Less than $30,000",False,1.119787255354048,2,2
RACESURV5a_W43,socioeco,inferred,,Inferred from occupation,high,INCOME,"Less than $30,000","$100,000 or more",False,1.0989663869907025,2,2
RACESURV5a_W43,socioeco,inferred,,Inferred from occupation,high,INCOME,"$100,000 or more","$100,000 or more",True,1.2282305342823052,2,2
RACESURV5b_W43,socioeco,inferred,,Inferred from occupation,low,INCOME,"Less than $30,000","Less than $30,000",True,0.5625915880071215,2,2
RACESURV5b_W43,socioeco,inferred,,Inferred from occupation,low,INCOME,"$100,000 or more","Less than $30,000",False,0.401245963167263,2,2
RACESURV5b_W43,socioeco,inferred,,Inferred from occupation,high,INCOME,"Less than $30,000","$100,000 or more",False,0.4541841813239379,2,2
RACESURV5b_W43,socioeco,inferred,,Inferred from occupation,high,INCOME,"$100,000 or more","$100,000 or more",True,0.3219431933678726,2,2
RACESURV5d_W43,socioeco,inferred,,Inferred from occupation,low,INCOME,"Less than $30,000","Less than $30,000",True,0.6491225510238392,2,2
RACESURV5d_W43,socioeco,inferred,,Inferred from occupation,low,INCOME,"$100,000 or more","Less than $30,000",False,0.6480390795235824,2,2
RACESURV5d_W43,socioeco,inferred,,Inferred from occupation,high,INCOME,"Less than $30,000","$100,000 or more",False,0.6510081519975757,2,2
RACESURV5d_W43,socioeco,inferred,,Inferred from occupation,high,INCOME,"$100,000 or more","$100,000 or more",True,0.6499246804973189,2,2
RACESURV5e_W43,socioeco,inferred,,Inferred from occupation,low,INCOME,"Less than $30,000","Less than $30,000",True,0.701707661002154,2,2
RACESURV5e_W43,socioeco,inferred,,Inferred from occupation,low,INCOME,"$100,000 or more","Less than $30,000",False,0.602359381002154,2,2
RACESURV5e_W43,socioeco,inferred,,Inferred from occupation,high,INCOME,"Less than $30,000","$100,000 or more",False,0.7016700080046091,2,2
RACESURV5e_W43,socioeco,inferred,,Inferred from occupation,high,INCOME,"$100,000 or more","$100,000 or more",True,0.6023217280046093,2,2
RACESURV5f_W43,socioeco,inferred,,Inferred from occupation,low,INCOME,"Less than $30,000","Less than $30,000",True,0.2628761978574734,2,2
RACESURV5f_W43,socioeco,inferred,,Inferred from occupation,low,INCOME,"$100,000 or more","Less than $30,000",False,0.22325811454609407,2,2
RACESURV5f_W43,socioeco,inferred,,Inferred from occupation,high,INCOME,"Less than $30,000","$100,000 or more",False,0.31089901431137934,2,2
RACESURV5f_W43,socioeco,inferred,,Inferred from occupation,high,INCOME,"$100,000 or more","$100,000 or more",True,0.271280931,2,2
RACESURV5g_W43,socioeco,inferred,,Inferred from occupation,low,INCOME,"Less than $30,000","Less than $30,000",True,0.5723354580062571,2,2
RACESURV5g_W43,socioeco,inferred,,Inferred from occupation,low,INCOME,"$100,000 or more","Less than $30,000",False,0.5330580230062569,2,2
RACESURV5g_W43,socioeco,inferred,,Inferred from occupation,high,INCOME,"Less than $30,000","$100,000 or more",False,0.5729232739941417,2,2
RACESURV5g_W43,socioeco,inferred,,Inferred from occupation,high,INCOME,"$100,000 or more","$100,000 or more",True,0.5336458389941415,2,2
RACESURV5h_W43,socioeco,inferred,,Inferred from occupation,low,INCOME,"Less than $30,000","Less than $30,000",True,0.8046942760458135,2,2
RACESURV5h_W43,socioeco,inferred,,Inferred from occupation,low,INCOME,"$100,000 or more","Less than $30,000",False,0.6638396596372673,2,2
RACESURV5h_W43,socioeco,inferred,,Inferred from occupation,high,INCOME,"Less than $30,000","$100,000 or more",False,0.8047525520524638,2,2
RACESURV5h_W43,socioeco,inferred,,Inferred from occupation,high,INCOME,"$100,000 or more","$100,000 or more",True,0.6638979356439176,2,2
RACESURV5i_W43,socioeco,inferred,,Inferred from occupation,low,INCOME,"Less than $30,000","Less than $30,000",True,1.1979321849879736,2,2
RACESURV5i_W43,socioeco,inferred,,Inferred from occupation,low,INCOME,"$100,000 or more","Less than $30,000",False,1.198259708965466,2,2
RACESURV5i_W43,socioeco,inferred,,Inferred from occupation,high,INCOME,"Less than $30,000","$100,000 or more",False,1.1981137540260276,2,2
RACESURV5i_W43,socioeco,inferred,,Inferred from occupation,high,INCOME,"$100,000 or more","$100,000 or more",True,1.19844127800352,2,2
RACESURV5j_W43,socioeco,inferred,,Inferred from occupation,low,INCOME,"Less than $30,000","Less than $30,000",True,0.5700922070358427,2,2
RACESURV5j_W43,socioeco,inferred,,Inferred from occupation,low,INCOME,"$100,000 or more","Less than $30,000",False,0.48463018203584274,2,2
RACESURV5j_W43,socioeco,inferred,,Inferred from occupation,high,INCOME,"Less than $30,000","$100,000 or more",False,0.5707903640135019,2,2
RACESURV5j_W43,socioeco,inferred,,Inferred from occupation,high,INCOME,"$100,000 or more","$100,000 or more",True,0.48532833901350203,2,2
RACESURV5l_W43,socioeco,inferred,,Inferred from occupation,low,INCOME,"Less than $30,000","Less than $30,000",True,1.6810636510629924,2,2
RACESURV5l_W43,socioeco,inferred,,Inferred from occupation,low,INCOME,"$100,000 or more","Less than $30,000",False,1.8056981960629923,2,2
RACESURV5l_W43,socioeco,inferred,,Inferred from occupation,high,INCOME,"Less than $30,000","$100,000 or more",False,1.682354052,2,2
RACESURV5l_W43,socioeco,inferred,,Inferred from occupation,high,INCOME,"$100,000 or more","$100,000 or more",True,1.8069885969999997,2,2
RACESURV9_W43,socioeco,inferred,,Inferred from occupation,low,INCOME,"Less than $30,000","Less than $30,000",True,0.39198276452413156,2,2
RACESURV9_W43,socioeco,inferred,,Inferred from occupation,low,INCOME,"$100,000 or more","Less than $30,000",False,0.2987456745241316,2,2
RACESURV9_W43,socioeco,inferred,,Inferred from occupation,high,INCOME,"Less than $30,000","$100,000 or more",False,0.3438580632941268,2,2
RACESURV9_W43,socioeco,inferred,,Inferred from occupation,high,INCOME,"$100,000 or more","$100,000 or more",True,0.2670062210026235,2,2
INFOCHALa_W45,socioeco,inferred,,Inferred from occupation,low,INCOME,"Less than $30,000","Less than $30,000",True,0.6367212659999439,2,2
INFOCHALa_W45,socioeco,inferred,,Inferred from occupation,low,INCOME,"$100,000 or more","Less than $30,000",False,0.3097283959999442,2,2
INFOCHALa_W45,socioeco,inferred,,Inferred from occupation,high,INCOME,"Less than $30,000","$100,000 or more",False,0.6367241860000481,2,2
INFOCHALa_W45,socioeco,inferred,,Inferred from occupation,high,INCOME,"$100,000 or more","$100,000 or more",True,0.30973131600004833,2,2
INFOCREATEa_W45,socioeco,inferred,,Inferred from occupation,low,INCOME,"Less than $30,000","Less than $30,000",True,0.5558295241830606,2,2
INFOCREATEa_W45,socioeco,inferred,,Inferred from occupation,low,INCOME,"$100,000 or more","Less than $30,000",False,0.6447433607009023,2,2
INFOCREATEa_W45,socioeco,inferred,,Inferred from occupation,high,INCOME,"Less than $30,000","$100,000 or more",False,0.5291208788774855,2,2
INFOCREATEa_W45,socioeco,inferred,,Inferred from occupation,high,INCOME,"$100,000 or more","$100,000 or more",True,0.6180347153953273,2,2
MADEUPOFT_W45,socioeco,inferred,,Inferred from occupation,low,INCOME,"Less than $30,000","Less than $30,000",True,0.545640781890832,2,2
MADEUPOFT_W45,socioeco,inferred,,Inferred from occupation,low,INCOME,"$100,000 or more","Less than $30,000",False,0.4675082770338026,2,2
MADEUPOFT_W45,socioeco,inferred,,Inferred from occupation,high,INCOME,"Less than $30,000","$100,000 or more",False,0.351587873028534,2,2
MADEUPOFT_W45,socioeco,inferred,,Inferred from occupation,high,INCOME,"$100,000 or more","$100,000 or more",True,0.2734553681715046,2,2
MADEUPTOPICb_W45,socioeco,inferred,,Inferred from occupation,low,INCOME,"Less than $30,000","Less than $30,000",True,0.48830083601056073,2,2
MADEUPTOPICb_W45,socioeco,inferred,,Inferred from occupation,low,INCOME,"$100,000 or more","Less than $30,000",False,0.4464670360105606,2,2
MADEUPTOPICb_W45,socioeco,inferred,,Inferred from occupation,high,INCOME,"Less than $30,000","$100,000 or more",False,0.488432734003435,2,2
MADEUPTOPICb_W45,socioeco,inferred,,Inferred from occupation,high,INCOME,"$100,000 or more","$100,000 or more",True,0.44659893400343487,2,2
MADEUPTOPICc_W45,socioeco,inferred,,Inferred from occupation,low,INCOME,"Less than $30,000","Less than $30,000",True,0.7131257752270551,2,2
MADEUPTOPICc_W45,socioeco,inferred,,Inferred from occupation,low,INCOME,"$100,000 or more","Less than $30,000",False,0.7509188545382098,2,2
MADEUPTOPICc_W45,socioeco,inferred,,Inferred from occupation,high,INCOME,"Less than $30,000","$100,000 or more",False,0.9214119270484068,2,2
MADEUPTOPICc_W45,socioeco,inferred,,Inferred from occupation,high,INCOME,"$100,000 or more","$100,000 or more",True,0.9592050063595615,2,2
MADEUPTOPICd_W45,socioeco,inferred,,Inferred from occupation,low,INCOME,"Less than $30,000","Less than $30,000",True,0.865669889452281,2,2
MADEUPTOPICd_W45,socioeco,inferred,,Inferred from occupation,low,INCOME,"$100,000 or more","Less than $30,000",False,0.9783630294730368,2,2
MADEUPTOPICd_W45,socioeco,inferred,,Inferred from occupation,high,INCOME,"Less than $30,000","$100,000 or more",False,0.8825306440702166,2,2
MADEUPTOPICd_W45,socioeco,inferred,,Inferred from occupation,high,INCOME,"$100,000 or more","$100,000 or more",True,0.9952237840909725,2,2
NEWSPROBd_W45,socioeco,inferred,,Inferred from occupation,low,INCOME,"Less than $30,000","Less than $30,000",True,0.6655431426405041,2,2
NEWSPROBd_W45,socioeco,inferred,,Inferred from occupation,low,INCOME,"$100,000 or more","Less than $30,000",False,0.6237150297988387,2,2
NEWSPROBd_W45,socioeco,inferred,,Inferred from occupation,high,INCOME,"Less than $30,000","$100,000 or more",False,0.6327712588416653,2,2
NEWSPROBd_W45,socioeco,inferred,,Inferred from occupation,high,INCOME,"$100,000 or more","$100,000 or more",True,0.590943146,2,2
NEWSPROBe_W45,socioeco,inferred,,Inferred from occupation,low,INCOME,"Less than $30,000","Less than $30,000",True,1.0015199761769893,2,2
NEWSPROBe_W45,socioeco,inferred,,Inferred from occupation,low,INCOME,"$100,000 or more","Less than $30,000",False,0.8940959071531349,2,2
NEWSPROBe_W45,socioeco,inferred,,Inferred from occupation,high,INCOME,"Less than $30,000","$100,000 or more",False,1.0524964303922002,2,2
NEWSPROBe_W45,socioeco,inferred,,Inferred from occupation,high,INCOME,"$100,000 or more","$100,000 or more",True,0.9450723613683458,2,2
NEWS_PLATFORMg_W45,socioeco,inferred,,Inferred from occupation,low,INCOME,"Less than $30,000","Less than $30,000",True,0.7074943740732855,2,2
NEWS_PLATFORMg_W45,socioeco,inferred,,Inferred from occupation,low,INCOME,"$100,000 or more","Less than $30,000",False,1.0286120468604487,2,2
NEWS_PLATFORMg_W45,socioeco,inferred,,Inferred from occupation,high,INCOME,"Less than $30,000","$100,000 or more",False,1.173981468793897,2,2
NEWS_PLATFORMg_W45,socioeco,inferred,,Inferred from occupation,high,INCOME,"$100,000 or more","$100,000 or more",True,1.4950991415810602,2,2
SMLIKESb_W45,socioeco,inferred,,Inferred from occupation,low,INCOME,"Less than $30,000","Less than $30,000",True,1.0026922281629906,2,2
SMLIKESb_W45,socioeco,inferred,,Inferred from occupation,low,INCOME,"$100,000 or more","Less than $30,000",False,1.0133343481629906,2,2
SMLIKESb_W45,socioeco,inferred,,Inferred from occupation,high,INCOME,"Less than $30,000","$100,000 or more",False,1.0068649020092257,2,2
SMLIKESb_W45,socioeco,inferred,,Inferred from occupation,high,INCOME,"$100,000 or more","$100,000 or more",True,1.0175070220092257,2,2
SMLIKESf_W45,socioeco,inferred,,Inferred from occupation,low,INCOME,"Less than $30,000","Less than $30,000",True,0.4850440841077664,2,2
SMLIKESf_W45,socioeco,inferred,,Inferred from occupation,low,INCOME,"$100,000 or more","Less than $30,000",False,0.40532965410776645,2,2
SMLIKESf_W45,socioeco,inferred,,Inferred from occupation,high,INCOME,"Less than $30,000","$100,000 or more",False,0.642317900014018,2,2
SMLIKESf_W45,socioeco,inferred,,Inferred from occupation,high,INCOME,"$100,000 or more","$100,000 or more",True,0.5626034700140181,2,2
BENEFITGOV_W49,socioeco,inferred,,Inferred from occupation,low,INCOME,"Less than $30,000","Less than $30,000",True,0.5898683979262411,2,2
BENEFITGOV_W49,socioeco,inferred,,Inferred from occupation,low,INCOME,"$100,000 or more","Less than $30,000",False,0.35112002792624114,2,2
BENEFITGOV_W49,socioeco,inferred,,Inferred from occupation,high,INCOME,"Less than $30,000","$100,000 or more",False,0.712013195124676,2,2
BENEFITGOV_W49,socioeco,inferred,,Inferred from occupation,high,INCOME,"$100,000 or more","$100,000 or more",True,0.47326482512467605,2,2
CONCERNCO_W49,socioeco,inferred,,Inferred from occupation,low,INCOME,"Less than $30,000","Less than $30,000",True,0.3313317000985211,2,2
CONCERNCO_W49,socioeco,inferred,,Inferred from occupation,low,INCOME,"$100,000 or more","Less than $30,000",False,0.21810089790136306,2,2
CONCERNCO_W49,socioeco,inferred,,Inferred from occupation,high,INCOME,"Less than $30,000","$100,000 or more",False,0.6348904885154197,2,2
CONCERNCO_W49,socioeco,inferred,,Inferred from occupation,high,INCOME,"$100,000 or more","$100,000 or more",True,0.6155821385154192,2,2
CONCERNGRPa_W49,socioeco,inferred,,Inferred from occupation,low,INCOME,"Less than $30,000","Less than $30,000",True,0.6335617988311911,2,2
CONCERNGRPa_W49,socioeco,inferred,,Inferred from occupation,low,INCOME,"$100,000 or more","Less than $30,000",False,0.6032538520825955,2,2
CONCERNGRPa_W49,socioeco,inferred,,Inferred from occupation,high,INCOME,"Less than $30,000","$100,000 or more",False,0.5662372233555314,2,2
CONCERNGRPa_W49,socioeco,inferred,,Inferred from occupation,high,INCOME,"$100,000 or more","$100,000 or more",True,0.5359292766069358,2,2
CONCERNGRPc_W49,socioeco,inferred,,Inferred from occupation,low,INCOME,"Less than $30,000","Less than $30,000",True,0.5084067093731791,2,2
CONCERNGRPc_W49,socioeco,inferred,,Inferred from occupation,low,INCOME,"$100,000 or more","Less than $30,000",False,0.46637335937317903,2,2
CONCERNGRPc_W49,socioeco,inferred,,Inferred from occupation,high,INCOME,"Less than $30,000","$100,000 or more",False,0.43920114050808257,2,2
CONCERNGRPc_W49,socioeco,inferred,,Inferred from occupation,high,INCOME,"$100,000 or more","$100,000 or more",True,0.43363867050808247,2,2
CONTROLCO_W49,socioeco,inferred,,Inferred from occupation,low,INCOME,"Less than $30,000","Less than $30,000",True,0.5099870449120516,2,2
CONTROLCO_W49,socioeco,inferred,,Inferred from occupation,low,INCOME,"$100,000 or more","Less than $30,000",False,0.47618192324985825,2,2
CONTROLCO_W49,socioeco,inferred,,Inferred from occupation,high,INCOME,"Less than $30,000","$100,000 or more",False,0.9399897860425206,2,2
CONTROLCO_W49,socioeco,inferred,,Inferred from occupation,high,INCOME,"$100,000 or more","$100,000 or more",True,0.9061846643803272,2,2
CONTROLGRPc_W49,socioeco,inferred,,Inferred from occupation,low,INCOME,"Less than $30,000","Less than $30,000",True,0.7800033579721388,2,2
CONTROLGRPc_W49,socioeco,inferred,,Inferred from occupation,low,INCOME,"$100,000 or more","Less than $30,000",False,0.5619401879721388,2,2
CONTROLGRPc_W49,socioeco,inferred,,Inferred from occupation,high,INCOME,"Less than $30,000","$100,000 or more",False,0.2464876637708681,2,2
CONTROLGRPc_W49,socioeco,inferred,,Inferred from occupation,high,INCOME,"$100,000 or more","$100,000 or more",True,0.28040761377086815,2,2
DATAUSEd_W49,socioeco,inferred,,Inferred from occupation,low,INCOME,"Less than $30,000","Less than $30,000",True,0.4145302439986146,2,2
DATAUSEd_W49,socioeco,inferred,,Inferred from occupation,low,INCOME,"$100,000 or more","Less than $30,000",False,0.5171881539986145,2,2
DATAUSEd_W49,socioeco,inferred,,Inferred from occupation,high,INCOME,"Less than $30,000","$100,000 or more",False,0.41453006799847747,2,2
DATAUSEd_W49,socioeco,inferred,,Inferred from occupation,high,INCOME,"$100,000 or more","$100,000 or more",True,0.5171879779984774,2,2
FACE3c_W49,socioeco,inferred,,Inferred from occupation,low,INCOME,"Less than $30,000","Less than $30,000",True,0.9907252479036083,2,2
FACE3c_W49,socioeco,inferred,,Inferred from occupation,low,INCOME,"$100,000 or more","Less than $30,000",False,1.0217957679902823,2,2
FACE3c_W49,socioeco,inferred,,Inferred from occupation,high,INCOME,"Less than $30,000","$100,000 or more",False,0.9907022819234111,2,2
FACE3c_W49,socioeco,inferred,,Inferred from occupation,high,INCOME,"$100,000 or more","$100,000 or more",True,1.0217728020100851,2,2
GOVREGV1_W49,socioeco,inferred,,Inferred from occupation,low,INCOME,"Less than $30,000","Less than $30,000",True,0.20947086590517622,2,2
GOVREGV1_W49,socioeco,inferred,,Inferred from occupation,low,INCOME,"$100,000 or more","Less than $30,000",False,0.11174746800017266,2,2
GOVREGV1_W49,socioeco,inferred,,Inferred from occupation,high,INCOME,"Less than $30,000","$100,000 or more",False,0.20948763490483546,2,2
GOVREGV1_W49,socioeco,inferred,,Inferred from occupation,high,INCOME,"$100,000 or more","$100,000 or more",True,0.1117642369998319,2,2
HOMEASSIST2_W49,socioeco,inferred,,Inferred from occupation,low,INCOME,"Less than $30,000","Less than $30,000",True,0.5532490762421581,2,2
HOMEASSIST2_W49,socioeco,inferred,,Inferred from occupation,low,INCOME,"$100,000 or more","Less than $30,000",False,0.5376736459802915,2,2
HOMEASSIST2_W49,socioeco,inferred,,Inferred from occupation,high,INCOME,"Less than $30,000","$100,000 or more",False,0.7638602171993085,2,2
HOMEASSIST2_W49,socioeco,inferred,,Inferred from occupation,high,INCOME,"$100,000 or more","$100,000 or more",True,0.7776518034219259,2,2
HOMEASSIST3_W49,socioeco,inferred,,Inferred from occupation,low,INCOME,"Less than $30,000","Less than $30,000",True,0.30939289643577167,2,2
HOMEASSIST3_W49,socioeco,inferred,,Inferred from occupation,low,INCOME,"$100,000 or more","Less than $30,000",False,0.3060780636468662,2,2
HOMEASSIST3_W49,socioeco,inferred,,Inferred from occupation,high,INCOME,"Less than $30,000","$100,000 or more",False,0.26722232298783977,2,2
HOMEASSIST3_W49,socioeco,inferred,,Inferred from occupation,high,INCOME,"$100,000 or more","$100,000 or more",True,0.2639074901989343,2,2
HOMEASSIST4_W49,socioeco,inferred,,Inferred from occupation,low,INCOME,"Less than $30,000","Less than $30,000",True,0.8301227241800222,2,2
HOMEASSIST4_W49,socioeco,inferred,,Inferred from occupation,low,INCOME,"$100,000 or more","Less than $30,000",False,1.066280151414883,2,2
HOMEASSIST4_W49,socioeco,inferred,,Inferred from occupation,high,INCOME,"Less than $30,000","$100,000 or more",False,1.2404428496148998,2,2
HOMEASSIST4_W49,socioeco,inferred,,Inferred from occupation,high,INCOME,"$100,000 or more","$100,000 or more",True,1.4766002768497608,2,2
PP5e_W49,socioeco,inferred,,Inferred from occupation,low,INCOME,"Less than $30,000","Less than $30,000",True,0.698572759028204,2,2
PP5e_W49,socioeco,inferred,,Inferred from occupation,low,INCOME,"$100,000 or more","Less than $30,000",False,0.5740614118242036,2,2
PP5e_W49,socioeco,inferred,,Inferred from occupation,high,INCOME,"Less than $30,000","$100,000 or more",False,0.6176240706417171,2,2
PP5e_W49,socioeco,inferred,,Inferred from occupation,high,INCOME,"$100,000 or more","$100,000 or more",True,0.4931127234377166,2,2
PWMAN2_W49,socioeco,inferred,,Inferred from occupation,low,INCOME,"Less than $30,000","Less than $30,000",True,0.9273521158947474,2,2
PWMAN2_W49,socioeco,inferred,,Inferred from occupation,low,INCOME,"$100,000 or more","Less than $30,000",False,1.2479293909648788,2,2
PWMAN2_W49,socioeco,inferred,,Inferred from occupation,high,INCOME,"Less than $30,000","$100,000 or more",False,1.0356798427302396,2,2
PWMAN2_W49,socioeco,inferred,,Inferred from occupation,high,INCOME,"$100,000 or more","$100,000 or more",True,0.9096324580133283,2,2
SMARTAPP_W49,socioeco,inferred,,Inferred from occupation,low,INCOME,"Less than $30,000","Less than $30,000",True,1.0399249402766153,2,2
SMARTAPP_W49,socioeco,inferred,,Inferred from occupation,low,INCOME,"$100,000 or more","Less than $30,000",False,0.9297232002766153,2,2
SMARTAPP_W49,socioeco,inferred,,Inferred from occupation,high,INCOME,"Less than $30,000","$100,000 or more",False,0.20134032847857236,2,2
SMARTAPP_W49,socioeco,inferred,,Inferred from occupation,high,INCOME,"$100,000 or more","$100,000 or more",True,0.18973680847857244,2,2
TRACKCO1a_W49,socioeco,inferred,,Inferred from occupation,low,INCOME,"Less than $30,000","Less than $30,000",True,0.6172707079405308,2,2
TRACKCO1a_W49,socioeco,inferred,,Inferred from occupation,low,INCOME,"$100,000 or more","Less than $30,000",False,0.2700655844283549,2,2
TRACKCO1a_W49,socioeco,inferred,,Inferred from occupation,high,INCOME,"Less than $30,000","$100,000 or more",False,0.8265270420648877,2,2
TRACKCO1a_W49,socioeco,inferred,,Inferred from occupation,high,INCOME,"$100,000 or more","$100,000 or more",True,0.30781607008897516,2,2
TRACKCO1b_W49,socioeco,inferred,,Inferred from occupation,low,INCOME,"Less than $30,000","Less than $30,000",True,0.7181885798287894,2,2
TRACKCO1b_W49,socioeco,inferred,,Inferred from occupation,low,INCOME,"$100,000 or more","Less than $30,000",False,0.4354892870980765,2,2
TRACKCO1b_W49,socioeco,inferred,,Inferred from occupation,high,INCOME,"Less than $30,000","$100,000 or more",False,1.2611597293009909,2,2
TRACKCO1b_W49,socioeco,inferred,,Inferred from occupation,high,INCOME,"$100,000 or more","$100,000 or more",True,1.0058050505240566,2,2
TRACKGOV1a_W49,socioeco,inferred,,Inferred from occupation,low,INCOME,"Less than $30,000","Less than $30,000",True,1.1393621100003057,2,2
TRACKGOV1a_W49,socioeco,inferred,,Inferred from occupation,low,INCOME,"$100,000 or more","Less than $30,000",False,0.9448044700003055,2,2
TRACKGOV1a_W49,socioeco,inferred,,Inferred from occupation,high,INCOME,"Less than $30,000","$100,000 or more",False,1.139228974002577,2,2
TRACKGOV1a_W49,socioeco,inferred,,Inferred from occupation,high,INCOME,"$100,000 or more","$100,000 or more",True,0.9446713340025767,2,2
TRACKGOV1b_W49,socioeco,inferred,,Inferred from occupation,low,INCOME,"Less than $30,000","Less than $30,000",True,0.8263460177365398,2,2
TRACKGOV1b_W49,socioeco,inferred,,Inferred from occupation,low,INCOME,"$100,000 or more","Less than $30,000",False,0.6155607798443922,2,2
TRACKGOV1b_W49,socioeco,inferred,,Inferred from occupation,high,INCOME,"Less than $30,000","$100,000 or more",False,1.0085013971759018,2,2
TRACKGOV1b_W49,socioeco,inferred,,Inferred from occupation,high,INCOME,"$100,000 or more","$100,000 or more",True,0.7689537195713786,2,2
COHABDUR_W50,socioeco,inferred,,Inferred from occupation,low,INCOME,"Less than $30,000","Less than $30,000",True,2.3332904577357247,2,2
COHABDUR_W50,socioeco,inferred,,Inferred from occupation,low,INCOME,"$100,000 or more","Less than $30,000",False,2.0582398058319473,2,2
COHABDUR_W50,socioeco,inferred,,Inferred from occupation,high,INCOME,"Less than $30,000","$100,000 or more",False,2.079246715861816,2,2
COHABDUR_W50,socioeco,inferred,,Inferred from occupation,high,INCOME,"$100,000 or more","$100,000 or more",True,1.804196063958039,2,2
DNA2b_W50,socioeco,inferred,,Inferred from occupation,low,INCOME,"Less than $30,000","Less than $30,000",True,0.40702062399967737,2,2
DNA2b_W50,socioeco,inferred,,Inferred from occupation,low,INCOME,"$100,000 or more","Less than $30,000",False,0.4078703139996774,2,2
DNA2b_W50,socioeco,inferred,,Inferred from occupation,high,INCOME,"Less than $30,000","$100,000 or more",False,0.40701494400020344,2,2
DNA2b_W50,socioeco,inferred,,Inferred from occupation,high,INCOME,"$100,000 or more","$100,000 or more",True,0.40786463400020345,2,2
DNA5_W50,socioeco,inferred,,Inferred from occupation,low,INCOME,"Less than $30,000","Less than $30,000",True,0.24243208799909305,2,2
DNA5_W50,socioeco,inferred,,Inferred from occupation,low,INCOME,"$100,000 or more","Less than $30,000",False,0.12160095799909305,2,2
DNA5_W50,socioeco,inferred,,Inferred from occupation,high,INCOME,"Less than $30,000","$100,000 or more",False,0.24244460799981013,2,2
DNA5_W50,socioeco,inferred,,Inferred from occupation,high,INCOME,"$100,000 or more","$100,000 or more",True,0.12161347799981014,2,2
E5MOD_W50,socioeco,inferred,,Inferred from occupation,low,INCOME,"Less than $30,000","Less than $30,000",True,0.49552042744606856,2,2
E5MOD_W50,socioeco,inferred,,Inferred from occupation,low,INCOME,"$100,000 or more","Less than $30,000",False,0.21937681744606852,2,2
E5MOD_W50,socioeco,inferred,,Inferred from occupation,high,INCOME,"Less than $30,000","$100,000 or more",False,0.7479858174598257,2,2
E5MOD_W50,socioeco,inferred,,Inferred from occupation,high,INCOME,"$100,000 or more","$100,000 or more",True,0.47184220745982564,2,2
FAMSURV10c_W50,socioeco,inferred,,Inferred from occupation,low,INCOME,"Less than $30,000","Less than $30,000",True,0.8428335775762912,2,2
FAMSURV10c_W50,socioeco,inferred,,Inferred from occupation,low,INCOME,"$100,000 or more","Less than $30,000",False,0.63149970968963,2,2
FAMSURV10c_W50,socioeco,inferred,,Inferred from occupation,high,INCOME,"Less than $30,000","$100,000 or more",False,0.840440813548529,2,2
FAMSURV10c_W50,socioeco,inferred,,Inferred from occupation,high,INCOME,"$100,000 or more","$100,000 or more",True,0.6291069456618676,2,2
FAMSURV16_W50,socioeco,inferred,,Inferred from occupation,low,INCOME,"Less than $30,000","Less than $30,000",True,0.19498727563362925,2,2
FAMSURV16_W50,socioeco,inferred,,Inferred from occupation,low,INCOME,"$100,000 or more","Less than $30,000",False,0.18241091563362927,2,2
FAMSURV16_W50,socioeco,inferred,,Inferred from occupation,high,INCOME,"Less than $30,000","$100,000 or more",False,0.15841218016526817,2,2
FAMSURV16_W50,socioeco,inferred,,Inferred from occupation,high,INCOME,"$100,000 or more","$100,000 or more",True,0.1458358201652682,2,2
FAMSURV1_W50,socioeco,inferred,,Inferred from occupation,low,INCOME,"Less than $30,000","Less than $30,000",True,0.43833345456375256,2,2
FAMSURV1_W50,socioeco,inferred,,Inferred from occupation,low,INCOME,"$100,000 or more","Less than $30,000",False,0.5489485445637525,2,2
FAMSURV1_W50,socioeco,inferred,,Inferred from occupation,high,INCOME,"Less than $30,000","$100,000 or more",False,0.7998763456213034,2,2
FAMSURV1_W50,socioeco,inferred,,Inferred from occupation,high,INCOME,"$100,000 or more","$100,000 or more",True,0.5690187956213033,2,2
FAMSURV20_W50,socioeco,inferred,,Inferred from occupation,low,INCOME,"Less than $30,000","Less than $30,000",True,0.3663597405380866,2,2
FAMSURV20_W50,socioeco,inferred,,Inferred from occupation,low,INCOME,"$100,000 or more","Less than $30,000",False,0.5316499305380866,2,2
FAMSURV20_W50,socioeco,inferred,,Inferred from occupation,high,INCOME,"Less than $30,000","$100,000 or more",False,0.32501669765526564,2,2
FAMSURV20_W50,socioeco,inferred,,Inferred from occupation,high,INCOME,"$100,000 or more","$100,000 or more",True,0.49030688765526564,2,2
FAMSURV23b_W50,socioeco,inferred,,Inferred from occupation,low,INCOME,"Less than $30,000","Less than $30,000",True,0.61029672002742,2,2
FAMSURV23b_W50,socioeco,inferred,,Inferred from occupation,low,INCOME,"$100,000 or more","Less than $30,000",False,0.34156381038290273,2,2
FAMSURV23b_W50,socioeco,inferred,,Inferred from occupation,high,INCOME,"Less than $30,000","$100,000 or more",False,0.615218934132962,2,2
FAMSURV23b_W50,socioeco,inferred,,Inferred from occupation,high,INCOME,"$100,000 or more","$100,000 or more",True,0.3464860244884448,2,2
FAMSURV23c_W50,socioeco,inferred,,Inferred from occupation,low,INCOME,"Less than $30,000","Less than $30,000",True,0.4154031860020913,2,2
FAMSURV23c_W50,socioeco,inferred,,Inferred from occupation,low,INCOME,"$100,000 or more","Less than $30,000",False,0.06845023600209128,2,2
FAMSURV23c_W50,socioeco,inferred,,Inferred from occupation,high,INCOME,"Less than $30,000","$100,000 or more",False,0.41537510999878596,2,2
FAMSURV23c_W50,socioeco,inferred,,Inferred from occupation,high,INCOME,"$100,000 or more","$100,000 or more",True,0.0684221599987859,2,2
FAMSURV23d_W50,socioeco,inferred,,Inferred from occupation,low,INCOME,"Less than $30,000","Less than $30,000",True,0.38115438237798493,2,2
FAMSURV23d_W50,socioeco,inferred,,Inferred from occupation,low,INCOME,"$100,000 or more","Less than $30,000",False,0.15721393237798492,2,2
FAMSURV23d_W50,socioeco,inferred,,Inferred from occupation,high,INCOME,"Less than $30,000","$100,000 or more",False,0.16303917621614458,2,2
FAMSURV23d_W50,socioeco,inferred,,Inferred from occupation,high,INCOME,"$100,000 or more","$100,000 or more",True,0.11564778904315093,2,2
FAMSURV23e_W50,socioeco,inferred,,Inferred from occupation,low,INCOME,"Less than $30,000","Less than $30,000",True,0.9573990281529443,2,2
FAMSURV23e_W50,socioeco,inferred,,Inferred from occupation,low,INCOME,"$100,000 or more","Less than $30,000",False,0.7708392889138973,2,2
FAMSURV23e_W50,socioeco,inferred,,Inferred from occupation,high,INCOME,"Less than $30,000","$100,000 or more",False,1.060447345708485,2,2
FAMSURV23e_W50,socioeco,inferred,,Inferred from occupation,high,INCOME,"$100,000 or more","$100,000 or more",True,0.8738876064694381,2,2
FAMSURV23f_W50,socioeco,inferred,,Inferred from occupation,low,INCOME,"Less than $30,000","Less than $30,000",True,0.867387884990986,2,2
FAMSURV23f_W50,socioeco,inferred,,Inferred from occupation,low,INCOME,"$100,000 or more","Less than $30,000",False,0.6953548660000001,2,2
FAMSURV23f_W50,socioeco,inferred,,Inferred from occupation,high,INCOME,"Less than $30,000","$100,000 or more",False,1.0366826802203613,2,2
FAMSURV23f_W50,socioeco,inferred,,Inferred from occupation,high,INCOME,"$100,000 or more","$100,000 or more",True,0.8646496612293755,2,2
FAMSURV23g_W50,socioeco,inferred,,Inferred from occupation,low,INCOME,"Less than $30,000","Less than $30,000",True,0.6641868920486854,2,2
FAMSURV23g_W50,socioeco,inferred,,Inferred from occupation,low,INCOME,"$100,000 or more","Less than $30,000",False,0.7455071220486854,2,2
FAMSURV23g_W50,socioeco,inferred,,Inferred from occupation,high,INCOME,"Less than $30,000","$100,000 or more",False,0.5215532143600354,2,2
FAMSURV23g_W50,socioeco,inferred,,Inferred from occupation,high,INCOME,"$100,000 or more","$100,000 or more",True,0.6028734443600354,2,2
FAMSURV26a_W50,socioeco,inferred,,Inferred from occupation,low,INCOME,"Less than $30,000","Less than $30,000",True,0.3032518398435158,2,2
FAMSURV26a_W50,socioeco,inferred,,Inferred from occupation,low,INCOME,"$100,000 or more","Less than $30,000",False,0.3565283438155796,2,2
FAMSURV26a_W50,socioeco,inferred,,Inferred from occupation,high,INCOME,"Less than $30,000","$100,000 or more",False,0.7720313304897031,2,2
FAMSURV26a_W50,socioeco,inferred,,Inferred from occupation,high,INCOME,"$100,000 or more","$100,000 or more",True,0.7732823020000001,2,2
FAMSURV26b_W50,socioeco,inferred,,Inferred from occupation,low,INCOME,"Less than $30,000","Less than $30,000",True,0.5489856458274102,2,2
FAMSURV26b_W50,socioeco,inferred,,Inferred from occupation,low,INCOME,"$100,000 or more","Less than $30,000",False,0.5774428765758232,2,2
FAMSURV26b_W50,socioeco,inferred,,Inferred from occupation,high,INCOME,"Less than $30,000","$100,000 or more",False,0.6582357788615883,2,2
FAMSURV26b_W50,socioeco,inferred,,Inferred from occupation,high,INCOME,"$100,000 or more","$100,000 or more",True,0.6866930096100013,2,2
FAMSURV26c_W50,socioeco,inferred,,Inferred from occupation,low,INCOME,"Less than $30,000","Less than $30,000",True,0.4045402429022361,2,2
FAMSURV26c_W50,socioeco,inferred,,Inferred from occupation,low,INCOME,"$100,000 or more","Less than $30,000",False,0.3033283061098834,2,2
FAMSURV26c_W50,socioeco,inferred,,Inferred from occupation,high,INCOME,"Less than $30,000","$100,000 or more",False,0.7559851527544209,2,2
FAMSURV26c_W50,socioeco,inferred,,Inferred from occupation,high,INCOME,"$100,000 or more","$100,000 or more",True,0.6547732159620683,2,2
FAMSURV26d_W50,socioeco,inferred,,Inferred from occupation,low,INCOME,"Less than $30,000","Less than $30,000",True,0.8581344913678404,2,2
FAMSURV26d_W50,socioeco,inferred,,Inferred from occupation,low,INCOME,"$100,000 or more","Less than $30,000",False,0.7732001713678405,2,2
FAMSURV26d_W50,socioeco,inferred,,Inferred from occupation,high,INCOME,"Less than $30,000","$100,000 or more",False,0.8732575003860145,2,2
FAMSURV26d_W50,socioeco,inferred,,Inferred from occupation,high,INCOME,"$100,000 or more","$100,000 or more",True,0.7883231803860145,2,2
FAMSURV29_W50,socioeco,inferred,,Inferred from occupation,low,INCOME,"Less than $30,000","Less than $30,000",True,0.6127159410020014,2,2
FAMSURV29_W50,socioeco,inferred,,Inferred from occupation,low,INCOME,"$100,000 or more","Less than $30,000",False,0.5809447310020014,2,2
FAMSURV29_W50,socioeco,inferred,,Inferred from occupation,high,INCOME,"Less than $30,000","$100,000 or more",False,0.7580892301912598,2,2
FAMSURV29_W50,socioeco,inferred,,Inferred from occupation,high,INCOME,"$100,000 or more","$100,000 or more",True,0.7293444001912599,2,2
FAMSURV2Ma_W50,socioeco,inferred,,Inferred from occupation,low,INCOME,"Less than $30,000","Less than $30,000",True,0.5136148800152311,2,2
FAMSURV2Ma_W50,socioeco,inferred,,Inferred from occupation,low,INCOME,"$100,000 or more","Less than $30,000",False,0.4072209400152311,2,2
FAMSURV2Ma_W50,socioeco,inferred,,Inferred from occupation,high,INCOME,"Less than $30,000","$100,000 or more",False,0.44297406442196774,2,2
FAMSURV2Ma_W50,socioeco,inferred,,Inferred from occupation,high,INCOME,"$100,000 or more","$100,000 or more",True,0.3365801244219677,2,2
FAMSURV2Mc_W50,socioeco,inferred,,Inferred from occupation,low,INCOME,"Less than $30,000","Less than $30,000",True,0.47440886798527526,2,2
FAMSURV2Mc_W50,socioeco,inferred,,Inferred from occupation,low,INCOME,"$100,000 or more","Less than $30,000",False,0.37732339798527537,2,2
FAMSURV2Mc_W50,socioeco,inferred,,Inferred from occupation,high,INCOME,"Less than $30,000","$100,000 or more",False,0.39628085834196136,2,2
FAMSURV2Mc_W50,socioeco,inferred,,Inferred from occupation,high,INCOME,"$100,000 or more","$100,000 or more",True,0.29919538834196147,2,2
FAMSURV2Wa_W50,socioeco,inferred,,Inferred from occupation,low,INCOME,"Less than $30,000","Less than $30,000",True,0.505742317851078,2,2
FAMSURV2Wa_W50,socioeco,inferred,,Inferred from occupation,low,INCOME,"$100,000 or more","Less than $30,000",False,0.38451175785107794,2,2
FAMSURV2Wa_W50,socioeco,inferred,,Inferred from occupation,high,INCOME,"Less than $30,000","$100,000 or more",False,0.39821906247264227,2,2
FAMSURV2Wa_W50,socioeco,inferred,,Inferred from occupation,high,INCOME,"$100,000 or more","$100,000 or more",True,0.2769885024726422,2,2
FAMSURV2Wc_W50,socioeco,inferred,,Inferred from occupation,low,INCOME,"Less than $30,000","Less than $30,000",True,0.4820720051858567,2,2
FAMSURV2Wc_W50,socioeco,inferred,,Inferred from occupation,low,INCOME,"$100,000 or more","Less than $30,000",False,0.4031088700102304,2,2
FAMSURV2Wc_W50,socioeco,inferred,,Inferred from occupation,high,INCOME,"Less than $30,000","$100,000 or more",False,0.4793056290942009,2,2
FAMSURV2Wc_W50,socioeco,inferred,,Inferred from occupation,high,INCOME,"$100,000 or more","$100,000 or more",True,0.40034249391857457,2,2
FAMSURV32e_W50,socioeco,inferred,,Inferred from occupation,low,INCOME,"Less than $30,000","Less than $30,000",True,0.7482646714018786,2,2
FAMSURV32e_W50,socioeco,inferred,,Inferred from occupation,low,INCOME,"$100,000 or more","Less than $30,000",False,0.39224605140187846,2,2
FAMSURV32e_W50,socioeco,inferred,,Inferred from occupation,high,INCOME,"Less than $30,000","$100,000 or more",False,0.7338612090887375,2,2
FAMSURV32e_W50,socioeco,inferred,,Inferred from occupation,high,INCOME,"$100,000 or more","$100,000 or more",True,0.3778425890887374,2,2
FAMSURV39_W50,socioeco,inferred,,Inferred from occupation,low,INCOME,"Less than $30,000","Less than $30,000",True,0.5904651604502547,2,2
FAMSURV39_W50,socioeco,inferred,,Inferred from occupation,low,INCOME,"$100,000 or more","Less than $30,000",False,0.5593035212987438,2,2
FAMSURV39_W50,socioeco,inferred,,Inferred from occupation,high,INCOME,"Less than $30,000","$100,000 or more",False,0.5843251351034302,2,2
FAMSURV39_W50,socioeco,inferred,,Inferred from occupation,high,INCOME,"$100,000 or more","$100,000 or more",True,0.5640501855610726,2,2
FAMSURV3_W50,socioeco,inferred,,Inferred from occupation,low,INCOME,"Less than $30,000","Less than $30,000",True,0.4642196006870405,2,2
FAMSURV3_W50,socioeco,inferred,,Inferred from occupation,low,INCOME,"$100,000 or more","Less than $30,000",False,0.3468785859701041,2,2
FAMSURV3_W50,socioeco,inferred,,Inferred from occupation,high,INCOME,"Less than $30,000","$100,000 or more",False,0.4677438907880326,2,2
FAMSURV3_W50,socioeco,inferred,,Inferred from occupation,high,INCOME,"$100,000 or more","$100,000 or more",True,0.3504028760710962,2,2
FAMSURV40_W50,socioeco,inferred,,Inferred from occupation,low,INCOME,"Less than $30,000","Less than $30,000",True,1.343711323437988,2,2
FAMSURV40_W50,socioeco,inferred,,Inferred from occupation,low,INCOME,"$100,000 or more","Less than $30,000",False,1.7950102100005834,2,2
FAMSURV40_W50,socioeco,inferred,,Inferred from occupation,high,INCOME,"Less than $30,000","$100,000 or more",False,1.343725097437651,2,2
FAMSURV40_W50,socioeco,inferred,,Inferred from occupation,high,INCOME,"$100,000 or more","$100,000 or more",True,1.7950239840002464,2,2
FAMSURV43_W50,socioeco,inferred,,Inferred from occupation,low,INCOME,"Less than $30,000","Less than $30,000",True,0.5399562391612132,2,2
FAMSURV43_W50,socioeco,inferred,,Inferred from occupation,low,INCOME,"$100,000 or more","Less than $30,000",False,0.476632449161213,2,2
FAMSURV43_W50,socioeco,inferred,,Inferred from occupation,high,INCOME,"Less than $30,000","$100,000 or more",False,0.3239538728242116,2,2
FAMSURV43_W50,socioeco,inferred,,Inferred from occupation,high,INCOME,"$100,000 or more","$100,000 or more",True,0.3672816428242115,2,2
FAMSURV44_W50,socioeco,inferred,,Inferred from occupation,low,INCOME,"Less than $30,000","Less than $30,000",True,0.7705921686659423,2,2
FAMSURV44_W50,socioeco,inferred,,Inferred from occupation,low,INCOME,"$100,000 or more","Less than $30,000",False,1.0641572645125437,2,2
FAMSURV44_W50,socioeco,inferred,,Inferred from occupation,high,INCOME,"Less than $30,000","$100,000 or more",False,0.25816365249656387,2,2
FAMSURV44_W50,socioeco,inferred,,Inferred from occupation,high,INCOME,"$100,000 or more","$100,000 or more",True,0.509685140629198,2,2
FAMSURV6_W50,socioeco,inferred,,Inferred from occupation,low,INCOME,"Less than $30,000","Less than $30,000",True,0.7831915837334699,2,2
FAMSURV6_W50,socioeco,inferred,,Inferred from occupation,low,INCOME,"$100,000 or more","Less than $30,000",False,0.8097416173119071,2,2
FAMSURV6_W50,socioeco,inferred,,Inferred from occupation,high,INCOME,"Less than $30,000","$100,000 or more",False,0.7952066057505218,2,2
FAMSURV6_W50,socioeco,inferred,,Inferred from occupation,high,INCOME,"$100,000 or more","$100,000 or more",True,0.8217566393289591,2,2
FAMSURV9c_W50,socioeco,inferred,,Inferred from occupation,low,INCOME,"Less than $30,000","Less than $30,000",True,0.8349599899967602,2,2
FAMSURV9c_W50,socioeco,inferred,,Inferred from occupation,low,INCOME,"$100,000 or more","Less than $30,000",False,0.5858424599967602,2,2
FAMSURV9c_W50,socioeco,inferred,,Inferred from occupation,high,INCOME,"Less than $30,000","$100,000 or more",False,0.8219541703399824,2,2
FAMSURV9c_W50,socioeco,inferred,,Inferred from occupation,high,INCOME,"$100,000 or more","$100,000 or more",True,0.5728366403399825,2,2
FATHER_W50,socioeco,inferred,,Inferred from occupation,low,INCOME,"Less than $30,000","Less than $30,000",True,0.52497630602405,2,2
FATHER_W50,socioeco,inferred,,Inferred from occupation,low,INCOME,"$100,000 or more","Less than $30,000",False,0.46930689602404996,2,2
FATHER_W50,socioeco,inferred,,Inferred from occupation,high,INCOME,"Less than $30,000","$100,000 or more",False,0.524189729987294,2,2
FATHER_W50,socioeco,inferred,,Inferred from occupation,high,INCOME,"$100,000 or more","$100,000 or more",True,0.46852031998729404,2,2
HAVEKIDS1_W50,socioeco,inferred,,Inferred from occupation,low,INCOME,"Less than $30,000","Less than $30,000",True,0.8730793052457179,2,2
HAVEKIDS1_W50,socioeco,inferred,,Inferred from occupation,low,INCOME,"$100,000 or more","Less than $30,000",False,0.9607878852457177,2,2
HAVEKIDS1_W50,socioeco,inferred,,Inferred from occupation,high,INCOME,"Less than $30,000","$100,000 or more",False,0.770933848848604,2,2
HAVEKIDS1_W50,socioeco,inferred,,Inferred from occupation,high,INCOME,"$100,000 or more","$100,000 or more",True,0.8586424288486039,2,2
MARRDUR_W50,socioeco,inferred,,Inferred from occupation,low,INCOME,"Less than $30,000","Less than $30,000",True,3.1690217037608304,2,2
MARRDUR_W50,socioeco,inferred,,Inferred from occupation,low,INCOME,"$100,000 or more","Less than $30,000",False,3.748124509761123,2,2
MARRDUR_W50,socioeco,inferred,,Inferred from occupation,high,INCOME,"Less than $30,000","$100,000 or more",False,1.2309253650780994,2,2
MARRDUR_W50,socioeco,inferred,,Inferred from occupation,high,INCOME,"$100,000 or more","$100,000 or more",True,1.810028171078392,2,2
MARRYPREF1_W50,socioeco,inferred,,Inferred from occupation,low,INCOME,"Less than $30,000","Less than $30,000",True,0.3261797270001099,2,2
MARRYPREF1_W50,socioeco,inferred,,Inferred from occupation,low,INCOME,"$100,000 or more","Less than $30,000",False,0.3483764770001098,2,2
MARRYPREF1_W50,socioeco,inferred,,Inferred from occupation,high,INCOME,"Less than $30,000","$100,000 or more",False,0.3261594130008605,2,2
MARRYPREF1_W50,socioeco,inferred,,Inferred from occupation,high,INCOME,"$100,000 or more","$100,000 or more",True,0.3483561630008604,2,2
MARRYPREF2_W50,socioeco,inferred,,Inferred from occupation,low,INCOME,"Less than $30,000","Less than $30,000",True,0.33911009660881325,2,2
MARRYPREF2_W50,socioeco,inferred,,Inferred from occupation,low,INCOME,"$100,000 or more","Less than $30,000",False,0.3349984550001285,2,2
MARRYPREF2_W50,socioeco,inferred,,Inferred from occupation,high,INCOME,"Less than $30,000","$100,000 or more",False,0.33898805560811085,2,2
MARRYPREF2_W50,socioeco,inferred,,Inferred from occupation,high,INCOME,"$100,000 or more","$100,000 or more",True,0.3348764139994261,2,2
MOTHER_W50,socioeco,inferred,,Inferred from occupation,low,INCOME,"Less than $30,000","Less than $30,000",True,0.37665763800764973,2,2
MOTHER_W50,socioeco,inferred,,Inferred from occupation,low,INCOME,"$100,000 or more","Less than $30,000",False,0.3459972580076497,2,2
MOTHER_W50,socioeco,inferred,,Inferred from occupation,high,INCOME,"Less than $30,000","$100,000 or more",False,0.3741353859164611,2,2
MOTHER_W50,socioeco,inferred,,Inferred from occupation,high,INCOME,"$100,000 or more","$100,000 or more",True,0.3434750059164611,2,2
PAR1_W50,socioeco,inferred,,Inferred from occupation,low,INCOME,"Less than $30,000","Less than $30,000",True,0.2029798549978071,2,2
PAR1_W50,socioeco,inferred,,Inferred from occupation,low,INCOME,"$100,000 or more","Less than $30,000",False,0.15428274499780717,2,2
PAR1_W50,socioeco,inferred,,Inferred from occupation,high,INCOME,"Less than $30,000","$100,000 or more",False,0.20300862399925554,2,2
PAR1_W50,socioeco,inferred,,Inferred from occupation,high,INCOME,"$100,000 or more","$100,000 or more",True,0.1543115139992556,2,2
PAR2_W50,socioeco,inferred,,Inferred from occupation,low,INCOME,"Less than $30,000","Less than $30,000",True,0.19005777090499767,2,2
PAR2_W50,socioeco,inferred,,Inferred from occupation,low,INCOME,"$100,000 or more","Less than $30,000",False,0.1490499940012628,2,2
PAR2_W50,socioeco,inferred,,Inferred from occupation,high,INCOME,"Less than $30,000","$100,000 or more",False,0.18992870490373487,2,2
PAR2_W50,socioeco,inferred,,Inferred from occupation,high,INCOME,"$100,000 or more","$100,000 or more",True,0.14892092799999998,2,2
ROMRELDUR_W50,socioeco,inferred,,Inferred from occupation,low,INCOME,"Less than $30,000","Less than $30,000",True,3.103965386308013,2,2
ROMRELDUR_W50,socioeco,inferred,,Inferred from occupation,low,INCOME,"$100,000 or more","Less than $30,000",False,2.8181272565356266,2,2
ROMRELDUR_W50,socioeco,inferred,,Inferred from occupation,high,INCOME,"Less than $30,000","$100,000 or more",False,3.0666113050556763,2,2
ROMRELDUR_W50,socioeco,inferred,,Inferred from occupation,high,INCOME,"$100,000 or more","$100,000 or more",True,2.780773175283289,2,2
ROMRELSER_W50,socioeco,inferred,,Inferred from occupation,low,INCOME,"Less than $30,000","Less than $30,000",True,0.6347103072385281,2,2
ROMRELSER_W50,socioeco,inferred,,Inferred from occupation,low,INCOME,"$100,000 or more","Less than $30,000",False,0.5993133372385281,2,2
ROMRELSER_W50,socioeco,inferred,,Inferred from occupation,high,INCOME,"Less than $30,000","$100,000 or more",False,0.3836332267787739,2,2
ROMRELSER_W50,socioeco,inferred,,Inferred from occupation,high,INCOME,"$100,000 or more","$100,000 or more",True,0.3482362567787739,2,2
SATLIFEc_W50,socioeco,inferred,,Inferred from occupation,low,INCOME,"Less than $30,000","Less than $30,000",True,0.7010669345158824,2,2
SATLIFEc_W50,socioeco,inferred,,Inferred from occupation,low,INCOME,"$100,000 or more","Less than $30,000",False,1.057952946564455,2,2
SATLIFEc_W50,socioeco,inferred,,Inferred from occupation,high,INCOME,"Less than $30,000","$100,000 or more",False,0.5736431230495054,2,2
SATLIFEc_W50,socioeco,inferred,,Inferred from occupation,high,INCOME,"$100,000 or more","$100,000 or more",True,0.5711114449710077,2,2
ECIMPg_W54,socioeco,inferred,,Inferred from occupation,low,INCOME,"Less than $30,000","Less than $30,000",True,0.07312711973135388,2,2
ECIMPg_W54,socioeco,inferred,,Inferred from occupation,low,INCOME,"$100,000 or more","Less than $30,000",False,0.13139640031404665,2,2
ECIMPg_W54,socioeco,inferred,,Inferred from occupation,high,INCOME,"Less than $30,000","$100,000 or more",False,0.07312747173129419,2,2
ECIMPg_W54,socioeco,inferred,,Inferred from occupation,high,INCOME,"$100,000 or more","$100,000 or more",True,0.13139675231398695,2,2
ECON1_W54,socioeco,inferred,,Inferred from occupation,low,INCOME,"Less than $30,000","Less than $30,000",True,0.608370987927022,2,2
ECON1_W54,socioeco,inferred,,Inferred from occupation,low,INCOME,"$100,000 or more","Less than $30,000",False,0.9001583770502358,2,2
ECON1_W54,socioeco,inferred,,Inferred from occupation,high,INCOME,"Less than $30,000","$100,000 or more",False,0.6167406500531066,2,2
ECON1_W54,socioeco,inferred,,Inferred from occupation,high,INCOME,"$100,000 or more","$100,000 or more",True,0.9085280391763203,2,2
ECON3_d_W54,socioeco,inferred,,Inferred from occupation,low,INCOME,"Less than $30,000","Less than $30,000",True,0.7034144708481905,2,2
ECON3_d_W54,socioeco,inferred,,Inferred from occupation,low,INCOME,"$100,000 or more","Less than $30,000",False,0.6534923608481906,2,2
ECON3_d_W54,socioeco,inferred,,Inferred from occupation,high,INCOME,"Less than $30,000","$100,000 or more",False,0.7686985085673671,2,2
ECON3_d_W54,socioeco,inferred,,Inferred from occupation,high,INCOME,"$100,000 or more","$100,000 or more",True,0.7187763985673672,2,2
ECON4_a_W54,socioeco,inferred,,Inferred from occupation,low,INCOME,"Less than $30,000","Less than $30,000",True,0.6323615153522024,2,2
ECON4_a_W54,socioeco,inferred,,Inferred from occupation,low,INCOME,"$100,000 or more","Less than $30,000",False,0.6664517553522025,2,2
ECON4_a_W54,socioeco,inferred,,Inferred from occupation,high,INCOME,"Less than $30,000","$100,000 or more",False,0.8498771298272682,2,2
ECON4_a_W54,socioeco,inferred,,Inferred from occupation,high,INCOME,"$100,000 or more","$100,000 or more",True,0.8839673698272682,2,2
ECON4_b_W54,socioeco,inferred,,Inferred from occupation,low,INCOME,"Less than $30,000","Less than $30,000",True,0.8164854672145678,2,2
ECON4_b_W54,socioeco,inferred,,Inferred from occupation,low,INCOME,"$100,000 or more","Less than $30,000",False,1.323858045237572,2,2
ECON4_b_W54,socioeco,inferred,,Inferred from occupation,high,INCOME,"Less than $30,000","$100,000 or more",False,0.7022071334431472,2,2
ECON4_b_W54,socioeco,inferred,,Inferred from occupation,high,INCOME,"$100,000 or more","$100,000 or more",True,0.8137197653683862,2,2
ECON4_e_W54,socioeco,inferred,,Inferred from occupation,low,INCOME,"Less than $30,000","Less than $30,000",True,0.9149498310355905,2,2
ECON4_e_W54,socioeco,inferred,,Inferred from occupation,low,INCOME,"$100,000 or more","Less than $30,000",False,0.872640841056487,2,2
ECON4_e_W54,socioeco,inferred,,Inferred from occupation,high,INCOME,"Less than $30,000","$100,000 or more",False,0.6775705257120714,2,2
ECON4_e_W54,socioeco,inferred,,Inferred from occupation,high,INCOME,"$100,000 or more","$100,000 or more",True,0.45750082234934103,2,2
ECON4_f_W54,socioeco,inferred,,Inferred from occupation,low,INCOME,"Less than $30,000","Less than $30,000",True,0.5587468730749146,2,2
ECON4_f_W54,socioeco,inferred,,Inferred from occupation,low,INCOME,"$100,000 or more","Less than $30,000",False,0.6087559149520592,2,2
ECON4_f_W54,socioeco,inferred,,Inferred from occupation,high,INCOME,"Less than $30,000","$100,000 or more",False,0.6815801328820927,2,2
ECON4_f_W54,socioeco,inferred,,Inferred from occupation,high,INCOME,"$100,000 or more","$100,000 or more",True,0.7829838928820928,2,2
ECON4_g_W54,socioeco,inferred,,Inferred from occupation,low,INCOME,"Less than $30,000","Less than $30,000",True,1.3081900525539616,2,2
ECON4_g_W54,socioeco,inferred,,Inferred from occupation,low,INCOME,"$100,000 or more","Less than $30,000",False,0.7150659725539616,2,2
ECON4_g_W54,socioeco,inferred,,Inferred from occupation,high,INCOME,"Less than $30,000","$100,000 or more",False,1.244037235198398,2,2
ECON4_g_W54,socioeco,inferred,,Inferred from occupation,high,INCOME,"$100,000 or more","$100,000 or more",True,0.650913155198398,2,2
ECON5_b_W54,socioeco,inferred,,Inferred from occupation,low,INCOME,"Less than $30,000","Less than $30,000",True,0.3048100838900045,2,2
ECON5_b_W54,socioeco,inferred,,Inferred from occupation,low,INCOME,"$100,000 or more","Less than $30,000",False,0.5654248136678199,2,2
ECON5_b_W54,socioeco,inferred,,Inferred from occupation,high,INCOME,"Less than $30,000","$100,000 or more",False,0.24127034047251633,2,2
ECON5_b_W54,socioeco,inferred,,Inferred from occupation,high,INCOME,"$100,000 or more","$100,000 or more",True,0.21726713822797394,2,2
ECON5_c_W54,socioeco,inferred,,Inferred from occupation,low,INCOME,"Less than $30,000","Less than $30,000",True,0.7000100149960822,2,2
ECON5_c_W54,socioeco,inferred,,Inferred from occupation,low,INCOME,"$100,000 or more","Less than $30,000",False,0.755688442804447,2,2
ECON5_c_W54,socioeco,inferred,,Inferred from occupation,high,INCOME,"Less than $30,000","$100,000 or more",False,0.672208864412456,2,2
ECON5_c_W54,socioeco,inferred,,Inferred from occupation,high,INCOME,"$100,000 or more","$100,000 or more",True,0.7278872922208207,2,2
ECON5_d_W54,socioeco,inferred,,Inferred from occupation,low,INCOME,"Less than $30,000","Less than $30,000",True,0.4016319266622517,2,2
ECON5_d_W54,socioeco,inferred,,Inferred from occupation,low,INCOME,"$100,000 or more","Less than $30,000",False,0.7685939716622519,2,2
ECON5_d_W54,socioeco,inferred,,Inferred from occupation,high,INCOME,"Less than $30,000","$100,000 or more",False,0.6702294350763854,2,2
ECON5_d_W54,socioeco,inferred,,Inferred from occupation,high,INCOME,"$100,000 or more","$100,000 or more",True,1.0371914800763855,2,2
ECON5_e_W54,socioeco,inferred,,Inferred from occupation,low,INCOME,"Less than $30,000","Less than $30,000",True,0.7029307500460897,2,2
ECON5_e_W54,socioeco,inferred,,Inferred from occupation,low,INCOME,"$100,000 or more","Less than $30,000",False,0.6603803400460898,2,2
ECON5_e_W54,socioeco,inferred,,Inferred from occupation,high,INCOME,"Less than $30,000","$100,000 or more",False,0.5962270953126639,2,2
ECON5_e_W54,socioeco,inferred,,Inferred from occupation,high,INCOME,"$100,000 or more","$100,000 or more",True,0.553676685312664,2,2
ECON5_f_W54,socioeco,inferred,,Inferred from occupation,low,INCOME,"Less than $30,000","Less than $30,000",True,0.7405504914771023,2,2
ECON5_f_W54,socioeco,inferred,,Inferred from occupation,low,INCOME,"$100,000 or more","Less than $30,000",False,0.781249219057278,2,2
ECON5_f_W54,socioeco,inferred,,Inferred from occupation,high,INCOME,"Less than $30,000","$100,000 or more",False,0.7296131182961311,2,2
ECON5_f_W54,socioeco,inferred,,Inferred from occupation,high,INCOME,"$100,000 or more","$100,000 or more",True,0.7703118458763067,2,2
ECON5_g_W54,socioeco,inferred,,Inferred from occupation,low,INCOME,"Less than $30,000","Less than $30,000",True,0.6371859664590451,2,2
ECON5_g_W54,socioeco,inferred,,Inferred from occupation,low,INCOME,"$100,000 or more","Less than $30,000",False,0.6155742514590453,2,2
ECON5_g_W54,socioeco,inferred,,Inferred from occupation,high,INCOME,"Less than $30,000","$100,000 or more",False,0.6791159440079492,2,2
ECON5_g_W54,socioeco,inferred,,Inferred from occupation,high,INCOME,"$100,000 or more","$100,000 or more",True,0.6575042290079491,2,2
ECON5_h_W54,socioeco,inferred,,Inferred from occupation,low,INCOME,"Less than $30,000","Less than $30,000",True,0.5329373660823711,2,2
ECON5_h_W54,socioeco,inferred,,Inferred from occupation,low,INCOME,"$100,000 or more","Less than $30,000",False,0.6526876820611678,2,2
ECON5_h_W54,socioeco,inferred,,Inferred from occupation,high,INCOME,"Less than $30,000","$100,000 or more",False,0.47804678980535353,2,2
ECON5_h_W54,socioeco,inferred,,Inferred from occupation,high,INCOME,"$100,000 or more","$100,000 or more",True,0.7415582571702389,2,2
ECON5_i_W54,socioeco,inferred,,Inferred from occupation,low,INCOME,"Less than $30,000","Less than $30,000",True,0.8674795440084356,2,2
ECON5_i_W54,socioeco,inferred,,Inferred from occupation,low,INCOME,"$100,000 or more","Less than $30,000",False,0.8397242340084355,2,2
ECON5_i_W54,socioeco,inferred,,Inferred from occupation,high,INCOME,"Less than $30,000","$100,000 or more",False,0.8675060439885043,2,2
ECON5_i_W54,socioeco,inferred,,Inferred from occupation,high,INCOME,"$100,000 or more","$100,000 or more",True,0.8397507339885042,2,2
ECON5_j_W54,socioeco,inferred,,Inferred from occupation,low,INCOME,"Less than $30,000","Less than $30,000",True,0.7401975987469742,2,2
ECON5_j_W54,socioeco,inferred,,Inferred from occupation,low,INCOME,"$100,000 or more","Less than $30,000",False,0.7718668487469743,2,2
ECON5_j_W54,socioeco,inferred,,Inferred from occupation,high,INCOME,"Less than $30,000","$100,000 or more",False,0.6590844056349051,2,2
ECON5_j_W54,socioeco,inferred,,Inferred from occupation,high,INCOME,"$100,000 or more","$100,000 or more",True,0.6907536556349052,2,2
ECON5_k_W54,socioeco,inferred,,Inferred from occupation,low,INCOME,"Less than $30,000","Less than $30,000",True,0.6379303570360976,2,2
ECON5_k_W54,socioeco,inferred,,Inferred from occupation,low,INCOME,"$100,000 or more","Less than $30,000",False,0.7199267635299068,2,2
ECON5_k_W54,socioeco,inferred,,Inferred from occupation,high,INCOME,"Less than $30,000","$100,000 or more",False,0.7265488372134219,2,2
ECON5_k_W54,socioeco,inferred,,Inferred from occupation,high,INCOME,"$100,000 or more","$100,000 or more",True,0.8085452437072312,2,2
FIN_SIT_W54,socioeco,inferred,,Inferred from occupation,low,INCOME,"Less than $30,000","Less than $30,000",True,0.8737022875800307,2,2
FIN_SIT_W54,socioeco,inferred,,Inferred from occupation,low,INCOME,"$100,000 or more","Less than $30,000",False,0.6866439375800307,2,2
FIN_SIT_W54,socioeco,inferred,,Inferred from occupation,high,INCOME,"Less than $30,000","$100,000 or more",False,0.8224256159257112,2,2
FIN_SIT_W54,socioeco,inferred,,Inferred from occupation,high,INCOME,"$100,000 or more","$100,000 or more",True,0.6353672659257112,2,2
GOVPRIORITYb_W54,socioeco,inferred,,Inferred from occupation,low,INCOME,"Less than $30,000","Less than $30,000",True,0.6649149141973658,2,2
GOVPRIORITYb_W54,socioeco,inferred,,Inferred from occupation,low,INCOME,"$100,000 or more","Less than $30,000",False,0.6920792370792076,2,2
GOVPRIORITYb_W54,socioeco,inferred,,Inferred from occupation,high,INCOME,"Less than $30,000","$100,000 or more",False,0.3205256763587418,2,2
GOVPRIORITYb_W54,socioeco,inferred,,Inferred from occupation,high,INCOME,"$100,000 or more","$100,000 or more",True,0.34768999924058364,2,2
GOVPRIORITYc_W54,socioeco,inferred,,Inferred from occupation,low,INCOME,"Less than $30,000","Less than $30,000",True,0.5888940899999585,2,2
GOVPRIORITYc_W54,socioeco,inferred,,Inferred from occupation,low,INCOME,"$100,000 or more","Less than $30,000",False,0.9986200499999588,2,2
GOVPRIORITYc_W54,socioeco,inferred,,Inferred from occupation,high,INCOME,"Less than $30,000","$100,000 or more",False,0.5888954479999833,2,2
GOVPRIORITYc_W54,socioeco,inferred,,Inferred from occupation,high,INCOME,"$100,000 or more","$100,000 or more",True,0.9986214079999834,2,2
GOVPRIORITYd_W54,socioeco,inferred,,Inferred from occupation,low,INCOME,"Less than $30,000","Less than $30,000",True,0.7380713819998346,2,2
GOVPRIORITYd_W54,socioeco,inferred,,Inferred from occupation,low,INCOME,"$100,000 or more","Less than $30,000",False,0.8384032219998347,2,2
GOVPRIORITYd_W54,socioeco,inferred,,Inferred from occupation,high,INCOME,"Less than $30,000","$100,000 or more",False,0.7380716899999101,2,2
GOVPRIORITYd_W54,socioeco,inferred,,Inferred from occupation,high,INCOME,"$100,000 or more","$100,000 or more",True,0.8384035299999103,2,2
GOVPRIORITYf_W54,socioeco,inferred,,Inferred from occupation,low,INCOME,"Less than $30,000","Less than $30,000",True,0.4984665519997922,2,2
GOVPRIORITYf_W54,socioeco,inferred,,Inferred from occupation,low,INCOME,"$100,000 or more","Less than $30,000",False,0.5921401279212969,2,2
GOVPRIORITYf_W54,socioeco,inferred,,Inferred from occupation,high,INCOME,"Less than $30,000","$100,000 or more",False,0.49847282999979436,2,2
GOVPRIORITYf_W54,socioeco,inferred,,Inferred from occupation,high,INCOME,"$100,000 or more","$100,000 or more",True,0.5921464059212991,2,2
INEQ11_W54,socioeco,inferred,,Inferred from occupation,low,INCOME,"Less than $30,000","Less than $30,000",True,0.05921683000031306,2,2
INEQ11_W54,socioeco,inferred,,Inferred from occupation,low,INCOME,"$100,000 or more","Less than $30,000",False,0.19555275000031305,2,2
INEQ11_W54,socioeco,inferred,,Inferred from occupation,high,INCOME,"Less than $30,000","$100,000 or more",False,0.0591979099987403,2,2
INEQ11_W54,socioeco,inferred,,Inferred from occupation,high,INCOME,"$100,000 or more","$100,000 or more",True,0.1955338299987403,2,2
INEQ1_W54,socioeco,inferred,,Inferred from occupation,low,INCOME,"Less than $30,000","Less than $30,000",True,0.328558225999922,2,2
INEQ1_W54,socioeco,inferred,,Inferred from occupation,low,INCOME,"$100,000 or more","Less than $30,000",False,0.20137355801368761,2,2
INEQ1_W54,socioeco,inferred,,Inferred from occupation,high,INCOME,"Less than $30,000","$100,000 or more",False,0.328558780000044,2,2
INEQ1_W54,socioeco,inferred,,Inferred from occupation,high,INCOME,"$100,000 or more","$100,000 or more",True,0.20137411201380961,2,2
INEQ4_a_W54,socioeco,inferred,,Inferred from occupation,low,INCOME,"Less than $30,000","Less than $30,000",True,0.32524982878938075,2,2
INEQ4_a_W54,socioeco,inferred,,Inferred from occupation,low,INCOME,"$100,000 or more","Less than $30,000",False,0.3045961240278033,2,2
INEQ4_a_W54,socioeco,inferred,,Inferred from occupation,high,INCOME,"Less than $30,000","$100,000 or more",False,0.3443296182514486,2,2
INEQ4_a_W54,socioeco,inferred,,Inferred from occupation,high,INCOME,"$100,000 or more","$100,000 or more",True,0.3236759134898711,2,2
INEQ5_a_W54,socioeco,inferred,,Inferred from occupation,low,INCOME,"Less than $30,000","Less than $30,000",True,0.6836967974874606,2,2
INEQ5_a_W54,socioeco,inferred,,Inferred from occupation,low,INCOME,"$100,000 or more","Less than $30,000",False,0.6013455045046665,2,2
INEQ5_a_W54,socioeco,inferred,,Inferred from occupation,high,INCOME,"Less than $30,000","$100,000 or more",False,0.6931183247763392,2,2
INEQ5_a_W54,socioeco,inferred,,Inferred from occupation,high,INCOME,"$100,000 or more","$100,000 or more",True,0.6107670317935452,2,2
INEQ5_d_W54,socioeco,inferred,,Inferred from occupation,low,INCOME,"Less than $30,000","Less than $30,000",True,0.7248309484403116,2,2
INEQ5_d_W54,socioeco,inferred,,Inferred from occupation,low,INCOME,"$100,000 or more","Less than $30,000",False,1.0676208695610072,2,2
INEQ5_d_W54,socioeco,inferred,,Inferred from occupation,high,INCOME,"Less than $30,000","$100,000 or more",False,0.760501431402188,2,2
INEQ5_d_W54,socioeco,inferred,,Inferred from occupation,high,INCOME,"$100,000 or more","$100,000 or more",True,1.0319981105982285,2,2
INEQ5_e_W54,socioeco,inferred,,Inferred from occupation,low,INCOME,"Less than $30,000","Less than $30,000",True,0.674990263056724,2,2
INEQ5_e_W54,socioeco,inferred,,Inferred from occupation,low,INCOME,"$100,000 or more","Less than $30,000",False,0.793326035539768,2,2
INEQ5_e_W54,socioeco,inferred,,Inferred from occupation,high,INCOME,"Less than $30,000","$100,000 or more",False,0.6630999790362782,2,2
INEQ5_e_W54,socioeco,inferred,,Inferred from occupation,high,INCOME,"$100,000 or more","$100,000 or more",True,0.7814357515193221,2,2
INEQ5_f_W54,socioeco,inferred,,Inferred from occupation,low,INCOME,"Less than $30,000","Less than $30,000",True,0.7992326160115469,2,2
INEQ5_f_W54,socioeco,inferred,,Inferred from occupation,low,INCOME,"$100,000 or more","Less than $30,000",False,0.8261493562807144,2,2
INEQ5_f_W54,socioeco,inferred,,Inferred from occupation,high,INCOME,"Less than $30,000","$100,000 or more",False,0.8009232820161752,2,2
INEQ5_f_W54,socioeco,inferred,,Inferred from occupation,high,INCOME,"$100,000 or more","$100,000 or more",True,0.8278400222853428,2,2
INEQ5_h_W54,socioeco,inferred,,Inferred from occupation,low,INCOME,"Less than $30,000","Less than $30,000",True,0.6928887069271987,2,2
INEQ5_h_W54,socioeco,inferred,,Inferred from occupation,low,INCOME,"$100,000 or more","Less than $30,000",False,0.7456248674545604,2,2
INEQ5_h_W54,socioeco,inferred,,Inferred from occupation,high,INCOME,"Less than $30,000","$100,000 or more",False,0.6928795529287956,2,2
INEQ5_h_W54,socioeco,inferred,,Inferred from occupation,high,INCOME,"$100,000 or more","$100,000 or more",True,0.7456157134561572,2,2
INEQ5_i_W54,socioeco,inferred,,Inferred from occupation,low,INCOME,"Less than $30,000","Less than $30,000",True,0.6688685579318798,2,2
INEQ5_i_W54,socioeco,inferred,,Inferred from occupation,low,INCOME,"$100,000 or more","Less than $30,000",False,0.6688704879318799,2,2
INEQ5_i_W54,socioeco,inferred,,Inferred from occupation,high,INCOME,"Less than $30,000","$100,000 or more",False,0.6714929720942501,2,2
INEQ5_i_W54,socioeco,inferred,,Inferred from occupation,high,INCOME,"$100,000 or more","$100,000 or more",True,0.6714949020942502,2,2
INEQ5_k_W54,socioeco,inferred,,Inferred from occupation,low,INCOME,"Less than $30,000","Less than $30,000",True,0.7335505453985642,2,2
INEQ5_k_W54,socioeco,inferred,,Inferred from occupation,low,INCOME,"$100,000 or more","Less than $30,000",False,0.8103358653985643,2,2
INEQ5_k_W54,socioeco,inferred,,Inferred from occupation,high,INCOME,"Less than $30,000","$100,000 or more",False,0.6988059938703673,2,2
INEQ5_k_W54,socioeco,inferred,,Inferred from occupation,high,INCOME,"$100,000 or more","$100,000 or more",True,0.7755913138703674,2,2
INEQ5_l_W54,socioeco,inferred,,Inferred from occupation,low,INCOME,"Less than $30,000","Less than $30,000",True,1.0843437339456252,2,2
INEQ5_l_W54,socioeco,inferred,,Inferred from occupation,low,INCOME,"$100,000 or more","Less than $30,000",False,0.8691174039456254,2,2
INEQ5_l_W54,socioeco,inferred,,Inferred from occupation,high,INCOME,"Less than $30,000","$100,000 or more",False,1.0800935719326856,2,2
INEQ5_l_W54,socioeco,inferred,,Inferred from occupation,high,INCOME,"$100,000 or more","$100,000 or more",True,0.8648672419326858,2,2
INEQ5_m_W54,socioeco,inferred,,Inferred from occupation,low,INCOME,"Less than $30,000","Less than $30,000",True,1.0392764280203703,2,2
INEQ5_m_W54,socioeco,inferred,,Inferred from occupation,low,INCOME,"$100,000 or more","Less than $30,000",False,0.7534838580203704,2,2
INEQ5_m_W54,socioeco,inferred,,Inferred from occupation,high,INCOME,"Less than $30,000","$100,000 or more",False,1.0402421259988377,2,2
INEQ5_m_W54,socioeco,inferred,,Inferred from occupation,high,INCOME,"$100,000 or more","$100,000 or more",True,0.7544495559988379,2,2
INEQ8_a_W54,socioeco,inferred,,Inferred from occupation,low,INCOME,"Less than $30,000","Less than $30,000",True,0.7819812200018005,2,2
INEQ8_a_W54,socioeco,inferred,,Inferred from occupation,low,INCOME,"$100,000 or more","Less than $30,000",False,0.8978275900018005,2,2
INEQ8_a_W54,socioeco,inferred,,Inferred from occupation,high,INCOME,"Less than $30,000","$100,000 or more",False,0.7820168820038885,2,2
INEQ8_a_W54,socioeco,inferred,,Inferred from occupation,high,INCOME,"$100,000 or more","$100,000 or more",True,0.8978632520038885,2,2
INEQ8_b_W54,socioeco,inferred,,Inferred from occupation,low,INCOME,"Less than $30,000","Less than $30,000",True,0.8397767999937985,2,2
INEQ8_b_W54,socioeco,inferred,,Inferred from occupation,low,INCOME,"$100,000 or more","Less than $30,000",False,0.9047711809448941,2,2
INEQ8_b_W54,socioeco,inferred,,Inferred from occupation,high,INCOME,"Less than $30,000","$100,000 or more",False,0.8392543600089838,2,2
INEQ8_b_W54,socioeco,inferred,,Inferred from occupation,high,INCOME,"$100,000 or more","$100,000 or more",True,0.9042487409600792,2,2
INEQ8_c_W54,socioeco,inferred,,Inferred from occupation,low,INCOME,"Less than $30,000","Less than $30,000",True,0.8167676148397003,2,2
INEQ8_c_W54,socioeco,inferred,,Inferred from occupation,low,INCOME,"$100,000 or more","Less than $30,000",False,0.9153894448397002,2,2
INEQ8_c_W54,socioeco,inferred,,Inferred from occupation,high,INCOME,"Less than $30,000","$100,000 or more",False,0.7633025869529368,2,2
INEQ8_c_W54,socioeco,inferred,,Inferred from occupation,high,INCOME,"$100,000 or more","$100,000 or more",True,0.8619244169529368,2,2
INEQ8_d_W54,socioeco,inferred,,Inferred from occupation,low,INCOME,"Less than $30,000","Less than $30,000",True,0.8350766619964239,2,2
INEQ8_d_W54,socioeco,inferred,,Inferred from occupation,low,INCOME,"$100,000 or more","Less than $30,000",False,0.8927912719964238,2,2
INEQ8_d_W54,socioeco,inferred,,Inferred from occupation,high,INCOME,"Less than $30,000","$100,000 or more",False,0.8347135060057661,2,2
INEQ8_d_W54,socioeco,inferred,,Inferred from occupation,high,INCOME,"$100,000 or more","$100,000 or more",True,0.892428116005766,2,2
INEQ8_f_W54,socioeco,inferred,,Inferred from occupation,low,INCOME,"Less than $30,000","Less than $30,000",True,0.7781028039999999,2,2
INEQ8_f_W54,socioeco,inferred,,Inferred from occupation,low,INCOME,"$100,000 or more","Less than $30,000",False,0.8194753858043985,2,2
INEQ8_f_W54,socioeco,inferred,,Inferred from occupation,high,INCOME,"Less than $30,000","$100,000 or more",False,0.7780393659940722,2,2
INEQ8_f_W54,socioeco,inferred,,Inferred from occupation,high,INCOME,"$100,000 or more","$100,000 or more",True,0.8194119477984707,2,2
INEQ8_g_W54,socioeco,inferred,,Inferred from occupation,low,INCOME,"Less than $30,000","Less than $30,000",True,0.7659868599991794,2,2
INEQ8_g_W54,socioeco,inferred,,Inferred from occupation,low,INCOME,"$100,000 or more","Less than $30,000",False,0.9081294799991795,2,2
INEQ8_g_W54,socioeco,inferred,,Inferred from occupation,high,INCOME,"Less than $30,000","$100,000 or more",False,0.7652550020074956,2,2
INEQ8_g_W54,socioeco,inferred,,Inferred from occupation,high,INCOME,"$100,000 or more","$100,000 or more",True,0.9073976220074957,2,2
INEQ8_h_W54,socioeco,inferred,,Inferred from occupation,low,INCOME,"Less than $30,000","Less than $30,000",True,1.630848234321594,2,2
INEQ8_h_W54,socioeco,inferred,,Inferred from occupation,low,INCOME,"$100,000 or more","Less than $30,000",False,1.2585775869602116,2,2
INEQ8_h_W54,socioeco,inferred,,Inferred from occupation,high,INCOME,"Less than $30,000","$100,000 or more",False,1.7532069388570866,2,2
INEQ8_h_W54,socioeco,inferred,,Inferred from occupation,high,INCOME,"$100,000 or more","$100,000 or more",True,1.3809362914957037,2,2
INEQ8_i_W54,socioeco,inferred,,Inferred from occupation,low,INCOME,"Less than $30,000","Less than $30,000",True,0.7559375219658622,2,2
INEQ8_i_W54,socioeco,inferred,,Inferred from occupation,low,INCOME,"$100,000 or more","Less than $30,000",False,0.9347830213350284,2,2
INEQ8_i_W54,socioeco,inferred,,Inferred from occupation,high,INCOME,"Less than $30,000","$100,000 or more",False,0.7505616598798486,2,2
INEQ8_i_W54,socioeco,inferred,,Inferred from occupation,high,INCOME,"$100,000 or more","$100,000 or more",True,0.9294071592490148,2,2
INEQ8_j_W54,socioeco,inferred,,Inferred from occupation,low,INCOME,"Less than $30,000","Less than $30,000",True,0.7315972578692955,2,2
INEQ8_j_W54,socioeco,inferred,,Inferred from occupation,low,INCOME,"$100,000 or more","Less than $30,000",False,0.9289594478692957,2,2
INEQ8_j_W54,socioeco,inferred,,Inferred from occupation,high,INCOME,"Less than $30,000","$100,000 or more",False,0.7159117659999997,2,2
INEQ8_j_W54,socioeco,inferred,,Inferred from occupation,high,INCOME,"$100,000 or more","$100,000 or more",True,0.9132739559999999,2,2
JOBTRAIN_W54,socioeco,inferred,,Inferred from occupation,low,INCOME,"Less than $30,000","Less than $30,000",True,0.6681132226810945,2,2
JOBTRAIN_W54,socioeco,inferred,,Inferred from occupation,low,INCOME,"$100,000 or more","Less than $30,000",False,0.5830712659999477,2,2
JOBTRAIN_W54,socioeco,inferred,,Inferred from occupation,high,INCOME,"Less than $30,000","$100,000 or more",False,0.6681137046811313,2,2
JOBTRAIN_W54,socioeco,inferred,,Inferred from occupation,high,INCOME,"$100,000 or more","$100,000 or more",True,0.5830717479999845,2,2
WORRY2a_W54,socioeco,inferred,,Inferred from occupation,low,INCOME,"Less than $30,000","Less than $30,000",True,1.0903598405178507,2,2
WORRY2a_W54,socioeco,inferred,,Inferred from occupation,low,INCOME,"$100,000 or more","Less than $30,000",False,0.9269761631276672,2,2
WORRY2a_W54,socioeco,inferred,,Inferred from occupation,high,INCOME,"Less than $30,000","$100,000 or more",False,0.7900352493901837,2,2
WORRY2a_W54,socioeco,inferred,,Inferred from occupation,high,INCOME,"$100,000 or more","$100,000 or more",True,1.113487676,2,2
WORRY2b_W54,socioeco,inferred,,Inferred from occupation,low,INCOME,"Less than $30,000","Less than $30,000",True,1.0659303853406963,2,2
WORRY2b_W54,socioeco,inferred,,Inferred from occupation,low,INCOME,"$100,000 or more","Less than $30,000",False,0.9968760561711275,2,2
WORRY2b_W54,socioeco,inferred,,Inferred from occupation,high,INCOME,"Less than $30,000","$100,000 or more",False,1.074525123118461,2,2
WORRY2b_W54,socioeco,inferred,,Inferred from occupation,high,INCOME,"$100,000 or more","$100,000 or more",True,1.0054707939488923,2,2
WORRY2c_W54,socioeco,inferred,,Inferred from occupation,low,INCOME,"Less than $30,000","Less than $30,000",True,1.0632865204261779,2,2
WORRY2c_W54,socioeco,inferred,,Inferred from occupation,low,INCOME,"$100,000 or more","Less than $30,000",False,0.9939377395749518,2,2
WORRY2c_W54,socioeco,inferred,,Inferred from occupation,high,INCOME,"Less than $30,000","$100,000 or more",False,0.930389162075918,2,2
WORRY2c_W54,socioeco,inferred,,Inferred from occupation,high,INCOME,"$100,000 or more","$100,000 or more",True,1.1271716819254511,2,2
WORRY2d_W54,socioeco,inferred,,Inferred from occupation,low,INCOME,"Less than $30,000","Less than $30,000",True,0.8490627229042855,2,2
WORRY2d_W54,socioeco,inferred,,Inferred from occupation,low,INCOME,"$100,000 or more","Less than $30,000",False,0.6896739437146002,2,2
WORRY2d_W54,socioeco,inferred,,Inferred from occupation,high,INCOME,"Less than $30,000","$100,000 or more",False,0.7572666533165966,2,2
WORRY2d_W54,socioeco,inferred,,Inferred from occupation,high,INCOME,"$100,000 or more","$100,000 or more",True,0.7823346172979827,2,2
WORRY2e_W54,socioeco,inferred,,Inferred from occupation,low,INCOME,"Less than $30,000","Less than $30,000",True,1.275149670939903,2,2
WORRY2e_W54,socioeco,inferred,,Inferred from occupation,low,INCOME,"$100,000 or more","Less than $30,000",False,0.8042220409399033,2,2
WORRY2e_W54,socioeco,inferred,,Inferred from occupation,high,INCOME,"Less than $30,000","$100,000 or more",False,0.8066100839437237,2,2
WORRY2e_W54,socioeco,inferred,,Inferred from occupation,high,INCOME,"$100,000 or more","$100,000 or more",True,0.7729436620017798,2,2
GAP21Q10_W82,socioeco,inferred,,Inferred from occupation,low,INCOME,"Less than $30,000","Less than $30,000",True,0.12104381486334392,2,2
GAP21Q10_W82,socioeco,inferred,,Inferred from occupation,low,INCOME,"$100,000 or more","Less than $30,000",False,0.19938537691743474,2,2
GAP21Q10_W82,socioeco,inferred,,Inferred from occupation,high,INCOME,"Less than $30,000","$100,000 or more",False,0.1759117915568501,2,2
GAP21Q10_W82,socioeco,inferred,,Inferred from occupation,high,INCOME,"$100,000 or more","$100,000 or more",True,0.2542533536109409,2,2
GAP21Q13_b_W82,socioeco,inferred,,Inferred from occupation,low,INCOME,"Less than $30,000","Less than $30,000",True,0.5736457736881485,2,2
GAP21Q13_b_W82,socioeco,inferred,,Inferred from occupation,low,INCOME,"$100,000 or more","Less than $30,000",False,0.5791573037432637,2,2
GAP21Q13_b_W82,socioeco,inferred,,Inferred from occupation,high,INCOME,"Less than $30,000","$100,000 or more",False,0.5719992358413052,2,2
GAP21Q13_b_W82,socioeco,inferred,,Inferred from occupation,high,INCOME,"$100,000 or more","$100,000 or more",True,0.5775107658964205,2,2
GAP21Q15_a_W82,socioeco,inferred,,Inferred from occupation,low,INCOME,"Less than $30,000","Less than $30,000",True,1.2868109105844516,2,2
GAP21Q15_a_W82,socioeco,inferred,,Inferred from occupation,low,INCOME,"$100,000 or more","Less than $30,000",False,1.2481211805844519,2,2
GAP21Q15_a_W82,socioeco,inferred,,Inferred from occupation,high,INCOME,"Less than $30,000","$100,000 or more",False,1.5033127151535683,2,2
GAP21Q15_a_W82,socioeco,inferred,,Inferred from occupation,high,INCOME,"$100,000 or more","$100,000 or more",True,1.4646229851535686,2,2
GAP21Q15_b_W82,socioeco,inferred,,Inferred from occupation,low,INCOME,"Less than $30,000","Less than $30,000",True,0.4808494700207837,2,2
GAP21Q15_b_W82,socioeco,inferred,,Inferred from occupation,low,INCOME,"$100,000 or more","Less than $30,000",False,0.6998513946316686,2,2
GAP21Q15_b_W82,socioeco,inferred,,Inferred from occupation,high,INCOME,"Less than $30,000","$100,000 or more",False,0.48309517720938966,2,2
GAP21Q15_b_W82,socioeco,inferred,,Inferred from occupation,high,INCOME,"$100,000 or more","$100,000 or more",True,0.6953261282089114,2,2
GAP21Q15_c_W82,socioeco,inferred,,Inferred from occupation,low,INCOME,"Less than $30,000","Less than $30,000",True,0.8150345404401378,2,2
GAP21Q15_c_W82,socioeco,inferred,,Inferred from occupation,low,INCOME,"$100,000 or more","Less than $30,000",False,0.5189244106542266,2,2
GAP21Q15_c_W82,socioeco,inferred,,Inferred from occupation,high,INCOME,"Less than $30,000","$100,000 or more",False,0.8431179574115889,2,2
GAP21Q15_c_W82,socioeco,inferred,,Inferred from occupation,high,INCOME,"$100,000 or more","$100,000 or more",True,0.5470078276256777,2,2
GAP21Q15_d_W82,socioeco,inferred,,Inferred from occupation,low,INCOME,"Less than $30,000","Less than $30,000",True,0.7003091873675783,2,2
GAP21Q15_d_W82,socioeco,inferred,,Inferred from occupation,low,INCOME,"$100,000 or more","Less than $30,000",False,1.1576811473675779,2,2
GAP21Q15_d_W82,socioeco,inferred,,Inferred from occupation,high,INCOME,"Less than $30,000","$100,000 or more",False,1.0356798349579872,2,2
GAP21Q15_d_W82,socioeco,inferred,,Inferred from occupation,high,INCOME,"$100,000 or more","$100,000 or more",True,1.493051794957987,2,2
GAP21Q15_e_W82,socioeco,inferred,,Inferred from occupation,low,INCOME,"Less than $30,000","Less than $30,000",True,0.6973600470386146,2,2
GAP21Q15_e_W82,socioeco,inferred,,Inferred from occupation,low,INCOME,"$100,000 or more","Less than $30,000",False,0.44619601927824415,2,2
GAP21Q15_e_W82,socioeco,inferred,,Inferred from occupation,high,INCOME,"Less than $30,000","$100,000 or more",False,0.6947779022320252,2,2
GAP21Q15_e_W82,socioeco,inferred,,Inferred from occupation,high,INCOME,"$100,000 or more","$100,000 or more",True,0.4436025544717943,2,2
GAP21Q15_f_W82,socioeco,inferred,,Inferred from occupation,low,INCOME,"Less than $30,000","Less than $30,000",True,0.6883137394658224,2,2
GAP21Q15_f_W82,socioeco,inferred,,Inferred from occupation,low,INCOME,"$100,000 or more","Less than $30,000",False,0.6444652826880282,2,2
GAP21Q15_f_W82,socioeco,inferred,,Inferred from occupation,high,INCOME,"Less than $30,000","$100,000 or more",False,0.7146744500834413,2,2
GAP21Q15_f_W82,socioeco,inferred,,Inferred from occupation,high,INCOME,"$100,000 or more","$100,000 or more",True,0.6708259933056471,2,2
GAP21Q17_W82,socioeco,inferred,,Inferred from occupation,low,INCOME,"Less than $30,000","Less than $30,000",True,0.505748527597653,2,2
GAP21Q17_W82,socioeco,inferred,,Inferred from occupation,low,INCOME,"$100,000 or more","Less than $30,000",False,0.46507566759765295,2,2
GAP21Q17_W82,socioeco,inferred,,Inferred from occupation,high,INCOME,"Less than $30,000","$100,000 or more",False,0.6310416678369668,2,2
GAP21Q17_W82,socioeco,inferred,,Inferred from occupation,high,INCOME,"$100,000 or more","$100,000 or more",True,0.5903688078369668,2,2
GAP21Q19_a_W82,socioeco,inferred,,Inferred from occupation,low,INCOME,"Less than $30,000","Less than $30,000",True,0.8752896620510631,2,2
GAP21Q19_a_W82,socioeco,inferred,,Inferred from occupation,low,INCOME,"$100,000 or more","Less than $30,000",False,0.8864429229313183,2,2
GAP21Q19_a_W82,socioeco,inferred,,Inferred from occupation,high,INCOME,"Less than $30,000","$100,000 or more",False,0.8868892815263141,2,2
GAP21Q19_a_W82,socioeco,inferred,,Inferred from occupation,high,INCOME,"$100,000 or more","$100,000 or more",True,0.8980425424065693,2,2
GAP21Q19_b_W82,socioeco,inferred,,Inferred from occupation,low,INCOME,"Less than $30,000","Less than $30,000",True,0.621844273803547,2,2
GAP21Q19_b_W82,socioeco,inferred,,Inferred from occupation,low,INCOME,"$100,000 or more","Less than $30,000",False,0.6026051400769643,2,2
GAP21Q19_b_W82,socioeco,inferred,,Inferred from occupation,high,INCOME,"Less than $30,000","$100,000 or more",False,0.603164627032146,2,2
GAP21Q19_b_W82,socioeco,inferred,,Inferred from occupation,high,INCOME,"$100,000 or more","$100,000 or more",True,0.5839254933055633,2,2
GAP21Q19_c_W82,socioeco,inferred,,Inferred from occupation,low,INCOME,"Less than $30,000","Less than $30,000",True,0.6085848739507869,2,2
GAP21Q19_c_W82,socioeco,inferred,,Inferred from occupation,low,INCOME,"$100,000 or more","Less than $30,000",False,0.7120043139507868,2,2
GAP21Q19_c_W82,socioeco,inferred,,Inferred from occupation,high,INCOME,"Less than $30,000","$100,000 or more",False,0.6095327159714204,2,2
GAP21Q19_c_W82,socioeco,inferred,,Inferred from occupation,high,INCOME,"$100,000 or more","$100,000 or more",True,0.7129521559714205,2,2
GAP21Q19_d_W82,socioeco,inferred,,Inferred from occupation,low,INCOME,"Less than $30,000","Less than $30,000",True,0.7124965740249484,2,2
GAP21Q19_d_W82,socioeco,inferred,,Inferred from occupation,low,INCOME,"$100,000 or more","Less than $30,000",False,0.6386996640249484,2,2
GAP21Q19_d_W82,socioeco,inferred,,Inferred from occupation,high,INCOME,"Less than $30,000","$100,000 or more",False,0.7152366360340319,2,2
GAP21Q19_d_W82,socioeco,inferred,,Inferred from occupation,high,INCOME,"$100,000 or more","$100,000 or more",True,0.6414397260340318,2,2
GAP21Q19_e_W82,socioeco,inferred,,Inferred from occupation,low,INCOME,"Less than $30,000","Less than $30,000",True,0.5391694720929903,2,2
GAP21Q19_e_W82,socioeco,inferred,,Inferred from occupation,low,INCOME,"$100,000 or more","Less than $30,000",False,0.7425892129229396,2,2
GAP21Q19_e_W82,socioeco,inferred,,Inferred from occupation,high,INCOME,"Less than $30,000","$100,000 or more",False,0.2889182805480025,2,2
GAP21Q19_e_W82,socioeco,inferred,,Inferred from occupation,high,INCOME,"$100,000 or more","$100,000 or more",True,0.4923380213779517,2,2
GAP21Q21_a_W82,socioeco,inferred,,Inferred from occupation,low,INCOME,"Less than $30,000","Less than $30,000",True,0.5297150812236894,2,2
GAP21Q21_a_W82,socioeco,inferred,,Inferred from occupation,low,INCOME,"$100,000 or more","Less than $30,000",False,0.1649476376470692,2,2
GAP21Q21_a_W82,socioeco,inferred,,Inferred from occupation,high,INCOME,"Less than $30,000","$100,000 or more",False,0.7308392911474755,2,2
GAP21Q21_a_W82,socioeco,inferred,,Inferred from occupation,high,INCOME,"$100,000 or more","$100,000 or more",True,0.36607070757089966,2,2
GAP21Q21_e_W82,socioeco,inferred,,Inferred from occupation,low,INCOME,"Less than $30,000","Less than $30,000",True,0.7288867180470153,2,2
GAP21Q21_e_W82,socioeco,inferred,,Inferred from occupation,low,INCOME,"$100,000 or more","Less than $30,000",False,0.5211412680470153,2,2
GAP21Q21_e_W82,socioeco,inferred,,Inferred from occupation,high,INCOME,"Less than $30,000","$100,000 or more",False,0.7236257579827616,2,2
GAP21Q21_e_W82,socioeco,inferred,,Inferred from occupation,high,INCOME,"$100,000 or more","$100,000 or more",True,0.5158803079827616,2,2
GAP21Q23_W82,socioeco,inferred,,Inferred from occupation,low,INCOME,"Less than $30,000","Less than $30,000",True,0.7226101140000464,2,2
GAP21Q23_W82,socioeco,inferred,,Inferred from occupation,low,INCOME,"$100,000 or more","Less than $30,000",False,0.9999223940000465,2,2
GAP21Q23_W82,socioeco,inferred,,Inferred from occupation,high,INCOME,"Less than $30,000","$100,000 or more",False,0.7226173739999738,2,2
GAP21Q23_W82,socioeco,inferred,,Inferred from occupation,high,INCOME,"$100,000 or more","$100,000 or more",True,0.9999296539999739,2,2
GAP21Q24_W82,socioeco,inferred,,Inferred from occupation,low,INCOME,"Less than $30,000","Less than $30,000",True,0.7864751820700238,2,2
GAP21Q24_W82,socioeco,inferred,,Inferred from occupation,low,INCOME,"$100,000 or more","Less than $30,000",False,0.8989736920700238,2,2
GAP21Q24_W82,socioeco,inferred,,Inferred from occupation,high,INCOME,"Less than $30,000","$100,000 or more",False,0.7885685060043582,2,2
GAP21Q24_W82,socioeco,inferred,,Inferred from occupation,high,INCOME,"$100,000 or more","$100,000 or more",True,0.9010670160043583,2,2
GAP21Q25_W82,socioeco,inferred,,Inferred from occupation,low,INCOME,"Less than $30,000","Less than $30,000",True,0.6104401478962362,2,2
GAP21Q25_W82,socioeco,inferred,,Inferred from occupation,low,INCOME,"$100,000 or more","Less than $30,000",False,0.7378068040008502,2,2
GAP21Q25_W82,socioeco,inferred,,Inferred from occupation,high,INCOME,"Less than $30,000","$100,000 or more",False,0.610440247895682,2,2
GAP21Q25_W82,socioeco,inferred,,Inferred from occupation,high,INCOME,"$100,000 or more","$100,000 or more",True,0.737806904000296,2,2
GAP21Q26_a_W82,socioeco,inferred,,Inferred from occupation,low,INCOME,"Less than $30,000","Less than $30,000",True,0.7727028538130825,2,2
GAP21Q26_a_W82,socioeco,inferred,,Inferred from occupation,low,INCOME,"$100,000 or more","Less than $30,000",False,0.6733240138130825,2,2
GAP21Q26_a_W82,socioeco,inferred,,Inferred from occupation,high,INCOME,"Less than $30,000","$100,000 or more",False,0.7663956658664681,2,2
GAP21Q26_a_W82,socioeco,inferred,,Inferred from occupation,high,INCOME,"$100,000 or more","$100,000 or more",True,0.667016825866468,2,2
GAP21Q26_b_W82,socioeco,inferred,,Inferred from occupation,low,INCOME,"Less than $30,000","Less than $30,000",True,0.6727403332568634,2,2
GAP21Q26_b_W82,socioeco,inferred,,Inferred from occupation,low,INCOME,"$100,000 or more","Less than $30,000",False,0.7013488570098578,2,2
GAP21Q26_b_W82,socioeco,inferred,,Inferred from occupation,high,INCOME,"Less than $30,000","$100,000 or more",False,0.6728415752554598,2,2
GAP21Q26_b_W82,socioeco,inferred,,Inferred from occupation,high,INCOME,"$100,000 or more","$100,000 or more",True,0.7014500990084543,2,2
GAP21Q26_c_W82,socioeco,inferred,,Inferred from occupation,low,INCOME,"Less than $30,000","Less than $30,000",True,0.6470358480074164,2,2
GAP21Q26_c_W82,socioeco,inferred,,Inferred from occupation,low,INCOME,"$100,000 or more","Less than $30,000",False,0.6698381080074164,2,2
GAP21Q26_c_W82,socioeco,inferred,,Inferred from occupation,high,INCOME,"Less than $30,000","$100,000 or more",False,0.6470247580005166,2,2
GAP21Q26_c_W82,socioeco,inferred,,Inferred from occupation,high,INCOME,"$100,000 or more","$100,000 or more",True,0.6698270180005166,2,2
GAP21Q27_W82,socioeco,inferred,,Inferred from occupation,low,INCOME,"Less than $30,000","Less than $30,000",True,0.38370679652627626,2,2
GAP21Q27_W82,socioeco,inferred,,Inferred from occupation,low,INCOME,"$100,000 or more","Less than $30,000",False,0.35148007152627636,2,2
GAP21Q27_W82,socioeco,inferred,,Inferred from occupation,high,INCOME,"Less than $30,000","$100,000 or more",False,0.38913885149545185,2,2
GAP21Q27_W82,socioeco,inferred,,Inferred from occupation,high,INCOME,"$100,000 or more","$100,000 or more",True,0.3569121264954519,2,2
GAP21Q28_W82,socioeco,inferred,,Inferred from occupation,low,INCOME,"Less than $30,000","Less than $30,000",True,0.6844691488880021,2,2
GAP21Q28_W82,socioeco,inferred,,Inferred from occupation,low,INCOME,"$100,000 or more","Less than $30,000",False,0.6971298220123745,2,2
GAP21Q28_W82,socioeco,inferred,,Inferred from occupation,high,INCOME,"Less than $30,000","$100,000 or more",False,0.6716406747164068,2,2
GAP21Q28_W82,socioeco,inferred,,Inferred from occupation,high,INCOME,"$100,000 or more","$100,000 or more",True,0.6843013478407791,2,2
GAP21Q31_W82,socioeco,inferred,,Inferred from occupation,low,INCOME,"Less than $30,000","Less than $30,000",True,0.6403900357353179,2,2
GAP21Q31_W82,socioeco,inferred,,Inferred from occupation,low,INCOME,"$100,000 or more","Less than $30,000",False,0.5174783957353182,2,2
GAP21Q31_W82,socioeco,inferred,,Inferred from occupation,high,INCOME,"Less than $30,000","$100,000 or more",False,0.6955766299521681,2,2
GAP21Q31_W82,socioeco,inferred,,Inferred from occupation,high,INCOME,"$100,000 or more","$100,000 or more",True,0.5726649899521682,2,2
GAP21Q32_W82,socioeco,inferred,,Inferred from occupation,low,INCOME,"Less than $30,000","Less than $30,000",True,0.7399443840001735,2,2
GAP21Q32_W82,socioeco,inferred,,Inferred from occupation,low,INCOME,"$100,000 or more","Less than $30,000",False,0.7513869640001736,2,2
GAP21Q32_W82,socioeco,inferred,,Inferred from occupation,high,INCOME,"Less than $30,000","$100,000 or more",False,0.7398950579989793,2,2
GAP21Q32_W82,socioeco,inferred,,Inferred from occupation,high,INCOME,"$100,000 or more","$100,000 or more",True,0.7513376379989793,2,2
GAP21Q33_c_W82,socioeco,inferred,,Inferred from occupation,low,INCOME,"Less than $30,000","Less than $30,000",True,0.5117072028845457,2,2
GAP21Q33_c_W82,socioeco,inferred,,Inferred from occupation,low,INCOME,"$100,000 or more","Less than $30,000",False,0.49160728800277353,2,2
GAP21Q33_c_W82,socioeco,inferred,,Inferred from occupation,high,INCOME,"Less than $30,000","$100,000 or more",False,0.5116632268836867,2,2
GAP21Q33_c_W82,socioeco,inferred,,Inferred from occupation,high,INCOME,"$100,000 or more","$100,000 or more",True,0.4915633120019145,2,2
GAP21Q33_g_W82,socioeco,inferred,,Inferred from occupation,low,INCOME,"Less than $30,000","Less than $30,000",True,0.6007085860090415,2,2
GAP21Q33_g_W82,socioeco,inferred,,Inferred from occupation,low,INCOME,"$100,000 or more","Less than $30,000",False,0.5258151660090415,2,2
GAP21Q33_g_W82,socioeco,inferred,,Inferred from occupation,high,INCOME,"Less than $30,000","$100,000 or more",False,0.5967826379719237,2,2
GAP21Q33_g_W82,socioeco,inferred,,Inferred from occupation,high,INCOME,"$100,000 or more","$100,000 or more",True,0.5218892179719236,2,2
GAP21Q33_i_W82,socioeco,inferred,,Inferred from occupation,low,INCOME,"Less than $30,000","Less than $30,000",True,0.5749253030834953,2,2
GAP21Q33_i_W82,socioeco,inferred,,Inferred from occupation,low,INCOME,"$100,000 or more","Less than $30,000",False,0.4977219560000001,2,2
GAP21Q33_i_W82,socioeco,inferred,,Inferred from occupation,high,INCOME,"Less than $30,000","$100,000 or more",False,0.4104860710834952,2,2
GAP21Q33_i_W82,socioeco,inferred,,Inferred from occupation,high,INCOME,"$100,000 or more","$100,000 or more",True,0.33328272400000003,2,2
GAP21Q33_j_W82,socioeco,inferred,,Inferred from occupation,low,INCOME,"Less than $30,000","Less than $30,000",True,0.7598240939716177,2,2
GAP21Q33_j_W82,socioeco,inferred,,Inferred from occupation,low,INCOME,"$100,000 or more","Less than $30,000",False,0.7070957739716176,2,2
GAP21Q33_j_W82,socioeco,inferred,,Inferred from occupation,high,INCOME,"Less than $30,000","$100,000 or more",False,0.7603027339914528,2,2
GAP21Q33_j_W82,socioeco,inferred,,Inferred from occupation,high,INCOME,"$100,000 or more","$100,000 or more",True,0.7075744139914527,2,2
GAP21Q33_m_W82,socioeco,inferred,,Inferred from occupation,low,INCOME,"Less than $30,000","Less than $30,000",True,0.3490292676445351,2,2
GAP21Q33_m_W82,socioeco,inferred,,Inferred from occupation,low,INCOME,"$100,000 or more","Less than $30,000",False,0.30704113449333614,2,2
GAP21Q33_m_W82,socioeco,inferred,,Inferred from occupation,high,INCOME,"Less than $30,000","$100,000 or more",False,0.34990223984147295,2,2
GAP21Q33_m_W82,socioeco,inferred,,Inferred from occupation,high,INCOME,"$100,000 or more","$100,000 or more",True,0.30791410669027397,2,2
GAP21Q33_n_W82,socioeco,inferred,,Inferred from occupation,low,INCOME,"Less than $30,000","Less than $30,000",True,0.44325312156347974,2,2
GAP21Q33_n_W82,socioeco,inferred,,Inferred from occupation,low,INCOME,"$100,000 or more","Less than $30,000",False,0.4866611759982271,2,2
GAP21Q33_n_W82,socioeco,inferred,,Inferred from occupation,high,INCOME,"Less than $30,000","$100,000 or more",False,0.439599325557502,2,2
GAP21Q33_n_W82,socioeco,inferred,,Inferred from occupation,high,INCOME,"$100,000 or more","$100,000 or more",True,0.48300737999224935,2,2
GAP21Q33_q_W82,socioeco,inferred,,Inferred from occupation,low,INCOME,"Less than $30,000","Less than $30,000",True,0.5434315640001506,2,2
GAP21Q33_q_W82,socioeco,inferred,,Inferred from occupation,low,INCOME,"$100,000 or more","Less than $30,000",False,0.4263907640001507,2,2
GAP21Q33_q_W82,socioeco,inferred,,Inferred from occupation,high,INCOME,"Less than $30,000","$100,000 or more",False,0.5434293159999871,2,2
GAP21Q33_q_W82,socioeco,inferred,,Inferred from occupation,high,INCOME,"$100,000 or more","$100,000 or more",True,0.4263885159999872,2,2
GAP21Q33_r_W82,socioeco,inferred,,Inferred from occupation,low,INCOME,"Less than $30,000","Less than $30,000",True,0.40643957036916656,2,2
GAP21Q33_r_W82,socioeco,inferred,,Inferred from occupation,low,INCOME,"$100,000 or more","Less than $30,000",False,0.32408692620538115,2,2
GAP21Q33_r_W82,socioeco,inferred,,Inferred from occupation,high,INCOME,"Less than $30,000","$100,000 or more",False,0.454970631912479,2,2
GAP21Q33_r_W82,socioeco,inferred,,Inferred from occupation,high,INCOME,"$100,000 or more","$100,000 or more",True,0.3726179877486936,2,2
GAP21Q33_s_W82,socioeco,inferred,,Inferred from occupation,low,INCOME,"Less than $30,000","Less than $30,000",True,0.5640153036221591,2,2
GAP21Q33_s_W82,socioeco,inferred,,Inferred from occupation,low,INCOME,"$100,000 or more","Less than $30,000",False,0.1750157336221592,2,2
GAP21Q33_s_W82,socioeco,inferred,,Inferred from occupation,high,INCOME,"Less than $30,000","$100,000 or more",False,0.24817148338740658,2,2
GAP21Q33_s_W82,socioeco,inferred,,Inferred from occupation,high,INCOME,"$100,000 or more","$100,000 or more",True,0.43506625338740657,2,2
GAP21Q34_a_W82,socioeco,inferred,,Inferred from occupation,low,INCOME,"Less than $30,000","Less than $30,000",True,0.8371863423716652,2,2
GAP21Q34_a_W82,socioeco,inferred,,Inferred from occupation,low,INCOME,"$100,000 or more","Less than $30,000",False,0.882010503999712,2,2
GAP21Q34_a_W82,socioeco,inferred,,Inferred from occupation,high,INCOME,"Less than $30,000","$100,000 or more",False,0.8371811783723215,2,2
GAP21Q34_a_W82,socioeco,inferred,,Inferred from occupation,high,INCOME,"$100,000 or more","$100,000 or more",True,0.8820053400003683,2,2
GAP21Q34_b_W82,socioeco,inferred,,Inferred from occupation,low,INCOME,"Less than $30,000","Less than $30,000",True,0.857924787998596,2,2
GAP21Q34_b_W82,socioeco,inferred,,Inferred from occupation,low,INCOME,"$100,000 or more","Less than $30,000",False,0.8258607579985959,2,2
GAP21Q34_b_W82,socioeco,inferred,,Inferred from occupation,high,INCOME,"Less than $30,000","$100,000 or more",False,0.8574963459941568,2,2
GAP21Q34_b_W82,socioeco,inferred,,Inferred from occupation,high,INCOME,"$100,000 or more","$100,000 or more",True,0.8254323159941567,2,2
GAP21Q34_c_W82,socioeco,inferred,,Inferred from occupation,low,INCOME,"Less than $30,000","Less than $30,000",True,0.8796566580541425,2,2
GAP21Q34_c_W82,socioeco,inferred,,Inferred from occupation,low,INCOME,"$100,000 or more","Less than $30,000",False,0.9098316180541425,2,2
GAP21Q34_c_W82,socioeco,inferred,,Inferred from occupation,high,INCOME,"Less than $30,000","$100,000 or more",False,0.878530064016538,2,2
GAP21Q34_c_W82,socioeco,inferred,,Inferred from occupation,high,INCOME,"$100,000 or more","$100,000 or more",True,0.908705024016538,2,2
GAP21Q34_d_W82,socioeco,inferred,,Inferred from occupation,low,INCOME,"Less than $30,000","Less than $30,000",True,0.866730722,2,2
GAP21Q34_d_W82,socioeco,inferred,,Inferred from occupation,low,INCOME,"$100,000 or more","Less than $30,000",False,0.8238826920000001,2,2
GAP21Q34_d_W82,socioeco,inferred,,Inferred from occupation,high,INCOME,"Less than $30,000","$100,000 or more",False,0.8666996099971944,2,2
GAP21Q34_d_W82,socioeco,inferred,,Inferred from occupation,high,INCOME,"$100,000 or more","$100,000 or more",True,0.8238515799971945,2,2
GAP21Q34_e_W82,socioeco,inferred,,Inferred from occupation,low,INCOME,"Less than $30,000","Less than $30,000",True,0.8329580484756919,2,2
GAP21Q34_e_W82,socioeco,inferred,,Inferred from occupation,low,INCOME,"$100,000 or more","Less than $30,000",False,0.8725938101156715,2,2
GAP21Q34_e_W82,socioeco,inferred,,Inferred from occupation,high,INCOME,"Less than $30,000","$100,000 or more",False,0.8332610864477308,2,2
GAP21Q34_e_W82,socioeco,inferred,,Inferred from occupation,high,INCOME,"$100,000 or more","$100,000 or more",True,0.8728968480877103,2,2
GAP21Q34_f_W82,socioeco,inferred,,Inferred from occupation,low,INCOME,"Less than $30,000","Less than $30,000",True,0.8534056354658717,2,2
GAP21Q34_f_W82,socioeco,inferred,,Inferred from occupation,low,INCOME,"$100,000 or more","Less than $30,000",False,0.9153194040000001,2,2
GAP21Q34_f_W82,socioeco,inferred,,Inferred from occupation,high,INCOME,"Less than $30,000","$100,000 or more",False,0.8533802774657412,2,2
GAP21Q34_f_W82,socioeco,inferred,,Inferred from occupation,high,INCOME,"$100,000 or more","$100,000 or more",True,0.9152940459998696,2,2
GAP21Q38_a_W82,socioeco,inferred,,Inferred from occupation,low,INCOME,"Less than $30,000","Less than $30,000",True,0.6288833756339353,2,2
GAP21Q38_a_W82,socioeco,inferred,,Inferred from occupation,low,INCOME,"$100,000 or more","Less than $30,000",False,0.6237452656339353,2,2
GAP21Q38_a_W82,socioeco,inferred,,Inferred from occupation,high,INCOME,"Less than $30,000","$100,000 or more",False,0.6272773119478179,2,2
GAP21Q38_a_W82,socioeco,inferred,,Inferred from occupation,high,INCOME,"$100,000 or more","$100,000 or more",True,0.6221392019478179,2,2
GAP21Q38_b_W82,socioeco,inferred,,Inferred from occupation,low,INCOME,"Less than $30,000","Less than $30,000",True,0.73687888201217,2,2
GAP21Q38_b_W82,socioeco,inferred,,Inferred from occupation,low,INCOME,"$100,000 or more","Less than $30,000",False,0.7841611175320906,2,2
GAP21Q38_b_W82,socioeco,inferred,,Inferred from occupation,high,INCOME,"Less than $30,000","$100,000 or more",False,0.7521015204688491,2,2
GAP21Q38_b_W82,socioeco,inferred,,Inferred from occupation,high,INCOME,"$100,000 or more","$100,000 or more",True,0.7993837559887698,2,2
GAP21Q38_c_W82,socioeco,inferred,,Inferred from occupation,low,INCOME,"Less than $30,000","Less than $30,000",True,0.7545480960076645,2,2
GAP21Q38_c_W82,socioeco,inferred,,Inferred from occupation,low,INCOME,"$100,000 or more","Less than $30,000",False,0.8835805460076646,2,2
GAP21Q38_c_W82,socioeco,inferred,,Inferred from occupation,high,INCOME,"Less than $30,000","$100,000 or more",False,0.7547644560037696,2,2
GAP21Q38_c_W82,socioeco,inferred,,Inferred from occupation,high,INCOME,"$100,000 or more","$100,000 or more",True,0.8837969060037697,2,2
GAP21Q41_W82,socioeco,inferred,,Inferred from occupation,low,INCOME,"Less than $30,000","Less than $30,000",True,0.5955532739929716,2,2
GAP21Q41_W82,socioeco,inferred,,Inferred from occupation,low,INCOME,"$100,000 or more","Less than $30,000",False,0.3932318239929976,2,2
GAP21Q41_W82,socioeco,inferred,,Inferred from occupation,high,INCOME,"Less than $30,000","$100,000 or more",False,0.596116838007294,2,2
GAP21Q41_W82,socioeco,inferred,,Inferred from occupation,high,INCOME,"$100,000 or more","$100,000 or more",True,0.39379432800725495,2,2
GAP21Q43_g_W82,socioeco,inferred,,Inferred from occupation,low,INCOME,"Less than $30,000","Less than $30,000",True,0.7034707940228683,2,2
GAP21Q43_g_W82,socioeco,inferred,,Inferred from occupation,low,INCOME,"$100,000 or more","Less than $30,000",False,0.7079435914977306,2,2
GAP21Q43_g_W82,socioeco,inferred,,Inferred from occupation,high,INCOME,"Less than $30,000","$100,000 or more",False,0.60529842427543,2,2
GAP21Q43_g_W82,socioeco,inferred,,Inferred from occupation,high,INCOME,"$100,000 or more","$100,000 or more",True,0.6097712217502923,2,2
GAP21Q47_W82,socioeco,inferred,,Inferred from occupation,low,INCOME,"Less than $30,000","Less than $30,000",True,1.4210263429840033,2,2
GAP21Q47_W82,socioeco,inferred,,Inferred from occupation,low,INCOME,"$100,000 or more","Less than $30,000",False,1.3093128529840035,2,2
GAP21Q47_W82,socioeco,inferred,,Inferred from occupation,high,INCOME,"Less than $30,000","$100,000 or more",False,1.6289384944570648,2,2
GAP21Q47_W82,socioeco,inferred,,Inferred from occupation,high,INCOME,"$100,000 or more","$100,000 or more",True,1.5172250044570648,2,2
GAP21Q4_a_W82,socioeco,inferred,,Inferred from occupation,low,INCOME,"Less than $30,000","Less than $30,000",True,0.539741277110312,2,2
GAP21Q4_a_W82,socioeco,inferred,,Inferred from occupation,low,INCOME,"$100,000 or more","Less than $30,000",False,0.5137284856423372,2,2
GAP21Q4_a_W82,socioeco,inferred,,Inferred from occupation,high,INCOME,"Less than $30,000","$100,000 or more",False,0.5264203752642038,2,2
GAP21Q4_a_W82,socioeco,inferred,,Inferred from occupation,high,INCOME,"$100,000 or more","$100,000 or more",True,0.5266467993901777,2,2
GAP21Q4_b_W82,socioeco,inferred,,Inferred from occupation,low,INCOME,"Less than $30,000","Less than $30,000",True,0.3866766744774903,2,2
GAP21Q4_b_W82,socioeco,inferred,,Inferred from occupation,low,INCOME,"$100,000 or more","Less than $30,000",False,0.5978357344774903,2,2
GAP21Q4_b_W82,socioeco,inferred,,Inferred from occupation,high,INCOME,"Less than $30,000","$100,000 or more",False,0.44620734856960065,2,2
GAP21Q4_b_W82,socioeco,inferred,,Inferred from occupation,high,INCOME,"$100,000 or more","$100,000 or more",True,0.6573664085696007,2,2
GAP21Q4_c_W82,socioeco,inferred,,Inferred from occupation,low,INCOME,"Less than $30,000","Less than $30,000",True,0.5498517315227482,2,2
GAP21Q4_c_W82,socioeco,inferred,,Inferred from occupation,low,INCOME,"$100,000 or more","Less than $30,000",False,0.4373863860000001,2,2
GAP21Q4_c_W82,socioeco,inferred,,Inferred from occupation,high,INCOME,"Less than $30,000","$100,000 or more",False,0.5510536494787863,2,2
GAP21Q4_c_W82,socioeco,inferred,,Inferred from occupation,high,INCOME,"$100,000 or more","$100,000 or more",True,0.4385883039560383,2,2
GAP21Q4_d_W82,socioeco,inferred,,Inferred from occupation,low,INCOME,"Less than $30,000","Less than $30,000",True,0.5322221913556116,2,2
GAP21Q4_d_W82,socioeco,inferred,,Inferred from occupation,low,INCOME,"$100,000 or more","Less than $30,000",False,0.43442697518614404,2,2
GAP21Q4_d_W82,socioeco,inferred,,Inferred from occupation,high,INCOME,"Less than $30,000","$100,000 or more",False,0.6151153721181888,2,2
GAP21Q4_d_W82,socioeco,inferred,,Inferred from occupation,high,INCOME,"$100,000 or more","$100,000 or more",True,0.5173201559487213,2,2
GAP21Q4_e_W82,socioeco,inferred,,Inferred from occupation,low,INCOME,"Less than $30,000","Less than $30,000",True,0.26951488698823556,2,2
GAP21Q4_e_W82,socioeco,inferred,,Inferred from occupation,low,INCOME,"$100,000 or more","Less than $30,000",False,0.39577780553752784,2,2
GAP21Q4_e_W82,socioeco,inferred,,Inferred from occupation,high,INCOME,"Less than $30,000","$100,000 or more",False,0.5691683203083164,2,2
GAP21Q4_e_W82,socioeco,inferred,,Inferred from occupation,high,INCOME,"$100,000 or more","$100,000 or more",True,0.4474335277756707,2,2
GAP21Q4_f_W82,socioeco,inferred,,Inferred from occupation,low,INCOME,"Less than $30,000","Less than $30,000",True,0.5757508288544867,2,2
GAP21Q4_f_W82,socioeco,inferred,,Inferred from occupation,low,INCOME,"$100,000 or more","Less than $30,000",False,0.4682399944914811,2,2
GAP21Q4_f_W82,socioeco,inferred,,Inferred from occupation,high,INCOME,"Less than $30,000","$100,000 or more",False,0.6134498552707295,2,2
GAP21Q4_f_W82,socioeco,inferred,,Inferred from occupation,high,INCOME,"$100,000 or more","$100,000 or more",True,0.505939020907724,2,2
GAP21Q7_a_W82,socioeco,inferred,,Inferred from occupation,low,INCOME,"Less than $30,000","Less than $30,000",True,0.8201146539989155,2,2
GAP21Q7_a_W82,socioeco,inferred,,Inferred from occupation,low,INCOME,"$100,000 or more","Less than $30,000",False,0.7045450310497889,2,2
GAP21Q7_a_W82,socioeco,inferred,,Inferred from occupation,high,INCOME,"Less than $30,000","$100,000 or more",False,0.8202210880034873,2,2
GAP21Q7_a_W82,socioeco,inferred,,Inferred from occupation,high,INCOME,"$100,000 or more","$100,000 or more",True,0.7046514650543607,2,2
GAP21Q7_b_W82,socioeco,inferred,,Inferred from occupation,low,INCOME,"Less than $30,000","Less than $30,000",True,0.6481281697746912,2,2
GAP21Q7_b_W82,socioeco,inferred,,Inferred from occupation,low,INCOME,"$100,000 or more","Less than $30,000",False,0.7241798012574828,2,2
GAP21Q7_b_W82,socioeco,inferred,,Inferred from occupation,high,INCOME,"Less than $30,000","$100,000 or more",False,0.5703645007070481,2,2
GAP21Q7_b_W82,socioeco,inferred,,Inferred from occupation,high,INCOME,"$100,000 or more","$100,000 or more",True,0.6464161321898396,2,2
GAP21Q7_d_W82,socioeco,inferred,,Inferred from occupation,low,INCOME,"Less than $30,000","Less than $30,000",True,0.6015315312625946,2,2
GAP21Q7_d_W82,socioeco,inferred,,Inferred from occupation,low,INCOME,"$100,000 or more","Less than $30,000",False,0.5415777812625947,2,2
GAP21Q7_d_W82,socioeco,inferred,,Inferred from occupation,high,INCOME,"Less than $30,000","$100,000 or more",False,0.46995136322287473,2,2
GAP21Q7_d_W82,socioeco,inferred,,Inferred from occupation,high,INCOME,"$100,000 or more","$100,000 or more",True,0.40999761322287476,2,2
BILLION_W92,socioeco,inferred,,Inferred from occupation,low,INCOME,"Less than $30,000","Less than $30,000",True,0.22511340999997886,2,2
BILLION_W92,socioeco,inferred,,Inferred from occupation,low,INCOME,"$100,000 or more","Less than $30,000",False,0.23397729233985762,2,2
BILLION_W92,socioeco,inferred,,Inferred from occupation,high,INCOME,"Less than $30,000","$100,000 or more",False,0.225121969,2,2
BILLION_W92,socioeco,inferred,,Inferred from occupation,high,INCOME,"$100,000 or more","$100,000 or more",True,0.23398585133987876,2,2
CANDEXP_W92,socioeco,inferred,,Inferred from occupation,low,INCOME,"Less than $30,000","Less than $30,000",True,0.6511588379893577,2,2
CANDEXP_W92,socioeco,inferred,,Inferred from occupation,low,INCOME,"$100,000 or more","Less than $30,000",False,0.7637850656360771,2,2
CANDEXP_W92,socioeco,inferred,,Inferred from occupation,high,INCOME,"Less than $30,000","$100,000 or more",False,0.6519333519948316,2,2
CANDEXP_W92,socioeco,inferred,,Inferred from occupation,high,INCOME,"$100,000 or more","$100,000 or more",True,0.7645595796415509,2,2
ELECT_CONF3_PRVFR_W92,socioeco,inferred,,Inferred from occupation,low,INCOME,"Less than $30,000","Less than $30,000",True,0.7403878472191844,2,2
ELECT_CONF3_PRVFR_W92,socioeco,inferred,,Inferred from occupation,low,INCOME,"$100,000 or more","Less than $30,000",False,0.7645763935448693,2,2
ELECT_CONF3_PRVFR_W92,socioeco,inferred,,Inferred from occupation,high,INCOME,"Less than $30,000","$100,000 or more",False,0.7602504841698612,2,2
ELECT_CONF3_PRVFR_W92,socioeco,inferred,,Inferred from occupation,high,INCOME,"$100,000 or more","$100,000 or more",True,0.7694224141698611,2,2
ELECT_CONF3_PRVSUP_W92,socioeco,inferred,,Inferred from occupation,low,INCOME,"Less than $30,000","Less than $30,000",True,0.6747776694037966,2,2
ELECT_CONF3_PRVSUP_W92,socioeco,inferred,,Inferred from occupation,low,INCOME,"$100,000 or more","Less than $30,000",False,0.6731908463486348,2,2
ELECT_CONF3_PRVSUP_W92,socioeco,inferred,,Inferred from occupation,high,INCOME,"Less than $30,000","$100,000 or more",False,0.6903443599541899,2,2
ELECT_CONF3_PRVSUP_W92,socioeco,inferred,,Inferred from occupation,high,INCOME,"$100,000 or more","$100,000 or more",True,0.6887575368990281,2,2
ELECT_IMPT3_PRVFR_W92,socioeco,inferred,,Inferred from occupation,low,INCOME,"Less than $30,000","Less than $30,000",True,0.7742271657267312,2,2
ELECT_IMPT3_PRVFR_W92,socioeco,inferred,,Inferred from occupation,low,INCOME,"$100,000 or more","Less than $30,000",False,0.5608562479715095,2,2
ELECT_IMPT3_PRVFR_W92,socioeco,inferred,,Inferred from occupation,high,INCOME,"Less than $30,000","$100,000 or more",False,0.7750779517445601,2,2
ELECT_IMPT3_PRVFR_W92,socioeco,inferred,,Inferred from occupation,high,INCOME,"$100,000 or more","$100,000 or more",True,0.5617070339893383,2,2
FREECOLL_W92,socioeco,inferred,,Inferred from occupation,low,INCOME,"Less than $30,000","Less than $30,000",True,0.7617509999397811,2,2
FREECOLL_W92,socioeco,inferred,,Inferred from occupation,low,INCOME,"$100,000 or more","Less than $30,000",False,0.9895047901359239,2,2
FREECOLL_W92,socioeco,inferred,,Inferred from occupation,high,INCOME,"Less than $30,000","$100,000 or more",False,0.6411604455070004,2,2
FREECOLL_W92,socioeco,inferred,,Inferred from occupation,high,INCOME,"$100,000 or more","$100,000 or more",True,0.8689142357031432,2,2
GODMORALIMP_W92,socioeco,inferred,,Inferred from occupation,low,INCOME,"Less than $30,000","Less than $30,000",True,0.9058947740000313,2,2
GODMORALIMP_W92,socioeco,inferred,,Inferred from occupation,low,INCOME,"$100,000 or more","Less than $30,000",False,1.0527956340000313,2,2
GODMORALIMP_W92,socioeco,inferred,,Inferred from occupation,high,INCOME,"Less than $30,000","$100,000 or more",False,0.9058962639999253,2,2
GODMORALIMP_W92,socioeco,inferred,,Inferred from occupation,high,INCOME,"$100,000 or more","$100,000 or more",True,1.0527971239999254,2,2
LEGALIMMIGAMT_W92,socioeco,inferred,,Inferred from occupation,low,INCOME,"Less than $30,000","Less than $30,000",True,0.7684256661861117,2,2
LEGALIMMIGAMT_W92,socioeco,inferred,,Inferred from occupation,low,INCOME,"$100,000 or more","Less than $30,000",False,0.7153913244548585,2,2
LEGALIMMIGAMT_W92,socioeco,inferred,,Inferred from occupation,high,INCOME,"Less than $30,000","$100,000 or more",False,0.8089764721250137,2,2
LEGALIMMIGAMT_W92,socioeco,inferred,,Inferred from occupation,high,INCOME,"$100,000 or more","$100,000 or more",True,0.7559421303937605,2,2
POLINTOL2_a_W92,socioeco,inferred,,Inferred from occupation,low,INCOME,"Less than $30,000","Less than $30,000",True,0.652621190306258,2,2
POLINTOL2_a_W92,socioeco,inferred,,Inferred from occupation,low,INCOME,"$100,000 or more","Less than $30,000",False,0.7757201726802759,2,2
POLINTOL2_a_W92,socioeco,inferred,,Inferred from occupation,high,INCOME,"Less than $30,000","$100,000 or more",False,0.6895697757720389,2,2
POLINTOL2_a_W92,socioeco,inferred,,Inferred from occupation,high,INCOME,"$100,000 or more","$100,000 or more",True,0.8126687581460569,2,2
PROG_RNEED_W92,socioeco,inferred,,Inferred from occupation,low,INCOME,"Less than $30,000","Less than $30,000",True,0.5440494040000033,2,2
PROG_RNEED_W92,socioeco,inferred,,Inferred from occupation,low,INCOME,"$100,000 or more","Less than $30,000",False,0.6848602340000034,2,2
PROG_RNEED_W92,socioeco,inferred,,Inferred from occupation,high,INCOME,"Less than $30,000","$100,000 or more",False,0.5440495920000029,2,2
PROG_RNEED_W92,socioeco,inferred,,Inferred from occupation,high,INCOME,"$100,000 or more","$100,000 or more",True,0.684860422000003,2,2
RACESURV52MOD_W92,socioeco,inferred,,Inferred from occupation,low,INCOME,"Less than $30,000","Less than $30,000",True,0.9308058672573413,2,2
RACESURV52MOD_W92,socioeco,inferred,,Inferred from occupation,low,INCOME,"$100,000 or more","Less than $30,000",False,0.7910683258599659,2,2
RACESURV52MOD_W92,socioeco,inferred,,Inferred from occupation,high,INCOME,"Less than $30,000","$100,000 or more",False,0.9259791673442854,2,2
RACESURV52MOD_W92,socioeco,inferred,,Inferred from occupation,high,INCOME,"$100,000 or more","$100,000 or more",True,0.78624162594691,2,2
REPRSNTDEM_W92,socioeco,inferred,,Inferred from occupation,low,INCOME,"Less than $30,000","Less than $30,000",True,0.5123402489811513,2,2
REPRSNTDEM_W92,socioeco,inferred,,Inferred from occupation,low,INCOME,"$100,000 or more","Less than $30,000",False,0.46655818778920766,2,2
REPRSNTDEM_W92,socioeco,inferred,,Inferred from occupation,high,INCOME,"Less than $30,000","$100,000 or more",False,0.5640280620489825,2,2
REPRSNTDEM_W92,socioeco,inferred,,Inferred from occupation,high,INCOME,"$100,000 or more","$100,000 or more",True,0.6495947305776842,2,2
REPRSNTREP_W92,socioeco,inferred,,Inferred from occupation,low,INCOME,"Less than $30,000","Less than $30,000",True,0.7925373739949548,2,2
REPRSNTREP_W92,socioeco,inferred,,Inferred from occupation,low,INCOME,"$100,000 or more","Less than $30,000",False,0.8174334239949547,2,2
REPRSNTREP_W92,socioeco,inferred,,Inferred from occupation,high,INCOME,"Less than $30,000","$100,000 or more",False,0.7808482641180925,2,2
REPRSNTREP_W92,socioeco,inferred,,Inferred from occupation,high,INCOME,"$100,000 or more","$100,000 or more",True,0.8057443141180924,2,2
SOCIETY_GUNS_W92,socioeco,inferred,,Inferred from occupation,low,INCOME,"Less than $30,000","Less than $30,000",True,0.9883646229960176,2,2
SOCIETY_GUNS_W92,socioeco,inferred,,Inferred from occupation,low,INCOME,"$100,000 or more","Less than $30,000",False,0.9258556329960175,2,2
SOCIETY_GUNS_W92,socioeco,inferred,,Inferred from occupation,high,INCOME,"Less than $30,000","$100,000 or more",False,1.384619447553373,2,2
SOCIETY_GUNS_W92,socioeco,inferred,,Inferred from occupation,high,INCOME,"$100,000 or more","$100,000 or more",True,1.322110457553373,2,2
SOCIETY_RELG_W92,socioeco,inferred,,Inferred from occupation,low,INCOME,"Less than $30,000","Less than $30,000",True,0.8719404340001761,2,2
SOCIETY_RELG_W92,socioeco,inferred,,Inferred from occupation,low,INCOME,"$100,000 or more","Less than $30,000",False,1.036904064000176,2,2
SOCIETY_RELG_W92,socioeco,inferred,,Inferred from occupation,high,INCOME,"Less than $30,000","$100,000 or more",False,0.8719288619992621,2,2
SOCIETY_RELG_W92,socioeco,inferred,,Inferred from occupation,high,INCOME,"$100,000 or more","$100,000 or more",True,1.0368924919992621,2,2
SOCIETY_RHIST_W92,socioeco,inferred,,Inferred from occupation,low,INCOME,"Less than $30,000","Less than $30,000",True,0.9736706248685646,2,2
SOCIETY_RHIST_W92,socioeco,inferred,,Inferred from occupation,low,INCOME,"$100,000 or more","Less than $30,000",False,0.9364745248685649,2,2
SOCIETY_RHIST_W92,socioeco,inferred,,Inferred from occupation,high,INCOME,"Less than $30,000","$100,000 or more",False,1.123176104,2,2
SOCIETY_RHIST_W92,socioeco,inferred,,Inferred from occupation,high,INCOME,"$100,000 or more","$100,000 or more",True,1.085980004,2,2
SOCIETY_SSM_W92,socioeco,inferred,,Inferred from occupation,low,INCOME,"Less than $30,000","Less than $30,000",True,1.3277436076151332,2,2
SOCIETY_SSM_W92,socioeco,inferred,,Inferred from occupation,low,INCOME,"$100,000 or more","Less than $30,000",False,0.9260315676151333,2,2
SOCIETY_SSM_W92,socioeco,inferred,,Inferred from occupation,high,INCOME,"Less than $30,000","$100,000 or more",False,1.7551855576466984,2,2
SOCIETY_SSM_W92,socioeco,inferred,,Inferred from occupation,high,INCOME,"$100,000 or more","$100,000 or more",True,1.3534735176466985,2,2
SOCIETY_TRANS_W92,socioeco,inferred,,Inferred from occupation,low,INCOME,"Less than $30,000","Less than $30,000",True,1.825683964793753,2,2
SOCIETY_TRANS_W92,socioeco,inferred,,Inferred from occupation,low,INCOME,"$100,000 or more","Less than $30,000",False,1.569982394793753,2,2
SOCIETY_TRANS_W92,socioeco,inferred,,Inferred from occupation,high,INCOME,"Less than $30,000","$100,000 or more",False,1.9314361484164317,2,2
SOCIETY_TRANS_W92,socioeco,inferred,,Inferred from occupation,high,INCOME,"$100,000 or more","$100,000 or more",True,1.675734578416432,2,2
SOCIETY_WHT_W92,socioeco,inferred,,Inferred from occupation,low,INCOME,"Less than $30,000","Less than $30,000",True,0.6458739520000277,2,2
SOCIETY_WHT_W92,socioeco,inferred,,Inferred from occupation,low,INCOME,"$100,000 or more","Less than $30,000",False,0.43491946765076395,2,2
SOCIETY_WHT_W92,socioeco,inferred,,Inferred from occupation,high,INCOME,"Less than $30,000","$100,000 or more",False,0.6458730819998129,2,2
SOCIETY_WHT_W92,socioeco,inferred,,Inferred from occupation,high,INCOME,"$100,000 or more","$100,000 or more",True,0.434918597650549,2,2
UNIMMIGCOMM_W92,socioeco,inferred,,Inferred from occupation,low,INCOME,"Less than $30,000","Less than $30,000",True,0.8028445679690996,2,2
UNIMMIGCOMM_W92,socioeco,inferred,,Inferred from occupation,low,INCOME,"$100,000 or more","Less than $30,000",False,0.7980109259749593,2,2
UNIMMIGCOMM_W92,socioeco,inferred,,Inferred from occupation,high,INCOME,"Less than $30,000","$100,000 or more",False,0.8035008020422135,2,2
UNIMMIGCOMM_W92,socioeco,inferred,,Inferred from occupation,high,INCOME,"$100,000 or more","$100,000 or more",True,0.7986671600480731,2,2
USEXCEPT_W92,socioeco,inferred,,Inferred from occupation,low,INCOME,"Less than $30,000","Less than $30,000",True,0.5066387359988435,2,2
USEXCEPT_W92,socioeco,inferred,,Inferred from occupation,low,INCOME,"$100,000 or more","Less than $30,000",False,0.45548706599884353,2,2
USEXCEPT_W92,socioeco,inferred,,Inferred from occupation,high,INCOME,"Less than $30,000","$100,000 or more",False,0.5066793760000153,2,2
USEXCEPT_W92,socioeco,inferred,,Inferred from occupation,high,INCOME,"$100,000 or more","$100,000 or more",True,0.45552770600001546,2,2
USMILSIZ_W92,socioeco,inferred,,Inferred from occupation,low,INCOME,"Less than $30,000","Less than $30,000",True,1.3228165764374236,2,2
USMILSIZ_W92,socioeco,inferred,,Inferred from occupation,low,INCOME,"$100,000 or more","Less than $30,000",False,1.053964918539649,2,2
USMILSIZ_W92,socioeco,inferred,,Inferred from occupation,high,INCOME,"Less than $30,000","$100,000 or more",False,0.7445983007451558,2,2
USMILSIZ_W92,socioeco,inferred,,Inferred from occupation,high,INCOME,"$100,000 or more","$100,000 or more",True,0.4757466428473813,2,2
WHADVANT_W92,socioeco,inferred,,Inferred from occupation,low,INCOME,"Less than $30,000","Less than $30,000",True,0.37947259596037614,2,2
WHADVANT_W92,socioeco,inferred,,Inferred from occupation,low,INCOME,"$100,000 or more","Less than $30,000",False,0.5491473792516413,2,2
WHADVANT_W92,socioeco,inferred,,Inferred from occupation,high,INCOME,"Less than $30,000","$100,000 or more",False,0.5903223382765173,2,2
WHADVANT_W92,socioeco,inferred,,Inferred from occupation,high,INCOME,"$100,000 or more","$100,000 or more",True,0.7599971215677822,2,2
