qkey,attribute,group_a,group_b,human_gap,quartile,channel,magnitude,regime,target_human_group,expected_model_class,competitor_model_class,distance_own_profile,distance_competitor_profile,difference
CARRYGUN_W26,socioeco,"Less than $30,000","$100,000 or more",0.2880934599999999,Q4,inferred,,Inferred from occupation,"Less than $30,000",low,high,0.913702871999122,0.9136991880001122,3.683999009851391e-06
GROWUPGUN2A_W26,socioeco,"Less than $30,000","$100,000 or more",0.09769391000000005,Q2,inferred,,Inferred from occupation,"Less than $30,000",low,high,0.06303143542424627,0.1724287817619058,-0.10939734633765952
GROWUPGUN2B_W26,socioeco,"Less than $30,000","$100,000 or more",0.008390769999999992,Q1,inferred,,Inferred from occupation,"Less than $30,000",low,high,0.1561861139585879,0.14227467404990213,0.013911439908685763
GROWUPGUN2C_W26,socioeco,"Less than $30,000","$100,000 or more",0.019583569999999995,Q1,inferred,,Inferred from occupation,"Less than $30,000",low,high,0.07716270448036278,0.2780123473482259,-0.2008496428678631
GROWUPGUN4_W26,socioeco,"Less than $30,000","$100,000 or more",0.012939660000000047,Q1,inferred,,Inferred from occupation,"Less than $30,000",low,high,0.5529148739149442,0.5594126860200657,-0.006497812105121459
GROWUPGUN6_W26,socioeco,"Less than $30,000","$100,000 or more",0.06630533710350016,Q1,inferred,,Inferred from occupation,"Less than $30,000",low,high,0.33848112121699697,0.5005589155711594,-0.16207779435416242
GROWUPGUN7_W26,socioeco,"Less than $30,000","$100,000 or more",0.17496282810305397,Q3,inferred,,Inferred from occupation,"Less than $30,000",low,high,0.4917315777536628,0.5770395257569215,-0.08530794800325875
GROWUPVIOL_W26,socioeco,"Less than $30,000","$100,000 or more",0.34762645000000003,Q4,inferred,,Inferred from occupation,"Less than $30,000",low,high,1.837105704970613,1.713492027829083,0.12361367714152993
GUNACCESS_W26,socioeco,"Less than $30,000","$100,000 or more",0.2689714254613356,Q3,inferred,,Inferred from occupation,"Less than $30,000",low,high,1.4902805409029025,1.490279976902984,5.639999185458322e-07
GUNACTIVITYA_W26,socioeco,"Less than $30,000","$100,000 or more",0.02500299860760772,Q1,inferred,,Inferred from occupation,"Less than $30,000",low,high,0.8318504501078265,0.8831652859740151,-0.05131483586618857
GUNACTIVITYB_W26,socioeco,"Less than $30,000","$100,000 or more",0.238170670976464,Q3,inferred,,Inferred from occupation,"Less than $30,000",low,high,0.7948560954803985,0.8106461580298128,-0.015790062549414285
GUNCONTRIBA_W26,socioeco,"Less than $30,000","$100,000 or more",0.1395215577683978,Q2,inferred,,Inferred from occupation,"Less than $30,000",low,high,0.7498291299614962,0.7545931364540689,-0.004764006492572692
GUNCONTRIBC_W26,socioeco,"Less than $30,000","$100,000 or more",0.251734842193157,Q3,inferred,,Inferred from occupation,"Less than $30,000",low,high,0.5388459272805942,0.6194753764776626,-0.08062944919706838
GUNCONTRIBE_W26,socioeco,"Less than $30,000","$100,000 or more",0.2966307399999998,Q4,inferred,,Inferred from occupation,"Less than $30,000",low,high,1.1099698719901996,1.1096760820147562,0.0002937899754433815
GUNCONTRIBF_W26,socioeco,"Less than $30,000","$100,000 or more",0.06634947534984631,Q1,inferred,,Inferred from occupation,"Less than $30,000",low,high,0.5223845455789913,0.4388024474491135,0.08358209812987777
GUNFRIEND_W26,socioeco,"Less than $30,000","$100,000 or more",0.02805672542223825,Q1,inferred,,Inferred from occupation,"Less than $30,000",low,high,1.869543021293157,1.8703294472903038,-0.0007864259971468446
GUNIDENTITY_W26,socioeco,"Less than $30,000","$100,000 or more",0.14942341000000026,Q3,inferred,,Inferred from occupation,"Less than $30,000",low,high,0.9028850426881696,0.9158185904392122,-0.012933547751042607
GUNLOADED1_W26,socioeco,"Less than $30,000","$100,000 or more",0.06113508000000001,Q1,inferred,,Inferred from occupation,"Less than $30,000",low,high,0.587603842,0.587602186,1.6560000000165331e-06
GUNLOADED2_W26,socioeco,"Less than $30,000","$100,000 or more",0.1400977,Q2,inferred,,Inferred from occupation,"Less than $30,000",low,high,0.4084884780015801,0.4045442520589061,0.003944225942674018
GUNLOCKED1_W26,socioeco,"Less than $30,000","$100,000 or more",0.005873760000000006,Q1,inferred,,Inferred from occupation,"Less than $30,000",low,high,0.6095043610421698,0.6286625400000001,-0.01915817895783034
GUNLOCKED2_W26,socioeco,"Less than $30,000","$100,000 or more",0.13649793999999998,Q2,inferred,,Inferred from occupation,"Less than $30,000",low,high,0.6231552940780738,0.6338059679716606,-0.01065067389358676
GUNRESPKIDSD_W26,socioeco,"Less than $30,000","$100,000 or more",0.31453171285008275,Q4,inferred,,Inferred from occupation,"Less than $30,000",low,high,1.4004527499999129,1.400451846000049,9.039998638549207e-07
GUNRESPKIDSE_W26,socioeco,"Less than $30,000","$100,000 or more",0.237899100191574,Q3,inferred,,Inferred from occupation,"Less than $30,000",low,high,0.7812560720000264,0.7812559519999298,1.2000009663726274e-07
GUNRESPNOKIDSA_W26,socioeco,"Less than $30,000","$100,000 or more",0.020608745304618203,Q1,inferred,,Inferred from occupation,"Less than $30,000",low,high,0.5517587700004474,0.5517579960002981,7.740001493061754e-07
GUNRESPNOKIDSB_W26,socioeco,"Less than $30,000","$100,000 or more",0.06817230068172286,Q1,inferred,,Inferred from occupation,"Less than $30,000",low,high,0.4020644430884417,0.49477352434599386,-0.09270908125755217
GUNRESPNOKIDSC_W26,socioeco,"Less than $30,000","$100,000 or more",0.13751966137519644,Q2,inferred,,Inferred from occupation,"Less than $30,000",low,high,0.45109838451905815,0.45074139045973827,0.0003569940593198817
GUNRESPNOKIDSD_W26,socioeco,"Less than $30,000","$100,000 or more",0.14888568000000008,Q3,inferred,,Inferred from occupation,"Less than $30,000",low,high,1.3362855223719432,1.4481662156152875,-0.11188069324334426
GUNRESPNOKIDSE_W26,socioeco,"Less than $30,000","$100,000 or more",0.22954815000000012,Q3,inferred,,Inferred from occupation,"Less than $30,000",low,high,1.0222561380035589,1.0224194379979905,-0.00016329999443165377
GUNRESPNOKIDSF_W26,socioeco,"Less than $30,000","$100,000 or more",0.08967349340336533,Q2,inferred,,Inferred from occupation,"Less than $30,000",low,high,0.7471412695203475,0.8159148057705913,-0.06877353625024374
GUNSAFETYKIDS_W26,socioeco,"Less than $30,000","$100,000 or more",0.01821644999999994,Q1,inferred,,Inferred from occupation,"Less than $30,000",low,high,0.44352813535688645,0.4756301732149076,-0.032102037858021126
GUNSAFE_W26,socioeco,"Less than $30,000","$100,000 or more",0.06438964322447221,Q1,inferred,,Inferred from occupation,"Less than $30,000",low,high,0.21633660923596623,0.06424746576847973,0.1520891434674865
GUNTYPEOWNC_W26,socioeco,"Less than $30,000","$100,000 or more",0.3743136922050839,Q4,inferred,,Inferred from occupation,"Less than $30,000",low,high,0.84611192399851,0.846115209999523,-3.2860010130697503e-06
NOCARRYGUN_W26,socioeco,"Less than $30,000","$100,000 or more",0.011883250000000012,Q1,inferred,,Inferred from occupation,"Less than $30,000",low,high,0.48594406571130666,0.6236915201523318,-0.1377474544410251
REASONGUNA_W26,socioeco,"Less than $30,000","$100,000 or more",0.16121826000000006,Q3,inferred,,Inferred from occupation,"Less than $30,000",low,high,0.222408091961126,0.28734372686683585,-0.06493563490570986
REASONGUNB_W26,socioeco,"Less than $30,000","$100,000 or more",0.13052286917795747,Q2,inferred,,Inferred from occupation,"Less than $30,000",low,high,1.0814074491524597,1.0821185311788146,-0.0007110820263549478
REASONGUNC_W26,socioeco,"Less than $30,000","$100,000 or more",0.1626540406299693,Q3,inferred,,Inferred from occupation,"Less than $30,000",low,high,0.2814949978115211,0.2978884391937196,-0.016393441382198504
REASONGUND_W26,socioeco,"Less than $30,000","$100,000 or more",0.1327946499999999,Q2,inferred,,Inferred from occupation,"Less than $30,000",low,high,0.6702232319994597,0.6702292079999467,-5.976000487017963e-06
REASONGUNE_W26,socioeco,"Less than $30,000","$100,000 or more",0.07425042999999998,Q1,inferred,,Inferred from occupation,"Less than $30,000",low,high,0.2807277659998296,0.28012786199152684,0.0005999040083027873
SHOOTFREQ_W26,socioeco,"Less than $30,000","$100,000 or more",0.2467498505774362,Q3,inferred,,Inferred from occupation,"Less than $30,000",low,high,0.6954499339988681,0.695444214,5.719998868114473e-06
WORRYB_W26,socioeco,"Less than $30,000","$100,000 or more",0.34924579000000006,Q4,inferred,,Inferred from occupation,"Less than $30,000",low,high,0.6958510052800809,0.5153014948911449,0.18054951038893607
WORRYD_W26,socioeco,"Less than $30,000","$100,000 or more",0.68089223,Q4,inferred,,Inferred from occupation,"Less than $30,000",low,high,0.2359571793479518,0.4789504717842737,-0.2429932924363219
WORRYE_W26,socioeco,"Less than $30,000","$100,000 or more",0.295965820952076,Q4,inferred,,Inferred from occupation,"Less than $30,000",low,high,0.43441590719536727,0.44629806953654816,-0.01188216234118089
WORRYF_W26,socioeco,"Less than $30,000","$100,000 or more",0.36198761999999995,Q4,inferred,,Inferred from occupation,"Less than $30,000",low,high,0.5955131318478717,0.5435906036469753,0.05192252820089638
BOYSF1B_W29,socioeco,"Less than $30,000","$100,000 or more",0.031561885,Q1,inferred,,Inferred from occupation,"Less than $30,000",low,high,0.32878373649684145,0.3426385047245131,-0.013854768227671677
FAVORS_CPS_W29,socioeco,"Less than $30,000","$100,000 or more",0.31190621735643553,Q4,inferred,,Inferred from occupation,"Less than $30,000",low,high,0.7743993269821412,0.9949333755674057,-0.22053404858526449
FEM2_W29,socioeco,"Less than $30,000","$100,000 or more",0.19331657225602072,Q3,inferred,,Inferred from occupation,"Less than $30,000",low,high,0.42035445558559903,0.4996824013063759,-0.0793279457207769
GIRLSF2C_W29,socioeco,"Less than $30,000","$100,000 or more",0.027267642373446355,Q1,inferred,,Inferred from occupation,"Less than $30,000",low,high,0.27788435200538775,0.27750054098461874,0.0003838110207690093
GIRLSF2D_W29,socioeco,"Less than $30,000","$100,000 or more",0.061267082577475304,Q1,inferred,,Inferred from occupation,"Less than $30,000",low,high,0.2577238735770495,0.2577259255775185,-2.0520004689883464e-06
GOPDIRCT_W29,socioeco,"Less than $30,000","$100,000 or more",0.5194614385676164,Q4,inferred,,Inferred from occupation,"Less than $30,000",low,high,0.7014743246235331,0.5330339204921141,0.16844040413141903
HOOD_NHISB_W29,socioeco,"Less than $30,000","$100,000 or more",0.5343234026814261,Q4,inferred,,Inferred from occupation,"Less than $30,000",low,high,0.6464683974717207,0.6350931174980881,0.011375279973632635
LOCALELECT_W29,socioeco,"Less than $30,000","$100,000 or more",0.6755055936824541,Q4,inferred,,Inferred from occupation,"Less than $30,000",low,high,1.147550856620283,1.1410335283448256,0.006517328275457368
MAN1A_W29,socioeco,"Less than $30,000","$100,000 or more",0.22436507000000003,Q3,inferred,,Inferred from occupation,"Less than $30,000",low,high,0.6244467301250688,0.4492298540692543,0.17521687605581449
MAN1B_W29,socioeco,"Less than $30,000","$100,000 or more",0.3650245300000001,Q4,inferred,,Inferred from occupation,"Less than $30,000",low,high,0.7677549969689437,0.46746072787683907,0.3002942690921046
MAN1C_W29,socioeco,"Less than $30,000","$100,000 or more",0.4201561955037122,Q4,inferred,,Inferred from occupation,"Less than $30,000",low,high,0.7440452657539983,0.7540325581244435,-0.009987292370445155
MAN1D_W29,socioeco,"Less than $30,000","$100,000 or more",0.2853261599999997,Q4,inferred,,Inferred from occupation,"Less than $30,000",low,high,0.9320748460404948,0.9333274699999744,-0.0012526239594795596
MAN1E_W29,socioeco,"Less than $30,000","$100,000 or more",0.25829197498133877,Q3,inferred,,Inferred from occupation,"Less than $30,000",low,high,0.4526088470848295,0.2973994082261486,0.15520943885868094
MASC2_W29,socioeco,"Less than $30,000","$100,000 or more",0.12110675999999998,Q2,inferred,,Inferred from occupation,"Less than $30,000",low,high,0.6691927266816607,0.4071767766474088,0.26201595003425193
S12_W29,socioeco,"Less than $30,000","$100,000 or more",0.7723084465021626,Q4,inferred,,Inferred from occupation,"Less than $30,000",low,high,1.0630342176636547,1.0161175025061577,0.04691671515749696
S13_W29,socioeco,"Less than $30,000","$100,000 or more",0.2964937452964356,Q4,inferred,,Inferred from occupation,"Less than $30,000",low,high,0.8136696779169931,0.8101491239107074,0.0035205540062857033
SEENFEM_W29,socioeco,"Less than $30,000","$100,000 or more",0.18776166,Q3,inferred,,Inferred from occupation,"Less than $30,000",low,high,0.91755148,0.9182989500016706,-0.0007474700016706359
SEENMASC_W29,socioeco,"Less than $30,000","$100,000 or more",0.0751844752174334,Q1,inferred,,Inferred from occupation,"Less than $30,000",low,high,0.7509477964599534,0.7511805544869213,-0.00023275802696798298
TALK_CPS_W29,socioeco,"Less than $30,000","$100,000 or more",0.38025178000000004,Q4,inferred,,Inferred from occupation,"Less than $30,000",low,high,0.8784096564450637,0.33855459635963814,0.5398550600854256
WORRYBILL_W29,socioeco,"Less than $30,000","$100,000 or more",1.1275066616620635,Q4,inferred,,Inferred from occupation,"Less than $30,000",low,high,0.7782509528854291,0.795269170136294,-0.01701821725086483
CLASS_W32,socioeco,"Less than $30,000","$100,000 or more",1.1672827040469576,Q4,inferred,,Inferred from occupation,"Less than $30,000",low,high,0.9182839408184159,0.9053285488687467,0.012955391949669215
COMMIMPA_W32,socioeco,"Less than $30,000","$100,000 or more",0.09287370789168559,Q2,inferred,,Inferred from occupation,"Less than $30,000",low,high,0.6675699266803633,1.1644344639430126,-0.49686453726264934
COMMIMPB_W32,socioeco,"Less than $30,000","$100,000 or more",0.026607140000000085,Q1,inferred,,Inferred from occupation,"Less than $30,000",low,high,0.6430155159964656,0.6431167459994002,-0.00010123000293460471
COMMIMPC_W32,socioeco,"Less than $30,000","$100,000 or more",0.0986442676354575,Q2,inferred,,Inferred from occupation,"Less than $30,000",low,high,0.88590892956018,1.156175718758972,-0.2702667891987921
COMMIMPF_W32,socioeco,"Less than $30,000","$100,000 or more",0.21057993999999997,Q3,inferred,,Inferred from occupation,"Less than $30,000",low,high,0.8617632375953241,0.8723805240024949,-0.010617286407170745
COMMIMPG_W32,socioeco,"Less than $30,000","$100,000 or more",0.08654338073068257,Q2,inferred,,Inferred from occupation,"Less than $30,000",low,high,0.9322778821080786,0.9420874560339424,-0.00980957392586379
COMMIMPH_W32,socioeco,"Less than $30,000","$100,000 or more",0.22760973912283822,Q3,inferred,,Inferred from occupation,"Less than $30,000",low,high,0.8256913159907588,0.8258117440014484,-0.0001204280106895661
COMMYRS_W32,socioeco,"Less than $30,000","$100,000 or more",0.21699426688606432,Q3,inferred,,Inferred from occupation,"Less than $30,000",low,high,0.816601166124351,0.8369262799607395,-0.020325113836388575
ETHNCMAJ_W32,socioeco,"Less than $30,000","$100,000 or more",0.038640262149933116,Q1,inferred,,Inferred from occupation,"Less than $30,000",low,high,0.21498962014972633,0.2149892151501134,4.0499961292961295e-07
GAYMARR2_W32,socioeco,"Less than $30,000","$100,000 or more",0.3238905899999999,Q4,inferred,,Inferred from occupation,"Less than $30,000",low,high,1.197276589740628,1.3002528580000003,-0.10297626825937245
HARASS2F1_W32,socioeco,"Less than $30,000","$100,000 or more",0.0815416,Q2,inferred,,Inferred from occupation,"Less than $30,000",low,high,0.49494338500000334,0.49494441600000005,-1.0309999967095251e-06
IMMIMPACT_W32,socioeco,"Less than $30,000","$100,000 or more",0.05774296790852182,Q1,inferred,,Inferred from occupation,"Less than $30,000",low,high,0.054049970014535736,0.3114803031834736,-0.2574303331689378
MOVERURAL_W32,socioeco,"Less than $30,000","$100,000 or more",0.1465538524443859,Q2,inferred,,Inferred from occupation,"Less than $30,000",low,high,0.7904477911810512,0.6568651971004331,0.13358259408061812
MOVESUBURB_W32,socioeco,"Less than $30,000","$100,000 or more",0.06641782000000002,Q1,inferred,,Inferred from occupation,"Less than $30,000",low,high,0.14074446102262228,0.5393962560278684,-0.39865179500524617
MOVEURBAN_W32,socioeco,"Less than $30,000","$100,000 or more",0.2931767104819855,Q4,inferred,,Inferred from occupation,"Less than $30,000",low,high,0.5438823930477025,0.5216694327703139,0.022212960277388616
NEIGHINTERA_W32,socioeco,"Less than $30,000","$100,000 or more",0.26752165294381636,Q3,inferred,,Inferred from occupation,"Less than $30,000",low,high,1.6017522114889011,1.4696092328910748,0.1321429785978263
NEIGHINTERB_W32,socioeco,"Less than $30,000","$100,000 or more",0.33371404873815536,Q4,inferred,,Inferred from occupation,"Less than $30,000",low,high,0.9112898231246029,0.5676012486254722,0.3436885744991307
NEIGHKIDS_W32,socioeco,"Less than $30,000","$100,000 or more",0.10813625000000004,Q2,inferred,,Inferred from occupation,"Less than $30,000",low,high,0.2087981938034671,0.242137409429318,-0.033339215625850904
NEIGHSAMEA_W32,socioeco,"Less than $30,000","$100,000 or more",0.4140787582304698,Q4,inferred,,Inferred from occupation,"Less than $30,000",low,high,1.3820632997695308,1.3219698996004392,0.06009340016909159
SATLIFED_W32,socioeco,"Less than $30,000","$100,000 or more",0.3377017877221706,Q4,inferred,,Inferred from occupation,"Less than $30,000",low,high,0.5961386744270153,0.7127371505829988,-0.11659847615598351
SOCTRUST2_W32,socioeco,"Less than $30,000","$100,000 or more",0.26040363,Q3,inferred,,Inferred from occupation,"Less than $30,000",low,high,0.5168314780001573,0.5161371579915109,0.0006943200086463319
VALUERURAL_W32,socioeco,"Less than $30,000","$100,000 or more",0.03950338999999983,Q1,inferred,,Inferred from occupation,"Less than $30,000",low,high,0.5051930241855098,0.8396875676766953,-0.33449454349118546
WHADVANT_W32,socioeco,"Less than $30,000","$100,000 or more",0.06143526999999993,Q1,inferred,,Inferred from occupation,"Less than $30,000",low,high,0.5177176816524001,0.7714427273346005,-0.25372504568220045
WILLMOVE_W32,socioeco,"Less than $30,000","$100,000 or more",0.0970999205458094,Q2,inferred,,Inferred from occupation,"Less than $30,000",low,high,0.5922423799224239,0.8056449608157796,-0.21340258089335573
EAT1_W34,socioeco,"Less than $30,000","$100,000 or more",0.2905723400000001,Q4,inferred,,Inferred from occupation,"Less than $30,000",low,high,0.5672896702384993,0.47824784600000003,0.08904182423849927
EAT2_W34,socioeco,"Less than $30,000","$100,000 or more",0.44699933016499543,Q4,inferred,,Inferred from occupation,"Less than $30,000",low,high,0.8488608334363393,0.8773641416558348,-0.028503308219495427
EAT5B_W34,socioeco,"Less than $30,000","$100,000 or more",0.23478514999999997,Q3,inferred,,Inferred from occupation,"Less than $30,000",low,high,0.631068567999912,0.6310667040001279,1.8639997840796951e-06
EAT5C_W34,socioeco,"Less than $30,000","$100,000 or more",0.23599255000000008,Q3,inferred,,Inferred from occupation,"Less than $30,000",low,high,0.5905622197004945,0.5932037661022048,-0.0026415464017103263
EAT5D_W34,socioeco,"Less than $30,000","$100,000 or more",0.13057742130577418,Q2,inferred,,Inferred from occupation,"Less than $30,000",low,high,0.5575724455296762,0.5570680176789186,0.0005044278507576605
EVOBIOA_W34,socioeco,"Less than $30,000","$100,000 or more",0.26846758000000004,Q3,inferred,,Inferred from occupation,"Less than $30,000",low,high,0.3162617799998986,0.3162619899999246,-2.100000260352175e-07
EVOBIOB_W34,socioeco,"Less than $30,000","$100,000 or more",0.19501971000000007,Q3,inferred,,Inferred from occupation,"Less than $30,000",low,high,0.3982298100000019,0.39822992600000495,-1.1600000304756719e-07
EVOPERS3_W34,socioeco,"Less than $30,000","$100,000 or more",0.2571466242575404,Q3,inferred,,Inferred from occupation,"Less than $30,000",low,high,0.9156919608428643,0.9156928188430716,-8.580002073266257e-07
EVOTHREE_W34,socioeco,"Less than $30,000","$100,000 or more",0.10935358000000006,Q2,inferred,,Inferred from occupation,"Less than $30,000",low,high,0.4840053379977227,0.48373500999476626,0.00027032800295645476
FUD22_W34,socioeco,"Less than $30,000","$100,000 or more",0.34368985631189586,Q4,inferred,,Inferred from occupation,"Less than $30,000",low,high,0.9981734680104116,0.9975775240143385,0.0005959439960731006
FUD24_W34,socioeco,"Less than $30,000","$100,000 or more",0.04042640000000006,Q1,inferred,,Inferred from occupation,"Less than $30,000",low,high,0.2920625669991434,0.27288657153720625,0.019175995461937156
FUD33B_W34,socioeco,"Less than $30,000","$100,000 or more",0.05287582714442343,Q1,inferred,,Inferred from occupation,"Less than $30,000",low,high,0.1615636370000288,0.161563333,3.040000287890532e-07
FUD35_W34,socioeco,"Less than $30,000","$100,000 or more",0.15381768163429804,Q3,inferred,,Inferred from occupation,"Less than $30,000",low,high,0.5232419939856234,0.6815793802942981,-0.15833738630867467
FUD37A_W34,socioeco,"Less than $30,000","$100,000 or more",0.25792945999999994,Q3,inferred,,Inferred from occupation,"Less than $30,000",low,high,0.5863146011984287,0.444700585247908,0.1416140159505207
FUD37B_W34,socioeco,"Less than $30,000","$100,000 or more",0.4693113007319356,Q4,inferred,,Inferred from occupation,"Less than $30,000",low,high,1.0511818254703291,1.0361150447014131,0.015066780768915988
FUD37C_W34,socioeco,"Less than $30,000","$100,000 or more",0.2824339483899866,Q4,inferred,,Inferred from occupation,"Less than $30,000",low,high,0.6949686510018558,0.6930051510370112,0.001963499964844573
BETTERBIZ1F2D_W36,socioeco,"Less than $30,000","$100,000 or more",0.060416266406510544,Q1,inferred,,Inferred from occupation,"Less than $30,000",low,high,0.20106663099998068,0.20106664300001342,-1.2000032745262956e-08
BETTERBIZ1F2E_W36,socioeco,"Less than $30,000","$100,000 or more",0.08989537499999997,Q2,inferred,,Inferred from occupation,"Less than $30,000",low,high,0.2602214179999839,0.2602214370000291,-1.9000045203831917e-08
BETTERBIZ1F2H_W36,socioeco,"Less than $30,000","$100,000 or more",0.05310815791955001,Q1,inferred,,Inferred from occupation,"Less than $30,000",low,high,0.20804425591955447,0.2080442289195408,2.700001366928717e-08
BETTERBIZ2F2C_W36,socioeco,"Less than $30,000","$100,000 or more",0.08396168499999998,Q2,inferred,,Inferred from occupation,"Less than $30,000",low,high,0.17195458899997668,0.17195465600000004,-6.70000233626844e-08
BETTERBIZ2F2E_W36,socioeco,"Less than $30,000","$100,000 or more",0.05405074500000004,Q1,inferred,,Inferred from occupation,"Less than $30,000",low,high,0.14787985000000878,0.14787993600002206,-8.600001327740969e-08
BETTERBIZ2F2F_W36,socioeco,"Less than $30,000","$100,000 or more",0.04324040000000004,Q1,inferred,,Inferred from occupation,"Less than $30,000",low,high,0.24780820700001693,0.24780821800001804,-1.100000110443311e-08
BETTERPOL1F1B_W36,socioeco,"Less than $30,000","$100,000 or more",0.0669808,Q1,inferred,,Inferred from occupation,"Less than $30,000",low,high,0.34179714600002176,0.34179721600001045,-6.999998869439139e-08
BETTERPOL1F1E_W36,socioeco,"Less than $30,000","$100,000 or more",0.03602598000000001,Q1,inferred,,Inferred from occupation,"Less than $30,000",low,high,0.23980369200003462,0.2398036949999498,-2.999915177381851e-09
BETTERPOL1F1I_W36,socioeco,"Less than $30,000","$100,000 or more",0.028985945000000016,Q1,inferred,,Inferred from occupation,"Less than $30,000",low,high,0.2548423499998024,0.254844397000062,-2.0470002596306713e-06
BETTERPOL2F1A_W36,socioeco,"Less than $30,000","$100,000 or more",0.07717558006833744,Q1,inferred,,Inferred from occupation,"Less than $30,000",low,high,0.17039534300000217,0.17039548199996168,-1.3899995951471844e-07
BETTERPOL2F1C_W36,socioeco,"Less than $30,000","$100,000 or more",0.03780051999999997,Q1,inferred,,Inferred from occupation,"Less than $30,000",low,high,0.21720298399998475,0.21720308999995752,-1.0599997277149775e-07
BETTERPOL2F1D_W36,socioeco,"Less than $30,000","$100,000 or more",0.041779992802059296,Q1,inferred,,Inferred from occupation,"Less than $30,000",low,high,0.2197932768020354,0.2197933108020761,-3.400004069953333e-08
BETTERPOL2F1F_W36,socioeco,"Less than $30,000","$100,000 or more",0.08465948915340514,Q2,inferred,,Inferred from occupation,"Less than $30,000",low,high,0.19884261401153336,0.1988428020115139,-1.879999805554089e-07
E5_W36,socioeco,"Less than $30,000","$100,000 or more",0.43779327999999995,Q4,inferred,,Inferred from occupation,"Less than $30,000",low,high,0.1744170212232442,0.4174452555519528,-0.24302823432870857
ESSENBIZF2E_W36,socioeco,"Less than $30,000","$100,000 or more",0.08600579510109135,Q2,inferred,,Inferred from occupation,"Less than $30,000",low,high,0.2566383624877243,0.6462441140591825,-0.38960575157145816
ESSENBIZF2J_W36,socioeco,"Less than $30,000","$100,000 or more",0.25163483000000003,Q3,inferred,,Inferred from occupation,"Less than $30,000",low,high,0.06572175906788091,0.29617988453294697,-0.23045812546506605
ESSENPOLF1A_W36,socioeco,"Less than $30,000","$100,000 or more",0.17553441000000014,Q3,inferred,,Inferred from occupation,"Less than $30,000",low,high,0.2280005739996035,0.22800233399973036,-1.7600001268602838e-06
ESSENPOLF1B_W36,socioeco,"Less than $30,000","$100,000 or more",0.12017668660826397,Q2,inferred,,Inferred from occupation,"Less than $30,000",low,high,0.3235380581331391,0.3389234777260367,-0.015385419592897631
ESSENPOLF1D_W36,socioeco,"Less than $30,000","$100,000 or more",0.19153513,Q3,inferred,,Inferred from occupation,"Less than $30,000",low,high,0.35308456040446334,0.35848131200289657,-0.005396751598433225
ESSENPOLF1G_W36,socioeco,"Less than $30,000","$100,000 or more",0.10835326000000006,Q2,inferred,,Inferred from occupation,"Less than $30,000",low,high,0.4782694156271073,0.49042870808685557,-0.012159292459748283
ESSENPOLF1H_W36,socioeco,"Less than $30,000","$100,000 or more",0.11607464,Q2,inferred,,Inferred from occupation,"Less than $30,000",low,high,0.4011714808407959,0.4243570539402003,-0.02318557309940439
HIGHEDWRNGB_W36,socioeco,"Less than $30,000","$100,000 or more",0.17157769,Q3,inferred,,Inferred from occupation,"Less than $30,000",low,high,0.438258989467022,0.5917308176132542,-0.15347182814623217
HIGHEDWRNGC_W36,socioeco,"Less than $30,000","$100,000 or more",0.12339997769159922,Q2,inferred,,Inferred from occupation,"Less than $30,000",low,high,0.9188379789570242,0.6556834087271398,0.2631545702298844
IMPROVE1_W36,socioeco,"Less than $30,000","$100,000 or more",0.09980065010687394,Q2,inferred,,Inferred from occupation,"Less than $30,000",low,high,0.7132408648203366,0.8676055464381279,-0.15436468161779138
IMPROVE2_W36,socioeco,"Less than $30,000","$100,000 or more",0.10635122999999996,Q2,inferred,,Inferred from occupation,"Less than $30,000",low,high,0.7081806239991334,0.7079498680017561,0.00023075599737731878
IMPROVE3_W36,socioeco,"Less than $30,000","$100,000 or more",0.18035068816536826,Q3,inferred,,Inferred from occupation,"Less than $30,000",low,high,0.5767878899999999,0.40451283612310784,0.17227505387689201
MOREWMN1F2_W36,socioeco,"Less than $30,000","$100,000 or more",0.05489848676972742,Q1,inferred,,Inferred from occupation,"Less than $30,000",low,high,0.23172408899617442,0.23178190699928547,-5.781800311105423e-05
POLCHF1_W36,socioeco,"Less than $30,000","$100,000 or more",0.33681012209874145,Q4,inferred,,Inferred from occupation,"Less than $30,000",low,high,0.6506324714856382,0.6500767714802005,0.0005557000054376982
TRAITBIZMF2C_W36,socioeco,"Less than $30,000","$100,000 or more",0.17467239999999995,Q3,inferred,,Inferred from occupation,"Less than $30,000",low,high,0.2575317929999987,0.2575318899999906,-9.699999192758213e-08
TRAITBIZMF2D_W36,socioeco,"Less than $30,000","$100,000 or more",0.04222981789778302,Q1,inferred,,Inferred from occupation,"Less than $30,000",low,high,0.2524512600000073,0.2524513219999988,-6.199999152967095e-08
TRAITBIZMF2E_W36,socioeco,"Less than $30,000","$100,000 or more",0.15584198499999996,Q3,inferred,,Inferred from occupation,"Less than $30,000",low,high,0.23702650500000483,0.23702655300000286,-4.7999998031844626e-08
TRAITBIZMF2G_W36,socioeco,"Less than $30,000","$100,000 or more",0.14133624000000006,Q2,inferred,,Inferred from occupation,"Less than $30,000",low,high,0.27970803099997843,0.27970806599999176,-3.5000013332009416e-08
TRAITBIZWF2C_W36,socioeco,"Less than $30,000","$100,000 or more",0.006861050000000035,Q1,inferred,,Inferred from occupation,"Less than $30,000",low,high,0.31996288999999517,0.3199631140000354,-2.2400004023870324e-07
TRAITBIZWF2D_W36,socioeco,"Less than $30,000","$100,000 or more",0.03232807747852845,Q1,inferred,,Inferred from occupation,"Less than $30,000",low,high,0.24785233552147756,0.24785249252147085,-1.5699999328377956e-07
TRAITBIZWF2E_W36,socioeco,"Less than $30,000","$100,000 or more",0.05521484500000001,Q1,inferred,,Inferred from occupation,"Less than $30,000",low,high,0.350007139999985,0.3500071709999953,-3.100001028100152e-08
TRAITBIZWF2G_W36,socioeco,"Less than $30,000","$100,000 or more",0.0641386370625644,Q1,inferred,,Inferred from occupation,"Less than $30,000",low,high,0.36954501569544446,0.36954498769543426,2.8000010199313863e-08
TRAITPOLMF1B_W36,socioeco,"Less than $30,000","$100,000 or more",0.03486093715110275,Q1,inferred,,Inferred from occupation,"Less than $30,000",low,high,0.35837948758607824,0.3589369975890777,-0.0005575100029994728
TRAITPOLMF1C_W36,socioeco,"Less than $30,000","$100,000 or more",0.08835160088351607,Q2,inferred,,Inferred from occupation,"Less than $30,000",low,high,0.23462310542285864,0.24192854743572162,-0.007305442012862984
TRAITPOLMF1D_W36,socioeco,"Less than $30,000","$100,000 or more",0.06467493000000007,Q1,inferred,,Inferred from occupation,"Less than $30,000",low,high,0.215292568000027,0.21529270800000527,-1.399999782769612e-07
TRAITPOLMF1E_W36,socioeco,"Less than $30,000","$100,000 or more",0.15845353999999995,Q3,inferred,,Inferred from occupation,"Less than $30,000",low,high,0.221648819,0.22658115901178227,-0.004932340011782277
TRAITPOLMF1F_W36,socioeco,"Less than $30,000","$100,000 or more",0.10437653499999998,Q2,inferred,,Inferred from occupation,"Less than $30,000",low,high,0.29848810372091217,0.20074581935896596,0.09774228436194621
TRAITPOLMF1G_W36,socioeco,"Less than $30,000","$100,000 or more",0.14227596,Q2,inferred,,Inferred from occupation,"Less than $30,000",low,high,0.21478793200000118,0.2147879409999785,-8.99997731895752e-09
TRAITPOLWF1A_W36,socioeco,"Less than $30,000","$100,000 or more",0.03738843889101667,Q1,inferred,,Inferred from occupation,"Less than $30,000",low,high,0.26754597099942307,0.26757644300011174,-3.047200068867495e-05
TRAITPOLWF1C_W36,socioeco,"Less than $30,000","$100,000 or more",0.073827496694504,Q1,inferred,,Inferred from occupation,"Less than $30,000",low,high,0.32612989242924784,0.32991003534386976,-0.00378014291462192
TRAITPOLWF1D_W36,socioeco,"Less than $30,000","$100,000 or more",0.1169522799999998,Q2,inferred,,Inferred from occupation,"Less than $30,000",low,high,0.22750157100003404,0.2275023680000074,-7.969999733514754e-07
TRAITPOLWF1E_W36,socioeco,"Less than $30,000","$100,000 or more",0.05679156341485314,Q1,inferred,,Inferred from occupation,"Less than $30,000",low,high,0.35131663448683365,0.3513191384867269,-2.5039998932663288e-06
TRAITPOLWF1F_W36,socioeco,"Less than $30,000","$100,000 or more",0.08023431999999996,Q2,inferred,,Inferred from occupation,"Less than $30,000",low,high,0.3361667742590501,0.3344795169217394,0.0016872573373107325
TRAITPOLWF1G_W36,socioeco,"Less than $30,000","$100,000 or more",0.07974930500000005,Q1,inferred,,Inferred from occupation,"Less than $30,000",low,high,0.2932034799999753,0.2932035510000086,-7.100003329707505e-08
WHYNOTBIZF2A_W36,socioeco,"Less than $30,000","$100,000 or more",0.16403282000000002,Q3,inferred,,Inferred from occupation,"Less than $30,000",low,high,0.6487551187751566,0.4499527194696148,0.19880239930554178
WHYNOTBIZF2B_W36,socioeco,"Less than $30,000","$100,000 or more",0.1753956300000003,Q3,inferred,,Inferred from occupation,"Less than $30,000",low,high,0.5428288760000066,0.5428288800000105,-4.000003883675163e-09
WHYNOTBIZF2D_W36,socioeco,"Less than $30,000","$100,000 or more",0.32564688999999997,Q4,inferred,,Inferred from occupation,"Less than $30,000",low,high,0.5745535539998113,0.5745532480004985,3.059993128884386e-07
WHYNOTBIZF2F_W36,socioeco,"Less than $30,000","$100,000 or more",0.31540334999999997,Q4,inferred,,Inferred from occupation,"Less than $30,000",low,high,0.5201258939994086,0.5201195859999336,6.307999474985948e-06
WHYNOTBIZF2G_W36,socioeco,"Less than $30,000","$100,000 or more",0.09305027000000005,Q2,inferred,,Inferred from occupation,"Less than $30,000",low,high,1.0160405897859035,1.0235482700027723,-0.007507680216868762
WHYNOTBIZF2H_W36,socioeco,"Less than $30,000","$100,000 or more",0.15971493819618432,Q3,inferred,,Inferred from occupation,"Less than $30,000",low,high,1.3086664756206676,1.4538922078983525,-0.14522573227768487
WHYNOTBIZF2J_W36,socioeco,"Less than $30,000","$100,000 or more",0.10906475314045672,Q2,inferred,,Inferred from occupation,"Less than $30,000",low,high,0.8148409838515867,0.8148411018515985,-1.1800001187278752e-07
WHYNOTBIZF2M_W36,socioeco,"Less than $30,000","$100,000 or more",0.0641884684345618,Q1,inferred,,Inferred from occupation,"Less than $30,000",low,high,0.9518554771570007,1.0829204342641778,-0.13106495710717714
WHYNOTBIZF2N_W36,socioeco,"Less than $30,000","$100,000 or more",0.07826967000000007,Q1,inferred,,Inferred from occupation,"Less than $30,000",low,high,1.12381378,1.1238151460000338,-1.3660000337534228e-06
WHYNOTBIZF2O_W36,socioeco,"Less than $30,000","$100,000 or more",0.32429057970993735,Q4,inferred,,Inferred from occupation,"Less than $30,000",low,high,0.6467029560000087,0.6467029760000045,-1.999999577062539e-08
WHYNOTPOLF1A_W36,socioeco,"Less than $30,000","$100,000 or more",0.13127911703192385,Q2,inferred,,Inferred from occupation,"Less than $30,000",low,high,0.9621585483468367,0.532094459384792,0.4300640889620446
WHYNOTPOLF1B_W36,socioeco,"Less than $30,000","$100,000 or more",0.12654594336433234,Q2,inferred,,Inferred from occupation,"Less than $30,000",low,high,0.6635388246369531,0.6635439926363051,-5.167999352018171e-06
WHYNOTPOLF1C_W36,socioeco,"Less than $30,000","$100,000 or more",0.08795852087958528,Q2,inferred,,Inferred from occupation,"Less than $30,000",low,high,0.7337871474657971,0.7850125970367176,-0.051225449570920456
WHYNOTPOLF1E_W36,socioeco,"Less than $30,000","$100,000 or more",0.18168728000000003,Q3,inferred,,Inferred from occupation,"Less than $30,000",low,high,0.4847368121406087,0.5069599578076752,-0.022223145667066513
WHYNOTPOLF1G_W36,socioeco,"Less than $30,000","$100,000 or more",0.10812466999999992,Q2,inferred,,Inferred from occupation,"Less than $30,000",low,high,0.7785838065555449,0.8610570479837305,-0.08247324142818557
WHYNOTPOLF1I_W36,socioeco,"Less than $30,000","$100,000 or more",0.08918990999432103,Q2,inferred,,Inferred from occupation,"Less than $30,000",low,high,0.27314555461806617,0.258541150421742,0.014604404196324139
WHYNOTPOLF1J_W36,socioeco,"Less than $30,000","$100,000 or more",0.08962361281277054,Q2,inferred,,Inferred from occupation,"Less than $30,000",low,high,0.8077227320037426,0.8079711899969972,-0.00024845799325468043
WHYNOTPOLF1K_W36,socioeco,"Less than $30,000","$100,000 or more",0.12111610999999997,Q2,inferred,,Inferred from occupation,"Less than $30,000",low,high,0.541773898,0.6335842141057609,-0.09181031610576096
WHYNOTPOLF1L_W36,socioeco,"Less than $30,000","$100,000 or more",0.289409463038319,Q4,inferred,,Inferred from occupation,"Less than $30,000",low,high,0.6961026909607655,0.6961152949617867,-1.2604001021210287e-05
WMNPRZ1_W36,socioeco,"Less than $30,000","$100,000 or more",0.15105601000000024,Q3,inferred,,Inferred from occupation,"Less than $30,000",low,high,0.47119917403578243,0.5396706498459322,-0.06847147581014973
AUTOLKLY_W41,socioeco,"Less than $30,000","$100,000 or more",0.5842882443009798,Q4,inferred,,Inferred from occupation,"Less than $30,000",low,high,0.8887782970993632,0.8907769610887827,-0.0019986639894195024
AUTOWKPLC_W41,socioeco,"Less than $30,000","$100,000 or more",0.06051081500000005,Q1,inferred,,Inferred from occupation,"Less than $30,000",low,high,0.37950739398120104,0.3746436470724642,0.00486374690873681
ETHNCMAJMOD_W41,socioeco,"Less than $30,000","$100,000 or more",0.09486651999999979,Q2,inferred,,Inferred from occupation,"Less than $30,000",low,high,0.4894793927558273,0.4266718182338147,0.06280757452201258
FTRWORRYc_W41,socioeco,"Less than $30,000","$100,000 or more",0.18645142442448914,Q3,inferred,,Inferred from occupation,"Less than $30,000",low,high,0.6484060066214349,0.6094459017081719,0.03896010491326296
FTRWORRYe_W41,socioeco,"Less than $30,000","$100,000 or more",0.05497590000000002,Q1,inferred,,Inferred from occupation,"Less than $30,000",low,high,0.7350523701977725,0.747715708,-0.012663337802227503
FTRWORRYf_W41,socioeco,"Less than $30,000","$100,000 or more",0.1031985889680142,Q2,inferred,,Inferred from occupation,"Less than $30,000",low,high,0.7073182863266104,0.8262083368446799,-0.11889005051806945
FUTRCLASSb_W41,socioeco,"Less than $30,000","$100,000 or more",0.08692977586929768,Q2,inferred,,Inferred from occupation,"Less than $30,000",low,high,0.1369871223698712,0.062027685620276884,0.07495943674959432
FUTRCLASSc_W41,socioeco,"Less than $30,000","$100,000 or more",0.10139810500000002,Q2,inferred,,Inferred from occupation,"Less than $30,000",low,high,0.32090264200013086,0.3209055770002034,-2.935000072534777e-06
FUTR_DIV_W41,socioeco,"Less than $30,000","$100,000 or more",0.05734758264673562,Q1,inferred,,Inferred from occupation,"Less than $30,000",low,high,0.2352405026503449,0.23511462164588837,0.0001258810044565406
GOVPRIOb_W41,socioeco,"Less than $30,000","$100,000 or more",0.14078296472799579,Q2,inferred,,Inferred from occupation,"Less than $30,000",low,high,0.5271993532720144,0.5271997172720309,-3.6400001646175184e-07
GOVPRIOc_W41,socioeco,"Less than $30,000","$100,000 or more",0.18958046000000006,Q3,inferred,,Inferred from occupation,"Less than $30,000",low,high,0.3623439440000201,0.36234396999999297,-2.5999972841361796e-08
GOVPRIOe_W41,socioeco,"Less than $30,000","$100,000 or more",0.2709841300000001,Q3,inferred,,Inferred from occupation,"Less than $30,000",low,high,0.6470974860000928,0.6470984380000526,-9.519999598639473e-07
GOVPRIOfF1_W41,socioeco,"Less than $30,000","$100,000 or more",0.1391118740833656,Q2,inferred,,Inferred from occupation,"Less than $30,000",low,high,0.8644850280021183,0.8645821979989745,-9.716999685616123e-05
GOVPRIOgF1_W41,socioeco,"Less than $30,000","$100,000 or more",0.1644235688285774,Q3,inferred,,Inferred from occupation,"Less than $30,000",low,high,0.7546350684807744,0.7756090682511056,-0.02097399977033121
GOVPRIOhF1_W41,socioeco,"Less than $30,000","$100,000 or more",0.26349138898927715,Q3,inferred,,Inferred from occupation,"Less than $30,000",low,high,0.7177249195316123,0.8568760059241732,-0.1391510863925609
GOVPRIOiF1_W41,socioeco,"Less than $30,000","$100,000 or more",0.08828057804737804,Q2,inferred,,Inferred from occupation,"Less than $30,000",low,high,0.8047306480476344,0.8047347080474693,-4.059999834882255e-06
GOVPRIOjF1_W41,socioeco,"Less than $30,000","$100,000 or more",0.5382907780860551,Q4,inferred,,Inferred from occupation,"Less than $30,000",low,high,0.6400951715724774,0.6410220435974694,-0.000926872024991976
GOVPRIOkF2_W41,socioeco,"Less than $30,000","$100,000 or more",0.21375711469481518,Q3,inferred,,Inferred from occupation,"Less than $30,000",low,high,0.9145536405826129,0.8677945674634213,0.046759073119191585
GOVPRIOlF2_W41,socioeco,"Less than $30,000","$100,000 or more",0.28427799930181963,Q4,inferred,,Inferred from occupation,"Less than $30,000",low,high,1.1437384558858268,1.1703705242398663,-0.02663206835403953
GOVPRIOmF2_W41,socioeco,"Less than $30,000","$100,000 or more",0.3448381599999998,Q4,inferred,,Inferred from occupation,"Less than $30,000",low,high,0.1527021746430276,0.16849913100455038,-0.015796956361522785
GOVPRIOnF2_W41,socioeco,"Less than $30,000","$100,000 or more",0.6101931700000001,Q4,inferred,,Inferred from occupation,"Less than $30,000",low,high,0.7566564975338661,1.1870012603478035,-0.4303447628139374
GOVPRIOoF2_W41,socioeco,"Less than $30,000","$100,000 or more",0.1787665199999997,Q3,inferred,,Inferred from occupation,"Less than $30,000",low,high,0.6372890560000196,0.6372892040000161,-1.4799999648040796e-07
HAPPEN2b_W41,socioeco,"Less than $30,000","$100,000 or more",0.1571397521693849,Q3,inferred,,Inferred from occupation,"Less than $30,000",low,high,0.561349140004513,0.5610140719881153,0.00033506801639771044
HAPPEN2f_W41,socioeco,"Less than $30,000","$100,000 or more",0.18965791454000708,Q3,inferred,,Inferred from occupation,"Less than $30,000",low,high,0.6431874679952888,0.64344926199372,-0.00026179399843118123
HARASS1F1b_W41,socioeco,"Less than $30,000","$100,000 or more",0.41214423000000006,Q4,inferred,,Inferred from occupation,"Less than $30,000",low,high,0.5314189358236524,0.5302246503020104,0.0011942855216420245
HARASS1F1d_W41,socioeco,"Less than $30,000","$100,000 or more",0.07343752000000014,Q1,inferred,,Inferred from occupation,"Less than $30,000",low,high,0.39996050599998734,0.39996059399999595,-8.800000861342028e-08
HARASS1NOWRKF2d_W41,socioeco,"Less than $30,000","$100,000 or more",0.09776517490438641,Q2,inferred,,Inferred from occupation,"Less than $30,000",low,high,0.3926726720000111,0.3926727159999941,-4.3999982990428066e-08
HARASS3NOWRKF2_W41,socioeco,"Less than $30,000","$100,000 or more",0.061170640000000026,Q1,inferred,,Inferred from occupation,"Less than $30,000",low,high,0.13859589365376465,0.24898234581693257,-0.11038645216316792
INTRMAR_W41,socioeco,"Less than $30,000","$100,000 or more",0.23990956739909547,Q3,inferred,,Inferred from occupation,"Less than $30,000",low,high,0.42438012886691845,0.5821023498490945,-0.15772222098217603
LEGALIMG_W41,socioeco,"Less than $30,000","$100,000 or more",0.203597909731849,Q3,inferred,,Inferred from occupation,"Less than $30,000",low,high,0.5194092339167462,0.9325971181377268,-0.41318788422098063
SOLVPROBa_W41,socioeco,"Less than $30,000","$100,000 or more",0.2650896300000004,Q3,inferred,,Inferred from occupation,"Less than $30,000",low,high,0.8015909260005304,0.8016001519999814,-9.225999450968025e-06
SOLVPROBb_W41,socioeco,"Less than $30,000","$100,000 or more",0.1616020431156558,Q3,inferred,,Inferred from occupation,"Less than $30,000",low,high,0.771256994325413,0.8106880340196431,-0.03943103969423012
SOLVPROBc_W41,socioeco,"Less than $30,000","$100,000 or more",0.30557677,Q4,inferred,,Inferred from occupation,"Less than $30,000",low,high,0.48630431471630997,0.6385519332463232,-0.15224761853001323
SOLVPROBdF1_W41,socioeco,"Less than $30,000","$100,000 or more",0.15146541879777844,Q3,inferred,,Inferred from occupation,"Less than $30,000",low,high,0.34409147584165817,0.3839389947981895,-0.039847518956531325
SOLVPROBf_W41,socioeco,"Less than $30,000","$100,000 or more",0.13619409999999993,Q2,inferred,,Inferred from occupation,"Less than $30,000",low,high,0.5438734839810117,0.4709115780524036,0.07296190592860807
SOLVPROBg_W41,socioeco,"Less than $30,000","$100,000 or more",0.20337971899366186,Q3,inferred,,Inferred from occupation,"Less than $30,000",low,high,1.0858534888458586,0.9718424815088273,0.11401100733703129
SOLVPROBh_W41,socioeco,"Less than $30,000","$100,000 or more",0.09918693000000045,Q2,inferred,,Inferred from occupation,"Less than $30,000",low,high,0.49288783073448744,0.8920076021132565,-0.39911977137876903
CONFb_W42,socioeco,"Less than $30,000","$100,000 or more",0.060597954437416765,Q1,inferred,,Inferred from occupation,"Less than $30,000",low,high,0.8034775920369319,0.8034830100390511,-5.418002119172982e-06
CONFc_W42,socioeco,"Less than $30,000","$100,000 or more",0.10298426148798856,Q2,inferred,,Inferred from occupation,"Less than $30,000",low,high,0.8935587596311236,0.4563371300447386,0.43722162958638505
CONFe_W42,socioeco,"Less than $30,000","$100,000 or more",0.05187860830558169,Q1,inferred,,Inferred from occupation,"Less than $30,000",low,high,0.8823973820011819,0.882394509998901,2.8720022808848e-06
CONFg_W42,socioeco,"Less than $30,000","$100,000 or more",0.07518952000000004,Q1,inferred,,Inferred from occupation,"Less than $30,000",low,high,0.6819676040001355,0.6818554460026287,0.00011215799750674549
PQ4_F2Aa_W42,socioeco,"Less than $30,000","$100,000 or more",0.40456271000000044,Q4,inferred,,Inferred from occupation,"Less than $30,000",low,high,0.6307289599389214,0.47099496698130816,0.15973399295761326
PQ4_F2Ac_W42,socioeco,"Less than $30,000","$100,000 or more",0.13593567253236777,Q2,inferred,,Inferred from occupation,"Less than $30,000",low,high,0.6945707269458004,0.6945707309455217,-3.999721331915396e-09
PQ4_F2Ae_W42,socioeco,"Less than $30,000","$100,000 or more",0.4971038122358365,Q4,inferred,,Inferred from occupation,"Less than $30,000",low,high,0.7233001170672787,0.7756940302156118,-0.05239391314833308
PQ4_F2Bb_W42,socioeco,"Less than $30,000","$100,000 or more",0.1528595688454194,Q3,inferred,,Inferred from occupation,"Less than $30,000",low,high,0.5502153886016998,0.44222520069931825,0.10799018790238157
PQ4_F2Bc_W42,socioeco,"Less than $30,000","$100,000 or more",0.04909673566685244,Q1,inferred,,Inferred from occupation,"Less than $30,000",low,high,0.6156127680057523,0.6157259700004478,-0.00011320199469555536
PQ4_F2Bd_W42,socioeco,"Less than $30,000","$100,000 or more",0.12121293502201327,Q2,inferred,,Inferred from occupation,"Less than $30,000",low,high,0.6189501019993847,0.6189607939989834,-1.0691999598688717e-05
PQ4_F2Cc_W42,socioeco,"Less than $30,000","$100,000 or more",0.10313365608586739,Q2,inferred,,Inferred from occupation,"Less than $30,000",low,high,0.6085469360866629,0.6085629100855816,-1.5973998918727972e-05
PQ8_F2B_W42,socioeco,"Less than $30,000","$100,000 or more",0.3222527069527823,Q4,inferred,,Inferred from occupation,"Less than $30,000",low,high,0.6150563921505637,0.6148537201800369,0.00020267197052681318
RQ1_F1B_W42,socioeco,"Less than $30,000","$100,000 or more",0.08562608,Q2,inferred,,Inferred from occupation,"Less than $30,000",low,high,0.18806393074812705,0.30152135080033543,-0.11345742005220838
RQ1_F1C_W42,socioeco,"Less than $30,000","$100,000 or more",0.008140855000000002,Q1,inferred,,Inferred from occupation,"Less than $30,000",low,high,0.25550199086385245,0.14012631285806015,0.11537567800579229
RQ2_F1A_W42,socioeco,"Less than $30,000","$100,000 or more",0.23334321000000005,Q3,inferred,,Inferred from occupation,"Less than $30,000",low,high,0.3759489499999579,0.37592154199934663,2.7408000611295336e-05
RQ4_F1Ab_W42,socioeco,"Less than $30,000","$100,000 or more",0.33360953002000115,Q4,inferred,,Inferred from occupation,"Less than $30,000",low,high,0.505042271050337,0.5050429770509277,-7.060005906556199e-07
RQ4_F1Ae_W42,socioeco,"Less than $30,000","$100,000 or more",0.30514430715714946,Q4,inferred,,Inferred from occupation,"Less than $30,000",low,high,0.41968360550125994,0.562500196296046,-0.14281659079478604
RQ4_F1Ba_W42,socioeco,"Less than $30,000","$100,000 or more",0.19122297000000016,Q3,inferred,,Inferred from occupation,"Less than $30,000",low,high,0.5824269739352133,0.582083425919483,0.00034354801573022176
RQ4_F1Bc_W42,socioeco,"Less than $30,000","$100,000 or more",0.08793977999999963,Q2,inferred,,Inferred from occupation,"Less than $30,000",low,high,0.6656270260002759,0.6656376519991855,-1.0625998909552514e-05
RQ4_F1Bd_W42,socioeco,"Less than $30,000","$100,000 or more",0.04225304397369292,Q1,inferred,,Inferred from occupation,"Less than $30,000",low,high,0.5969337336660571,0.5966802801403045,0.0002534535257525672
RQ4_F1Be_W42,socioeco,"Less than $30,000","$100,000 or more",0.23054055000000034,Q3,inferred,,Inferred from occupation,"Less than $30,000",low,high,0.5285470585123626,0.6902629758635543,-0.16171591735119173
RQ4_F1Ca_W42,socioeco,"Less than $30,000","$100,000 or more",0.1086990500000003,Q2,inferred,,Inferred from occupation,"Less than $30,000",low,high,0.5147320940007536,0.514130290032005,0.0006018039687485377
RQ4_F1Cb_W42,socioeco,"Less than $30,000","$100,000 or more",0.14329165999999965,Q2,inferred,,Inferred from occupation,"Less than $30,000",low,high,0.5058217520000985,0.5058022000000002,1.9552000098288502e-05
RQ4_F1Cd_W42,socioeco,"Less than $30,000","$100,000 or more",0.09901093999999998,Q2,inferred,,Inferred from occupation,"Less than $30,000",low,high,0.5985583158830969,0.5979487878059794,0.0006095280771175604
RQ5_F1B_W42,socioeco,"Less than $30,000","$100,000 or more",0.28950205,Q4,inferred,,Inferred from occupation,"Less than $30,000",low,high,1.3826948107338375,1.4204942287901368,-0.03779941805629927
RQ5_F1C_W42,socioeco,"Less than $30,000","$100,000 or more",0.25161639,Q3,inferred,,Inferred from occupation,"Less than $30,000",low,high,1.4222029840119177,1.4249558339935877,-0.0027528499816700247
IDIMPORT_W43,socioeco,"Less than $30,000","$100,000 or more",0.2893016100000001,Q4,inferred,,Inferred from occupation,"Less than $30,000",low,high,1.65770276400026,1.6577844080007735,-8.1644000513581e-05
RACESURV13_W43,socioeco,"Less than $30,000","$100,000 or more",0.16516058921642549,Q3,inferred,,Inferred from occupation,"Less than $30,000",low,high,0.5677355561884179,0.6391957619090052,-0.07146020572058731
RACESURV14_W43,socioeco,"Less than $30,000","$100,000 or more",0.060358142281710436,Q1,inferred,,Inferred from occupation,"Less than $30,000",low,high,0.7718170997185748,0.7718259937182181,-8.893999643322381e-06
RACESURV15a_W43,socioeco,"Less than $30,000","$100,000 or more",0.050919237756242186,Q1,inferred,,Inferred from occupation,"Less than $30,000",low,high,0.13559753977470212,0.16904388187495778,-0.033446342100255655
RACESURV15b_W43,socioeco,"Less than $30,000","$100,000 or more",0.11308514999999994,Q2,inferred,,Inferred from occupation,"Less than $30,000",low,high,0.336450101013536,0.3368202340029417,-0.0003701329894056915
RACESURV17_W43,socioeco,"Less than $30,000","$100,000 or more",0.04996936000000002,Q1,inferred,,Inferred from occupation,"Less than $30,000",low,high,0.634905538940594,0.6058515418313518,0.02905399710924217
RACESURV18b_W43,socioeco,"Less than $30,000","$100,000 or more",0.14870248223682492,Q3,inferred,,Inferred from occupation,"Less than $30,000",low,high,0.8819233439419402,0.8819849620750633,-6.161813312310915e-05
RACESURV18f_W43,socioeco,"Less than $30,000","$100,000 or more",0.07342945073429451,Q1,inferred,,Inferred from occupation,"Less than $30,000",low,high,0.4272138684601858,0.427962554906261,-0.0007486864460752307
RACESURV19a_W43,socioeco,"Less than $30,000","$100,000 or more",0.04582994312043631,Q1,inferred,,Inferred from occupation,"Less than $30,000",low,high,0.7344163973443483,0.7344166313442316,-2.339998833589263e-07
RACESURV19c_W43,socioeco,"Less than $30,000","$100,000 or more",0.1629405699999999,Q3,inferred,,Inferred from occupation,"Less than $30,000",low,high,0.8318157740027692,0.8321760980012145,-0.00036032399844532215
RACESURV19e_W43,socioeco,"Less than $30,000","$100,000 or more",0.027891895958388757,Q1,inferred,,Inferred from occupation,"Less than $30,000",low,high,0.8121090558791013,0.812115567879167,-6.512000065739265e-06
RACESURV1b_W43,socioeco,"Less than $30,000","$100,000 or more",0.1531344784686553,Q3,inferred,,Inferred from occupation,"Less than $30,000",low,high,0.3278683227206422,0.32785371572012906,1.4607000513144897e-05
RACESURV21_W43,socioeco,"Less than $30,000","$100,000 or more",0.3364888266351118,Q4,inferred,,Inferred from occupation,"Less than $30,000",low,high,0.708407229589534,0.7245880928799924,-0.016180863290458425
RACESURV27_W43,socioeco,"Less than $30,000","$100,000 or more",0.11925969033530831,Q2,inferred,,Inferred from occupation,"Less than $30,000",low,high,1.0703531676309834,1.084598162029398,-0.014244994398414645
RACESURV28a_W43,socioeco,"Less than $30,000","$100,000 or more",0.015349624999999978,Q1,inferred,,Inferred from occupation,"Less than $30,000",low,high,0.2269153352962323,0.2750330779899655,-0.0481177426937332
RACESURV28b_W43,socioeco,"Less than $30,000","$100,000 or more",0.037529884999999985,Q1,inferred,,Inferred from occupation,"Less than $30,000",low,high,0.2951338740669774,0.2978207640018689,-0.002686889934891523
RACESURV28c_W43,socioeco,"Less than $30,000","$100,000 or more",0.03396232499999996,Q1,inferred,,Inferred from occupation,"Less than $30,000",low,high,0.30088153599879863,0.301001827,-0.00012029100120136693
RACESURV28d_W43,socioeco,"Less than $30,000","$100,000 or more",0.035200420000000066,Q1,inferred,,Inferred from occupation,"Less than $30,000",low,high,0.18109484100289236,0.181188742,-9.390099710765432e-05
RACESURV28e_W43,socioeco,"Less than $30,000","$100,000 or more",0.0038351799999998826,Q1,inferred,,Inferred from occupation,"Less than $30,000",low,high,0.18308207499639972,0.18316855099750623,-8.647600110650577e-05
RACESURV28f_W43,socioeco,"Less than $30,000","$100,000 or more",0.0604450864273704,Q1,inferred,,Inferred from occupation,"Less than $30,000",low,high,0.3400496187372104,0.3564197844526653,-0.01637016571545491
RACESURV28g_W43,socioeco,"Less than $30,000","$100,000 or more",0.03035423819018293,Q1,inferred,,Inferred from occupation,"Less than $30,000",low,high,0.34914807299102196,0.3492750650001949,-0.00012699200917293263
RACESURV29d_W43,socioeco,"Less than $30,000","$100,000 or more",0.39589305375556566,Q4,inferred,,Inferred from occupation,"Less than $30,000",low,high,0.8600185594022914,0.8602814773972788,-0.0002629179949873439
RACESURV2_W43,socioeco,"Less than $30,000","$100,000 or more",0.2488893926842083,Q3,inferred,,Inferred from occupation,"Less than $30,000",low,high,0.922115904780029,0.9221147927785438,1.1120014852261662e-06
RACESURV34a_W43,socioeco,"Less than $30,000","$100,000 or more",0.2520057740119579,Q3,inferred,,Inferred from occupation,"Less than $30,000",low,high,0.4600752569990489,0.4600787220004409,-3.465001392033429e-06
RACESURV34b_W43,socioeco,"Less than $30,000","$100,000 or more",0.10841161810635952,Q2,inferred,,Inferred from occupation,"Less than $30,000",low,high,0.5259270600051025,0.5260526150001414,-0.00012555499503896783
RACESURV34c_W43,socioeco,"Less than $30,000","$100,000 or more",0.42600003426,Q4,inferred,,Inferred from occupation,"Less than $30,000",low,high,0.557858632670583,0.4488813354889203,0.10897729718166271
RACESURV34d_W43,socioeco,"Less than $30,000","$100,000 or more",0.4843864103540296,Q4,inferred,,Inferred from occupation,"Less than $30,000",low,high,0.40856146157228174,0.7559272947735122,-0.34736583320123043
RACESURV34e_W43,socioeco,"Less than $30,000","$100,000 or more",0.21560540597817002,Q3,inferred,,Inferred from occupation,"Less than $30,000",low,high,0.26719464299999995,0.44164846127742236,-0.1744538182774224
RACESURV38_W43,socioeco,"Less than $30,000","$100,000 or more",0.15582831999999996,Q3,inferred,,Inferred from occupation,"Less than $30,000",low,high,0.867061992604392,1.0262848960000002,-0.15922290339560818
RACESURV40_W43,socioeco,"Less than $30,000","$100,000 or more",0.08064263080642635,Q2,inferred,,Inferred from occupation,"Less than $30,000",low,high,0.3086673524046658,0.3086631083354785,4.24406918730913e-06
RACESURV41_W43,socioeco,"Less than $30,000","$100,000 or more",0.05444975000000001,Q1,inferred,,Inferred from occupation,"Less than $30,000",low,high,0.5043888842795505,0.5044152311840832,-2.6346904532625892e-05
RACESURV45_W43,socioeco,"Less than $30,000","$100,000 or more",0.10297635999999993,Q2,inferred,,Inferred from occupation,"Less than $30,000",low,high,0.6000458642085916,0.5863577052227533,0.013688158985838306
RACESURV47a_W43,socioeco,"Less than $30,000","$100,000 or more",0.11641905000000011,Q2,inferred,,Inferred from occupation,"Less than $30,000",low,high,1.5302219679872195,1.5302219839906375,-1.6003417924181917e-08
RACESURV47b_W43,socioeco,"Less than $30,000","$100,000 or more",0.10827083,Q2,inferred,,Inferred from occupation,"Less than $30,000",low,high,1.107899473979837,1.1078993419827063,1.3199713055911388e-07
RACESURV47d_W43,socioeco,"Less than $30,000","$100,000 or more",0.2218545478030579,Q3,inferred,,Inferred from occupation,"Less than $30,000",low,high,1.4463330176292768,1.2914190122141922,0.1549140054150846
RACESURV47e_W43,socioeco,"Less than $30,000","$100,000 or more",0.13487718000000015,Q2,inferred,,Inferred from occupation,"Less than $30,000",low,high,1.566712663975661,1.6076747497714723,-0.04096208579581129
RACESURV47f_W43,socioeco,"Less than $30,000","$100,000 or more",0.0757288094073287,Q1,inferred,,Inferred from occupation,"Less than $30,000",low,high,1.1349945579844936,1.1349947479901443,-1.9000565076865428e-07
RACESURV48_W43,socioeco,"Less than $30,000","$100,000 or more",0.09682389080110809,Q2,inferred,,Inferred from occupation,"Less than $30,000",low,high,0.9198778128007891,0.9198840288009217,-6.21600013261947e-06
RACESURV51_W43,socioeco,"Less than $30,000","$100,000 or more",0.046241248735494164,Q1,inferred,,Inferred from occupation,"Less than $30,000",low,high,0.16802959900002573,0.1680227859997641,6.813000261618463e-06
RACESURV52_W43,socioeco,"Less than $30,000","$100,000 or more",0.18872453000000006,Q3,inferred,,Inferred from occupation,"Less than $30,000",low,high,0.9038599720005192,0.9038679979995932,-8.025999074012802e-06
RACESURV5a_W43,socioeco,"Less than $30,000","$100,000 or more",0.17443832668547699,Q3,inferred,,Inferred from occupation,"Less than $30,000",low,high,0.9905231080624451,1.0989663869907025,-0.10844327892825734
RACESURV5b_W43,socioeco,"Less than $30,000","$100,000 or more",0.16134562483985856,Q3,inferred,,Inferred from occupation,"Less than $30,000",low,high,0.5625915880071215,0.4541841813239379,0.1084074066831836
RACESURV5d_W43,socioeco,"Less than $30,000","$100,000 or more",0.06263871033389114,Q1,inferred,,Inferred from occupation,"Less than $30,000",low,high,0.6491225510238392,0.6510081519975757,-0.0018856009737364676
RACESURV5e_W43,socioeco,"Less than $30,000","$100,000 or more",0.28855220000000015,Q4,inferred,,Inferred from occupation,"Less than $30,000",low,high,0.701707661002154,0.7016700080046091,3.765299754487916e-05
RACESURV5f_W43,socioeco,"Less than $30,000","$100,000 or more",0.06095199118227868,Q1,inferred,,Inferred from occupation,"Less than $30,000",low,high,0.2628761978574734,0.31089901431137934,-0.04802281645390594
RACESURV5g_W43,socioeco,"Less than $30,000","$100,000 or more",0.17250203499999983,Q3,inferred,,Inferred from occupation,"Less than $30,000",low,high,0.5723354580062571,0.5729232739941417,-0.000587815987884599
RACESURV5h_W43,socioeco,"Less than $30,000","$100,000 or more",0.14085461640854607,Q2,inferred,,Inferred from occupation,"Less than $30,000",low,high,0.8046942760458135,0.8047525520524638,-5.827600665031518e-05
RACESURV5i_W43,socioeco,"Less than $30,000","$100,000 or more",0.08947454509150732,Q2,inferred,,Inferred from occupation,"Less than $30,000",low,high,1.1979321849879736,1.1981137540260276,-0.00018156903805399693
RACESURV5j_W43,socioeco,"Less than $30,000","$100,000 or more",0.10316130500000009,Q2,inferred,,Inferred from occupation,"Less than $30,000",low,high,0.5700922070358427,0.5707903640135019,-0.0006981569776591812
RACESURV5l_W43,socioeco,"Less than $30,000","$100,000 or more",0.17379970499999997,Q3,inferred,,Inferred from occupation,"Less than $30,000",low,high,1.6810636510629924,1.682354052,-0.0012904009370076075
RACESURV9_W43,socioeco,"Less than $30,000","$100,000 or more",0.10774148999999994,Q2,inferred,,Inferred from occupation,"Less than $30,000",low,high,0.39198276452413156,0.3438580632941268,0.04812470123000473
INFOCHALa_W45,socioeco,"Less than $30,000","$100,000 or more",0.32699286999999977,Q4,inferred,,Inferred from occupation,"Less than $30,000",low,high,0.6367212659999439,0.6367241860000481,-2.920000104156273e-06
INFOCREATEa_W45,socioeco,"Less than $30,000","$100,000 or more",0.1735635296774144,Q3,inferred,,Inferred from occupation,"Less than $30,000",low,high,0.5558295241830606,0.5291208788774855,0.02670864530557515
MADEUPOFT_W45,socioeco,"Less than $30,000","$100,000 or more",0.10638791708712841,Q2,inferred,,Inferred from occupation,"Less than $30,000",low,high,0.545640781890832,0.351587873028534,0.19405290886229798
MADEUPTOPICb_W45,socioeco,"Less than $30,000","$100,000 or more",0.04183380000000014,Q1,inferred,,Inferred from occupation,"Less than $30,000",low,high,0.48830083601056073,0.488432734003435,-0.00013189799287427473
MADEUPTOPICc_W45,socioeco,"Less than $30,000","$100,000 or more",0.03779307931115472,Q1,inferred,,Inferred from occupation,"Less than $30,000",low,high,0.7131257752270551,0.9214119270484068,-0.20828615182135168
MADEUPTOPICd_W45,socioeco,"Less than $30,000","$100,000 or more",0.11269314002075606,Q2,inferred,,Inferred from occupation,"Less than $30,000",low,high,0.865669889452281,0.8825306440702166,-0.01686075461793568
NEWSPROBd_W45,socioeco,"Less than $30,000","$100,000 or more",0.08974966061541967,Q2,inferred,,Inferred from occupation,"Less than $30,000",low,high,0.6655431426405041,0.6327712588416653,0.032771883798838775
NEWSPROBe_W45,socioeco,"Less than $30,000","$100,000 or more",0.10742406902385437,Q2,inferred,,Inferred from occupation,"Less than $30,000",low,high,1.0015199761769893,1.0524964303922002,-0.05097645421521091
NEWS_PLATFORMg_W45,socioeco,"Less than $30,000","$100,000 or more",0.32111767278716313,Q4,inferred,,Inferred from occupation,"Less than $30,000",low,high,0.7074943740732855,1.173981468793897,-0.46648709472061145
SMLIKESb_W45,socioeco,"Less than $30,000","$100,000 or more",0.010746680000000008,Q1,inferred,,Inferred from occupation,"Less than $30,000",low,high,1.0026922281629906,1.0068649020092257,-0.004172673846235098
SMLIKESf_W45,socioeco,"Less than $30,000","$100,000 or more",0.07971442999999995,Q1,inferred,,Inferred from occupation,"Less than $30,000",low,high,0.4850440841077664,0.642317900014018,-0.1572738159062516
BENEFITGOV_W49,socioeco,"Less than $30,000","$100,000 or more",0.23874836999999996,Q3,inferred,,Inferred from occupation,"Less than $30,000",low,high,0.5898683979262411,0.712013195124676,-0.12214479719843485
CONCERNCO_W49,socioeco,"Less than $30,000","$100,000 or more",0.16179116999999982,Q3,inferred,,Inferred from occupation,"Less than $30,000",low,high,0.3313317000985211,0.6348904885154197,-0.30355878841689865
CONCERNGRPa_W49,socioeco,"Less than $30,000","$100,000 or more",0.2061189199358142,Q3,inferred,,Inferred from occupation,"Less than $30,000",low,high,0.6335617988311911,0.5662372233555314,0.06732457547565973
CONCERNGRPc_W49,socioeco,"Less than $30,000","$100,000 or more",0.04203335000000008,Q1,inferred,,Inferred from occupation,"Less than $30,000",low,high,0.5084067093731791,0.43920114050808257,0.06920556886509655
CONTROLCO_W49,socioeco,"Less than $30,000","$100,000 or more",0.09815530591680234,Q2,inferred,,Inferred from occupation,"Less than $30,000",low,high,0.5099870449120516,0.9399897860425206,-0.430002741130469
CONTROLGRPc_W49,socioeco,"Less than $30,000","$100,000 or more",0.21806317000000008,Q3,inferred,,Inferred from occupation,"Less than $30,000",low,high,0.7800033579721388,0.2464876637708681,0.5335156942012708
DATAUSEd_W49,socioeco,"Less than $30,000","$100,000 or more",0.10265790999999996,Q2,inferred,,Inferred from occupation,"Less than $30,000",low,high,0.4145302439986146,0.41453006799847747,1.7600013713092721e-07
FACE3c_W49,socioeco,"Less than $30,000","$100,000 or more",0.09007282332476352,Q2,inferred,,Inferred from occupation,"Less than $30,000",low,high,0.9907252479036083,0.9907022819234111,2.2965980197131586e-05
GOVREGV1_W49,socioeco,"Less than $30,000","$100,000 or more",0.09772339790500356,Q2,inferred,,Inferred from occupation,"Less than $30,000",low,high,0.20947086590517622,0.20948763490483546,-1.676899965924461e-05
HOMEASSIST2_W49,socioeco,"Less than $30,000","$100,000 or more",0.054229094810306605,Q1,inferred,,Inferred from occupation,"Less than $30,000",low,high,0.5532490762421581,0.7638602171993085,-0.2106111409571504
HOMEASSIST3_W49,socioeco,"Less than $30,000","$100,000 or more",0.01999895650318237,Q1,inferred,,Inferred from occupation,"Less than $30,000",low,high,0.30939289643577167,0.26722232298783977,0.0421705734479319
HOMEASSIST4_W49,socioeco,"Less than $30,000","$100,000 or more",0.23615742723486072,Q3,inferred,,Inferred from occupation,"Less than $30,000",low,high,0.8301227241800222,1.2404428496148998,-0.4103201254348776
PP5e_W49,socioeco,"Less than $30,000","$100,000 or more",0.18613370077639743,Q3,inferred,,Inferred from occupation,"Less than $30,000",low,high,0.698572759028204,0.6176240706417171,0.08094868838648694
PWMAN2_W49,socioeco,"Less than $30,000","$100,000 or more",0.34020970290514396,Q4,inferred,,Inferred from occupation,"Less than $30,000",low,high,0.9273521158947474,1.0356798427302396,-0.10832772683549219
SMARTAPP_W49,socioeco,"Less than $30,000","$100,000 or more",0.11020173999999999,Q2,inferred,,Inferred from occupation,"Less than $30,000",low,high,1.0399249402766153,0.20134032847857236,0.8385846117980429
TRACKCO1a_W49,socioeco,"Less than $30,000","$100,000 or more",0.5187109719759118,Q4,inferred,,Inferred from occupation,"Less than $30,000",low,high,0.6172707079405308,0.8265270420648877,-0.20925633412435685
TRACKCO1b_W49,socioeco,"Less than $30,000","$100,000 or more",0.28269929273071226,Q4,inferred,,Inferred from occupation,"Less than $30,000",low,high,0.7181885798287894,1.2611597293009909,-0.5429711494722015
TRACKGOV1a_W49,socioeco,"Less than $30,000","$100,000 or more",0.21002390000000026,Q3,inferred,,Inferred from occupation,"Less than $30,000",low,high,1.1393621100003057,1.139228974002577,0.00013313599772879492
TRACKGOV1b_W49,socioeco,"Less than $30,000","$100,000 or more",0.23954767760452322,Q3,inferred,,Inferred from occupation,"Less than $30,000",low,high,0.8263460177365398,1.0085013971759018,-0.182155379439362
COHABDUR_W50,socioeco,"Less than $30,000","$100,000 or more",0.2885594546356548,Q4,inferred,,Inferred from occupation,"Less than $30,000",low,high,2.3332904577357247,2.079246715861816,0.25404374187390877
DNA2b_W50,socioeco,"Less than $30,000","$100,000 or more",0.000849690000000014,Q1,inferred,,Inferred from occupation,"Less than $30,000",low,high,0.40702062399967737,0.40701494400020344,5.679999473928721e-06
DNA5_W50,socioeco,"Less than $30,000","$100,000 or more",0.12083113000000001,Q2,inferred,,Inferred from occupation,"Less than $30,000",low,high,0.24243208799909305,0.24244460799981013,-1.2520000717081148e-05
E5MOD_W50,socioeco,"Less than $30,000","$100,000 or more",0.27614361000000004,Q4,inferred,,Inferred from occupation,"Less than $30,000",low,high,0.49552042744606856,0.7479858174598257,-0.2524653900137572
FAMSURV10c_W50,socioeco,"Less than $30,000","$100,000 or more",0.54169700458303,Q4,inferred,,Inferred from occupation,"Less than $30,000",low,high,0.8428335775762912,0.840440813548529,0.0023927640277622286
FAMSURV16_W50,socioeco,"Less than $30,000","$100,000 or more",0.012576359999999981,Q1,inferred,,Inferred from occupation,"Less than $30,000",low,high,0.19498727563362925,0.15841218016526817,0.036575095468361074
FAMSURV1_W50,socioeco,"Less than $30,000","$100,000 or more",0.23085755000000008,Q3,inferred,,Inferred from occupation,"Less than $30,000",low,high,0.43833345456375256,0.7998763456213034,-0.36154289105755083
FAMSURV20_W50,socioeco,"Less than $30,000","$100,000 or more",0.16529019,Q3,inferred,,Inferred from occupation,"Less than $30,000",low,high,0.3663597405380866,0.32501669765526564,0.04134304288282098
FAMSURV23b_W50,socioeco,"Less than $30,000","$100,000 or more",0.26873290964451724,Q3,inferred,,Inferred from occupation,"Less than $30,000",low,high,0.61029672002742,0.615218934132962,-0.004922214105542055
FAMSURV23c_W50,socioeco,"Less than $30,000","$100,000 or more",0.34695295000000004,Q4,inferred,,Inferred from occupation,"Less than $30,000",low,high,0.4154031860020913,0.41537510999878596,2.807600330534399e-05
FAMSURV23d_W50,socioeco,"Less than $30,000","$100,000 or more",0.22394044999999999,Q3,inferred,,Inferred from occupation,"Less than $30,000",low,high,0.38115438237798493,0.16303917621614458,0.21811520616184035
FAMSURV23e_W50,socioeco,"Less than $30,000","$100,000 or more",0.18655973923904706,Q3,inferred,,Inferred from occupation,"Less than $30,000",low,high,0.9573990281529443,1.060447345708485,-0.10304831755554078
FAMSURV23f_W50,socioeco,"Less than $30,000","$100,000 or more",0.17203301899098583,Q3,inferred,,Inferred from occupation,"Less than $30,000",low,high,0.867387884990986,1.0366826802203613,-0.1692947952293753
FAMSURV23g_W50,socioeco,"Less than $30,000","$100,000 or more",0.08132022999999997,Q2,inferred,,Inferred from occupation,"Less than $30,000",low,high,0.6641868920486854,0.5215532143600354,0.14263367768864998
FAMSURV26a_W50,socioeco,"Less than $30,000","$100,000 or more",0.10111904514972142,Q2,inferred,,Inferred from occupation,"Less than $30,000",low,high,0.3032518398435158,0.7720313304897031,-0.4687794906461873
FAMSURV26b_W50,socioeco,"Less than $30,000","$100,000 or more",0.04211756275137811,Q1,inferred,,Inferred from occupation,"Less than $30,000",low,high,0.5489856458274102,0.6582357788615883,-0.10925013303417819
FAMSURV26c_W50,socioeco,"Less than $30,000","$100,000 or more",0.17925477184455071,Q3,inferred,,Inferred from occupation,"Less than $30,000",low,high,0.4045402429022361,0.7559851527544209,-0.3514449098521848
FAMSURV26d_W50,socioeco,"Less than $30,000","$100,000 or more",0.25595823999999995,Q3,inferred,,Inferred from occupation,"Less than $30,000",low,high,0.8581344913678404,0.8732575003860145,-0.015123009018174094
FAMSURV29_W50,socioeco,"Less than $30,000","$100,000 or more",0.07915476999999993,Q1,inferred,,Inferred from occupation,"Less than $30,000",low,high,0.6127159410020014,0.7580892301912598,-0.1453732891892584
FAMSURV2Ma_W50,socioeco,"Less than $30,000","$100,000 or more",0.10639393999999996,Q2,inferred,,Inferred from occupation,"Less than $30,000",low,high,0.5136148800152311,0.44297406442196774,0.0706408155932634
FAMSURV2Mc_W50,socioeco,"Less than $30,000","$100,000 or more",0.09708546999999987,Q2,inferred,,Inferred from occupation,"Less than $30,000",low,high,0.47440886798527526,0.39628085834196136,0.0781280096433139
FAMSURV2Wa_W50,socioeco,"Less than $30,000","$100,000 or more",0.1212305600000001,Q2,inferred,,Inferred from occupation,"Less than $30,000",low,high,0.505742317851078,0.39821906247264227,0.10752325537843577
FAMSURV2Wc_W50,socioeco,"Less than $30,000","$100,000 or more",0.08647343962300888,Q2,inferred,,Inferred from occupation,"Less than $30,000",low,high,0.4820720051858567,0.4793056290942009,0.002766376091655809
FAMSURV32e_W50,socioeco,"Less than $30,000","$100,000 or more",0.35601861999999956,Q4,inferred,,Inferred from occupation,"Less than $30,000",low,high,0.7482646714018786,0.7338612090887375,0.014403462313141047
FAMSURV39_W50,socioeco,"Less than $30,000","$100,000 or more",0.031161639151510684,Q1,inferred,,Inferred from occupation,"Less than $30,000",low,high,0.5904651604502547,0.5843251351034302,0.0061400253468244514
FAMSURV3_W50,socioeco,"Less than $30,000","$100,000 or more",0.11734101471693692,Q2,inferred,,Inferred from occupation,"Less than $30,000",low,high,0.4642196006870405,0.4677438907880326,-0.003524290100992089
FAMSURV40_W50,socioeco,"Less than $30,000","$100,000 or more",0.4512988865625954,Q4,inferred,,Inferred from occupation,"Less than $30,000",low,high,1.343711323437988,1.343725097437651,-1.3773999662847203e-05
FAMSURV43_W50,socioeco,"Less than $30,000","$100,000 or more",0.06659576999999994,Q1,inferred,,Inferred from occupation,"Less than $30,000",low,high,0.5399562391612132,0.3239538728242116,0.21600236633700154
FAMSURV44_W50,socioeco,"Less than $30,000","$100,000 or more",0.2935650958466014,Q4,inferred,,Inferred from occupation,"Less than $30,000",low,high,0.7705921686659423,0.25816365249656387,0.5124285161693785
FAMSURV6_W50,socioeco,"Less than $30,000","$100,000 or more",0.1439479124105139,Q2,inferred,,Inferred from occupation,"Less than $30,000",low,high,0.7831915837334699,0.7952066057505218,-0.012015022017051957
FAMSURV9c_W50,socioeco,"Less than $30,000","$100,000 or more",0.62580691,Q4,inferred,,Inferred from occupation,"Less than $30,000",low,high,0.8349599899967602,0.8219541703399824,0.013005819656777828
FATHER_W50,socioeco,"Less than $30,000","$100,000 or more",0.055669409999999975,Q1,inferred,,Inferred from occupation,"Less than $30,000",low,high,0.52497630602405,0.524189729987294,0.0007865760367560259
HAVEKIDS1_W50,socioeco,"Less than $30,000","$100,000 or more",0.12648768,Q2,inferred,,Inferred from occupation,"Less than $30,000",low,high,0.8730793052457179,0.770933848848604,0.10214545639711381
MARRDUR_W50,socioeco,"Less than $30,000","$100,000 or more",0.5791028060002927,Q4,inferred,,Inferred from occupation,"Less than $30,000",low,high,3.1690217037608304,1.2309253650780994,1.938096338682731
MARRYPREF1_W50,socioeco,"Less than $30,000","$100,000 or more",0.05761615999999997,Q1,inferred,,Inferred from occupation,"Less than $30,000",low,high,0.3261797270001099,0.3261594130008605,2.0313999249399473e-05
MARRYPREF2_W50,socioeco,"Less than $30,000","$100,000 or more",0.019813456353172373,Q1,inferred,,Inferred from occupation,"Less than $30,000",low,high,0.33911009660881325,0.33898805560811085,0.00012204100070239976
MOTHER_W50,socioeco,"Less than $30,000","$100,000 or more",0.030660380000000043,Q1,inferred,,Inferred from occupation,"Less than $30,000",low,high,0.37665763800764973,0.3741353859164611,0.002522252091188615
PAR1_W50,socioeco,"Less than $30,000","$100,000 or more",0.0683276499999999,Q1,inferred,,Inferred from occupation,"Less than $30,000",low,high,0.2029798549978071,0.20300862399925554,-2.8769001448436526e-05
PAR2_W50,socioeco,"Less than $30,000","$100,000 or more",0.11530310538629299,Q2,inferred,,Inferred from occupation,"Less than $30,000",low,high,0.19005777090499767,0.18992870490373487,0.00012906600126280643
ROMRELDUR_W50,socioeco,"Less than $30,000","$100,000 or more",0.48102386571196143,Q4,inferred,,Inferred from occupation,"Less than $30,000",low,high,3.103965386308013,3.0666113050556763,0.03735408125233697
ROMRELSER_W50,socioeco,"Less than $30,000","$100,000 or more",0.08363963000000008,Q2,inferred,,Inferred from occupation,"Less than $30,000",low,high,0.6347103072385281,0.3836332267787739,0.2510770804597542
SATLIFEc_W50,socioeco,"Less than $30,000","$100,000 or more",0.8678198781459986,Q4,inferred,,Inferred from occupation,"Less than $30,000",low,high,0.7010669345158824,0.5736431230495054,0.12742381146637705
ECIMPg_W54,socioeco,"Less than $30,000","$100,000 or more",0.06784801067848012,Q1,inferred,,Inferred from occupation,"Less than $30,000",low,high,0.07312711973135388,0.07312747173129419,-3.519999403067686e-07
ECON1_W54,socioeco,"Less than $30,000","$100,000 or more",0.5619514684883408,Q4,inferred,,Inferred from occupation,"Less than $30,000",low,high,0.608370987927022,0.6167406500531066,-0.008369662126084587
ECON3_d_W54,socioeco,"Less than $30,000","$100,000 or more",0.2537989899999997,Q3,inferred,,Inferred from occupation,"Less than $30,000",low,high,0.7034144708481905,0.7686985085673671,-0.06528403771917657
ECON4_a_W54,socioeco,"Less than $30,000","$100,000 or more",0.3484762800000001,Q4,inferred,,Inferred from occupation,"Less than $30,000",low,high,0.6323615153522024,0.8498771298272682,-0.21751561447506573
ECON4_b_W54,socioeco,"Less than $30,000","$100,000 or more",0.5073725780230043,Q4,inferred,,Inferred from occupation,"Less than $30,000",low,high,0.8164854672145678,0.7022071334431472,0.1142783337714206
ECON4_e_W54,socioeco,"Less than $30,000","$100,000 or more",0.22006970336272957,Q3,inferred,,Inferred from occupation,"Less than $30,000",low,high,0.9149498310355905,0.6775705257120714,0.23737930532351903
ECON4_f_W54,socioeco,"Less than $30,000","$100,000 or more",0.67039652,Q4,inferred,,Inferred from occupation,"Less than $30,000",low,high,0.5587468730749146,0.6815801328820927,-0.12283325980717819
ECON4_g_W54,socioeco,"Less than $30,000","$100,000 or more",0.5931240799999999,Q4,inferred,,Inferred from occupation,"Less than $30,000",low,high,1.3081900525539616,1.244037235198398,0.06415281735556366
ECON5_b_W54,socioeco,"Less than $30,000","$100,000 or more",0.331065515,Q4,inferred,,Inferred from occupation,"Less than $30,000",low,high,0.3048100838900045,0.24127034047251633,0.06353974341748819
ECON5_c_W54,socioeco,"Less than $30,000","$100,000 or more",0.12171481355715412,Q2,inferred,,Inferred from occupation,"Less than $30,000",low,high,0.7000100149960822,0.672208864412456,0.0278011505836262
ECON5_d_W54,socioeco,"Less than $30,000","$100,000 or more",0.36696204500000007,Q4,inferred,,Inferred from occupation,"Less than $30,000",low,high,0.4016319266622517,0.6702294350763854,-0.2685975084141337
ECON5_e_W54,socioeco,"Less than $30,000","$100,000 or more",0.3131018499999999,Q4,inferred,,Inferred from occupation,"Less than $30,000",low,high,0.7029307500460897,0.5962270953126639,0.1067036547334258
ECON5_f_W54,socioeco,"Less than $30,000","$100,000 or more",0.1336124545474678,Q2,inferred,,Inferred from occupation,"Less than $30,000",low,high,0.7405504914771023,0.7296131182961311,0.01093737318097121
ECON5_g_W54,socioeco,"Less than $30,000","$100,000 or more",0.2962558049999997,Q4,inferred,,Inferred from occupation,"Less than $30,000",low,high,0.6371859664590451,0.6791159440079492,-0.04192997754890404
ECON5_h_W54,socioeco,"Less than $30,000","$100,000 or more",0.2635114673648849,Q3,inferred,,Inferred from occupation,"Less than $30,000",low,high,0.5329373660823711,0.47804678980535353,0.054890576277017544
ECON5_i_W54,socioeco,"Less than $30,000","$100,000 or more",0.16578209,Q3,inferred,,Inferred from occupation,"Less than $30,000",low,high,0.8674795440084356,0.8675060439885043,-2.6499980068650508e-05
ECON5_j_W54,socioeco,"Less than $30,000","$100,000 or more",0.3334647499999999,Q4,inferred,,Inferred from occupation,"Less than $30,000",low,high,0.7401975987469742,0.6590844056349051,0.0811131931120691
ECON5_k_W54,socioeco,"Less than $30,000","$100,000 or more",0.3028320295105402,Q4,inferred,,Inferred from occupation,"Less than $30,000",low,high,0.6379303570360976,0.7265488372134219,-0.08861848017732432
FIN_SIT_W54,socioeco,"Less than $30,000","$100,000 or more",1.34897585,Q4,inferred,,Inferred from occupation,"Less than $30,000",low,high,0.8737022875800307,0.8224256159257112,0.05127667165431948
GOVPRIORITYb_W54,socioeco,"Less than $30,000","$100,000 or more",0.07642103103924619,Q1,inferred,,Inferred from occupation,"Less than $30,000",low,high,0.6649149141973658,0.3205256763587418,0.344389237838624
GOVPRIORITYc_W54,socioeco,"Less than $30,000","$100,000 or more",0.4097259600000002,Q4,inferred,,Inferred from occupation,"Less than $30,000",low,high,0.5888940899999585,0.5888954479999833,-1.3580000247648272e-06
GOVPRIORITYd_W54,socioeco,"Less than $30,000","$100,000 or more",0.10033184000000017,Q2,inferred,,Inferred from occupation,"Less than $30,000",low,high,0.7380713819998346,0.7380716899999101,-3.080000755550927e-07
GOVPRIORITYf_W54,socioeco,"Less than $30,000","$100,000 or more",0.09367357592150583,Q2,inferred,,Inferred from occupation,"Less than $30,000",low,high,0.4984665519997922,0.49847282999979436,-6.278000002191142e-06
INEQ11_W54,socioeco,"Less than $30,000","$100,000 or more",0.13633592,Q2,inferred,,Inferred from occupation,"Less than $30,000",low,high,0.05921683000031306,0.0591979099987403,1.8920001572761413e-05
INEQ1_W54,socioeco,"Less than $30,000","$100,000 or more",0.1271846679862344,Q2,inferred,,Inferred from occupation,"Less than $30,000",low,high,0.328558225999922,0.328558780000044,-5.54000121999465e-07
INEQ4_a_W54,socioeco,"Less than $30,000","$100,000 or more",0.04945192259757791,Q1,inferred,,Inferred from occupation,"Less than $30,000",low,high,0.32524982878938075,0.3443296182514486,-0.019079789462067842
INEQ5_a_W54,socioeco,"Less than $30,000","$100,000 or more",0.17911897647595365,Q3,inferred,,Inferred from occupation,"Less than $30,000",low,high,0.6836967974874606,0.6931183247763392,-0.009421527288878573
INEQ5_d_W54,socioeco,"Less than $30,000","$100,000 or more",0.3936765700000003,Q4,inferred,,Inferred from occupation,"Less than $30,000",low,high,0.7248309484403116,0.760501431402188,-0.03567048296187636
INEQ5_e_W54,socioeco,"Less than $30,000","$100,000 or more",0.18507008024254828,Q3,inferred,,Inferred from occupation,"Less than $30,000",low,high,0.674990263056724,0.6630999790362782,0.011890284020445896
INEQ5_f_W54,socioeco,"Less than $30,000","$100,000 or more",0.026916740269167405,Q1,inferred,,Inferred from occupation,"Less than $30,000",low,high,0.7992326160115469,0.8009232820161752,-0.001690666004628305
INEQ5_h_W54,socioeco,"Less than $30,000","$100,000 or more",0.27504626275046273,Q3,inferred,,Inferred from occupation,"Less than $30,000",low,high,0.6928887069271987,0.6928795529287956,9.153998403177432e-06
INEQ5_i_W54,socioeco,"Less than $30,000","$100,000 or more",0.07154896999999982,Q1,inferred,,Inferred from occupation,"Less than $30,000",low,high,0.6688685579318798,0.6714929720942501,-0.0026244141623702477
INEQ5_k_W54,socioeco,"Less than $30,000","$100,000 or more",0.3372414600000001,Q4,inferred,,Inferred from occupation,"Less than $30,000",low,high,0.7335505453985642,0.6988059938703673,0.03474455152819689
INEQ5_l_W54,socioeco,"Less than $30,000","$100,000 or more",0.3860926700000002,Q4,inferred,,Inferred from occupation,"Less than $30,000",low,high,1.0843437339456252,1.0800935719326856,0.004250162012939596
INEQ5_m_W54,socioeco,"Less than $30,000","$100,000 or more",0.4777247299999996,Q4,inferred,,Inferred from occupation,"Less than $30,000",low,high,1.0392764280203703,1.0402421259988377,-0.0009656979784673503
INEQ8_a_W54,socioeco,"Less than $30,000","$100,000 or more",0.58994687,Q4,inferred,,Inferred from occupation,"Less than $30,000",low,high,0.7819812200018005,0.7820168820038885,-3.566200208804382e-05
INEQ8_b_W54,socioeco,"Less than $30,000","$100,000 or more",0.5026205668073678,Q4,inferred,,Inferred from occupation,"Less than $30,000",low,high,0.8397767999937985,0.8392543600089838,0.0005224399848147154
INEQ8_c_W54,socioeco,"Less than $30,000","$100,000 or more",0.3814130899999999,Q4,inferred,,Inferred from occupation,"Less than $30,000",low,high,0.8167676148397003,0.7633025869529368,0.05346502788676344
INEQ8_d_W54,socioeco,"Less than $30,000","$100,000 or more",0.44095700999999976,Q4,inferred,,Inferred from occupation,"Less than $30,000",low,high,0.8350766619964239,0.8347135060057661,0.00036315599065783744
INEQ8_f_W54,socioeco,"Less than $30,000","$100,000 or more",0.5148424486954328,Q4,inferred,,Inferred from occupation,"Less than $30,000",low,high,0.7781028039999999,0.7780393659940722,6.343800592767401e-05
INEQ8_g_W54,socioeco,"Less than $30,000","$100,000 or more",0.59325618,Q4,inferred,,Inferred from occupation,"Less than $30,000",low,high,0.7659868599991794,0.7652550020074956,0.0007318579916837376
INEQ8_h_W54,socioeco,"Less than $30,000","$100,000 or more",0.3722706473613822,Q4,inferred,,Inferred from occupation,"Less than $30,000",low,high,1.630848234321594,1.7532069388570866,-0.12235870453549258
INEQ8_i_W54,socioeco,"Less than $30,000","$100,000 or more",0.7351349151051562,Q4,inferred,,Inferred from occupation,"Less than $30,000",low,high,0.7559375219658622,0.7505616598798486,0.005375862086013594
INEQ8_j_W54,socioeco,"Less than $30,000","$100,000 or more",0.4947874700000002,Q4,inferred,,Inferred from occupation,"Less than $30,000",low,high,0.7315972578692955,0.7159117659999997,0.015685491869295798
JOBTRAIN_W54,socioeco,"Less than $30,000","$100,000 or more",0.10032045353147628,Q2,inferred,,Inferred from occupation,"Less than $30,000",low,high,0.6681132226810945,0.6681137046811313,-4.820000367722344e-07
WORRY2a_W54,socioeco,"Less than $30,000","$100,000 or more",1.126604382942253,Q4,inferred,,Inferred from occupation,"Less than $30,000",low,high,1.0903598405178507,0.7900352493901837,0.3003245911276671
WORRY2b_W54,socioeco,"Less than $30,000","$100,000 or more",0.8587411986462887,Q4,inferred,,Inferred from occupation,"Less than $30,000",low,high,1.0659303853406963,1.074525123118461,-0.00859473777776465
WORRY2c_W54,socioeco,"Less than $30,000","$100,000 or more",1.5974990800000002,Q4,inferred,,Inferred from occupation,"Less than $30,000",low,high,1.0632865204261779,0.930389162075918,0.13289735835025984
WORRY2d_W54,socioeco,"Less than $30,000","$100,000 or more",0.961874982596432,Q4,inferred,,Inferred from occupation,"Less than $30,000",low,high,0.8490627229042855,0.7572666533165966,0.09179606958768893
WORRY2e_W54,socioeco,"Less than $30,000","$100,000 or more",0.7903167499999997,Q4,inferred,,Inferred from occupation,"Less than $30,000",low,high,1.275149670939903,0.8066100839437237,0.46853958699617937
GAP21Q10_W82,socioeco,"Less than $30,000","$100,000 or more",0.07834156205409071,Q1,inferred,,Inferred from occupation,"Less than $30,000",low,high,0.12104381486334392,0.1759117915568501,-0.05486797669350618
GAP21Q13_b_W82,socioeco,"Less than $30,000","$100,000 or more",0.20093659200936587,Q3,inferred,,Inferred from occupation,"Less than $30,000",low,high,0.5736457736881485,0.5719992358413052,0.0016465378468433212
GAP21Q15_a_W82,socioeco,"Less than $30,000","$100,000 or more",0.1259874299999999,Q2,inferred,,Inferred from occupation,"Less than $30,000",low,high,1.2868109105844516,1.5033127151535683,-0.21650180456911672
GAP21Q15_b_W82,socioeco,"Less than $30,000","$100,000 or more",0.44796585000000005,Q4,inferred,,Inferred from occupation,"Less than $30,000",low,high,0.4808494700207837,0.48309517720938966,-0.00224570718860595
GAP21Q15_c_W82,socioeco,"Less than $30,000","$100,000 or more",0.3965058474417146,Q4,inferred,,Inferred from occupation,"Less than $30,000",low,high,0.8150345404401378,0.8431179574115889,-0.028083416971451114
GAP21Q15_d_W82,socioeco,"Less than $30,000","$100,000 or more",0.4573719600000004,Q4,inferred,,Inferred from occupation,"Less than $30,000",low,high,0.7003091873675783,1.0356798349579872,-0.3353706475904089
GAP21Q15_e_W82,socioeco,"Less than $30,000","$100,000 or more",0.39282520436615126,Q4,inferred,,Inferred from occupation,"Less than $30,000",low,high,0.6973600470386146,0.6947779022320252,0.0025821448065894703
GAP21Q15_f_W82,socioeco,"Less than $30,000","$100,000 or more",0.4337469281471086,Q4,inferred,,Inferred from occupation,"Less than $30,000",low,high,0.6883137394658224,0.7146744500834413,-0.02636071061761891
GAP21Q17_W82,socioeco,"Less than $30,000","$100,000 or more",0.13493914000000007,Q2,inferred,,Inferred from occupation,"Less than $30,000",low,high,0.505748527597653,0.6310416678369668,-0.12529314023931382
GAP21Q19_a_W82,socioeco,"Less than $30,000","$100,000 or more",0.055325972342267715,Q1,inferred,,Inferred from occupation,"Less than $30,000",low,high,0.8752896620510631,0.8868892815263141,-0.01159961947525101
GAP21Q19_b_W82,socioeco,"Less than $30,000","$100,000 or more",0.12458802229797714,Q2,inferred,,Inferred from occupation,"Less than $30,000",low,high,0.621844273803547,0.603164627032146,0.018679646771400993
GAP21Q19_c_W82,socioeco,"Less than $30,000","$100,000 or more",0.29524796,Q4,inferred,,Inferred from occupation,"Less than $30,000",low,high,0.6085848739507869,0.6095327159714204,-0.0009478420206335825
GAP21Q19_d_W82,socioeco,"Less than $30,000","$100,000 or more",0.5132924700000001,Q4,inferred,,Inferred from occupation,"Less than $30,000",low,high,0.7124965740249484,0.7152366360340319,-0.0027400620090834993
GAP21Q19_e_W82,socioeco,"Less than $30,000","$100,000 or more",0.27126272286706676,Q3,inferred,,Inferred from occupation,"Less than $30,000",low,high,0.5391694720929903,0.2889182805480025,0.25025119154498776
GAP21Q21_a_W82,socioeco,"Less than $30,000","$100,000 or more",0.3647694075765889,Q4,inferred,,Inferred from occupation,"Less than $30,000",low,high,0.5297150812236894,0.7308392911474755,-0.2011242099237861
GAP21Q21_e_W82,socioeco,"Less than $30,000","$100,000 or more",0.24190151000000013,Q3,inferred,,Inferred from occupation,"Less than $30,000",low,high,0.7288867180470153,0.7236257579827616,0.005260960064253695
GAP21Q23_W82,socioeco,"Less than $30,000","$100,000 or more",0.2773122800000001,Q4,inferred,,Inferred from occupation,"Less than $30,000",low,high,0.7226101140000464,0.7226173739999738,-7.259999927455851e-06
GAP21Q24_W82,socioeco,"Less than $30,000","$100,000 or more",0.11249851000000005,Q2,inferred,,Inferred from occupation,"Less than $30,000",low,high,0.7864751820700238,0.7885685060043582,-0.002093323934334479
GAP21Q25_W82,socioeco,"Less than $30,000","$100,000 or more",0.127366656104614,Q2,inferred,,Inferred from occupation,"Less than $30,000",low,high,0.6104401478962362,0.610440247895682,-9.999944572403052e-08
GAP21Q26_a_W82,socioeco,"Less than $30,000","$100,000 or more",0.2012450600000001,Q3,inferred,,Inferred from occupation,"Less than $30,000",low,high,0.7727028538130825,0.7663956658664681,0.006307187946614334
GAP21Q26_b_W82,socioeco,"Less than $30,000","$100,000 or more",0.08583910250991147,Q2,inferred,,Inferred from occupation,"Less than $30,000",low,high,0.6727403332568634,0.6728415752554598,-0.00010124199859640193
GAP21Q26_c_W82,socioeco,"Less than $30,000","$100,000 or more",0.2926978,Q4,inferred,,Inferred from occupation,"Less than $30,000",low,high,0.6470358480074164,0.6470247580005166,1.1090006899805438e-05
GAP21Q27_W82,socioeco,"Less than $30,000","$100,000 or more",0.03222672500000001,Q1,inferred,,Inferred from occupation,"Less than $30,000",low,high,0.38370679652627626,0.38913885149545185,-0.005432054969175593
GAP21Q28_W82,socioeco,"Less than $30,000","$100,000 or more",0.15857010437166036,Q3,inferred,,Inferred from occupation,"Less than $30,000",low,high,0.6844691488880021,0.6716406747164068,0.012828474171595383
GAP21Q31_W82,socioeco,"Less than $30,000","$100,000 or more",0.12291164000000049,Q2,inferred,,Inferred from occupation,"Less than $30,000",low,high,0.6403900357353179,0.6955766299521681,-0.05518659421685013
GAP21Q32_W82,socioeco,"Less than $30,000","$100,000 or more",0.2688368,Q3,inferred,,Inferred from occupation,"Less than $30,000",low,high,0.7399443840001735,0.7398950579989793,4.932600119422759e-05
GAP21Q33_c_W82,socioeco,"Less than $30,000","$100,000 or more",0.15202859880904152,Q3,inferred,,Inferred from occupation,"Less than $30,000",low,high,0.5117072028845457,0.5116632268836867,4.397600085903619e-05
GAP21Q33_g_W82,socioeco,"Less than $30,000","$100,000 or more",0.07489342000000004,Q1,inferred,,Inferred from occupation,"Less than $30,000",low,high,0.6007085860090415,0.5967826379719237,0.003925948037117877
GAP21Q33_i_W82,socioeco,"Less than $30,000","$100,000 or more",0.07720334708349519,Q1,inferred,,Inferred from occupation,"Less than $30,000",low,high,0.5749253030834953,0.4104860710834952,0.1644392320000001
GAP21Q33_j_W82,socioeco,"Less than $30,000","$100,000 or more",0.13679509999999995,Q2,inferred,,Inferred from occupation,"Less than $30,000",low,high,0.7598240939716177,0.7603027339914528,-0.0004786400198351082
GAP21Q33_m_W82,socioeco,"Less than $30,000","$100,000 or more",0.04198813315119898,Q1,inferred,,Inferred from occupation,"Less than $30,000",low,high,0.3490292676445351,0.34990223984147295,-0.0008729721969378268
GAP21Q33_n_W82,socioeco,"Less than $30,000","$100,000 or more",0.06885159214314074,Q1,inferred,,Inferred from occupation,"Less than $30,000",low,high,0.44325312156347974,0.439599325557502,0.0036537960059777608
GAP21Q33_q_W82,socioeco,"Less than $30,000","$100,000 or more",0.11704079999999989,Q2,inferred,,Inferred from occupation,"Less than $30,000",low,high,0.5434315640001506,0.5434293159999871,2.2480001634628266e-06
GAP21Q33_r_W82,socioeco,"Less than $30,000","$100,000 or more",0.09210742081818521,Q2,inferred,,Inferred from occupation,"Less than $30,000",low,high,0.40643957036916656,0.454970631912479,-0.04853106154331244
GAP21Q33_s_W82,socioeco,"Less than $30,000","$100,000 or more",0.38899956999999996,Q4,inferred,,Inferred from occupation,"Less than $30,000",low,high,0.5640153036221591,0.24817148338740658,0.31584382023475255
GAP21Q34_a_W82,socioeco,"Less than $30,000","$100,000 or more",0.07135351448868205,Q1,inferred,,Inferred from occupation,"Less than $30,000",low,high,0.8371863423716652,0.8371811783723215,5.163999343693604e-06
GAP21Q34_b_W82,socioeco,"Less than $30,000","$100,000 or more",0.12771381000000004,Q2,inferred,,Inferred from occupation,"Less than $30,000",low,high,0.857924787998596,0.8574963459941568,0.0004284420044391446
GAP21Q34_c_W82,socioeco,"Less than $30,000","$100,000 or more",0.030174959999999973,Q1,inferred,,Inferred from occupation,"Less than $30,000",low,high,0.8796566580541425,0.878530064016538,0.0011265940376045114
GAP21Q34_d_W82,socioeco,"Less than $30,000","$100,000 or more",0.06538488999999995,Q1,inferred,,Inferred from occupation,"Less than $30,000",low,high,0.866730722,0.8666996099971944,3.11120028055889e-05
GAP21Q34_e_W82,socioeco,"Less than $30,000","$100,000 or more",0.1939408519509162,Q3,inferred,,Inferred from occupation,"Less than $30,000",low,high,0.8329580484756919,0.8332610864477308,-0.0003030379720388998
GAP21Q34_f_W82,socioeco,"Less than $30,000","$100,000 or more",0.17810390430356307,Q3,inferred,,Inferred from occupation,"Less than $30,000",low,high,0.8534056354658717,0.8533802774657412,2.535800013048206e-05
GAP21Q38_a_W82,socioeco,"Less than $30,000","$100,000 or more",0.23009285000000002,Q3,inferred,,Inferred from occupation,"Less than $30,000",low,high,0.6288833756339353,0.6272773119478179,0.001606063686117376
GAP21Q38_b_W82,socioeco,"Less than $30,000","$100,000 or more",0.08343642208774316,Q2,inferred,,Inferred from occupation,"Less than $30,000",low,high,0.73687888201217,0.7521015204688491,-0.01522263845667915
GAP21Q38_c_W82,socioeco,"Less than $30,000","$100,000 or more",0.16120215,Q3,inferred,,Inferred from occupation,"Less than $30,000",low,high,0.7545480960076645,0.7547644560037696,-0.00021635999610514212
GAP21Q41_W82,socioeco,"Less than $30,000","$100,000 or more",0.20232576999999993,Q3,inferred,,Inferred from occupation,"Less than $30,000",low,high,0.5955532739929716,0.596116838007294,-0.0005635640143223375
GAP21Q43_g_W82,socioeco,"Less than $30,000","$100,000 or more",0.09638633724505746,Q2,inferred,,Inferred from occupation,"Less than $30,000",low,high,0.7034707940228683,0.60529842427543,0.09817236974743826
GAP21Q47_W82,socioeco,"Less than $30,000","$100,000 or more",0.11171348999999992,Q2,inferred,,Inferred from occupation,"Less than $30,000",low,high,1.4210263429840033,1.6289384944570648,-0.20791215147306152
GAP21Q4_a_W82,socioeco,"Less than $30,000","$100,000 or more",0.026012791467974805,Q1,inferred,,Inferred from occupation,"Less than $30,000",low,high,0.539741277110312,0.5264203752642038,0.013320901846108124
GAP21Q4_b_W82,socioeco,"Less than $30,000","$100,000 or more",0.22835342,Q3,inferred,,Inferred from occupation,"Less than $30,000",low,high,0.3866766744774903,0.44620734856960065,-0.059530674092110325
GAP21Q4_c_W82,socioeco,"Less than $30,000","$100,000 or more",0.3291946643863376,Q4,inferred,,Inferred from occupation,"Less than $30,000",low,high,0.5498517315227482,0.5510536494787863,-0.0012019179560380788
GAP21Q4_d_W82,socioeco,"Less than $30,000","$100,000 or more",0.3097513753157959,Q4,inferred,,Inferred from occupation,"Less than $30,000",low,high,0.5322221913556116,0.6151153721181888,-0.08289318076257723
GAP21Q4_e_W82,socioeco,"Less than $30,000","$100,000 or more",0.18866301445373918,Q3,inferred,,Inferred from occupation,"Less than $30,000",low,high,0.26951488698823556,0.5691683203083164,-0.2996534333200809
GAP21Q4_f_W82,socioeco,"Less than $30,000","$100,000 or more",0.36122027834048454,Q4,inferred,,Inferred from occupation,"Less than $30,000",low,high,0.5757508288544867,0.6134498552707295,-0.03769902641624279
GAP21Q7_a_W82,socioeco,"Less than $30,000","$100,000 or more",0.24657888933769098,Q3,inferred,,Inferred from occupation,"Less than $30,000",low,high,0.8201146539989155,0.8202210880034873,-0.00010643400457177599
GAP21Q7_b_W82,socioeco,"Less than $30,000","$100,000 or more",0.08214427736386419,Q2,inferred,,Inferred from occupation,"Less than $30,000",low,high,0.6481281697746912,0.5703645007070481,0.07776366906764309
GAP21Q7_d_W82,socioeco,"Less than $30,000","$100,000 or more",0.14067960999999998,Q2,inferred,,Inferred from occupation,"Less than $30,000",low,high,0.6015315312625946,0.46995136322287473,0.1315801680397199
BILLION_W92,socioeco,"Less than $30,000","$100,000 or more",0.02978101938608066,Q1,inferred,,Inferred from occupation,"Less than $30,000",low,high,0.22511340999997886,0.225121969,-8.559000021141072e-06
CANDEXP_W92,socioeco,"Less than $30,000","$100,000 or more",0.38432546343560103,Q4,inferred,,Inferred from occupation,"Less than $30,000",low,high,0.6511588379893577,0.6519333519948316,-0.000774514005473903
ELECT_CONF3_PRVFR_W92,socioeco,"Less than $30,000","$100,000 or more",0.07665973000000004,Q1,inferred,,Inferred from occupation,"Less than $30,000",low,high,0.7403878472191844,0.7602504841698612,-0.019862636950676804
ELECT_CONF3_PRVSUP_W92,socioeco,"Less than $30,000","$100,000 or more",0.014177215914685015,Q1,inferred,,Inferred from occupation,"Less than $30,000",low,high,0.6747776694037966,0.6903443599541899,-0.01556669055039328
ELECT_IMPT3_PRVFR_W92,socioeco,"Less than $30,000","$100,000 or more",0.21337091775522232,Q3,inferred,,Inferred from occupation,"Less than $30,000",low,high,0.7742271657267312,0.7750779517445601,-0.0008507860178288418
FREECOLL_W92,socioeco,"Less than $30,000","$100,000 or more",0.7192056458643618,Q4,inferred,,Inferred from occupation,"Less than $30,000",low,high,0.7617509999397811,0.6411604455070004,0.12059055443278077
GODMORALIMP_W92,socioeco,"Less than $30,000","$100,000 or more",0.40389864000000014,Q4,inferred,,Inferred from occupation,"Less than $30,000",low,high,0.9058947740000313,0.9058962639999253,-1.4899998940220982e-06
LEGALIMMIGAMT_W92,socioeco,"Less than $30,000","$100,000 or more",0.21179610699382495,Q3,inferred,,Inferred from occupation,"Less than $30,000",low,high,0.7684256661861117,0.8089764721250137,-0.040550805938901924
POLINTOL2_a_W92,socioeco,"Less than $30,000","$100,000 or more",0.1230989823740179,Q2,inferred,,Inferred from occupation,"Less than $30,000",low,high,0.652621190306258,0.6895697757720389,-0.03694858546578095
PROG_RNEED_W92,socioeco,"Less than $30,000","$100,000 or more",0.14081083000000005,Q2,inferred,,Inferred from occupation,"Less than $30,000",low,high,0.5440494040000033,0.5440495920000029,-1.879999995679782e-07
RACESURV52MOD_W92,socioeco,"Less than $30,000","$100,000 or more",0.28140402281404026,Q4,inferred,,Inferred from occupation,"Less than $30,000",low,high,0.9308058672573413,0.9259791673442854,0.004826699913055843
REPRSNTDEM_W92,socioeco,"Less than $30,000","$100,000 or more",0.21620070583638712,Q3,inferred,,Inferred from occupation,"Less than $30,000",low,high,0.5123402489811513,0.5640280620489825,-0.05168781306783121
REPRSNTREP_W92,socioeco,"Less than $30,000","$100,000 or more",0.05979986999999996,Q1,inferred,,Inferred from occupation,"Less than $30,000",low,high,0.7925373739949548,0.7808482641180925,0.011689109876862336
SOCIETY_GUNS_W92,socioeco,"Less than $30,000","$100,000 or more",0.09286425000000009,Q2,inferred,,Inferred from occupation,"Less than $30,000",low,high,0.9883646229960176,1.384619447553373,-0.3962548245573555
SOCIETY_RELG_W92,socioeco,"Less than $30,000","$100,000 or more",0.20243634999999963,Q3,inferred,,Inferred from occupation,"Less than $30,000",low,high,0.8719404340001761,0.8719288619992621,1.157200091395083e-05
SOCIETY_RHIST_W92,socioeco,"Less than $30,000","$100,000 or more",0.06103053999999991,Q1,inferred,,Inferred from occupation,"Less than $30,000",low,high,0.9736706248685646,1.123176104,-0.1495054791314353
SOCIETY_SSM_W92,socioeco,"Less than $30,000","$100,000 or more",0.40171204000000005,Q4,inferred,,Inferred from occupation,"Less than $30,000",low,high,1.3277436076151332,1.7551855576466984,-0.42744195003156515
SOCIETY_TRANS_W92,socioeco,"Less than $30,000","$100,000 or more",0.25570156999999993,Q3,inferred,,Inferred from occupation,"Less than $30,000",low,high,1.825683964793753,1.9314361484164317,-0.10575218362267869
SOCIETY_WHT_W92,socioeco,"Less than $30,000","$100,000 or more",0.21401668289221548,Q3,inferred,,Inferred from occupation,"Less than $30,000",low,high,0.6458739520000277,0.6458730819998129,8.70000214869826e-07
UNIMMIGCOMM_W92,socioeco,"Less than $30,000","$100,000 or more",0.07423859233962395,Q1,inferred,,Inferred from occupation,"Less than $30,000",low,high,0.8028445679690996,0.8035008020422135,-0.0006562340731138816
USEXCEPT_W92,socioeco,"Less than $30,000","$100,000 or more",0.0511516699999999,Q1,inferred,,Inferred from occupation,"Less than $30,000",low,high,0.5066387359988435,0.5066793760000153,-4.0640001171876605e-05
USMILSIZ_W92,socioeco,"Less than $30,000","$100,000 or more",0.2760008193970225,Q3,inferred,,Inferred from occupation,"Less than $30,000",low,high,1.3228165764374236,0.7445983007451558,0.5782182756922678
WHADVANT_W92,socioeco,"Less than $30,000","$100,000 or more",0.16967478329126467,Q3,inferred,,Inferred from occupation,"Less than $30,000",low,high,0.37947259596037614,0.5903223382765173,-0.21084974231614112
CARRYGUN_W26,socioeco,"Less than $30,000","$100,000 or more",0.2880934599999999,Q4,inferred,,Inferred from occupation,"$100,000 or more",high,low,1.2017926480001122,1.2017963319991218,-3.6839990096293462e-06
GROWUPGUN2A_W26,socioeco,"Less than $30,000","$100,000 or more",0.09769391000000005,Q2,inferred,,Inferred from occupation,"$100,000 or more",high,low,0.27012269176190584,0.16072534542424632,0.10939734633765952
GROWUPGUN2B_W26,socioeco,"Less than $30,000","$100,000 or more",0.008390769999999992,Q1,inferred,,Inferred from occupation,"$100,000 or more",high,low,0.15066544404990212,0.1477953439585879,0.0028701000913142205
GROWUPGUN2C_W26,socioeco,"Less than $30,000","$100,000 or more",0.019583569999999995,Q1,inferred,,Inferred from occupation,"$100,000 or more",high,low,0.2975959173482259,0.09674627448036277,0.2008496428678631
GROWUPGUN4_W26,socioeco,"Less than $30,000","$100,000 or more",0.012939660000000047,Q1,inferred,,Inferred from occupation,"$100,000 or more",high,low,0.5630630660200656,0.5565652539149443,0.006497812105121348
GROWUPGUN6_W26,socioeco,"Less than $30,000","$100,000 or more",0.06630533710350016,Q1,inferred,,Inferred from occupation,"$100,000 or more",high,low,0.5479494536692527,0.3858716593150903,0.16207779435416242
GROWUPGUN7_W26,socioeco,"Less than $30,000","$100,000 or more",0.17496282810305397,Q3,inferred,,Inferred from occupation,"$100,000 or more",high,low,0.7520023538599755,0.6241997463650335,0.127802607494942
GROWUPVIOL_W26,socioeco,"Less than $30,000","$100,000 or more",0.34762645000000003,Q4,inferred,,Inferred from occupation,"$100,000 or more",high,low,2.061118477829083,2.184732154970613,-0.12361367714153015
GUNACCESS_W26,socioeco,"Less than $30,000","$100,000 or more",0.2689714254613356,Q3,inferred,,Inferred from occupation,"$100,000 or more",high,low,1.7367809546322825,1.736781518632201,-5.639999185458322e-07
GUNACTIVITYA_W26,socioeco,"Less than $30,000","$100,000 or more",0.02500299860760772,Q1,inferred,,Inferred from occupation,"$100,000 or more",high,low,0.8581622873664074,0.8068474515002189,0.05131483586618857
GUNACTIVITYB_W26,socioeco,"Less than $30,000","$100,000 or more",0.238170670976464,Q3,inferred,,Inferred from occupation,"$100,000 or more",high,low,0.7850885161687206,0.7692984536193063,0.015790062549414285
GUNCONTRIBA_W26,socioeco,"Less than $30,000","$100,000 or more",0.1395215577683978,Q2,inferred,,Inferred from occupation,"$100,000 or more",high,low,0.8941146942224665,0.8893506877298937,0.004764006492572803
GUNCONTRIBC_W26,socioeco,"Less than $30,000","$100,000 or more",0.251734842193157,Q3,inferred,,Inferred from occupation,"$100,000 or more",high,low,0.3677405342845055,0.42953257485651364,-0.061792040572008156
GUNCONTRIBE_W26,socioeco,"Less than $30,000","$100,000 or more",0.2966307399999998,Q4,inferred,,Inferred from occupation,"$100,000 or more",high,low,0.868774342014756,0.8690681319901995,-0.0002937899754434925
GUNCONTRIBF_W26,socioeco,"Less than $30,000","$100,000 or more",0.06634947534984631,Q1,inferred,,Inferred from occupation,"$100,000 or more",high,low,0.3724529720992672,0.45603507022914497,-0.08358209812987777
GUNFRIEND_W26,socioeco,"Less than $30,000","$100,000 or more",0.02805672542223825,Q1,inferred,,Inferred from occupation,"$100,000 or more",high,low,1.866308106,1.8655216800028533,0.0007864259971466225
GUNIDENTITY_W26,socioeco,"Less than $30,000","$100,000 or more",0.14942341000000026,Q3,inferred,,Inferred from occupation,"$100,000 or more",high,low,0.9053537404392121,0.8924201926881695,0.012933547751042607
GUNLOADED1_W26,socioeco,"Less than $30,000","$100,000 or more",0.06113508000000001,Q1,inferred,,Inferred from occupation,"$100,000 or more",high,low,0.6487372659999999,0.6487389219999999,-1.6560000000165331e-06
GUNLOADED2_W26,socioeco,"Less than $30,000","$100,000 or more",0.1400977,Q2,inferred,,Inferred from occupation,"$100,000 or more",high,low,0.2644465520589061,0.2683907780015801,-0.003944225942674018
GUNLOCKED1_W26,socioeco,"Less than $30,000","$100,000 or more",0.005873760000000006,Q1,inferred,,Inferred from occupation,"$100,000 or more",high,low,0.63068186,0.6115236810421698,0.01915817895783023
GUNLOCKED2_W26,socioeco,"Less than $30,000","$100,000 or more",0.13649793999999998,Q2,inferred,,Inferred from occupation,"$100,000 or more",high,low,0.4973080279716605,0.48665735407807376,0.01065067389358676
GUNRESPKIDSD_W26,socioeco,"Less than $30,000","$100,000 or more",0.31453171285008275,Q4,inferred,,Inferred from occupation,"$100,000 or more",high,low,1.7149835588501317,1.714984462849996,-9.039998642990099e-07
GUNRESPKIDSE_W26,socioeco,"Less than $30,000","$100,000 or more",0.237899100191574,Q3,inferred,,Inferred from occupation,"$100,000 or more",high,low,1.0191550521915038,1.0191551721916006,-1.2000009674828505e-07
GUNRESPNOKIDSA_W26,socioeco,"Less than $30,000","$100,000 or more",0.020608745304618203,Q1,inferred,,Inferred from occupation,"$100,000 or more",high,low,0.541912751419513,0.5419135254196623,-7.740001493061754e-07
GUNRESPNOKIDSB_W26,socioeco,"Less than $30,000","$100,000 or more",0.06817230068172286,Q1,inferred,,Inferred from occupation,"$100,000 or more",high,low,0.5088413044866714,0.36929604276075734,0.13954526172591408
GUNRESPNOKIDSC_W26,socioeco,"Less than $30,000","$100,000 or more",0.13751966137519644,Q2,inferred,,Inferred from occupation,"$100,000 or more",high,low,0.31322195308455036,0.3135789391438625,-0.00035698605931211436
GUNRESPNOKIDSD_W26,socioeco,"Less than $30,000","$100,000 or more",0.14888568000000008,Q3,inferred,,Inferred from occupation,"$100,000 or more",high,low,1.5970518956152877,1.4851712023719434,0.11188069324334426
GUNRESPNOKIDSE_W26,socioeco,"Less than $30,000","$100,000 or more",0.22954815000000012,Q3,inferred,,Inferred from occupation,"$100,000 or more",high,low,0.7928712879979904,0.7927079880035586,0.00016329999443187582
GUNRESPNOKIDSF_W26,socioeco,"Less than $30,000","$100,000 or more",0.08967349340336533,Q2,inferred,,Inferred from occupation,"$100,000 or more",high,low,0.8343022623140917,0.7655287260638479,0.06877353625024374
GUNSAFETYKIDS_W26,socioeco,"Less than $30,000","$100,000 or more",0.01821644999999994,Q1,inferred,,Inferred from occupation,"$100,000 or more",high,low,0.47850924321490756,0.44640720535688644,0.032102037858021126
GUNSAFE_W26,socioeco,"Less than $30,000","$100,000 or more",0.06438964322447221,Q1,inferred,,Inferred from occupation,"$100,000 or more",high,low,0.0896337588578146,0.19095031614663135,-0.10131655728881675
GUNTYPEOWNC_W26,socioeco,"Less than $30,000","$100,000 or more",0.3743136922050839,Q4,inferred,,Inferred from occupation,"$100,000 or more",high,low,1.220428902204607,1.220425616203594,3.2860010130697503e-06
NOCARRYGUN_W26,socioeco,"Less than $30,000","$100,000 or more",0.011883250000000012,Q1,inferred,,Inferred from occupation,"$100,000 or more",high,low,0.6118082701523317,0.47406081571130665,0.1377474544410251
REASONGUNA_W26,socioeco,"Less than $30,000","$100,000 or more",0.16121826000000006,Q3,inferred,,Inferred from occupation,"$100,000 or more",high,low,0.4485619868668359,0.255238331961126,0.1933236549057099
REASONGUNB_W26,socioeco,"Less than $30,000","$100,000 or more",0.13052286917795747,Q2,inferred,,Inferred from occupation,"$100,000 or more",high,low,0.9515956620008572,0.9508845799745022,0.0007110820263550588
REASONGUNC_W26,socioeco,"Less than $30,000","$100,000 or more",0.1626540406299693,Q3,inferred,,Inferred from occupation,"$100,000 or more",high,low,0.4605424798236889,0.4441490384414904,0.016393441382198504
REASONGUND_W26,socioeco,"Less than $30,000","$100,000 or more",0.1327946499999999,Q2,inferred,,Inferred from occupation,"$100,000 or more",high,low,0.5892918979999467,0.5892859219994597,5.976000487017963e-06
REASONGUNE_W26,socioeco,"Less than $30,000","$100,000 or more",0.07425042999999998,Q1,inferred,,Inferred from occupation,"$100,000 or more",high,low,0.20622651199152683,0.20682641599982965,-0.0005999040083028151
SHOOTFREQ_W26,socioeco,"Less than $30,000","$100,000 or more",0.2467498505774362,Q3,inferred,,Inferred from occupation,"$100,000 or more",high,low,0.9421940645774363,0.9421997845763043,-5.719998868003451e-06
WORRYB_W26,socioeco,"Less than $30,000","$100,000 or more",0.34924579000000006,Q4,inferred,,Inferred from occupation,"$100,000 or more",high,low,0.16605570489114477,0.3466052152800809,-0.18054951038893616
WORRYD_W26,socioeco,"Less than $30,000","$100,000 or more",0.68089223,Q4,inferred,,Inferred from occupation,"$100,000 or more",high,low,1.1598427017842736,0.7539898786520649,0.4058528231322087
WORRYE_W26,socioeco,"Less than $30,000","$100,000 or more",0.295965820952076,Q4,inferred,,Inferred from occupation,"$100,000 or more",high,low,0.4661738740018845,0.4542917116607036,0.01188216234118089
WORRYF_W26,socioeco,"Less than $30,000","$100,000 or more",0.36198761999999995,Q4,inferred,,Inferred from occupation,"$100,000 or more",high,low,0.6958067363515625,0.6958224318478715,-1.5695496308976153e-05
BOYSF1B_W29,socioeco,"Less than $30,000","$100,000 or more",0.031561885,Q1,inferred,,Inferred from occupation,"$100,000 or more",high,low,0.31122113972451315,0.2973663714968415,0.013854768227671677
FAVORS_CPS_W29,socioeco,"Less than $30,000","$100,000 or more",0.31190621735643553,Q4,inferred,,Inferred from occupation,"$100,000 or more",high,low,0.701993510763526,0.5491457729528643,0.15284773781066174
FEM2_W29,socioeco,"Less than $30,000","$100,000 or more",0.19331657225602072,Q3,inferred,,Inferred from occupation,"$100,000 or more",high,low,0.32697164621281694,0.24764370049204004,0.0793279457207769
GIRLSF2C_W29,socioeco,"Less than $30,000","$100,000 or more",0.027267642373446355,Q1,inferred,,Inferred from occupation,"$100,000 or more",high,low,0.2846782938442194,0.28506210486498845,-0.0003838110207690648
GIRLSF2D_W29,socioeco,"Less than $30,000","$100,000 or more",0.061267082577475304,Q1,inferred,,Inferred from occupation,"$100,000 or more",high,low,0.19645884300004324,0.19645679099957422,2.052000469016102e-06
GOPDIRCT_W29,socioeco,"Less than $30,000","$100,000 or more",0.5194614385676164,Q4,inferred,,Inferred from occupation,"$100,000 or more",high,low,0.1707170608602958,0.33915746499171484,-0.16844040413141903
HOOD_NHISB_W29,socioeco,"Less than $30,000","$100,000 or more",0.5343234026814261,Q4,inferred,,Inferred from occupation,"$100,000 or more",high,low,0.5586430833633589,0.5700183633369915,-0.011375279973632635
LOCALELECT_W29,socioeco,"Less than $30,000","$100,000 or more",0.6755055936824541,Q4,inferred,,Inferred from occupation,"$100,000 or more",high,low,0.8265014082242077,0.8330187364996652,-0.006517328275457479
MAN1A_W29,socioeco,"Less than $30,000","$100,000 or more",0.22436507000000003,Q3,inferred,,Inferred from occupation,"$100,000 or more",high,low,0.2808662840692543,0.5377166801250689,-0.2568503960558146
MAN1B_W29,socioeco,"Less than $30,000","$100,000 or more",0.3650245300000001,Q4,inferred,,Inferred from occupation,"$100,000 or more",high,low,0.5550416978768391,0.8553359669689437,-0.30029426909210455
MAN1C_W29,socioeco,"Less than $30,000","$100,000 or more",0.4201561955037122,Q4,inferred,,Inferred from occupation,"$100,000 or more",high,low,0.9453516502920591,0.9353643579216139,0.009987292370445267
MAN1D_W29,socioeco,"Less than $30,000","$100,000 or more",0.2853261599999997,Q4,inferred,,Inferred from occupation,"$100,000 or more",high,low,0.7436920699999745,0.7424394460404948,0.0012526239594796706
MAN1E_W29,socioeco,"Less than $30,000","$100,000 or more",0.25829197498133877,Q3,inferred,,Inferred from occupation,"$100,000 or more",high,low,0.26644179970006,0.3372015596435347,-0.07075975994347472
MASC2_W29,socioeco,"Less than $30,000","$100,000 or more",0.12110675999999998,Q2,inferred,,Inferred from occupation,"$100,000 or more",high,low,0.42879279664740877,0.6908087466816607,-0.26201595003425193
S12_W29,socioeco,"Less than $30,000","$100,000 or more",0.7723084465021626,Q4,inferred,,Inferred from occupation,"$100,000 or more",high,low,0.24380905600399527,0.2907257711614921,-0.04691671515749685
S13_W29,socioeco,"Less than $30,000","$100,000 or more",0.2964937452964356,Q4,inferred,,Inferred from occupation,"$100,000 or more",high,low,0.5518317044969512,0.9930795444828006,-0.4412478399858494
SEENFEM_W29,socioeco,"Less than $30,000","$100,000 or more",0.18776166,Q3,inferred,,Inferred from occupation,"$100,000 or more",high,low,0.7305372900016706,0.72978982,0.0007474700016705249
SEENMASC_W29,socioeco,"Less than $30,000","$100,000 or more",0.0751844752174334,Q1,inferred,,Inferred from occupation,"$100,000 or more",high,low,0.7666680920003184,0.7664353339733503,0.000232758026968094
TALK_CPS_W29,socioeco,"Less than $30,000","$100,000 or more",0.38025178000000004,Q4,inferred,,Inferred from occupation,"$100,000 or more",high,low,0.38996764897547415,0.8850130364450637,-0.49504538746958954
WORRYBILL_W29,socioeco,"Less than $30,000","$100,000 or more",1.1275066616620635,Q4,inferred,,Inferred from occupation,"$100,000 or more",high,low,1.279179793098459,1.2621615758475944,0.01701821725086461
CLASS_W32,socioeco,"Less than $30,000","$100,000 or more",1.1672827040469576,Q4,inferred,,Inferred from occupation,"$100,000 or more",high,low,0.568180346428479,0.5811357383781482,-0.012955391949669215
COMMIMPA_W32,socioeco,"Less than $30,000","$100,000 or more",0.09287370789168559,Q2,inferred,,Inferred from occupation,"$100,000 or more",high,low,1.0715607560513272,0.5746962187886777,0.49686453726264945
COMMIMPB_W32,socioeco,"Less than $30,000","$100,000 or more",0.026607140000000085,Q1,inferred,,Inferred from occupation,"$100,000 or more",high,low,0.6231680059994001,0.6230667759964655,0.00010123000293460471
COMMIMPC_W32,socioeco,"Less than $30,000","$100,000 or more",0.0986442676354575,Q2,inferred,,Inferred from occupation,"$100,000 or more",high,low,1.25481998639443,0.9845531971956378,0.2702667891987922
COMMIMPF_W32,socioeco,"Less than $30,000","$100,000 or more",0.21057993999999997,Q3,inferred,,Inferred from occupation,"$100,000 or more",high,low,1.082960464002495,1.0723431775953243,0.010617286407170745
COMMIMPG_W32,socioeco,"Less than $30,000","$100,000 or more",0.08654338073068257,Q2,inferred,,Inferred from occupation,"$100,000 or more",high,low,0.9815520962084384,0.9717425222825746,0.00980957392586379
COMMIMPH_W32,socioeco,"Less than $30,000","$100,000 or more",0.22760973912283822,Q3,inferred,,Inferred from occupation,"$100,000 or more",high,low,0.7012415110146681,0.7011210830039787,0.00012042801068945508
COMMYRS_W32,socioeco,"Less than $30,000","$100,000 or more",0.21699426688606432,Q3,inferred,,Inferred from occupation,"$100,000 or more",high,low,1.0539205468468038,1.0335954330104153,0.020325113836388464
ETHNCMAJ_W32,socioeco,"Less than $30,000","$100,000 or more",0.038640262149933116,Q1,inferred,,Inferred from occupation,"$100,000 or more",high,low,0.17634895300018028,0.1763493579997932,-4.0499961292961295e-07
GAYMARR2_W32,socioeco,"Less than $30,000","$100,000 or more",0.3238905899999999,Q4,inferred,,Inferred from occupation,"$100,000 or more",high,low,0.9763622680000001,0.8733859997406279,0.10297626825937223
HARASS2F1_W32,socioeco,"Less than $30,000","$100,000 or more",0.0815416,Q2,inferred,,Inferred from occupation,"$100,000 or more",high,low,0.413402816,0.41340178500000335,1.030999996654014e-06
IMMIMPACT_W32,socioeco,"Less than $30,000","$100,000 or more",0.05774296790852182,Q1,inferred,,Inferred from occupation,"$100,000 or more",high,low,0.25373733527495174,0.06113042131963703,0.1926069139553147
MOVERURAL_W32,socioeco,"Less than $30,000","$100,000 or more",0.1465538524443859,Q2,inferred,,Inferred from occupation,"$100,000 or more",high,low,0.5664975167704309,0.700080110851049,-0.13358259408061812
MOVESUBURB_W32,socioeco,"Less than $30,000","$100,000 or more",0.06641782000000002,Q1,inferred,,Inferred from occupation,"$100,000 or more",high,low,0.5917474160278685,0.1930956210226223,0.3986517950052462
MOVEURBAN_W32,socioeco,"Less than $30,000","$100,000 or more",0.2931767104819855,Q4,inferred,,Inferred from occupation,"$100,000 or more",high,low,0.4380218109414994,0.460234771218888,-0.022212960277388616
NEIGHINTERA_W32,socioeco,"Less than $30,000","$100,000 or more",0.26752165294381636,Q3,inferred,,Inferred from occupation,"$100,000 or more",high,low,1.352434647220073,1.402743484590344,-0.05030883737027092
NEIGHINTERB_W32,socioeco,"Less than $30,000","$100,000 or more",0.33371404873815536,Q4,inferred,,Inferred from occupation,"$100,000 or more",high,low,0.4700385611171686,0.6093571843224772,-0.13931862320530863
NEIGHKIDS_W32,socioeco,"Less than $30,000","$100,000 or more",0.10813625000000004,Q2,inferred,,Inferred from occupation,"$100,000 or more",high,low,0.27456285942931796,0.24122364380346706,0.033339215625850904
NEIGHSAMEA_W32,socioeco,"Less than $30,000","$100,000 or more",0.4140787582304698,Q4,inferred,,Inferred from occupation,"$100,000 or more",high,low,1.7360486578309084,1.7961420579999996,-0.06009340016909115
SATLIFED_W32,socioeco,"Less than $30,000","$100,000 or more",0.3377017877221706,Q4,inferred,,Inferred from occupation,"$100,000 or more",high,low,0.5784844878712758,0.4618860117152923,0.11659847615598351
SOCTRUST2_W32,socioeco,"Less than $30,000","$100,000 or more",0.26040363,Q3,inferred,,Inferred from occupation,"$100,000 or more",high,low,0.25573352799151094,0.2564278480001573,-0.0006943200086463319
VALUERURAL_W32,socioeco,"Less than $30,000","$100,000 or more",0.03950338999999983,Q1,inferred,,Inferred from occupation,"$100,000 or more",high,low,0.8307791176766953,0.49628457418550975,0.33449454349118557
WHADVANT_W32,socioeco,"Less than $30,000","$100,000 or more",0.06143526999999993,Q1,inferred,,Inferred from occupation,"$100,000 or more",high,low,0.7100074573346006,0.4562824116524002,0.2537250456822004
WILLMOVE_W32,socioeco,"Less than $30,000","$100,000 or more",0.0970999205458094,Q2,inferred,,Inferred from occupation,"$100,000 or more",high,low,0.765154391773855,0.5517518108804993,0.21340258089335573
EAT1_W34,socioeco,"Less than $30,000","$100,000 or more",0.2905723400000001,Q4,inferred,,Inferred from occupation,"$100,000 or more",high,low,0.4521506659999999,0.5411924902384994,-0.08904182423849943
EAT2_W34,socioeco,"Less than $30,000","$100,000 or more",0.44699933016499543,Q4,inferred,,Inferred from occupation,"$100,000 or more",high,low,0.6994764038006572,0.6709730955811619,0.028503308219495316
EAT5B_W34,socioeco,"Less than $30,000","$100,000 or more",0.23478514999999997,Q3,inferred,,Inferred from occupation,"$100,000 or more",high,low,0.5425713140001278,0.5425731779999119,-1.8639997840796951e-06
EAT5C_W34,socioeco,"Less than $30,000","$100,000 or more",0.23599255000000008,Q3,inferred,,Inferred from occupation,"$100,000 or more",high,low,0.5850690161022051,0.5824274697004945,0.0026415464017105483
EAT5D_W34,socioeco,"Less than $30,000","$100,000 or more",0.13057742130577418,Q2,inferred,,Inferred from occupation,"$100,000 or more",high,low,0.4452924565611628,0.4457968844119205,-0.000504427850757716
EVOBIOA_W34,socioeco,"Less than $30,000","$100,000 or more",0.26846758000000004,Q3,inferred,,Inferred from occupation,"$100,000 or more",high,low,0.04779440999992457,0.047794199999898535,2.100000260352175e-07
EVOBIOB_W34,socioeco,"Less than $30,000","$100,000 or more",0.19501971000000007,Q3,inferred,,Inferred from occupation,"$100,000 or more",high,low,0.20321021600000488,0.20321010000000184,1.1600000304756719e-07
EVOPERS3_W34,socioeco,"Less than $30,000","$100,000 or more",0.2571466242575404,Q3,inferred,,Inferred from occupation,"$100,000 or more",high,low,0.658546194585531,0.6585453365853235,8.58000207437648e-07
EVOTHREE_W34,socioeco,"Less than $30,000","$100,000 or more",0.10935358000000006,Q2,inferred,,Inferred from occupation,"$100,000 or more",high,low,0.3743814299947662,0.37465175799772266,-0.00027032800295645476
FUD22_W34,socioeco,"Less than $30,000","$100,000 or more",0.34368985631189586,Q4,inferred,,Inferred from occupation,"$100,000 or more",high,low,0.7101567911114542,0.7107527351075273,-0.0005959439960731006
FUD24_W34,socioeco,"Less than $30,000","$100,000 or more",0.04042640000000006,Q1,inferred,,Inferred from occupation,"$100,000 or more",high,low,0.23246017153720616,0.2516361669991433,-0.019175995461937156
FUD33B_W34,socioeco,"Less than $30,000","$100,000 or more",0.05287582714442343,Q1,inferred,,Inferred from occupation,"$100,000 or more",high,low,0.21443916014442344,0.21443946414445222,-3.040000287890532e-07
FUD35_W34,socioeco,"Less than $30,000","$100,000 or more",0.15381768163429804,Q3,inferred,,Inferred from occupation,"$100,000 or more",high,low,0.52776169866,0.36942431235132545,0.15833738630867455
FUD37A_W34,socioeco,"Less than $30,000","$100,000 or more",0.25792945999999994,Q3,inferred,,Inferred from occupation,"$100,000 or more",high,low,0.37294021075199496,0.48504938119842883,-0.11210917044643387
FUD37B_W34,socioeco,"Less than $30,000","$100,000 or more",0.4693113007319356,Q4,inferred,,Inferred from occupation,"$100,000 or more",high,low,0.648324965257863,0.663391746026779,-0.015066780768915988
FUD37C_W34,socioeco,"Less than $30,000","$100,000 or more",0.2824339483899866,Q4,inferred,,Inferred from occupation,"$100,000 or more",high,low,0.7448061540583418,0.7467696540231864,-0.001963499964844573
BETTERBIZ1F2D_W36,socioeco,"Less than $30,000","$100,000 or more",0.060416266406510544,Q1,inferred,,Inferred from occupation,"$100,000 or more",high,low,0.14065037659350288,0.14065036459347013,1.2000032745262956e-08
BETTERBIZ1F2E_W36,socioeco,"Less than $30,000","$100,000 or more",0.08989537499999997,Q2,inferred,,Inferred from occupation,"$100,000 or more",high,low,0.2340684920000291,0.2340684729999839,1.9000045203831917e-08
BETTERBIZ1F2H_W36,socioeco,"Less than $30,000","$100,000 or more",0.05310815791955001,Q1,inferred,,Inferred from occupation,"$100,000 or more",high,low,0.1549360709999908,0.15493609800000446,-2.700001366928717e-08
BETTERBIZ2F2C_W36,socioeco,"Less than $30,000","$100,000 or more",0.08396168499999998,Q2,inferred,,Inferred from occupation,"$100,000 or more",high,low,0.08799297100000004,0.0879929039999767,6.700002334880661e-08
BETTERBIZ2F2E_W36,socioeco,"Less than $30,000","$100,000 or more",0.05405074500000004,Q1,inferred,,Inferred from occupation,"$100,000 or more",high,low,0.09382919100002202,0.09382910500000874,8.600001327740969e-08
BETTERBIZ2F2F_W36,socioeco,"Less than $30,000","$100,000 or more",0.04324040000000004,Q1,inferred,,Inferred from occupation,"$100,000 or more",high,low,0.204567818000018,0.2045678070000169,1.100000110443311e-08
BETTERPOL1F1B_W36,socioeco,"Less than $30,000","$100,000 or more",0.0669808,Q1,inferred,,Inferred from occupation,"$100,000 or more",high,low,0.33443054600001043,0.33443047600002174,6.999998869439139e-08
BETTERPOL1F1E_W36,socioeco,"Less than $30,000","$100,000 or more",0.03602598000000001,Q1,inferred,,Inferred from occupation,"$100,000 or more",high,low,0.2290343249999498,0.22903432200003462,2.999915177381851e-09
BETTERPOL1F1I_W36,socioeco,"Less than $30,000","$100,000 or more",0.028985945000000016,Q1,inferred,,Inferred from occupation,"$100,000 or more",high,low,0.246433812000062,0.2464317649998024,2.0470002596029158e-06
BETTERPOL2F1A_W36,socioeco,"Less than $30,000","$100,000 or more",0.07717558006833744,Q1,inferred,,Inferred from occupation,"$100,000 or more",high,low,0.10924443309241558,0.10924429409245606,1.3899995951471844e-07
BETTERPOL2F1C_W36,socioeco,"Less than $30,000","$100,000 or more",0.03780051999999997,Q1,inferred,,Inferred from occupation,"$100,000 or more",high,low,0.17940256999995757,0.17940246399998477,1.0599997279925333e-07
BETTERPOL2F1D_W36,socioeco,"Less than $30,000","$100,000 or more",0.041779992802059296,Q1,inferred,,Inferred from occupation,"$100,000 or more",high,low,0.1780133180000168,0.1780132839999761,3.400004069953333e-08
BETTERPOL2F1F_W36,socioeco,"Less than $30,000","$100,000 or more",0.08465948915340514,Q2,inferred,,Inferred from occupation,"$100,000 or more",high,low,0.19222833207765863,0.19222814407767808,1.879999805554089e-07
E5_W36,socioeco,"Less than $30,000","$100,000 or more",0.43779327999999995,Q4,inferred,,Inferred from occupation,"$100,000 or more",high,low,0.032389489783510195,0.6122103012232442,-0.579820811439734
ESSENBIZF2E_W36,socioeco,"Less than $30,000","$100,000 or more",0.08600579510109135,Q2,inferred,,Inferred from occupation,"$100,000 or more",high,low,0.5894581981350093,0.19985244656355117,0.38960575157145816
ESSENBIZF2J_W36,socioeco,"Less than $30,000","$100,000 or more",0.25163483000000003,Q3,inferred,,Inferred from occupation,"$100,000 or more",high,low,0.5478147145329471,0.20561660293212697,0.3421981116008201
ESSENPOLF1A_W36,socioeco,"Less than $30,000","$100,000 or more",0.17553441000000014,Q3,inferred,,Inferred from occupation,"$100,000 or more",high,low,0.052467923999730215,0.052466163999603355,1.7600001268602838e-06
ESSENPOLF1B_W36,socioeco,"Less than $30,000","$100,000 or more",0.12017668660826397,Q2,inferred,,Inferred from occupation,"$100,000 or more",high,low,0.280099883555221,0.26471446396232334,0.015385419592897631
ESSENPOLF1D_W36,socioeco,"Less than $30,000","$100,000 or more",0.19153513,Q3,inferred,,Inferred from occupation,"$100,000 or more",high,low,0.16694618200289657,0.16154943040446335,0.005396751598433225
ESSENPOLF1G_W36,socioeco,"Less than $30,000","$100,000 or more",0.10835326000000006,Q2,inferred,,Inferred from occupation,"$100,000 or more",high,low,0.5006624680868554,0.4885031756271072,0.012159292459748228
ESSENPOLF1H_W36,socioeco,"Less than $30,000","$100,000 or more",0.11607464,Q2,inferred,,Inferred from occupation,"$100,000 or more",high,low,0.39740095394020003,0.37421538084079564,0.02318557309940439
HIGHEDWRNGB_W36,socioeco,"Less than $30,000","$100,000 or more",0.17157769,Q3,inferred,,Inferred from occupation,"$100,000 or more",high,low,0.7633085076132542,0.609836679467022,0.15347182814623217
HIGHEDWRNGC_W36,socioeco,"Less than $30,000","$100,000 or more",0.12339997769159922,Q2,inferred,,Inferred from occupation,"$100,000 or more",high,low,0.7515882224766933,1.0147427927065777,-0.2631545702298844
IMPROVE1_W36,socioeco,"Less than $30,000","$100,000 or more",0.09980065010687394,Q2,inferred,,Inferred from occupation,"$100,000 or more",high,low,0.9674061965450019,0.8130415149272104,0.1543646816177915
IMPROVE2_W36,socioeco,"Less than $30,000","$100,000 or more",0.10635122999999996,Q2,inferred,,Inferred from occupation,"$100,000 or more",high,low,0.814301098001756,0.8145318539991333,-0.00023075599737731878
IMPROVE3_W36,socioeco,"Less than $30,000","$100,000 or more",0.18035068816536826,Q3,inferred,,Inferred from occupation,"$100,000 or more",high,low,0.5848635242884761,0.7571385781653681,-0.17227505387689201
MOREWMN1F2_W36,socioeco,"Less than $30,000","$100,000 or more",0.05489848676972742,Q1,inferred,,Inferred from occupation,"$100,000 or more",high,low,0.17688342022955805,0.176825602226447,5.781800311105423e-05
POLCHF1_W36,socioeco,"Less than $30,000","$100,000 or more",0.33681012209874145,Q4,inferred,,Inferred from occupation,"$100,000 or more",high,low,0.8342948379945624,0.8348505380000001,-0.0005557000054376982
TRAITBIZMF2C_W36,socioeco,"Less than $30,000","$100,000 or more",0.17467239999999995,Q3,inferred,,Inferred from occupation,"$100,000 or more",high,low,0.08285968799999849,0.0828596769999998,1.0999998689698032e-08
TRAITBIZMF2D_W36,socioeco,"Less than $30,000","$100,000 or more",0.04222981789778302,Q1,inferred,,Inferred from occupation,"$100,000 or more",high,low,0.2102215041022158,0.21022144210222427,6.199999152967095e-08
TRAITBIZMF2E_W36,socioeco,"Less than $30,000","$100,000 or more",0.15584198499999996,Q3,inferred,,Inferred from occupation,"$100,000 or more",high,low,0.0811845680000029,0.08118452000000487,4.7999998031844626e-08
TRAITBIZMF2G_W36,socioeco,"Less than $30,000","$100,000 or more",0.14133624000000006,Q2,inferred,,Inferred from occupation,"$100,000 or more",high,low,0.3545177159999918,0.35451768099997844,3.500001338752057e-08
TRAITBIZWF2C_W36,socioeco,"Less than $30,000","$100,000 or more",0.006861050000000035,Q1,inferred,,Inferred from occupation,"$100,000 or more",high,low,0.3267865640000355,0.32678633999999523,2.2400004023870324e-07
TRAITBIZWF2D_W36,socioeco,"Less than $30,000","$100,000 or more",0.03232807747852845,Q1,inferred,,Inferred from occupation,"$100,000 or more",high,low,0.2801805699999993,0.280180413000006,1.5699999328377956e-07
TRAITBIZWF2E_W36,socioeco,"Less than $30,000","$100,000 or more",0.05521484500000001,Q1,inferred,,Inferred from occupation,"$100,000 or more",high,low,0.33936545599999535,0.33936542499998507,3.100001028100152e-08
TRAITBIZWF2G_W36,socioeco,"Less than $30,000","$100,000 or more",0.0641386370625644,Q1,inferred,,Inferred from occupation,"$100,000 or more",high,low,0.41695104399997834,0.41695107199998854,-2.8000010199313863e-08
TRAITPOLMF1B_W36,socioeco,"Less than $30,000","$100,000 or more",0.03486093715110275,Q1,inferred,,Inferred from occupation,"$100,000 or more",high,low,0.32770059899957477,0.3271430889965753,0.0005575100029994728
TRAITPOLMF1C_W36,socioeco,"Less than $30,000","$100,000 or more",0.08835160088351607,Q2,inferred,,Inferred from occupation,"$100,000 or more",high,low,0.15357694655220555,0.14627150453934257,0.007305442012862984
TRAITPOLMF1D_W36,socioeco,"Less than $30,000","$100,000 or more",0.06467493000000007,Q1,inferred,,Inferred from occupation,"$100,000 or more",high,low,0.1506177780000052,0.15061763800002692,1.399999782769612e-07
TRAITPOLMF1E_W36,socioeco,"Less than $30,000","$100,000 or more",0.15845353999999995,Q3,inferred,,Inferred from occupation,"$100,000 or more",high,low,0.06812761901178233,0.06319527900000005,0.004932340011782277
TRAITPOLMF1F_W36,socioeco,"Less than $30,000","$100,000 or more",0.10437653499999998,Q2,inferred,,Inferred from occupation,"$100,000 or more",high,low,0.09636928435896598,0.19411156872091218,-0.0977422843619462
TRAITPOLMF1G_W36,socioeco,"Less than $30,000","$100,000 or more",0.14227596,Q2,inferred,,Inferred from occupation,"$100,000 or more",high,low,0.33851764099997844,0.3385176320000011,8.99997731895752e-09
TRAITPOLWF1A_W36,socioeco,"Less than $30,000","$100,000 or more",0.03738843889101667,Q1,inferred,,Inferred from occupation,"$100,000 or more",high,low,0.24504631545063066,0.24501584344994198,3.047200068867495e-05
TRAITPOLWF1C_W36,socioeco,"Less than $30,000","$100,000 or more",0.073827496694504,Q1,inferred,,Inferred from occupation,"$100,000 or more",high,low,0.40373753203837376,0.39995738912375184,0.00378014291462192
TRAITPOLWF1D_W36,socioeco,"Less than $30,000","$100,000 or more",0.1169522799999998,Q2,inferred,,Inferred from occupation,"$100,000 or more",high,low,0.11055008800000743,0.11054929100003408,7.969999733514754e-07
TRAITPOLWF1E_W36,socioeco,"Less than $30,000","$100,000 or more",0.05679156341485314,Q1,inferred,,Inferred from occupation,"$100,000 or more",high,low,0.3909433169999591,0.39094081300006583,2.5039998932663288e-06
TRAITPOLWF1F_W36,socioeco,"Less than $30,000","$100,000 or more",0.08023431999999996,Q2,inferred,,Inferred from occupation,"$100,000 or more",high,low,0.3535246869217394,0.35521194425905006,-0.001687257337310677
TRAITPOLWF1G_W36,socioeco,"Less than $30,000","$100,000 or more",0.07974930500000005,Q1,inferred,,Inferred from occupation,"$100,000 or more",high,low,0.37295285600000866,0.37295278499997536,7.100003329707505e-08
WHYNOTBIZF2A_W36,socioeco,"Less than $30,000","$100,000 or more",0.16403282000000002,Q3,inferred,,Inferred from occupation,"$100,000 or more",high,low,0.6139855394696148,0.4847222987751566,0.12926324069445816
WHYNOTBIZF2B_W36,socioeco,"Less than $30,000","$100,000 or more",0.1753956300000003,Q3,inferred,,Inferred from occupation,"$100,000 or more",high,low,0.7182245100000104,0.7182245060000066,4.00000377265286e-09
WHYNOTBIZF2D_W36,socioeco,"Less than $30,000","$100,000 or more",0.32564688999999997,Q4,inferred,,Inferred from occupation,"$100,000 or more",high,low,0.24890635800049848,0.24890666399981135,-3.0599931286068305e-07
WHYNOTBIZF2F_W36,socioeco,"Less than $30,000","$100,000 or more",0.31540334999999997,Q4,inferred,,Inferred from occupation,"$100,000 or more",high,low,0.2047162359999336,0.20472254399940848,-6.307999474874926e-06
WHYNOTBIZF2G_W36,socioeco,"Less than $30,000","$100,000 or more",0.09305027000000005,Q2,inferred,,Inferred from occupation,"$100,000 or more",high,low,1.1165985400027725,1.1090908597859037,0.007507680216868762
WHYNOTBIZF2H_W36,socioeco,"Less than $30,000","$100,000 or more",0.15971493819618432,Q3,inferred,,Inferred from occupation,"$100,000 or more",high,low,1.294177269702168,1.1489515374244834,0.14522573227768465
WHYNOTBIZF2J_W36,socioeco,"Less than $30,000","$100,000 or more",0.10906475314045672,Q2,inferred,,Inferred from occupation,"$100,000 or more",high,low,0.8847633600000141,0.8847632420000022,1.1800001187278752e-07
WHYNOTBIZF2M_W36,socioeco,"Less than $30,000","$100,000 or more",0.0641884684345618,Q1,inferred,,Inferred from occupation,"$100,000 or more",high,low,1.1471089026987396,1.0160439455915626,0.13106495710717692
WHYNOTBIZF2N_W36,socioeco,"Less than $30,000","$100,000 or more",0.07826967000000007,Q1,inferred,,Inferred from occupation,"$100,000 or more",high,low,1.1207104360000337,1.12070907,1.3660000337534228e-06
WHYNOTBIZF2O_W36,socioeco,"Less than $30,000","$100,000 or more",0.32429057970993735,Q4,inferred,,Inferred from occupation,"$100,000 or more",high,low,0.9709935557099418,0.9709935357099461,1.999999577062539e-08
WHYNOTPOLF1A_W36,socioeco,"Less than $30,000","$100,000 or more",0.13127911703192385,Q2,inferred,,Inferred from occupation,"$100,000 or more",high,low,0.40081534235286825,0.8308794313149128,-0.43006408896204457
WHYNOTPOLF1B_W36,socioeco,"Less than $30,000","$100,000 or more",0.12654594336433234,Q2,inferred,,Inferred from occupation,"$100,000 or more",high,low,0.7900899360006375,0.7900847680012855,5.167999352018171e-06
WHYNOTPOLF1C_W36,socioeco,"Less than $30,000","$100,000 or more",0.08795852087958528,Q2,inferred,,Inferred from occupation,"$100,000 or more",high,low,0.6970540761571322,0.6458286265862119,0.051225449570920345
WHYNOTPOLF1E_W36,socioeco,"Less than $30,000","$100,000 or more",0.18168728000000003,Q3,inferred,,Inferred from occupation,"$100,000 or more",high,low,0.5084229778076752,0.4861998321406088,0.022223145667066402
WHYNOTPOLF1G_W36,socioeco,"Less than $30,000","$100,000 or more",0.10812466999999992,Q2,inferred,,Inferred from occupation,"$100,000 or more",high,low,0.9691817179837305,0.886708476555545,0.08247324142818557
WHYNOTPOLF1I_W36,socioeco,"Less than $30,000","$100,000 or more",0.08918990999432103,Q2,inferred,,Inferred from occupation,"$100,000 or more",high,low,0.3371058193981557,0.32586685544013566,0.011238963958020043
WHYNOTPOLF1J_W36,socioeco,"Less than $30,000","$100,000 or more",0.08962361281277054,Q2,inferred,,Inferred from occupation,"$100,000 or more",high,low,0.7183475771842264,0.7180991191909717,0.00024845799325468043
WHYNOTPOLF1K_W36,socioeco,"Less than $30,000","$100,000 or more",0.12111610999999997,Q2,inferred,,Inferred from occupation,"$100,000 or more",high,low,0.6166681041057609,0.5248577879999999,0.09181031610576096
WHYNOTPOLF1L_W36,socioeco,"Less than $30,000","$100,000 or more",0.289409463038319,Q4,inferred,,Inferred from occupation,"$100,000 or more",high,low,0.9855247580001056,0.9855121539990844,1.2604001021210287e-05
WMNPRZ1_W36,socioeco,"Less than $30,000","$100,000 or more",0.15105601000000024,Q3,inferred,,Inferred from occupation,"$100,000 or more",high,low,0.5687859398459323,0.5003144640357826,0.06847147581014967
AUTOLKLY_W41,socioeco,"Less than $30,000","$100,000 or more",0.5842882443009798,Q4,inferred,,Inferred from occupation,"$100,000 or more",high,low,1.1444139699979887,1.1424153060085693,0.0019986639894193914
AUTOWKPLC_W41,socioeco,"Less than $30,000","$100,000 or more",0.06051081500000005,Q1,inferred,,Inferred from occupation,"$100,000 or more",high,low,0.3141328320724641,0.31899657898120104,-0.004863746908736921
ETHNCMAJMOD_W41,socioeco,"Less than $30,000","$100,000 or more",0.09486651999999979,Q2,inferred,,Inferred from occupation,"$100,000 or more",high,low,0.3657985382338146,0.3946128727558271,-0.02881433452201254
FTRWORRYc_W41,socioeco,"Less than $30,000","$100,000 or more",0.18645142442448914,Q3,inferred,,Inferred from occupation,"$100,000 or more",high,low,0.5610397480911051,0.5999998530043681,-0.03896010491326296
FTRWORRYe_W41,socioeco,"Less than $30,000","$100,000 or more",0.05497590000000002,Q1,inferred,,Inferred from occupation,"$100,000 or more",high,low,0.6927398079999999,0.6800764701977725,0.012663337802227392
FTRWORRYf_W41,socioeco,"Less than $30,000","$100,000 or more",0.1031985889680142,Q2,inferred,,Inferred from occupation,"$100,000 or more",high,low,0.8812346662944159,0.7623446157763464,0.11889005051806956
FUTRCLASSb_W41,socioeco,"Less than $30,000","$100,000 or more",0.08692977586929768,Q2,inferred,,Inferred from occupation,"$100,000 or more",high,low,0.14895746148957456,0.16360262763602623,-0.014645166146451671
FUTRCLASSc_W41,socioeco,"Less than $30,000","$100,000 or more",0.10139810500000002,Q2,inferred,,Inferred from occupation,"$100,000 or more",high,low,0.21950747200020337,0.21950453700013084,2.935000072534777e-06
FUTR_DIV_W41,socioeco,"Less than $30,000","$100,000 or more",0.05734758264673562,Q1,inferred,,Inferred from occupation,"$100,000 or more",high,low,0.17776703899915275,0.1778929200036093,-0.0001258810044565406
GOVPRIOb_W41,socioeco,"Less than $30,000","$100,000 or more",0.14078296472799579,Q2,inferred,,Inferred from occupation,"$100,000 or more",high,low,0.6679826820000272,0.6679823180000107,3.6400001646175184e-07
GOVPRIOc_W41,socioeco,"Less than $30,000","$100,000 or more",0.18958046000000006,Q3,inferred,,Inferred from occupation,"$100,000 or more",high,low,0.551924429999993,0.5519244040000202,2.5999972841361796e-08
GOVPRIOe_W41,socioeco,"Less than $30,000","$100,000 or more",0.2709841300000001,Q3,inferred,,Inferred from occupation,"$100,000 or more",high,low,0.9180825680000527,0.9180816160000929,9.519999598639473e-07
GOVPRIOfF1_W41,socioeco,"Less than $30,000","$100,000 or more",0.1391118740833656,Q2,inferred,,Inferred from occupation,"$100,000 or more",high,low,0.7523802804749664,0.7522831104781104,9.716999685605021e-05
GOVPRIOgF1_W41,socioeco,"Less than $30,000","$100,000 or more",0.1644235688285774,Q3,inferred,,Inferred from occupation,"$100,000 or more",high,low,0.8372188101856309,0.8162448104152997,0.02097399977033121
GOVPRIOhF1_W41,socioeco,"Less than $30,000","$100,000 or more",0.26349138898927715,Q3,inferred,,Inferred from occupation,"$100,000 or more",high,low,0.865331417784443,0.4542335305423352,0.41109788724210783
GOVPRIOiF1_W41,socioeco,"Less than $30,000","$100,000 or more",0.08828057804737804,Q2,inferred,,Inferred from occupation,"$100,000 or more",high,low,0.7164541300000918,0.7164500700002568,4.0599998349932775e-06
GOVPRIOjF1_W41,socioeco,"Less than $30,000","$100,000 or more",0.5382907780860551,Q4,inferred,,Inferred from occupation,"$100,000 or more",high,low,0.8552240100131826,0.8542971379881905,0.000926872024992087
GOVPRIOkF2_W41,socioeco,"Less than $30,000","$100,000 or more",0.21375711469481518,Q3,inferred,,Inferred from occupation,"$100,000 or more",high,low,0.8118820874204775,0.8586411605396691,-0.046759073119191585
GOVPRIOlF2_W41,socioeco,"Less than $30,000","$100,000 or more",0.28427799930181963,Q4,inferred,,Inferred from occupation,"$100,000 or more",high,low,1.3529789459592467,1.3263468776052068,0.026632068354039973
GOVPRIOmF2_W41,socioeco,"Less than $30,000","$100,000 or more",0.3448381599999998,Q4,inferred,,Inferred from occupation,"$100,000 or more",high,low,0.5133372910045502,0.48027913335702355,0.03305815764752662
GOVPRIOnF2_W41,socioeco,"Less than $30,000","$100,000 or more",0.6101931700000001,Q4,inferred,,Inferred from occupation,"$100,000 or more",high,low,1.7971944303478034,1.3668496675338662,0.4303447628139372
GOVPRIOoF2_W41,socioeco,"Less than $30,000","$100,000 or more",0.1787665199999997,Q3,inferred,,Inferred from occupation,"$100,000 or more",high,low,0.8160557240000164,0.8160555760000199,1.4799999648040796e-07
HAPPEN2b_W41,socioeco,"Less than $30,000","$100,000 or more",0.1571397521693849,Q3,inferred,,Inferred from occupation,"$100,000 or more",high,low,0.6330180683236981,0.6333531363400957,-0.0003350680163975994
HAPPEN2f_W41,socioeco,"Less than $30,000","$100,000 or more",0.18965791454000708,Q3,inferred,,Inferred from occupation,"$100,000 or more",high,low,0.4537913474537132,0.453529553455282,0.00026179399843118123
HARASS1F1b_W41,socioeco,"Less than $30,000","$100,000 or more",0.41214423000000006,Q4,inferred,,Inferred from occupation,"$100,000 or more",high,low,0.9423688803020105,0.9435631658236524,-0.0011942855216419135
HARASS1F1d_W41,socioeco,"Less than $30,000","$100,000 or more",0.07343752000000014,Q1,inferred,,Inferred from occupation,"$100,000 or more",high,low,0.4733981139999961,0.4733980259999875,8.800000861342028e-08
HARASS1NOWRKF2d_W41,socioeco,"Less than $30,000","$100,000 or more",0.09776517490438641,Q2,inferred,,Inferred from occupation,"$100,000 or more",high,low,0.4904378909043805,0.4904378469043975,4.3999982990428066e-08
HARASS3NOWRKF2_W41,socioeco,"Less than $30,000","$100,000 or more",0.061170640000000026,Q1,inferred,,Inferred from occupation,"$100,000 or more",high,low,0.21992868581693256,0.10954223365376464,0.11038645216316792
INTRMAR_W41,socioeco,"Less than $30,000","$100,000 or more",0.23990956739909547,Q3,inferred,,Inferred from occupation,"$100,000 or more",high,low,0.5603323446313943,0.43816998677620683,0.12216235785518742
LEGALIMG_W41,socioeco,"Less than $30,000","$100,000 or more",0.203597909731849,Q3,inferred,,Inferred from occupation,"$100,000 or more",high,low,0.7289992084058778,0.31581132418489727,0.4131878842209806
SOLVPROBa_W41,socioeco,"Less than $30,000","$100,000 or more",0.2650896300000004,Q3,inferred,,Inferred from occupation,"$100,000 or more",high,low,0.5365105219999815,0.5365012960005305,9.225999450968025e-06
SOLVPROBb_W41,socioeco,"Less than $30,000","$100,000 or more",0.1616020431156558,Q3,inferred,,Inferred from occupation,"$100,000 or more",high,low,0.732294961440808,0.6928639217465781,0.0394310396942299
SOLVPROBc_W41,socioeco,"Less than $30,000","$100,000 or more",0.30557677,Q4,inferred,,Inferred from occupation,"$100,000 or more",high,low,0.7055793032463231,0.55333168471631,0.15224761853001312
SOLVPROBdF1_W41,socioeco,"Less than $30,000","$100,000 or more",0.15146541879777844,Q3,inferred,,Inferred from occupation,"$100,000 or more",high,low,0.29439770735913307,0.2545501884026017,0.03984751895653138
SOLVPROBf_W41,socioeco,"Less than $30,000","$100,000 or more",0.13619409999999993,Q2,inferred,,Inferred from occupation,"$100,000 or more",high,low,0.4550699380524035,0.5280318439810117,-0.07296190592860818
SOLVPROBg_W41,socioeco,"Less than $30,000","$100,000 or more",0.20337971899366186,Q3,inferred,,Inferred from occupation,"$100,000 or more",high,low,0.7684627625151654,0.8824737698521967,-0.11401100733703129
SOLVPROBh_W41,socioeco,"Less than $30,000","$100,000 or more",0.09918693000000045,Q2,inferred,,Inferred from occupation,"$100,000 or more",high,low,0.9911945321132564,0.5920747607344874,0.399119771378769
CONFb_W42,socioeco,"Less than $30,000","$100,000 or more",0.060597954437416765,Q1,inferred,,Inferred from occupation,"$100,000 or more",high,low,0.7523737920033767,0.7523683740012576,5.418002119172982e-06
CONFc_W42,socioeco,"Less than $30,000","$100,000 or more",0.10298426148798856,Q2,inferred,,Inferred from occupation,"$100,000 or more",high,low,0.38745363554865936,0.9428112017777751,-0.5553575662291157
CONFe_W42,socioeco,"Less than $30,000","$100,000 or more",0.05187860830558169,Q1,inferred,,Inferred from occupation,"$100,000 or more",high,low,0.8305159016933193,0.8305187736956001,-2.8720022807737777e-06
CONFg_W42,socioeco,"Less than $30,000","$100,000 or more",0.07518952000000004,Q1,inferred,,Inferred from occupation,"$100,000 or more",high,low,0.6066659260026286,0.6067780840001353,-0.00011215799750674549
PQ4_F2Aa_W42,socioeco,"Less than $30,000","$100,000 or more",0.40456271000000044,Q4,inferred,,Inferred from occupation,"$100,000 or more",high,low,0.4625292369813083,0.6222632299389215,-0.15973399295761315
PQ4_F2Ac_W42,socioeco,"Less than $30,000","$100,000 or more",0.13593567253236777,Q2,inferred,,Inferred from occupation,"$100,000 or more",high,low,0.5586350584131539,0.5586350544134325,3.999721331915396e-09
PQ4_F2Ae_W42,socioeco,"Less than $30,000","$100,000 or more",0.4971038122358365,Q4,inferred,,Inferred from occupation,"$100,000 or more",high,low,0.27859021797977523,0.22619630483144226,0.05239391314833297
PQ4_F2Bb_W42,socioeco,"Less than $30,000","$100,000 or more",0.1528595688454194,Q3,inferred,,Inferred from occupation,"$100,000 or more",high,low,0.352719864891735,0.4607100527941166,-0.10799018790238157
PQ4_F2Bc_W42,socioeco,"Less than $30,000","$100,000 or more",0.04909673566685244,Q1,inferred,,Inferred from occupation,"$100,000 or more",high,low,0.5666292343335958,0.5665160323389002,0.00011320199469555536
PQ4_F2Bd_W42,socioeco,"Less than $30,000","$100,000 or more",0.12121293502201327,Q2,inferred,,Inferred from occupation,"$100,000 or more",high,low,0.49774785897697016,0.49773716697737147,1.0691999598688717e-05
PQ4_F2Cc_W42,socioeco,"Less than $30,000","$100,000 or more",0.10313365608586739,Q2,inferred,,Inferred from occupation,"$100,000 or more",high,low,0.5054292539997142,0.5054132800007956,1.597399891861695e-05
PQ8_F2B_W42,socioeco,"Less than $30,000","$100,000 or more",0.3222527069527823,Q4,inferred,,Inferred from occupation,"$100,000 or more",high,low,0.738088164017182,0.7382908359877088,-0.00020267197052681318
RQ1_F1B_W42,socioeco,"Less than $30,000","$100,000 or more",0.08562608,Q2,inferred,,Inferred from occupation,"$100,000 or more",high,low,0.21589527080033544,0.10243785074812706,0.11345742005220838
RQ1_F1C_W42,socioeco,"Less than $30,000","$100,000 or more",0.008140855000000002,Q1,inferred,,Inferred from occupation,"$100,000 or more",high,low,0.14021698785806014,0.25559266586385243,-0.11537567800579229
RQ2_F1A_W42,socioeco,"Less than $30,000","$100,000 or more",0.23334321000000005,Q3,inferred,,Inferred from occupation,"$100,000 or more",high,low,0.3355074719993466,0.3355348799999579,-2.7408000611295336e-05
RQ4_F1Ab_W42,socioeco,"Less than $30,000","$100,000 or more",0.33360953002000115,Q4,inferred,,Inferred from occupation,"$100,000 or more",high,low,0.5003462820002902,0.5003455759996995,7.060005906556199e-07
RQ4_F1Ae_W42,socioeco,"Less than $30,000","$100,000 or more",0.30514430715714946,Q4,inferred,,Inferred from occupation,"$100,000 or more",high,low,0.48469672100066963,0.3418801302058836,0.14281659079478604
RQ4_F1Ba_W42,socioeco,"Less than $30,000","$100,000 or more",0.19122297000000016,Q3,inferred,,Inferred from occupation,"$100,000 or more",high,low,0.583123115919483,0.5834666639352131,-0.00034354801573011073
RQ4_F1Bc_W42,socioeco,"Less than $30,000","$100,000 or more",0.08793977999999963,Q2,inferred,,Inferred from occupation,"$100,000 or more",high,low,0.5776978719991853,0.5776872460002758,1.0625998909552514e-05
RQ4_F1Bd_W42,socioeco,"Less than $30,000","$100,000 or more",0.04225304397369292,Q1,inferred,,Inferred from occupation,"$100,000 or more",high,low,0.5544272361666116,0.5546806896923642,-0.0002534535257525672
RQ4_F1Be_W42,socioeco,"Less than $30,000","$100,000 or more",0.23054055000000034,Q3,inferred,,Inferred from occupation,"$100,000 or more",high,low,0.45972242586355455,0.2980065085123628,0.16171591735119173
RQ4_F1Ca_W42,socioeco,"Less than $30,000","$100,000 or more",0.1086990500000003,Q2,inferred,,Inferred from occupation,"$100,000 or more",high,low,0.4054312400320051,0.40603304400075363,-0.0006018039687485377
RQ4_F1Cb_W42,socioeco,"Less than $30,000","$100,000 or more",0.14329165999999965,Q2,inferred,,Inferred from occupation,"$100,000 or more",high,low,0.45216496,0.4521845120000983,-1.9552000098288502e-05
RQ4_F1Cd_W42,socioeco,"Less than $30,000","$100,000 or more",0.09901093999999998,Q2,inferred,,Inferred from occupation,"$100,000 or more",high,low,0.5819660078059794,0.582575535883097,-0.0006095280771175604
RQ5_F1B_W42,socioeco,"Less than $30,000","$100,000 or more",0.28950205,Q4,inferred,,Inferred from occupation,"$100,000 or more",high,low,1.6158632987901371,1.5780638807338374,0.037799418056299716
RQ5_F1C_W42,socioeco,"Less than $30,000","$100,000 or more",0.25161639,Q3,inferred,,Inferred from occupation,"$100,000 or more",high,low,1.5809398439935882,1.5781869940119178,0.002752849981670469
IDIMPORT_W43,socioeco,"Less than $30,000","$100,000 or more",0.2893016100000001,Q4,inferred,,Inferred from occupation,"$100,000 or more",high,low,1.3752859580007737,1.37520431400026,8.1644000513581e-05
RACESURV13_W43,socioeco,"Less than $30,000","$100,000 or more",0.16516058921642549,Q3,inferred,,Inferred from occupation,"$100,000 or more",high,low,0.5006660371431525,0.4292058314225652,0.07146020572058731
RACESURV14_W43,socioeco,"Less than $30,000","$100,000 or more",0.060358142281710436,Q1,inferred,,Inferred from occupation,"$100,000 or more",high,low,0.8321841359999282,0.8321752420002849,8.893999643322381e-06
RACESURV15a_W43,socioeco,"Less than $30,000","$100,000 or more",0.050919237756242186,Q1,inferred,,Inferred from occupation,"$100,000 or more",high,low,0.1181246441187156,0.08467830201845994,0.033446342100255655
RACESURV15b_W43,socioeco,"Less than $30,000","$100,000 or more",0.11308514999999994,Q2,inferred,,Inferred from occupation,"$100,000 or more",high,low,0.36256445400294174,0.36219432101353605,0.0003701329894056915
RACESURV17_W43,socioeco,"Less than $30,000","$100,000 or more",0.04996936000000002,Q1,inferred,,Inferred from occupation,"$100,000 or more",high,low,0.6468758818313518,0.6759298789405941,-0.02905399710924228
RACESURV18b_W43,socioeco,"Less than $30,000","$100,000 or more",0.14870248223682492,Q3,inferred,,Inferred from occupation,"$100,000 or more",high,low,0.7466350008958282,0.7465733827627051,6.161813312310915e-05
RACESURV18f_W43,socioeco,"Less than $30,000","$100,000 or more",0.07342945073429451,Q1,inferred,,Inferred from occupation,"$100,000 or more",high,low,0.3636662042632978,0.36291751781722265,0.0007486864460751752
RACESURV19a_W43,socioeco,"Less than $30,000","$100,000 or more",0.04582994312043631,Q1,inferred,,Inferred from occupation,"$100,000 or more",high,low,0.7463050465369682,0.7463048125370848,2.339998833589263e-07
RACESURV19c_W43,socioeco,"Less than $30,000","$100,000 or more",0.1629405699999999,Q3,inferred,,Inferred from occupation,"$100,000 or more",high,low,0.6692355280012146,0.6688752040027692,0.00036032399844532215
RACESURV19e_W43,socioeco,"Less than $30,000","$100,000 or more",0.027891895958388757,Q1,inferred,,Inferred from occupation,"$100,000 or more",high,low,0.8320605343211179,0.8320540223210523,6.512000065628243e-06
RACESURV1b_W43,socioeco,"Less than $30,000","$100,000 or more",0.1531344784686553,Q3,inferred,,Inferred from occupation,"$100,000 or more",high,low,0.2936613660620525,0.29367597306256565,-1.4607000513144897e-05
RACESURV21_W43,socioeco,"Less than $30,000","$100,000 or more",0.3364888266351118,Q4,inferred,,Inferred from occupation,"$100,000 or more",high,low,0.7479446928018565,0.7569815522516368,-0.009036859449780277
RACESURV27_W43,socioeco,"Less than $30,000","$100,000 or more",0.11925969033530831,Q2,inferred,,Inferred from occupation,"$100,000 or more",high,low,0.9653384716940898,0.9510934772956752,0.014244994398414645
RACESURV28a_W43,socioeco,"Less than $30,000","$100,000 or more",0.015349624999999978,Q1,inferred,,Inferred from occupation,"$100,000 or more",high,low,0.25968345298996554,0.21156571029623233,0.0481177426937332
RACESURV28b_W43,socioeco,"Less than $30,000","$100,000 or more",0.037529884999999985,Q1,inferred,,Inferred from occupation,"$100,000 or more",high,low,0.2602908790018689,0.2576039890669774,0.002686889934891523
RACESURV28c_W43,socioeco,"Less than $30,000","$100,000 or more",0.03396232499999996,Q1,inferred,,Inferred from occupation,"$100,000 or more",high,low,0.26703950200000004,0.2669192109987987,0.00012029100120136693
RACESURV28d_W43,socioeco,"Less than $30,000","$100,000 or more",0.035200420000000066,Q1,inferred,,Inferred from occupation,"$100,000 or more",high,low,0.14598832199999995,0.1458944210028923,9.390099710765432e-05
RACESURV28e_W43,socioeco,"Less than $30,000","$100,000 or more",0.0038351799999998826,Q1,inferred,,Inferred from occupation,"$100,000 or more",high,low,0.17933337099750635,0.17924689499639984,8.647600110650577e-05
RACESURV28f_W43,socioeco,"Less than $30,000","$100,000 or more",0.0604450864273704,Q1,inferred,,Inferred from occupation,"$100,000 or more",high,low,0.29597469802529497,0.27960453230984006,0.01637016571545491
RACESURV28g_W43,socioeco,"Less than $30,000","$100,000 or more",0.03035423819018293,Q1,inferred,,Inferred from occupation,"$100,000 or more",high,low,0.31892082681001194,0.318793834800839,0.00012699200917293263
RACESURV29d_W43,socioeco,"Less than $30,000","$100,000 or more",0.39589305375556566,Q4,inferred,,Inferred from occupation,"$100,000 or more",high,low,0.5951061460005607,0.5948432280055735,0.00026291799498712187
RACESURV2_W43,socioeco,"Less than $30,000","$100,000 or more",0.2488893926842083,Q3,inferred,,Inferred from occupation,"$100,000 or more",high,low,1.0718604269999998,1.0718615390014852,-1.1120014853371885e-06
RACESURV34a_W43,socioeco,"Less than $30,000","$100,000 or more",0.2520057740119579,Q3,inferred,,Inferred from occupation,"$100,000 or more",high,low,0.5331710373323963,0.5331675723310042,3.465001392144451e-06
RACESURV34b_W43,socioeco,"Less than $30,000","$100,000 or more",0.10841161810635952,Q2,inferred,,Inferred from occupation,"$100,000 or more",high,low,0.5019548999798855,0.5018293449848465,0.00012555499503896783
RACESURV34c_W43,socioeco,"Less than $30,000","$100,000 or more",0.42600003426,Q4,inferred,,Inferred from occupation,"$100,000 or more",high,low,0.6339998673401057,0.7429771645217683,-0.1089772971816626
RACESURV34d_W43,socioeco,"Less than $30,000","$100,000 or more",0.4843864103540296,Q4,inferred,,Inferred from occupation,"$100,000 or more",high,low,0.27154088441948254,0.19082129348400667,0.08071959093547587
RACESURV34e_W43,socioeco,"Less than $30,000","$100,000 or more",0.21560540597817002,Q3,inferred,,Inferred from occupation,"$100,000 or more",high,low,0.40400535112226393,0.42151540919661634,-0.017510058074352408
RACESURV38_W43,socioeco,"Less than $30,000","$100,000 or more",0.15582831999999996,Q3,inferred,,Inferred from occupation,"$100,000 or more",high,low,0.8704565760000001,0.711233672604392,0.15922290339560818
RACESURV40_W43,socioeco,"Less than $30,000","$100,000 or more",0.08064263080642635,Q2,inferred,,Inferred from occupation,"$100,000 or more",high,low,0.2770817380196647,0.277085982088852,-4.24406918730913e-06
RACESURV41_W43,socioeco,"Less than $30,000","$100,000 or more",0.05444975000000001,Q1,inferred,,Inferred from occupation,"$100,000 or more",high,low,0.44996548118408314,0.44993913427955046,2.6346904532681403e-05
RACESURV45_W43,socioeco,"Less than $30,000","$100,000 or more",0.10297635999999993,Q2,inferred,,Inferred from occupation,"$100,000 or more",high,low,0.5694775052227533,0.5831656642085916,-0.013688158985838306
RACESURV47a_W43,socioeco,"Less than $30,000","$100,000 or more",0.11641905000000011,Q2,inferred,,Inferred from occupation,"$100,000 or more",high,low,1.6466410339906377,1.6466410179872197,1.6003417924181917e-08
RACESURV47b_W43,socioeco,"Less than $30,000","$100,000 or more",0.10827083,Q2,inferred,,Inferred from occupation,"$100,000 or more",high,low,1.0955149919827063,1.0955151239798369,-1.3199713055911388e-07
RACESURV47d_W43,socioeco,"Less than $30,000","$100,000 or more",0.2218545478030579,Q3,inferred,,Inferred from occupation,"$100,000 or more",high,low,1.51327356001725,1.6681875654323348,-0.15491400541508482
RACESURV47e_W43,socioeco,"Less than $30,000","$100,000 or more",0.13487718000000015,Q2,inferred,,Inferred from occupation,"$100,000 or more",high,low,1.7425519297714722,1.701589843975661,0.04096208579581129
RACESURV47f_W43,socioeco,"Less than $30,000","$100,000 or more",0.0757288094073287,Q1,inferred,,Inferred from occupation,"$100,000 or more",high,low,1.0592659385828158,1.0592657485771646,1.900056512127435e-07
RACESURV48_W43,socioeco,"Less than $30,000","$100,000 or more",0.09682389080110809,Q2,inferred,,Inferred from occupation,"$100,000 or more",high,low,0.8230601379998136,0.823053921999681,6.21600013261947e-06
RACESURV51_W43,socioeco,"Less than $30,000","$100,000 or more",0.046241248735494164,Q1,inferred,,Inferred from occupation,"$100,000 or more",high,low,0.17780452422152218,0.17781133722178383,-6.813000261646218e-06
RACESURV52_W43,socioeco,"Less than $30,000","$100,000 or more",0.18872453000000006,Q3,inferred,,Inferred from occupation,"$100,000 or more",high,low,0.8251467679995931,0.8251387420005191,8.025999074012802e-06
RACESURV5a_W43,socioeco,"Less than $30,000","$100,000 or more",0.17443832668547699,Q3,inferred,,Inferred from occupation,"$100,000 or more",high,low,1.2282305342823052,1.119787255354048,0.10844327892825723
RACESURV5b_W43,socioeco,"Less than $30,000","$100,000 or more",0.16134562483985856,Q3,inferred,,Inferred from occupation,"$100,000 or more",high,low,0.3219431933678726,0.401245963167263,-0.07930276979939044
RACESURV5d_W43,socioeco,"Less than $30,000","$100,000 or more",0.06263871033389114,Q1,inferred,,Inferred from occupation,"$100,000 or more",high,low,0.6499246804973189,0.6480390795235824,0.0018856009737364676
RACESURV5e_W43,socioeco,"Less than $30,000","$100,000 or more",0.28855220000000015,Q4,inferred,,Inferred from occupation,"$100,000 or more",high,low,0.6023217280046093,0.602359381002154,-3.765299754476814e-05
RACESURV5f_W43,socioeco,"Less than $30,000","$100,000 or more",0.06095199118227868,Q1,inferred,,Inferred from occupation,"$100,000 or more",high,low,0.271280931,0.22325811454609407,0.04802281645390594
RACESURV5g_W43,socioeco,"Less than $30,000","$100,000 or more",0.17250203499999983,Q3,inferred,,Inferred from occupation,"$100,000 or more",high,low,0.5336458389941415,0.5330580230062569,0.000587815987884599
RACESURV5h_W43,socioeco,"Less than $30,000","$100,000 or more",0.14085461640854607,Q2,inferred,,Inferred from occupation,"$100,000 or more",high,low,0.6638979356439176,0.6638396596372673,5.827600665031518e-05
RACESURV5i_W43,socioeco,"Less than $30,000","$100,000 or more",0.08947454509150732,Q2,inferred,,Inferred from occupation,"$100,000 or more",high,low,1.19844127800352,1.198259708965466,0.00018156903805399693
RACESURV5j_W43,socioeco,"Less than $30,000","$100,000 or more",0.10316130500000009,Q2,inferred,,Inferred from occupation,"$100,000 or more",high,low,0.48532833901350203,0.48463018203584274,0.0006981569776592922
RACESURV5l_W43,socioeco,"Less than $30,000","$100,000 or more",0.17379970499999997,Q3,inferred,,Inferred from occupation,"$100,000 or more",high,low,1.8069885969999997,1.8056981960629923,0.0012904009370073855
RACESURV9_W43,socioeco,"Less than $30,000","$100,000 or more",0.10774148999999994,Q2,inferred,,Inferred from occupation,"$100,000 or more",high,low,0.2670062210026235,0.2987456745241316,-0.03173945352150809
INFOCHALa_W45,socioeco,"Less than $30,000","$100,000 or more",0.32699286999999977,Q4,inferred,,Inferred from occupation,"$100,000 or more",high,low,0.30973131600004833,0.3097283959999442,2.920000104156273e-06
INFOCREATEa_W45,socioeco,"Less than $30,000","$100,000 or more",0.1735635296774144,Q3,inferred,,Inferred from occupation,"$100,000 or more",high,low,0.6180347153953273,0.6447433607009023,-0.02670864530557504
MADEUPOFT_W45,socioeco,"Less than $30,000","$100,000 or more",0.10638791708712841,Q2,inferred,,Inferred from occupation,"$100,000 or more",high,low,0.2734553681715046,0.4675082770338026,-0.19405290886229798
MADEUPTOPICb_W45,socioeco,"Less than $30,000","$100,000 or more",0.04183380000000014,Q1,inferred,,Inferred from occupation,"$100,000 or more",high,low,0.44659893400343487,0.4464670360105606,0.00013189799287427473
MADEUPTOPICc_W45,socioeco,"Less than $30,000","$100,000 or more",0.03779307931115472,Q1,inferred,,Inferred from occupation,"$100,000 or more",high,low,0.9592050063595615,0.7509188545382098,0.20828615182135168
MADEUPTOPICd_W45,socioeco,"Less than $30,000","$100,000 or more",0.11269314002075606,Q2,inferred,,Inferred from occupation,"$100,000 or more",high,low,0.9952237840909725,0.9783630294730368,0.01686075461793568
NEWSPROBd_W45,socioeco,"Less than $30,000","$100,000 or more",0.08974966061541967,Q2,inferred,,Inferred from occupation,"$100,000 or more",high,low,0.590943146,0.6237150297988387,-0.032771883798838775
NEWSPROBe_W45,socioeco,"Less than $30,000","$100,000 or more",0.10742406902385437,Q2,inferred,,Inferred from occupation,"$100,000 or more",high,low,0.9450723613683458,0.8940959071531349,0.05097645421521091
NEWS_PLATFORMg_W45,socioeco,"Less than $30,000","$100,000 or more",0.32111767278716313,Q4,inferred,,Inferred from occupation,"$100,000 or more",high,low,1.4950991415810602,1.0286120468604487,0.46648709472061145
SMLIKESb_W45,socioeco,"Less than $30,000","$100,000 or more",0.010746680000000008,Q1,inferred,,Inferred from occupation,"$100,000 or more",high,low,1.0175070220092257,1.0133343481629906,0.004172673846235098
SMLIKESf_W45,socioeco,"Less than $30,000","$100,000 or more",0.07971442999999995,Q1,inferred,,Inferred from occupation,"$100,000 or more",high,low,0.5626034700140181,0.40532965410776645,0.15727381590625167
BENEFITGOV_W49,socioeco,"Less than $30,000","$100,000 or more",0.23874836999999996,Q3,inferred,,Inferred from occupation,"$100,000 or more",high,low,0.47326482512467605,0.35112002792624114,0.1221447971984349
CONCERNCO_W49,socioeco,"Less than $30,000","$100,000 or more",0.16179116999999982,Q3,inferred,,Inferred from occupation,"$100,000 or more",high,low,0.6155821385154192,0.21810089790136306,0.39748124061405615
CONCERNGRPa_W49,socioeco,"Less than $30,000","$100,000 or more",0.2061189199358142,Q3,inferred,,Inferred from occupation,"$100,000 or more",high,low,0.5359292766069358,0.6032538520825955,-0.06732457547565973
CONCERNGRPc_W49,socioeco,"Less than $30,000","$100,000 or more",0.04203335000000008,Q1,inferred,,Inferred from occupation,"$100,000 or more",high,low,0.43363867050808247,0.46637335937317903,-0.03273468886509656
CONTROLCO_W49,socioeco,"Less than $30,000","$100,000 or more",0.09815530591680234,Q2,inferred,,Inferred from occupation,"$100,000 or more",high,low,0.9061846643803272,0.47618192324985825,0.43000274113046894
CONTROLGRPc_W49,socioeco,"Less than $30,000","$100,000 or more",0.21806317000000008,Q3,inferred,,Inferred from occupation,"$100,000 or more",high,low,0.28040761377086815,0.5619401879721388,-0.2815325742012707
DATAUSEd_W49,socioeco,"Less than $30,000","$100,000 or more",0.10265790999999996,Q2,inferred,,Inferred from occupation,"$100,000 or more",high,low,0.5171879779984774,0.5171881539986145,-1.7600013713092721e-07
FACE3c_W49,socioeco,"Less than $30,000","$100,000 or more",0.09007282332476352,Q2,inferred,,Inferred from occupation,"$100,000 or more",high,low,1.0217728020100851,1.0217957679902823,-2.2965980197131586e-05
GOVREGV1_W49,socioeco,"Less than $30,000","$100,000 or more",0.09772339790500356,Q2,inferred,,Inferred from occupation,"$100,000 or more",high,low,0.1117642369998319,0.11174746800017266,1.676899965924461e-05
HOMEASSIST2_W49,socioeco,"Less than $30,000","$100,000 or more",0.054229094810306605,Q1,inferred,,Inferred from occupation,"$100,000 or more",high,low,0.7776518034219259,0.5376736459802915,0.2399781574416343
HOMEASSIST3_W49,socioeco,"Less than $30,000","$100,000 or more",0.01999895650318237,Q1,inferred,,Inferred from occupation,"$100,000 or more",high,low,0.2639074901989343,0.3060780636468662,-0.0421705734479319
HOMEASSIST4_W49,socioeco,"Less than $30,000","$100,000 or more",0.23615742723486072,Q3,inferred,,Inferred from occupation,"$100,000 or more",high,low,1.4766002768497608,1.066280151414883,0.41032012543487784
PP5e_W49,socioeco,"Less than $30,000","$100,000 or more",0.18613370077639743,Q3,inferred,,Inferred from occupation,"$100,000 or more",high,low,0.4931127234377166,0.5740614118242036,-0.08094868838648694
PWMAN2_W49,socioeco,"Less than $30,000","$100,000 or more",0.34020970290514396,Q4,inferred,,Inferred from occupation,"$100,000 or more",high,low,0.9096324580133283,1.2479293909648788,-0.3382969329515505
SMARTAPP_W49,socioeco,"Less than $30,000","$100,000 or more",0.11020173999999999,Q2,inferred,,Inferred from occupation,"$100,000 or more",high,low,0.18973680847857244,0.9297232002766153,-0.7399863917980428
TRACKCO1a_W49,socioeco,"Less than $30,000","$100,000 or more",0.5187109719759118,Q4,inferred,,Inferred from occupation,"$100,000 or more",high,low,0.30781607008897516,0.2700655844283549,0.03775048566062028
TRACKCO1b_W49,socioeco,"Less than $30,000","$100,000 or more",0.28269929273071226,Q4,inferred,,Inferred from occupation,"$100,000 or more",high,low,1.0058050505240566,0.4354892870980765,0.5703157634259801
TRACKGOV1a_W49,socioeco,"Less than $30,000","$100,000 or more",0.21002390000000026,Q3,inferred,,Inferred from occupation,"$100,000 or more",high,low,0.9446713340025767,0.9448044700003055,-0.00013313599772879492
TRACKGOV1b_W49,socioeco,"Less than $30,000","$100,000 or more",0.23954767760452322,Q3,inferred,,Inferred from occupation,"$100,000 or more",high,low,0.7689537195713786,0.6155607798443922,0.15339293972698642
COHABDUR_W50,socioeco,"Less than $30,000","$100,000 or more",0.2885594546356548,Q4,inferred,,Inferred from occupation,"$100,000 or more",high,low,1.804196063958039,2.0582398058319473,-0.2540437418739083
DNA2b_W50,socioeco,"Less than $30,000","$100,000 or more",0.000849690000000014,Q1,inferred,,Inferred from occupation,"$100,000 or more",high,low,0.40786463400020345,0.4078703139996774,-5.679999473928721e-06
DNA5_W50,socioeco,"Less than $30,000","$100,000 or more",0.12083113000000001,Q2,inferred,,Inferred from occupation,"$100,000 or more",high,low,0.12161347799981014,0.12160095799909305,1.2520000717081148e-05
E5MOD_W50,socioeco,"Less than $30,000","$100,000 or more",0.27614361000000004,Q4,inferred,,Inferred from occupation,"$100,000 or more",high,low,0.47184220745982564,0.21937681744606852,0.2524653900137571
FAMSURV10c_W50,socioeco,"Less than $30,000","$100,000 or more",0.54169700458303,Q4,inferred,,Inferred from occupation,"$100,000 or more",high,low,0.6291069456618676,0.63149970968963,-0.0023927640277623397
FAMSURV16_W50,socioeco,"Less than $30,000","$100,000 or more",0.012576359999999981,Q1,inferred,,Inferred from occupation,"$100,000 or more",high,low,0.1458358201652682,0.18241091563362927,-0.036575095468361074
FAMSURV1_W50,socioeco,"Less than $30,000","$100,000 or more",0.23085755000000008,Q3,inferred,,Inferred from occupation,"$100,000 or more",high,low,0.5690187956213033,0.5489485445637525,0.02007025105755078
FAMSURV20_W50,socioeco,"Less than $30,000","$100,000 or more",0.16529019,Q3,inferred,,Inferred from occupation,"$100,000 or more",high,low,0.49030688765526564,0.5316499305380866,-0.04134304288282098
FAMSURV23b_W50,socioeco,"Less than $30,000","$100,000 or more",0.26873290964451724,Q3,inferred,,Inferred from occupation,"$100,000 or more",high,low,0.3464860244884448,0.34156381038290273,0.004922214105542055
FAMSURV23c_W50,socioeco,"Less than $30,000","$100,000 or more",0.34695295000000004,Q4,inferred,,Inferred from occupation,"$100,000 or more",high,low,0.0684221599987859,0.06845023600209128,-2.8076003305385622e-05
FAMSURV23d_W50,socioeco,"Less than $30,000","$100,000 or more",0.22394044999999999,Q3,inferred,,Inferred from occupation,"$100,000 or more",high,low,0.11564778904315093,0.15721393237798492,-0.041566143334833994
FAMSURV23e_W50,socioeco,"Less than $30,000","$100,000 or more",0.18655973923904706,Q3,inferred,,Inferred from occupation,"$100,000 or more",high,low,0.8738876064694381,0.7708392889138973,0.10304831755554078
FAMSURV23f_W50,socioeco,"Less than $30,000","$100,000 or more",0.17203301899098583,Q3,inferred,,Inferred from occupation,"$100,000 or more",high,low,0.8646496612293755,0.6953548660000001,0.1692947952293754
FAMSURV23g_W50,socioeco,"Less than $30,000","$100,000 or more",0.08132022999999997,Q2,inferred,,Inferred from occupation,"$100,000 or more",high,low,0.6028734443600354,0.7455071220486854,-0.14263367768864998
FAMSURV26a_W50,socioeco,"Less than $30,000","$100,000 or more",0.10111904514972142,Q2,inferred,,Inferred from occupation,"$100,000 or more",high,low,0.7732823020000001,0.3565283438155796,0.41675395818442057
FAMSURV26b_W50,socioeco,"Less than $30,000","$100,000 or more",0.04211756275137811,Q1,inferred,,Inferred from occupation,"$100,000 or more",high,low,0.6866930096100013,0.5774428765758232,0.10925013303417819
FAMSURV26c_W50,socioeco,"Less than $30,000","$100,000 or more",0.17925477184455071,Q3,inferred,,Inferred from occupation,"$100,000 or more",high,low,0.6547732159620683,0.3033283061098834,0.35144490985218485
FAMSURV26d_W50,socioeco,"Less than $30,000","$100,000 or more",0.25595823999999995,Q3,inferred,,Inferred from occupation,"$100,000 or more",high,low,0.7883231803860145,0.7732001713678405,0.015123009018173983
FAMSURV29_W50,socioeco,"Less than $30,000","$100,000 or more",0.07915476999999993,Q1,inferred,,Inferred from occupation,"$100,000 or more",high,low,0.7293444001912599,0.5809447310020014,0.1483996691892585
FAMSURV2Ma_W50,socioeco,"Less than $30,000","$100,000 or more",0.10639393999999996,Q2,inferred,,Inferred from occupation,"$100,000 or more",high,low,0.3365801244219677,0.4072209400152311,-0.0706408155932634
FAMSURV2Mc_W50,socioeco,"Less than $30,000","$100,000 or more",0.09708546999999987,Q2,inferred,,Inferred from occupation,"$100,000 or more",high,low,0.29919538834196147,0.37732339798527537,-0.0781280096433139
FAMSURV2Wa_W50,socioeco,"Less than $30,000","$100,000 or more",0.1212305600000001,Q2,inferred,,Inferred from occupation,"$100,000 or more",high,low,0.2769885024726422,0.38451175785107794,-0.10752325537843577
FAMSURV2Wc_W50,socioeco,"Less than $30,000","$100,000 or more",0.08647343962300888,Q2,inferred,,Inferred from occupation,"$100,000 or more",high,low,0.40034249391857457,0.4031088700102304,-0.002766376091655809
FAMSURV32e_W50,socioeco,"Less than $30,000","$100,000 or more",0.35601861999999956,Q4,inferred,,Inferred from occupation,"$100,000 or more",high,low,0.3778425890887374,0.39224605140187846,-0.014403462313141047
FAMSURV39_W50,socioeco,"Less than $30,000","$100,000 or more",0.031161639151510684,Q1,inferred,,Inferred from occupation,"$100,000 or more",high,low,0.5640501855610726,0.5593035212987438,0.004746664262328726
FAMSURV3_W50,socioeco,"Less than $30,000","$100,000 or more",0.11734101471693692,Q2,inferred,,Inferred from occupation,"$100,000 or more",high,low,0.3504028760710962,0.3468785859701041,0.003524290100992089
FAMSURV40_W50,socioeco,"Less than $30,000","$100,000 or more",0.4512988865625954,Q4,inferred,,Inferred from occupation,"$100,000 or more",high,low,1.7950239840002464,1.7950102100005834,1.3773999663069247e-05
FAMSURV43_W50,socioeco,"Less than $30,000","$100,000 or more",0.06659576999999994,Q1,inferred,,Inferred from occupation,"$100,000 or more",high,low,0.3672816428242115,0.476632449161213,-0.1093508063370015
FAMSURV44_W50,socioeco,"Less than $30,000","$100,000 or more",0.2935650958466014,Q4,inferred,,Inferred from occupation,"$100,000 or more",high,low,0.509685140629198,1.0641572645125437,-0.5544721238833457
FAMSURV6_W50,socioeco,"Less than $30,000","$100,000 or more",0.1439479124105139,Q2,inferred,,Inferred from occupation,"$100,000 or more",high,low,0.8217566393289591,0.8097416173119071,0.012015022017052068
FAMSURV9c_W50,socioeco,"Less than $30,000","$100,000 or more",0.62580691,Q4,inferred,,Inferred from occupation,"$100,000 or more",high,low,0.5728366403399825,0.5858424599967602,-0.013005819656777717
FATHER_W50,socioeco,"Less than $30,000","$100,000 or more",0.055669409999999975,Q1,inferred,,Inferred from occupation,"$100,000 or more",high,low,0.46852031998729404,0.46930689602404996,-0.0007865760367559149
HAVEKIDS1_W50,socioeco,"Less than $30,000","$100,000 or more",0.12648768,Q2,inferred,,Inferred from occupation,"$100,000 or more",high,low,0.8586424288486039,0.9607878852457177,-0.10214545639711381
MARRDUR_W50,socioeco,"Less than $30,000","$100,000 or more",0.5791028060002927,Q4,inferred,,Inferred from occupation,"$100,000 or more",high,low,1.810028171078392,3.748124509761123,-1.9380963386827308
MARRYPREF1_W50,socioeco,"Less than $30,000","$100,000 or more",0.05761615999999997,Q1,inferred,,Inferred from occupation,"$100,000 or more",high,low,0.3483561630008604,0.3483764770001098,-2.0313999249399473e-05
MARRYPREF2_W50,socioeco,"Less than $30,000","$100,000 or more",0.019813456353172373,Q1,inferred,,Inferred from occupation,"$100,000 or more",high,low,0.3348764139994261,0.3349984550001285,-0.00012204100070239976
MOTHER_W50,socioeco,"Less than $30,000","$100,000 or more",0.030660380000000043,Q1,inferred,,Inferred from occupation,"$100,000 or more",high,low,0.3434750059164611,0.3459972580076497,-0.002522252091188615
PAR1_W50,socioeco,"Less than $30,000","$100,000 or more",0.0683276499999999,Q1,inferred,,Inferred from occupation,"$100,000 or more",high,low,0.1543115139992556,0.15428274499780717,2.8769001448436526e-05
PAR2_W50,socioeco,"Less than $30,000","$100,000 or more",0.11530310538629299,Q2,inferred,,Inferred from occupation,"$100,000 or more",high,low,0.14892092799999998,0.1490499940012628,-0.00012906600126280643
ROMRELDUR_W50,socioeco,"Less than $30,000","$100,000 or more",0.48102386571196143,Q4,inferred,,Inferred from occupation,"$100,000 or more",high,low,2.780773175283289,2.8181272565356266,-0.03735408125233741
ROMRELSER_W50,socioeco,"Less than $30,000","$100,000 or more",0.08363963000000008,Q2,inferred,,Inferred from occupation,"$100,000 or more",high,low,0.3482362567787739,0.5993133372385281,-0.2510770804597542
SATLIFEc_W50,socioeco,"Less than $30,000","$100,000 or more",0.8678198781459986,Q4,inferred,,Inferred from occupation,"$100,000 or more",high,low,0.5711114449710077,1.057952946564455,-0.4868415015934473
ECIMPg_W54,socioeco,"Less than $30,000","$100,000 or more",0.06784801067848012,Q1,inferred,,Inferred from occupation,"$100,000 or more",high,low,0.13139675231398695,0.13139640031404665,3.519999403067686e-07
ECON1_W54,socioeco,"Less than $30,000","$100,000 or more",0.5619514684883408,Q4,inferred,,Inferred from occupation,"$100,000 or more",high,low,0.9085280391763203,0.9001583770502358,0.008369662126084476
ECON3_d_W54,socioeco,"Less than $30,000","$100,000 or more",0.2537989899999997,Q3,inferred,,Inferred from occupation,"$100,000 or more",high,low,0.7187763985673672,0.6534923608481906,0.06528403771917657
ECON4_a_W54,socioeco,"Less than $30,000","$100,000 or more",0.3484762800000001,Q4,inferred,,Inferred from occupation,"$100,000 or more",high,low,0.8839673698272682,0.6664517553522025,0.21751561447506573
ECON4_b_W54,socioeco,"Less than $30,000","$100,000 or more",0.5073725780230043,Q4,inferred,,Inferred from occupation,"$100,000 or more",high,low,0.8137197653683862,1.323858045237572,-0.5101382798691857
ECON4_e_W54,socioeco,"Less than $30,000","$100,000 or more",0.22006970336272957,Q3,inferred,,Inferred from occupation,"$100,000 or more",high,low,0.45750082234934103,0.872640841056487,-0.41514001870714595
ECON4_f_W54,socioeco,"Less than $30,000","$100,000 or more",0.67039652,Q4,inferred,,Inferred from occupation,"$100,000 or more",high,low,0.7829838928820928,0.6087559149520592,0.17422797793003364
ECON4_g_W54,socioeco,"Less than $30,000","$100,000 or more",0.5931240799999999,Q4,inferred,,Inferred from occupation,"$100,000 or more",high,low,0.650913155198398,0.7150659725539616,-0.06415281735556366
ECON5_b_W54,socioeco,"Less than $30,000","$100,000 or more",0.331065515,Q4,inferred,,Inferred from occupation,"$100,000 or more",high,low,0.21726713822797394,0.5654248136678199,-0.348157675439846
ECON5_c_W54,socioeco,"Less than $30,000","$100,000 or more",0.12171481355715412,Q2,inferred,,Inferred from occupation,"$100,000 or more",high,low,0.7278872922208207,0.755688442804447,-0.02780115058362631
ECON5_d_W54,socioeco,"Less than $30,000","$100,000 or more",0.36696204500000007,Q4,inferred,,Inferred from occupation,"$100,000 or more",high,low,1.0371914800763855,0.7685939716622519,0.26859750841413366
ECON5_e_W54,socioeco,"Less than $30,000","$100,000 or more",0.3131018499999999,Q4,inferred,,Inferred from occupation,"$100,000 or more",high,low,0.553676685312664,0.6603803400460898,-0.1067036547334258
ECON5_f_W54,socioeco,"Less than $30,000","$100,000 or more",0.1336124545474678,Q2,inferred,,Inferred from occupation,"$100,000 or more",high,low,0.7703118458763067,0.781249219057278,-0.01093737318097121
ECON5_g_W54,socioeco,"Less than $30,000","$100,000 or more",0.2962558049999997,Q4,inferred,,Inferred from occupation,"$100,000 or more",high,low,0.6575042290079491,0.6155742514590453,0.04192997754890382
ECON5_h_W54,socioeco,"Less than $30,000","$100,000 or more",0.2635114673648849,Q3,inferred,,Inferred from occupation,"$100,000 or more",high,low,0.7415582571702389,0.6526876820611678,0.08887057510907115
ECON5_i_W54,socioeco,"Less than $30,000","$100,000 or more",0.16578209,Q3,inferred,,Inferred from occupation,"$100,000 or more",high,low,0.8397507339885042,0.8397242340084355,2.6499980068650508e-05
ECON5_j_W54,socioeco,"Less than $30,000","$100,000 or more",0.3334647499999999,Q4,inferred,,Inferred from occupation,"$100,000 or more",high,low,0.6907536556349052,0.7718668487469743,-0.0811131931120691
ECON5_k_W54,socioeco,"Less than $30,000","$100,000 or more",0.3028320295105402,Q4,inferred,,Inferred from occupation,"$100,000 or more",high,low,0.8085452437072312,0.7199267635299068,0.08861848017732443
FIN_SIT_W54,socioeco,"Less than $30,000","$100,000 or more",1.34897585,Q4,inferred,,Inferred from occupation,"$100,000 or more",high,low,0.6353672659257112,0.6866439375800307,-0.05127667165431948
GOVPRIORITYb_W54,socioeco,"Less than $30,000","$100,000 or more",0.07642103103924619,Q1,inferred,,Inferred from occupation,"$100,000 or more",high,low,0.34768999924058364,0.6920792370792076,-0.34438923783862396
GOVPRIORITYc_W54,socioeco,"Less than $30,000","$100,000 or more",0.4097259600000002,Q4,inferred,,Inferred from occupation,"$100,000 or more",high,low,0.9986214079999834,0.9986200499999588,1.3580000246538049e-06
GOVPRIORITYd_W54,socioeco,"Less than $30,000","$100,000 or more",0.10033184000000017,Q2,inferred,,Inferred from occupation,"$100,000 or more",high,low,0.8384035299999103,0.8384032219998347,3.080000755550927e-07
GOVPRIORITYf_W54,socioeco,"Less than $30,000","$100,000 or more",0.09367357592150583,Q2,inferred,,Inferred from occupation,"$100,000 or more",high,low,0.5921464059212991,0.5921401279212969,6.278000002191142e-06
INEQ11_W54,socioeco,"Less than $30,000","$100,000 or more",0.13633592,Q2,inferred,,Inferred from occupation,"$100,000 or more",high,low,0.1955338299987403,0.19555275000031305,-1.8920001572747536e-05
INEQ1_W54,socioeco,"Less than $30,000","$100,000 or more",0.1271846679862344,Q2,inferred,,Inferred from occupation,"$100,000 or more",high,low,0.20137411201380961,0.20137355801368761,5.54000121999465e-07
INEQ4_a_W54,socioeco,"Less than $30,000","$100,000 or more",0.04945192259757791,Q1,inferred,,Inferred from occupation,"$100,000 or more",high,low,0.3236759134898711,0.3045961240278033,0.019079789462067842
INEQ5_a_W54,socioeco,"Less than $30,000","$100,000 or more",0.17911897647595365,Q3,inferred,,Inferred from occupation,"$100,000 or more",high,low,0.6107670317935452,0.6013455045046665,0.009421527288878684
INEQ5_d_W54,socioeco,"Less than $30,000","$100,000 or more",0.3936765700000003,Q4,inferred,,Inferred from occupation,"$100,000 or more",high,low,1.0319981105982285,1.0676208695610072,-0.03562275896277867
INEQ5_e_W54,socioeco,"Less than $30,000","$100,000 or more",0.18507008024254828,Q3,inferred,,Inferred from occupation,"$100,000 or more",high,low,0.7814357515193221,0.793326035539768,-0.011890284020445896
INEQ5_f_W54,socioeco,"Less than $30,000","$100,000 or more",0.026916740269167405,Q1,inferred,,Inferred from occupation,"$100,000 or more",high,low,0.8278400222853428,0.8261493562807144,0.001690666004628416
INEQ5_h_W54,socioeco,"Less than $30,000","$100,000 or more",0.27504626275046273,Q3,inferred,,Inferred from occupation,"$100,000 or more",high,low,0.7456157134561572,0.7456248674545604,-9.153998403177432e-06
INEQ5_i_W54,socioeco,"Less than $30,000","$100,000 or more",0.07154896999999982,Q1,inferred,,Inferred from occupation,"$100,000 or more",high,low,0.6714949020942502,0.6688704879318799,0.0026244141623703587
INEQ5_k_W54,socioeco,"Less than $30,000","$100,000 or more",0.3372414600000001,Q4,inferred,,Inferred from occupation,"$100,000 or more",high,low,0.7755913138703674,0.8103358653985643,-0.03474455152819689
INEQ5_l_W54,socioeco,"Less than $30,000","$100,000 or more",0.3860926700000002,Q4,inferred,,Inferred from occupation,"$100,000 or more",high,low,0.8648672419326858,0.8691174039456254,-0.004250162012939596
INEQ5_m_W54,socioeco,"Less than $30,000","$100,000 or more",0.4777247299999996,Q4,inferred,,Inferred from occupation,"$100,000 or more",high,low,0.7544495559988379,0.7534838580203704,0.0009656979784674613
INEQ8_a_W54,socioeco,"Less than $30,000","$100,000 or more",0.58994687,Q4,inferred,,Inferred from occupation,"$100,000 or more",high,low,0.8978632520038885,0.8978275900018005,3.566200208804382e-05
INEQ8_b_W54,socioeco,"Less than $30,000","$100,000 or more",0.5026205668073678,Q4,inferred,,Inferred from occupation,"$100,000 or more",high,low,0.9042487409600792,0.9047711809448941,-0.0005224399848148265
INEQ8_c_W54,socioeco,"Less than $30,000","$100,000 or more",0.3814130899999999,Q4,inferred,,Inferred from occupation,"$100,000 or more",high,low,0.8619244169529368,0.9153894448397002,-0.05346502788676344
INEQ8_d_W54,socioeco,"Less than $30,000","$100,000 or more",0.44095700999999976,Q4,inferred,,Inferred from occupation,"$100,000 or more",high,low,0.892428116005766,0.8927912719964238,-0.00036315599065783744
INEQ8_f_W54,socioeco,"Less than $30,000","$100,000 or more",0.5148424486954328,Q4,inferred,,Inferred from occupation,"$100,000 or more",high,low,0.8194119477984707,0.8194753858043985,-6.343800592778503e-05
INEQ8_g_W54,socioeco,"Less than $30,000","$100,000 or more",0.59325618,Q4,inferred,,Inferred from occupation,"$100,000 or more",high,low,0.9073976220074957,0.9081294799991795,-0.0007318579916837376
INEQ8_h_W54,socioeco,"Less than $30,000","$100,000 or more",0.3722706473613822,Q4,inferred,,Inferred from occupation,"$100,000 or more",high,low,1.3809362914957037,1.2585775869602116,0.12235870453549214
INEQ8_i_W54,socioeco,"Less than $30,000","$100,000 or more",0.7351349151051562,Q4,inferred,,Inferred from occupation,"$100,000 or more",high,low,0.9294071592490148,0.9347830213350284,-0.005375862086013594
INEQ8_j_W54,socioeco,"Less than $30,000","$100,000 or more",0.4947874700000002,Q4,inferred,,Inferred from occupation,"$100,000 or more",high,low,0.9132739559999999,0.9289594478692957,-0.015685491869295798
JOBTRAIN_W54,socioeco,"Less than $30,000","$100,000 or more",0.10032045353147628,Q2,inferred,,Inferred from occupation,"$100,000 or more",high,low,0.5830717479999845,0.5830712659999477,4.820000367722344e-07
WORRY2a_W54,socioeco,"Less than $30,000","$100,000 or more",1.126604382942253,Q4,inferred,,Inferred from occupation,"$100,000 or more",high,low,1.113487676,0.9269761631276672,0.18651151287233292
WORRY2b_W54,socioeco,"Less than $30,000","$100,000 or more",0.8587411986462887,Q4,inferred,,Inferred from occupation,"$100,000 or more",high,low,1.0054707939488923,0.9968760561711275,0.00859473777776476
WORRY2c_W54,socioeco,"Less than $30,000","$100,000 or more",1.5974990800000002,Q4,inferred,,Inferred from occupation,"$100,000 or more",high,low,1.1271716819254511,0.9939377395749518,0.13323394235049935
WORRY2d_W54,socioeco,"Less than $30,000","$100,000 or more",0.961874982596432,Q4,inferred,,Inferred from occupation,"$100,000 or more",high,low,0.7823346172979827,0.6896739437146002,0.09266067358338248
WORRY2e_W54,socioeco,"Less than $30,000","$100,000 or more",0.7903167499999997,Q4,inferred,,Inferred from occupation,"$100,000 or more",high,low,0.7729436620017798,0.8042220409399033,-0.031278378938123574
GAP21Q10_W82,socioeco,"Less than $30,000","$100,000 or more",0.07834156205409071,Q1,inferred,,Inferred from occupation,"$100,000 or more",high,low,0.2542533536109409,0.19938537691743474,0.05486797669350618
GAP21Q13_b_W82,socioeco,"Less than $30,000","$100,000 or more",0.20093659200936587,Q3,inferred,,Inferred from occupation,"$100,000 or more",high,low,0.5775107658964205,0.5791573037432637,-0.0016465378468432101
GAP21Q15_a_W82,socioeco,"Less than $30,000","$100,000 or more",0.1259874299999999,Q2,inferred,,Inferred from occupation,"$100,000 or more",high,low,1.4646229851535686,1.2481211805844519,0.21650180456911672
GAP21Q15_b_W82,socioeco,"Less than $30,000","$100,000 or more",0.44796585000000005,Q4,inferred,,Inferred from occupation,"$100,000 or more",high,low,0.6953261282089114,0.6998513946316686,-0.00452526642275719
GAP21Q15_c_W82,socioeco,"Less than $30,000","$100,000 or more",0.3965058474417146,Q4,inferred,,Inferred from occupation,"$100,000 or more",high,low,0.5470078276256777,0.5189244106542266,0.028083416971451114
GAP21Q15_d_W82,socioeco,"Less than $30,000","$100,000 or more",0.4573719600000004,Q4,inferred,,Inferred from occupation,"$100,000 or more",high,low,1.493051794957987,1.1576811473675779,0.335370647590409
GAP21Q15_e_W82,socioeco,"Less than $30,000","$100,000 or more",0.39282520436615126,Q4,inferred,,Inferred from occupation,"$100,000 or more",high,low,0.4436025544717943,0.44619601927824415,-0.002593464806449841
GAP21Q15_f_W82,socioeco,"Less than $30,000","$100,000 or more",0.4337469281471086,Q4,inferred,,Inferred from occupation,"$100,000 or more",high,low,0.6708259933056471,0.6444652826880282,0.02636071061761891
GAP21Q17_W82,socioeco,"Less than $30,000","$100,000 or more",0.13493914000000007,Q2,inferred,,Inferred from occupation,"$100,000 or more",high,low,0.5903688078369668,0.46507566759765295,0.12529314023931382
GAP21Q19_a_W82,socioeco,"Less than $30,000","$100,000 or more",0.055325972342267715,Q1,inferred,,Inferred from occupation,"$100,000 or more",high,low,0.8980425424065693,0.8864429229313183,0.01159961947525101
GAP21Q19_b_W82,socioeco,"Less than $30,000","$100,000 or more",0.12458802229797714,Q2,inferred,,Inferred from occupation,"$100,000 or more",high,low,0.5839254933055633,0.6026051400769643,-0.018679646771400993
GAP21Q19_c_W82,socioeco,"Less than $30,000","$100,000 or more",0.29524796,Q4,inferred,,Inferred from occupation,"$100,000 or more",high,low,0.7129521559714205,0.7120043139507868,0.0009478420206336935
GAP21Q19_d_W82,socioeco,"Less than $30,000","$100,000 or more",0.5132924700000001,Q4,inferred,,Inferred from occupation,"$100,000 or more",high,low,0.6414397260340318,0.6386996640249484,0.0027400620090833883
GAP21Q19_e_W82,socioeco,"Less than $30,000","$100,000 or more",0.27126272286706676,Q3,inferred,,Inferred from occupation,"$100,000 or more",high,low,0.4923380213779517,0.7425892129229396,-0.25025119154498787
GAP21Q21_a_W82,socioeco,"Less than $30,000","$100,000 or more",0.3647694075765889,Q4,inferred,,Inferred from occupation,"$100,000 or more",high,low,0.36607070757089966,0.1649476376470692,0.20112306992383044
GAP21Q21_e_W82,socioeco,"Less than $30,000","$100,000 or more",0.24190151000000013,Q3,inferred,,Inferred from occupation,"$100,000 or more",high,low,0.5158803079827616,0.5211412680470153,-0.005260960064253695
GAP21Q23_W82,socioeco,"Less than $30,000","$100,000 or more",0.2773122800000001,Q4,inferred,,Inferred from occupation,"$100,000 or more",high,low,0.9999296539999739,0.9999223940000465,7.259999927455851e-06
GAP21Q24_W82,socioeco,"Less than $30,000","$100,000 or more",0.11249851000000005,Q2,inferred,,Inferred from occupation,"$100,000 or more",high,low,0.9010670160043583,0.8989736920700238,0.00209332393433459
GAP21Q25_W82,socioeco,"Less than $30,000","$100,000 or more",0.127366656104614,Q2,inferred,,Inferred from occupation,"$100,000 or more",high,low,0.737806904000296,0.7378068040008502,9.999944583505282e-08
GAP21Q26_a_W82,socioeco,"Less than $30,000","$100,000 or more",0.2012450600000001,Q3,inferred,,Inferred from occupation,"$100,000 or more",high,low,0.667016825866468,0.6733240138130825,-0.006307187946614445
GAP21Q26_b_W82,socioeco,"Less than $30,000","$100,000 or more",0.08583910250991147,Q2,inferred,,Inferred from occupation,"$100,000 or more",high,low,0.7014500990084543,0.7013488570098578,0.00010124199859651295
GAP21Q26_c_W82,socioeco,"Less than $30,000","$100,000 or more",0.2926978,Q4,inferred,,Inferred from occupation,"$100,000 or more",high,low,0.6698270180005166,0.6698381080074164,-1.1090006899805438e-05
GAP21Q27_W82,socioeco,"Less than $30,000","$100,000 or more",0.03222672500000001,Q1,inferred,,Inferred from occupation,"$100,000 or more",high,low,0.3569121264954519,0.35148007152627636,0.005432054969175537
GAP21Q28_W82,socioeco,"Less than $30,000","$100,000 or more",0.15857010437166036,Q3,inferred,,Inferred from occupation,"$100,000 or more",high,low,0.6843013478407791,0.6971298220123745,-0.012828474171595383
GAP21Q31_W82,socioeco,"Less than $30,000","$100,000 or more",0.12291164000000049,Q2,inferred,,Inferred from occupation,"$100,000 or more",high,low,0.5726649899521682,0.5174783957353182,0.055186594216850016
GAP21Q32_W82,socioeco,"Less than $30,000","$100,000 or more",0.2688368,Q3,inferred,,Inferred from occupation,"$100,000 or more",high,low,0.7513376379989793,0.7513869640001736,-4.932600119422759e-05
GAP21Q33_c_W82,socioeco,"Less than $30,000","$100,000 or more",0.15202859880904152,Q3,inferred,,Inferred from occupation,"$100,000 or more",high,low,0.4915633120019145,0.49160728800277353,-4.397600085903619e-05
GAP21Q33_g_W82,socioeco,"Less than $30,000","$100,000 or more",0.07489342000000004,Q1,inferred,,Inferred from occupation,"$100,000 or more",high,low,0.5218892179719236,0.5258151660090415,-0.003925948037117988
GAP21Q33_i_W82,socioeco,"Less than $30,000","$100,000 or more",0.07720334708349519,Q1,inferred,,Inferred from occupation,"$100,000 or more",high,low,0.33328272400000003,0.4977219560000001,-0.16443923200000005
GAP21Q33_j_W82,socioeco,"Less than $30,000","$100,000 or more",0.13679509999999995,Q2,inferred,,Inferred from occupation,"$100,000 or more",high,low,0.7075744139914527,0.7070957739716176,0.0004786400198351082
GAP21Q33_m_W82,socioeco,"Less than $30,000","$100,000 or more",0.04198813315119898,Q1,inferred,,Inferred from occupation,"$100,000 or more",high,low,0.30791410669027397,0.30704113449333614,0.0008729721969378268
GAP21Q33_n_W82,socioeco,"Less than $30,000","$100,000 or more",0.06885159214314074,Q1,inferred,,Inferred from occupation,"$100,000 or more",high,low,0.48300737999224935,0.4866611759982271,-0.0036537960059777608
GAP21Q33_q_W82,socioeco,"Less than $30,000","$100,000 or more",0.11704079999999989,Q2,inferred,,Inferred from occupation,"$100,000 or more",high,low,0.4263885159999872,0.4263907640001507,-2.2480001634628266e-06
GAP21Q33_r_W82,socioeco,"Less than $30,000","$100,000 or more",0.09210742081818521,Q2,inferred,,Inferred from occupation,"$100,000 or more",high,low,0.3726179877486936,0.32408692620538115,0.04853106154331244
GAP21Q33_s_W82,socioeco,"Less than $30,000","$100,000 or more",0.38899956999999996,Q4,inferred,,Inferred from occupation,"$100,000 or more",high,low,0.43506625338740657,0.1750157336221592,0.2600505197652474
GAP21Q34_a_W82,socioeco,"Less than $30,000","$100,000 or more",0.07135351448868205,Q1,inferred,,Inferred from occupation,"$100,000 or more",high,low,0.8820053400003683,0.882010503999712,-5.163999343693604e-06
GAP21Q34_b_W82,socioeco,"Less than $30,000","$100,000 or more",0.12771381000000004,Q2,inferred,,Inferred from occupation,"$100,000 or more",high,low,0.8254323159941567,0.8258607579985959,-0.0004284420044392556
GAP21Q34_c_W82,socioeco,"Less than $30,000","$100,000 or more",0.030174959999999973,Q1,inferred,,Inferred from occupation,"$100,000 or more",high,low,0.908705024016538,0.9098316180541425,-0.0011265940376045114
GAP21Q34_d_W82,socioeco,"Less than $30,000","$100,000 or more",0.06538488999999995,Q1,inferred,,Inferred from occupation,"$100,000 or more",high,low,0.8238515799971945,0.8238826920000001,-3.11120028055889e-05
GAP21Q34_e_W82,socioeco,"Less than $30,000","$100,000 or more",0.1939408519509162,Q3,inferred,,Inferred from occupation,"$100,000 or more",high,low,0.8728968480877103,0.8725938101156715,0.0003030379720387888
GAP21Q34_f_W82,socioeco,"Less than $30,000","$100,000 or more",0.17810390430356307,Q3,inferred,,Inferred from occupation,"$100,000 or more",high,low,0.9152940459998696,0.9153194040000001,-2.535800013048206e-05
GAP21Q38_a_W82,socioeco,"Less than $30,000","$100,000 or more",0.23009285000000002,Q3,inferred,,Inferred from occupation,"$100,000 or more",high,low,0.6221392019478179,0.6237452656339353,-0.001606063686117376
GAP21Q38_b_W82,socioeco,"Less than $30,000","$100,000 or more",0.08343642208774316,Q2,inferred,,Inferred from occupation,"$100,000 or more",high,low,0.7993837559887698,0.7841611175320906,0.01522263845667915
GAP21Q38_c_W82,socioeco,"Less than $30,000","$100,000 or more",0.16120215,Q3,inferred,,Inferred from occupation,"$100,000 or more",high,low,0.8837969060037697,0.8835805460076646,0.00021635999610514212
GAP21Q41_W82,socioeco,"Less than $30,000","$100,000 or more",0.20232576999999993,Q3,inferred,,Inferred from occupation,"$100,000 or more",high,low,0.39379432800725495,0.3932318239929976,0.0005625040142573368
GAP21Q43_g_W82,socioeco,"Less than $30,000","$100,000 or more",0.09638633724505746,Q2,inferred,,Inferred from occupation,"$100,000 or more",high,low,0.6097712217502923,0.7079435914977306,-0.09817236974743826
GAP21Q47_W82,socioeco,"Less than $30,000","$100,000 or more",0.11171348999999992,Q2,inferred,,Inferred from occupation,"$100,000 or more",high,low,1.5172250044570648,1.3093128529840035,0.2079121514730613
GAP21Q4_a_W82,socioeco,"Less than $30,000","$100,000 or more",0.026012791467974805,Q1,inferred,,Inferred from occupation,"$100,000 or more",high,low,0.5266467993901777,0.5137284856423372,0.01291831374784047
GAP21Q4_b_W82,socioeco,"Less than $30,000","$100,000 or more",0.22835342,Q3,inferred,,Inferred from occupation,"$100,000 or more",high,low,0.6573664085696007,0.5978357344774903,0.059530674092110436
GAP21Q4_c_W82,socioeco,"Less than $30,000","$100,000 or more",0.3291946643863376,Q4,inferred,,Inferred from occupation,"$100,000 or more",high,low,0.4385883039560383,0.4373863860000001,0.0012019179560381898
GAP21Q4_d_W82,socioeco,"Less than $30,000","$100,000 or more",0.3097513753157959,Q4,inferred,,Inferred from occupation,"$100,000 or more",high,low,0.5173201559487213,0.43442697518614404,0.08289318076257723
GAP21Q4_e_W82,socioeco,"Less than $30,000","$100,000 or more",0.18866301445373918,Q3,inferred,,Inferred from occupation,"$100,000 or more",high,low,0.4474335277756707,0.39577780553752784,0.051655722238142854
GAP21Q4_f_W82,socioeco,"Less than $30,000","$100,000 or more",0.36122027834048454,Q4,inferred,,Inferred from occupation,"$100,000 or more",high,low,0.505939020907724,0.4682399944914811,0.0376990264162429
GAP21Q7_a_W82,socioeco,"Less than $30,000","$100,000 or more",0.24657888933769098,Q3,inferred,,Inferred from occupation,"$100,000 or more",high,low,0.7046514650543607,0.7045450310497889,0.00010643400457177599
GAP21Q7_b_W82,socioeco,"Less than $30,000","$100,000 or more",0.08214427736386419,Q2,inferred,,Inferred from occupation,"$100,000 or more",high,low,0.6464161321898396,0.7241798012574828,-0.0777636690676432
GAP21Q7_d_W82,socioeco,"Less than $30,000","$100,000 or more",0.14067960999999998,Q2,inferred,,Inferred from occupation,"$100,000 or more",high,low,0.40999761322287476,0.5415777812625947,-0.13158016803971995
BILLION_W92,socioeco,"Less than $30,000","$100,000 or more",0.02978101938608066,Q1,inferred,,Inferred from occupation,"$100,000 or more",high,low,0.23398585133987876,0.23397729233985762,8.559000021141072e-06
CANDEXP_W92,socioeco,"Less than $30,000","$100,000 or more",0.38432546343560103,Q4,inferred,,Inferred from occupation,"$100,000 or more",high,low,0.7645595796415509,0.7637850656360771,0.000774514005473792
ELECT_CONF3_PRVFR_W92,socioeco,"Less than $30,000","$100,000 or more",0.07665973000000004,Q1,inferred,,Inferred from occupation,"$100,000 or more",high,low,0.7694224141698611,0.7645763935448693,0.0048460206249918425
ELECT_CONF3_PRVSUP_W92,socioeco,"Less than $30,000","$100,000 or more",0.014177215914685015,Q1,inferred,,Inferred from occupation,"$100,000 or more",high,low,0.6887575368990281,0.6731908463486348,0.01556669055039328
ELECT_IMPT3_PRVFR_W92,socioeco,"Less than $30,000","$100,000 or more",0.21337091775522232,Q3,inferred,,Inferred from occupation,"$100,000 or more",high,low,0.5617070339893383,0.5608562479715095,0.0008507860178288418
FREECOLL_W92,socioeco,"Less than $30,000","$100,000 or more",0.7192056458643618,Q4,inferred,,Inferred from occupation,"$100,000 or more",high,low,0.8689142357031432,0.9895047901359239,-0.12059055443278066
GODMORALIMP_W92,socioeco,"Less than $30,000","$100,000 or more",0.40389864000000014,Q4,inferred,,Inferred from occupation,"$100,000 or more",high,low,1.0527971239999254,1.0527956340000313,1.4899998941331205e-06
LEGALIMMIGAMT_W92,socioeco,"Less than $30,000","$100,000 or more",0.21179610699382495,Q3,inferred,,Inferred from occupation,"$100,000 or more",high,low,0.7559421303937605,0.7153913244548585,0.040550805938901924
POLINTOL2_a_W92,socioeco,"Less than $30,000","$100,000 or more",0.1230989823740179,Q2,inferred,,Inferred from occupation,"$100,000 or more",high,low,0.8126687581460569,0.7757201726802759,0.03694858546578095
PROG_RNEED_W92,socioeco,"Less than $30,000","$100,000 or more",0.14081083000000005,Q2,inferred,,Inferred from occupation,"$100,000 or more",high,low,0.684860422000003,0.6848602340000034,1.879999995679782e-07
RACESURV52MOD_W92,socioeco,"Less than $30,000","$100,000 or more",0.28140402281404026,Q4,inferred,,Inferred from occupation,"$100,000 or more",high,low,0.78624162594691,0.7910683258599659,-0.004826699913055843
REPRSNTDEM_W92,socioeco,"Less than $30,000","$100,000 or more",0.21620070583638712,Q3,inferred,,Inferred from occupation,"$100,000 or more",high,low,0.6495947305776842,0.46655818778920766,0.18303654278847659
REPRSNTREP_W92,socioeco,"Less than $30,000","$100,000 or more",0.05979986999999996,Q1,inferred,,Inferred from occupation,"$100,000 or more",high,low,0.8057443141180924,0.8174334239949547,-0.011689109876862225
SOCIETY_GUNS_W92,socioeco,"Less than $30,000","$100,000 or more",0.09286425000000009,Q2,inferred,,Inferred from occupation,"$100,000 or more",high,low,1.322110457553373,0.9258556329960175,0.3962548245573556
SOCIETY_RELG_W92,socioeco,"Less than $30,000","$100,000 or more",0.20243634999999963,Q3,inferred,,Inferred from occupation,"$100,000 or more",high,low,1.0368924919992621,1.036904064000176,-1.157200091395083e-05
SOCIETY_RHIST_W92,socioeco,"Less than $30,000","$100,000 or more",0.06103053999999991,Q1,inferred,,Inferred from occupation,"$100,000 or more",high,low,1.085980004,0.9364745248685649,0.1495054791314352
SOCIETY_SSM_W92,socioeco,"Less than $30,000","$100,000 or more",0.40171204000000005,Q4,inferred,,Inferred from occupation,"$100,000 or more",high,low,1.3534735176466985,0.9260315676151333,0.42744195003156527
SOCIETY_TRANS_W92,socioeco,"Less than $30,000","$100,000 or more",0.25570156999999993,Q3,inferred,,Inferred from occupation,"$100,000 or more",high,low,1.675734578416432,1.569982394793753,0.10575218362267891
SOCIETY_WHT_W92,socioeco,"Less than $30,000","$100,000 or more",0.21401668289221548,Q3,inferred,,Inferred from occupation,"$100,000 or more",high,low,0.434918597650549,0.43491946765076395,-8.700002149253372e-07
UNIMMIGCOMM_W92,socioeco,"Less than $30,000","$100,000 or more",0.07423859233962395,Q1,inferred,,Inferred from occupation,"$100,000 or more",high,low,0.7986671600480731,0.7980109259749593,0.0006562340731138816
USEXCEPT_W92,socioeco,"Less than $30,000","$100,000 or more",0.0511516699999999,Q1,inferred,,Inferred from occupation,"$100,000 or more",high,low,0.45552770600001546,0.45548706599884353,4.0640001171932116e-05
USMILSIZ_W92,socioeco,"Less than $30,000","$100,000 or more",0.2760008193970225,Q3,inferred,,Inferred from occupation,"$100,000 or more",high,low,0.4757466428473813,1.053964918539649,-0.5782182756922676
WHADVANT_W92,socioeco,"Less than $30,000","$100,000 or more",0.16967478329126467,Q3,inferred,,Inferred from occupation,"$100,000 or more",high,low,0.7599971215677822,0.5491473792516413,0.21084974231614095
