qkey,class_label,wasserstein,regime,neutral_wasserstein,delta_vs_neutral
CARRYGUN_W26,low,0.9136522199992496,Neutral (N=0),0.9136522199992496,0.0
CARRYGUN_W26,high,1.2017456799992496,Neutral (N=0),1.2017456799992496,0.0
GROWUPGUN2A_W26,low,0.3421122000690384,Neutral (N=0),0.3421122000690384,0.0
GROWUPGUN2A_W26,high,0.43980611006903847,Neutral (N=0),0.43980611006903847,0.0
GROWUPGUN2B_W26,low,0.341534639885395,Neutral (N=0),0.341534639885395,0.0
GROWUPGUN2B_W26,high,0.349925409885395,Neutral (N=0),0.349925409885395,0.0
GROWUPGUN2C_W26,low,0.5163672499678363,Neutral (N=0),0.5163672499678363,0.0
GROWUPGUN2C_W26,high,0.5359508199678363,Neutral (N=0),0.5359508199678363,0.0
GROWUPGUN4_W26,low,0.5581838698726713,Neutral (N=0),0.5581838698726713,0.0
GROWUPGUN4_W26,high,0.5618342498726714,Neutral (N=0),0.5618342498726714,0.0
GROWUPGUN6_W26,low,0.6118251784940637,Neutral (N=0),0.6118251784940637,0.0
GROWUPGUN6_W26,high,0.659215716592157,Neutral (N=0),0.659215716592157,0.0
GROWUPGUN7_W26,low,0.9549095264106642,Neutral (N=0),0.9549095264106642,0.0
GROWUPGUN7_W26,high,1.1298723545137181,Neutral (N=0),1.1298723545137181,0.0
GROWUPVIOL_W26,low,1.4041511440828067,Neutral (N=0),1.4041511440828067,0.0
GROWUPVIOL_W26,high,1.7517775940828066,Neutral (N=0),1.7517775940828066,0.0
GUNACCESS_W26,low,1.4902660649034014,Neutral (N=0),1.4902660649034014,0.0
GUNACCESS_W26,high,1.7367670426327,Neutral (N=0),1.7367670426327,0.0
GUNACTIVITYA_W26,low,0.85320623,Neutral (N=0),0.85320623,0.0
GUNACTIVITYA_W26,high,0.8282032313923923,Neutral (N=0),0.8282032313923923,0.0
GUNACTIVITYB_W26,low,0.719464285638152,Neutral (N=0),0.719464285638152,0.0
GUNACTIVITYB_W26,high,0.6939066437770599,Neutral (N=0),0.6939066437770599,0.0
GUNCONTRIBA_W26,low,0.7524129214987973,Neutral (N=0),0.7524129214987973,0.0
GUNCONTRIBA_W26,high,0.8919344792671948,Neutral (N=0),0.8919344792671948,0.0
GUNCONTRIBC_W26,low,0.9370357971384997,Neutral (N=0),0.9370357971384997,0.0
GUNCONTRIBC_W26,high,0.6853009549453427,Neutral (N=0),0.6853009549453427,0.0
GUNCONTRIBE_W26,low,1.1101961899969877,Neutral (N=0),1.1101961899969877,0.0
GUNCONTRIBE_W26,high,0.8692944499969876,Neutral (N=0),0.8692944499969876,0.0
GUNCONTRIBF_W26,low,0.600296910031116,Neutral (N=0),0.600296910031116,0.0
GUNCONTRIBF_W26,high,0.5339474346812696,Neutral (N=0),0.5339474346812696,0.0
GUNFRIEND_W26,low,1.869316361372967,Neutral (N=0),1.869316361372967,0.0
GUNFRIEND_W26,high,1.8652950200826635,Neutral (N=0),1.8652950200826635,0.0
GUNIDENTITY_W26,low,0.9337652700318447,Neutral (N=0),0.9337652700318447,0.0
GUNIDENTITY_W26,high,0.9233004200318448,Neutral (N=0),0.9233004200318448,0.0
GUNLOADED1_W26,low,0.586838750078938,Neutral (N=0),0.586838750078938,0.0
GUNLOADED1_W26,high,0.6479738300789379,Neutral (N=0),0.6479738300789379,0.0
GUNLOADED2_W26,low,0.40873892000051637,Neutral (N=0),0.40873892000051637,0.0
GUNLOADED2_W26,high,0.2686412200005164,Neutral (N=0),0.2686412200005164,0.0
GUNLOCKED1_W26,low,0.6646412473925529,Neutral (N=0),0.6646412473925529,0.0
GUNLOCKED1_W26,high,0.6666605673925529,Neutral (N=0),0.6666605673925529,0.0
GUNLOCKED2_W26,low,0.6302565304728855,Neutral (N=0),0.6302565304728855,0.0
GUNLOCKED2_W26,high,0.4937585904728856,Neutral (N=0),0.4937585904728856,0.0
GUNRESPKIDSD_W26,low,1.4004208,Neutral (N=0),1.4004208,0.0
GUNRESPKIDSD_W26,high,1.7149525128500827,Neutral (N=0),1.7149525128500827,0.0
GUNRESPKIDSE_W26,low,0.781253699999954,Neutral (N=0),0.781253699999954,0.0
GUNRESPKIDSE_W26,high,1.019152800191528,Neutral (N=0),1.019152800191528,0.0
GUNRESPNOKIDSA_W26,low,0.5516657399979797,Neutral (N=0),0.5516657399979797,0.0
GUNRESPNOKIDSA_W26,high,0.5418204954171947,Neutral (N=0),0.5418204954171947,0.0
GUNRESPNOKIDSB_W26,low,0.794276787874396,Neutral (N=0),0.794276787874396,0.0
GUNRESPNOKIDSB_W26,high,0.8083445680150736,Neutral (N=0),0.8083445680150736,0.0
GUNRESPNOKIDSC_W26,low,0.42313131481756827,Neutral (N=0),0.42313131481756827,0.0
GUNRESPNOKIDSC_W26,high,0.2856118934423695,Neutral (N=0),0.2856118934423695,0.0
GUNRESPNOKIDSD_W26,low,1.4107915732042602,Neutral (N=0),1.4107915732042602,0.0
GUNRESPNOKIDSD_W26,high,1.55967725320426,Neutral (N=0),1.55967725320426,0.0
GUNRESPNOKIDSE_W26,low,1.0207235000526516,Neutral (N=0),1.0207235000526516,0.0
GUNRESPNOKIDSE_W26,high,0.7911753500526513,Neutral (N=0),0.7911753500526513,0.0
GUNRESPNOKIDSF_W26,low,0.32150517396955114,Neutral (N=0),0.32150517396955114,0.0
GUNRESPNOKIDSF_W26,high,0.3088178896486094,Neutral (N=0),0.3088178896486094,0.0
GUNSAFETYKIDS_W26,low,0.2377731974065227,Neutral (N=0),0.2377731974065227,0.0
GUNSAFETYKIDS_W26,high,0.24065226740652268,Neutral (N=0),0.24065226740652268,0.0
GUNSAFE_W26,low,0.16314780497467596,Neutral (N=0),0.16314780497467596,0.0
GUNSAFE_W26,high,0.18853409806401084,Neutral (N=0),0.18853409806401084,0.0
GUNTYPEOWNC_W26,low,0.8459823899957537,Neutral (N=0),0.8459823899957537,0.0
GUNTYPEOWNC_W26,high,1.2202960822008375,Neutral (N=0),1.2202960822008375,0.0
NOCARRYGUN_W26,low,0.4771572566810043,Neutral (N=0),0.4771572566810043,0.0
NOCARRYGUN_W26,high,0.46527400668100427,Neutral (N=0),0.46527400668100427,0.0
REASONGUNA_W26,low,0.3112535500000001,Neutral (N=0),0.3112535500000001,0.0
REASONGUNA_W26,high,0.47247181000000016,Neutral (N=0),0.47247181000000016,0.0
REASONGUNB_W26,low,0.9177471508249578,Neutral (N=0),0.9177471508249578,0.0
REASONGUNB_W26,high,1.0482700200029154,Neutral (N=0),1.0482700200029154,0.0
REASONGUNC_W26,low,1.0495133894733502,Neutral (N=0),1.0495133894733502,0.0
REASONGUNC_W26,high,0.8868593488433808,Neutral (N=0),0.8868593488433808,0.0
REASONGUND_W26,low,0.6620825203264004,Neutral (N=0),0.6620825203264004,0.0
REASONGUND_W26,high,0.5811452103264004,Neutral (N=0),0.5811452103264004,0.0
REASONGUNE_W26,low,0.3100442536310937,Neutral (N=0),0.3100442536310937,0.0
REASONGUNE_W26,high,0.3839456036310937,Neutral (N=0),0.3839456036310937,0.0
SHOOTFREQ_W26,low,0.6943704600113607,Neutral (N=0),0.6943704600113607,0.0
SHOOTFREQ_W26,high,0.9411203105887969,Neutral (N=0),0.9411203105887969,0.0
WORRYB_W26,low,0.4549147238120975,Neutral (N=0),0.4549147238120975,0.0
WORRYB_W26,high,0.4710419338120975,Neutral (N=0),0.4710419338120975,0.0
WORRYD_W26,low,0.6360389598143319,Neutral (N=0),0.6360389598143319,0.0
WORRYD_W26,high,1.3169311898143319,Neutral (N=0),1.3169311898143319,0.0
WORRYE_W26,low,0.4060486371540636,Neutral (N=0),0.4060486371540636,0.0
WORRYE_W26,high,0.4259244416193999,Neutral (N=0),0.4259244416193999,0.0
WORRYF_W26,low,0.526173044575301,Neutral (N=0),0.526173044575301,0.0
WORRYF_W26,high,0.6372129599999999,Neutral (N=0),0.6372129599999999,0.0
BOYSF1B_W29,low,0.2295648997966604,Neutral (N=0),0.2295648997966604,0.0
BOYSF1B_W29,high,0.2611267847966604,Neutral (N=0),0.2611267847966604,0.0
FAVORS_CPS_W29,low,0.6689035667697967,Neutral (N=0),0.6689035667697967,0.0
FAVORS_CPS_W29,high,0.4626163652930755,Neutral (N=0),0.4626163652930755,0.0
FEM2_W29,low,0.47750902541202755,Neutral (N=0),0.47750902541202755,0.0
FEM2_W29,high,0.3058678902438441,Neutral (N=0),0.3058678902438441,0.0
GIRLSF2C_W29,low,0.21581921496295237,Neutral (N=0),0.21581921496295237,0.0
GIRLSF2C_W29,high,0.22299696782255304,Neutral (N=0),0.22299696782255304,0.0
GIRLSF2D_W29,low,0.2576658275742073,Neutral (N=0),0.2576658275742073,0.0
GIRLSF2D_W29,high,0.196398744996732,Neutral (N=0),0.196398744996732,0.0
GOPDIRCT_W29,low,0.5252199745948707,Neutral (N=0),0.5252199745948707,0.0
GOPDIRCT_W29,high,0.1772709050075012,Neutral (N=0),0.1772709050075012,0.0
HOOD_NHISB_W29,low,0.6182570062608176,Neutral (N=0),0.6182570062608176,0.0
HOOD_NHISB_W29,high,0.5418069721260885,Neutral (N=0),0.5418069721260885,0.0
LOCALELECT_W29,low,1.1496510484242837,Neutral (N=0),1.1496510484242837,0.0
LOCALELECT_W29,high,0.8351189283036659,Neutral (N=0),0.8351189283036659,0.0
MAN1A_W29,low,0.6465865102738224,Neutral (N=0),0.6465865102738224,0.0
MAN1A_W29,high,0.5598564602738224,Neutral (N=0),0.5598564602738224,0.0
MAN1B_W29,low,0.9625845400238788,Neutral (N=0),0.9625845400238788,0.0
MAN1B_W29,high,1.050165510023879,Neutral (N=0),1.050165510023879,0.0
MAN1C_W29,low,0.7829323878232028,Neutral (N=0),0.7829323878232028,0.0
MAN1C_W29,high,0.9742514799908184,Neutral (N=0),0.9742514799908184,0.0
MAN1D_W29,low,0.9333350900001567,Neutral (N=0),0.9333350900001567,0.0
MAN1D_W29,high,0.7436996900001567,Neutral (N=0),0.7436996900001567,0.0
MAN1E_W29,low,0.6824656527945533,Neutral (N=0),0.6824656527945533,0.0
MAN1E_W29,high,0.5670583653532585,Neutral (N=0),0.5670583653532585,0.0
MASC2_W29,low,0.5053522964615491,Neutral (N=0),0.5053522964615491,0.0
MASC2_W29,high,0.5436683962629565,Neutral (N=0),0.5436683962629565,0.0
S12_W29,low,0.8185208611895335,Neutral (N=0),0.8185208611895335,0.0
S12_W29,high,0.4255495053117513,Neutral (N=0),0.4255495053117513,0.0
S13_W29,low,0.9367159796610875,Neutral (N=0),0.9367159796610875,0.0
S13_W29,high,0.6783985602473313,Neutral (N=0),0.6783985602473313,0.0
SEENFEM_W29,low,0.913865320184027,Neutral (N=0),0.913865320184027,0.0
SEENFEM_W29,high,0.726103660184027,Neutral (N=0),0.726103660184027,0.0
SEENMASC_W29,low,0.7511042324889577,Neutral (N=0),0.7511042324889577,0.0
SEENMASC_W29,high,0.7665917700023547,Neutral (N=0),0.7665917700023547,0.0
TALK_CPS_W29,low,1.3044619618302815,Neutral (N=0),1.3044619618302815,0.0
TALK_CPS_W29,high,0.9761586618302813,Neutral (N=0),0.9761586618302813,0.0
WORRYBILL_W29,low,0.5105790149136553,Neutral (N=0),0.5105790149136553,0.0
WORRYBILL_W29,high,1.0873735677204248,Neutral (N=0),1.0873735677204248,0.0
CLASS_W32,low,0.9182431808175682,Neutral (N=0),0.9182431808175682,0.0
CLASS_W32,high,0.5810949783773006,Neutral (N=0),0.5810949783773006,0.0
COMMIMPA_W32,low,1.2041376481594375,Neutral (N=0),1.2041376481594375,0.0
COMMIMPA_W32,high,1.111263940267752,Neutral (N=0),1.111263940267752,0.0
COMMIMPB_W32,low,0.6416859100873502,Neutral (N=0),0.6416859100873502,0.0
COMMIMPB_W32,high,0.6217371700873502,Neutral (N=0),0.6217371700873502,0.0
COMMIMPC_W32,low,1.1727373117273732,Neutral (N=0),1.1727373117273732,0.0
COMMIMPC_W32,high,1.2713815793628311,Neutral (N=0),1.2713815793628311,0.0
COMMIMPF_W32,low,0.8485735207329214,Neutral (N=0),0.8485735207329214,0.0
COMMIMPF_W32,high,1.0591534607329214,Neutral (N=0),1.0591534607329214,0.0
COMMIMPG_W32,low,0.9227520514233594,Neutral (N=0),0.9227520514233594,0.0
COMMIMPG_W32,high,0.9622166915978554,Neutral (N=0),0.9622166915978554,0.0
COMMIMPH_W32,low,0.8220035200388869,Neutral (N=0),0.8220035200388869,0.0
COMMIMPH_W32,high,0.6974332870521067,Neutral (N=0),0.6974332870521067,0.0
COMMYRS_W32,low,0.7645502725426669,Neutral (N=0),0.7645502725426669,0.0
COMMYRS_W32,high,0.5960715473800248,Neutral (N=0),0.5960715473800248,0.0
ETHNCMAJ_W32,low,0.21496454215223476,Neutral (N=0),0.21496454215223476,0.0
ETHNCMAJ_W32,high,0.17632428000230166,Neutral (N=0),0.17632428000230166,0.0
GAYMARR2_W32,low,0.8694759137777501,Neutral (N=0),0.8694759137777501,0.0
GAYMARR2_W32,high,0.8120759837777503,Neutral (N=0),0.8120759837777503,0.0
HARASS2F1_W32,low,0.4949331699991687,Neutral (N=0),0.4949331699991687,0.0
HARASS2F1_W32,high,0.41339156999916865,Neutral (N=0),0.41339156999916865,0.0
IMMIMPACT_W32,low,0.34731767506387334,Neutral (N=0),0.34731767506387334,0.0
IMMIMPACT_W32,high,0.2895747071553515,Neutral (N=0),0.2895747071553515,0.0
MOVERURAL_W32,low,0.6212492438599624,Neutral (N=0),0.6212492438599624,0.0
MOVERURAL_W32,high,0.5308815635299602,Neutral (N=0),0.5308815635299602,0.0
MOVESUBURB_W32,low,0.4532156123246346,Neutral (N=0),0.4532156123246346,0.0
MOVESUBURB_W32,high,0.38679779232463457,Neutral (N=0),0.38679779232463457,0.0
MOVEURBAN_W32,low,0.40044282866086245,Neutral (N=0),0.40044282866086245,0.0
MOVEURBAN_W32,high,0.3167952068320479,Neutral (N=0),0.3167952068320479,0.0
NEIGHINTERA_W32,low,1.635931223663088,Neutral (N=0),1.635931223663088,0.0
NEIGHINTERA_W32,high,1.4369224967645309,Neutral (N=0),1.4369224967645309,0.0
NEIGHINTERB_W32,low,0.958865798836029,Neutral (N=0),0.958865798836029,0.0
NEIGHINTERB_W32,high,0.6569331600339032,Neutral (N=0),0.6569331600339032,0.0
NEIGHKIDS_W32,low,0.2594478884099023,Neutral (N=0),0.2594478884099023,0.0
NEIGHKIDS_W32,high,0.15131163840990228,Neutral (N=0),0.15131163840990228,0.0
NEIGHSAMEA_W32,low,1.847477575180021,Neutral (N=0),1.847477575180021,0.0
NEIGHSAMEA_W32,high,2.26155633341049,Neutral (N=0),2.26155633341049,0.0
SATLIFED_W32,low,0.6131748084943668,Neutral (N=0),0.6131748084943668,0.0
SATLIFED_W32,high,0.4789221457826438,Neutral (N=0),0.4789221457826438,0.0
SOCTRUST2_W32,low,0.5164272600125196,Neutral (N=0),0.5164272600125196,0.0
SOCTRUST2_W32,high,0.2560236300125196,Neutral (N=0),0.2560236300125196,0.0
VALUERURAL_W32,low,0.9128162606157992,Neutral (N=0),0.9128162606157992,0.0
VALUERURAL_W32,high,0.9039078106157993,Neutral (N=0),0.9039078106157993,0.0
WHADVANT_W32,low,0.8428126809210427,Neutral (N=0),0.8428126809210427,0.0
WHADVANT_W32,high,0.8355687109210429,Neutral (N=0),0.8355687109210429,0.0
WILLMOVE_W32,low,0.7005889832941681,Neutral (N=0),0.7005889832941681,0.0
WILLMOVE_W32,high,0.6600984142522435,Neutral (N=0),0.6600984142522435,0.0
EAT1_W34,low,0.5677215222528759,Neutral (N=0),0.5677215222528759,0.0
EAT1_W34,high,0.27714918225287577,Neutral (N=0),0.27714918225287577,0.0
EAT2_W34,low,0.9390590380522855,Neutral (N=0),0.9390590380522855,0.0
EAT2_W34,high,0.7611713001971081,Neutral (N=0),0.7611713001971081,0.0
EAT5B_W34,low,0.6310401400003721,Neutral (N=0),0.6310401400003721,0.0
EAT5B_W34,high,0.5425447500003722,Neutral (N=0),0.5425447500003722,0.0
EAT5C_W34,low,0.32993546806839064,Neutral (N=0),0.32993546806839064,0.0
EAT5C_W34,high,0.3218007180683907,Neutral (N=0),0.3218007180683907,0.0
EAT5D_W34,low,0.4345242719008141,Neutral (N=0),0.4345242719008141,0.0
EAT5D_W34,high,0.3227487107830584,Neutral (N=0),0.3227487107830584,0.0
EVOBIOA_W34,low,0.3162620799999104,Neutral (N=0),0.3162620799999104,0.0
EVOBIOA_W34,high,0.04779449999991037,Neutral (N=0),0.04779449999991037,0.0
EVOBIOB_W34,low,0.39823022000002084,Neutral (N=0),0.39823022000002084,0.0
EVOBIOB_W34,high,0.20321051000002077,Neutral (N=0),0.20321051000002077,0.0
EVOPERS3_W34,low,0.9156793508420213,Neutral (N=0),0.9156793508420213,0.0
EVOPERS3_W34,high,0.6585327265844806,Neutral (N=0),0.6585327265844806,0.0
EVOTHREE_W34,low,0.48304389000000003,Neutral (N=0),0.48304389000000003,0.0
EVOTHREE_W34,high,0.37369030999999997,Neutral (N=0),0.37369030999999997,0.0
FUD22_W34,low,0.9979858200375518,Neutral (N=0),0.9979858200375518,0.0
FUD22_W34,high,0.7105650871346675,Neutral (N=0),0.7105650871346675,0.0
FUD24_W34,low,0.24128255499746398,Neutral (N=0),0.24128255499746398,0.0
FUD24_W34,high,0.262143664997464,Neutral (N=0),0.262143664997464,0.0
FUD33B_W34,low,0.16156526999998758,Neutral (N=0),0.16156526999998758,0.0
FUD33B_W34,high,0.214441097144411,Neutral (N=0),0.214441097144411,0.0
FUD35_W34,low,0.5484449513428655,Neutral (N=0),0.5484449513428655,0.0
FUD35_W34,high,0.4876454984878935,Neutral (N=0),0.4876454984878935,0.0
FUD37A_W34,low,0.7178568298768218,Neutral (N=0),0.7178568298768218,0.0
FUD37A_W34,high,0.6165916098768218,Neutral (N=0),0.6165916098768218,0.0
FUD37B_W34,low,1.055620399445516,Neutral (N=0),1.055620399445516,0.0
FUD37B_W34,high,0.6678303200019657,Neutral (N=0),0.6678303200019657,0.0
FUD37C_W34,low,0.6978490969772405,Neutral (N=0),0.6978490969772405,0.0
FUD37C_W34,high,0.7496500999985711,Neutral (N=0),0.7496500999985711,0.0
BETTERBIZ1F2D_W36,low,0.20106664500002694,Neutral (N=0),0.20106664500002694,0.0
BETTERBIZ1F2D_W36,high,0.1406503785935164,Neutral (N=0),0.1406503785935164,0.0
BETTERBIZ1F2E_W36,low,0.2602208299998649,Neutral (N=0),0.2602208299998649,0.0
BETTERBIZ1F2E_W36,high,0.2340678849998649,Neutral (N=0),0.2340678849998649,0.0
BETTERBIZ1F2H_W36,low,0.20804404291955,Neutral (N=0),0.20804404291955,0.0
BETTERBIZ1F2H_W36,high,0.154935885,Neutral (N=0),0.154935885,0.0
BETTERBIZ2F2C_W36,low,0.17195442499992353,Neutral (N=0),0.17195442499992353,0.0
BETTERBIZ2F2C_W36,high,0.08799273999992357,Neutral (N=0),0.08799273999992357,0.0
BETTERBIZ2F2E_W36,low,0.14787987000003427,Neutral (N=0),0.14787987000003427,0.0
BETTERBIZ2F2E_W36,high,0.09382912500003424,Neutral (N=0),0.09382912500003424,0.0
BETTERBIZ2F2F_W36,low,0.2478082899999566,Neutral (N=0),0.2478082899999566,0.0
BETTERBIZ2F2F_W36,high,0.20456788999995656,Neutral (N=0),0.20456788999995656,0.0
BETTERPOL1F1B_W36,low,0.341797289999988,Neutral (N=0),0.341797289999988,0.0
BETTERPOL1F1B_W36,high,0.33443061999998797,Neutral (N=0),0.33443061999998797,0.0
BETTERPOL1F1E_W36,low,0.23980385500011284,Neutral (N=0),0.23980385500011284,0.0
BETTERPOL1F1E_W36,high,0.22903448500011284,Neutral (N=0),0.22903448500011284,0.0
BETTERPOL1F1I_W36,low,0.2548442849998578,Neutral (N=0),0.2548442849998578,0.0
BETTERPOL1F1I_W36,high,0.2464336999998578,Neutral (N=0),0.2464336999998578,0.0
BETTERPOL2F1A_W36,low,0.17039547500001934,Neutral (N=0),0.17039547500001934,0.0
BETTERPOL2F1A_W36,high,0.10924442609247322,Neutral (N=0),0.10924442609247322,0.0
BETTERPOL2F1C_W36,low,0.21720333000010578,Neutral (N=0),0.21720333000010578,0.0
BETTERPOL2F1C_W36,high,0.1794028100001058,Neutral (N=0),0.1794028100001058,0.0
BETTERPOL2F1D_W36,low,0.21979336280205217,Neutral (N=0),0.21979336280205217,0.0
BETTERPOL2F1D_W36,high,0.17801336999999287,Neutral (N=0),0.17801336999999287,0.0
BETTERPOL2F1F_W36,low,0.1988430730115515,Neutral (N=0),0.1988430730115515,0.0
BETTERPOL2F1F_W36,high,0.1922286030776962,Neutral (N=0),0.1922286030776962,0.0
E5_W36,low,1.0214566304000205,Neutral (N=0),1.0214566304000205,0.0
E5_W36,high,0.5836633504000206,Neutral (N=0),0.5836633504000206,0.0
ESSENBIZF2E_W36,low,0.1701784493482648,Neutral (N=0),0.1701784493482648,0.0
ESSENBIZF2E_W36,high,0.25618424444935617,Neutral (N=0),0.25618424444935617,0.0
ESSENBIZF2J_W36,low,0.5532701944414278,Neutral (N=0),0.5532701944414278,0.0
ESSENBIZF2J_W36,high,0.3801891444414277,Neutral (N=0),0.3801891444414277,0.0
ESSENPOLF1A_W36,low,0.22798717000105173,Neutral (N=0),0.22798717000105173,0.0
ESSENPOLF1A_W36,high,0.05245276000105159,Neutral (N=0),0.05245276000105159,0.0
ESSENPOLF1B_W36,low,0.46226771849988246,Neutral (N=0),0.46226771849988246,0.0
ESSENPOLF1B_W36,high,0.40344412432906673,Neutral (N=0),0.40344412432906673,0.0
ESSENPOLF1D_W36,low,0.33557243045955687,Neutral (N=0),0.33557243045955687,0.0
ESSENPOLF1D_W36,high,0.14403730045955687,Neutral (N=0),0.14403730045955687,0.0
ESSENPOLF1G_W36,low,0.5047709800013365,Neutral (N=0),0.5047709800013365,0.0
ESSENPOLF1G_W36,high,0.5150047400013364,Neutral (N=0),0.5150047400013364,0.0
ESSENPOLF1H_W36,low,0.4043565995807007,Neutral (N=0),0.4043565995807007,0.0
ESSENPOLF1H_W36,high,0.37740049958070043,Neutral (N=0),0.37740049958070043,0.0
HIGHEDWRNGB_W36,low,0.8088818994852528,Neutral (N=0),0.8088818994852528,0.0
HIGHEDWRNGB_W36,high,0.6734266494852528,Neutral (N=0),0.6734266494852528,0.0
HIGHEDWRNGC_W36,low,0.7183973100765643,Neutral (N=0),0.7183973100765643,0.0
HIGHEDWRNGC_W36,high,0.6224924963270109,Neutral (N=0),0.6224924963270109,0.0
IMPROVE1_W36,low,0.4100183073525754,Neutral (N=0),0.4100183073525754,0.0
IMPROVE1_W36,high,0.49225260997919074,Neutral (N=0),0.49225260997919074,0.0
IMPROVE2_W36,low,0.7082384800003232,Neutral (N=0),0.7082384800003232,0.0
IMPROVE2_W36,high,0.8145897100003232,Neutral (N=0),0.8145897100003232,0.0
IMPROVE3_W36,low,0.62212213056256,Neutral (N=0),0.62212213056256,0.0
IMPROVE3_W36,high,0.8024728187279283,Neutral (N=0),0.8024728187279283,0.0
MOREWMN1F2_W36,low,0.2318596499993052,Neutral (N=0),0.2318596499993052,0.0
MOREWMN1F2_W36,high,0.17696116322957778,Neutral (N=0),0.17696116322957778,0.0
POLCHF1_W36,low,0.6510626534594912,Neutral (N=0),0.6510626534594912,0.0
POLCHF1_W36,high,0.835280719973853,Neutral (N=0),0.835280719973853,0.0
TRAITBIZMF2C_W36,low,0.25753173499999604,Neutral (N=0),0.25753173499999604,0.0
TRAITBIZMF2C_W36,high,0.0828596449999992,Neutral (N=0),0.0828596449999992,0.0
TRAITBIZMF2D_W36,low,0.2524510800000393,Neutral (N=0),0.2524510800000393,0.0
TRAITBIZMF2D_W36,high,0.21022126210225628,Neutral (N=0),0.21022126210225628,0.0
TRAITBIZMF2E_W36,low,0.23702640999999652,Neutral (N=0),0.23702640999999652,0.0
TRAITBIZMF2E_W36,high,0.08118442499999656,Neutral (N=0),0.08118442499999656,0.0
TRAITBIZMF2G_W36,low,0.2797081850000235,Neutral (N=0),0.2797081850000235,0.0
TRAITBIZMF2G_W36,high,0.35451783500002343,Neutral (N=0),0.35451783500002343,0.0
TRAITBIZWF2C_W36,low,0.31996260000002985,Neutral (N=0),0.31996260000002985,0.0
TRAITBIZWF2C_W36,high,0.3267860500000299,Neutral (N=0),0.3267860500000299,0.0
TRAITBIZWF2D_W36,low,0.24785185752150096,Neutral (N=0),0.24785185752150096,0.0
TRAITBIZWF2D_W36,high,0.2801799350000294,Neutral (N=0),0.2801799350000294,0.0
TRAITBIZWF2E_W36,low,0.3500068699999999,Neutral (N=0),0.3500068699999999,0.0
TRAITBIZWF2E_W36,high,0.339365155,Neutral (N=0),0.339365155,0.0
TRAITBIZWF2G_W36,low,0.3695451886954439,Neutral (N=0),0.3695451886954439,0.0
TRAITBIZWF2G_W36,high,0.416951244999988,Neutral (N=0),0.416951244999988,0.0
TRAITPOLMF1B_W36,low,0.358393078595075,Neutral (N=0),0.358393078595075,0.0
TRAITPOLMF1B_W36,high,0.3271566800055721,Neutral (N=0),0.3271566800055721,0.0
TRAITPOLMF1C_W36,low,0.2422261974240516,Neutral (N=0),0.2422261974240516,0.0
TRAITPOLMF1C_W36,high,0.15387459654053554,Neutral (N=0),0.15387459654053554,0.0
TRAITPOLMF1D_W36,low,0.21529227500006065,Neutral (N=0),0.21529227500006065,0.0
TRAITPOLMF1D_W36,high,0.15061734500006058,Neutral (N=0),0.15061734500006058,0.0
TRAITPOLMF1E_W36,low,0.22692483499852745,Neutral (N=0),0.22692483499852745,0.0
TRAITPOLMF1E_W36,high,0.0684712949985275,Neutral (N=0),0.0684712949985275,0.0
TRAITPOLMF1F_W36,low,0.30313492487176347,Neutral (N=0),0.30313492487176347,0.0
TRAITPOLMF1F_W36,high,0.34089019987176344,Neutral (N=0),0.34089019987176344,0.0
TRAITPOLMF1G_W36,low,0.21478803999996923,Neutral (N=0),0.21478803999996923,0.0
TRAITPOLMF1G_W36,high,0.3385177399999692,Neutral (N=0),0.3385177399999692,0.0
TRAITPOLWF1A_W36,low,0.2675723500010649,Neutral (N=0),0.2675723500010649,0.0
TRAITPOLWF1A_W36,high,0.2450422224515838,Neutral (N=0),0.2450422224515838,0.0
TRAITPOLWF1C_W36,low,0.3304926133106246,Neutral (N=0),0.3304926133106246,0.0
TRAITPOLWF1C_W36,high,0.4043201100051286,Neutral (N=0),0.4043201100051286,0.0
TRAITPOLWF1D_W36,low,0.22750163500005405,Neutral (N=0),0.22750163500005405,0.0
TRAITPOLWF1D_W36,high,0.11054935500005408,Neutral (N=0),0.11054935500005408,0.0
TRAITPOLWF1E_W36,low,0.3513189414868105,Neutral (N=0),0.3513189414868105,0.0
TRAITPOLWF1E_W36,high,0.39094312000004267,Neutral (N=0),0.39094312000004267,0.0
TRAITPOLWF1F_W36,low,0.34421563499674823,Neutral (N=0),0.34421563499674823,0.0
TRAITPOLWF1F_W36,high,0.3632608049967482,Neutral (N=0),0.3632608049967482,0.0
TRAITPOLWF1G_W36,low,0.29320362500000535,Neutral (N=0),0.29320362500000535,0.0
TRAITPOLWF1G_W36,high,0.3729529300000054,Neutral (N=0),0.3729529300000054,0.0
WHYNOTBIZF2A_W36,low,0.49187003127030837,Neutral (N=0),0.49187003127030837,0.0
WHYNOTBIZF2A_W36,high,0.6559028512703085,Neutral (N=0),0.6559028512703085,0.0
WHYNOTBIZF2B_W36,low,0.5428285100000229,Neutral (N=0),0.5428285100000229,0.0
WHYNOTBIZF2B_W36,high,0.7182241400000228,Neutral (N=0),0.7182241400000228,0.0
WHYNOTBIZF2D_W36,low,0.574569340000154,Neutral (N=0),0.574569340000154,0.0
WHYNOTBIZF2D_W36,high,0.248922450000154,Neutral (N=0),0.248922450000154,0.0
WHYNOTBIZF2F_W36,low,0.5201471400001692,Neutral (N=0),0.5201471400001692,0.0
WHYNOTBIZF2F_W36,high,0.20474379000016918,Neutral (N=0),0.20474379000016918,0.0
WHYNOTBIZF2G_W36,low,1.02362463999502,Neutral (N=0),1.02362463999502,0.0
WHYNOTBIZF2G_W36,high,1.11667490999502,Neutral (N=0),1.11667490999502,0.0
WHYNOTBIZF2H_W36,low,1.1822222710455552,Neutral (N=0),1.1822222710455552,0.0
WHYNOTBIZF2H_W36,high,1.022507332849371,Neutral (N=0),1.022507332849371,0.0
WHYNOTBIZF2J_W36,low,0.8148356518522324,Neutral (N=0),0.8148356518522324,0.0
WHYNOTBIZF2J_W36,high,0.884757910000648,Neutral (N=0),0.884757910000648,0.0
WHYNOTBIZF2M_W36,low,0.576731114531273,Neutral (N=0),0.576731114531273,0.0
WHYNOTBIZF2M_W36,high,0.6409195829658348,Neutral (N=0),0.6409195829658348,0.0
WHYNOTBIZF2N_W36,low,1.12372972,Neutral (N=0),1.12372972,0.0
WHYNOTBIZF2N_W36,high,1.12062501,Neutral (N=0),1.12062501,0.0
WHYNOTBIZF2O_W36,low,0.6467024899999935,Neutral (N=0),0.6467024899999935,0.0
WHYNOTBIZF2O_W36,high,0.9709930697099308,Neutral (N=0),0.9709930697099308,0.0
WHYNOTPOLF1A_W36,low,0.6218935652198614,Neutral (N=0),0.6218935652198614,0.0
WHYNOTPOLF1A_W36,high,0.5752632921581957,Neutral (N=0),0.5752632921581957,0.0
WHYNOTPOLF1B_W36,low,0.6635423866361553,Neutral (N=0),0.6635423866361553,0.0
WHYNOTPOLF1B_W36,high,0.7900883300004876,Neutral (N=0),0.7900883300004876,0.0
WHYNOTPOLF1C_W36,low,0.8114830093874588,Neutral (N=0),0.8114830093874588,0.0
WHYNOTPOLF1C_W36,high,0.7235244885078735,Neutral (N=0),0.7235244885078735,0.0
WHYNOTPOLF1E_W36,low,0.5352030798016193,Neutral (N=0),0.5352030798016193,0.0
WHYNOTPOLF1E_W36,high,0.5366660998016194,Neutral (N=0),0.5366660998016194,0.0
WHYNOTPOLF1G_W36,low,0.8623580998730513,Neutral (N=0),0.8623580998730513,0.0
WHYNOTPOLF1G_W36,high,0.9704827698730514,Neutral (N=0),0.9704827698730514,0.0
WHYNOTPOLF1I_W36,low,0.5607873191555981,Neutral (N=0),0.5607873191555981,0.0
WHYNOTPOLF1I_W36,high,0.5212046435213507,Neutral (N=0),0.5212046435213507,0.0
WHYNOTPOLF1J_W36,low,0.808101060007364,Neutral (N=0),0.808101060007364,0.0
WHYNOTPOLF1J_W36,high,0.7184774471945933,Neutral (N=0),0.7184774471945933,0.0
WHYNOTPOLF1K_W36,low,0.59111393,Neutral (N=0),0.59111393,0.0
WHYNOTPOLF1K_W36,high,0.6026116600000001,Neutral (N=0),0.6026116600000001,0.0
WHYNOTPOLF1L_W36,low,0.6961181169601818,Neutral (N=0),0.6961181169601818,0.0
WHYNOTPOLF1L_W36,high,0.9855275799985007,Neutral (N=0),0.9855275799985007,0.0
WMNPRZ1_W36,low,0.5911527198032965,Neutral (N=0),0.5911527198032965,0.0
WMNPRZ1_W36,high,0.6202680098032967,Neutral (N=0),0.6202680098032967,0.0
AUTOLKLY_W41,low,0.8889836610133163,Neutral (N=0),0.8889836610133163,0.0
AUTOLKLY_W41,high,1.1426206699225223,Neutral (N=0),1.1426206699225223,0.0
AUTOWKPLC_W41,low,0.1768963292292222,Neutral (N=0),0.1768963292292222,0.0
AUTOWKPLC_W41,high,0.22753136422922224,Neutral (N=0),0.22753136422922224,0.0
ETHNCMAJMOD_W41,low,0.6130217792173652,Neutral (N=0),0.6130217792173652,0.0
ETHNCMAJMOD_W41,high,0.5521484992173652,Neutral (N=0),0.5521484992173652,0.0
FTRWORRYc_W41,low,0.6015897468087785,Neutral (N=0),0.6015897468087785,0.0
FTRWORRYc_W41,high,0.5531835931917118,Neutral (N=0),0.5531835931917118,0.0
FTRWORRYe_W41,low,0.7508226399218132,Neutral (N=0),0.7508226399218132,0.0
FTRWORRYe_W41,high,0.6958467399218132,Neutral (N=0),0.6958467399218132,0.0
FTRWORRYf_W41,low,0.8586848815495374,Neutral (N=0),0.8586848815495374,0.0
FTRWORRYf_W41,high,0.9137112109992733,Neutral (N=0),0.9137112109992733,0.0
FUTRCLASSb_W41,low,0.27375939911881714,Neutral (N=0),0.27375939911881714,0.0
FUTRCLASSb_W41,high,0.18682962324951946,Neutral (N=0),0.18682962324951946,0.0
FUTRCLASSc_W41,low,0.3209104749999473,Neutral (N=0),0.3209104749999473,0.0
FUTRCLASSc_W41,high,0.21951236999994728,Neutral (N=0),0.21951236999994728,0.0
FUTR_DIV_W41,low,0.2350647976493521,Neutral (N=0),0.2350647976493521,0.0
FUTR_DIV_W41,high,0.17771721500261647,Neutral (N=0),0.17771721500261647,0.0
GOVPRIOb_W41,low,0.5271966552716286,Neutral (N=0),0.5271966552716286,0.0
GOVPRIOb_W41,high,0.667979619999625,Neutral (N=0),0.667979619999625,0.0
GOVPRIOc_W41,low,0.36234363999991437,Neutral (N=0),0.36234363999991437,0.0
GOVPRIOc_W41,high,0.5519240999999144,Neutral (N=0),0.5519240999999144,0.0
GOVPRIOe_W41,low,0.6470980000000001,Neutral (N=0),0.6470980000000001,0.0
GOVPRIOe_W41,high,0.9180821300000002,Neutral (N=0),0.9180821300000002,0.0
GOVPRIOfF1_W41,low,0.8619702698420536,Neutral (N=0),0.8619702698420536,0.0
GOVPRIOfF1_W41,high,0.7497683523180456,Neutral (N=0),0.7497683523180456,0.0
GOVPRIOgF1_W41,low,0.7941029985632555,Neutral (N=0),0.7941029985632555,0.0
GOVPRIOgF1_W41,high,0.8557127404977806,Neutral (N=0),0.8557127404977806,0.0
GOVPRIOhF1_W41,low,0.5233292530848459,Neutral (N=0),0.5233292530848459,0.0
GOVPRIOhF1_W41,high,0.5317846649451158,Neutral (N=0),0.5317846649451158,0.0
GOVPRIOiF1_W41,low,0.8047227480467762,Neutral (N=0),0.8047227480467762,0.0
GOVPRIOiF1_W41,high,0.7164421699993988,Neutral (N=0),0.7164421699993988,0.0
GOVPRIOjF1_W41,low,0.6410218535678027,Neutral (N=0),0.6410218535678027,0.0
GOVPRIOjF1_W41,high,0.8552238199835159,Neutral (N=0),0.8552238199835159,0.0
GOVPRIOkF2_W41,low,1.040046538991984,Neutral (N=0),1.040046538991984,0.0
GOVPRIOkF2_W41,high,0.9841340589490402,Neutral (N=0),0.9841340589490402,0.0
GOVPRIOlF2_W41,low,1.1709677883194276,Neutral (N=0),1.1709677883194276,0.0
GOVPRIOlF2_W41,high,1.3535762100388076,Neutral (N=0),1.3535762100388076,0.0
GOVPRIOmF2_W41,low,0.49773035027586643,Neutral (N=0),0.49773035027586643,0.0
GOVPRIOmF2_W41,high,0.8425685102758662,Neutral (N=0),0.8425685102758662,0.0
GOVPRIOnF2_W41,low,1.4334640620264438,Neutral (N=0),1.4334640620264438,0.0
GOVPRIOnF2_W41,high,2.043657232026444,Neutral (N=0),2.043657232026444,0.0
GOVPRIOoF2_W41,low,0.6372888099999752,Neutral (N=0),0.6372888099999752,0.0
GOVPRIOoF2_W41,high,0.8160553299999754,Neutral (N=0),0.8160553299999754,0.0
HAPPEN2b_W41,low,0.56154792,Neutral (N=0),0.56154792,0.0
HAPPEN2b_W41,high,0.6335519163355828,Neutral (N=0),0.6335519163355828,0.0
HAPPEN2f_W41,low,0.6436561999998801,Neutral (N=0),0.6436561999998801,0.0
HAPPEN2f_W41,high,0.45399828545987336,Neutral (N=0),0.45399828545987336,0.0
HARASS1F1b_W41,low,0.5183405006910876,Neutral (N=0),0.5183405006910876,0.0
HARASS1F1b_W41,high,0.9304847306910876,Neutral (N=0),0.9304847306910876,0.0
HARASS1F1d_W41,low,0.3999589900001439,Neutral (N=0),0.3999589900001439,0.0
HARASS1F1d_W41,high,0.47339651000014404,Neutral (N=0),0.47339651000014404,0.0
HARASS1NOWRKF2d_W41,low,0.39267146999998026,Neutral (N=0),0.39267146999998026,0.0
HARASS1NOWRKF2d_W41,high,0.49043664490436667,Neutral (N=0),0.49043664490436667,0.0
HARASS3NOWRKF2_W41,low,0.1982260200454075,Neutral (N=0),0.1982260200454075,0.0
HARASS3NOWRKF2_W41,high,0.25939666004540757,Neutral (N=0),0.25939666004540757,0.0
INTRMAR_W41,low,0.6474218473667722,Neutral (N=0),0.6474218473667722,0.0
INTRMAR_W41,high,0.6256518421490719,Neutral (N=0),0.6256518421490719,0.0
LEGALIMG_W41,low,0.49753684511472535,Neutral (N=0),0.49753684511472535,0.0
LEGALIMG_W41,high,0.5604794501045176,Neutral (N=0),0.5604794501045176,0.0
SOLVPROBa_W41,low,0.801580169997529,Neutral (N=0),0.801580169997529,0.0
SOLVPROBa_W41,high,0.5364905399975292,Neutral (N=0),0.5364905399975292,0.0
SOLVPROBb_W41,low,0.816000899819654,Neutral (N=0),0.816000899819654,0.0
SOLVPROBb_W41,high,0.7376078272408191,Neutral (N=0),0.7376078272408191,0.0
SOLVPROBc_W41,low,0.7092456299532601,Neutral (N=0),0.7092456299532601,0.0
SOLVPROBc_W41,high,0.77627299995326,Neutral (N=0),0.77627299995326,0.0
SOLVPROBdF1_W41,low,0.3197873616802394,Neutral (N=0),0.3197873616802394,0.0
SOLVPROBdF1_W41,high,0.23024607424118293,Neutral (N=0),0.23024607424118293,0.0
SOLVPROBf_W41,low,0.8516919995108015,Neutral (N=0),0.8516919995108015,0.0
SOLVPROBf_W41,high,0.8358503595108014,Neutral (N=0),0.8358503595108014,0.0
SOLVPROBg_W41,low,0.43222276780106933,Neutral (N=0),0.43222276780106933,0.0
SOLVPROBg_W41,high,0.3448397542465941,Neutral (N=0),0.3448397542465941,0.0
SOLVPROBh_W41,low,0.9460030901842834,Neutral (N=0),0.9460030901842834,0.0
SOLVPROBh_W41,high,1.0451900201842834,Neutral (N=0),1.0451900201842834,0.0
CONFb_W42,low,0.8031777080083939,Neutral (N=0),0.8031777080083939,0.0
CONFb_W42,high,0.7520684899727196,Neutral (N=0),0.7520684899727196,0.0
CONFc_W42,low,0.5139054104547816,Neutral (N=0),0.5139054104547816,0.0
CONFc_W42,high,0.563157852601433,Neutral (N=0),0.563157852601433,0.0
CONFe_W42,low,0.8823802899954808,Neutral (N=0),0.8823802899954808,0.0
CONFe_W42,high,0.8305016816898991,Neutral (N=0),0.8305016816898991,0.0
CONFg_W42,low,0.6819610099991906,Neutral (N=0),0.6819610099991906,0.0
CONFg_W42,high,0.6067714899991906,Neutral (N=0),0.6067714899991906,0.0
PQ4_F2Aa_W42,low,0.6345029899995662,Neutral (N=0),0.6345029899995662,0.0
PQ4_F2Aa_W42,high,0.6260372599995665,Neutral (N=0),0.6260372599995665,0.0
PQ4_F2Ac_W42,low,0.6945803969459204,Neutral (N=0),0.6945803969459204,0.0
PQ4_F2Ac_W42,high,0.5586447244135526,Neutral (N=0),0.5586447244135526,0.0
PQ4_F2Ae_W42,low,0.29203307707966925,Neutral (N=0),0.29203307707966925,0.0
PQ4_F2Ae_W42,high,0.23743239515621462,Neutral (N=0),0.23743239515621462,0.0
PQ4_F2Bb_W42,low,0.5638427454692715,Neutral (N=0),0.5638427454692715,0.0
PQ4_F2Bb_W42,high,0.47433740966168825,Neutral (N=0),0.47433740966168825,0.0
PQ4_F2Bc_W42,low,0.615778669999836,Neutral (N=0),0.615778669999836,0.0
PQ4_F2Bc_W42,high,0.5666819343329841,Neutral (N=0),0.5666819343329841,0.0
PQ4_F2Bd_W42,low,0.618985760000259,Neutral (N=0),0.618985760000259,0.0
PQ4_F2Bd_W42,high,0.4977728249782457,Neutral (N=0),0.4977728249782457,0.0
PQ4_F2Cc_W42,low,0.6085823960858673,Neutral (N=0),0.6085823960858673,0.0
PQ4_F2Cc_W42,high,0.50544874,Neutral (N=0),0.50544874,0.0
PQ8_F2B_W42,low,0.6149481160558623,Neutral (N=0),0.6149481160558623,0.0
PQ8_F2B_W42,high,0.7381825598930074,Neutral (N=0),0.7381825598930074,0.0
RQ1_F1B_W42,low,0.3139521650033754,Neutral (N=0),0.3139521650033754,0.0
RQ1_F1B_W42,high,0.22832608500337542,Neutral (N=0),0.22832608500337542,0.0
RQ1_F1C_W42,low,0.1727493792421143,Neutral (N=0),0.1727493792421143,0.0
RQ1_F1C_W42,high,0.1646085242421143,Neutral (N=0),0.1646085242421143,0.0
RQ2_F1A_W42,low,0.37526604997247354,Neutral (N=0),0.37526604997247354,0.0
RQ2_F1A_W42,high,0.3348519799724735,Neutral (N=0),0.3348519799724735,0.0
RQ4_F1Ab_W42,low,0.5050593050506373,Neutral (N=0),0.5050593050506373,0.0
RQ4_F1Ab_W42,high,0.5003626099999999,Neutral (N=0),0.5003626099999999,0.0
RQ4_F1Ae_W42,low,0.6072444799884057,Neutral (N=0),0.6072444799884057,0.0
RQ4_F1Ae_W42,high,0.5294410046930293,Neutral (N=0),0.5294410046930293,0.0
RQ4_F1Ba_W42,low,0.5844429399996549,Neutral (N=0),0.5844429399996549,0.0
RQ4_F1Ba_W42,high,0.5854826299996548,Neutral (N=0),0.5854826299996548,0.0
RQ4_F1Bc_W42,low,0.6656520599999742,Neutral (N=0),0.6656520599999742,0.0
RQ4_F1Bc_W42,high,0.5777122799999741,Neutral (N=0),0.5777122799999741,0.0
RQ4_F1Bd_W42,low,0.6006993639350665,Neutral (N=0),0.6006993639350665,0.0
RQ4_F1Bd_W42,high,0.5584463199613736,Neutral (N=0),0.5584463199613736,0.0
RQ4_F1Be_W42,low,0.5904427199100605,Neutral (N=0),0.5904427199100605,0.0
RQ4_F1Be_W42,high,0.6080195899100607,Neutral (N=0),0.6080195899100607,0.0
RQ4_F1Ca_W42,low,0.5148472400000002,Neutral (N=0),0.5148472400000002,0.0
RQ4_F1Ca_W42,high,0.4061481900000002,Neutral (N=0),0.4061481900000002,0.0
RQ4_F1Cb_W42,low,0.5058400699996872,Neutral (N=0),0.5058400699996872,0.0
RQ4_F1Cb_W42,high,0.4522028299996871,Neutral (N=0),0.4522028299996871,0.0
RQ4_F1Cd_W42,low,0.6009345700636006,Neutral (N=0),0.6009345700636006,0.0
RQ4_F1Cd_W42,high,0.5849517900636007,Neutral (N=0),0.5849517900636007,0.0
RQ5_F1B_W42,low,1.1460257141155612,Neutral (N=0),1.1460257141155612,0.0
RQ5_F1B_W42,high,1.3413947841155611,Neutral (N=0),1.3413947841155611,0.0
RQ5_F1C_W42,low,1.3022328250371622,Neutral (N=0),1.3022328250371622,0.0
RQ5_F1C_W42,high,1.4582168350371623,Neutral (N=0),1.4582168350371623,0.0
IDIMPORT_W43,low,1.6575878300000002,Neutral (N=0),1.6575878300000002,0.0
IDIMPORT_W43,high,1.37508938,Neutral (N=0),1.37508938,0.0
RACESURV13_W43,low,0.6619344899997002,Neutral (N=0),0.6619344899997002,0.0
RACESURV13_W43,high,0.5234047652338475,Neutral (N=0),0.5234047652338475,0.0
RACESURV14_W43,low,0.7718263877182638,Neutral (N=0),0.7718263877182638,0.0
RACESURV14_W43,high,0.8321845299999739,Neutral (N=0),0.8321845299999739,0.0
RACESURV15a_W43,low,0.21904562291614688,Neutral (N=0),0.21904562291614688,0.0
RACESURV15a_W43,high,0.1681263851599047,Neutral (N=0),0.1681263851599047,0.0
RACESURV15b_W43,low,0.19618214,Neutral (N=0),0.19618214,0.0
RACESURV15b_W43,high,0.22192636000000007,Neutral (N=0),0.22192636000000007,0.0
RACESURV17_W43,low,0.6394396221303229,Neutral (N=0),0.6394396221303229,0.0
RACESURV17_W43,high,0.689408982130323,Neutral (N=0),0.689408982130323,0.0
RACESURV18b_W43,low,0.8819031073579863,Neutral (N=0),0.8819031073579863,0.0
RACESURV18b_W43,high,0.7465531461787512,Neutral (N=0),0.7465531461787512,0.0
RACESURV18f_W43,low,0.3298576509952245,Neutral (N=0),0.3298576509952245,0.0
RACESURV18f_W43,high,0.2655613003522614,Neutral (N=0),0.2655613003522614,0.0
RACESURV19a_W43,low,0.7344183473441775,Neutral (N=0),0.7344183473441775,0.0
RACESURV19a_W43,high,0.7463067625369141,Neutral (N=0),0.7463067625369141,0.0
RACESURV19c_W43,low,0.8322445000029518,Neutral (N=0),0.8322445000029518,0.0
RACESURV19c_W43,high,0.6693039300029519,Neutral (N=0),0.6693039300029519,0.0
RACESURV19e_W43,low,0.8121159018792988,Neutral (N=0),0.8121159018792988,0.0
RACESURV19e_W43,high,0.8320608683212497,Neutral (N=0),0.8320608683212497,0.0
RACESURV1b_W43,low,0.32755753668158644,Neutral (N=0),0.32755753668158644,0.0
RACESURV1b_W43,high,0.2933651870235099,Neutral (N=0),0.2933651870235099,0.0
RACESURV21_W43,low,1.1205051761237463,Neutral (N=0),1.1205051761237463,0.0
RACESURV21_W43,high,1.3896040648069516,Neutral (N=0),1.3896040648069516,0.0
RACESURV27_W43,low,0.5700046148427576,Neutral (N=0),0.5700046148427576,0.0
RACESURV27_W43,high,0.4507449245074493,Neutral (N=0),0.4507449245074493,0.0
RACESURV28a_W43,low,0.27623672999645377,Neutral (N=0),0.27623672999645377,0.0
RACESURV28a_W43,high,0.2608871049964538,Neutral (N=0),0.2608871049964538,0.0
RACESURV28b_W43,low,0.2978615899955897,Neutral (N=0),0.2978615899955897,0.0
RACESURV28b_W43,high,0.2603317049955897,Neutral (N=0),0.2603317049955897,0.0
RACESURV28c_W43,low,0.3010016499983977,Neutral (N=0),0.3010016499983977,0.0
RACESURV28c_W43,high,0.2670393249983977,Neutral (N=0),0.2670393249983977,0.0
RACESURV28d_W43,low,0.18123644999204602,Neutral (N=0),0.18123644999204602,0.0
RACESURV28d_W43,high,0.14603602999204596,Neutral (N=0),0.14603602999204596,0.0
RACESURV28e_W43,low,0.1831890449976391,Neutral (N=0),0.1831890449976391,0.0
RACESURV28e_W43,high,0.17935386499763922,Neutral (N=0),0.17935386499763922,0.0
RACESURV28f_W43,low,0.3571039614337301,Neutral (N=0),0.3571039614337301,0.0
RACESURV28f_W43,high,0.2966588750063596,Neutral (N=0),0.2966588750063596,0.0
RACESURV28g_W43,low,0.3492650050064512,Neutral (N=0),0.3492650050064512,0.0
RACESURV28g_W43,high,0.31891076681626823,Neutral (N=0),0.31891076681626823,0.0
RACESURV29d_W43,low,0.8580131215356227,Neutral (N=0),0.8580131215356227,0.0
RACESURV29d_W43,high,0.5928377901389045,Neutral (N=0),0.5928377901389045,0.0
RACESURV2_W43,low,0.9221220157792517,Neutral (N=0),0.9221220157792517,0.0
RACESURV2_W43,high,1.071867650000708,Neutral (N=0),1.071867650000708,0.0
RACESURV34a_W43,low,0.46002018499169584,Neutral (N=0),0.46002018499169584,0.0
RACESURV34a_W43,high,0.5331125003236512,Neutral (N=0),0.5331125003236512,0.0
RACESURV34b_W43,low,0.5260266649951675,Neutral (N=0),0.5260266649951675,0.0
RACESURV34b_W43,high,0.5019289499749114,Neutral (N=0),0.5019289499749114,0.0
RACESURV34c_W43,low,0.5708835420321154,Neutral (N=0),0.5708835420321154,0.0
RACESURV34c_W43,high,0.9968835762921158,Neutral (N=0),0.9968835762921158,0.0
RACESURV34d_W43,low,0.7561509375240714,Neutral (N=0),0.7561509375240714,0.0
RACESURV34d_W43,high,0.27176452717004185,Neutral (N=0),0.27176452717004185,0.0
RACESURV34e_W43,low,0.5509090216964233,Neutral (N=0),0.5509090216964233,0.0
RACESURV34e_W43,high,0.627179738250958,Neutral (N=0),0.627179738250958,0.0
RACESURV38_W43,low,0.925942662712736,Neutral (N=0),0.925942662712736,0.0
RACESURV38_W43,high,0.7701143427127359,Neutral (N=0),0.7701143427127359,0.0
RACESURV40_W43,low,0.30866363261416113,Neutral (N=0),0.30866363261416113,0.0
RACESURV40_W43,high,0.2770822622983473,Neutral (N=0),0.2770822622983473,0.0
RACESURV41_W43,low,0.5046367775794557,Neutral (N=0),0.5046367775794557,0.0
RACESURV41_W43,high,0.45018702757945567,Neutral (N=0),0.45018702757945567,0.0
RACESURV45_W43,low,0.6002393922612435,Neutral (N=0),0.6002393922612435,0.0
RACESURV45_W43,high,0.5833591922612433,Neutral (N=0),0.5833591922612433,0.0
RACESURV47a_W43,low,1.5302210399847611,Neutral (N=0),1.5302210399847611,0.0
RACESURV47a_W43,high,1.646640089984761,Neutral (N=0),1.646640089984761,0.0
RACESURV47b_W43,low,1.1078990499947992,Neutral (N=0),1.1078990499947992,0.0
RACESURV47b_W43,high,1.0955146999947991,Neutral (N=0),1.0955146999947991,0.0
RACESURV47d_W43,low,0.7112309121752188,Neutral (N=0),0.7112309121752188,0.0
RACESURV47d_W43,high,0.6160053095693789,Neutral (N=0),0.6160053095693789,0.0
RACESURV47e_W43,low,0.7490814795199396,Neutral (N=0),0.7490814795199396,0.0
RACESURV47e_W43,high,0.6710742795199395,Neutral (N=0),0.6710742795199395,0.0
RACESURV47f_W43,low,1.1349944999926211,Neutral (N=0),1.1349944999926211,0.0
RACESURV47f_W43,high,1.0592656905852924,Neutral (N=0),1.0592656905852924,0.0
RACESURV48_W43,low,0.919746470796826,Neutral (N=0),0.919746470796826,0.0
RACESURV48_W43,high,0.822922579995718,Neutral (N=0),0.822922579995718,0.0
RACESURV51_W43,low,0.1664047200163774,Neutral (N=0),0.1664047200163774,0.0
RACESURV51_W43,high,0.17618645823813547,Neutral (N=0),0.17618645823813547,0.0
RACESURV52_W43,low,0.9036471899950026,Neutral (N=0),0.9036471899950026,0.0
RACESURV52_W43,high,0.8249259599950025,Neutral (N=0),0.8249259599950025,0.0
RACESURV5a_W43,low,1.099238205032897,Neutral (N=0),1.099238205032897,0.0
RACESURV5a_W43,high,1.2285023523244996,Neutral (N=0),1.2285023523244996,0.0
RACESURV5b_W43,low,0.6195653648901028,Neutral (N=0),0.6195653648901028,0.0
RACESURV5b_W43,high,0.6198157935820476,Neutral (N=0),0.6198157935820476,0.0
RACESURV5d_W43,low,0.649765665,Neutral (N=0),0.649765665,0.0
RACESURV5d_W43,high,0.6486821934997432,Neutral (N=0),0.6486821934997432,0.0
RACESURV5e_W43,low,0.7018704999661901,Neutral (N=0),0.7018704999661901,0.0
RACESURV5e_W43,high,0.6025222199661902,Neutral (N=0),0.6025222199661902,0.0
RACESURV5f_W43,low,0.3283594085614484,Neutral (N=0),0.3283594085614484,0.0
RACESURV5f_W43,high,0.28874132525006907,Neutral (N=0),0.28874132525006907,0.0
RACESURV5g_W43,low,0.5727437049653211,Neutral (N=0),0.5727437049653211,0.0
RACESURV5g_W43,high,0.533466269965321,Neutral (N=0),0.533466269965321,0.0
RACESURV5h_W43,low,0.8043556930646295,Neutral (N=0),0.8043556930646295,0.0
RACESURV5h_W43,high,0.6635010766560835,Neutral (N=0),0.6635010766560835,0.0
RACESURV5i_W43,low,1.1947626530523734,Neutral (N=0),1.1947626530523734,0.0
RACESURV5i_W43,high,1.1950901770298659,Neutral (N=0),1.1950901770298659,0.0
RACESURV5j_W43,low,0.565652335,Neutral (N=0),0.565652335,0.0
RACESURV5j_W43,high,0.4801903100000001,Neutral (N=0),0.4801903100000001,0.0
RACESURV5l_W43,low,1.6823399503178456,Neutral (N=0),1.6823399503178456,0.0
RACESURV5l_W43,high,1.8069744953178453,Neutral (N=0),1.8069744953178453,0.0
RACESURV9_W43,low,0.33350247966246416,Neutral (N=0),0.33350247966246416,0.0
RACESURV9_W43,high,0.2623482496624641,Neutral (N=0),0.2623482496624641,0.0
INFOCHALa_W45,low,0.6367215499999466,Neutral (N=0),0.6367215499999466,0.0
INFOCHALa_W45,high,0.3097286799999468,Neutral (N=0),0.3097286799999468,0.0
INFOCREATEa_W45,low,0.558799919511552,Neutral (N=0),0.558799919511552,0.0
INFOCREATEa_W45,high,0.6477137560293937,Neutral (N=0),0.6477137560293937,0.0
MADEUPOFT_W45,low,0.40772803438925953,Neutral (N=0),0.40772803438925953,0.0
MADEUPOFT_W45,high,0.32959552953223015,Neutral (N=0),0.32959552953223015,0.0
MADEUPTOPICb_W45,low,0.48773490001659914,Neutral (N=0),0.48773490001659914,0.0
MADEUPTOPICb_W45,high,0.445901100016599,Neutral (N=0),0.445901100016599,0.0
MADEUPTOPICc_W45,low,0.9127788031773026,Neutral (N=0),0.9127788031773026,0.0
MADEUPTOPICc_W45,high,0.9505718824884574,Neutral (N=0),0.9505718824884574,0.0
MADEUPTOPICd_W45,low,0.878537980602397,Neutral (N=0),0.878537980602397,0.0
MADEUPTOPICd_W45,high,0.9912311206231528,Neutral (N=0),0.9912311206231528,0.0
NEWSPROBd_W45,low,0.6307223170972222,Neutral (N=0),0.6307223170972222,0.0
NEWSPROBd_W45,high,0.5888942042555567,Neutral (N=0),0.5888942042555567,0.0
NEWSPROBe_W45,low,0.5667566881960843,Neutral (N=0),0.5667566881960843,0.0
NEWSPROBe_W45,high,0.5686513855966074,Neutral (N=0),0.5686513855966074,0.0
NEWS_PLATFORMg_W45,low,0.8863652372128371,Neutral (N=0),0.8863652372128371,0.0
NEWS_PLATFORMg_W45,high,1.20748291,Neutral (N=0),1.20748291,0.0
SMLIKESb_W45,low,1.0071105199978154,Neutral (N=0),1.0071105199978154,0.0
SMLIKESb_W45,high,1.0177526399978154,Neutral (N=0),1.0177526399978154,0.0
SMLIKESf_W45,low,0.6277728602991466,Neutral (N=0),0.6277728602991466,0.0
SMLIKESf_W45,high,0.5480584302991467,Neutral (N=0),0.5480584302991467,0.0
BENEFITGOV_W49,low,0.7043065746848847,Neutral (N=0),0.7043065746848847,0.0
BENEFITGOV_W49,high,0.4655582046848846,Neutral (N=0),0.4655582046848846,0.0
CONCERNCO_W49,low,0.6090945462069298,Neutral (N=0),0.6090945462069298,0.0
CONCERNCO_W49,high,0.4473033762069295,Neutral (N=0),0.4473033762069295,0.0
CONCERNGRPa_W49,low,0.39345110519084914,Neutral (N=0),0.39345110519084914,0.0
CONCERNGRPa_W49,high,0.49393804155798415,Neutral (N=0),0.49393804155798415,0.0
CONCERNGRPc_W49,low,0.4808153570387594,Neutral (N=0),0.4808153570387594,0.0
CONCERNGRPc_W49,high,0.4387820070387593,Neutral (N=0),0.4387820070387593,0.0
CONTROLCO_W49,low,0.5585361320463527,Neutral (N=0),0.5585361320463527,0.0
CONTROLCO_W49,high,0.5247310103841594,Neutral (N=0),0.5247310103841594,0.0
CONTROLGRPc_W49,low,0.7771212601849368,Neutral (N=0),0.7771212601849368,0.0
CONTROLGRPc_W49,high,0.5590580901849368,Neutral (N=0),0.5590580901849368,0.0
DATAUSEd_W49,low,0.4145329999990425,Neutral (N=0),0.4145329999990425,0.0
DATAUSEd_W49,high,0.5171909099990424,Neutral (N=0),0.5171909099990424,0.0
FACE3c_W49,low,0.9912429599124295,Neutral (N=0),0.9912429599124295,0.0
FACE3c_W49,high,1.0223134799991036,Neutral (N=0),1.0223134799991036,0.0
GOVREGV1_W49,low,0.20936811791815602,Neutral (N=0),0.20936811791815602,0.0
GOVREGV1_W49,high,0.11164472001315245,Neutral (N=0),0.11164472001315245,0.0
HOMEASSIST2_W49,low,0.6178353090464621,Neutral (N=0),0.6178353090464621,0.0
HOMEASSIST2_W49,high,0.5789180123037437,Neutral (N=0),0.5789180123037437,0.0
HOMEASSIST3_W49,low,0.5827113489053684,Neutral (N=0),0.5827113489053684,0.0
HOMEASSIST3_W49,high,0.6027103054085508,Neutral (N=0),0.6027103054085508,0.0
HOMEASSIST4_W49,low,1.130867898691321,Neutral (N=0),1.130867898691321,0.0
HOMEASSIST4_W49,high,1.367025325926182,Neutral (N=0),1.367025325926182,0.0
PP5e_W49,low,0.6985178830501989,Neutral (N=0),0.6985178830501989,0.0
PP5e_W49,high,0.5740065358461985,Neutral (N=0),0.5740065358461985,0.0
PWMAN2_W49,low,1.7537611806965576,Neutral (N=0),1.7537611806965576,0.0
PWMAN2_W49,high,1.6277137959796462,Neutral (N=0),1.6277137959796462,0.0
SMARTAPP_W49,low,0.8944076690713444,Neutral (N=0),0.8944076690713444,0.0
SMARTAPP_W49,high,0.7842059290713445,Neutral (N=0),0.7842059290713445,0.0
TRACKCO1a_W49,low,0.7454590225052853,Neutral (N=0),0.7454590225052853,0.0
TRACKCO1a_W49,high,0.4838852507060437,Neutral (N=0),0.4838852507060437,0.0
TRACKCO1b_W49,low,1.2511367649390195,Neutral (N=0),1.2511367649390195,0.0
TRACKCO1b_W49,high,0.9957820861620853,Neutral (N=0),0.9957820861620853,0.0
TRACKGOV1a_W49,low,1.139382580001218,Neutral (N=0),1.139382580001218,0.0
TRACKGOV1a_W49,high,0.944824940001218,Neutral (N=0),0.944824940001218,0.0
TRACKGOV1b_W49,low,1.0741376390378914,Neutral (N=0),1.0741376390378914,0.0
TRACKGOV1b_W49,high,0.8345899614333682,Neutral (N=0),0.8345899614333682,0.0
COHABDUR_W50,low,2.194192851862937,Neutral (N=0),2.194192851862937,0.0
COHABDUR_W50,high,1.9191421999591602,Neutral (N=0),1.9191421999591602,0.0
DNA2b_W50,low,0.23374708480135384,Neutral (N=0),0.23374708480135384,0.0
DNA2b_W50,high,0.23459677480135385,Neutral (N=0),0.23459677480135385,0.0
DNA5_W50,low,0.241135409933749,Neutral (N=0),0.241135409933749,0.0
DNA5_W50,high,0.120304279933749,Neutral (N=0),0.120304279933749,0.0
E5MOD_W50,low,0.43294281736982826,Neutral (N=0),0.43294281736982826,0.0
E5MOD_W50,high,0.15679920736982822,Neutral (N=0),0.15679920736982822,0.0
FAMSURV10c_W50,low,0.8435360716290808,Neutral (N=0),0.8435360716290808,0.0
FAMSURV10c_W50,high,0.6322022037424195,Neutral (N=0),0.6322022037424195,0.0
FAMSURV16_W50,low,0.21058107832408354,Neutral (N=0),0.21058107832408354,0.0
FAMSURV16_W50,high,0.19800471832408356,Neutral (N=0),0.19800471832408356,0.0
FAMSURV1_W50,low,0.1070118541510508,Neutral (N=0),0.1070118541510508,0.0
FAMSURV1_W50,high,0.2815351417265994,Neutral (N=0),0.2815351417265994,0.0
FAMSURV20_W50,low,0.07317979546859738,Neutral (N=0),0.07317979546859738,0.0
FAMSURV20_W50,high,0.09211039453140263,Neutral (N=0),0.09211039453140263,0.0
FAMSURV23b_W50,low,0.6163058161659231,Neutral (N=0),0.6163058161659231,0.0
FAMSURV23b_W50,high,0.3475729065214058,Neutral (N=0),0.3475729065214058,0.0
FAMSURV23c_W50,low,0.4152253500246478,Neutral (N=0),0.4152253500246478,0.0
FAMSURV23c_W50,high,0.0682724000246477,Neutral (N=0),0.0682724000246477,0.0
FAMSURV23d_W50,low,0.32087015804547847,Neutral (N=0),0.32087015804547847,0.0
FAMSURV23d_W50,high,0.12686112994126753,Neutral (N=0),0.12686112994126753,0.0
FAMSURV23e_W50,low,1.0492728868250318,Neutral (N=0),1.0492728868250318,0.0
FAMSURV23e_W50,high,0.8627131475859846,Neutral (N=0),0.8627131475859846,0.0
FAMSURV23f_W50,low,0.7586708687240697,Neutral (N=0),0.7586708687240697,0.0
FAMSURV23f_W50,high,0.5866378497330839,Neutral (N=0),0.5866378497330839,0.0
FAMSURV23g_W50,low,0.6683342100288489,Neutral (N=0),0.6683342100288489,0.0
FAMSURV23g_W50,high,0.7496544400288487,Neutral (N=0),0.7496544400288487,0.0
FAMSURV26a_W50,low,0.5523420219918087,Neutral (N=0),0.5523420219918087,0.0
FAMSURV26a_W50,high,0.6056185259638724,Neutral (N=0),0.6056185259638724,0.0
FAMSURV26b_W50,low,0.4482705882762979,Neutral (N=0),0.4482705882762979,0.0
FAMSURV26b_W50,high,0.490388151027676,Neutral (N=0),0.490388151027676,0.0
FAMSURV26c_W50,low,0.3950976148320573,Neutral (N=0),0.3950976148320573,0.0
FAMSURV26c_W50,high,0.5091780253487604,Neutral (N=0),0.5091780253487604,0.0
FAMSURV26d_W50,low,0.3507976612660264,Neutral (N=0),0.3507976612660264,0.0
FAMSURV26d_W50,high,0.5313595387830656,Neutral (N=0),0.5313595387830656,0.0
FAMSURV29_W50,low,0.7352169228898646,Neutral (N=0),0.7352169228898646,0.0
FAMSURV29_W50,high,0.7064720928898646,Neutral (N=0),0.7064720928898646,0.0
FAMSURV2Ma_W50,low,0.5146980000001925,Neutral (N=0),0.5146980000001925,0.0
FAMSURV2Ma_W50,high,0.40830406000019254,Neutral (N=0),0.40830406000019254,0.0
FAMSURV2Mc_W50,low,0.48176035000021733,Neutral (N=0),0.48176035000021733,0.0
FAMSURV2Mc_W50,high,0.3846748800002175,Neutral (N=0),0.3846748800002175,0.0
FAMSURV2Wa_W50,low,0.5163440600007108,Neutral (N=0),0.5163440600007108,0.0
FAMSURV2Wa_W50,high,0.3951135000007107,Neutral (N=0),0.3951135000007107,0.0
FAMSURV2Wc_W50,low,0.4824325351753843,Neutral (N=0),0.4824325351753843,0.0
FAMSURV2Wc_W50,high,0.403469399999758,Neutral (N=0),0.403469399999758,0.0
FAMSURV32e_W50,low,0.8651697087391378,Neutral (N=0),0.8651697087391378,0.0
FAMSURV32e_W50,high,0.5091510887391377,Neutral (N=0),0.5091510887391377,0.0
FAMSURV39_W50,low,0.7116206871162072,Neutral (N=0),0.7116206871162072,0.0
FAMSURV39_W50,high,0.6804590479646964,Neutral (N=0),0.6804590479646964,0.0
FAMSURV3_W50,low,0.2892667801227854,Neutral (N=0),0.2892667801227854,0.0
FAMSURV3_W50,high,0.17192576540584903,Neutral (N=0),0.17192576540584903,0.0
FAMSURV40_W50,low,1.3396202633962027,Neutral (N=0),1.3396202633962027,0.0
FAMSURV40_W50,high,1.790919149958798,Neutral (N=0),1.790919149958798,0.0
FAMSURV43_W50,low,0.3957380659372669,Neutral (N=0),0.3957380659372669,0.0
FAMSURV43_W50,high,0.4390658359372668,Neutral (N=0),0.4390658359372668,0.0
FAMSURV44_W50,low,1.2870077386798133,Neutral (N=0),1.2870077386798133,0.0
FAMSURV44_W50,high,0.9934426428332118,Neutral (N=0),0.9934426428332118,0.0
FAMSURV6_W50,low,0.7440871742550748,Neutral (N=0),0.7440871742550748,0.0
FAMSURV6_W50,high,0.770637207833512,Neutral (N=0),0.770637207833512,0.0
FAMSURV9c_W50,low,0.8349365499981226,Neutral (N=0),0.8349365499981226,0.0
FAMSURV9c_W50,high,0.5858190199981226,Neutral (N=0),0.5858190199981226,0.0
FATHER_W50,low,0.520557840365409,Neutral (N=0),0.520557840365409,0.0
FATHER_W50,high,0.46488843036540906,Neutral (N=0),0.46488843036540906,0.0
HAVEKIDS1_W50,low,0.299460690219123,Neutral (N=0),0.299460690219123,0.0
HAVEKIDS1_W50,high,0.27872005021912283,Neutral (N=0),0.27872005021912283,0.0
MARRDUR_W50,low,1.7754575369564627,Neutral (N=0),1.7754575369564627,0.0
MARRDUR_W50,high,2.354560342956755,Neutral (N=0),2.354560342956755,0.0
MARRYPREF1_W50,low,0.32580523998102606,Neutral (N=0),0.32580523998102606,0.0
MARRYPREF1_W50,high,0.348001989981026,Neutral (N=0),0.348001989981026,0.0
MARRYPREF2_W50,low,0.33800724170986995,Neutral (N=0),0.33800724170986995,0.0
MARRYPREF2_W50,high,0.3338956001011852,Neutral (N=0),0.3338956001011852,0.0
MOTHER_W50,low,0.3743390099281281,Neutral (N=0),0.3743390099281281,0.0
MOTHER_W50,high,0.34367862992812803,Neutral (N=0),0.34367862992812803,0.0
PAR1_W50,low,0.20128225487264026,Neutral (N=0),0.20128225487264026,0.0
PAR1_W50,high,0.15258514487264033,Neutral (N=0),0.15258514487264033,0.0
PAR2_W50,low,0.11568881307450743,Neutral (N=0),0.11568881307450743,0.0
PAR2_W50,high,0.07058847236331711,Neutral (N=0),0.07058847236331711,0.0
ROMRELDUR_W50,low,3.0525832213153845,Neutral (N=0),3.0525832213153845,0.0
ROMRELDUR_W50,high,2.7667450915429974,Neutral (N=0),2.7667450915429974,0.0
ROMRELSER_W50,low,0.5779402405146391,Neutral (N=0),0.5779402405146391,0.0
ROMRELSER_W50,high,0.494300610514639,Neutral (N=0),0.494300610514639,0.0
SATLIFEc_W50,low,0.539250326238216,Neutral (N=0),0.539250326238216,0.0
SATLIFEc_W50,high,0.49024091014636445,Neutral (N=0),0.49024091014636445,0.0
ECIMPg_W54,low,0.07312457073148432,Neutral (N=0),0.07312457073148432,0.0
ECIMPg_W54,high,0.13139385131417708,Neutral (N=0),0.13139385131417708,0.0
ECON1_W54,low,0.6163202398314505,Neutral (N=0),0.6163202398314505,0.0
ECON1_W54,high,0.9081076289546641,Neutral (N=0),0.9081076289546641,0.0
ECON3_d_W54,low,0.728262126140188,Neutral (N=0),0.728262126140188,0.0
ECON3_d_W54,high,0.6783400161401882,Neutral (N=0),0.6783400161401882,0.0
ECON4_a_W54,low,0.9627680699633151,Neutral (N=0),0.9627680699633151,0.0
ECON4_a_W54,high,0.7047301099633151,Neutral (N=0),0.7047301099633151,0.0
ECON4_b_W54,low,0.8068570280871427,Neutral (N=0),0.8068570280871427,0.0
ECON4_b_W54,high,0.9183696600123816,Neutral (N=0),0.9183696600123816,0.0
ECON4_e_W54,low,1.031570361282828,Neutral (N=0),1.031570361282828,0.0
ECON4_e_W54,high,0.9892613713037244,Neutral (N=0),0.9892613713037244,0.0
ECON4_f_W54,low,1.2867624600563496,Neutral (N=0),1.2867624600563496,0.0
ECON4_f_W54,high,0.7381668200563498,Neutral (N=0),0.7381668200563498,0.0
ECON4_g_W54,low,0.8181148317327658,Neutral (N=0),0.8181148317327658,0.0
ECON4_g_W54,high,0.4602551082670231,Neutral (N=0),0.4602551082670231,0.0
ECON5_b_W54,low,0.7704486907823712,Neutral (N=0),0.7704486907823712,0.0
ECON5_b_W54,high,0.4393831757823712,Neutral (N=0),0.4393831757823712,0.0
ECON5_c_W54,low,0.6946823909675789,Neutral (N=0),0.6946823909675789,0.0
ECON5_c_W54,high,0.7503608187759436,Neutral (N=0),0.7503608187759436,0.0
ECON5_d_W54,low,0.5730382846630332,Neutral (N=0),0.5730382846630332,0.0
ECON5_d_W54,high,0.9400003296630333,Neutral (N=0),0.9400003296630333,0.0
ECON5_e_W54,low,0.753976695,Neutral (N=0),0.753976695,0.0
ECON5_e_W54,high,0.711426285,Neutral (N=0),0.711426285,0.0
ECON5_f_W54,low,0.720109606544911,Neutral (N=0),0.720109606544911,0.0
ECON5_f_W54,high,0.7608083341250866,Neutral (N=0),0.7608083341250866,0.0
ECON5_g_W54,low,0.6803149847502064,Neutral (N=0),0.6803149847502064,0.0
ECON5_g_W54,high,0.6587032697502065,Neutral (N=0),0.6587032697502065,0.0
ECON5_h_W54,low,0.6556796037549789,Neutral (N=0),0.6556796037549789,0.0
ECON5_h_W54,high,0.9191910711198643,Neutral (N=0),0.9191910711198643,0.0
ECON5_i_W54,low,0.8671160449833571,Neutral (N=0),0.8671160449833571,0.0
ECON5_i_W54,high,0.8393607349833571,Neutral (N=0),0.8393607349833571,0.0
ECON5_j_W54,low,0.6216654250389642,Neutral (N=0),0.6216654250389642,0.0
ECON5_j_W54,high,0.6533346750389643,Neutral (N=0),0.6533346750389643,0.0
ECON5_k_W54,low,0.48154632237220063,Neutral (N=0),0.48154632237220063,0.0
ECON5_k_W54,high,0.34187864017456837,Neutral (N=0),0.34187864017456837,0.0
FIN_SIT_W54,low,0.8146591545925114,Neutral (N=0),0.8146591545925114,0.0
FIN_SIT_W54,high,0.6276008045925114,Neutral (N=0),0.6276008045925114,0.0
GOVPRIORITYb_W54,low,0.49271643767740203,Neutral (N=0),0.49271643767740203,0.0
GOVPRIORITYb_W54,high,0.5198807605592439,Neutral (N=0),0.5198807605592439,0.0
GOVPRIORITYc_W54,low,0.5888965599999831,Neutral (N=0),0.5888965599999831,0.0
GOVPRIORITYc_W54,high,0.9986225199999834,Neutral (N=0),0.9986225199999834,0.0
GOVPRIORITYd_W54,low,0.738073559999932,Neutral (N=0),0.738073559999932,0.0
GOVPRIORITYd_W54,high,0.8384053999999321,Neutral (N=0),0.8384053999999321,0.0
GOVPRIORITYf_W54,low,0.4984747399997572,Neutral (N=0),0.4984747399997572,0.0
GOVPRIORITYf_W54,high,0.5921483159212619,Neutral (N=0),0.5921483159212619,0.0
INEQ11_W54,low,0.041788579302300774,Neutral (N=0),0.041788579302300774,0.0
INEQ11_W54,high,0.1781244993023008,Neutral (N=0),0.1781244993023008,0.0
INEQ1_W54,low,0.32855893499999994,Neutral (N=0),0.32855893499999994,0.0
INEQ1_W54,high,0.20137426701376554,Neutral (N=0),0.20137426701376554,0.0
INEQ4_a_W54,low,0.5564722447580699,Neutral (N=0),0.5564722447580699,0.0
INEQ4_a_W54,high,0.5358185399964924,Neutral (N=0),0.5358185399964924,0.0
INEQ5_a_W54,low,0.7011080029827939,Neutral (N=0),0.7011080029827939,0.0
INEQ5_a_W54,high,0.6187567099999998,Neutral (N=0),0.6187567099999998,0.0
INEQ5_d_W54,low,0.8205372300000002,Neutral (N=0),0.8205372300000002,0.0
INEQ5_d_W54,high,1.04514292,Neutral (N=0),1.04514292,0.0
INEQ5_e_W54,low,0.7143660349038852,Neutral (N=0),0.7143660349038852,0.0
INEQ5_e_W54,high,0.8327018073869292,Neutral (N=0),0.8327018073869292,0.0
INEQ5_f_W54,low,0.6955510373241341,Neutral (N=0),0.6955510373241341,0.0
INEQ5_f_W54,high,0.6959188773278127,Neutral (N=0),0.6959188773278127,0.0
INEQ5_h_W54,low,0.6929340469303878,Neutral (N=0),0.6929340469303878,0.0
INEQ5_h_W54,high,0.7456702074577495,Neutral (N=0),0.7456702074577495,0.0
INEQ5_i_W54,low,0.6663944095604324,Neutral (N=0),0.6663944095604324,0.0
INEQ5_i_W54,high,0.6663963395604324,Neutral (N=0),0.6663963395604324,0.0
INEQ5_k_W54,low,0.7262931666403751,Neutral (N=0),0.7262931666403751,0.0
INEQ5_k_W54,high,0.8030784866403752,Neutral (N=0),0.8030784866403752,0.0
INEQ5_l_W54,low,1.0856361900020073,Neutral (N=0),1.0856361900020073,0.0
INEQ5_l_W54,high,0.8704098600020075,Neutral (N=0),0.8704098600020075,0.0
INEQ5_m_W54,low,1.0402555599980305,Neutral (N=0),1.0402555599980305,0.0
INEQ5_m_W54,high,0.7544629899980306,Neutral (N=0),0.7544629899980306,0.0
INEQ8_a_W54,low,0.782112450000188,Neutral (N=0),0.782112450000188,0.0
INEQ8_a_W54,high,0.897958820000188,Neutral (N=0),0.897958820000188,0.0
INEQ8_b_W54,low,0.8397595200027309,Neutral (N=0),0.8397595200027309,0.0
INEQ8_b_W54,high,0.9047539009538264,Neutral (N=0),0.9047539009538264,0.0
INEQ8_c_W54,low,0.8343019199535064,Neutral (N=0),0.8343019199535064,0.0
INEQ8_c_W54,high,0.9329237499535064,Neutral (N=0),0.9329237499535064,0.0
INEQ8_d_W54,low,0.835339220003802,Neutral (N=0),0.835339220003802,0.0
INEQ8_d_W54,high,0.8930538300038019,Neutral (N=0),0.8930538300038019,0.0
INEQ8_f_W54,low,0.7781518700003569,Neutral (N=0),0.7781518700003569,0.0
INEQ8_f_W54,high,0.8195244518047555,Neutral (N=0),0.8195244518047555,0.0
INEQ8_g_W54,low,0.7661323,Neutral (N=0),0.7661323,0.0
INEQ8_g_W54,high,0.9082749200000001,Neutral (N=0),0.9082749200000001,0.0
INEQ8_h_W54,low,1.8104669916673537,Neutral (N=0),1.8104669916673537,0.0
INEQ8_h_W54,high,1.4381963443059709,Neutral (N=0),1.4381963443059709,0.0
INEQ8_i_W54,low,0.7577240200173556,Neutral (N=0),0.7577240200173556,0.0
INEQ8_i_W54,high,0.936569519386522,Neutral (N=0),0.936569519386522,0.0
INEQ8_j_W54,low,0.7340922799565403,Neutral (N=0),0.7340922799565403,0.0
INEQ8_j_W54,high,0.9314544699565404,Neutral (N=0),0.9314544699565404,0.0
JOBTRAIN_W54,low,0.6681125866811886,Neutral (N=0),0.6681125866811886,0.0
JOBTRAIN_W54,high,0.5830706300000418,Neutral (N=0),0.5830706300000418,0.0
WORRY2a_W54,low,1.1871554681284455,Neutral (N=0),1.1871554681284455,0.0
WORRY2a_W54,high,0.4206389714539376,Neutral (N=0),0.4206389714539376,0.0
WORRY2b_W54,low,1.682224764114825,Neutral (N=0),1.682224764114825,0.0
WORRY2b_W54,high,0.8234835654685363,Neutral (N=0),0.8234835654685363,0.0
WORRY2c_W54,low,1.8437633813474084,Neutral (N=0),1.8437633813474084,0.0
WORRY2c_W54,high,0.4974027306459411,Neutral (N=0),0.4974027306459411,0.0
WORRY2d_W54,low,0.9752476934801831,Neutral (N=0),0.9752476934801831,0.0
WORRY2d_W54,high,0.65182233484899,Neutral (N=0),0.65182233484899,0.0
WORRY2e_W54,low,1.2579253300000002,Neutral (N=0),1.2579253300000002,0.0
WORRY2e_W54,high,0.7869977000000002,Neutral (N=0),0.7869977000000002,0.0
GAP21Q10_W82,low,0.19702218324256654,Neutral (N=0),0.19702218324256654,0.0
GAP21Q10_W82,high,0.19746151908298265,Neutral (N=0),0.19746151908298265,0.0
GAP21Q13_b_W82,low,0.5745483156608112,Neutral (N=0),0.5745483156608112,0.0
GAP21Q13_b_W82,high,0.5800598457159264,Neutral (N=0),0.5800598457159264,0.0
GAP21Q15_a_W82,low,0.9446250368548972,Neutral (N=0),0.9446250368548972,0.0
GAP21Q15_a_W82,high,0.9364337268548972,Neutral (N=0),0.9364337268548972,0.0
GAP21Q15_b_W82,low,0.8406021618736816,Neutral (N=0),0.8406021618736816,0.0
GAP21Q15_b_W82,high,0.5148062718736817,Neutral (N=0),0.5148062718736817,0.0
GAP21Q15_c_W82,low,0.9746407193908695,Neutral (N=0),0.9746407193908695,0.0
GAP21Q15_c_W82,high,0.6785305896049583,Neutral (N=0),0.6785305896049583,0.0
GAP21Q15_d_W82,low,0.7305624401140657,Neutral (N=0),0.7305624401140657,0.0
GAP21Q15_d_W82,high,0.6537665600946337,Neutral (N=0),0.6537665600946337,0.0
GAP21Q15_e_W82,low,0.6739557283258698,Neutral (N=0),0.6739557283258698,0.0
GAP21Q15_e_W82,high,0.42277849656530986,Neutral (N=0),0.42277849656530986,0.0
GAP21Q15_f_W82,low,0.7202272198599339,Neutral (N=0),0.7202272198599339,0.0
GAP21Q15_f_W82,high,0.6763787630821396,Neutral (N=0),0.6763787630821396,0.0
GAP21Q17_W82,low,0.26915053463082916,Neutral (N=0),0.26915053463082916,0.0
GAP21Q17_W82,high,0.13421139463082907,Neutral (N=0),0.13421139463082907,0.0
GAP21Q19_a_W82,low,0.9005717199875249,Neutral (N=0),0.9005717199875249,0.0
GAP21Q19_a_W82,high,0.9117249808677802,Neutral (N=0),0.9117249808677802,0.0
GAP21Q19_b_W82,low,0.6273085837265827,Neutral (N=0),0.6273085837265827,0.0
GAP21Q19_b_W82,high,0.60806945,Neutral (N=0),0.60806945,0.0
GAP21Q19_c_W82,low,0.6106223400348301,Neutral (N=0),0.6106223400348301,0.0
GAP21Q19_c_W82,high,0.7140417800348301,Neutral (N=0),0.7140417800348301,0.0
GAP21Q19_d_W82,low,0.7154470899637739,Neutral (N=0),0.7154470899637739,0.0
GAP21Q19_d_W82,high,0.6416501799637739,Neutral (N=0),0.6416501799637739,0.0
GAP21Q19_e_W82,low,0.24476684750547864,Neutral (N=0),0.24476684750547864,0.0
GAP21Q19_e_W82,high,0.4481865883354278,Neutral (N=0),0.4481865883354278,0.0
GAP21Q21_a_W82,low,0.757086157582316,Neutral (N=0),0.757086157582316,0.0
GAP21Q21_a_W82,high,0.3923170700057239,Neutral (N=0),0.3923170700057239,0.0
GAP21Q21_e_W82,low,0.29414815685709617,Neutral (N=0),0.29414815685709617,0.0
GAP21Q21_e_W82,high,0.1580977131323486,Neutral (N=0),0.1580977131323486,0.0
GAP21Q23_W82,low,0.7226174700001704,Neutral (N=0),0.7226174700001704,0.0
GAP21Q23_W82,high,0.9999297500001705,Neutral (N=0),0.9999297500001705,0.0
GAP21Q24_W82,low,0.7883287500664664,Neutral (N=0),0.7883287500664664,0.0
GAP21Q24_W82,high,0.9008272600664665,Neutral (N=0),0.9008272600664665,0.0
GAP21Q25_W82,low,0.6101529038707061,Neutral (N=0),0.6101529038707061,0.0
GAP21Q25_W82,high,0.73751955997532,Neutral (N=0),0.73751955997532,0.0
GAP21Q26_a_W82,low,0.7824511800381589,Neutral (N=0),0.7824511800381589,0.0
GAP21Q26_a_W82,high,0.6830723400381588,Neutral (N=0),0.6830723400381588,0.0
GAP21Q26_b_W82,low,0.6517230224016478,Neutral (N=0),0.6517230224016478,0.0
GAP21Q26_b_W82,high,0.6803315461546423,Neutral (N=0),0.6803315461546423,0.0
GAP21Q26_c_W82,low,0.6269387402034432,Neutral (N=0),0.6269387402034432,0.0
GAP21Q26_c_W82,high,0.6497410002034433,Neutral (N=0),0.6497410002034433,0.0
GAP21Q27_W82,low,0.21725827211894344,Neutral (N=0),0.21725827211894344,0.0
GAP21Q27_W82,high,0.18503154711894354,Neutral (N=0),0.18503154711894354,0.0
GAP21Q28_W82,low,0.6784186777900365,Neutral (N=0),0.6784186777900365,0.0
GAP21Q28_W82,high,0.6910793509144089,Neutral (N=0),0.6910793509144089,0.0
GAP21Q31_W82,low,0.2022346751561912,Neutral (N=0),0.2022346751561912,0.0
GAP21Q31_W82,high,0.1789097951561915,Neutral (N=0),0.1789097951561915,0.0
GAP21Q32_W82,low,0.7399098500000002,Neutral (N=0),0.7399098500000002,0.0
GAP21Q32_W82,high,0.7513524300000002,Neutral (N=0),0.7513524300000002,0.0
GAP21Q33_c_W82,low,0.5117203548827964,Neutral (N=0),0.5117203548827964,0.0
GAP21Q33_c_W82,high,0.4916204400010241,Neutral (N=0),0.4916204400010241,0.0
GAP21Q33_g_W82,low,0.600360009944898,Neutral (N=0),0.600360009944898,0.0
GAP21Q33_g_W82,high,0.5254665899448979,Neutral (N=0),0.5254665899448979,0.0
GAP21Q33_i_W82,low,0.6016586981504035,Neutral (N=0),0.6016586981504035,0.0
GAP21Q33_i_W82,high,0.5244553510669083,Neutral (N=0),0.5244553510669083,0.0
GAP21Q33_j_W82,low,0.7603805600000001,Neutral (N=0),0.7603805600000001,0.0
GAP21Q33_j_W82,high,0.70765224,Neutral (N=0),0.70765224,0.0
GAP21Q33_m_W82,low,0.34577581,Neutral (N=0),0.34577581,0.0
GAP21Q33_m_W82,high,0.30378767684880104,Neutral (N=0),0.30378767684880104,0.0
GAP21Q33_n_W82,low,0.43914229565190144,Neutral (N=0),0.43914229565190144,0.0
GAP21Q33_n_W82,high,0.4825503500866488,Neutral (N=0),0.4825503500866488,0.0
GAP21Q33_q_W82,low,0.5434276699997576,Neutral (N=0),0.5434276699997576,0.0
GAP21Q33_q_W82,high,0.4263868699997577,Neutral (N=0),0.4263868699997577,0.0
GAP21Q33_r_W82,low,0.25364587960682417,Neutral (N=0),0.25364587960682417,0.0
GAP21Q33_r_W82,high,0.17129323544303873,Neutral (N=0),0.17129323544303873,0.0
GAP21Q33_s_W82,low,0.42618320500336104,Neutral (N=0),0.42618320500336104,0.0
GAP21Q33_s_W82,high,0.24134696500112038,Neutral (N=0),0.24134696500112038,0.0
GAP21Q34_a_W82,low,0.837190538371953,Neutral (N=0),0.837190538371953,0.0
GAP21Q34_a_W82,high,0.8820146999999998,Neutral (N=0),0.8820146999999998,0.0
GAP21Q34_b_W82,low,0.8579473500007186,Neutral (N=0),0.8579473500007186,0.0
GAP21Q34_b_W82,high,0.8258833200007186,Neutral (N=0),0.8258833200007186,0.0
GAP21Q34_c_W82,low,0.8823495500094507,Neutral (N=0),0.8823495500094507,0.0
GAP21Q34_c_W82,high,0.9125245100094506,Neutral (N=0),0.9125245100094506,0.0
GAP21Q34_d_W82,low,0.8667365300001704,Neutral (N=0),0.8667365300001704,0.0
GAP21Q34_d_W82,high,0.8238885000001703,Neutral (N=0),0.8238885000001703,0.0
GAP21Q34_e_W82,low,0.8358887283588874,Neutral (N=0),0.8358887283588874,0.0
GAP21Q34_e_W82,high,0.8755244899988669,Neutral (N=0),0.8755244899988669,0.0
GAP21Q34_f_W82,low,0.8534083014655993,Neutral (N=0),0.8534083014655993,0.0
GAP21Q34_f_W82,high,0.9153220699997278,Neutral (N=0),0.9153220699997278,0.0
GAP21Q38_a_W82,low,0.6367279202516477,Neutral (N=0),0.6367279202516477,0.0
GAP21Q38_a_W82,high,0.6315898102516477,Neutral (N=0),0.6315898102516477,0.0
GAP21Q38_b_W82,low,0.7523341324785288,Neutral (N=0),0.7523341324785288,0.0
GAP21Q38_b_W82,high,0.7996163679984494,Neutral (N=0),0.7996163679984494,0.0
GAP21Q38_c_W82,low,0.7549310200000001,Neutral (N=0),0.7549310200000001,0.0
GAP21Q38_c_W82,high,0.8839634700000002,Neutral (N=0),0.8839634700000002,0.0
GAP21Q41_W82,low,0.5965687799922055,Neutral (N=0),0.5965687799922055,0.0
GAP21Q41_W82,high,0.3942456699923386,Neutral (N=0),0.3942456699923386,0.0
GAP21Q43_g_W82,low,0.7424427299258101,Neutral (N=0),0.7424427299258101,0.0
GAP21Q43_g_W82,high,0.7469155274006725,Neutral (N=0),0.7469155274006725,0.0
GAP21Q47_W82,low,1.6643016,Neutral (N=0),1.6643016,0.0
GAP21Q47_W82,high,1.55258811,Neutral (N=0),1.55258811,0.0
GAP21Q4_a_W82,low,0.38410369774206987,Neutral (N=0),0.38410369774206987,0.0
GAP21Q4_a_W82,high,0.3843301218680437,Neutral (N=0),0.3843301218680437,0.0
GAP21Q4_b_W82,low,0.40630938087926277,Neutral (N=0),0.40630938087926277,0.0
GAP21Q4_b_W82,high,0.6174684408792628,Neutral (N=0),0.6174684408792628,0.0
GAP21Q4_c_W82,low,0.5520750455447218,Neutral (N=0),0.5520750455447218,0.0
GAP21Q4_c_W82,high,0.43960970002197375,Neutral (N=0),0.43960970002197375,0.0
GAP21Q4_d_W82,low,0.6123758961237591,Neutral (N=0),0.6123758961237591,0.0
GAP21Q4_d_W82,high,0.5145806799542917,Neutral (N=0),0.5145806799542917,0.0
GAP21Q4_e_W82,low,0.6708122325326455,Neutral (N=0),0.6708122325326455,0.0
GAP21Q4_e_W82,high,0.5490774399999998,Neutral (N=0),0.5490774399999998,0.0
GAP21Q4_f_W82,low,0.6704288600156286,Neutral (N=0),0.6704288600156286,0.0
GAP21Q4_f_W82,high,0.562918025652623,Neutral (N=0),0.562918025652623,0.0
GAP21Q7_a_W82,low,0.8088956102352275,Neutral (N=0),0.8088956102352275,0.0
GAP21Q7_a_W82,high,0.693325987286101,Neutral (N=0),0.693325987286101,0.0
GAP21Q7_b_W82,low,0.6683197375131418,Neutral (N=0),0.6683197375131418,0.0
GAP21Q7_b_W82,high,0.7443713689959333,Neutral (N=0),0.7443713689959333,0.0
GAP21Q7_d_W82,low,0.28185077755192045,Neutral (N=0),0.28185077755192045,0.0
GAP21Q7_d_W82,high,0.31958200755192046,Neutral (N=0),0.31958200755192046,0.0
BILLION_W92,low,0.225116545,Neutral (N=0),0.225116545,0.0
BILLION_W92,high,0.23398042733987878,Neutral (N=0),0.23398042733987878,0.0
CANDEXP_W92,low,0.6520303599986185,Neutral (N=0),0.6520303599986185,0.0
CANDEXP_W92,high,0.764656587645338,Neutral (N=0),0.764656587645338,0.0
ELECT_CONF3_PRVFR_W92,low,0.8340011655203621,Neutral (N=0),0.8340011655203621,0.0
ELECT_CONF3_PRVFR_W92,high,0.9106608955203621,Neutral (N=0),0.9106608955203621,0.0
ELECT_CONF3_PRVSUP_W92,low,0.6946603599012797,Neutral (N=0),0.6946603599012797,0.0
ELECT_CONF3_PRVSUP_W92,high,0.6930735368461178,Neutral (N=0),0.6930735368461178,0.0
ELECT_IMPT3_PRVFR_W92,low,0.775147847762709,Neutral (N=0),0.775147847762709,0.0
ELECT_IMPT3_PRVFR_W92,high,0.5617769300074872,Neutral (N=0),0.5617769300074872,0.0
FREECOLL_W92,low,0.6094344090544354,Neutral (N=0),0.6094344090544354,0.0
FREECOLL_W92,high,0.8371881992505781,Neutral (N=0),0.8371881992505781,0.0
GODMORALIMP_W92,low,0.9058896499997929,Neutral (N=0),0.9058896499997929,0.0
GODMORALIMP_W92,high,1.0527905099997932,Neutral (N=0),1.0527905099997932,0.0
LEGALIMMIGAMT_W92,low,0.7196636574428126,Neutral (N=0),0.7196636574428126,0.0
LEGALIMMIGAMT_W92,high,0.6666293157115594,Neutral (N=0),0.6666293157115594,0.0
POLINTOL2_a_W92,low,0.7434521082003647,Neutral (N=0),0.7434521082003647,0.0
POLINTOL2_a_W92,high,0.8665510905743825,Neutral (N=0),0.8665510905743825,0.0
PROG_RNEED_W92,low,0.54404805000006,Neutral (N=0),0.54404805000006,0.0
PROG_RNEED_W92,high,0.68485888000006,Neutral (N=0),0.68485888000006,0.0
RACESURV52MOD_W92,low,0.9335747993442853,Neutral (N=0),0.9335747993442853,0.0
RACESURV52MOD_W92,high,0.79383725794691,Neutral (N=0),0.79383725794691,0.0
REPRSNTDEM_W92,low,0.8527865595107986,Neutral (N=0),0.8527865595107986,0.0
REPRSNTDEM_W92,high,0.8070044983188551,Neutral (N=0),0.8070044983188551,0.0
REPRSNTREP_W92,low,0.7321465269744514,Neutral (N=0),0.7321465269744514,0.0
REPRSNTREP_W92,high,0.7570425769744512,Neutral (N=0),0.7570425769744512,0.0
SOCIETY_GUNS_W92,low,1.37228306,Neutral (N=0),1.37228306,0.0
SOCIETY_GUNS_W92,high,1.30977407,Neutral (N=0),1.30977407,0.0
SOCIETY_RELG_W92,low,0.8716815300084264,Neutral (N=0),0.8716815300084264,0.0
SOCIETY_RELG_W92,high,1.0366451600084265,Neutral (N=0),1.0366451600084265,0.0
SOCIETY_RHIST_W92,low,1.1531132306390972,Neutral (N=0),1.1531132306390972,0.0
SOCIETY_RHIST_W92,high,1.1159171306390974,Neutral (N=0),1.1159171306390974,0.0
SOCIETY_SSM_W92,low,1.4183264000000007,Neutral (N=0),1.4183264000000007,0.0
SOCIETY_SSM_W92,high,1.2142970600000003,Neutral (N=0),1.2142970600000003,0.0
SOCIETY_TRANS_W92,low,1.763880094527142,Neutral (N=0),1.763880094527142,0.0
SOCIETY_TRANS_W92,high,1.5081785245271417,Neutral (N=0),1.5081785245271417,0.0
SOCIETY_WHT_W92,low,0.6458747199997535,Neutral (N=0),0.6458747199997535,0.0
SOCIETY_WHT_W92,high,0.43492023565048965,Neutral (N=0),0.43492023565048965,0.0
UNIMMIGCOMM_W92,low,0.7936569295294932,Neutral (N=0),0.7936569295294932,0.0
UNIMMIGCOMM_W92,high,0.7888232875353529,Neutral (N=0),0.7888232875353529,0.0
USEXCEPT_W92,low,0.5053126000959434,Neutral (N=0),0.5053126000959434,0.0
USEXCEPT_W92,high,0.4541609300959434,Neutral (N=0),0.4541609300959434,0.0
USMILSIZ_W92,low,1.388328641814912,Neutral (N=0),1.388328641814912,0.0
USMILSIZ_W92,high,1.1194769839171377,Neutral (N=0),1.1194769839171377,0.0
WHADVANT_W92,low,1.0464807811297088,Neutral (N=0),1.0464807811297088,0.0
WHADVANT_W92,high,1.2161555644209736,Neutral (N=0),1.2161555644209736,0.0
CARRYGUN_W26,low,0.9137138300000001,Declared,0.9136522199992496,6.161000075044498e-05
CARRYGUN_W26,high,1.201746309992559,Declared,1.2017456799992496,6.29993309297916e-07
GROWUPGUN2A_W26,low,0.028524628673780028,Declared,0.3421122000690384,-0.3135875713952584
GROWUPGUN2A_W26,high,0.2346411421206882,Declared,0.43980611006903847,-0.20516496794835026
GROWUPGUN2B_W26,low,0.6451578699999999,Declared,0.341534639885395,0.3036232301146049
GROWUPGUN2B_W26,high,0.5909410105340333,Declared,0.349925409885395,0.24101560064863825
GROWUPGUN2C_W26,low,0.4819990700082959,Declared,0.5163672499678363,-0.034368179959540446
GROWUPGUN2C_W26,high,0.24253994999999995,Declared,0.5359508199678363,-0.2934108699678364
GROWUPGUN4_W26,low,0.52265535,Declared,0.5581838698726713,-0.03552851987267136
GROWUPGUN4_W26,high,0.5034100587951366,Declared,0.5618342498726714,-0.058424191077534826
GROWUPGUN6_W26,low,0.7523785108032239,Declared,0.6118251784940637,0.14055333230916023
GROWUPGUN6_W26,high,0.5271093624342229,Declared,0.659215716592157,-0.13210635415793415
GROWUPGUN7_W26,low,0.6358825976558804,Declared,0.9549095264106642,-0.3190269287547838
GROWUPGUN7_W26,high,0.7178959328210408,Declared,1.1298723545137181,-0.41197642169267734
GROWUPVIOL_W26,low,2.130289712518632,Declared,1.4041511440828067,0.7261385684358252
GROWUPVIOL_W26,high,0.5520464322771156,Declared,1.7517775940828066,-1.199731161805691
GUNACCESS_W26,low,1.4902789049031866,Declared,1.4902660649034014,1.2839999785185796e-05
GUNACCESS_W26,high,1.7367819726321083,Declared,1.7367670426327,1.492999940833073e-05
GUNACTIVITYA_W26,low,0.8721011686337398,Declared,0.85320623,0.01889493863373981
GUNACTIVITYA_W26,high,0.8556074716500572,Declared,0.8282032313923923,0.02740424025766497
GUNACTIVITYB_W26,low,0.47906698186109214,Declared,0.719464285638152,-0.24039730377705987
GUNACTIVITYB_W26,high,0.6635421199832816,Declared,0.6939066437770599,-0.030364523793778297
GUNCONTRIBA_W26,low,0.7294102527058977,Declared,0.7524129214987973,-0.023002668792899694
GUNCONTRIBA_W26,high,0.8851574606240772,Declared,0.8919344792671948,-0.006777018643117638
GUNCONTRIBC_W26,low,0.6932216938946902,Declared,0.9370357971384997,-0.24381410324380948
GUNCONTRIBC_W26,high,0.6904512269045122,Declared,0.6853009549453427,0.005150271959169506
GUNCONTRIBE_W26,low,1.029979720803671,Declared,1.1101961899969877,-0.08021646919331671
GUNCONTRIBE_W26,high,0.869211869979012,Declared,0.8692944499969876,-8.258001797556425e-05
GUNCONTRIBF_W26,low,0.6006216899786274,Declared,0.600296910031116,0.00032477994751145545
GUNCONTRIBF_W26,high,0.39624734998054617,Declared,0.5339474346812696,-0.13770008470072342
GUNFRIEND_W26,low,1.870899831291002,Declared,1.869316361372967,0.0015834699180348188
GUNFRIEND_W26,high,1.3065228512085088,Declared,1.8652950200826635,-0.5587721688741547
GUNIDENTITY_W26,low,0.8739906427845852,Declared,0.9337652700318447,-0.05977462724725957
GUNIDENTITY_W26,high,0.9235976400005661,Declared,0.9233004200318448,0.0002972199687213406
GUNLOADED1_W26,low,0.5875452800024854,Declared,0.586838750078938,0.000706529923547361
GUNLOADED1_W26,high,0.5417063532117057,Declared,0.6479738300789379,-0.10626747686723226
GUNLOADED2_W26,low,0.4082935200320817,Declared,0.40873892000051637,-0.00044539996843467877
GUNLOADED2_W26,high,0.25832597979343697,Declared,0.2686412200005164,-0.010315240207079412
GUNLOCKED1_W26,low,0.6948288197346024,Declared,0.6646412473925529,0.030187572342049496
GUNLOCKED1_W26,high,0.37552172669192596,Declared,0.6666605673925529,-0.2911388407006269
GUNLOCKED2_W26,low,0.6355972799771872,Declared,0.6302565304728855,0.005340749504301634
GUNLOCKED2_W26,high,0.49963458000105243,Declared,0.4937585904728856,0.005875989528166814
GUNRESPKIDSD_W26,low,1.4004532500006073,Declared,1.4004208,3.245000060725367e-05
GUNRESPKIDSD_W26,high,1.7149728028504612,Declared,1.7149525128500827,2.029000037850892e-05
GUNRESPKIDSE_W26,low,0.7812557900000748,Declared,0.781253699999954,2.0900001208579155e-06
GUNRESPKIDSE_W26,high,1.0191541401916064,Declared,1.019152800191528,1.3400000784535848e-06
GUNRESPNOKIDSA_W26,low,0.5517342500000002,Declared,0.5516657399979797,6.851000202046098e-05
GUNRESPNOKIDSA_W26,high,0.5416252354251408,Declared,0.5418204954171947,-0.00019525999205383116
GUNRESPNOKIDSB_W26,low,0.719785278715032,Declared,0.794276787874396,-0.07449150915936409
GUNRESPNOKIDSB_W26,high,0.809085088134735,Declared,0.8083445680150736,0.0007405201196614142
GUNRESPNOKIDSC_W26,low,0.4518173645808454,Declared,0.42313131481756827,0.028686049763277155
GUNRESPNOKIDSC_W26,high,0.3141448731414489,Declared,0.2856118934423695,0.02853297969907942
GUNRESPNOKIDSD_W26,low,1.463942269992391,Declared,1.4107915732042602,0.05315069678813078
GUNRESPNOKIDSD_W26,high,1.611270940036213,Declared,1.55967725320426,0.05159368683195309
GUNRESPNOKIDSE_W26,low,1.022466339999268,Declared,1.0207235000526516,0.0017428399466163924
GUNRESPNOKIDSE_W26,high,0.7928887800033287,Declared,0.7911753500526513,0.0017134299506774697
GUNRESPNOKIDSF_W26,low,0.8088549813638716,Declared,0.32150517396955114,0.48734980739432043
GUNRESPNOKIDSF_W26,high,0.602661141734448,Declared,0.3088178896486094,0.29384325208583856
GUNSAFETYKIDS_W26,low,0.40476440037926553,Declared,0.2377731974065227,0.16699120297274284
GUNSAFETYKIDS_W26,high,0.3652885029808672,Declared,0.24065226740652268,0.1246362355743445
GUNSAFE_W26,low,0.6084956699999999,Declared,0.16314780497467596,0.445347865025324
GUNSAFE_W26,high,0.18445163302318623,Declared,0.18853409806401084,-0.004082465040824601
GUNTYPEOWNC_W26,low,0.8461062800053052,Declared,0.8459823899957537,0.0001238900095514861
GUNTYPEOWNC_W26,high,1.2203584622050838,Declared,1.2202960822008375,6.238000424629853e-05
NOCARRYGUN_W26,low,0.5595211457899123,Declared,0.4771572566810043,0.08236388910890802
NOCARRYGUN_W26,high,0.6720677599999999,Declared,0.46527400668100427,0.20679375331899563
REASONGUNA_W26,low,0.3112426300197857,Declared,0.3112535500000001,-1.0919980214407765e-05
REASONGUNA_W26,high,0.47248628000000015,Declared,0.47247181000000016,1.4469999999988659e-05
REASONGUNB_W26,low,1.080438339054343,Declared,0.9177471508249578,0.16269118822938522
REASONGUNB_W26,high,0.95126315,Declared,1.0482700200029154,-0.09700687000291541
REASONGUNC_W26,low,0.8800025862881538,Declared,1.0495133894733502,-0.1695108031851964
REASONGUNC_W26,high,0.4470063401514338,Declared,0.8868593488433808,-0.439853008691947
REASONGUND_W26,low,0.6697184600104813,Declared,0.6620825203264004,0.007635939684080939
REASONGUND_W26,high,0.5873414400785512,Declared,0.5811452103264004,0.006196229752150728
REASONGUNE_W26,low,0.2805278499917904,Declared,0.3100442536310937,-0.0295164036393033
REASONGUNE_W26,high,0.20672689000314554,Declared,0.3839456036310937,-0.17721871362794817
SHOOTFREQ_W26,low,0.6954711700021217,Declared,0.6943704600113607,0.0011007099907609508
SHOOTFREQ_W26,high,0.8945950743903407,Declared,0.9411203105887969,-0.046525236198456166
WORRYB_W26,low,0.8534065837959581,Declared,0.4549147238120975,0.3984918599838606
WORRYB_W26,high,0.5481201203141135,Declared,0.4710419338120975,0.07707818650201598
WORRYD_W26,low,0.6543358799892056,Declared,0.6360389598143319,0.01829692017487372
WORRYD_W26,high,0.6575899600000001,Declared,1.3169311898143319,-0.6593412298143317
WORRYE_W26,low,0.702866873354295,Declared,0.4060486371540636,0.2968182362002314
WORRYE_W26,high,0.4097443011333028,Declared,0.4259244416193999,-0.016180140486097117
WORRYF_W26,low,0.6002771500430182,Declared,0.526173044575301,0.07410410546771717
WORRYF_W26,high,0.08026017132568429,Declared,0.6372129599999999,-0.5569527886743156
BOYSF1B_W29,low,0.31974633697354876,Declared,0.2295648997966604,0.09018143717688837
BOYSF1B_W29,high,0.31360298025166844,Declared,0.2611267847966604,0.052476195455008035
FAVORS_CPS_W29,low,0.8642208941435116,Declared,0.6689035667697967,0.19531732737371488
FAVORS_CPS_W29,high,1.0332617084581361,Declared,0.4626163652930755,0.5706453431650607
FEM2_W29,low,0.4585461050935589,Declared,0.47750902541202755,-0.018962920318468635
FEM2_W29,high,0.28389056736227136,Declared,0.3058678902438441,-0.021977322881572725
GIRLSF2C_W29,low,0.2622350759928341,Declared,0.21581921496295237,0.04641586102988171
GIRLSF2C_W29,high,0.2847208128100307,Declared,0.22299696782255304,0.061723844987477655
GIRLSF2D_W29,low,0.25734963757747525,Declared,0.2576658275742073,-0.0003161899967320525
GIRLSF2D_W29,high,0.19646999000052276,Declared,0.196398744996732,7.124500379077081e-05
GOPDIRCT_W29,low,0.9281121799946273,Declared,0.5252199745948707,0.40289220539975656
GOPDIRCT_W29,high,0.5902376740224213,Declared,0.1772709050075012,0.41296676901492013
HOOD_NHISB_W29,low,0.6589095399593242,Declared,0.6182570062608176,0.04065253369850663
HOOD_NHISB_W29,high,0.7315507073369748,Declared,0.5418069721260885,0.18974373521088628
LOCALELECT_W29,low,1.151067938484304,Declared,1.1496510484242837,0.001416890060020437
LOCALELECT_W29,high,0.8589163645495699,Declared,0.8351189283036659,0.023797436245904025
MAN1A_W29,low,0.39885848256855455,Declared,0.6465865102738224,-0.24772802770526786
MAN1A_W29,high,0.45151566968949786,Declared,0.5598564602738224,-0.10834079058432455
MAN1B_W29,low,0.8467625110483906,Declared,0.9625845400238788,-0.11582202897548821
MAN1B_W29,high,0.5973027918663883,Declared,1.050165510023879,-0.4528627181574906
MAN1C_W29,low,0.7385531573855315,Declared,0.7829323878232028,-0.044379230437671335
MAN1C_W29,high,0.9720121800509072,Declared,0.9742514799908184,-0.0022392999399112323
MAN1D_W29,low,0.9332317699869752,Declared,0.9333350900001567,-0.00010332001318147377
MAN1D_W29,high,0.743694509999272,Declared,0.7436996900001567,-5.18000088467474e-06
MAN1E_W29,low,0.42879421259603573,Declared,0.6824656527945533,-0.25367144019851756
MAN1E_W29,high,0.39382258425041855,Declared,0.5670583653532585,-0.17323578110283994
MASC2_W29,low,1.1218390302966819,Declared,0.5053522964615491,0.6164867338351327
MASC2_W29,high,0.38759175,Declared,0.5436683962629565,-0.15607664626295648
S12_W29,low,1.241721877423865,Declared,0.8185208611895335,0.4232010162343315
S12_W29,high,0.57632934,Declared,0.4255495053117513,0.15077983468824874
S13_W29,low,2.4149992710183774,Declared,0.9367159796610875,1.4782832913572899
S13_W29,high,1.0886648591480215,Declared,0.6783985602473313,0.4102662989006902
SEENFEM_W29,low,0.8964789506596114,Declared,0.913865320184027,-0.017386369524415635
SEENFEM_W29,high,0.7284280999544752,Declared,0.726103660184027,0.002324439770448161
SEENMASC_W29,low,0.7504284824228177,Declared,0.7511042324889577,-0.0006757500661400684
SEENMASC_W29,high,0.7667427200059164,Declared,0.7665917700023547,0.00015095000356168953
TALK_CPS_W29,low,1.3907594972806883,Declared,1.3044619618302815,0.08629753545040675
TALK_CPS_W29,high,1.0646534756719965,Declared,0.9761586618302813,0.0884948138417152
WORRYBILL_W29,low,1.0379863399857334,Declared,0.5105790149136553,0.5274073250720781
WORRYBILL_W29,high,0.7863635573893346,Declared,1.0873735677204248,-0.3010100103310902
CLASS_W32,low,1.2606455673888814,Declared,0.9182431808175682,0.3424023865713133
CLASS_W32,high,1.571903598549949,Declared,0.5810949783773006,0.9908086201726484
COMMIMPA_W32,low,0.7118809310138523,Declared,1.2041376481594375,-0.49225671714558517
COMMIMPA_W32,high,1.1175120800133693,Declared,1.111263940267752,0.0062481397456173315
COMMIMPB_W32,low,0.642567729971299,Declared,0.6416859100873502,0.0008818198839487534
COMMIMPB_W32,high,0.6231701200000002,Declared,0.6217371700873502,0.0014329499126499723
COMMIMPC_W32,low,0.7986110111214071,Declared,1.1727373117273732,-0.3741263006059661
COMMIMPC_W32,high,0.6559083056647844,Declared,1.2713815793628311,-0.6154732736980467
COMMIMPF_W32,low,0.8726540900140055,Declared,0.8485735207329214,0.024080569281084152
COMMIMPF_W32,high,1.0828235900076058,Declared,1.0591534607329214,0.02367012927468437
COMMIMPG_W32,low,0.9201017902298396,Declared,0.9227520514233594,-0.002650261193519743
COMMIMPG_W32,high,0.9224568147660733,Declared,0.9622166915978554,-0.03975987683178206
COMMIMPH_W32,low,0.7118052345634789,Declared,0.8220035200388869,-0.110198285475408
COMMIMPH_W32,high,0.6964177569641776,Declared,0.6974332870521067,-0.0010155300879290952
COMMYRS_W32,low,1.1558207309024935,Declared,0.7645502725426669,0.39127045835982655
COMMYRS_W32,high,1.4591431190024768,Declared,0.5960715473800248,0.8630715716224521
ETHNCMAJ_W32,low,0.21497952715034666,Declared,0.21496454215223476,1.4984998111894354e-05
ETHNCMAJ_W32,high,0.17634615499972423,Declared,0.17632428000230166,2.1874997422566267e-05
GAYMARR2_W32,low,1.0952393099999997,Declared,0.8694759137777501,0.2257633962222496
GAYMARR2_W32,high,0.9939853512270624,Declared,0.8120759837777503,0.1819093674493122
HARASS2F1_W32,low,0.4949446699999963,Declared,0.4949331699991687,1.1500000827613377e-05
HARASS2F1_W32,high,0.4134032449999861,Declared,0.41339156999916865,1.167500081744599e-05
IMMIMPACT_W32,low,0.12195240179928216,Declared,0.34731767506387334,-0.2253652732645912
IMMIMPACT_W32,high,0.29074650209464825,Declared,0.2895747071553515,0.0011717949392967553
MOVERURAL_W32,low,0.5425377918160863,Declared,0.6212492438599624,-0.07871145204387608
MOVERURAL_W32,high,0.8690233096690805,Declared,0.5308815635299602,0.3381417461391203
MOVESUBURB_W32,low,0.10011243711410117,Declared,0.4532156123246346,-0.3531031752105334
MOVESUBURB_W32,high,0.6915221994846167,Declared,0.38679779232463457,0.3047244071599821
MOVEURBAN_W32,low,0.6788883417068763,Declared,0.40044282866086245,0.27844551304601384
MOVEURBAN_W32,high,0.6316462687662443,Declared,0.3167952068320479,0.3148510619341964
NEIGHINTERA_W32,low,1.419818158797431,Declared,1.635931223663088,-0.21611306486565707
NEIGHINTERA_W32,high,0.7370148749233579,Declared,1.4369224967645309,-0.6999076218411729
NEIGHINTERB_W32,low,0.8487786983649938,Declared,0.958865798836029,-0.1100871004710352
NEIGHINTERB_W32,high,0.7030031515105886,Declared,0.6569331600339032,0.046069991476685335
NEIGHKIDS_W32,low,0.15441608,Declared,0.2594478884099023,-0.10503180840990228
NEIGHKIDS_W32,high,0.28184889520059025,Declared,0.15131163840990228,0.13053725679068798
NEIGHSAMEA_W32,low,1.3709405636574181,Declared,1.847477575180021,-0.47653701152260286
NEIGHSAMEA_W32,high,2.25324297635478,Declared,2.26155633341049,-0.008313357055710124
SATLIFED_W32,low,1.0703103693168052,Declared,0.6131748084943668,0.45713556082243845
SATLIFED_W32,high,0.8894135200200298,Declared,0.4789221457826438,0.410491374237386
SOCTRUST2_W32,low,0.4409864,Declared,0.5164272600125196,-0.0754408600125196
SOCTRUST2_W32,high,0.254792470082424,Declared,0.2560236300125196,-0.0012311599300955933
VALUERURAL_W32,low,0.7935569412695681,Declared,0.9128162606157992,-0.11925931934623113
VALUERURAL_W32,high,0.9077300801550088,Declared,0.9039078106157993,0.0038222695392094996
WHADVANT_W32,low,0.6320533829864391,Declared,0.8428126809210427,-0.21075929793460357
WHADVANT_W32,high,0.5893842507684215,Declared,0.8355687109210429,-0.2461844601526214
WILLMOVE_W32,low,0.7010434013883211,Declared,0.7005889832941681,0.0004544180941530307
WILLMOVE_W32,high,0.94677533,Declared,0.6600984142522435,0.28667691574775656
EAT1_W34,low,1.1228944975936956,Declared,0.5677215222528759,0.5551729753408198
EAT1_W34,high,1.1329033516420581,Declared,0.27714918225287577,0.8557541693891824
EAT2_W34,low,0.6515447744069652,Declared,0.9390590380522855,-0.2875142636453203
EAT2_W34,high,0.6910322938791331,Declared,0.7611713001971081,-0.07013900631797498
EAT5B_W34,low,0.6310648299993729,Declared,0.6310401400003721,2.468999900073765e-05
EAT5B_W34,high,0.542543440003854,Declared,0.5425447500003722,-1.309996518150669e-06
EAT5C_W34,low,0.5615504066401729,Declared,0.32993546806839064,0.23161493857178223
EAT5C_W34,high,0.4426947133247121,Declared,0.3218007180683907,0.12089399525632138
EAT5D_W34,low,0.5435325569579375,Declared,0.4345242719008141,0.10900828505712334
EAT5D_W34,high,0.3849565500264641,Declared,0.3227487107830584,0.06220783924340573
EVOBIOA_W34,low,0.31626146999969584,Declared,0.3162620799999104,-6.100002145625893e-07
EVOBIOA_W34,high,0.047794409999954546,Declared,0.04779449999991037,-8.999995582126274e-08
EVOBIOB_W34,low,0.3982298500000534,Declared,0.39823022000002084,-3.6999996744224717e-07
EVOBIOB_W34,high,0.2032104399999941,Declared,0.20321051000002077,-7.000002666401883e-08
EVOPERS3_W34,low,0.915695450843029,Declared,0.9156793508420213,1.6100001007601783e-05
EVOPERS3_W34,high,0.6585490065854575,Declared,0.6585327265844806,1.6280000976864883e-05
EVOTHREE_W34,low,0.48410380000020203,Declared,0.48304389000000003,0.0010599100002020023
EVOTHREE_W34,high,0.37475285000009684,Declared,0.37369030999999997,0.0010625400000968677
FUD22_W34,low,0.6693055235216032,Declared,0.9979858200375518,-0.32868029651594854
FUD22_W34,high,0.7037313877045767,Declared,0.7105650871346675,-0.006833699430090823
FUD24_W34,low,0.07325188499999999,Declared,0.24128255499746398,-0.168030669997464
FUD24_W34,high,0.2508652199736593,Declared,0.262143664997464,-0.011278445023804706
FUD33B_W34,low,0.16156030500012428,Declared,0.16156526999998758,-4.964999863299457e-06
FUD33B_W34,high,0.21443592714487247,Declared,0.214441097144411,-5.1699995385345865e-06
FUD35_W34,low,0.6592590034812977,Declared,0.5484449513428655,0.1108140521384322
FUD35_W34,high,0.5593301347312145,Declared,0.4876454984878935,0.071684636243321
FUD37A_W34,low,0.3852867900000001,Declared,0.7178568298768218,-0.33257003987682165
FUD37A_W34,high,0.6139192201890145,Declared,0.6165916098768218,-0.002672389687807364
FUD37B_W34,low,1.0351761096482388,Declared,1.055620399445516,-0.020444289797277193
FUD37B_W34,high,0.6676052799975039,Declared,0.6678303200019657,-0.000225040004461885
FUD37C_W34,low,0.6937925070601583,Declared,0.6978490969772405,-0.004056589917082243
FUD37C_W34,high,0.7450505802308688,Declared,0.7496500999985711,-0.0045995197677023425
BETTERBIZ1F2D_W36,low,0.20106505000002273,Declared,0.20106664500002694,-1.5950000042119772e-06
BETTERBIZ1F2D_W36,high,0.14064945359364942,Declared,0.1406503785935164,-9.249998669802473e-07
BETTERBIZ1F2E_W36,low,0.2602090149993128,Declared,0.2602208299998649,-1.181500055208451e-05
BETTERBIZ1F2E_W36,high,0.23404215999999994,Declared,0.2340678849998649,-2.5724999864945586e-05
BETTERBIZ1F2H_W36,low,0.20804255291954998,Declared,0.20804404291955,-1.4900000000206415e-06
BETTERBIZ1F2H_W36,high,0.15493410999994547,Declared,0.154935885,-1.7750000545213585e-06
BETTERBIZ2F2C_W36,low,0.17195406500004845,Declared,0.17195442499992353,-3.599998750769551e-07
BETTERBIZ2F2C_W36,high,0.08799293999999354,Declared,0.08799273999992357,2.0000006996367947e-07
BETTERBIZ2F2E_W36,low,0.14787830000019403,Declared,0.14787987000003427,-1.5699998402451953e-06
BETTERBIZ2F2E_W36,high,0.09382891999996817,Declared,0.09382912500003424,-2.0500006606138932e-07
BETTERBIZ2F2F_W36,low,0.24780749499995755,Declared,0.2478082899999566,-7.949999990541912e-07
BETTERBIZ2F2F_W36,high,0.2045677049999517,Declared,0.20456788999995656,-1.850000048708722e-07
BETTERPOL1F1B_W36,low,0.3417959249999118,Declared,0.341797289999988,-1.3650000761922243e-06
BETTERPOL1F1B_W36,high,0.33443018000000846,Declared,0.33443061999998797,-4.3999997950683323e-07
BETTERPOL1F1E_W36,low,0.23978496000162444,Declared,0.23980385500011284,-1.88949984883946e-05
BETTERPOL1F1E_W36,high,0.22899736499730294,Declared,0.22903448500011284,-3.7120002809892805e-05
BETTERPOL1F1I_W36,low,0.254825139999546,Declared,0.2548442849998578,-1.9145000311804328e-05
BETTERPOL1F1I_W36,high,0.24642168999844352,Declared,0.2464336999998578,-1.2010001414292093e-05
BETTERPOL2F1A_W36,low,0.17039507499998635,Declared,0.17039547500001934,-4.000000329851261e-07
BETTERPOL2F1A_W36,high,0.10924426609244259,Declared,0.10924442609247322,-1.6000003062732748e-07
BETTERPOL2F1C_W36,low,0.21720242000025017,Declared,0.21720333000010578,-9.099998556083566e-07
BETTERPOL2F1C_W36,high,0.17940246999989398,Declared,0.1794028100001058,-3.4000021181812556e-07
BETTERPOL2F1D_W36,low,0.2197928728020833,Declared,0.21979336280205217,-4.899999688778856e-07
BETTERPOL2F1D_W36,high,0.17801302499995778,Declared,0.17801336999999287,-3.4500003509574384e-07
BETTERPOL2F1F_W36,low,0.19884213301148712,Declared,0.1988430730115515,-9.400000643700057e-07
BETTERPOL2F1F_W36,high,0.19222809807777475,Declared,0.1922286030776962,-5.049999214634671e-07
E5_W36,low,0.9695069199792792,Declared,1.0214566304000205,-0.05194971042074137
E5_W36,high,0.5913995899894333,Declared,0.5836633504000206,0.007736239589412719
ESSENBIZF2E_W36,low,0.35920407642552044,Declared,0.1701784493482648,0.18902562707725565
ESSENBIZF2E_W36,high,0.587197064180232,Declared,0.25618424444935617,0.3310128197308758
ESSENBIZF2J_W36,low,0.011027531515093503,Declared,0.5532701944414278,-0.5422426629263343
ESSENBIZF2J_W36,high,0.2354308833082009,Declared,0.3801891444414277,-0.14475826113322682
ESSENPOLF1A_W36,low,0.22796731000081805,Declared,0.22798717000105173,-1.9860000233684616e-05
ESSENPOLF1A_W36,high,0.052459889999861065,Declared,0.05245276000105159,7.129998809474181e-06
ESSENPOLF1B_W36,low,0.47552492997718687,Declared,0.46226771849988246,0.01325721147730441
ESSENPOLF1B_W36,high,0.4064287657226564,Declared,0.40344412432906673,0.002984641393589671
ESSENPOLF1D_W36,low,0.357817960007323,Declared,0.33557243045955687,0.022245529547766152
ESSENPOLF1D_W36,high,0.16692888000172534,Declared,0.14403730045955687,0.022891579542168472
ESSENPOLF1G_W36,low,0.4982116600669297,Declared,0.5047709800013365,-0.006559319934406782
ESSENPOLF1G_W36,high,0.1375976037754078,Declared,0.5150047400013364,-0.37740713622592864
ESSENPOLF1H_W36,low,0.42172772992812335,Declared,0.4043565995807007,0.01737113034742266
ESSENPOLF1H_W36,high,0.39811216999240084,Declared,0.37740049958070043,0.02071167041170041
HIGHEDWRNGB_W36,low,0.763928117858684,Declared,0.8088818994852528,-0.04495378162656882
HIGHEDWRNGB_W36,high,0.46166789701575967,Declared,0.6734266494852528,-0.2117587524694931
HIGHEDWRNGC_W36,low,0.6549059326417412,Declared,0.7183973100765643,-0.06349137743482303
HIGHEDWRNGC_W36,high,0.6306610560783824,Declared,0.6224924963270109,0.00816855975137154
IMPROVE1_W36,low,0.4670050569002746,Declared,0.4100183073525754,0.05698674954769922
IMPROVE1_W36,high,0.9581682407297608,Declared,0.49225260997919074,0.4659156307505701
IMPROVE2_W36,low,0.6806155897237308,Declared,0.7082384800003232,-0.02762289027659237
IMPROVE2_W36,high,0.8142265400073442,Declared,0.8145897100003232,-0.00036316999297902886
IMPROVE3_W36,low,0.6315761202305004,Declared,0.62212213056256,0.00945398966794031
IMPROVE3_W36,high,0.6147229341290905,Declared,0.8024728187279283,-0.1877498845988378
MOREWMN1F2_W36,low,0.23186546500028837,Declared,0.2318596499993052,5.815000983178109e-06
MOREWMN1F2_W36,high,0.17696064322942556,Declared,0.17696116322957778,-5.200001522154274e-07
POLCHF1_W36,low,0.6507658035325647,Declared,0.6510626534594912,-0.00029684992692646794
POLCHF1_W36,high,0.8351763499952212,Declared,0.835280719973853,-0.00010436997863183528
TRAITBIZMF2C_W36,low,0.2575311499999805,Declared,0.25753173499999604,-5.850000155405155e-07
TRAITBIZMF2C_W36,high,0.08285969499999701,Declared,0.0828596449999992,4.999999780874731e-08
TRAITBIZMF2D_W36,low,0.24399093508460568,Declared,0.2524510800000393,-0.00846014491543362
TRAITBIZMF2D_W36,high,0.21022143710222224,Declared,0.21022126210225628,1.7499996596281875e-07
TRAITBIZMF2E_W36,low,0.23702630500000454,Declared,0.23702640999999652,-1.0499999197888243e-07
TRAITBIZMF2E_W36,high,0.08118461499999224,Declared,0.08118442499999656,1.899999956811449e-07
TRAITBIZMF2G_W36,low,0.27970770999995953,Declared,0.2797081850000235,-4.7500006394862737e-07
TRAITBIZMF2G_W36,high,0.35451557499984426,Declared,0.35451783500002343,-2.260000179166166e-06
TRAITBIZWF2C_W36,low,0.3199625249999843,Declared,0.31996260000002985,-7.500004556293405e-08
TRAITBIZWF2C_W36,high,0.3267870300000259,Declared,0.3267860500000299,9.799999959869687e-07
TRAITBIZWF2D_W36,low,0.24754843251233932,Declared,0.24785185752150096,-0.0003034250091616397
TRAITBIZWF2D_W36,high,0.28018035999997776,Declared,0.2801799350000294,4.2499994834521715e-07
TRAITBIZWF2E_W36,low,0.35000702999999467,Declared,0.3500068699999999,1.59999994753246e-07
TRAITBIZWF2E_W36,high,0.3393654949999931,Declared,0.339365155,3.399999931041897e-07
TRAITBIZWF2G_W36,low,0.3695445536954973,Declared,0.3695451886954439,-6.349999465693479e-07
TRAITBIZWF2G_W36,high,0.4169502849999728,Declared,0.416951244999988,-9.600000152043542e-07
TRAITPOLMF1B_W36,low,0.35894906358949064,Declared,0.358393078595075,0.0005559849944156148
TRAITPOLMF1B_W36,high,0.32771335500004284,Declared,0.3271566800055721,0.0005566749944707627
TRAITPOLMF1C_W36,low,0.238797937527496,Declared,0.2422261974240516,-0.0034282598965555966
TRAITPOLMF1C_W36,high,0.15393142153900297,Declared,0.15387459654053554,5.682499846743072e-05
TRAITPOLMF1D_W36,low,0.21529196500000003,Declared,0.21529227500006065,-3.100000606215403e-07
TRAITPOLMF1D_W36,high,0.15061762999995715,Declared,0.15061734500006058,2.849998965714917e-07
TRAITPOLMF1E_W36,low,0.22700297999723557,Declared,0.22692483499852745,7.814499870811842e-05
TRAITPOLMF1E_W36,high,0.06861597999997432,Declared,0.0684712949985275,0.0001446850014468204
TRAITPOLMF1F_W36,low,0.4030696731035991,Declared,0.30313492487176347,0.09993474823183562
TRAITPOLMF1F_W36,high,0.22492383854310904,Declared,0.34089019987176344,-0.1159663613286544
TRAITPOLMF1G_W36,low,0.2147869950001634,Declared,0.21478803999996923,-1.0449998058270626e-06
TRAITPOLMF1G_W36,high,0.33851035499929577,Declared,0.3385177399999692,-7.385000673432174e-06
TRAITPOLWF1A_W36,low,0.26757808499972396,Declared,0.2675723500010649,5.734998659079338e-06
TRAITPOLWF1A_W36,high,0.24505121245050498,Declared,0.2450422224515838,8.989998921182796e-06
TRAITPOLWF1C_W36,low,0.3304217383067744,Declared,0.3304926133106246,-7.08750038501682e-05
TRAITPOLWF1C_W36,high,0.40437442000018725,Declared,0.4043201100051286,5.430999505867673e-05
TRAITPOLWF1D_W36,low,0.2275018600000001,Declared,0.22750163500005405,2.2499994606350882e-07
TRAITPOLWF1D_W36,high,0.11055001999999331,Declared,0.11054935500005408,6.649999392260852e-07
TRAITPOLWF1E_W36,low,0.35132194148671664,Declared,0.3513189414868105,2.999999906161399e-06
TRAITPOLWF1E_W36,high,0.390946585000057,Declared,0.39094312000004267,3.4650000143576776e-06
TRAITPOLWF1F_W36,low,0.5958557032375096,Declared,0.34421563499674823,0.25164006824076135
TRAITPOLWF1F_W36,high,0.6925831867470127,Declared,0.3632608049967482,0.3293223817502645
TRAITPOLWF1G_W36,low,0.2932027549999436,Declared,0.29320362500000535,-8.700000617700709e-07
TRAITPOLWF1G_W36,high,0.3729514250000818,Declared,0.3729529300000054,-1.504999923573891e-06
WHYNOTBIZF2A_W36,low,0.47293028000000004,Declared,0.49187003127030837,-0.018939751270308336
WHYNOTBIZF2A_W36,high,0.2575159613839466,Declared,0.6559028512703085,-0.39838688988636184
WHYNOTBIZF2B_W36,low,0.5428288700000128,Declared,0.5428285100000229,3.59999989929527e-07
WHYNOTBIZF2B_W36,high,0.7182245000000128,Declared,0.7182241400000228,3.599999900405493e-07
WHYNOTBIZF2D_W36,low,0.5745276599973144,Declared,0.574569340000154,-4.1680002839661334e-05
WHYNOTBIZF2D_W36,high,0.2488934199980734,Declared,0.248922450000154,-2.9030002080598916e-05
WHYNOTBIZF2F_W36,low,0.5201042099980572,Declared,0.5201471400001692,-4.293000211197384e-05
WHYNOTBIZF2F_W36,high,0.20472123999999997,Declared,0.20474379000016918,-2.255000016920805e-05
WHYNOTBIZF2G_W36,low,1.021502700021842,Declared,1.02362463999502,-0.0021219399731779998
WHYNOTBIZF2G_W36,high,1.1166644199941809,Declared,1.11667490999502,-1.0490000839080693e-05
WHYNOTBIZF2H_W36,low,0.6950179799341736,Declared,1.1822222710455552,-0.48720429111138164
WHYNOTBIZF2H_W36,high,1.1443810696904306,Declared,1.022507332849371,0.12187373684105962
WHYNOTBIZF2J_W36,low,0.8148408318516414,Declared,0.8148356518522324,5.179999408966296e-06
WHYNOTBIZF2J_W36,high,0.8847627900000303,Declared,0.884757910000648,4.879999382367828e-06
WHYNOTBIZF2M_W36,low,1.0916226900439596,Declared,0.576731114531273,0.5148915755126866
WHYNOTBIZF2M_W36,high,0.9337538317508622,Declared,0.6409195829658348,0.2928342487850274
WHYNOTBIZF2N_W36,low,1.123810760000052,Declared,1.12372972,8.104000005193512e-05
WHYNOTBIZF2N_W36,high,1.1207027000003416,Declared,1.12062501,7.769000034163476e-05
WHYNOTBIZF2O_W36,low,0.6467026800000328,Declared,0.6467024899999935,1.9000003936842091e-07
WHYNOTBIZF2O_W36,high,0.9709933097099498,Declared,0.9709930697099308,2.400000189695106e-07
WHYNOTPOLF1A_W36,low,1.2967910070324224,Declared,0.6218935652198614,0.6748974418125611
WHYNOTPOLF1A_W36,high,1.1643434499288963,Declared,0.5752632921581957,0.5890801577707006
WHYNOTPOLF1B_W36,low,0.6635585466362431,Declared,0.6635423866361553,1.6160000087861448e-05
WHYNOTPOLF1B_W36,high,0.7901023400008295,Declared,0.7900883300004876,1.4010000341846407e-05
WHYNOTPOLF1C_W36,low,0.44983687827390867,Declared,0.8114830093874588,-0.3616461311135501
WHYNOTPOLF1C_W36,high,0.5598257054057716,Declared,0.7235244885078735,-0.16369878310210195
WHYNOTPOLF1E_W36,low,0.2921239178875173,Declared,0.5352030798016193,-0.243079161914102
WHYNOTPOLF1E_W36,high,0.41909278549645584,Declared,0.5366660998016194,-0.11757331430516355
WHYNOTPOLF1G_W36,low,0.6069348268849568,Declared,0.8623580998730513,-0.25542327298809453
WHYNOTPOLF1G_W36,high,0.9003013742955163,Declared,0.9704827698730514,-0.07018139557753511
WHYNOTPOLF1I_W36,low,0.8976100701376791,Declared,0.5607873191555981,0.33682275098208103
WHYNOTPOLF1I_W36,high,0.9869931108088079,Declared,0.5212046435213507,0.46578846728745726
WHYNOTPOLF1J_W36,low,0.7980179196901416,Declared,0.808101060007364,-0.010083140317222461
WHYNOTPOLF1J_W36,high,0.6875782996787986,Declared,0.7184774471945933,-0.0308991475157947
WHYNOTPOLF1K_W36,low,0.6135057800415907,Declared,0.59111393,0.022391850041590722
WHYNOTPOLF1K_W36,high,0.40750192744297,Declared,0.6026116600000001,-0.19510973255703012
WHYNOTPOLF1L_W36,low,0.6960044169633178,Declared,0.6961181169601818,-0.00011369999686394738
WHYNOTPOLF1L_W36,high,0.9849508900689338,Declared,0.9855275799985007,-0.0005766899295669425
WMNPRZ1_W36,low,0.35463198593463574,Declared,0.5911527198032965,-0.2365207338686608
WMNPRZ1_W36,high,0.27442981348648254,Declared,0.6202680098032967,-0.3458381963168141
AUTOLKLY_W41,low,0.8902373310771283,Declared,0.8889836610133163,0.0012536700638120513
AUTOLKLY_W41,high,1.1295950307481286,Declared,1.1426206699225223,-0.0130256391743937
AUTOWKPLC_W41,low,0.38835498500004906,Declared,0.1768963292292222,0.21145865577082687
AUTOWKPLC_W41,high,0.227745210924263,Declared,0.22753136422922224,0.0002138466950407647
ETHNCMAJMOD_W41,low,0.3956181141365387,Declared,0.6130217792173652,-0.21740366508082654
ETHNCMAJMOD_W41,high,0.4686809932238355,Declared,0.5521484992173652,-0.0834675059935297
FTRWORRYc_W41,low,0.37933756536809576,Declared,0.6015897468087785,-0.22225218144068276
FTRWORRYc_W41,high,0.6302040764638258,Declared,0.5531835931917118,0.07702048327211397
FTRWORRYe_W41,low,0.7285520204596282,Declared,0.7508226399218132,-0.022270619462185004
FTRWORRYe_W41,high,0.6950214800768025,Declared,0.6958467399218132,-0.0008252598450106952
FTRWORRYf_W41,low,0.7872197861705454,Declared,0.8586848815495374,-0.07146509537899193
FTRWORRYf_W41,high,0.41255409134172444,Declared,0.9137112109992733,-0.5011571196575488
FUTRCLASSb_W41,low,0.3072473874959994,Declared,0.27375939911881714,0.033487988377182254
FUTRCLASSb_W41,high,0.30970628519395393,Declared,0.18682962324951946,0.12287666194443447
FUTRCLASSc_W41,low,0.32091075999950147,Declared,0.3209104749999473,2.849995541787109e-07
FUTRCLASSc_W41,high,0.21944954000204303,Declared,0.21951236999994728,-6.28299979042457e-05
FUTR_DIV_W41,low,0.23507242763403513,Declared,0.2350647976493521,7.629984683038549e-06
FUTR_DIV_W41,high,0.1776638949874016,Declared,0.17771721500261647,-5.33200152148805e-05
GOVPRIOb_W41,low,0.5271992452721083,Declared,0.5271966552716286,2.5900004796408638e-06
GOVPRIOb_W41,high,0.6679827900000175,Declared,0.667979619999625,3.170000392516137e-06
GOVPRIOc_W41,low,0.36234386000002816,Declared,0.36234363999991437,2.2000011379308404e-07
GOVPRIOc_W41,high,0.5519245100000151,Declared,0.5519240999999144,4.100001006479559e-07
GOVPRIOe_W41,low,0.6470984399999913,Declared,0.6470980000000001,4.3999999121968614e-07
GOVPRIOe_W41,high,0.9180819500000763,Declared,0.9180821300000002,-1.7999992385497876e-07
GOVPRIOfF1_W41,low,1.058706985977526,Declared,0.8619702698420536,0.1967367161354724
GOVPRIOfF1_W41,high,0.7521365424627795,Declared,0.7497683523180456,0.002368190144733884
GOVPRIOgF1_W41,low,0.749685258065475,Declared,0.7941029985632555,-0.04441774049778047
GOVPRIOgF1_W41,high,0.7337658213439142,Declared,0.8557127404977806,-0.12194691915386635
GOVPRIOhF1_W41,low,1.3645220899975041,Declared,0.5233292530848459,0.8411928369126582
GOVPRIOhF1_W41,high,0.9511594095115941,Declared,0.5317846649451158,0.4193747445664783
GOVPRIOiF1_W41,low,0.8047104180481985,Declared,0.8047227480467762,-1.232999857769812e-05
GOVPRIOiF1_W41,high,0.7164565800000375,Declared,0.7164421699993988,1.4410000638731546e-05
GOVPRIOjF1_W41,low,0.6348300333146352,Declared,0.6410218535678027,-0.006191820253167557
GOVPRIOjF1_W41,high,0.8552686599747684,Declared,0.8552238199835159,4.483999125248772e-05
GOVPRIOkF2_W41,low,1.6820275500363333,Declared,1.040046538991984,0.6419810110443493
GOVPRIOkF2_W41,high,0.6559977834400219,Declared,0.9841340589490402,-0.32813627550901825
GOVPRIOlF2_W41,low,0.7098688241639735,Declared,1.1709677883194276,-0.46109896415545415
GOVPRIOlF2_W41,high,1.3538139700292975,Declared,1.3535762100388076,0.00023775999048991636
GOVPRIOmF2_W41,low,0.5247808199463863,Declared,0.49773035027586643,0.027050469670519828
GOVPRIOmF2_W41,high,0.5895774862625311,Declared,0.8425685102758662,-0.25299102401333506
GOVPRIOnF2_W41,low,0.9158931601250159,Declared,1.4334640620264438,-0.517570901901428
GOVPRIOnF2_W41,high,1.306885020407238,Declared,2.043657232026444,-0.7367722116192059
GOVPRIOoF2_W41,low,0.6372876400000795,Declared,0.6372888099999752,-1.169999895633822e-06
GOVPRIOoF2_W41,high,0.8160557900000149,Declared,0.8160553299999754,4.600000395038606e-07
HAPPEN2b_W41,low,0.560612040028267,Declared,0.56154792,-0.0009358799717329447
HAPPEN2b_W41,high,0.6325861463939106,Declared,0.6335519163355828,-0.0009657699416721899
HAPPEN2f_W41,low,0.6436022600016903,Declared,0.6436561999998801,-5.393999818981143e-05
HAPPEN2f_W41,high,0.45391253546263777,Declared,0.45399828545987336,-8.574999723559573e-05
HARASS1F1b_W41,low,0.5347201899641,Declared,0.5183405006910876,0.016379689273012366
HARASS1F1b_W41,high,0.7915413400000001,Declared,0.9304847306910876,-0.13894339069108752
HARASS1F1d_W41,low,0.399958640000158,Declared,0.3999589900001439,-3.499999858824765e-07
HARASS1F1d_W41,high,0.47339669000020523,Declared,0.47339651000014404,1.800000611895669e-07
HARASS1NOWRKF2d_W41,low,0.3926721899999748,Declared,0.39267146999998026,7.199999945139979e-07
HARASS1NOWRKF2d_W41,high,0.4904374749044561,Declared,0.49043664490436667,8.300000894356785e-07
HARASS3NOWRKF2_W41,low,0.26648704574029014,Declared,0.1982260200454075,0.06826102569488263
HARASS3NOWRKF2_W41,high,0.293886685,Declared,0.25939666004540757,0.03449002495459241
INTRMAR_W41,low,0.5864842665553598,Declared,0.6474218473667722,-0.06093758081141243
INTRMAR_W41,high,0.6102715303978822,Declared,0.6256518421490719,-0.015380311751189701
LEGALIMG_W41,low,0.963475729731849,Declared,0.49753684511472535,0.4659388846171237
LEGALIMG_W41,high,0.26958547500007585,Declared,0.5604794501045176,-0.29089397510444176
SOLVPROBa_W41,low,0.801538559999337,Declared,0.801580169997529,-4.160999819202704e-05
SOLVPROBa_W41,high,0.5365134700000534,Declared,0.5364905399975292,2.293000252429067e-05
SOLVPROBb_W41,low,0.48702941636992947,Declared,0.816000899819654,-0.3289714834497245
SOLVPROBb_W41,high,1.2054425436042093,Declared,0.7376078272408191,0.46783471636339025
SOLVPROBc_W41,low,0.7121091401629441,Declared,0.7092456299532601,0.002863510209684006
SOLVPROBc_W41,high,0.7798533699671912,Declared,0.77627299995326,0.003580370013931189
SOLVPROBdF1_W41,low,0.4621861120842984,Declared,0.3197873616802394,0.14239875040405897
SOLVPROBdF1_W41,high,0.6802568304805556,Declared,0.23024607424118293,0.4500107562393727
SOLVPROBf_W41,low,0.7993340000000001,Declared,0.8516919995108015,-0.052357999510801445
SOLVPROBf_W41,high,0.8287518087376611,Declared,0.8358503595108014,-0.007098550773140366
SOLVPROBg_W41,low,0.7082527746889036,Declared,0.43222276780106933,0.27603000688783424
SOLVPROBg_W41,high,0.4641344918606992,Declared,0.3448397542465941,0.11929473761410514
SOLVPROBh_W41,low,0.8005836600000003,Declared,0.9460030901842834,-0.14541943018428316
SOLVPROBh_W41,high,1.047251609925766,Declared,1.0451900201842834,0.002061589741482628
CONFb_W42,low,0.8031884980205172,Declared,0.8031777080083939,1.0790012123229609e-05
CONFb_W42,high,0.7523403599976429,Declared,0.7520684899727196,0.00027187002492334855
CONFc_W42,low,1.165299300011339,Declared,0.5139054104547816,0.6513938895565574
CONFc_W42,high,0.4602802337016837,Declared,0.563157852601433,-0.10287761889974933
CONFe_W42,low,0.8823092999961755,Declared,0.8823802899954808,-7.098999930532646e-05
CONFe_W42,high,0.8304964116900951,Declared,0.8305016816898991,-5.269999803991787e-06
CONFg_W42,low,0.6819498900000001,Declared,0.6819610099991906,-1.1119999190567498e-05
CONFg_W42,high,0.5755568690623473,Declared,0.6067714899991906,-0.03121462093684335
PQ4_F2Aa_W42,low,0.6345277399990691,Declared,0.6345029899995662,2.4749999502859943e-05
PQ4_F2Aa_W42,high,0.41678997012997254,Declared,0.6260372599995665,-0.20924728986959396
PQ4_F2Ac_W42,low,0.6942012669150662,Declared,0.6945803969459204,-0.0003791300308542134
PQ4_F2Ac_W42,high,0.5586351744130335,Declared,0.5586447244135526,-9.550000519165103e-06
PQ4_F2Ae_W42,low,0.5368346492970143,Declared,0.29203307707966925,0.24480157221734505
PQ4_F2Ae_W42,high,0.2792712500016513,Declared,0.23743239515621462,0.0418388548454367
PQ4_F2Bb_W42,low,0.5806335158163208,Declared,0.5638427454692715,0.016790770347049344
PQ4_F2Bb_W42,high,0.5755757537557369,Declared,0.47433740966168825,0.10123834409404864
PQ4_F2Bc_W42,low,0.6157291599947211,Declared,0.615778669999836,-4.951000511488335e-05
PQ4_F2Bc_W42,high,0.5666610843319416,Declared,0.5666819343329841,-2.0850001042460597e-05
PQ4_F2Bd_W42,low,0.6160196498504014,Declared,0.618985760000259,-0.0029661101498575926
PQ4_F2Bd_W42,high,0.49777720497798694,Declared,0.4977728249782457,4.379999741233043e-06
PQ4_F2Cc_W42,low,0.6085409660849523,Declared,0.6085823960858673,-4.1430000914943754e-05
PQ4_F2Cc_W42,high,0.5054375499992244,Declared,0.50544874,-1.1190000775540554e-05
PQ8_F2B_W42,low,0.5901992274671701,Declared,0.6149481160558623,-0.024748888588692175
PQ8_F2B_W42,high,0.7285026991186186,Declared,0.7381825598930074,-0.00967986077438876
RQ1_F1B_W42,low,0.17567906334596758,Declared,0.3139521650033754,-0.13827310165740783
RQ1_F1B_W42,high,0.22837339500000908,Declared,0.22832608500337542,4.730999663365987e-05
RQ1_F1C_W42,low,0.31838582498822626,Declared,0.1727493792421143,0.14563644574611195
RQ1_F1C_W42,high,0.29890859001388054,Declared,0.1646085242421143,0.13430006577176623
RQ2_F1A_W42,low,0.3759244299994044,Declared,0.37526604997247354,0.0006583800269308604
RQ2_F1A_W42,high,0.3111168609769312,Declared,0.3348519799724735,-0.023735118995542315
RQ4_F1Ab_W42,low,0.505039105050145,Declared,0.5050593050506373,-2.0200000492298642e-05
RQ4_F1Ab_W42,high,0.4886790304675195,Declared,0.5003626099999999,-0.011683579532480448
RQ4_F1Ae_W42,low,0.6068367899344396,Declared,0.6072444799884057,-0.00040769005396612545
RQ4_F1Ae_W42,high,0.2958297240529398,Declared,0.5294410046930293,-0.23361128064008957
RQ4_F1Ba_W42,low,0.5844325300007617,Declared,0.5844429399996549,-1.0409998893234906e-05
RQ4_F1Ba_W42,high,0.5816660300000001,Declared,0.5854826299996548,-0.0038165999996547795
RQ4_F1Bc_W42,low,0.6656422,Declared,0.6656520599999742,-9.859999974271005e-06
RQ4_F1Bc_W42,high,0.577710509999783,Declared,0.5777122799999741,-1.7700001910814223e-06
RQ4_F1Bd_W42,low,0.5579328917388029,Declared,0.6006993639350665,-0.042766472196263616
RQ4_F1Bd_W42,high,0.55991546,Declared,0.5584463199613736,0.0014691400386264153
RQ4_F1Be_W42,low,0.5841493602273461,Declared,0.5904427199100605,-0.006293359682714383
RQ4_F1Be_W42,high,0.336443177550864,Declared,0.6080195899100607,-0.27157641235919666
RQ4_F1Ca_W42,low,0.5148324099997474,Declared,0.5148472400000002,-1.4830000252707976e-05
RQ4_F1Ca_W42,high,0.3985806798484411,Declared,0.4061481900000002,-0.007567510151559098
RQ4_F1Cb_W42,low,0.5057594499991314,Declared,0.5058400699996872,-8.062000055586438e-05
RQ4_F1Cb_W42,high,0.4430827692698943,Declared,0.4522028299996871,-0.009120060729792767
RQ4_F1Cd_W42,low,0.5850538610800438,Declared,0.6009345700636006,-0.015880708983556868
RQ4_F1Cd_W42,high,0.5866765300197639,Declared,0.5849517900636007,0.0017247399561632903
RQ5_F1B_W42,low,1.4319294697504548,Declared,1.1460257141155612,0.28590375563489356
RQ5_F1B_W42,high,1.6152791708135021,Declared,1.3413947841155611,0.273884386697941
RQ5_F1C_W42,low,1.4251784398806622,Declared,1.3022328250371622,0.12294561484349997
RQ5_F1C_W42,high,1.5798109097399013,Declared,1.4582168350371623,0.12159407470273909
IDIMPORT_W43,low,1.6574444599534053,Declared,1.6575878300000002,-0.00014337004659492614
IDIMPORT_W43,high,1.375010899993532,Declared,1.37508938,-7.848000646792919e-05
RACESURV13_W43,low,0.6610942100595196,Declared,0.6619344899997002,-0.0008402799401805439
RACESURV13_W43,high,0.5232969252400392,Declared,0.5234047652338475,-0.00010783999380825637
RACESURV14_W43,low,0.7718238577183409,Declared,0.7718263877182638,-2.5299999228955983e-06
RACESURV14_W43,high,0.8321829900002476,Declared,0.8321845299999739,-1.5399997262965925e-06
RACESURV15a_W43,low,0.2215956128118456,Declared,0.21904562291614688,0.002549989895698712
RACESURV15a_W43,high,0.1170433004869409,Declared,0.1681263851599047,-0.0510830846729638
RACESURV15b_W43,low,0.3305034802624757,Declared,0.19618214,0.13432134026247572
RACESURV15b_W43,high,0.35846095504348646,Declared,0.22192636000000007,0.1365345950434864
RACESURV17_W43,low,1.0914005473297026,Declared,0.6394396221303229,0.4519609251993797
RACESURV17_W43,high,0.5781637135399726,Declared,0.689408982130323,-0.11124526859035033
RACESURV18b_W43,low,0.8819934955144296,Declared,0.8819031073579863,9.038815644335507e-05
RACESURV18b_W43,high,0.7466650403051203,Declared,0.7465531461787512,0.00011189412636902762
RACESURV18f_W43,low,0.4252230689026667,Declared,0.3298576509952245,0.09536541790744218
RACESURV18f_W43,high,0.36777341245597633,Declared,0.2655613003522614,0.10221211210371495
RACESURV19a_W43,low,0.7344170773442461,Declared,0.7344183473441775,-1.2699999314413901e-06
RACESURV19a_W43,high,0.7463061225369388,Declared,0.7463067625369141,-6.399999752382257e-07
RACESURV19c_W43,low,0.8322576700005889,Declared,0.8322445000029518,1.3169997637119124e-05
RACESURV19c_W43,high,0.6692926100030886,Declared,0.6693039300029519,-1.131999986325738e-05
RACESURV19e_W43,low,0.8121199318791594,Declared,0.8121159018792988,4.029999860599709e-06
RACESURV19e_W43,high,0.8320649383209038,Declared,0.8320608683212497,4.069999654077172e-06
RACESURV1b_W43,low,0.3011800367211295,Declared,0.32755753668158644,-0.026377499960456963
RACESURV1b_W43,high,0.29322440705834985,Declared,0.2933651870235099,-0.00014077996516004276
RACESURV21_W43,low,0.44583267811464705,Declared,1.1205051761237463,-0.6746724980090992
RACESURV21_W43,high,0.7101294128987059,Declared,1.3896040648069516,-0.6794746519082457
RACESURV27_W43,low,1.0771297604299552,Declared,0.5700046148427576,0.5071251455871977
RACESURV27_W43,high,0.6455431960832113,Declared,0.4507449245074493,0.19479827157576202
RACESURV28a_W43,low,0.276234684999473,Declared,0.27623672999645377,-2.0449969807545543e-06
RACESURV28a_W43,high,0.26090342000000005,Declared,0.2608871049964538,1.6315003546263362e-05
RACESURV28b_W43,low,0.29786932,Declared,0.2978615899955897,7.730004410289038e-06
RACESURV28b_W43,high,0.2603561499965296,Declared,0.2603317049955897,2.4445000939898875e-05
RACESURV28c_W43,low,0.30100624500226564,Declared,0.3010016499983977,4.595003867957637e-06
RACESURV28c_W43,high,0.26707473000089443,Declared,0.2670393249983977,3.540500249671341e-05
RACESURV28d_W43,low,0.1811745000080689,Declared,0.18123644999204602,-6.194998397712759e-05
RACESURV28d_W43,high,0.14605168000083768,Declared,0.14603602999204596,1.565000879172329e-05
RACESURV28e_W43,low,0.1831481849984109,Declared,0.1831890449976391,-4.085999922820438e-05
RACESURV28e_W43,high,0.17936927999589491,Declared,0.17935386499763922,1.5414998255691703e-05
RACESURV28f_W43,low,0.35711082143041295,Declared,0.3571039614337301,6.859996682873071e-06
RACESURV28f_W43,high,0.2967352049925606,Declared,0.2966588750063596,7.632998620099585e-05
RACESURV28g_W43,low,0.3492714300030327,Declared,0.3492650050064512,6.424996581488873e-06
RACESURV28g_W43,high,0.3189530168059008,Declared,0.31891076681626823,4.22499896325923e-05
RACESURV29d_W43,low,0.32902676077068915,Declared,0.8580131215356227,-0.5289863607649335
RACESURV29d_W43,high,0.5950804600028965,Declared,0.5928377901389045,0.0022426698639920195
RACESURV2_W43,low,0.9221311757798429,Declared,0.9221220157792517,9.160000591257322e-06
RACESURV2_W43,high,1.0533134542568883,Declared,1.071867650000708,-0.01855419574381978
RACESURV34a_W43,low,0.4447515690789004,Declared,0.46002018499169584,-0.015268615912795436
RACESURV34a_W43,high,0.5322517603319553,Declared,0.5331125003236512,-0.0008607399916958913
RACESURV34b_W43,low,0.6776883669780809,Declared,0.5260266649951675,0.1516617019829134
RACESURV34b_W43,high,0.5017820499967924,Declared,0.5019289499749114,-0.00014689997811900835
RACESURV34c_W43,low,1.3418943684398206,Declared,0.5708835420321154,0.7710108264077051
RACESURV34c_W43,high,1.2309450223001113,Declared,0.9968835762921158,0.2340614460079955
RACESURV34d_W43,low,1.0961818339170337,Declared,0.7561509375240714,0.34003089639296236
RACESURV34d_W43,high,0.2752340122504022,Declared,0.27176452717004185,0.0034694850803603794
RACESURV34e_W43,low,0.949031461304753,Declared,0.5509090216964233,0.3981224396083297
RACESURV34e_W43,high,0.28767043891019506,Declared,0.627179738250958,-0.3395092993407629
RACESURV38_W43,low,0.8537282137556953,Declared,0.925942662712736,-0.07221444895704066
RACESURV38_W43,high,0.5770749754304849,Declared,0.7701143427127359,-0.19303936728225102
RACESURV40_W43,low,0.30867745551850684,Declared,0.30866363261416113,1.38229043457061e-05
RACESURV40_W43,high,0.2770934486532526,Declared,0.2770822622983473,1.1186354905268203e-05
RACESURV41_W43,low,0.5037838687407863,Declared,0.5046367775794557,-0.0008529088386693973
RACESURV41_W43,high,0.4502269641408302,Declared,0.45018702757945567,3.993656137452062e-05
RACESURV45_W43,low,0.5969349757702268,Declared,0.6002393922612435,-0.0033044164910166485
RACESURV45_W43,high,0.5804751265902006,Declared,0.5833591922612433,-0.0028840656710427126
RACESURV47a_W43,low,1.5302197399466362,Declared,1.5302210399847611,-1.3000381249295145e-06
RACESURV47a_W43,high,1.6465861797151788,Declared,1.646640089984761,-5.391026958223577e-05
RACESURV47b_W43,low,1.1078984499018736,Declared,1.1078990499947992,-6.000929255733922e-07
RACESURV47b_W43,high,1.0955154099863162,Declared,1.0955146999947991,7.099915171338012e-07
RACESURV47d_W43,low,0.8173549118016131,Declared,0.7112309121752188,0.1061239996263943
RACESURV47d_W43,high,0.7249575016499583,Declared,0.6160053095693789,0.10895219208057938
RACESURV47e_W43,low,0.988043488269537,Declared,0.7490814795199396,0.2389620087495974
RACESURV47e_W43,high,0.5225243214566462,Declared,0.6710742795199395,-0.1485499580632933
RACESURV47f_W43,low,1.1349883198936106,Declared,1.1349944999926211,-6.180099010544282e-06
RACESURV47f_W43,high,1.0592638705502582,Declared,1.0592656905852924,-1.8200350342389982e-06
RACESURV48_W43,low,0.9198570407985344,Declared,0.919746470796826,0.0001105700017083322
RACESURV48_W43,high,0.8230508399986971,Declared,0.822922579995718,0.0001282600029790526
RACESURV51_W43,low,0.1679648150046581,Declared,0.1664047200163774,0.0015600949882806914
RACESURV51_W43,high,0.1770232632057396,Declared,0.17618645823813547,0.0008368049676041323
RACESURV52_W43,low,0.9019828899234332,Declared,0.9036471899950026,-0.001664300071569369
RACESURV52_W43,high,0.8251518700002396,Declared,0.8249259599950025,0.00022591000523708438
RACESURV5a_W43,low,1.094495179783962,Declared,1.099238205032897,-0.004743025248935107
RACESURV5a_W43,high,1.215798442959695,Declared,1.2285023523244996,-0.012703909364804478
RACESURV5b_W43,low,1.124991760406794,Declared,0.6195653648901028,0.5054263955166912
RACESURV5b_W43,high,0.715032993228727,Declared,0.6198157935820476,0.0952171996466794
RACESURV5d_W43,low,0.6495871350456608,Declared,0.649765665,-0.0001785299543392016
RACESURV5d_W43,high,0.5628211476276975,Declared,0.6486821934997432,-0.08586104587204568
RACESURV5e_W43,low,0.7233718282320063,Declared,0.7018704999661901,0.02150132826581619
RACESURV5e_W43,high,0.6002576300792077,Declared,0.6025222199661902,-0.0022645898869824155
RACESURV5f_W43,low,0.33108099331024027,Declared,0.3283594085614484,0.002721584748791861
RACESURV5f_W43,high,0.29150912000129015,Declared,0.28874132525006907,0.0027677947512210754
RACESURV5g_W43,low,0.5728614799065626,Declared,0.5727437049653211,0.00011777494124143306
RACESURV5g_W43,high,0.5342107450082298,Declared,0.533466269965321,0.0007444750429088653
RACESURV5h_W43,low,0.8047582880438564,Declared,0.8043556930646295,0.00040259497922690013
RACESURV5h_W43,high,0.6637008716435491,Declared,0.6635010766560835,0.00019979498746558466
RACESURV5i_W43,low,1.1977655230317978,Declared,1.1947626530523734,0.0030028699794244496
RACESURV5i_W43,high,1.1974783320371851,Declared,1.1950901770298659,0.0023881550073192592
RACESURV5j_W43,low,0.6494067809306038,Declared,0.565652335,0.08375444593060377
RACESURV5j_W43,high,0.48409622998345975,Declared,0.4801903100000001,0.003905919983459627
RACESURV5l_W43,low,2.6154052049689014,Declared,1.6823399503178456,0.9330652546510558
RACESURV5l_W43,high,1.8107914849875142,Declared,1.8069744953178453,0.0038169896696689243
RACESURV9_W43,low,0.4815661953972363,Declared,0.33350247966246416,0.14806371573477212
RACESURV9_W43,high,0.26689151999442645,Declared,0.2623482496624641,0.004543270331962335
INFOCHALa_W45,low,0.6367186600000819,Declared,0.6367215499999466,-2.889999864641446e-06
INFOCHALa_W45,high,0.30972557000008416,Declared,0.3097286799999468,-3.1099998626382686e-06
INFOCREATEa_W45,low,0.557649919634572,Declared,0.558799919511552,-0.0011499998769799458
INFOCREATEa_W45,high,0.588068648429307,Declared,0.6477137560293937,-0.05964510760008679
MADEUPOFT_W45,low,0.5447069917215603,Declared,0.40772803438925953,0.1369789573323008
MADEUPOFT_W45,high,0.48427755505744796,Declared,0.32959552953223015,0.15468202552521781
MADEUPTOPICb_W45,low,0.43516080893191933,Declared,0.48773490001659914,-0.05257409108467981
MADEUPTOPICb_W45,high,0.437604999817479,Declared,0.445901100016599,-0.008296100199119971
MADEUPTOPICc_W45,low,0.2990270585862289,Declared,0.9127788031773026,-0.6137517445910737
MADEUPTOPICc_W45,high,0.6993435244400447,Declared,0.9505718824884574,-0.2512283580484127
MADEUPTOPICd_W45,low,0.8378047271544067,Declared,0.878537980602397,-0.04073325344799028
MADEUPTOPICd_W45,high,0.9735008317304069,Declared,0.9912311206231528,-0.01773028889274586
NEWSPROBd_W45,low,0.6807447024907776,Declared,0.6307223170972222,0.05002238539355541
NEWSPROBd_W45,high,0.5419110452837717,Declared,0.5888942042555567,-0.046983158971785066
NEWSPROBe_W45,low,1.0917021488464815,Declared,0.5667566881960843,0.5249454606503973
NEWSPROBe_W45,high,0.9848042403231761,Declared,0.5686513855966074,0.4161528547265687
NEWS_PLATFORMg_W45,low,0.9300650076723762,Declared,0.8863652372128371,0.0436997704595391
NEWS_PLATFORMg_W45,high,1.5625008614933247,Declared,1.20748291,0.3550179514933247
SMLIKESb_W45,low,0.9505662294334648,Declared,1.0071105199978154,-0.05654429056435062
SMLIKESb_W45,high,0.9975281593899892,Declared,1.0177526399978154,-0.020224480607826223
SMLIKESf_W45,low,0.4091351620181354,Declared,0.6277728602991466,-0.2186376982810112
SMLIKESf_W45,high,0.4826577591964202,Declared,0.5480584302991467,-0.06540067110272652
BENEFITGOV_W49,low,0.5714798999948789,Declared,0.7043065746848847,-0.13282667469000575
BENEFITGOV_W49,high,0.15797303301170856,Declared,0.4655582046848846,-0.30758517167317606
CONCERNCO_W49,low,0.879587829537857,Declared,0.6090945462069298,0.27049328333092715
CONCERNCO_W49,high,0.43303211270397995,Declared,0.4473033762069295,-0.01427126350294955
CONCERNGRPa_W49,low,0.9981018598146839,Declared,0.39345110519084914,0.6046507546238348
CONCERNGRPa_W49,high,1.1171841761858665,Declared,0.49393804155798415,0.6232461346278824
CONCERNGRPc_W49,low,1.08385627,Declared,0.4808153570387594,0.6030409129612406
CONCERNGRPc_W49,high,0.5638584906895665,Declared,0.4387820070387593,0.1250764836508072
CONTROLCO_W49,low,0.5906378259168024,Declared,0.5585361320463527,0.0321016938704497
CONTROLCO_W49,high,1.0370408676298666,Declared,0.5247310103841594,0.5123098572457072
CONTROLGRPc_W49,low,0.6808119349533628,Declared,0.7771212601849368,-0.09630932523157398
CONTROLGRPc_W49,high,0.30343794479512864,Declared,0.5590580901849368,-0.25562014538980815
DATAUSEd_W49,low,0.4145329299981715,Declared,0.4145329999990425,-7.000087098862906e-08
DATAUSEd_W49,high,0.5171909899996687,Declared,0.5171909099990424,8.000062634572203e-08
FACE3c_W49,low,0.9832562601556166,Declared,0.9912429599124295,-0.007986699756812876
FACE3c_W49,high,1.0222365799850106,Declared,1.0223134799991036,-7.69000140929954e-05
GOVREGV1_W49,low,0.20949721790493087,Declared,0.20936811791815602,0.0001290999867748499
GOVREGV1_W49,high,0.049826468535891455,Declared,0.11164472001315245,-0.061818251477261
HOMEASSIST2_W49,low,1.1188522352943342,Declared,0.6178353090464621,0.5010169262478721
HOMEASSIST2_W49,high,0.6623965144448136,Declared,0.5789180123037437,0.08347850214106989
HOMEASSIST3_W49,low,0.6498157734917931,Declared,0.5827113489053684,0.06710442458642474
HOMEASSIST3_W49,high,0.6228041133259153,Declared,0.6027103054085508,0.020093807917364592
HOMEASSIST4_W49,low,1.2420653774674197,Declared,1.130867898691321,0.11119747877609876
HOMEASSIST4_W49,high,1.4798154247984703,Declared,1.367025325926182,0.1127900988722883
PP5e_W49,low,0.7013297530375155,Declared,0.6985178830501989,0.0028118699873166397
PP5e_W49,high,0.43974737708620293,Declared,0.5740065358461985,-0.1342591587599956
PWMAN2_W49,low,2.765677398038362,Declared,1.7537611806965576,1.0119162173418044
PWMAN2_W49,high,2.1359740783036383,Declared,1.6277137959796462,0.5082602823239921
SMARTAPP_W49,low,1.2119238699966046,Declared,0.8944076690713444,0.31751620092526023
SMARTAPP_W49,high,1.0684117633649906,Declared,0.7842059290713445,0.2842058342936461
TRACKCO1a_W49,low,0.9595704336154931,Declared,0.7454590225052853,0.21411141111020782
TRACKCO1a_W49,high,0.6343377997047971,Declared,0.4838852507060437,0.15045254899875338
TRACKCO1b_W49,low,0.98275126,Declared,1.2511367649390195,-0.26838550493901947
TRACKCO1b_W49,high,0.9850611812230657,Declared,0.9957820861620853,-0.01072090493901956
TRACKGOV1a_W49,low,1.1392705599914519,Declared,1.139382580001218,-0.00011202000976617832
TRACKGOV1a_W49,high,0.9448330700022322,Declared,0.944824940001218,8.130001014183819e-06
TRACKGOV1b_W49,low,0.9818540453465477,Declared,1.0741376390378914,-0.09228359369134365
TRACKGOV1b_W49,high,0.8387317916126819,Declared,0.8345899614333682,0.004141830179313688
COHABDUR_W50,low,2.4638703699065254,Declared,2.194192851862937,0.2696775180435882
COHABDUR_W50,high,2.290785773033972,Declared,1.9191421999591602,0.3716435730748118
DNA2b_W50,low,0.22460977087872402,Declared,0.23374708480135384,-0.009137313922629814
DNA2b_W50,high,0.406559959933749,Declared,0.23459677480135385,0.17196318513239514
DNA5_W50,low,0.2424002899963916,Declared,0.241135409933749,0.0012648800626426093
DNA5_W50,high,0.12157101,Declared,0.120304279933749,0.0012667300662509984
E5MOD_W50,low,0.2730599313516586,Declared,0.43294281736982826,-0.15988288601816963
E5MOD_W50,high,0.6085682901757888,Declared,0.15679920736982822,0.4517690828059606
FAMSURV10c_W50,low,0.8449910615469683,Declared,0.8435360716290808,0.0014549899178875059
FAMSURV10c_W50,high,0.5984945215427443,Declared,0.6322022037424195,-0.03370768219967524
FAMSURV16_W50,low,0.37813686000071733,Declared,0.21058107832408354,0.1675557816766338
FAMSURV16_W50,high,0.36558037,Declared,0.19800471832408356,0.16757565167591643
FAMSURV1_W50,low,0.48361988999999994,Declared,0.1070118541510508,0.37660803584894914
FAMSURV1_W50,high,0.18274463493902637,Declared,0.2815351417265994,-0.09879050678757301
FAMSURV20_W50,low,0.2550953878052451,Declared,0.07317979546859738,0.18191559233664772
FAMSURV20_W50,high,0.16915707444000433,Declared,0.09211039453140263,0.0770466799086017
FAMSURV23b_W50,low,0.6136638861366387,Declared,0.6163058161659231,-0.0026419300292843673
FAMSURV23b_W50,high,0.2624269365214058,Declared,0.3475729065214058,-0.08514597000000002
FAMSURV23c_W50,low,0.41542308999691263,Declared,0.4152253500246478,0.0001977399722648543
FAMSURV23c_W50,high,0.06861681,Declared,0.0682724000246477,0.0003444099753523028
FAMSURV23d_W50,low,0.38214679329122414,Declared,0.32087015804547847,0.06127663524574567
FAMSURV23d_W50,high,0.17723128348065717,Declared,0.12686112994126753,0.050370153539389645
FAMSURV23e_W50,low,1.0760239892340568,Declared,1.0492728868250318,0.026751102409025007
FAMSURV23e_W50,high,1.100357318989286,Declared,0.8627131475859846,0.2376441714033013
FAMSURV23f_W50,low,0.8870528054064439,Declared,0.7586708687240697,0.1283819366823742
FAMSURV23f_W50,high,1.024920438151553,Declared,0.5866378497330839,0.43828258841846923
FAMSURV23g_W50,low,0.668471029959092,Declared,0.6683342100288489,0.00013681993024317052
FAMSURV23g_W50,high,0.750354910000415,Declared,0.7496544400288487,0.0007004699715662532
FAMSURV26a_W50,low,0.6004771459121127,Declared,0.5523420219918087,0.048135123920303946
FAMSURV26a_W50,high,0.6275094044542371,Declared,0.6056185259638724,0.02189087849036464
FAMSURV26b_W50,low,0.6815830699651532,Declared,0.4482705882762979,0.23331248168885527
FAMSURV26b_W50,high,0.8650337559384174,Declared,0.490388151027676,0.37464560491074134
FAMSURV26c_W50,low,0.40991251381063987,Declared,0.3950976148320573,0.014814898978582569
FAMSURV26c_W50,high,0.6409549909932837,Declared,0.5091780253487604,0.13177696564452324
FAMSURV26d_W50,low,0.73984254025677,Declared,0.3507976612660264,0.3890448789907436
FAMSURV26d_W50,high,0.7962914100244518,Declared,0.5313595387830656,0.2649318712413862
FAMSURV29_W50,low,0.3175034948633199,Declared,0.7352169228898646,-0.4177134280265447
FAMSURV29_W50,high,1.7236347639196248,Declared,0.7064720928898646,1.01716267102976
FAMSURV2Ma_W50,low,0.5147020800000073,Declared,0.5146980000001925,4.079999814776691e-06
FAMSURV2Ma_W50,high,0.40830851999999657,Declared,0.40830406000019254,4.4599998040295574e-06
FAMSURV2Mc_W50,low,0.4817682300000299,Declared,0.48176035000021733,7.879999812554495e-06
FAMSURV2Mc_W50,high,0.3846852300000209,Declared,0.3846748800002175,1.0349999803427323e-05
FAMSURV2Wa_W50,low,0.5163786200000294,Declared,0.5163440600007108,3.455999931867293e-05
FAMSURV2Wa_W50,high,0.39514859999998236,Declared,0.3951135000007107,3.509999927164831e-05
FAMSURV2Wc_W50,low,0.4824352751755213,Declared,0.4824325351753843,2.740000137002596e-06
FAMSURV2Wc_W50,high,0.4034736200000125,Declared,0.403469399999758,4.220000254517853e-06
FAMSURV32e_W50,low,0.4642090034952635,Declared,0.8651697087391378,-0.4009607052438743
FAMSURV32e_W50,high,0.6248913798965406,Declared,0.5091510887391377,0.11574029115740292
FAMSURV39_W50,low,0.843162531713112,Declared,0.7116206871162072,0.13154184459690477
FAMSURV39_W50,high,0.8621550371277692,Declared,0.6804590479646964,0.18169598916307284
FAMSURV3_W50,low,0.46976682473620535,Declared,0.2892667801227854,0.18050004461341995
FAMSURV3_W50,high,0.34112968039668967,Declared,0.17192576540584903,0.16920391499084064
FAMSURV40_W50,low,1.3437274934380543,Declared,1.3396202633962027,0.0041072300418516505
FAMSURV40_W50,high,1.7950266300007645,Declared,1.790919149958798,0.0041074800419664825
FAMSURV43_W50,low,0.8822840922348092,Declared,0.3957380659372669,0.4865460262975423
FAMSURV43_W50,high,0.3090587907788557,Declared,0.4390658359372668,-0.1300070451584111
FAMSURV44_W50,low,1.5844758041589286,Declared,1.2870077386798133,0.2974680654791153
FAMSURV44_W50,high,0.7273632700000001,Declared,0.9934426428332118,-0.2660793728332117
FAMSURV6_W50,low,0.6818769043743419,Declared,0.7440871742550748,-0.06221026988073286
FAMSURV6_W50,high,0.5797583607627474,Declared,0.770637207833512,-0.19087884707076452
FAMSURV9c_W50,low,0.834945019994022,Declared,0.8349365499981226,8.469995899429428e-06
FAMSURV9c_W50,high,0.584565090013478,Declared,0.5858190199981226,-0.001253929984644575
FATHER_W50,low,0.39985519622231686,Declared,0.520557840365409,-0.12070264414309212
FATHER_W50,high,0.41002190879826694,Declared,0.46488843036540906,-0.05486652156714211
HAVEKIDS1_W50,low,0.6449941427335322,Declared,0.299460690219123,0.34553345251440915
HAVEKIDS1_W50,high,1.3571290327031393,Declared,0.27872005021912283,1.0784089824840164
MARRDUR_W50,low,3.3669054623632,Declared,1.7754575369564627,1.5914479254067375
MARRDUR_W50,high,1.000038899478394,Declared,2.354560342956755,-1.3545214434783612
MARRYPREF1_W50,low,0.32617606000025984,Declared,0.32580523998102606,0.00037082001923377517
MARRYPREF1_W50,high,0.3469724100140905,Declared,0.348001989981026,-0.0010295799669354788
MARRYPREF2_W50,low,0.33912170160839017,Declared,0.33800724170986995,0.0011144598985202148
MARRYPREF2_W50,high,0.3321664853424074,Declared,0.3338956001011852,-0.0017291147587777944
MOTHER_W50,low,0.3688069704562821,Declared,0.3743390099281281,-0.005532039471845995
MOTHER_W50,high,0.32693988020332354,Declared,0.34367862992812803,-0.01673874972480449
PAR1_W50,low,0.24891067097765118,Declared,0.20128225487264026,0.04762841610501092
PAR1_W50,high,0.15291118514933855,Declared,0.15258514487264033,0.00032604027669821956
PAR2_W50,low,0.46077723461964176,Declared,0.11568881307450743,0.3450884215451343
PAR2_W50,high,0.14927876000260842,Declared,0.07058847236331711,0.07869028763929131
ROMRELDUR_W50,low,3.0327161892211625,Declared,3.0525832213153845,-0.019867032094222026
ROMRELDUR_W50,high,2.1257627887423722,Declared,2.7667450915429974,-0.6409823028006252
ROMRELSER_W50,low,1.0769855267743158,Declared,0.5779402405146391,0.4990452862596767
ROMRELSER_W50,high,0.5016203999983896,Declared,0.494300610514639,0.007319789483750561
SATLIFEc_W50,low,1.0292808387316157,Declared,0.539250326238216,0.4900305124933997
SATLIFEc_W50,high,0.9466895200000002,Declared,0.49024091014636445,0.4564486098536357
ECIMPg_W54,low,0.07312769573127698,Declared,0.07312457073148432,3.124999792658567e-06
ECIMPg_W54,high,0.13139687131390188,Declared,0.13139385131417708,3.019999724795941e-06
ECON1_W54,low,1.2859398299434326,Declared,0.6163202398314505,0.6696195901119821
ECON1_W54,high,0.45208029557534557,Declared,0.9081076289546641,-0.45602733337931856
ECON3_d_W54,low,0.7625806808036903,Declared,0.728262126140188,0.03431855466350231
ECON3_d_W54,high,0.33911719748712954,Declared,0.6783400161401882,-0.3392228186530587
ECON4_a_W54,low,1.10995364,Declared,0.9627680699633151,0.14718557003668498
ECON4_a_W54,high,0.9042615399928797,Declared,0.7047301099633151,0.19953143002956464
ECON4_b_W54,low,1.1976349119763494,Declared,0.8068570280871427,0.39077788388920676
ECON4_b_W54,high,0.9189486499983964,Declared,0.9183696600123816,0.0005789899860147996
ECON4_e_W54,low,1.6557706318649519,Declared,1.031570361282828,0.6242002705821239
ECON4_e_W54,high,1.0905377797724947,Declared,0.9892613713037244,0.10127640846877028
ECON4_f_W54,low,0.8691373708458959,Declared,1.2867624600563496,-0.4176250892104537
ECON4_f_W54,high,0.7421197100504625,Declared,0.7381668200563498,0.003952889994112696
ECON4_g_W54,low,1.6443581399855969,Declared,0.8181148317327658,0.8262433082528311
ECON4_g_W54,high,0.9982905142738916,Declared,0.4602551082670231,0.5380354060068685
ECON5_b_W54,low,2.1444868699999997,Declared,0.7704486907823712,1.3740381792176284
ECON5_b_W54,high,0.25888683430132303,Declared,0.4393831757823712,-0.18049634148104815
ECON5_c_W54,low,1.142460991369902,Declared,0.6946823909675789,0.4477786004023231
ECON5_c_W54,high,0.529671355,Declared,0.7503608187759436,-0.22068946377594367
ECON5_d_W54,low,0.6797548149988597,Declared,0.5730382846630332,0.10671653033582651
ECON5_d_W54,high,1.0466952200013333,Declared,0.9400003296630333,0.10669489033830004
ECON5_e_W54,low,0.8874333555865728,Declared,0.753976695,0.1334566605865728
ECON5_e_W54,high,0.708539379321148,Declared,0.711426285,-0.002886905678852081
ECON5_f_W54,low,1.0429157153356572,Declared,0.720109606544911,0.3228061087907462
ECON5_f_W54,high,0.7801843700499361,Declared,0.7608083341250866,0.01937603592484949
ECON5_g_W54,low,0.7617664611006971,Declared,0.6803149847502064,0.08145147635049077
ECON5_g_W54,high,0.3667533981284268,Declared,0.6587032697502065,-0.29194987162177977
ECON5_h_W54,low,1.1244652937549788,Declared,0.6556796037549789,0.4687856899999999
ECON5_h_W54,high,1.3878820161224956,Declared,0.9191910711198643,0.4686909450026313
ECON5_i_W54,low,0.7324238203117468,Declared,0.8671160449833571,-0.13469222467161035
ECON5_i_W54,high,0.7898302174818671,Declared,0.8393607349833571,-0.04953051750148996
ECON5_j_W54,low,0.8783227250000001,Declared,0.6216654250389642,0.2566572999610359
ECON5_j_W54,high,1.1366541975900062,Declared,0.6533346750389643,0.48331952255104194
ECON5_k_W54,low,0.7604414689168474,Declared,0.48154632237220063,0.27889514654464675
ECON5_k_W54,high,0.47100378620798333,Declared,0.34187864017456837,0.12912514603341496
FIN_SIT_W54,low,0.6684653699570502,Declared,0.8146591545925114,-0.14619378463546118
FIN_SIT_W54,high,0.3826209000001908,Declared,0.6276008045925114,-0.24497990459232066
GOVPRIORITYb_W54,low,0.6846363400001516,Declared,0.49271643767740203,0.19191990232274958
GOVPRIORITYb_W54,high,0.6551614674141896,Declared,0.5198807605592439,0.13528070685494564
GOVPRIORITYc_W54,low,0.5888971800000213,Declared,0.5888965599999831,6.200000381983983e-07
GOVPRIORITYc_W54,high,0.9986203900000001,Declared,0.9986225199999834,-2.1299999832802285e-06
GOVPRIORITYd_W54,low,0.7380694199996833,Declared,0.738073559999932,-4.140000248620268e-06
GOVPRIORITYd_W54,high,0.8384056500000002,Declared,0.8384053999999321,2.500000680916159e-07
GOVPRIORITYf_W54,low,0.4984724399995494,Declared,0.4984747399997572,-2.300000207844377e-06
GOVPRIORITYf_W54,high,0.5921434159217895,Declared,0.5921483159212619,-4.899999472396388e-06
INEQ11_W54,low,0.0592190299998797,Declared,0.041788579302300774,0.017430450697578925
INEQ11_W54,high,0.1953667100120162,Declared,0.1781244993023008,0.017242210709715405
INEQ1_W54,low,0.3285598899999599,Declared,0.32855893499999994,9.54999959945635e-07
INEQ1_W54,high,0.18856513265433683,Declared,0.20137426701376554,-0.012809134359428709
INEQ4_a_W54,low,0.3442955734209644,Declared,0.5564722447580699,-0.2121766713371055
INEQ4_a_W54,high,0.7001663932741923,Declared,0.5358185399964924,0.16434785327769985
INEQ5_a_W54,low,0.31526607933410733,Declared,0.7011080029827939,-0.3858419236486865
INEQ5_a_W54,high,0.396664560043427,Declared,0.6187567099999998,-0.22209214995657278
INEQ5_d_W54,low,1.1728495760536934,Declared,0.8205372300000002,0.3523123460536932
INEQ5_d_W54,high,0.6322127625502101,Declared,1.04514292,-0.4129301574497899
INEQ5_e_W54,low,0.763672470670907,Declared,0.7143660349038852,0.04930643576702187
INEQ5_e_W54,high,0.5681445037068309,Declared,0.8327018073869292,-0.26455730368009833
INEQ5_f_W54,low,0.7980066082004323,Declared,0.6955510373241341,0.1024555708762982
INEQ5_f_W54,high,0.5707409982807146,Declared,0.6959188773278127,-0.1251778790470981
INEQ5_h_W54,low,0.6919942669676798,Declared,0.6929340469303878,-0.0009397799627079984
INEQ5_h_W54,high,0.7010005001379318,Declared,0.7456702074577495,-0.044669707319817675
INEQ5_i_W54,low,0.5055693777055223,Declared,0.6663944095604324,-0.16082503185491004
INEQ5_i_W54,high,0.6869966480806209,Declared,0.6663963395604324,0.02060030852018846
INEQ5_k_W54,low,0.5811938827699915,Declared,0.7262931666403751,-0.14509928387038362
INEQ5_k_W54,high,0.783753481699625,Declared,0.8030784866403752,-0.01932500494075018
INEQ5_l_W54,low,1.0580974677915493,Declared,1.0856361900020073,-0.027538722210457944
INEQ5_l_W54,high,0.8694138499255957,Declared,0.8704098600020075,-0.000996010076411813
INEQ5_m_W54,low,1.0186595810817685,Declared,1.0402555599980305,-0.021595978916262082
INEQ5_m_W54,high,0.7544099799926082,Declared,0.7544629899980306,-5.301000542246026e-05
INEQ8_a_W54,low,0.7815599400000001,Declared,0.782112450000188,-0.0005525100001879668
INEQ8_a_W54,high,0.89791172,Declared,0.897958820000188,-4.7100000188038393e-05
INEQ8_b_W54,low,0.8385701200132595,Declared,0.8397595200027309,-0.0011893999894714291
INEQ8_b_W54,high,0.9045738209637603,Declared,0.9047539009538264,-0.00018007999006608433
INEQ8_c_W54,low,0.7985232592534313,Declared,0.8343019199535064,-0.03577866070007518
INEQ8_c_W54,high,0.9033280275083589,Declared,0.9329237499535064,-0.02959572244514741
INEQ8_d_W54,low,0.8343682200959446,Declared,0.835339220003802,-0.0009709999078574283
INEQ8_d_W54,high,0.8927118200262235,Declared,0.8930538300038019,-0.0003420099775783836
INEQ8_f_W54,low,0.7773821500402706,Declared,0.7781518700003569,-0.0007697199600863458
INEQ8_f_W54,high,0.8193205117996059,Declared,0.8195244518047555,-0.00020394000514967203
INEQ8_g_W54,low,0.7646899598948578,Declared,0.7661323,-0.0014423401051422147
INEQ8_g_W54,high,0.9077627099771243,Declared,0.9082749200000001,-0.0005122100228758253
INEQ8_h_W54,low,1.798705671819338,Declared,1.8104669916673537,-0.011761319848015761
INEQ8_h_W54,high,0.8373925040378024,Declared,1.4381963443059709,-0.6008038402681685
INEQ8_i_W54,low,0.7321126202595852,Declared,0.7577240200173556,-0.02561139975777038
INEQ8_i_W54,high,0.9355484093144375,Declared,0.936569519386522,-0.0010211100720844968
INEQ8_j_W54,low,0.7212950488023822,Declared,0.7340922799565403,-0.012797231154158095
INEQ8_j_W54,high,0.9042792902934819,Declared,0.9314544699565404,-0.02717517966305849
JOBTRAIN_W54,low,0.6681121566811721,Declared,0.6681125866811886,-4.300000164825235e-07
JOBTRAIN_W54,high,0.5830713599999185,Declared,0.5830706300000418,7.299998767695826e-07
WORRY2a_W54,low,0.7617206464076542,Declared,1.1871554681284455,-0.4254348217207913
WORRY2a_W54,high,1.4828010051815337,Declared,0.4206389714539376,1.062162033727596
WORRY2b_W54,low,1.1635977517827771,Declared,1.682224764114825,-0.5186270123320478
WORRY2b_W54,high,1.1330093799999998,Declared,0.8234835654685363,0.30952581453146355
WORRY2c_W54,low,0.7270780658883543,Declared,1.8437633813474084,-1.116685315459054
WORRY2c_W54,high,1.3808249500234222,Declared,0.4974027306459411,0.8834222193774811
WORRY2d_W54,low,1.140376837403568,Declared,0.9752476934801831,0.16512914392338496
WORRY2d_W54,high,1.7721683502525385,Declared,0.65182233484899,1.1203460154035485
WORRY2e_W54,low,1.13359991,Declared,1.2579253300000002,-0.12432542000000013
WORRY2e_W54,high,0.8103860468304842,Declared,0.7869977000000002,0.023388346830483964
GAP21Q10_W82,low,0.2877437923296675,Declared,0.19702218324256654,0.09072160908710097
GAP21Q10_W82,high,0.2832902993514059,Declared,0.19746151908298265,0.08582878026842328
GAP21Q13_b_W82,low,0.54653946500593,Declared,0.5745483156608112,-0.028008850654881234
GAP21Q13_b_W82,high,0.5818400658083032,Declared,0.5800598457159264,0.001780220092376772
GAP21Q15_a_W82,low,1.7565358120281425,Declared,0.9446250368548972,0.8119107751732453
GAP21Q15_a_W82,high,0.808395921122644,Declared,0.9364337268548972,-0.1280378057322532
GAP21Q15_b_W82,low,0.7290212383420918,Declared,0.8406021618736816,-0.11158092353158988
GAP21Q15_b_W82,high,0.5044478422046064,Declared,0.5148062718736817,-0.010358429669075297
GAP21Q15_c_W82,low,0.635797625245309,Declared,0.9746407193908695,-0.33884309414556046
GAP21Q15_c_W82,high,0.6741484000000001,Declared,0.6785305896049583,-0.0043821896049581754
GAP21Q15_d_W82,low,0.6156939804237903,Declared,0.7305624401140657,-0.11486845969027537
GAP21Q15_d_W82,high,0.5897707545018002,Declared,0.6537665600946337,-0.06399580559283358
GAP21Q15_e_W82,low,0.7056440170564403,Declared,0.6739557283258698,0.0316882887305705
GAP21Q15_e_W82,high,0.36703247728368293,Declared,0.42277849656530986,-0.055746019281626924
GAP21Q15_f_W82,low,1.1131876453151799,Declared,0.7202272198599339,0.392960425455246
GAP21Q15_f_W82,high,0.6551250034487504,Declared,0.6763787630821396,-0.02125375963338927
GAP21Q17_W82,low,0.8602622299382282,Declared,0.26915053463082916,0.591111695307399
GAP21Q17_W82,high,0.48693173334716694,Declared,0.13421139463082907,0.3527203387163379
GAP21Q19_a_W82,low,0.8611110796028986,Declared,0.9005717199875249,-0.03946064038462638
GAP21Q19_a_W82,high,0.8358468607090805,Declared,0.9117249808677802,-0.07587812015869966
GAP21Q19_b_W82,low,0.6272318437265827,Declared,0.6273085837265827,-7.674000000001957e-05
GAP21Q19_b_W82,high,0.5993261202632941,Declared,0.60806945,-0.008743329736705885
GAP21Q19_c_W82,low,0.609591050017279,Declared,0.6106223400348301,-0.0010312900175510897
GAP21Q19_c_W82,high,0.713413110039758,Declared,0.7140417800348301,-0.0006286699950720509
GAP21Q19_d_W82,low,0.5242536680759908,Declared,0.7154470899637739,-0.1911934218877831
GAP21Q19_d_W82,high,0.46218982000760356,Declared,0.6416501799637739,-0.17946035995617038
GAP21Q19_e_W82,low,0.7131609500169753,Declared,0.24476684750547864,0.4683941025114967
GAP21Q19_e_W82,high,0.5054019357028039,Declared,0.4481865883354278,0.0572153473673761
GAP21Q21_a_W82,low,0.7572132875765888,Declared,0.757086157582316,0.00012712999427277882
GAP21Q21_a_W82,high,0.3927306400031766,Declared,0.3923170700057239,0.00041356999745267853
GAP21Q21_e_W82,low,0.4470318348020423,Declared,0.29414815685709617,0.15288367794494612
GAP21Q21_e_W82,high,0.5077221685052234,Declared,0.1580977131323486,0.34962445537287484
GAP21Q23_W82,low,0.7226137800003971,Declared,0.7226174700001704,-3.6899997732930956e-06
GAP21Q23_W82,high,0.9999200600001392,Declared,0.9999297500001705,-9.690000031259416e-06
GAP21Q24_W82,low,1.1385927007586234,Declared,0.7883287500664664,0.350263950692157
GAP21Q24_W82,high,0.8920299803037983,Declared,0.9008272600664665,-0.008797279762668198
GAP21Q25_W82,low,0.6099674738558716,Declared,0.6101529038707061,-0.00018543001483450894
GAP21Q25_W82,high,0.7377632400032409,Declared,0.73751955997532,0.0002436800279208562
GAP21Q26_a_W82,low,0.8505010467924685,Declared,0.7824511800381589,0.06804986675430957
GAP21Q26_a_W82,high,0.979513818590988,Declared,0.6830723400381588,0.2964414785528292
GAP21Q26_b_W82,low,0.6439947035600531,Declared,0.6517230224016478,-0.00772831884159475
GAP21Q26_b_W82,high,0.6943370374765567,Declared,0.6803315461546423,0.01400549132191442
GAP21Q26_c_W82,low,0.5967769305050614,Declared,0.6269387402034432,-0.03016180969838178
GAP21Q26_c_W82,high,0.6675341300765357,Declared,0.6497410002034433,0.01779312987309245
GAP21Q27_W82,low,0.4185287880650581,Declared,0.21725827211894344,0.20127051594611467
GAP21Q27_W82,high,0.1475857152386972,Declared,0.18503154711894354,-0.03744583188024633
GAP21Q28_W82,low,0.686477976951563,Declared,0.6784186777900365,0.008059299161526479
GAP21Q28_W82,high,0.33720007636976634,Declared,0.6910793509144089,-0.3538792745446425
GAP21Q31_W82,low,0.4414948500000001,Declared,0.2022346751561912,0.2392601748438089
GAP21Q31_W82,high,0.5751905500026357,Declared,0.1789097951561915,0.39628075484644426
GAP21Q32_W82,low,0.7389862900389023,Declared,0.7399098500000002,-0.0009235599610979417
GAP21Q32_W82,high,0.7506465899849033,Declared,0.7513524300000002,-0.0007058400150968813
GAP21Q33_c_W82,low,0.5112698949038872,Declared,0.5117203548827964,-0.0004504599789092456
GAP21Q33_c_W82,high,0.48201428980582883,Declared,0.4916204400010241,-0.009606150195195284
GAP21Q33_g_W82,low,0.6011580400091203,Declared,0.600360009944898,0.0007980300642222993
GAP21Q33_g_W82,high,0.5231908499324442,Declared,0.5254665899448979,-0.0022757400124536753
GAP21Q33_i_W82,low,0.7082978470803943,Declared,0.6016586981504035,0.10663914892999082
GAP21Q33_i_W82,high,0.6552536400450385,Declared,0.5244553510669083,0.13079828897813017
GAP21Q33_j_W82,low,0.757385549803601,Declared,0.7603805600000001,-0.0029950101963991393
GAP21Q33_j_W82,high,0.707323329939278,Declared,0.70765224,-0.0003289100607219986
GAP21Q33_m_W82,low,0.3412013314316019,Declared,0.34577581,-0.004574478568398099
GAP21Q33_m_W82,high,0.30189688737772113,Declared,0.30378767684880104,-0.0018907894710799011
GAP21Q33_n_W82,low,0.4434464155638366,Declared,0.43914229565190144,0.004304119911935189
GAP21Q33_n_W82,high,0.39153304523251276,Declared,0.4825503500866488,-0.09101730485413606
GAP21Q33_q_W82,low,0.5434147400006302,Declared,0.5434276699997576,-1.2929999127386793e-05
GAP21Q33_q_W82,high,0.4263594599989354,Declared,0.4263868699997577,-2.741000082234768e-05
GAP21Q33_r_W82,low,0.296917743945597,Declared,0.25364587960682417,0.043271864338772836
GAP21Q33_r_W82,high,0.3154997618889411,Declared,0.17129323544303873,0.14420652644590234
GAP21Q33_s_W82,low,0.5632552590380768,Declared,0.42618320500336104,0.13707205403471578
GAP21Q33_s_W82,high,0.4845029877057996,Declared,0.24134696500112038,0.2431560227046792
GAP21Q34_a_W82,low,0.8370294183702939,Declared,0.837190538371953,-0.00016112000165913187
GAP21Q34_a_W82,high,0.8819336300008587,Declared,0.8820146999999998,-8.106999914114787e-05
GAP21Q34_b_W82,low,0.8578720400011124,Declared,0.8579473500007186,-7.530999960625451e-05
GAP21Q34_b_W82,high,0.8206940800522518,Declared,0.8258833200007186,-0.005189239948466873
GAP21Q34_c_W82,low,0.8676615003000615,Declared,0.8823495500094507,-0.014688049709389195
GAP21Q34_c_W82,high,0.9113474799701589,Declared,0.9125245100094506,-0.0011770300392917044
GAP21Q34_d_W82,low,0.866742949999151,Declared,0.8667365300001704,6.419998980655706e-06
GAP21Q34_d_W82,high,0.8238236299926288,Declared,0.8238885000001703,-6.487000754151762e-05
GAP21Q34_e_W82,low,0.8358493383539124,Declared,0.8358887283588874,-3.93900049749929e-05
GAP21Q34_e_W82,high,0.8755848200021193,Declared,0.8755244899988669,6.033000325245119e-05
GAP21Q34_f_W82,low,0.8527319314726807,Declared,0.8534083014655993,-0.0006763699929186462
GAP21Q34_f_W82,high,0.9152859899983751,Declared,0.9153220699997278,-3.608000135268963e-05
GAP21Q38_a_W82,low,0.5598858843694097,Declared,0.6367279202516477,-0.07684203588223804
GAP21Q38_a_W82,high,0.753665086136184,Declared,0.6315898102516477,0.12207527588453626
GAP21Q38_b_W82,low,0.5849329674537926,Declared,0.7523341324785288,-0.16740116502473612
GAP21Q38_b_W82,high,0.7905077077224884,Declared,0.7996163679984494,-0.009108660275961022
GAP21Q38_c_W82,low,0.7534079100313199,Declared,0.7549310200000001,-0.001523109968680214
GAP21Q38_c_W82,high,0.8164508993244457,Declared,0.8839634700000002,-0.0675125706755545
GAP21Q41_W82,low,0.8436438745331801,Declared,0.5965687799922055,0.24707509454097465
GAP21Q41_W82,high,0.3935275200522828,Declared,0.3942456699923386,-0.0007181499400558122
GAP21Q43_g_W82,low,0.7170523102596109,Declared,0.7424427299258101,-0.02539041966619915
GAP21Q43_g_W82,high,0.7473660574616448,Declared,0.7469155274006725,0.0004505300609722873
GAP21Q47_W82,low,1.6663297700069744,Declared,1.6643016,0.002028170006974417
GAP21Q47_W82,high,1.3534709158710032,Declared,1.55258811,-0.19911719412899687
GAP21Q4_a_W82,low,1.1447094114679748,Declared,0.38410369774206987,0.7606057137259049
GAP21Q4_a_W82,high,0.5706997205078792,Declared,0.3843301218680437,0.1863695986398355
GAP21Q4_b_W82,low,0.799858560677049,Declared,0.40630938087926277,0.3935491797977862
GAP21Q4_b_W82,high,0.8301716431792727,Declared,0.6174684408792628,0.21270320230000994
GAP21Q4_c_W82,low,0.5480599851855625,Declared,0.5520750455447218,-0.004015060359159217
GAP21Q4_c_W82,high,0.39512826044681226,Declared,0.43960970002197375,-0.044481439575161486
GAP21Q4_d_W82,low,0.4309237668683181,Declared,0.6123758961237591,-0.18145212925544096
GAP21Q4_d_W82,high,0.5059269990742823,Declared,0.5145806799542917,-0.008653680880009396
GAP21Q4_e_W82,low,0.5902703494033448,Declared,0.6708122325326455,-0.08054188312930077
GAP21Q4_e_W82,high,0.6204686696827636,Declared,0.5490774399999998,0.07139122968276379
GAP21Q4_f_W82,low,0.43153298913384214,Declared,0.6704288600156286,-0.2388958708817865
GAP21Q4_f_W82,high,0.43489190972772646,Declared,0.562918025652623,-0.1280261159248966
GAP21Q7_a_W82,low,0.780905037217364,Declared,0.8088956102352275,-0.02799057301786345
GAP21Q7_a_W82,high,0.702356437105492,Declared,0.693325987286101,0.009030449819391051
GAP21Q7_b_W82,low,0.6725920945787653,Declared,0.6683197375131418,0.0042723570656235665
GAP21Q7_b_W82,high,0.4268055207852921,Declared,0.7443713689959333,-0.31756584821064116
GAP21Q7_d_W82,low,0.42531997638887753,Declared,0.28185077755192045,0.14346919883695708
GAP21Q7_d_W82,high,0.4909919607729501,Declared,0.31958200755192046,0.17140995322102964
BILLION_W92,low,0.3686432570091894,Declared,0.225116545,0.14352671200918937
BILLION_W92,high,0.23370775231466753,Declared,0.23398042733987878,-0.00027267502521124976
CANDEXP_W92,low,0.5761600515177131,Declared,0.6520303599986185,-0.07587030848090537
CANDEXP_W92,high,0.7640429276404292,Declared,0.764656587645338,-0.0006136600049087004
ELECT_CONF3_PRVFR_W92,low,0.9116583550164852,Declared,0.8340011655203621,0.0776571894961231
ELECT_CONF3_PRVFR_W92,high,1.0209112470540305,Declared,0.9106608955203621,0.11025035153366836
ELECT_CONF3_PRVSUP_W92,low,1.2388729599851338,Declared,0.6946603599012797,0.5442126000838541
ELECT_CONF3_PRVSUP_W92,high,0.38711274079741653,Declared,0.6930735368461178,-0.3059607960487013
ELECT_IMPT3_PRVFR_W92,low,0.4639871280569854,Declared,0.775147847762709,-0.31116071970572357
ELECT_IMPT3_PRVFR_W92,high,0.5578389201293711,Declared,0.5617769300074872,-0.0039380098781161
FREECOLL_W92,low,0.49764303000000004,Declared,0.6094344090544354,-0.11179137905443531
FREECOLL_W92,high,0.7921687902812291,Declared,0.8371881992505781,-0.04501940896934897
GODMORALIMP_W92,low,0.9058903899998078,Declared,0.9058896499997929,7.400000148205521e-07
GODMORALIMP_W92,high,1.0527947500002446,Declared,1.0527905099997932,4.240000451405379e-06
LEGALIMMIGAMT_W92,low,0.8050236123867851,Declared,0.7196636574428126,0.08535995494397253
LEGALIMMIGAMT_W92,high,0.7158261770992923,Declared,0.6666293157115594,0.04919686138773294
POLINTOL2_a_W92,low,0.6751224119997715,Declared,0.7434521082003647,-0.06832969620059315
POLINTOL2_a_W92,high,0.9870689821917714,Declared,0.8665510905743825,0.1205178916173889
PROG_RNEED_W92,low,0.5440494699998895,Declared,0.54404805000006,1.4199998294994742e-06
PROG_RNEED_W92,high,0.684860839999896,Declared,0.68485888000006,1.9599998359876025e-06
RACESURV52MOD_W92,low,0.9293311893442854,Declared,0.9335747993442853,-0.004243609999999953
RACESURV52MOD_W92,high,0.7945474879483451,Declared,0.79383725794691,0.0007102300014351082
REPRSNTDEM_W92,low,0.41467692394356925,Declared,0.8527865595107986,-0.43810963556722937
REPRSNTDEM_W92,high,1.36421673,Declared,0.8070044983188551,0.557212231681145
REPRSNTREP_W92,low,0.6445732455574724,Declared,0.7321465269744514,-0.08757328141697895
REPRSNTREP_W92,high,1.7630899678188894,Declared,0.7570425769744512,1.0060473908444383
SOCIETY_GUNS_W92,low,1.40084532987774,Declared,1.37228306,0.02856226987773991
SOCIETY_GUNS_W92,high,1.1940559355493277,Declared,1.30977407,-0.11571813445067236
SOCIETY_RELG_W92,low,0.8334464323109587,Declared,0.8716815300084264,-0.03823509769746769
SOCIETY_RELG_W92,high,1.0350140198279183,Declared,1.0366451600084265,-0.0016311401805082504
SOCIETY_RHIST_W92,low,1.1055761611333403,Declared,1.1531132306390972,-0.04753706950575687
SOCIETY_RHIST_W92,high,1.1227267198375739,Declared,1.1159171306390974,0.006809589198476518
SOCIETY_SSM_W92,low,1.3732084947733045,Declared,1.4183264000000007,-0.04511790522669612
SOCIETY_SSM_W92,high,1.320556553073667,Declared,1.2142970600000003,0.10625949307366667
SOCIETY_TRANS_W92,low,1.6389467261472397,Declared,1.763880094527142,-0.12493336837990232
SOCIETY_TRANS_W92,high,1.683913550066936,Declared,1.5081785245271417,0.17573502553979425
SOCIETY_WHT_W92,low,0.639109420609431,Declared,0.6458747199997535,-0.0067652993903225545
SOCIETY_WHT_W92,high,0.434700885650736,Declared,0.43492023565048965,-0.00021934999975364855
UNIMMIGCOMM_W92,low,0.8029568199014889,Declared,0.7936569295294932,0.009299890371995745
UNIMMIGCOMM_W92,high,0.8001529680231793,Declared,0.7888232875353529,0.011329680487826344
USEXCEPT_W92,low,0.9721093001887313,Declared,0.5053126000959434,0.46679670009278795
USEXCEPT_W92,high,0.45516163000369936,Declared,0.4541609300959434,0.0010006999077559753
USMILSIZ_W92,low,1.4788867699887525,Declared,1.388328641814912,0.09055812817384057
USMILSIZ_W92,high,0.7088065971297359,Declared,1.1194769839171377,-0.41067038678740175
WHADVANT_W92,low,1.13348370974032,Declared,1.0464807811297088,0.08700292861061132
WHADVANT_W92,high,1.318459954037922,Declared,1.2161555644209736,0.10230438961694843
CARRYGUN_W26,low,0.628165289162149,Steered N=2,0.9136522199992496,-0.28548693083710064
CARRYGUN_W26,high,0.23027784160492829,Steered N=2,1.2017456799992496,-0.9714678383943214
GROWUPGUN2A_W26,low,0.021209330000000026,Steered N=2,0.3421122000690384,-0.3209028700690384
GROWUPGUN2A_W26,high,0.1653043415578318,Steered N=2,0.43980611006903847,-0.27450176851120667
GROWUPGUN2B_W26,low,0.028441581271194116,Steered N=2,0.341534639885395,-0.3130930586142009
GROWUPGUN2B_W26,high,0.08517541811440732,Steered N=2,0.349925409885395,-0.2647499917709877
GROWUPGUN2C_W26,low,0.17206604999999997,Steered N=2,0.5163672499678363,-0.34430119996783637
GROWUPGUN2C_W26,high,0.29882500713789706,Steered N=2,0.5359508199678363,-0.23712581282993928
GROWUPGUN4_W26,low,0.20787193999999992,Steered N=2,0.5581838698726713,-0.3503119298726714
GROWUPGUN4_W26,high,0.16949206533709438,Steered N=2,0.5618342498726714,-0.392342184535577
GROWUPGUN6_W26,low,0.8187773783760763,Steered N=2,0.6118251784940637,0.20695219988201263
GROWUPGUN6_W26,high,0.7326545719019066,Steered N=2,0.659215716592157,0.07343885530974958
GROWUPGUN7_W26,low,0.5973519383625121,Steered N=2,0.9549095264106642,-0.3575575880481521
GROWUPGUN7_W26,high,0.410597623902791,Steered N=2,1.1298723545137181,-0.7192747306109272
GROWUPVIOL_W26,low,1.2348075297858623,Steered N=2,1.4041511440828067,-0.16934361429694444
GROWUPVIOL_W26,high,1.6806036476973232,Steered N=2,1.7517775940828066,-0.07117394638548347
GUNACCESS_W26,low,0.06738451394377232,Steered N=2,1.4902660649034014,-1.422881550959629
GUNACCESS_W26,high,0.357867308842962,Steered N=2,1.7367670426327,-1.378899733789738
GUNACTIVITYA_W26,low,1.1278615716527483,Steered N=2,0.85320623,0.2746553416527483
GUNACTIVITYA_W26,high,1.1437589443803966,Steered N=2,0.8282032313923923,0.31555571298800433
GUNACTIVITYB_W26,low,0.7696828355828071,Steered N=2,0.719464285638152,0.05021854994465513
GUNACTIVITYB_W26,high,0.9679186505681272,Steered N=2,0.6939066437770599,0.2740120067910673
GUNCONTRIBA_W26,low,0.26346262248474533,Steered N=2,0.7524129214987973,-0.488950299014052
GUNCONTRIBA_W26,high,0.3378268529842655,Steered N=2,0.8919344792671948,-0.5541076262829293
GUNCONTRIBC_W26,low,0.05777660563736442,Steered N=2,0.9370357971384997,-0.8792591915011353
GUNCONTRIBC_W26,high,0.13964568378655742,Steered N=2,0.6853009549453427,-0.5456552711587853
GUNCONTRIBE_W26,low,0.3643509554275016,Steered N=2,1.1101961899969877,-0.745845234569486
GUNCONTRIBE_W26,high,0.2582226385694436,Steered N=2,0.8692944499969876,-0.611071811427544
GUNCONTRIBF_W26,low,0.204463096115944,Steered N=2,0.600296910031116,-0.395833813915172
GUNCONTRIBF_W26,high,0.21120510311656465,Steered N=2,0.5339474346812696,-0.32274233156470494
GUNFRIEND_W26,low,0.536553206997779,Steered N=2,1.869316361372967,-1.332763154375188
GUNFRIEND_W26,high,0.5707527742309997,Steered N=2,1.8652950200826635,-1.2945422458516638
GUNIDENTITY_W26,low,0.0376969279756581,Steered N=2,0.9337652700318447,-0.8960683420561866
GUNIDENTITY_W26,high,0.12658729424728776,Steered N=2,0.9233004200318448,-0.796713125784557
GUNLOADED1_W26,low,0.32189824728579125,Steered N=2,0.586838750078938,-0.2649405027931468
GUNLOADED1_W26,high,0.25847947185514647,Steered N=2,0.6479738300789379,-0.38949435822379147
GUNLOADED2_W26,low,0.052264956169496446,Steered N=2,0.40873892000051637,-0.3564739638310199
GUNLOADED2_W26,high,0.21475041900427294,Steered N=2,0.2686412200005164,-0.05389080099624344
GUNLOCKED1_W26,low,0.08095554508572622,Steered N=2,0.6646412473925529,-0.5836857023068267
GUNLOCKED1_W26,high,0.06483849568694217,Steered N=2,0.6666605673925529,-0.6018220717056106
GUNLOCKED2_W26,low,0.34839977000000005,Steered N=2,0.6302565304728855,-0.2818567604728855
GUNLOCKED2_W26,high,0.2833271786536993,Steered N=2,0.4937585904728856,-0.21043141181918634
GUNRESPKIDSD_W26,low,0.4720459735792989,Steered N=2,1.4004208,-0.9283748264207011
GUNRESPKIDSD_W26,high,1.0052283944595501,Steered N=2,1.7149525128500827,-0.7097241183905325
GUNRESPKIDSE_W26,low,0.21364502281619313,Steered N=2,0.781253699999954,-0.5676086771837608
GUNRESPKIDSE_W26,high,0.33098667330986653,Steered N=2,1.019152800191528,-0.6881661268816615
GUNRESPNOKIDSA_W26,low,0.3511168238846566,Steered N=2,0.5516657399979797,-0.20054891611332315
GUNRESPNOKIDSA_W26,high,0.0998734242189474,Steered N=2,0.5418204954171947,-0.4419470711982473
GUNRESPNOKIDSB_W26,low,0.3368143909210737,Steered N=2,0.794276787874396,-0.45746239695332236
GUNRESPNOKIDSB_W26,high,0.22647592164215874,Steered N=2,0.8083445680150736,-0.5818686463729148
GUNRESPNOKIDSC_W26,low,0.5031748168069923,Steered N=2,0.42313131481756827,0.080043501989424
GUNRESPNOKIDSC_W26,high,0.4057499696440118,Steered N=2,0.2856118934423695,0.1201380762016423
GUNRESPNOKIDSD_W26,low,0.47493153946321853,Steered N=2,1.4107915732042602,-0.9358600337410417
GUNRESPNOKIDSD_W26,high,0.8259181100000001,Steered N=2,1.55967725320426,-0.7337591432042598
GUNRESPNOKIDSE_W26,low,0.10876994000000006,Steered N=2,1.0207235000526516,-0.9119535600526515
GUNRESPNOKIDSE_W26,high,0.10609035585918514,Steered N=2,0.7911753500526513,-0.6850849941934661
GUNRESPNOKIDSF_W26,low,0.22224420938657807,Steered N=2,0.32150517396955114,-0.09926096458297307
GUNRESPNOKIDSF_W26,high,0.06249696222390738,Steered N=2,0.3088178896486094,-0.24632092742470202
GUNSAFETYKIDS_W26,low,0.1701677532695318,Steered N=2,0.2377731974065227,-0.0676054441369909
GUNSAFETYKIDS_W26,high,0.17465772301369112,Steered N=2,0.24065226740652268,-0.06599454439283156
GUNSAFE_W26,low,0.16559128993814493,Steered N=2,0.16314780497467596,0.002443484963468967
GUNSAFE_W26,high,0.06858861213483047,Steered N=2,0.18853409806401084,-0.11994548592918036
GUNTYPEOWNC_W26,low,0.07501776727065718,Steered N=2,0.8459823899957537,-0.7709646227250966
GUNTYPEOWNC_W26,high,0.3780574690541022,Steered N=2,1.2202960822008375,-0.8422386131467353
NOCARRYGUN_W26,low,0.16475896999999995,Steered N=2,0.4771572566810043,-0.31239828668100433
NOCARRYGUN_W26,high,0.0013314500000000118,Steered N=2,0.46527400668100427,-0.46394255668100426
REASONGUNA_W26,low,0.21860741530029915,Steered N=2,0.3112535500000001,-0.09264613469970095
REASONGUNA_W26,high,0.10912885155827967,Steered N=2,0.47247181000000016,-0.3633429584417205
REASONGUNB_W26,low,0.3420799311221492,Steered N=2,0.9177471508249578,-0.5756672197028087
REASONGUNB_W26,high,0.5934678427089541,Steered N=2,1.0482700200029154,-0.4548021772939612
REASONGUNC_W26,low,0.44513362531391754,Steered N=2,1.0495133894733502,-0.6043797641594326
REASONGUNC_W26,high,0.3543623355123539,Steered N=2,0.8868593488433808,-0.532497013331027
REASONGUND_W26,low,0.36943703,Steered N=2,0.6620825203264004,-0.29264549032640036
REASONGUND_W26,high,0.3504512281926934,Steered N=2,0.5811452103264004,-0.230693982133707
REASONGUNE_W26,low,0.8811200864741271,Steered N=2,0.3100442536310937,0.5710758328430334
REASONGUNE_W26,high,0.9002366714345271,Steered N=2,0.3839456036310937,0.5162910678034334
SHOOTFREQ_W26,low,0.8853354367663212,Steered N=2,0.6943704600113607,0.1909649767549605
SHOOTFREQ_W26,high,0.5538809243839369,Steered N=2,0.9411203105887969,-0.38723938620486
WORRYB_W26,low,0.18661276912531177,Steered N=2,0.4549147238120975,-0.26830195468678575
WORRYB_W26,high,0.3955834721122503,Steered N=2,0.4710419338120975,-0.07545846169984721
WORRYD_W26,low,0.03283659647616005,Steered N=2,0.6360389598143319,-0.6032023633381718
WORRYD_W26,high,0.6847465034924853,Steered N=2,1.3169311898143319,-0.6321846863218465
WORRYE_W26,low,0.28522473954706706,Steered N=2,0.4060486371540636,-0.12082389760699652
WORRYE_W26,high,0.45996080793637845,Steered N=2,0.4259244416193999,0.03403636631697854
WORRYF_W26,low,0.4591241936779771,Steered N=2,0.526173044575301,-0.06704885089732393
WORRYF_W26,high,0.6983945381645527,Steered N=2,0.6372129599999999,0.06118157816455272
BOYSF1B_W29,low,0.197261765,Steered N=2,0.2295648997966604,-0.03230313479666039
BOYSF1B_W29,high,0.1993489455871459,Steered N=2,0.2611267847966604,-0.06177783920951452
FAVORS_CPS_W29,low,1.7767334272241893,Steered N=2,0.6689035667697967,1.1078298604543926
FAVORS_CPS_W29,high,0.3632675276335753,Steered N=2,0.4626163652930755,-0.0993488376595002
FEM2_W29,low,0.3647082416040669,Steered N=2,0.47750902541202755,-0.11280078380796066
FEM2_W29,high,0.5059156500000002,Steered N=2,0.3058678902438441,0.20004775975615607
GIRLSF2C_W29,low,0.19786063073298146,Steered N=2,0.21581921496295237,-0.017958584229970903
GIRLSF2C_W29,high,0.25017212724517146,Steered N=2,0.22299696782255304,0.027175159422618417
GIRLSF2D_W29,low,0.20014453072000676,Steered N=2,0.2576658275742073,-0.05752129685420054
GIRLSF2D_W29,high,0.20052921602749124,Steered N=2,0.196398744996732,0.004130471030759253
GOPDIRCT_W29,low,0.367530472304283,Steered N=2,0.5252199745948707,-0.1576895022905877
GOPDIRCT_W29,high,0.34350237680802564,Steered N=2,0.1772709050075012,0.16623147180052444
HOOD_NHISB_W29,low,0.2641472700813411,Steered N=2,0.6182570062608176,-0.3541097361794765
HOOD_NHISB_W29,high,0.41121170697349885,Steered N=2,0.5418069721260885,-0.13059526515258968
LOCALELECT_W29,low,0.5104390220084142,Steered N=2,1.1496510484242837,-0.6392120264158695
LOCALELECT_W29,high,0.1846052256886288,Steered N=2,0.8351189283036659,-0.650513702615037
MAN1A_W29,low,0.28083405999999994,Steered N=2,0.6465865102738224,-0.36575245027382247
MAN1A_W29,high,0.19828362930929952,Steered N=2,0.5598564602738224,-0.36157283096452286
MAN1B_W29,low,0.44991356811875705,Steered N=2,0.9625845400238788,-0.5126709719051218
MAN1B_W29,high,0.7963957830111228,Steered N=2,1.050165510023879,-0.25376972701275613
MAN1C_W29,low,0.42685540654589194,Steered N=2,0.7829323878232028,-0.3560769812773109
MAN1C_W29,high,0.8746360296604266,Steered N=2,0.9742514799908184,-0.09961545033039176
MAN1D_W29,low,0.262803249239234,Steered N=2,0.9333350900001567,-0.6705318407609226
MAN1D_W29,high,0.31159020456588904,Steered N=2,0.7436996900001567,-0.43210948543426764
MAN1E_W29,low,0.3519555464804449,Steered N=2,0.6824656527945533,-0.3305101063141084
MAN1E_W29,high,0.17443569940433779,Steered N=2,0.5670583653532585,-0.3926226659489207
MASC2_W29,low,0.2893392586902575,Steered N=2,0.5053522964615491,-0.2160130377712916
MASC2_W29,high,0.406756404039916,Steered N=2,0.5436683962629565,-0.1369119922230405
S12_W29,low,0.26767503034618134,Steered N=2,0.8185208611895335,-0.5508458308433521
S12_W29,high,1.9451251347739953,Steered N=2,0.4255495053117513,1.519575629462244
S13_W29,low,0.18205681116876854,Steered N=2,0.9367159796610875,-0.754659168492319
S13_W29,high,1.550561286221197,Steered N=2,0.6783985602473313,0.8721627259738658
SEENFEM_W29,low,0.13125108700281954,Steered N=2,0.913865320184027,-0.7826142331812075
SEENFEM_W29,high,0.2597912904845332,Steered N=2,0.726103660184027,-0.46631236969949386
SEENMASC_W29,low,0.31723099234215496,Steered N=2,0.7511042324889577,-0.4338732401468028
SEENMASC_W29,high,0.34004825743120437,Steered N=2,0.7665917700023547,-0.4265435125711503
TALK_CPS_W29,low,0.6563141541364785,Steered N=2,1.3044619618302815,-0.648147807693803
TALK_CPS_W29,high,0.9371319151840667,Steered N=2,0.9761586618302813,-0.03902674664621464
WORRYBILL_W29,low,0.16998268417364687,Steered N=2,0.5105790149136553,-0.34059633074000845
WORRYBILL_W29,high,0.9980227632528849,Steered N=2,1.0873735677204248,-0.08935080446753996
CLASS_W32,low,1.2916045405136534,Steered N=2,0.9182431808175682,0.3733613596960852
CLASS_W32,high,1.0995735527021089,Steered N=2,0.5810949783773006,0.5184785743248083
COMMIMPA_W32,low,0.37100009308662596,Steered N=2,1.2041376481594375,-0.8331375550728115
COMMIMPA_W32,high,0.42567625692281474,Steered N=2,1.111263940267752,-0.6855876833449372
COMMIMPB_W32,low,0.2513267521106298,Steered N=2,0.6416859100873502,-0.3903591579767204
COMMIMPB_W32,high,0.08311606000000005,Steered N=2,0.6217371700873502,-0.5386211100873501
COMMIMPC_W32,low,0.3672080832117727,Steered N=2,1.1727373117273732,-0.8055292285156005
COMMIMPC_W32,high,0.6199617828486331,Steered N=2,1.2713815793628311,-0.651419796514198
COMMIMPF_W32,low,0.1274606927760023,Steered N=2,0.8485735207329214,-0.721112827956919
COMMIMPF_W32,high,0.3387185476540313,Steered N=2,1.0591534607329214,-0.7204349130788901
COMMIMPG_W32,low,0.3268430500000002,Steered N=2,0.9227520514233594,-0.5959090014233592
COMMIMPG_W32,high,0.3658616038985784,Steered N=2,0.9622166915978554,-0.5963550876992769
COMMIMPH_W32,low,0.4138586018755359,Steered N=2,0.8220035200388869,-0.40814491816335097
COMMIMPH_W32,high,0.6130907641631858,Steered N=2,0.6974332870521067,-0.08434252288892097
COMMYRS_W32,low,0.9550706438036232,Steered N=2,0.7645502725426669,0.19052037126095622
COMMYRS_W32,high,0.3820700647642469,Steered N=2,0.5960715473800248,-0.2140014826157779
ETHNCMAJ_W32,low,0.04523183703205497,Steered N=2,0.21496454215223476,-0.1697327051201798
ETHNCMAJ_W32,high,0.0788300871202892,Steered N=2,0.17632428000230166,-0.09749419288201246
GAYMARR2_W32,low,0.45742776003145846,Steered N=2,0.8694759137777501,-0.41204815374629167
GAYMARR2_W32,high,0.2675571739970064,Steered N=2,0.8120759837777503,-0.5445188097807439
HARASS2F1_W32,low,0.23025664588130396,Steered N=2,0.4949331699991687,-0.26467652411786474
HARASS2F1_W32,high,0.20526348500000005,Steered N=2,0.41339156999916865,-0.2081280849991686
IMMIMPACT_W32,low,0.13149927631946326,Steered N=2,0.34731767506387334,-0.21581839874441008
IMMIMPACT_W32,high,0.09356452965832124,Steered N=2,0.2895747071553515,-0.19601017749703026
MOVERURAL_W32,low,0.029905216581861738,Steered N=2,0.6212492438599624,-0.5913440272781006
MOVERURAL_W32,high,0.18218971840223364,Steered N=2,0.5308815635299602,-0.34869184512772655
MOVESUBURB_W32,low,0.06929351994808175,Steered N=2,0.4532156123246346,-0.38392209237655284
MOVESUBURB_W32,high,0.06759400174282582,Steered N=2,0.38679779232463457,-0.31920379058180876
MOVEURBAN_W32,low,0.3041457717068763,Steered N=2,0.40044282866086245,-0.09629705695398616
MOVEURBAN_W32,high,0.13673421490563525,Steered N=2,0.3167952068320479,-0.18006099192641267
NEIGHINTERA_W32,low,0.5655038354406566,Steered N=2,1.635931223663088,-1.0704273882224316
NEIGHINTERA_W32,high,0.9710294217626303,Steered N=2,1.4369224967645309,-0.4658930750019006
NEIGHINTERB_W32,low,1.777033489536893,Steered N=2,0.958865798836029,0.8181676907008641
NEIGHINTERB_W32,high,0.5553568316133268,Steered N=2,0.6569331600339032,-0.1015763284205764
NEIGHKIDS_W32,low,0.07254854848032402,Steered N=2,0.2594478884099023,-0.18689933992957827
NEIGHKIDS_W32,high,0.07110481750380976,Steered N=2,0.15131163840990228,-0.08020682090609252
NEIGHSAMEA_W32,low,0.3381033097361078,Steered N=2,1.847477575180021,-1.5093742654439133
NEIGHSAMEA_W32,high,1.47866282561845,Steered N=2,2.26155633341049,-0.78289350779204
SATLIFED_W32,low,0.17504527719479313,Steered N=2,0.6131748084943668,-0.43812953129957366
SATLIFED_W32,high,0.21516343570784635,Steered N=2,0.4789221457826438,-0.26375871007479745
SOCTRUST2_W32,low,0.26298356999999994,Steered N=2,0.5164272600125196,-0.25344369001251965
SOCTRUST2_W32,high,0.05225777408366361,Steered N=2,0.2560236300125196,-0.203765855928856
VALUERURAL_W32,low,0.16411832488897096,Steered N=2,0.9128162606157992,-0.7486979357268283
VALUERURAL_W32,high,0.16359987398306494,Steered N=2,0.9039078106157993,-0.7403079366327343
WHADVANT_W32,low,0.22681716894467197,Steered N=2,0.8428126809210427,-0.6159955119763707
WHADVANT_W32,high,0.3137562433041584,Steered N=2,0.8355687109210429,-0.5218124676168845
WILLMOVE_W32,low,0.19530052025709294,Steered N=2,0.7005889832941681,-0.5052884630370751
WILLMOVE_W32,high,0.23117979639904307,Steered N=2,0.6600984142522435,-0.4289186178532004
EAT1_W34,low,0.2977139329157929,Steered N=2,0.5677215222528759,-0.27000758933708296
EAT1_W34,high,0.796282835544164,Steered N=2,0.27714918225287577,0.5191336532912882
EAT2_W34,low,0.13457335708361648,Steered N=2,0.9390590380522855,-0.804485680968669
EAT2_W34,high,0.5918293344929793,Steered N=2,0.7611713001971081,-0.16934196570412885
EAT5B_W34,low,0.3694082756769189,Steered N=2,0.6310401400003721,-0.2616318643234532
EAT5B_W34,high,0.20882596248592059,Steered N=2,0.5425447500003722,-0.3337187875144516
EAT5C_W34,low,0.23245258999999985,Steered N=2,0.32993546806839064,-0.09748287806839079
EAT5C_W34,high,0.24154092838559985,Steered N=2,0.3218007180683907,-0.08025978968279088
EAT5D_W34,low,0.3379413444944707,Steered N=2,0.4345242719008141,-0.09658292740634339
EAT5D_W34,high,0.36364113114377006,Steered N=2,0.3227487107830584,0.04089242036071167
EVOBIOA_W34,low,0.08810613597695094,Steered N=2,0.3162620799999104,-0.22815594402295947
EVOBIOA_W34,high,0.10824551152630513,Steered N=2,0.04779449999991037,0.06045101152639476
EVOBIOB_W34,low,0.18746443578467398,Steered N=2,0.39823022000002084,-0.21076578421534686
EVOBIOB_W34,high,0.06611238588704071,Steered N=2,0.20321051000002077,-0.13709812411298006
EVOPERS3_W34,low,0.4382876821985213,Steered N=2,0.9156793508420213,-0.4773916686435
EVOPERS3_W34,high,0.31209321893137937,Steered N=2,0.6585327265844806,-0.3464395076531012
EVOTHREE_W34,low,0.20112072000000003,Steered N=2,0.48304389000000003,-0.28192317
EVOTHREE_W34,high,0.16463801369648223,Steered N=2,0.37369030999999997,-0.20905229630351774
FUD22_W34,low,0.6661432495364298,Steered N=2,0.9979858200375518,-0.331842570501122
FUD22_W34,high,0.33705970262828416,Steered N=2,0.7105650871346675,-0.3735053845063833
FUD24_W34,low,0.12014984675361007,Steered N=2,0.24128255499746398,-0.12113270824385391
FUD24_W34,high,0.09769682903359561,Steered N=2,0.262143664997464,-0.1644468359638684
FUD33B_W34,low,0.17557707606156203,Steered N=2,0.16156526999998758,0.014011806061574456
FUD33B_W34,high,0.2282452244870488,Steered N=2,0.214441097144411,0.013804127342637779
FUD35_W34,low,0.18405996646393658,Steered N=2,0.5484449513428655,-0.36438498487892895
FUD35_W34,high,0.31921987624557974,Steered N=2,0.4876454984878935,-0.16842562224231378
FUD37A_W34,low,0.11208620787354831,Steered N=2,0.7178568298768218,-0.6057706220032735
FUD37A_W34,high,0.24541699999999983,Steered N=2,0.6165916098768218,-0.371174609876822
FUD37B_W34,low,0.38738376915502937,Steered N=2,1.055620399445516,-0.6682366302904866
FUD37B_W34,high,0.11304683842494498,Steered N=2,0.6678303200019657,-0.5547834815770207
FUD37C_W34,low,0.16618698414532462,Steered N=2,0.6978490969772405,-0.5316621128319159
FUD37C_W34,high,0.361969660791312,Steered N=2,0.7496500999985711,-0.38768043920725914
BETTERBIZ1F2D_W36,low,0.02874142459617489,Steered N=2,0.20106664500002694,-0.17232522040385206
BETTERBIZ1F2D_W36,high,0.07778942422210576,Steered N=2,0.1406503785935164,-0.06286095437141064
BETTERBIZ1F2E_W36,low,0.09163591353720818,Steered N=2,0.2602208299998649,-0.16858491646265672
BETTERBIZ1F2E_W36,high,0.12605578723864114,Steered N=2,0.2340678849998649,-0.10801209776122375
BETTERBIZ1F2H_W36,low,0.07077343721684254,Steered N=2,0.20804404291955,-0.13727060570270747
BETTERBIZ1F2H_W36,high,0.06413647376293252,Steered N=2,0.154935885,-0.09079941123706747
BETTERBIZ2F2C_W36,low,0.06006326035962929,Steered N=2,0.17195442499992353,-0.11189116464029424
BETTERBIZ2F2C_W36,high,0.12146065871637249,Steered N=2,0.08799273999992357,0.03346791871644891
BETTERBIZ2F2E_W36,low,0.09619678965489553,Steered N=2,0.14787987000003427,-0.05168308034513874
BETTERBIZ2F2E_W36,high,0.12906702499999995,Steered N=2,0.09382912500003424,0.03523789999996571
BETTERBIZ2F2F_W36,low,0.1981864724259918,Steered N=2,0.2478082899999566,-0.049621817573964805
BETTERBIZ2F2F_W36,high,0.11879688849274925,Steered N=2,0.20456788999995656,-0.08577100150720732
BETTERPOL1F1B_W36,low,0.2789223353312875,Steered N=2,0.341797289999988,-0.06287495466870047
BETTERPOL1F1B_W36,high,0.3937298767617805,Steered N=2,0.33443061999998797,0.05929925676179254
BETTERPOL1F1E_W36,low,0.0939432903415611,Steered N=2,0.23980385500011284,-0.14586056465855174
BETTERPOL1F1E_W36,high,0.07369229547834552,Steered N=2,0.22903448500011284,-0.15534218952176732
BETTERPOL1F1I_W36,low,0.20104362855786234,Steered N=2,0.2548442849998578,-0.05380065644199544
BETTERPOL1F1I_W36,high,0.27718839786416644,Steered N=2,0.2464336999998578,0.030754697864308622
BETTERPOL2F1A_W36,low,0.115617006358255,Steered N=2,0.17039547500001934,-0.05477846864176433
BETTERPOL2F1A_W36,high,0.10953441453194998,Steered N=2,0.10924442609247322,0.00028998843947676545
BETTERPOL2F1C_W36,low,0.12118241046230584,Steered N=2,0.21720333000010578,-0.09602091953779994
BETTERPOL2F1C_W36,high,0.169533255947778,Steered N=2,0.1794028100001058,-0.009869554052327811
BETTERPOL2F1D_W36,low,0.101552399439262,Steered N=2,0.21979336280205217,-0.11824096336279016
BETTERPOL2F1D_W36,high,0.03520660500000003,Steered N=2,0.17801336999999287,-0.14280676499999284
BETTERPOL2F1F_W36,low,0.041147954988843743,Steered N=2,0.1988430730115515,-0.15769511802270775
BETTERPOL2F1F_W36,high,0.12237575661870016,Steered N=2,0.1922286030776962,-0.06985284645899605
E5_W36,low,0.3278760829841906,Steered N=2,1.0214566304000205,-0.69358054741583
E5_W36,high,0.11634216985729562,Steered N=2,0.5836633504000206,-0.467321180542725
ESSENBIZF2E_W36,low,0.15896857748585408,Steered N=2,0.1701784493482648,-0.011209871862410709
ESSENBIZF2E_W36,high,0.2137167278628327,Steered N=2,0.25618424444935617,-0.04246751658652348
ESSENBIZF2J_W36,low,0.3571250732448891,Steered N=2,0.5532701944414278,-0.19614512119653865
ESSENBIZF2J_W36,high,0.1864158385604227,Steered N=2,0.3801891444414277,-0.193773305881005
ESSENPOLF1A_W36,low,0.25004256956101534,Steered N=2,0.22798717000105173,0.022055399559963607
ESSENPOLF1A_W36,high,0.30699340718934387,Steered N=2,0.05245276000105159,0.2545406471882923
ESSENPOLF1B_W36,low,0.14486048363857396,Steered N=2,0.46226771849988246,-0.3174072348613085
ESSENPOLF1B_W36,high,0.11427519211029602,Steered N=2,0.40344412432906673,-0.2891689322187707
ESSENPOLF1D_W36,low,0.23796980017399594,Steered N=2,0.33557243045955687,-0.09760263028556093
ESSENPOLF1D_W36,high,0.2999798759901494,Steered N=2,0.14403730045955687,0.15594257553059254
ESSENPOLF1G_W36,low,0.11718290319140656,Steered N=2,0.5047709800013365,-0.3875880768099299
ESSENPOLF1G_W36,high,0.1901327822755398,Steered N=2,0.5150047400013364,-0.32487195772579663
ESSENPOLF1H_W36,low,0.17634116203325434,Steered N=2,0.4043565995807007,-0.22801543754744635
ESSENPOLF1H_W36,high,0.1286261862076572,Steered N=2,0.37740049958070043,-0.24877431337304323
HIGHEDWRNGB_W36,low,0.28388106932840096,Steered N=2,0.8088818994852528,-0.5250008301568518
HIGHEDWRNGB_W36,high,0.2506142727443402,Steered N=2,0.6734266494852528,-0.42281237674091254
HIGHEDWRNGC_W36,low,0.18810079934302676,Steered N=2,0.7183973100765643,-0.5302965107335376
HIGHEDWRNGC_W36,high,0.17512402825362194,Steered N=2,0.6224924963270109,-0.4473684680733889
IMPROVE1_W36,low,0.14121726592642841,Steered N=2,0.4100183073525754,-0.26880104142614697
IMPROVE1_W36,high,0.12285623209425461,Steered N=2,0.49225260997919074,-0.3693963778849361
IMPROVE2_W36,low,0.21745021397368297,Steered N=2,0.7082384800003232,-0.4907882660266402
IMPROVE2_W36,high,0.3057745878689533,Steered N=2,0.8145897100003232,-0.5088151221313699
IMPROVE3_W36,low,0.1380129000000001,Steered N=2,0.62212213056256,-0.48410923056255994
IMPROVE3_W36,high,0.2835934502050944,Steered N=2,0.8024728187279283,-0.5188793685228339
MOREWMN1F2_W36,low,0.05948093248112968,Steered N=2,0.2318596499993052,-0.17237871751817552
MOREWMN1F2_W36,high,0.05308829142923416,Steered N=2,0.17696116322957778,-0.12387287180034362
POLCHF1_W36,low,0.19269441790125857,Steered N=2,0.6510626534594912,-0.45836823555823264
POLCHF1_W36,high,0.5443970901372307,Steered N=2,0.835280719973853,-0.2908836298366223
TRAITBIZMF2C_W36,low,0.04515925435245666,Steered N=2,0.25753173499999604,-0.21237248064753939
TRAITBIZMF2C_W36,high,0.10308023256240162,Steered N=2,0.0828596449999992,0.020220587562402415
TRAITBIZMF2D_W36,low,0.08050319685547219,Steered N=2,0.2524510800000393,-0.1719478831445671
TRAITBIZMF2D_W36,high,0.1024060283631521,Steered N=2,0.21022126210225628,-0.10781523373910418
TRAITBIZMF2E_W36,low,0.06968979090001604,Steered N=2,0.23702640999999652,-0.1673366190999805
TRAITBIZMF2E_W36,high,0.07996853338846699,Steered N=2,0.08118442499999656,-0.0012158916115295737
TRAITBIZMF2G_W36,low,0.13675777431974287,Steered N=2,0.2797081850000235,-0.1429504106802806
TRAITBIZMF2G_W36,high,0.2698305915257829,Steered N=2,0.35451783500002343,-0.0846872434742405
TRAITBIZWF2C_W36,low,0.07485728509786366,Steered N=2,0.31996260000002985,-0.2451053149021662
TRAITBIZWF2C_W36,high,0.1356541695566691,Steered N=2,0.3267860500000299,-0.19113188044336082
TRAITBIZWF2D_W36,low,0.05840568638578858,Steered N=2,0.24785185752150096,-0.18944617113571238
TRAITBIZWF2D_W36,high,0.1188788767739592,Steered N=2,0.2801799350000294,-0.16130105822607022
TRAITBIZWF2E_W36,low,0.1213069031389804,Steered N=2,0.3500068699999999,-0.2286999668610195
TRAITBIZWF2E_W36,high,0.1794481286032915,Steered N=2,0.339365155,-0.15991702639670846
TRAITBIZWF2G_W36,low,0.2272836599312328,Steered N=2,0.3695451886954439,-0.14226152876421108
TRAITBIZWF2G_W36,high,0.28597600503343407,Steered N=2,0.416951244999988,-0.1309752399665539
TRAITPOLMF1B_W36,low,0.0641673496039564,Steered N=2,0.358393078595075,-0.29422572899111865
TRAITPOLMF1B_W36,high,0.06321376529000244,Steered N=2,0.3271566800055721,-0.26394291471556963
TRAITPOLMF1C_W36,low,0.05595761318014475,Steered N=2,0.2422261974240516,-0.18626858424390685
TRAITPOLMF1C_W36,high,0.09554984593486243,Steered N=2,0.15387459654053554,-0.058324750605673104
TRAITPOLMF1D_W36,low,0.076554915,Steered N=2,0.21529227500006065,-0.13873736000006065
TRAITPOLMF1D_W36,high,0.0413508918081687,Steered N=2,0.15061734500006058,-0.10926645319189188
TRAITPOLMF1E_W36,low,0.06437917457256331,Steered N=2,0.22692483499852745,-0.16254566042596413
TRAITPOLMF1E_W36,high,0.16983665807723958,Steered N=2,0.0684712949985275,0.10136536307871208
TRAITPOLMF1F_W36,low,0.09934708599966327,Steered N=2,0.30313492487176347,-0.2037878388721002
TRAITPOLMF1F_W36,high,0.22745674500000002,Steered N=2,0.34089019987176344,-0.11343345487176343
TRAITPOLMF1G_W36,low,0.1138203392848342,Steered N=2,0.21478803999996923,-0.10096770071513503
TRAITPOLMF1G_W36,high,0.25286768724235575,Steered N=2,0.3385177399999692,-0.08565005275761345
TRAITPOLWF1A_W36,low,0.025194602385530063,Steered N=2,0.2675723500010649,-0.24237774761553482
TRAITPOLWF1A_W36,high,0.043675568491809036,Steered N=2,0.2450422224515838,-0.20136665395977477
TRAITPOLWF1C_W36,low,0.03987060330549602,Steered N=2,0.3304926133106246,-0.29062201000512855
TRAITPOLWF1C_W36,high,0.16253466774472713,Steered N=2,0.4043201100051286,-0.24178544226040144
TRAITPOLWF1D_W36,low,0.03321606684451289,Steered N=2,0.22750163500005405,-0.19428556815554116
TRAITPOLWF1D_W36,high,0.06586565794334531,Steered N=2,0.11054935500005408,-0.04468369705670877
TRAITPOLWF1E_W36,low,0.10015709902175146,Steered N=2,0.3513189414868105,-0.251161842465059
TRAITPOLWF1E_W36,high,0.1976831,Steered N=2,0.39094312000004267,-0.19326002000004266
TRAITPOLWF1F_W36,low,0.20520566038824029,Steered N=2,0.34421563499674823,-0.13900997460850795
TRAITPOLWF1F_W36,high,0.3042465480843715,Steered N=2,0.3632608049967482,-0.05901425691237666
TRAITPOLWF1G_W36,low,0.17488771700827052,Steered N=2,0.29320362500000535,-0.11831590799173483
TRAITPOLWF1G_W36,high,0.2368080336036508,Steered N=2,0.3729529300000054,-0.1361448963963546
WHYNOTBIZF2A_W36,low,0.2660595817855497,Steered N=2,0.49187003127030837,-0.22581044948475865
WHYNOTBIZF2A_W36,high,0.10488650869385957,Steered N=2,0.6559028512703085,-0.5510163425764489
WHYNOTBIZF2B_W36,low,0.1475272644228366,Steered N=2,0.5428285100000229,-0.39530124557718627
WHYNOTBIZF2B_W36,high,0.3949437332328099,Steered N=2,0.7182241400000228,-0.32328040676721287
WHYNOTBIZF2D_W36,low,0.2710825053696478,Steered N=2,0.574569340000154,-0.30348683463050624
WHYNOTBIZF2D_W36,high,0.4589722558420444,Steered N=2,0.248922450000154,0.21004980584189037
WHYNOTBIZF2F_W36,low,0.3472292946952829,Steered N=2,0.5201471400001692,-0.17291784530488624
WHYNOTBIZF2F_W36,high,0.5485010898699791,Steered N=2,0.20474379000016918,0.34375729986980996
WHYNOTBIZF2G_W36,low,0.5095081991492787,Steered N=2,1.02362463999502,-0.5141164408457413
WHYNOTBIZF2G_W36,high,0.7217100420994577,Steered N=2,1.11667490999502,-0.3949648678955623
WHYNOTBIZF2H_W36,low,0.5156339148966669,Steered N=2,1.1822222710455552,-0.6665883561488883
WHYNOTBIZF2H_W36,high,0.37675201810449027,Steered N=2,1.022507332849371,-0.6457553147448807
WHYNOTBIZF2J_W36,low,0.33690253096914485,Steered N=2,0.8148356518522324,-0.47793312088308754
WHYNOTBIZF2J_W36,high,0.5057411486293206,Steered N=2,0.884757910000648,-0.37901676137132734
WHYNOTBIZF2M_W36,low,0.45545939,Steered N=2,0.576731114531273,-0.121271724531273
WHYNOTBIZF2M_W36,high,0.5775613958040343,Steered N=2,0.6409195829658348,-0.06335818716180053
WHYNOTBIZF2N_W36,low,0.6268875749692837,Steered N=2,1.12372972,-0.49684214503071633
WHYNOTBIZF2N_W36,high,0.7375612706519975,Steered N=2,1.12062501,-0.3830637393480024
WHYNOTBIZF2O_W36,low,0.20479112674263927,Steered N=2,0.6467024899999935,-0.4419113632573542
WHYNOTBIZF2O_W36,high,0.6266007834856551,Steered N=2,0.9709930697099308,-0.34439228622427576
WHYNOTPOLF1A_W36,low,0.2595832762874369,Steered N=2,0.6218935652198614,-0.3623102889324245
WHYNOTPOLF1A_W36,high,0.19246175919200254,Steered N=2,0.5752632921581957,-0.3828015329661932
WHYNOTPOLF1B_W36,low,0.1869473928046992,Steered N=2,0.6635423866361553,-0.4765949938314561
WHYNOTPOLF1B_W36,high,0.43102795000000016,Steered N=2,0.7900883300004876,-0.35906038000048746
WHYNOTPOLF1C_W36,low,0.24209202145000125,Steered N=2,0.8114830093874588,-0.5693909879374575
WHYNOTPOLF1C_W36,high,0.22484407681079255,Steered N=2,0.7235244885078735,-0.498680411697081
WHYNOTPOLF1E_W36,low,0.17313200700496062,Steered N=2,0.5352030798016193,-0.3620710727966587
WHYNOTPOLF1E_W36,high,0.3002265461936311,Steered N=2,0.5366660998016194,-0.2364395536079883
WHYNOTPOLF1G_W36,low,0.2935381614046096,Steered N=2,0.8623580998730513,-0.5688199384684418
WHYNOTPOLF1G_W36,high,0.5408934870700053,Steered N=2,0.9704827698730514,-0.4295892828030461
WHYNOTPOLF1I_W36,low,0.3597989981353094,Steered N=2,0.5607873191555981,-0.20098832102028868
WHYNOTPOLF1I_W36,high,0.24541746984509322,Steered N=2,0.5212046435213507,-0.27578717367625744
WHYNOTPOLF1J_W36,low,0.2922860458030242,Steered N=2,0.808101060007364,-0.5158150142043398
WHYNOTPOLF1J_W36,high,0.3044779130447793,Steered N=2,0.7184774471945933,-0.413999534149814
WHYNOTPOLF1K_W36,low,0.7202433100000002,Steered N=2,0.59111393,0.12912938000000018
WHYNOTPOLF1K_W36,high,0.83515161,Steered N=2,0.6026116600000001,0.23253994999999994
WHYNOTPOLF1L_W36,low,0.2036661775615275,Steered N=2,0.6961181169601818,-0.4924519393986543
WHYNOTPOLF1L_W36,high,0.6158380115130226,Steered N=2,0.9855275799985007,-0.36968956848547807
WMNPRZ1_W36,low,0.26608853,Steered N=2,0.5911527198032965,-0.32506418980329654
WMNPRZ1_W36,high,0.29245911859522294,Steered N=2,0.6202680098032967,-0.3278088912080737
AUTOLKLY_W41,low,0.24002667710329936,Steered N=2,0.8889836610133163,-0.6489569839100169
AUTOLKLY_W41,high,0.9720330187294032,Steered N=2,1.1426206699225223,-0.17058765119311914
AUTOWKPLC_W41,low,0.19112021341044705,Steered N=2,0.1768963292292222,0.01422388418122486
AUTOWKPLC_W41,high,0.11736830443639223,Steered N=2,0.22753136422922224,-0.11016305979283
ETHNCMAJMOD_W41,low,0.3722118874719612,Steered N=2,0.6130217792173652,-0.24080989174540401
ETHNCMAJMOD_W41,high,0.0831133356338005,Steered N=2,0.5521484992173652,-0.4690351635835647
FTRWORRYc_W41,low,0.2403726504687443,Steered N=2,0.6015897468087785,-0.36121709634003424
FTRWORRYc_W41,high,0.3331615587959818,Steered N=2,0.5531835931917118,-0.22002203439573004
FTRWORRYe_W41,low,0.18582178846147063,Steered N=2,0.7508226399218132,-0.5650008514603426
FTRWORRYe_W41,high,0.1255727941646685,Steered N=2,0.6958467399218132,-0.5702739457571447
FTRWORRYf_W41,low,0.0734238025447067,Steered N=2,0.8586848815495374,-0.7852610790048307
FTRWORRYf_W41,high,0.17711143073603663,Steered N=2,0.9137112109992733,-0.7365997802632367
FUTRCLASSb_W41,low,0.08541118625520616,Steered N=2,0.27375939911881714,-0.18834821286361098
FUTRCLASSb_W41,high,0.19484062632231527,Steered N=2,0.18682962324951946,0.008011003072795814
FUTRCLASSc_W41,low,0.0394246391897885,Steered N=2,0.3209104749999473,-0.2814858358101588
FUTRCLASSc_W41,high,0.03608226722000463,Steered N=2,0.21951236999994728,-0.18343010277994265
FUTR_DIV_W41,low,0.038833307353264374,Steered N=2,0.2350647976493521,-0.19623149029608772
FUTR_DIV_W41,high,0.09686652824536146,Steered N=2,0.17771721500261647,-0.08085068675725501
GOVPRIOb_W41,low,0.2737362467654625,Steered N=2,0.5271966552716286,-0.25346040850616613
GOVPRIOb_W41,high,0.19844542750078398,Steered N=2,0.667979619999625,-0.469534192498841
GOVPRIOc_W41,low,0.46517353172482023,Steered N=2,0.36234363999991437,0.10282989172490586
GOVPRIOc_W41,high,0.12153239103692681,Steered N=2,0.5519240999999144,-0.4303917089629876
GOVPRIOe_W41,low,0.25867793146765705,Steered N=2,0.6470980000000001,-0.388420068532343
GOVPRIOe_W41,high,0.374978122844733,Steered N=2,0.9180821300000002,-0.5431040071552672
GOVPRIOfF1_W41,low,0.2223248799999999,Steered N=2,0.8619702698420536,-0.6396453898420538
GOVPRIOfF1_W41,high,0.4056377927847735,Steered N=2,0.7497683523180456,-0.3441305595332721
GOVPRIOgF1_W41,low,0.10485034770828033,Steered N=2,0.7941029985632555,-0.6892526508549752
GOVPRIOgF1_W41,high,0.12266051981986942,Steered N=2,0.8557127404977806,-0.7330522206779111
GOVPRIOhF1_W41,low,0.3419050670646875,Steered N=2,0.5233292530848459,-0.18142418602015842
GOVPRIOhF1_W41,high,0.5733658820117499,Steered N=2,0.5317846649451158,0.04158121706663409
GOVPRIOiF1_W41,low,0.39518327911585477,Steered N=2,0.8047227480467762,-0.40953946893092147
GOVPRIOiF1_W41,high,0.4612996428176773,Steered N=2,0.7164421699993988,-0.2551425271817215
GOVPRIOjF1_W41,low,0.3673630163263699,Steered N=2,0.6410218535678027,-0.2736588372414328
GOVPRIOjF1_W41,high,0.1784263217929018,Steered N=2,0.8552238199835159,-0.6767974981906142
GOVPRIOkF2_W41,low,0.118141,Steered N=2,1.040046538991984,-0.9219055389919839
GOVPRIOkF2_W41,high,0.20953871415423259,Steered N=2,0.9841340589490402,-0.7745953447948075
GOVPRIOlF2_W41,low,0.3048592756852731,Steered N=2,1.1709677883194276,-0.8661085126341546
GOVPRIOlF2_W41,high,0.7079151717304986,Steered N=2,1.3535762100388076,-0.645661038308309
GOVPRIOmF2_W41,low,0.4221592900000001,Steered N=2,0.49773035027586643,-0.07557106027586635
GOVPRIOmF2_W41,high,0.22292399625411774,Steered N=2,0.8425685102758662,-0.6196445140217485
GOVPRIOnF2_W41,low,0.5497335599999997,Steered N=2,1.4334640620264438,-0.8837305020264441
GOVPRIOnF2_W41,high,1.3580540776575636,Steered N=2,2.043657232026444,-0.6856031543688803
GOVPRIOoF2_W41,low,0.21645778820831563,Steered N=2,0.6372888099999752,-0.42083102179165954
GOVPRIOoF2_W41,high,0.25267610408189733,Steered N=2,0.8160553299999754,-0.5633792259180781
HAPPEN2b_W41,low,0.20372101530550596,Steered N=2,0.56154792,-0.357826904694494
HAPPEN2b_W41,high,0.2355957812672159,Steered N=2,0.6335519163355828,-0.3979561350683669
HAPPEN2f_W41,low,0.28705954783690024,Steered N=2,0.6436561999998801,-0.35659665216297987
HAPPEN2f_W41,high,0.25869469592086813,Steered N=2,0.45399828545987336,-0.19530358953900523
HARASS1F1b_W41,low,0.1688613693135339,Steered N=2,0.5183405006910876,-0.3494791313775537
HARASS1F1b_W41,high,0.30549217284539504,Steered N=2,0.9304847306910876,-0.6249925578456925
HARASS1F1d_W41,low,0.08600184500877006,Steered N=2,0.3999589900001439,-0.31395714499137384
HARASS1F1d_W41,high,0.22707003999999997,Steered N=2,0.47339651000014404,-0.24632647000014407
HARASS1NOWRKF2d_W41,low,0.08849720175268194,Steered N=2,0.39267146999998026,-0.3041742682472983
HARASS1NOWRKF2d_W41,high,0.18983086536654792,Steered N=2,0.49043664490436667,-0.30060577953781875
HARASS3NOWRKF2_W41,low,0.15008606046989395,Steered N=2,0.1982260200454075,-0.04813995957551356
HARASS3NOWRKF2_W41,high,0.18454412988019592,Steered N=2,0.25939666004540757,-0.07485253016521165
INTRMAR_W41,low,0.3120734837355982,Steered N=2,0.6474218473667722,-0.33534836363117404
INTRMAR_W41,high,0.3552021758233573,Steered N=2,0.6256518421490719,-0.2704496663257146
LEGALIMG_W41,low,0.2287781622877818,Steered N=2,0.49753684511472535,-0.26875868282694354
LEGALIMG_W41,high,0.10220610330847363,Steered N=2,0.5604794501045176,-0.458273346796044
SOLVPROBa_W41,low,0.3028492529722122,Steered N=2,0.801580169997529,-0.4987309170253168
SOLVPROBa_W41,high,0.2837944407429388,Steered N=2,0.5364905399975292,-0.25269609925459036
SOLVPROBb_W41,low,0.4029655782476893,Steered N=2,0.816000899819654,-0.41303532157196465
SOLVPROBb_W41,high,0.6366158357597849,Steered N=2,0.7376078272408191,-0.10099199148103422
SOLVPROBc_W41,low,0.22318248109575392,Steered N=2,0.7092456299532601,-0.48606314885750623
SOLVPROBc_W41,high,0.6099698701189383,Steered N=2,0.77627299995326,-0.16630312983432172
SOLVPROBdF1_W41,low,0.36103253496538695,Steered N=2,0.3197873616802394,0.04124517328514754
SOLVPROBdF1_W41,high,0.40172572300265413,Steered N=2,0.23024607424118293,0.1714796487614712
SOLVPROBf_W41,low,0.3013908323479256,Steered N=2,0.8516919995108015,-0.5503011671628759
SOLVPROBf_W41,high,0.4883292653631009,Steered N=2,0.8358503595108014,-0.34752109414770055
SOLVPROBg_W41,low,0.22815188644552487,Steered N=2,0.43222276780106933,-0.20407088135554446
SOLVPROBg_W41,high,0.27332980847503674,Steered N=2,0.3448397542465941,-0.07150994577155734
SOLVPROBh_W41,low,0.3122641245615723,Steered N=2,0.9460030901842834,-0.633738965622711
SOLVPROBh_W41,high,0.34061831539388465,Steered N=2,1.0451900201842834,-0.7045717047903988
CONFb_W42,low,0.2055385820553858,Steered N=2,0.8031777080083939,-0.5976391259530082
CONFb_W42,high,0.274844386335276,Steered N=2,0.7520684899727196,-0.47722410363744355
CONFc_W42,low,0.24828044456883608,Steered N=2,0.5139054104547816,-0.2656249658859455
CONFc_W42,high,0.2932629714879884,Steered N=2,0.563157852601433,-0.2698948811134446
CONFe_W42,low,0.23484415325478833,Steered N=2,0.8823802899954808,-0.6475361367406924
CONFe_W42,high,0.24939081750609193,Steered N=2,0.8305016816898991,-0.5811108641838072
CONFg_W42,low,0.22773618804428442,Steered N=2,0.6819610099991906,-0.4542248219549062
CONFg_W42,high,0.2808100133713408,Steered N=2,0.6067714899991906,-0.3259614766278498
PQ4_F2Aa_W42,low,0.3059368134189043,Steered N=2,0.6345029899995662,-0.32856617658066195
PQ4_F2Aa_W42,high,0.6546409977270983,Steered N=2,0.6260372599995665,0.028603737727531775
PQ4_F2Ac_W42,low,0.26598832064328626,Steered N=2,0.6945803969459204,-0.4285920763026342
PQ4_F2Ac_W42,high,0.19707950314380615,Steered N=2,0.5586447244135526,-0.36156522126974644
PQ4_F2Ae_W42,low,0.21201562764848336,Steered N=2,0.29203307707966925,-0.08001744943118588
PQ4_F2Ae_W42,high,0.5810857425641556,Steered N=2,0.23743239515621462,0.34365334740794096
PQ4_F2Bb_W42,low,0.22376603050912225,Steered N=2,0.5638427454692715,-0.34007671496014924
PQ4_F2Bb_W42,high,0.27992487686466344,Steered N=2,0.47433740966168825,-0.1944125327970248
PQ4_F2Bc_W42,low,0.232732488583175,Steered N=2,0.615778669999836,-0.383046181416661
PQ4_F2Bc_W42,high,0.19180770049699367,Steered N=2,0.5666819343329841,-0.3748742338359904
PQ4_F2Bd_W42,low,0.1897653152978442,Steered N=2,0.618985760000259,-0.4292204447024147
PQ4_F2Bd_W42,high,0.25217310252173086,Steered N=2,0.4977728249782457,-0.24559972245651485
PQ4_F2Cc_W42,low,0.1820799797274666,Steered N=2,0.6085823960858673,-0.4265024163584007
PQ4_F2Cc_W42,high,0.26505654311528815,Steered N=2,0.50544874,-0.2403921968847118
PQ8_F2B_W42,low,0.22048553363088122,Steered N=2,0.6149481160558623,-0.3944625824249811
PQ8_F2B_W42,high,0.4625139867107913,Steered N=2,0.7381825598930074,-0.2756685731822161
RQ1_F1B_W42,low,0.022968098297277195,Steered N=2,0.3139521650033754,-0.2909840667060982
RQ1_F1B_W42,high,0.0020136240544271766,Steered N=2,0.22832608500337542,-0.22631246094894825
RQ1_F1C_W42,low,0.04989478999999997,Steered N=2,0.1727493792421143,-0.12285458924211434
RQ1_F1C_W42,high,0.006063274999999979,Steered N=2,0.1646085242421143,-0.15854524924211433
RQ2_F1A_W42,low,0.4411494452211876,Steered N=2,0.37526604997247354,0.06588339524871406
RQ2_F1A_W42,high,0.2692521497603856,Steered N=2,0.3348519799724735,-0.06559983021208793
RQ4_F1Ab_W42,low,0.2752048559359342,Steered N=2,0.5050593050506373,-0.22985444911470315
RQ4_F1Ab_W42,high,0.47902532705168244,Steered N=2,0.5003626099999999,-0.021337282948317493
RQ4_F1Ae_W42,low,0.17273459900378485,Steered N=2,0.6072444799884057,-0.43450988098462084
RQ4_F1Ae_W42,high,0.35130437715714957,Steered N=2,0.5294410046930293,-0.17813662753587978
RQ4_F1Ba_W42,low,0.3024175718049402,Steered N=2,0.5844429399996549,-0.2820253681947147
RQ4_F1Ba_W42,high,0.4566644780078348,Steered N=2,0.5854826299996548,-0.12881815199182006
RQ4_F1Bc_W42,low,0.2263714088481529,Steered N=2,0.6656520599999742,-0.43928065115182136
RQ4_F1Bc_W42,high,0.1661800797557968,Steered N=2,0.5777122799999741,-0.4115322002441773
RQ4_F1Bd_W42,low,0.20212741993114475,Steered N=2,0.6006993639350665,-0.39857194400392176
RQ4_F1Bd_W42,high,0.19358375031691208,Steered N=2,0.5584463199613736,-0.3648625696444615
RQ4_F1Be_W42,low,0.19777952000000004,Steered N=2,0.5904427199100605,-0.39266319991006043
RQ4_F1Be_W42,high,0.27526918021488905,Steered N=2,0.6080195899100607,-0.3327504096951716
RQ4_F1Ca_W42,low,0.25139221000000006,Steered N=2,0.5148472400000002,-0.2634550300000001
RQ4_F1Ca_W42,high,0.3138746599999998,Steered N=2,0.4061481900000002,-0.09227353000000038
RQ4_F1Cb_W42,low,0.26782283452661637,Steered N=2,0.5058400699996872,-0.23801723547307085
RQ4_F1Cb_W42,high,0.2718788482773616,Steered N=2,0.4522028299996871,-0.1803239817223255
RQ4_F1Cd_W42,low,0.2105289544075067,Steered N=2,0.6009345700636006,-0.3904056156560939
RQ4_F1Cd_W42,high,0.169351635128469,Steered N=2,0.5849517900636007,-0.41560015493513164
RQ5_F1B_W42,low,0.49388777534549627,Steered N=2,1.1460257141155612,-0.652137938770065
RQ5_F1B_W42,high,0.8649706522935394,Steered N=2,1.3413947841155611,-0.4764241318220217
RQ5_F1C_W42,low,0.4802926099999999,Steered N=2,1.3022328250371622,-0.8219402150371623
RQ5_F1C_W42,high,0.8209111705293889,Steered N=2,1.4582168350371623,-0.6373056645077734
IDIMPORT_W43,low,0.5552220963916452,Steered N=2,1.6575878300000002,-1.102365733608355
IDIMPORT_W43,high,0.729993369470237,Steered N=2,1.37508938,-0.645096010529763
RACESURV13_W43,low,0.19999487851824813,Steered N=2,0.6619344899997002,-0.461939611481452
RACESURV13_W43,high,0.2385463771462409,Steered N=2,0.5234047652338475,-0.28485838808760655
RACESURV14_W43,low,0.7180165673832549,Steered N=2,0.7718263877182638,-0.05380982033500892
RACESURV14_W43,high,0.4945197767329312,Steered N=2,0.8321845299999739,-0.33766475326704276
RACESURV15a_W43,low,0.08482965796759478,Steered N=2,0.21904562291614688,-0.1342159649485521
RACESURV15a_W43,high,0.07528771748744256,Steered N=2,0.1681263851599047,-0.09283866767246213
RACESURV15b_W43,low,0.054268238076476405,Steered N=2,0.19618214,-0.1419139019235236
RACESURV15b_W43,high,0.04948902379923431,Steered N=2,0.22192636000000007,-0.17243733620076576
RACESURV17_W43,low,0.25553738221461797,Steered N=2,0.6394396221303229,-0.38390223991570493
RACESURV17_W43,high,0.3484304081299789,Steered N=2,0.689408982130323,-0.3409785740003441
RACESURV18b_W43,low,0.3717830209130305,Steered N=2,0.8819031073579863,-0.5101200864449558
RACESURV18b_W43,high,0.43383830611726587,Steered N=2,0.7465531461787512,-0.31271484006148537
RACESURV18f_W43,low,0.44556336356594733,Steered N=2,0.3298576509952245,0.11570571257072282
RACESURV18f_W43,high,0.5236053975873498,Steered N=2,0.2655613003522614,0.2580440972350884
RACESURV19a_W43,low,0.2969360842197035,Steered N=2,0.7344183473441775,-0.437482263124474
RACESURV19a_W43,high,0.34877074663546115,Steered N=2,0.7463067625369141,-0.39753601590145293
RACESURV19c_W43,low,0.36661266793987785,Steered N=2,0.8322445000029518,-0.46563183206307396
RACESURV19c_W43,high,0.23951628859640894,Steered N=2,0.6693039300029519,-0.4297876414065429
RACESURV19e_W43,low,0.36433864740088523,Steered N=2,0.8121159018792988,-0.4477772544784136
RACESURV19e_W43,high,0.41884935005628676,Steered N=2,0.8320608683212497,-0.41321151826496294
RACESURV1b_W43,low,0.1581796061565499,Steered N=2,0.32755753668158644,-0.16937793052503652
RACESURV1b_W43,high,0.05015513949844863,Steered N=2,0.2933651870235099,-0.24321004752506126
RACESURV21_W43,low,0.9461447105385528,Steered N=2,1.1205051761237463,-0.17436046558519358
RACESURV21_W43,high,1.3082762369172376,Steered N=2,1.3896040648069516,-0.08132782788971404
RACESURV27_W43,low,0.6988925300000001,Steered N=2,0.5700046148427576,0.12888791515724252
RACESURV27_W43,high,0.6109208539393559,Steered N=2,0.4507449245074493,0.16017592943190662
RACESURV28a_W43,low,0.12588300809424885,Steered N=2,0.27623672999645377,-0.15035372190220492
RACESURV28a_W43,high,0.1327762,Steered N=2,0.2608871049964538,-0.12811090499645378
RACESURV28b_W43,low,0.183616575194663,Steered N=2,0.2978615899955897,-0.11424501480092669
RACESURV28b_W43,high,0.17596498705707275,Steered N=2,0.2603317049955897,-0.08436671793851697
RACESURV28c_W43,low,0.18267622079645088,Steered N=2,0.3010016499983977,-0.1183254292019468
RACESURV28c_W43,high,0.18281296361392232,Steered N=2,0.2670393249983977,-0.0842263613844754
RACESURV28d_W43,low,0.2249022031247615,Steered N=2,0.18123644999204602,0.04366575313271548
RACESURV28d_W43,high,0.07784305343871045,Steered N=2,0.14603602999204596,-0.0681929765533355
RACESURV28e_W43,low,0.2179125400609816,Steered N=2,0.1831890449976391,0.03472349506334249
RACESURV28e_W43,high,0.08188374263194348,Steered N=2,0.17935386499763922,-0.09747012236569574
RACESURV28f_W43,low,0.23470882463356388,Steered N=2,0.3571039614337301,-0.1223951368001662
RACESURV28f_W43,high,0.20377337531866793,Steered N=2,0.2966588750063596,-0.09288549968769169
RACESURV28g_W43,low,0.24183402847619428,Steered N=2,0.3492650050064512,-0.1074309765302569
RACESURV28g_W43,high,0.22690259006135863,Steered N=2,0.31891076681626823,-0.0920081767549096
RACESURV29d_W43,low,0.4794806324533344,Steered N=2,0.8580131215356227,-0.3785324890822883
RACESURV29d_W43,high,0.15248582504722594,Steered N=2,0.5928377901389045,-0.4403519650916785
RACESURV2_W43,low,0.44519357408351856,Steered N=2,0.9221220157792517,-0.4769284416957331
RACESURV2_W43,high,0.878995408084257,Steered N=2,1.071867650000708,-0.19287224191645103
RACESURV34a_W43,low,0.5328337001412615,Steered N=2,0.46002018499169584,0.07281351514956569
RACESURV34a_W43,high,0.27632675527112627,Steered N=2,0.5331125003236512,-0.25678574505252494
RACESURV34b_W43,low,0.46003173513844947,Steered N=2,0.5260266649951675,-0.06599492985671801
RACESURV34b_W43,high,0.1449800728199444,Steered N=2,0.5019289499749114,-0.35694887715496704
RACESURV34c_W43,low,0.3105696790214751,Steered N=2,0.5708835420321154,-0.26031386301064036
RACESURV34c_W43,high,0.23135205173001605,Steered N=2,0.9968835762921158,-0.7655315245620997
RACESURV34d_W43,low,0.25590390145313757,Steered N=2,0.7561509375240714,-0.5002470360709338
RACESURV34d_W43,high,0.7816432640417531,Steered N=2,0.27176452717004185,0.5098787368717113
RACESURV34e_W43,low,0.40551271969390934,Steered N=2,0.5509090216964233,-0.14539630200251397
RACESURV34e_W43,high,0.4366273542019637,Steered N=2,0.627179738250958,-0.19055238404899427
RACESURV38_W43,low,0.6345427128138986,Steered N=2,0.925942662712736,-0.29139994989883733
RACESURV38_W43,high,0.6899906666511683,Steered N=2,0.7701143427127359,-0.08012367606156767
RACESURV40_W43,low,0.4524701352292167,Steered N=2,0.30866363261416113,0.14380650261505556
RACESURV40_W43,high,0.4501985024458996,Steered N=2,0.2770822622983473,0.17311624014755228
RACESURV41_W43,low,0.4299469633583702,Steered N=2,0.5046367775794557,-0.0746898142210855
RACESURV41_W43,high,0.3701344433296395,Steered N=2,0.45018702757945567,-0.08005258424981615
RACESURV45_W43,low,0.557442677756825,Steered N=2,0.6002393922612435,-0.042796714504418465
RACESURV45_W43,high,0.5432077888262341,Steered N=2,0.5833591922612433,-0.040151403435009225
RACESURV47a_W43,low,0.14154811836555534,Steered N=2,1.5302210399847611,-1.3886729216192057
RACESURV47a_W43,high,0.4194549122452821,Steered N=2,1.646640089984761,-1.227185177739479
RACESURV47b_W43,low,0.3141483221106658,Steered N=2,1.1078990499947992,-0.7937507278841334
RACESURV47b_W43,high,0.17734778973396276,Steered N=2,1.0955146999947991,-0.9181669102608363
RACESURV47d_W43,low,0.0741407946849891,Steered N=2,0.7112309121752188,-0.6370901174902297
RACESURV47d_W43,high,0.2577357826224367,Steered N=2,0.6160053095693789,-0.35826952694694225
RACESURV47e_W43,low,0.16964625872090736,Steered N=2,0.7490814795199396,-0.5794352207990323
RACESURV47e_W43,high,0.293893665514096,Steered N=2,0.6710742795199395,-0.37718061400584346
RACESURV47f_W43,low,0.21245318966655594,Steered N=2,1.1349944999926211,-0.9225413103260652
RACESURV47f_W43,high,0.1469515038452862,Steered N=2,1.0592656905852924,-0.9123141867400062
RACESURV48_W43,low,0.14832910993870424,Steered N=2,0.919746470796826,-0.7714173608581218
RACESURV48_W43,high,0.29905252572038377,Steered N=2,0.822922579995718,-0.5238700542753343
RACESURV51_W43,low,0.11639625008929096,Steered N=2,0.1664047200163774,-0.05000846992708645
RACESURV51_W43,high,0.10457607242624711,Steered N=2,0.17618645823813547,-0.07161038581188836
RACESURV52_W43,low,0.5917868764355613,Steered N=2,0.9036471899950026,-0.3118603135594413
RACESURV52_W43,high,0.6643629545555453,Steered N=2,0.8249259599950025,-0.16056300543945723
RACESURV5a_W43,low,0.4643737494052872,Steered N=2,1.099238205032897,-0.6348644556276098
RACESURV5a_W43,high,0.6775397621350809,Steered N=2,1.2285023523244996,-0.5509625901894186
RACESURV5b_W43,low,0.31457447962256835,Steered N=2,0.6195653648901028,-0.3049908852675345
RACESURV5b_W43,high,0.38325897616741,Steered N=2,0.6198157935820476,-0.23655681741463763
RACESURV5d_W43,low,0.505133359932555,Steered N=2,0.649765665,-0.14463230506744496
RACESURV5d_W43,high,0.22348051505910616,Steered N=2,0.6486821934997432,-0.42520167844063705
RACESURV5e_W43,low,0.366702505,Steered N=2,0.7018704999661901,-0.3351679949661901
RACESURV5e_W43,high,0.25385971894479503,Steered N=2,0.6025222199661902,-0.3486625010213951
RACESURV5f_W43,low,0.5990081916886205,Steered N=2,0.3283594085614484,0.2706487831271721
RACESURV5f_W43,high,0.1336855588192285,Steered N=2,0.28874132525006907,-0.15505576643084057
RACESURV5g_W43,low,0.49362831596849754,Steered N=2,0.5727437049653211,-0.07911538899682358
RACESURV5g_W43,high,0.6415920122728634,Steered N=2,0.533466269965321,0.10812574230754246
RACESURV5h_W43,low,0.46804851216307086,Steered N=2,0.8043556930646295,-0.33630718090155864
RACESURV5h_W43,high,0.2533091798408056,Steered N=2,0.6635010766560835,-0.4101918968152779
RACESURV5i_W43,low,0.7199423446556035,Steered N=2,1.1947626530523734,-0.4748203083967699
RACESURV5i_W43,high,0.751461724303648,Steered N=2,1.1950901770298659,-0.44362845272621787
RACESURV5j_W43,low,0.35359214695519625,Steered N=2,0.565652335,-0.21206018804480375
RACESURV5j_W43,high,0.15877036651523482,Steered N=2,0.4801903100000001,-0.3214199434847653
RACESURV5l_W43,low,1.1521572253519707,Steered N=2,1.6823399503178456,-0.5301827249658748
RACESURV5l_W43,high,1.3335515420045814,Steered N=2,1.8069744953178453,-0.4734229533132639
RACESURV9_W43,low,0.3772999623157416,Steered N=2,0.33350247966246416,0.04379748265327743
RACESURV9_W43,high,0.29085676424303397,Steered N=2,0.2623482496624641,0.028508514580569855
INFOCHALa_W45,low,0.24308687000000007,Steered N=2,0.6367215499999466,-0.3936346799999465
INFOCHALa_W45,high,0.25866535726402606,Steered N=2,0.3097286799999468,-0.051063322735920735
INFOCREATEa_W45,low,0.23832087192852835,Steered N=2,0.558799919511552,-0.3204790475830236
INFOCREATEa_W45,high,0.1626516755247221,Steered N=2,0.6477137560293937,-0.48506208050467164
MADEUPOFT_W45,low,0.26104608456881195,Steered N=2,0.40772803438925953,-0.14668194982044758
MADEUPOFT_W45,high,0.33242857395045383,Steered N=2,0.32959552953223015,0.0028330444182236847
MADEUPTOPICb_W45,low,0.3326816635750698,Steered N=2,0.48773490001659914,-0.15505323644152935
MADEUPTOPICb_W45,high,0.2958449851484791,Steered N=2,0.445901100016599,-0.15005611486811987
MADEUPTOPICc_W45,low,0.429262394292624,Steered N=2,0.9127788031773026,-0.4835164088846786
MADEUPTOPICc_W45,high,0.4926980784193855,Steered N=2,0.9505718824884574,-0.45787380406907185
MADEUPTOPICd_W45,low,0.3702074415502552,Steered N=2,0.878537980602397,-0.5083305390521418
MADEUPTOPICd_W45,high,0.42816909723054275,Steered N=2,0.9912311206231528,-0.56306202339261
NEWSPROBd_W45,low,0.2809523662199561,Steered N=2,0.6307223170972222,-0.34976995087726603
NEWSPROBd_W45,high,0.45394642862502305,Steered N=2,0.5888942042555567,-0.13494777563053367
NEWSPROBe_W45,low,0.17008862292085103,Steered N=2,0.5667566881960843,-0.39666806527523324
NEWSPROBe_W45,high,0.17457996573868434,Steered N=2,0.5686513855966074,-0.3940714198579231
NEWS_PLATFORMg_W45,low,0.26298654721283693,Steered N=2,0.8863652372128371,-0.6233786900000002
NEWS_PLATFORMg_W45,high,0.6638729825615598,Steered N=2,1.20748291,-0.5436099274384402
SMLIKESb_W45,low,0.4906362848341656,Steered N=2,1.0071105199978154,-0.5164742351636498
SMLIKESb_W45,high,0.5260649098359389,Steered N=2,1.0177526399978154,-0.4916877301618765
SMLIKESf_W45,low,0.08731630444586119,Steered N=2,0.6277728602991466,-0.5404565558532854
SMLIKESf_W45,high,0.15476759813770824,Steered N=2,0.5480584302991467,-0.39329083216143845
BENEFITGOV_W49,low,0.438586970500783,Steered N=2,0.7043065746848847,-0.2657196041841017
BENEFITGOV_W49,high,0.5848685449470681,Steered N=2,0.4655582046848846,0.11931034026218346
CONCERNCO_W49,low,0.12314722993063587,Steered N=2,0.6090945462069298,-0.48594731627629395
CONCERNCO_W49,high,0.2624629914372229,Steered N=2,0.4473033762069295,-0.1848403847697066
CONCERNGRPa_W49,low,0.32227818006418574,Steered N=2,0.39345110519084914,-0.0711729251266634
CONCERNGRPa_W49,high,0.5350082125729493,Steered N=2,0.49393804155798415,0.04107017101496513
CONCERNGRPc_W49,low,0.4873756351586299,Steered N=2,0.4808153570387594,0.006560278119870533
CONCERNGRPc_W49,high,0.46364737278661605,Steered N=2,0.4387820070387593,0.02486536574785675
CONTROLCO_W49,low,0.725982546610417,Steered N=2,0.5585361320463527,0.16744641456406428
CONTROLCO_W49,high,0.7531810900000001,Steered N=2,0.5247310103841594,0.22845007961584074
CONTROLGRPc_W49,low,0.20391389473277416,Steered N=2,0.7771212601849368,-0.5732073654521626
CONTROLGRPc_W49,high,0.19497304999999998,Steered N=2,0.5590580901849368,-0.3640850401849368
DATAUSEd_W49,low,0.16944951443226886,Steered N=2,0.4145329999990425,-0.24508348556677362
DATAUSEd_W49,high,0.36840468326736947,Steered N=2,0.5171909099990424,-0.1487862267316729
FACE3c_W49,low,0.24936237570344755,Steered N=2,0.9912429599124295,-0.741880584208982
FACE3c_W49,high,0.28444950782373435,Steered N=2,1.0223134799991036,-0.7378639721753693
GOVREGV1_W49,low,0.1251190020949965,Steered N=2,0.20936811791815602,-0.08424911582315953
GOVREGV1_W49,high,0.15358327734640476,Steered N=2,0.11164472001315245,0.0419385573332523
HOMEASSIST2_W49,low,0.4428576977052122,Steered N=2,0.6178353090464621,-0.1749776113412499
HOMEASSIST2_W49,high,0.5294326162226175,Steered N=2,0.5789180123037437,-0.04948539608112623
HOMEASSIST3_W49,low,0.24154781609081297,Steered N=2,0.5827113489053684,-0.34116353281455536
HOMEASSIST3_W49,high,0.17027184223867053,Steered N=2,0.6027103054085508,-0.4324384631698802
HOMEASSIST4_W49,low,0.4322921156770787,Steered N=2,1.130867898691321,-0.6985757830142423
HOMEASSIST4_W49,high,0.8332007418657976,Steered N=2,1.367025325926182,-0.5338245840603844
PP5e_W49,low,0.5128276005424699,Steered N=2,0.6985178830501989,-0.185690282507729
PP5e_W49,high,0.7124843361547242,Steered N=2,0.5740065358461985,0.13847780030852563
PWMAN2_W49,low,1.1947540616956864,Steered N=2,1.7537611806965576,-0.5590071190008712
PWMAN2_W49,high,0.69373431057309,Steered N=2,1.6277137959796462,-0.9339794854065562
SMARTAPP_W49,low,0.31489454373328524,Steered N=2,0.8944076690713444,-0.5795131253380592
SMARTAPP_W49,high,0.09867402920395296,Steered N=2,0.7842059290713445,-0.6855318998673915
TRACKCO1a_W49,low,0.10159162592417659,Steered N=2,0.7454590225052853,-0.6438673965811087
TRACKCO1a_W49,high,1.1293630419759126,Steered N=2,0.4838852507060437,0.6454777912698689
TRACKCO1b_W49,low,0.7772462166864019,Steered N=2,1.2511367649390195,-0.47389054825261756
TRACKCO1b_W49,high,0.63463161996192,Steered N=2,0.9957820861620853,-0.36115046620016533
TRACKGOV1a_W49,low,0.297771447170765,Steered N=2,1.139382580001218,-0.8416111328304531
TRACKGOV1a_W49,high,0.8422278980833204,Steered N=2,0.944824940001218,-0.10259704191789754
TRACKGOV1b_W49,low,0.6695021694099648,Steered N=2,1.0741376390378914,-0.4046354696279266
TRACKGOV1b_W49,high,0.5335123744662346,Steered N=2,0.8345899614333682,-0.3010775869671336
COHABDUR_W50,low,1.10016252,Steered N=2,2.194192851862937,-1.0940303318629372
COHABDUR_W50,high,0.5678487594509306,Steered N=2,1.9191421999591602,-1.3512934405082295
DNA2b_W50,low,0.13194792383050363,Steered N=2,0.23374708480135384,-0.1017991609708502
DNA2b_W50,high,0.2034970066829192,Steered N=2,0.23459677480135385,-0.03109976811843465
DNA5_W50,low,0.20499985999999998,Steered N=2,0.241135409933749,-0.03613554993374901
DNA5_W50,high,0.36567811461922245,Steered N=2,0.120304279933749,0.24537383468547347
E5MOD_W50,low,0.15045852654758757,Steered N=2,0.43294281736982826,-0.2824842908222407
E5MOD_W50,high,0.18941218395249626,Steered N=2,0.15679920736982822,0.03261297658266804
FAMSURV10c_W50,low,0.2235262458955861,Steered N=2,0.8435360716290808,-0.6200098257334947
FAMSURV10c_W50,high,0.827053491729465,Steered N=2,0.6322022037424195,0.19485128798704543
FAMSURV16_W50,low,0.022678479097801435,Steered N=2,0.21058107832408354,-0.1879025992262821
FAMSURV16_W50,high,0.03686504856343448,Steered N=2,0.19800471832408356,-0.16113966976064908
FAMSURV1_W50,low,0.08656525341436833,Steered N=2,0.1070118541510508,-0.020446600736682474
FAMSURV1_W50,high,0.3286794600000001,Steered N=2,0.2815351417265994,0.04714431827340071
FAMSURV20_W50,low,0.1374732035397952,Steered N=2,0.07317979546859738,0.06429340807119782
FAMSURV20_W50,high,0.05419445215890406,Steered N=2,0.09211039453140263,-0.03791594237249857
FAMSURV23b_W50,low,0.028094406007539763,Steered N=2,0.6163058161659231,-0.5882114101583833
FAMSURV23b_W50,high,0.23589770931616516,Steered N=2,0.3475729065214058,-0.11167519720524066
FAMSURV23c_W50,low,0.49894399,Steered N=2,0.4152253500246478,0.08371863997535223
FAMSURV23c_W50,high,0.7197922857683361,Steered N=2,0.0682724000246477,0.6515198857436884
FAMSURV23d_W50,low,0.4836776900000001,Steered N=2,0.32087015804547847,0.16280753195452163
FAMSURV23d_W50,high,0.7204232399999999,Steered N=2,0.12686112994126753,0.5935621100587324
FAMSURV23e_W50,low,0.3649607721277022,Steered N=2,1.0492728868250318,-0.6843121146973297
FAMSURV23e_W50,high,0.2583026026246588,Steered N=2,0.8627131475859846,-0.6044105449613257
FAMSURV23f_W50,low,0.2999255150105037,Steered N=2,0.7586708687240697,-0.45874535371356606
FAMSURV23f_W50,high,0.16760576045050524,Steered N=2,0.5866378497330839,-0.4190320892825786
FAMSURV23g_W50,low,0.22906015305653246,Steered N=2,0.6683342100288489,-0.43927405697231636
FAMSURV23g_W50,high,0.09993771299373255,Steered N=2,0.7496544400288487,-0.6497167270351162
FAMSURV26a_W50,low,0.9618927126783373,Steered N=2,0.5523420219918087,0.4095506906865286
FAMSURV26a_W50,high,0.8728152417331215,Steered N=2,0.6056185259638724,0.2671967157692491
FAMSURV26b_W50,low,0.9058571058860175,Steered N=2,0.4482705882762979,0.45758651760971963
FAMSURV26b_W50,high,0.8393742946791625,Steered N=2,0.490388151027676,0.34898614365148645
FAMSURV26c_W50,low,1.1538210315720132,Steered N=2,0.3950976148320573,0.7587234167399559
FAMSURV26c_W50,high,1.0213015142619195,Steered N=2,0.5091780253487604,0.5121234889131591
FAMSURV26d_W50,low,0.8362811567496361,Steered N=2,0.3507976612660264,0.4854834954836097
FAMSURV26d_W50,high,0.6263027762723898,Steered N=2,0.5313595387830656,0.0949432374893242
FAMSURV29_W50,low,0.6642383218948085,Steered N=2,0.7352169228898646,-0.07097860099505615
FAMSURV29_W50,high,0.6984441625306035,Steered N=2,0.7064720928898646,-0.008027930359261082
FAMSURV2Ma_W50,low,0.1649471601426851,Steered N=2,0.5146980000001925,-0.34975083985750743
FAMSURV2Ma_W50,high,0.08873597491134527,Steered N=2,0.40830406000019254,-0.31956808508884726
FAMSURV2Mc_W50,low,0.04269957955560835,Steered N=2,0.48176035000021733,-0.439060770444609
FAMSURV2Mc_W50,high,0.12560494469127917,Steered N=2,0.3846748800002175,-0.2590699353089383
FAMSURV2Wa_W50,low,0.0876800508671231,Steered N=2,0.5163440600007108,-0.42866400913358765
FAMSURV2Wa_W50,high,0.12689446000000007,Steered N=2,0.3951135000007107,-0.2682190400007106
FAMSURV2Wc_W50,low,0.04867333973275145,Steered N=2,0.4824325351753843,-0.43375919544263286
FAMSURV2Wc_W50,high,0.10609079980869923,Steered N=2,0.403469399999758,-0.2973786001910588
FAMSURV32e_W50,low,0.09590976204999263,Steered N=2,0.8651697087391378,-0.7692599466891452
FAMSURV32e_W50,high,0.2395768699999999,Steered N=2,0.5091510887391377,-0.26957421873913784
FAMSURV39_W50,low,0.5461768477048433,Steered N=2,0.7116206871162072,-0.16544383941136387
FAMSURV39_W50,high,0.5193850693494809,Steered N=2,0.6804590479646964,-0.16107397861521544
FAMSURV3_W50,low,0.19032740725842773,Steered N=2,0.2892667801227854,-0.09893937286435767
FAMSURV3_W50,high,0.2110160930389371,Steered N=2,0.17192576540584903,0.03909032763308806
FAMSURV40_W50,low,0.40026283168252874,Steered N=2,1.3396202633962027,-0.9393574317136739
FAMSURV40_W50,high,0.2580126667973929,Steered N=2,1.790919149958798,-1.5329064831614052
FAMSURV43_W50,low,0.1938648750552424,Steered N=2,0.3957380659372669,-0.2018731908820245
FAMSURV43_W50,high,0.2470188995585581,Steered N=2,0.4390658359372668,-0.19204693637870868
FAMSURV44_W50,low,0.4097375157345547,Steered N=2,1.2870077386798133,-0.8772702229452587
FAMSURV44_W50,high,0.1128860734025659,Steered N=2,0.9934426428332118,-0.8805565694306459
FAMSURV6_W50,low,0.12042331543812634,Steered N=2,0.7440871742550748,-0.6236638588169484
FAMSURV6_W50,high,0.16422601141728355,Steered N=2,0.770637207833512,-0.6064111964162284
FAMSURV9c_W50,low,0.15897950999999988,Steered N=2,0.8349365499981226,-0.6759570399981227
FAMSURV9c_W50,high,0.8007111482819776,Steered N=2,0.5858190199981226,0.21489212828385507
FATHER_W50,low,0.17179166938041107,Steered N=2,0.520557840365409,-0.3487661709849979
FATHER_W50,high,0.20764496787390774,Steered N=2,0.46488843036540906,-0.2572434624915013
HAVEKIDS1_W50,low,0.2963278985087976,Steered N=2,0.299460690219123,-0.0031327917103254332
HAVEKIDS1_W50,high,0.39563623058142544,Steered N=2,0.27872005021912283,0.11691618036230261
MARRDUR_W50,low,1.8069682641043399,Steered N=2,1.7754575369564627,0.03151072714787717
MARRDUR_W50,high,1.5202438423409954,Steered N=2,2.354560342956755,-0.8343165006157598
MARRYPREF1_W50,low,0.14665972593835958,Steered N=2,0.32580523998102606,-0.1791455140426665
MARRYPREF1_W50,high,0.16320108921172394,Steered N=2,0.348001989981026,-0.18480090076930206
MARRYPREF2_W50,low,0.15821760227280546,Steered N=2,0.33800724170986995,-0.1797896394370645
MARRYPREF2_W50,high,0.19908805868127888,Steered N=2,0.3338956001011852,-0.1348075414199063
MOTHER_W50,low,0.03282731999999999,Steered N=2,0.3743390099281281,-0.3415116899281281
MOTHER_W50,high,0.10073888493066685,Steered N=2,0.34367862992812803,-0.24293974499746118
PAR1_W50,low,0.13632353678850437,Steered N=2,0.20128225487264026,-0.06495871808413589
PAR1_W50,high,0.13384390347006103,Steered N=2,0.15258514487264033,-0.018741241402579295
PAR2_W50,low,0.17220179309626518,Steered N=2,0.11568881307450743,0.05651298002175775
PAR2_W50,high,0.14298245877044508,Steered N=2,0.07058847236331711,0.07239398640712796
ROMRELDUR_W50,low,1.753926103763138,Steered N=2,3.0525832213153845,-1.2986571175522466
ROMRELDUR_W50,high,0.8761710841110119,Steered N=2,2.7667450915429974,-1.8905740074319857
ROMRELSER_W50,low,0.309152363166662,Steered N=2,0.5779402405146391,-0.2687878773479771
ROMRELSER_W50,high,0.25479612000000007,Steered N=2,0.494300610514639,-0.23950449051463896
SATLIFEc_W50,low,0.7121521971215218,Steered N=2,0.539250326238216,0.17290187088330577
SATLIFEc_W50,high,0.27356065854414274,Steered N=2,0.49024091014636445,-0.2166802516022217
ECIMPg_W54,low,0.18665847407297415,Steered N=2,0.07312457073148432,0.11353390334148983
ECIMPg_W54,high,0.07413472985199843,Steered N=2,0.13139385131417708,-0.05725912146217865
ECON1_W54,low,0.43207796000000015,Steered N=2,0.6163202398314505,-0.1842422798314503
ECON1_W54,high,0.4498017951276829,Steered N=2,0.9081076289546641,-0.4583058338269812
ECON3_d_W54,low,0.35668908999999993,Steered N=2,0.728262126140188,-0.3715730361401881
ECON3_d_W54,high,0.0879579085401489,Steered N=2,0.6783400161401882,-0.5903821076000393
ECON4_a_W54,low,0.13721294949623458,Steered N=2,0.9627680699633151,-0.8255551204670806
ECON4_a_W54,high,0.213612192497252,Steered N=2,0.7047301099633151,-0.4911179174660631
ECON4_b_W54,low,0.32183907880455037,Steered N=2,0.8068570280871427,-0.4850179492825923
ECON4_b_W54,high,0.30644905875035455,Steered N=2,0.9183696600123816,-0.6119206012620271
ECON4_e_W54,low,0.1058391002096285,Steered N=2,1.031570361282828,-0.9257312610731995
ECON4_e_W54,high,0.2795883016621893,Steered N=2,0.9892613713037244,-0.7096730696415351
ECON4_f_W54,low,0.4535375339592823,Steered N=2,1.2867624600563496,-0.8332249260970673
ECON4_f_W54,high,0.18513704143426182,Steered N=2,0.7381668200563498,-0.553029778622088
ECON4_g_W54,low,0.20371417235503692,Steered N=2,0.8181148317327658,-0.6144006593777289
ECON4_g_W54,high,0.35929862822025554,Steered N=2,0.4602551082670231,-0.10095648004676755
ECON5_b_W54,low,0.3006500624667933,Steered N=2,0.7704486907823712,-0.4697986283155779
ECON5_b_W54,high,0.6814557900000001,Steered N=2,0.4393831757823712,0.24207261421762893
ECON5_c_W54,low,0.3494758088067379,Steered N=2,0.6946823909675789,-0.345206582160841
ECON5_c_W54,high,0.3051612557942446,Steered N=2,0.7503608187759436,-0.44519956298169905
ECON5_d_W54,low,0.7760928426477721,Steered N=2,0.5730382846630332,0.20305455798473893
ECON5_d_W54,high,0.4629948652947944,Steered N=2,0.9400003296630333,-0.4770054643682389
ECON5_e_W54,low,0.5336717490086749,Steered N=2,0.753976695,-0.2203049459913251
ECON5_e_W54,high,0.28970002296164266,Steered N=2,0.711426285,-0.4217262620383574
ECON5_f_W54,low,0.43438109536209535,Steered N=2,0.720109606544911,-0.2857285111828156
ECON5_f_W54,high,0.33506265087959375,Steered N=2,0.7608083341250866,-0.4257456832454929
ECON5_g_W54,low,0.2665362589925344,Steered N=2,0.6803149847502064,-0.41377872575767194
ECON5_g_W54,high,0.32361123375719997,Steered N=2,0.6587032697502065,-0.3350920359930066
ECON5_h_W54,low,0.33765432935284323,Steered N=2,0.6556796037549789,-0.3180252744021357
ECON5_h_W54,high,0.2506676782743866,Steered N=2,0.9191910711198643,-0.6685233928454777
ECON5_i_W54,low,0.30682176426155644,Steered N=2,0.8671160449833571,-0.5602942807218008
ECON5_i_W54,high,0.24811719113399153,Steered N=2,0.8393607349833571,-0.5912435438493655
ECON5_j_W54,low,0.5768938345598332,Steered N=2,0.6216654250389642,-0.04477159047913093
ECON5_j_W54,high,0.2643791153690797,Steered N=2,0.6533346750389643,-0.38895555966988454
ECON5_k_W54,low,0.20332999574120372,Steered N=2,0.48154632237220063,-0.27821632663099694
ECON5_k_W54,high,0.22661129000666852,Steered N=2,0.34187864017456837,-0.11526735016789985
FIN_SIT_W54,low,0.6559615830255343,Steered N=2,0.8146591545925114,-0.15869757156697706
FIN_SIT_W54,high,0.5660217015406261,Steered N=2,0.6276008045925114,-0.0615791030518853
GOVPRIORITYb_W54,low,0.1370539731739963,Steered N=2,0.49271643767740203,-0.3556624645034057
GOVPRIORITYb_W54,high,0.28709155494940797,Steered N=2,0.5198807605592439,-0.23278920560983596
GOVPRIORITYc_W54,low,0.29337588117725855,Steered N=2,0.5888965599999831,-0.2955206788227246
GOVPRIORITYc_W54,high,0.4003513040172711,Steered N=2,0.9986225199999834,-0.5982712159827124
GOVPRIORITYd_W54,low,0.20129207044494346,Steered N=2,0.738073559999932,-0.5367814895549885
GOVPRIORITYd_W54,high,0.26264724727277844,Steered N=2,0.8384053999999321,-0.5757581527271537
GOVPRIORITYf_W54,low,0.3693453699999998,Steered N=2,0.4984747399997572,-0.12912936999975744
GOVPRIORITYf_W54,high,0.208128483422924,Steered N=2,0.5921483159212619,-0.38401983249833793
INEQ11_W54,low,0.4797521538305036,Steered N=2,0.041788579302300774,0.43796357452820284
INEQ11_W54,high,0.3540736364892186,Steered N=2,0.1781244993023008,0.1759491371869178
INEQ1_W54,low,0.0502243994332634,Steered N=2,0.32855893499999994,-0.27833453556673654
INEQ1_W54,high,0.05333042486524531,Steered N=2,0.20137426701376554,-0.14804384214852023
INEQ4_a_W54,low,0.5678204078676043,Steered N=2,0.5564722447580699,0.01134816310953446
INEQ4_a_W54,high,0.40170992191404065,Steered N=2,0.5358185399964924,-0.13410861808245178
INEQ5_a_W54,low,0.3713614087755517,Steered N=2,0.7011080029827939,-0.32974659420724217
INEQ5_a_W54,high,0.13627289067331694,Steered N=2,0.6187567099999998,-0.48248381932668283
INEQ5_d_W54,low,0.4252466038504261,Steered N=2,0.8205372300000002,-0.3952906261495741
INEQ5_d_W54,high,0.9346653909740787,Steered N=2,1.04514292,-0.11047752902592123
INEQ5_e_W54,low,0.08771449024254813,Steered N=2,0.7143660349038852,-0.626651544661337
INEQ5_e_W54,high,0.18708812894908566,Steered N=2,0.8327018073869292,-0.6456136784378436
INEQ5_f_W54,low,0.22232295931448381,Steered N=2,0.6955510373241341,-0.47322807800965033
INEQ5_f_W54,high,0.21460323214603227,Steered N=2,0.6959188773278127,-0.4813156451817804
INEQ5_h_W54,low,0.1845508537456963,Steered N=2,0.6929340469303878,-0.5083831931846916
INEQ5_h_W54,high,0.3844267838442673,Steered N=2,0.7456702074577495,-0.36124342361348216
INEQ5_i_W54,low,0.29278986740048324,Steered N=2,0.6663944095604324,-0.37360454215994915
INEQ5_i_W54,high,0.10151403058654196,Steered N=2,0.6663963395604324,-0.5648823089738905
INEQ5_k_W54,low,0.062254055365295546,Steered N=2,0.7262931666403751,-0.6640391112750796
INEQ5_k_W54,high,0.34802755045319017,Steered N=2,0.8030784866403752,-0.455050936187185
INEQ5_l_W54,low,0.3120249107504677,Steered N=2,1.0856361900020073,-0.7736112792515396
INEQ5_l_W54,high,0.14040827903105876,Steered N=2,0.8704098600020075,-0.7300015809709487
INEQ5_m_W54,low,0.24409747388592418,Steered N=2,1.0402555599980305,-0.7961580861121064
INEQ5_m_W54,high,0.24041455493972555,Steered N=2,0.7544629899980306,-0.5140484350583051
INEQ8_a_W54,low,0.39588902640824797,Steered N=2,0.782112450000188,-0.38622342359194006
INEQ8_a_W54,high,0.1960252780780936,Steered N=2,0.897958820000188,-0.7019335419220945
INEQ8_b_W54,low,0.29365279558818114,Steered N=2,0.8397595200027309,-0.5461067244145498
INEQ8_b_W54,high,0.2686006037676088,Steered N=2,0.9047539009538264,-0.6361532971862176
INEQ8_c_W54,low,0.3449770464075427,Steered N=2,0.8343019199535064,-0.48932487354596377
INEQ8_c_W54,high,0.21186196890446296,Steered N=2,0.9329237499535064,-0.7210617810490434
INEQ8_d_W54,low,0.4296890317564045,Steered N=2,0.835339220003802,-0.4056501882473975
INEQ8_d_W54,high,0.1636393318852864,Steered N=2,0.8930538300038019,-0.7294144981185156
INEQ8_f_W54,low,0.5170002386738555,Steered N=2,0.7781518700003569,-0.26115163132650143
INEQ8_f_W54,high,0.1056678874420039,Steered N=2,0.8195244518047555,-0.7138565643627517
INEQ8_g_W54,low,0.3990586545366426,Steered N=2,0.7661323,-0.3670736454633574
INEQ8_g_W54,high,0.22716387919550296,Steered N=2,0.9082749200000001,-0.6811110408044971
INEQ8_h_W54,low,0.2252433640346525,Steered N=2,1.8104669916673537,-1.5852236276327012
INEQ8_h_W54,high,0.07452879436330062,Steered N=2,1.4381963443059709,-1.3636675499426703
INEQ8_i_W54,low,0.33139542893223867,Steered N=2,0.7577240200173556,-0.42632859108511695
INEQ8_i_W54,high,0.44834647634853864,Steered N=2,0.936569519386522,-0.48822304303798336
INEQ8_j_W54,low,0.0712532011444712,Steered N=2,0.7340922799565403,-0.662839078812069
INEQ8_j_W54,high,0.45691792000000014,Steered N=2,0.9314544699565404,-0.4745365499565402
JOBTRAIN_W54,low,0.1816853223596791,Steered N=2,0.6681125866811886,-0.48642726432150946
JOBTRAIN_W54,high,0.20671742494578815,Steered N=2,0.5830706300000418,-0.3763532050542536
WORRY2a_W54,low,0.2630833487642736,Steered N=2,1.1871554681284455,-0.9240721193641719
WORRY2a_W54,high,0.46411741561715353,Steered N=2,0.4206389714539376,0.043478444163215946
WORRY2b_W54,low,0.25681630096308306,Steered N=2,1.682224764114825,-1.4254084631517419
WORRY2b_W54,high,0.6170373889307853,Steered N=2,0.8234835654685363,-0.206446176537751
WORRY2c_W54,low,0.5523076401662403,Steered N=2,1.8437633813474084,-1.291455741181168
WORRY2c_W54,high,0.46094431702174077,Steered N=2,0.4974027306459411,-0.036458413624200325
WORRY2d_W54,low,0.18341075142834806,Steered N=2,0.9752476934801831,-0.7918369420518351
WORRY2d_W54,high,0.6211116269629915,Steered N=2,0.65182233484899,-0.0307107078859985
WORRY2e_W54,low,0.33246866476630393,Steered N=2,1.2579253300000002,-0.9254566652336962
WORRY2e_W54,high,0.5938307973325235,Steered N=2,0.7869977000000002,-0.19316690266747671
GAP21Q10_W82,low,0.09653446332501942,Steered N=2,0.19702218324256654,-0.10048771991754712
GAP21Q10_W82,high,0.09526544178867716,Steered N=2,0.19746151908298265,-0.10219607729430549
GAP21Q13_b_W82,low,0.238338711048117,Steered N=2,0.5745483156608112,-0.3362096046126942
GAP21Q13_b_W82,high,0.24555650813342417,Steered N=2,0.5800598457159264,-0.3345033375825022
GAP21Q15_a_W82,low,0.5574865836079043,Steered N=2,0.9446250368548972,-0.3871384532469929
GAP21Q15_a_W82,high,0.8866540263778588,Steered N=2,0.9364337268548972,-0.04977970047703839
GAP21Q15_b_W82,low,0.48123239999999984,Steered N=2,0.8406021618736816,-0.3593697618736818
GAP21Q15_b_W82,high,1.1695034629358805,Steered N=2,0.5148062718736817,0.6546971910621988
GAP21Q15_c_W82,low,0.5558646180263743,Steered N=2,0.9746407193908695,-0.41877610136449517
GAP21Q15_c_W82,high,0.9587821835873679,Steered N=2,0.6785305896049583,0.2802515939824096
GAP21Q15_d_W82,low,0.25559365326485023,Steered N=2,0.7305624401140657,-0.47496878684921545
GAP21Q15_d_W82,high,1.925773180962377,Steered N=2,0.6537665600946337,1.2720066208677432
GAP21Q15_e_W82,low,0.5067259727196796,Steered N=2,0.6739557283258698,-0.16722975560619024
GAP21Q15_e_W82,high,1.1270364082031188,Steered N=2,0.42277849656530986,0.7042579116378089
GAP21Q15_f_W82,low,0.281241067854632,Steered N=2,0.7202272198599339,-0.4389861520053019
GAP21Q15_f_W82,high,1.6303860259509837,Steered N=2,0.6763787630821396,0.9540072628688441
GAP21Q17_W82,low,0.2786947428954258,Steered N=2,0.26915053463082916,0.00954420826459662
GAP21Q17_W82,high,0.3789396717946551,Steered N=2,0.13421139463082907,0.24472827716382603
GAP21Q19_a_W82,low,0.10017509242489236,Steered N=2,0.9005717199875249,-0.8003966275626326
GAP21Q19_a_W82,high,0.15367782846322164,Steered N=2,0.9117249808677802,-0.7580471524045586
GAP21Q19_b_W82,low,0.8706455741105016,Steered N=2,0.6273085837265827,0.24333699038391887
GAP21Q19_b_W82,high,1.0460036638323587,Steered N=2,0.60806945,0.43793421383235864
GAP21Q19_c_W82,low,0.7402110605061899,Steered N=2,0.6106223400348301,0.12958872047135983
GAP21Q19_c_W82,high,1.0750310611165528,Steered N=2,0.7140417800348301,0.3609892810817227
GAP21Q19_d_W82,low,0.2894779737238882,Steered N=2,0.7154470899637739,-0.4259691162398857
GAP21Q19_d_W82,high,0.12189579823767543,Steered N=2,0.6416501799637739,-0.5197543817260986
GAP21Q19_e_W82,low,0.2591217024563671,Steered N=2,0.24476684750547864,0.01435485495088848
GAP21Q19_e_W82,high,0.2890041822513801,Steered N=2,0.4481865883354278,-0.1591824060840477
GAP21Q21_a_W82,low,0.3157434644232758,Steered N=2,0.757086157582316,-0.44134269315904023
GAP21Q21_a_W82,high,0.3554276650336573,Steered N=2,0.3923170700057239,-0.03688940497206661
GAP21Q21_e_W82,low,0.29550872861231614,Steered N=2,0.29414815685709617,0.0013605717552199748
GAP21Q21_e_W82,high,0.4674617097588363,Steered N=2,0.1580977131323486,0.30936399662648767
GAP21Q23_W82,low,0.2527067893117382,Steered N=2,0.7226174700001704,-0.4699106806884322
GAP21Q23_W82,high,0.45707107797517843,Steered N=2,0.9999297500001705,-0.542858672024992
GAP21Q24_W82,low,0.16866515187286674,Steered N=2,0.7883287500664664,-0.6196635981935996
GAP21Q24_W82,high,0.30287214028957243,Steered N=2,0.9008272600664665,-0.5979551197768941
GAP21Q25_W82,low,0.18568536387342005,Steered N=2,0.6101529038707061,-0.42446753999728604
GAP21Q25_W82,high,0.10448003185010973,Steered N=2,0.73751955997532,-0.6330395281252104
GAP21Q26_a_W82,low,0.2413688608065942,Steered N=2,0.7824511800381589,-0.5410823192315648
GAP21Q26_a_W82,high,0.2740579198719622,Steered N=2,0.6830723400381588,-0.40901442016619655
GAP21Q26_b_W82,low,0.23224567334207508,Steered N=2,0.6517230224016478,-0.41947734905957273
GAP21Q26_b_W82,high,0.3361313932983379,Steered N=2,0.6803315461546423,-0.3442001528563044
GAP21Q26_c_W82,low,0.765229703489258,Steered N=2,0.6269387402034432,0.1382909632858148
GAP21Q26_c_W82,high,1.115673405823598,Steered N=2,0.6497410002034433,0.4659324056201547
GAP21Q27_W82,low,0.06060920424114913,Steered N=2,0.21725827211894344,-0.1566490678777943
GAP21Q27_W82,high,0.12591632871723868,Steered N=2,0.18503154711894354,-0.05911521840170486
GAP21Q28_W82,low,0.2184308678246906,Steered N=2,0.6784186777900365,-0.45998780996534594
GAP21Q28_W82,high,0.36746491000000003,Steered N=2,0.6910793509144089,-0.32361444091440883
GAP21Q31_W82,low,0.17625944878546052,Steered N=2,0.2022346751561912,-0.025975226370730686
GAP21Q31_W82,high,0.15875505889771235,Steered N=2,0.1789097951561915,-0.020154736258479133
GAP21Q32_W82,low,0.12188979133654712,Steered N=2,0.7399098500000002,-0.6180200586634531
GAP21Q32_W82,high,0.3236369185787453,Steered N=2,0.7513524300000002,-0.42771551142125486
GAP21Q33_c_W82,low,0.09503702690830135,Steered N=2,0.5117203548827964,-0.4166833279744951
GAP21Q33_c_W82,high,0.2689473241608732,Steered N=2,0.4916204400010241,-0.22267311584015093
GAP21Q33_g_W82,low,0.05958841083747268,Steered N=2,0.600360009944898,-0.5407715991074253
GAP21Q33_g_W82,high,0.1008713311768012,Steered N=2,0.5254665899448979,-0.42459525876809673
GAP21Q33_i_W82,low,0.14720408075222197,Steered N=2,0.6016586981504035,-0.45445461739818155
GAP21Q33_i_W82,high,0.058388121732598885,Steered N=2,0.5244553510669083,-0.46606722933430944
GAP21Q33_j_W82,low,0.2240836024397314,Steered N=2,0.7603805600000001,-0.5362969575602687
GAP21Q33_j_W82,high,0.2665816176539573,Steered N=2,0.70765224,-0.4410706223460427
GAP21Q33_m_W82,low,0.2557554283859035,Steered N=2,0.34577581,-0.09002038161409653
GAP21Q33_m_W82,high,0.1976921285355595,Steered N=2,0.30378767684880104,-0.10609554831324153
GAP21Q33_n_W82,low,0.1016862535315276,Steered N=2,0.43914229565190144,-0.33745604212037383
GAP21Q33_n_W82,high,0.1374983637561884,Steered N=2,0.4825503500866488,-0.3450519863304604
GAP21Q33_q_W82,low,0.21874538000000004,Steered N=2,0.5434276699997576,-0.3246822899997575
GAP21Q33_q_W82,high,0.21807595643691213,Steered N=2,0.4263868699997577,-0.2083109135628456
GAP21Q33_r_W82,low,0.1404086237133092,Steered N=2,0.25364587960682417,-0.11323725589351497
GAP21Q33_r_W82,high,0.27290569902104655,Steered N=2,0.17129323544303873,0.10161246357800782
GAP21Q33_s_W82,low,0.1069972801560356,Steered N=2,0.42618320500336104,-0.31918592484732544
GAP21Q33_s_W82,high,0.3774735751176865,Steered N=2,0.24134696500112038,0.1361266101165661
GAP21Q34_a_W82,low,0.1697620044826499,Steered N=2,0.837190538371953,-0.6674285338893031
GAP21Q34_a_W82,high,0.23047954592848602,Steered N=2,0.8820146999999998,-0.6515351540715137
GAP21Q34_b_W82,low,0.2073595613940893,Steered N=2,0.8579473500007186,-0.6505877886066294
GAP21Q34_b_W82,high,0.34596288941185055,Steered N=2,0.8258833200007186,-0.4799204305888681
GAP21Q34_c_W82,low,0.15923008707686426,Steered N=2,0.8823495500094507,-0.7231194629325864
GAP21Q34_c_W82,high,0.17799900620777315,Steered N=2,0.9125245100094506,-0.7345255038016774
GAP21Q34_d_W82,low,0.21565300090819406,Steered N=2,0.8667365300001704,-0.6510835290919763
GAP21Q34_d_W82,high,0.2776762269098728,Steered N=2,0.8238885000001703,-0.5462122730902975
GAP21Q34_e_W82,low,0.16288278259509253,Steered N=2,0.8358887283588874,-0.6730059457637949
GAP21Q34_e_W82,high,0.18556552081900884,Steered N=2,0.8755244899988669,-0.689958969179858
GAP21Q34_f_W82,low,0.2869117871308825,Steered N=2,0.8534083014655993,-0.5664965143347168
GAP21Q34_f_W82,high,0.4610040714745611,Steered N=2,0.9153220699997278,-0.4543179985251667
GAP21Q38_a_W82,low,0.24689932833586575,Steered N=2,0.6367279202516477,-0.38982859191578195
GAP21Q38_a_W82,high,0.12409269037109871,Steered N=2,0.6315898102516477,-0.507497119880549
GAP21Q38_b_W82,low,0.047628349523716584,Steered N=2,0.7523341324785288,-0.7047057829548122
GAP21Q38_b_W82,high,0.07950997359382783,Steered N=2,0.7996163679984494,-0.7201063944046215
GAP21Q38_c_W82,low,0.07182314651477045,Steered N=2,0.7549310200000001,-0.6831078734852296
GAP21Q38_c_W82,high,0.21054712067797982,Steered N=2,0.8839634700000002,-0.6734163493220204
GAP21Q41_W82,low,0.30512237193747205,Steered N=2,0.5965687799922055,-0.29144640805473343
GAP21Q41_W82,high,0.4282845578462779,Steered N=2,0.3942456699923386,0.03403888785393927
GAP21Q43_g_W82,low,0.16953528,Steered N=2,0.7424427299258101,-0.57290744992581
GAP21Q43_g_W82,high,0.3080247098731943,Steered N=2,0.7469155274006725,-0.43889081752747816
GAP21Q47_W82,low,0.29298769087388943,Steered N=2,1.6643016,-1.3713139091261106
GAP21Q47_W82,high,0.2729555525680549,Steered N=2,1.55258811,-1.2796325574319452
GAP21Q4_a_W82,low,0.21071148816369184,Steered N=2,0.38410369774206987,-0.17339220957837803
GAP21Q4_a_W82,high,0.2201566738442859,Steered N=2,0.3843301218680437,-0.16417344802375783
GAP21Q4_b_W82,low,0.8977053913826601,Steered N=2,0.40630938087926277,0.4913960105033974
GAP21Q4_b_W82,high,1.0397787979636837,Steered N=2,0.6174684408792628,0.4223103570844209
GAP21Q4_c_W82,low,0.42042535249089336,Steered N=2,0.5520750455447218,-0.1316496930538284
GAP21Q4_c_W82,high,0.28260000555181064,Steered N=2,0.43960970002197375,-0.1570096944701631
GAP21Q4_d_W82,low,0.46111636813432205,Steered N=2,0.6123758961237591,-0.15125952798943704
GAP21Q4_d_W82,high,0.22922010754885047,Steered N=2,0.5145806799542917,-0.2853605724054412
GAP21Q4_e_W82,low,0.43694695563053043,Steered N=2,0.6708122325326455,-0.23386527690211512
GAP21Q4_e_W82,high,0.2456979117166802,Steered N=2,0.5490774399999998,-0.3033795282833196
GAP21Q4_f_W82,low,0.4808969432392407,Steered N=2,0.6704288600156286,-0.18953191677638792
GAP21Q4_f_W82,high,0.15619452116936683,Steered N=2,0.562918025652623,-0.4067235044832562
GAP21Q7_a_W82,low,0.3259016208386583,Steered N=2,0.8088956102352275,-0.4829939893965692
GAP21Q7_a_W82,high,0.6200496893376911,Steered N=2,0.693325987286101,-0.07327629794840984
GAP21Q7_b_W82,low,0.43122068346717907,Steered N=2,0.6683197375131418,-0.2370990540459627
GAP21Q7_b_W82,high,0.42852146774279337,Steered N=2,0.7443713689959333,-0.3158499012531399
GAP21Q7_d_W82,low,0.2439495445057034,Steered N=2,0.28185077755192045,-0.037901233046217064
GAP21Q7_d_W82,high,0.351595034426486,Steered N=2,0.31958200755192046,0.03201302687456553
BILLION_W92,low,0.12677921071212517,Steered N=2,0.225116545,-0.09833733428787483
BILLION_W92,high,0.12431667376015625,Steered N=2,0.23398042733987878,-0.10966375357972254
CANDEXP_W92,low,0.20861399328605418,Steered N=2,0.6520303599986185,-0.4434163667125643
CANDEXP_W92,high,0.19503321640613933,Steered N=2,0.764656587645338,-0.5696233712391986
ELECT_CONF3_PRVFR_W92,low,0.10452674492195219,Steered N=2,0.8340011655203621,-0.7294744205984098
ELECT_CONF3_PRVFR_W92,high,0.13556705352556164,Steered N=2,0.9106608955203621,-0.7750938419948005
ELECT_CONF3_PRVSUP_W92,low,0.27264640304362275,Steered N=2,0.6946603599012797,-0.42201395685765697
ELECT_CONF3_PRVSUP_W92,high,0.2158257604154944,Steered N=2,0.6930735368461178,-0.47724777643062344
ELECT_IMPT3_PRVFR_W92,low,0.1381283965622484,Steered N=2,0.775147847762709,-0.6370194512004606
ELECT_IMPT3_PRVFR_W92,high,0.10903360192128808,Steered N=2,0.5617769300074872,-0.4527433280861991
FREECOLL_W92,low,0.12135785885883782,Steered N=2,0.6094344090544354,-0.48807655019559754
FREECOLL_W92,high,0.7216515245122082,Steered N=2,0.8371881992505781,-0.11553667473836993
GODMORALIMP_W92,low,0.2128279092078373,Steered N=2,0.9058896499997929,-0.6930617407919556
GODMORALIMP_W92,high,0.6310532817015997,Steered N=2,1.0527905099997932,-0.4217372282981935
LEGALIMMIGAMT_W92,low,0.6176134455999178,Steered N=2,0.7196636574428126,-0.10205021184289476
LEGALIMMIGAMT_W92,high,0.5444220426648683,Steered N=2,0.6666293157115594,-0.1222072730466911
POLINTOL2_a_W92,low,0.20150518519282457,Steered N=2,0.7434521082003647,-0.5419469230075401
POLINTOL2_a_W92,high,0.1383929800468347,Steered N=2,0.8665510905743825,-0.7281581105275479
PROG_RNEED_W92,low,0.12708884200733905,Steered N=2,0.54404805000006,-0.4169592079927209
PROG_RNEED_W92,high,0.20815010906847098,Steered N=2,0.68485888000006,-0.47670877093158903
RACESURV52MOD_W92,low,0.4072859608492489,Steered N=2,0.9335747993442853,-0.5262888384950364
RACESURV52MOD_W92,high,0.5993056202750945,Steered N=2,0.79383725794691,-0.19453163767181547
REPRSNTDEM_W92,low,0.25755033785919523,Steered N=2,0.8527865595107986,-0.5952362216516034
REPRSNTDEM_W92,high,0.504054869295083,Steered N=2,0.8070044983188551,-0.3029496290237721
REPRSNTREP_W92,low,0.45723516282660737,Steered N=2,0.7321465269744514,-0.274911364147844
REPRSNTREP_W92,high,0.4423536235708818,Steered N=2,0.7570425769744512,-0.3146889534035694
SOCIETY_GUNS_W92,low,0.9048341999999999,Steered N=2,1.37228306,-0.4674488600000001
SOCIETY_GUNS_W92,high,0.5438093262350598,Steered N=2,1.30977407,-0.7659647437649402
SOCIETY_RELG_W92,low,0.6805674529228681,Steered N=2,0.8716815300084264,-0.19111407708555828
SOCIETY_RELG_W92,high,0.31933587579261336,Steered N=2,1.0366451600084265,-0.7173092842158132
SOCIETY_RHIST_W92,low,0.36192321843068487,Steered N=2,1.1531132306390972,-0.7911900122084123
SOCIETY_RHIST_W92,high,0.4257377223794765,Steered N=2,1.1159171306390974,-0.6901794082596209
SOCIETY_SSM_W92,low,0.8920541113758118,Steered N=2,1.4183264000000007,-0.5262722886241888
SOCIETY_SSM_W92,high,0.35101205286109044,Steered N=2,1.2142970600000003,-0.8632850071389098
SOCIETY_TRANS_W92,low,0.8768652920833022,Steered N=2,1.763880094527142,-0.8870148024438398
SOCIETY_TRANS_W92,high,0.4325667133462617,Steered N=2,1.5081785245271417,-1.0756118111808801
SOCIETY_WHT_W92,low,0.6291822743134885,Steered N=2,0.6458747199997535,-0.016692445686265045
SOCIETY_WHT_W92,high,0.8225134846468591,Steered N=2,0.43492023565048965,0.3875932489963695
UNIMMIGCOMM_W92,low,0.38650401656263905,Steered N=2,0.7936569295294932,-0.40715291296685413
UNIMMIGCOMM_W92,high,0.25021108898860267,Steered N=2,0.7888232875353529,-0.5386121985467502
USEXCEPT_W92,low,0.04809623894013679,Steered N=2,0.5053126000959434,-0.45721636115580655
USEXCEPT_W92,high,0.12162155268540686,Steered N=2,0.4541609300959434,-0.3325393774105365
USMILSIZ_W92,low,1.0330525830324602,Steered N=2,1.388328641814912,-0.3552760587824517
USMILSIZ_W92,high,0.6647135291628429,Steered N=2,1.1194769839171377,-0.4547634547542948
WHADVANT_W92,low,0.2554045432833009,Steered N=2,1.0464807811297088,-0.7910762378464078
WHADVANT_W92,high,0.49304536329126497,Steered N=2,1.2161555644209736,-0.7231102011297086
CARRYGUN_W26,low,0.913702871999122,Inferred from occupation,0.9136522199992496,5.065199987241975e-05
CARRYGUN_W26,high,1.2017926480001122,Inferred from occupation,1.2017456799992496,4.696800086256836e-05
GROWUPGUN2A_W26,low,0.06303143542424627,Inferred from occupation,0.3421122000690384,-0.27908076464479215
GROWUPGUN2A_W26,high,0.27012269176190584,Inferred from occupation,0.43980611006903847,-0.16968341830713263
GROWUPGUN2B_W26,low,0.1561861139585879,Inferred from occupation,0.341534639885395,-0.18534852592680712
GROWUPGUN2B_W26,high,0.15066544404990212,Inferred from occupation,0.349925409885395,-0.19925996583549288
GROWUPGUN2C_W26,low,0.07716270448036278,Inferred from occupation,0.5163672499678363,-0.43920454548747356
GROWUPGUN2C_W26,high,0.2975959173482259,Inferred from occupation,0.5359508199678363,-0.23835490261961045
GROWUPGUN4_W26,low,0.5529148739149442,Inferred from occupation,0.5581838698726713,-0.005268995957727118
GROWUPGUN4_W26,high,0.5630630660200656,Inferred from occupation,0.5618342498726714,0.0012288161473942294
GROWUPGUN6_W26,low,0.33848112121699697,Inferred from occupation,0.6118251784940637,-0.27334405727706673
GROWUPGUN6_W26,high,0.5479494536692527,Inferred from occupation,0.659215716592157,-0.11126626292290431
GROWUPGUN7_W26,low,0.4917315777536628,Inferred from occupation,0.9549095264106642,-0.4631779486570014
GROWUPGUN7_W26,high,0.7520023538599755,Inferred from occupation,1.1298723545137181,-0.37787000065374265
GROWUPVIOL_W26,low,1.837105704970613,Inferred from occupation,1.4041511440828067,0.43295456088780626
GROWUPVIOL_W26,high,2.061118477829083,Inferred from occupation,1.7517775940828066,0.30934088374627633
GUNACCESS_W26,low,1.4902805409029025,Inferred from occupation,1.4902660649034014,1.4475999501106784e-05
GUNACCESS_W26,high,1.7367809546322825,Inferred from occupation,1.7367670426327,1.3911999582560952e-05
GUNACTIVITYA_W26,low,0.8318504501078265,Inferred from occupation,0.85320623,-0.02135577989217341
GUNACTIVITYA_W26,high,0.8581622873664074,Inferred from occupation,0.8282032313923923,0.02995905597401516
GUNACTIVITYB_W26,low,0.7948560954803985,Inferred from occupation,0.719464285638152,0.07539180984224647
GUNACTIVITYB_W26,high,0.7850885161687206,Inferred from occupation,0.6939066437770599,0.09118187239166065
GUNCONTRIBA_W26,low,0.7498291299614962,Inferred from occupation,0.7524129214987973,-0.00258379153730115
GUNCONTRIBA_W26,high,0.8941146942224665,Inferred from occupation,0.8919344792671948,0.002180214955271653
GUNCONTRIBC_W26,low,0.5388459272805942,Inferred from occupation,0.9370357971384997,-0.3981898698579055
GUNCONTRIBC_W26,high,0.3677405342845055,Inferred from occupation,0.6853009549453427,-0.31756042066083723
GUNCONTRIBE_W26,low,1.1099698719901996,Inferred from occupation,1.1101961899969877,-0.00022631800678807323
GUNCONTRIBE_W26,high,0.868774342014756,Inferred from occupation,0.8692944499969876,-0.0005201079822315657
GUNCONTRIBF_W26,low,0.5223845455789913,Inferred from occupation,0.600296910031116,-0.07791236445212468
GUNCONTRIBF_W26,high,0.3724529720992672,Inferred from occupation,0.5339474346812696,-0.1614944625820024
GUNFRIEND_W26,low,1.869543021293157,Inferred from occupation,1.869316361372967,0.00022665992018988668
GUNFRIEND_W26,high,1.866308106,Inferred from occupation,1.8652950200826635,0.0010130859173365092
GUNIDENTITY_W26,low,0.9028850426881696,Inferred from occupation,0.9337652700318447,-0.030880227343675126
GUNIDENTITY_W26,high,0.9053537404392121,Inferred from occupation,0.9233004200318448,-0.01794667959263263
GUNLOADED1_W26,low,0.587603842,Inferred from occupation,0.586838750078938,0.000765091921062
GUNLOADED1_W26,high,0.6487372659999999,Inferred from occupation,0.6479738300789379,0.0007634359210619834
GUNLOADED2_W26,low,0.4084884780015801,Inferred from occupation,0.40873892000051637,-0.0002504419989362572
GUNLOADED2_W26,high,0.2644465520589061,Inferred from occupation,0.2686412200005164,-0.004194667941610275
GUNLOCKED1_W26,low,0.6095043610421698,Inferred from occupation,0.6646412473925529,-0.05513688635038316
GUNLOCKED1_W26,high,0.63068186,Inferred from occupation,0.6666605673925529,-0.03597870739255282
GUNLOCKED2_W26,low,0.6231552940780738,Inferred from occupation,0.6302565304728855,-0.00710123639481175
GUNLOCKED2_W26,high,0.4973080279716605,Inferred from occupation,0.4937585904728856,0.003549437498774899
GUNRESPKIDSD_W26,low,1.4004527499999129,Inferred from occupation,1.4004208,3.19499999128503e-05
GUNRESPKIDSD_W26,high,1.7149835588501317,Inferred from occupation,1.7149525128500827,3.104600004899538e-05
GUNRESPKIDSE_W26,low,0.7812560720000264,Inferred from occupation,0.781253699999954,2.3720000724702928e-06
GUNRESPKIDSE_W26,high,1.0191550521915038,Inferred from occupation,1.019152800191528,2.25199997583303e-06
GUNRESPNOKIDSA_W26,low,0.5517587700004474,Inferred from occupation,0.5516657399979797,9.303000246763116e-05
GUNRESPNOKIDSA_W26,high,0.541912751419513,Inferred from occupation,0.5418204954171947,9.225600231832498e-05
GUNRESPNOKIDSB_W26,low,0.4020644430884417,Inferred from occupation,0.794276787874396,-0.39221234478595435
GUNRESPNOKIDSB_W26,high,0.5088413044866714,Inferred from occupation,0.8083445680150736,-0.2995032635284022
GUNRESPNOKIDSC_W26,low,0.45109838451905815,Inferred from occupation,0.42313131481756827,0.027967069701489877
GUNRESPNOKIDSC_W26,high,0.31322195308455036,Inferred from occupation,0.2856118934423695,0.027610059642180884
GUNRESPNOKIDSD_W26,low,1.3362855223719432,Inferred from occupation,1.4107915732042602,-0.07450605083231698
GUNRESPNOKIDSD_W26,high,1.5970518956152877,Inferred from occupation,1.55967725320426,0.037374642411027725
GUNRESPNOKIDSE_W26,low,1.0222561380035589,Inferred from occupation,1.0207235000526516,0.0015326379509073007
GUNRESPNOKIDSE_W26,high,0.7928712879979904,Inferred from occupation,0.7911753500526513,0.0016959379453391765
GUNRESPNOKIDSF_W26,low,0.7471412695203475,Inferred from occupation,0.32150517396955114,0.4256360955507964
GUNRESPNOKIDSF_W26,high,0.8343022623140917,Inferred from occupation,0.3088178896486094,0.5254843726654823
GUNSAFETYKIDS_W26,low,0.44352813535688645,Inferred from occupation,0.2377731974065227,0.20575493795036376
GUNSAFETYKIDS_W26,high,0.47850924321490756,Inferred from occupation,0.24065226740652268,0.23785697580838489
GUNSAFE_W26,low,0.21633660923596623,Inferred from occupation,0.16314780497467596,0.05318880426129027
GUNSAFE_W26,high,0.0896337588578146,Inferred from occupation,0.18853409806401084,-0.09890033920619623
GUNTYPEOWNC_W26,low,0.84611192399851,Inferred from occupation,0.8459823899957537,0.0001295340027562819
GUNTYPEOWNC_W26,high,1.220428902204607,Inferred from occupation,1.2202960822008375,0.0001328200037695737
NOCARRYGUN_W26,low,0.48594406571130666,Inferred from occupation,0.4771572566810043,0.008786809030302378
NOCARRYGUN_W26,high,0.6118082701523317,Inferred from occupation,0.46527400668100427,0.14653426347132747
REASONGUNA_W26,low,0.222408091961126,Inferred from occupation,0.3112535500000001,-0.08884545803887411
REASONGUNA_W26,high,0.4485619868668359,Inferred from occupation,0.47247181000000016,-0.023909823133164254
REASONGUNB_W26,low,1.0814074491524597,Inferred from occupation,0.9177471508249578,0.16366029832750184
REASONGUNB_W26,high,0.9515956620008572,Inferred from occupation,1.0482700200029154,-0.09667435800205815
REASONGUNC_W26,low,0.2814949978115211,Inferred from occupation,1.0495133894733502,-0.7680183916618291
REASONGUNC_W26,high,0.4605424798236889,Inferred from occupation,0.8868593488433808,-0.4263168690196919
REASONGUND_W26,low,0.6702232319994597,Inferred from occupation,0.6620825203264004,0.008140711673059298
REASONGUND_W26,high,0.5892918979999467,Inferred from occupation,0.5811452103264004,0.008146687673546316
REASONGUNE_W26,low,0.2807277659998296,Inferred from occupation,0.3100442536310937,-0.0293164876312641
REASONGUNE_W26,high,0.20622651199152683,Inferred from occupation,0.3839456036310937,-0.17771909163956687
SHOOTFREQ_W26,low,0.6954499339988681,Inferred from occupation,0.6943704600113607,0.0010794739875074066
SHOOTFREQ_W26,high,0.9421940645774363,Inferred from occupation,0.9411203105887969,0.0010737539886394032
WORRYB_W26,low,0.6958510052800809,Inferred from occupation,0.4549147238120975,0.2409362814679834
WORRYB_W26,high,0.16605570489114477,Inferred from occupation,0.4710419338120975,-0.30498622892095273
WORRYD_W26,low,0.2359571793479518,Inferred from occupation,0.6360389598143319,-0.4000817804663801
WORRYD_W26,high,1.1598427017842736,Inferred from occupation,1.3169311898143319,-0.15708848803005826
WORRYE_W26,low,0.43441590719536727,Inferred from occupation,0.4060486371540636,0.028367270041303683
WORRYE_W26,high,0.4661738740018845,Inferred from occupation,0.4259244416193999,0.04024943238248457
WORRYF_W26,low,0.5955131318478717,Inferred from occupation,0.526173044575301,0.06934008727257068
WORRYF_W26,high,0.6958067363515625,Inferred from occupation,0.6372129599999999,0.0585937763515626
BOYSF1B_W29,low,0.32878373649684145,Inferred from occupation,0.2295648997966604,0.09921883670018106
BOYSF1B_W29,high,0.31122113972451315,Inferred from occupation,0.2611267847966604,0.05009435492785275
FAVORS_CPS_W29,low,0.7743993269821412,Inferred from occupation,0.6689035667697967,0.10549576021234452
FAVORS_CPS_W29,high,0.701993510763526,Inferred from occupation,0.4626163652930755,0.23937714547045053
FEM2_W29,low,0.42035445558559903,Inferred from occupation,0.47750902541202755,-0.057154569826428525
FEM2_W29,high,0.32697164621281694,Inferred from occupation,0.3058678902438441,0.021103755968972848
GIRLSF2C_W29,low,0.27788435200538775,Inferred from occupation,0.21581921496295237,0.06206513704243538
GIRLSF2C_W29,high,0.2846782938442194,Inferred from occupation,0.22299696782255304,0.061681326021666344
GIRLSF2D_W29,low,0.2577238735770495,Inferred from occupation,0.2576658275742073,5.8046002842204736e-05
GIRLSF2D_W29,high,0.19645884300004324,Inferred from occupation,0.196398744996732,6.0098003311248593e-05
GOPDIRCT_W29,low,0.7014743246235331,Inferred from occupation,0.5252199745948707,0.1762543500286624
GOPDIRCT_W29,high,0.1707170608602958,Inferred from occupation,0.1772709050075012,-0.00655384414720539
HOOD_NHISB_W29,low,0.6464683974717207,Inferred from occupation,0.6182570062608176,0.028211391210903103
HOOD_NHISB_W29,high,0.5586430833633589,Inferred from occupation,0.5418069721260885,0.016836111237270357
LOCALELECT_W29,low,1.147550856620283,Inferred from occupation,1.1496510484242837,-0.002100191804000673
LOCALELECT_W29,high,0.8265014082242077,Inferred from occupation,0.8351189283036659,-0.008617520079458152
MAN1A_W29,low,0.6244467301250688,Inferred from occupation,0.6465865102738224,-0.02213978014875362
MAN1A_W29,high,0.2808662840692543,Inferred from occupation,0.5598564602738224,-0.2789901762045681
MAN1B_W29,low,0.7677549969689437,Inferred from occupation,0.9625845400238788,-0.19482954305493516
MAN1B_W29,high,0.5550416978768391,Inferred from occupation,1.050165510023879,-0.4951238121470398
MAN1C_W29,low,0.7440452657539983,Inferred from occupation,0.7829323878232028,-0.03888712206920453
MAN1C_W29,high,0.9453516502920591,Inferred from occupation,0.9742514799908184,-0.02889982969875926
MAN1D_W29,low,0.9320748460404948,Inferred from occupation,0.9333350900001567,-0.0012602439596618442
MAN1D_W29,high,0.7436920699999745,Inferred from occupation,0.7436996900001567,-7.62000018217357e-06
MAN1E_W29,low,0.4526088470848295,Inferred from occupation,0.6824656527945533,-0.22985680570972378
MAN1E_W29,high,0.26644179970006,Inferred from occupation,0.5670583653532585,-0.3006165656531985
MASC2_W29,low,0.6691927266816607,Inferred from occupation,0.5053522964615491,0.16384043022011163
MASC2_W29,high,0.42879279664740877,Inferred from occupation,0.5436683962629565,-0.11487559961554772
S12_W29,low,1.0630342176636547,Inferred from occupation,0.8185208611895335,0.2445133564741212
S12_W29,high,0.24380905600399527,Inferred from occupation,0.4255495053117513,-0.181740449307756
S13_W29,low,0.8136696779169931,Inferred from occupation,0.9367159796610875,-0.12304630174409448
S13_W29,high,0.5518317044969512,Inferred from occupation,0.6783985602473313,-0.12656685575038007
SEENFEM_W29,low,0.91755148,Inferred from occupation,0.913865320184027,0.003686159815972978
SEENFEM_W29,high,0.7305372900016706,Inferred from occupation,0.726103660184027,0.004433629817643503
SEENMASC_W29,low,0.7509477964599534,Inferred from occupation,0.7511042324889577,-0.00015643602900439202
SEENMASC_W29,high,0.7666680920003184,Inferred from occupation,0.7665917700023547,7.632199796370198e-05
TALK_CPS_W29,low,0.8784096564450637,Inferred from occupation,1.3044619618302815,-0.42605230538521777
TALK_CPS_W29,high,0.38996764897547415,Inferred from occupation,0.9761586618302813,-0.5861910128548071
WORRYBILL_W29,low,0.7782509528854291,Inferred from occupation,0.5105790149136553,0.2676719379717738
WORRYBILL_W29,high,1.279179793098459,Inferred from occupation,1.0873735677204248,0.19180622537803416
CLASS_W32,low,0.9182839408184159,Inferred from occupation,0.9182431808175682,4.076000084773934e-05
CLASS_W32,high,0.568180346428479,Inferred from occupation,0.5810949783773006,-0.012914631948821587
COMMIMPA_W32,low,0.6675699266803633,Inferred from occupation,1.2041376481594375,-0.5365677214790742
COMMIMPA_W32,high,1.0715607560513272,Inferred from occupation,1.111263940267752,-0.039703184216424825
COMMIMPB_W32,low,0.6430155159964656,Inferred from occupation,0.6416859100873502,0.00132960590911535
COMMIMPB_W32,high,0.6231680059994001,Inferred from occupation,0.6217371700873502,0.0014308359120499548
COMMIMPC_W32,low,0.88590892956018,Inferred from occupation,1.1727373117273732,-0.2868283821671932
COMMIMPC_W32,high,1.25481998639443,Inferred from occupation,1.2713815793628311,-0.016561592968401095
COMMIMPF_W32,low,0.8617632375953241,Inferred from occupation,0.8485735207329214,0.013189716862402778
COMMIMPF_W32,high,1.082960464002495,Inferred from occupation,1.0591534607329214,0.023807003269573634
COMMIMPG_W32,low,0.9322778821080786,Inferred from occupation,0.9227520514233594,0.009525830684719239
COMMIMPG_W32,high,0.9815520962084384,Inferred from occupation,0.9622166915978554,0.01933540461058303
COMMIMPH_W32,low,0.8256913159907588,Inferred from occupation,0.8220035200388869,0.003687795951871964
COMMIMPH_W32,high,0.7012415110146681,Inferred from occupation,0.6974332870521067,0.003808223962561419
COMMYRS_W32,low,0.816601166124351,Inferred from occupation,0.7645502725426669,0.05205089358168402
COMMYRS_W32,high,1.0539205468468038,Inferred from occupation,0.5960715473800248,0.45784899946677904
ETHNCMAJ_W32,low,0.21498962014972633,Inferred from occupation,0.21496454215223476,2.50779974915738e-05
ETHNCMAJ_W32,high,0.17634895300018028,Inferred from occupation,0.17632428000230166,2.467299787861643e-05
GAYMARR2_W32,low,1.197276589740628,Inferred from occupation,0.8694759137777501,0.32780067596287776
GAYMARR2_W32,high,0.9763622680000001,Inferred from occupation,0.8120759837777503,0.1642862842222499
HARASS2F1_W32,low,0.49494338500000334,Inferred from occupation,0.4949331699991687,1.0215000834645771e-05
HARASS2F1_W32,high,0.413402816,Inferred from occupation,0.41339156999916865,1.1246000831355296e-05
IMMIMPACT_W32,low,0.054049970014535736,Inferred from occupation,0.34731767506387334,-0.29326770504933763
IMMIMPACT_W32,high,0.25373733527495174,Inferred from occupation,0.2895747071553515,-0.03583737188039976
MOVERURAL_W32,low,0.7904477911810512,Inferred from occupation,0.6212492438599624,0.16919854732108885
MOVERURAL_W32,high,0.5664975167704309,Inferred from occupation,0.5308815635299602,0.03561595324047073
MOVESUBURB_W32,low,0.14074446102262228,Inferred from occupation,0.4532156123246346,-0.3124711513020123
MOVESUBURB_W32,high,0.5917474160278685,Inferred from occupation,0.38679779232463457,0.20494962370323394
MOVEURBAN_W32,low,0.5438823930477025,Inferred from occupation,0.40044282866086245,0.14343956438684002
MOVEURBAN_W32,high,0.4380218109414994,Inferred from occupation,0.3167952068320479,0.12122660410945146
NEIGHINTERA_W32,low,1.6017522114889011,Inferred from occupation,1.635931223663088,-0.03417901217418695
NEIGHINTERA_W32,high,1.352434647220073,Inferred from occupation,1.4369224967645309,-0.08448784954445787
NEIGHINTERB_W32,low,0.9112898231246029,Inferred from occupation,0.958865798836029,-0.04757597571142602
NEIGHINTERB_W32,high,0.4700385611171686,Inferred from occupation,0.6569331600339032,-0.18689459891673466
NEIGHKIDS_W32,low,0.2087981938034671,Inferred from occupation,0.2594478884099023,-0.0506496946064352
NEIGHKIDS_W32,high,0.27456285942931796,Inferred from occupation,0.15131163840990228,0.12325122101941569
NEIGHSAMEA_W32,low,1.3820632997695308,Inferred from occupation,1.847477575180021,-0.4654142754104902
NEIGHSAMEA_W32,high,1.7360486578309084,Inferred from occupation,2.26155633341049,-0.5255076755795816
SATLIFED_W32,low,0.5961386744270153,Inferred from occupation,0.6131748084943668,-0.017036134067351494
SATLIFED_W32,high,0.5784844878712758,Inferred from occupation,0.4789221457826438,0.09956234208863202
SOCTRUST2_W32,low,0.5168314780001573,Inferred from occupation,0.5164272600125196,0.00040421798763767836
SOCTRUST2_W32,high,0.25573352799151094,Inferred from occupation,0.2560236300125196,-0.00029010202100865357
VALUERURAL_W32,low,0.5051930241855098,Inferred from occupation,0.9128162606157992,-0.4076232364302894
VALUERURAL_W32,high,0.8307791176766953,Inferred from occupation,0.9039078106157993,-0.07312869293910396
WHADVANT_W32,low,0.5177176816524001,Inferred from occupation,0.8428126809210427,-0.3250949992686426
WHADVANT_W32,high,0.7100074573346006,Inferred from occupation,0.8355687109210429,-0.12556125358644232
WILLMOVE_W32,low,0.5922423799224239,Inferred from occupation,0.7005889832941681,-0.10834660337174418
WILLMOVE_W32,high,0.765154391773855,Inferred from occupation,0.6600984142522435,0.10505597752161155
EAT1_W34,low,0.5672896702384993,Inferred from occupation,0.5677215222528759,-0.00043185201437656584
EAT1_W34,high,0.4521506659999999,Inferred from occupation,0.27714918225287577,0.17500148374712415
EAT2_W34,low,0.8488608334363393,Inferred from occupation,0.9390590380522855,-0.09019820461594619
EAT2_W34,high,0.6994764038006572,Inferred from occupation,0.7611713001971081,-0.06169489639645087
EAT5B_W34,low,0.631068567999912,Inferred from occupation,0.6310401400003721,2.8427999539837323e-05
EAT5B_W34,high,0.5425713140001278,Inferred from occupation,0.5425447500003722,2.6563999755646606e-05
EAT5C_W34,low,0.5905622197004945,Inferred from occupation,0.32993546806839064,0.26062675163210386
EAT5C_W34,high,0.5850690161022051,Inferred from occupation,0.3218007180683907,0.26326829803381435
EAT5D_W34,low,0.5575724455296762,Inferred from occupation,0.4345242719008141,0.12304817362886211
EAT5D_W34,high,0.4452924565611628,Inferred from occupation,0.3227487107830584,0.1225437457781044
EVOBIOA_W34,low,0.3162617799998986,Inferred from occupation,0.3162620799999104,-3.000000118325019e-07
EVOBIOA_W34,high,0.04779440999992457,Inferred from occupation,0.04779449999991037,-8.999998579728441e-08
EVOBIOB_W34,low,0.3982298100000019,Inferred from occupation,0.39823022000002084,-4.100000189355413e-07
EVOBIOB_W34,high,0.20321021600000488,Inferred from occupation,0.20321051000002077,-2.940000158879741e-07
EVOPERS3_W34,low,0.9156919608428643,Inferred from occupation,0.9156793508420213,1.2610000842960822e-05
EVOPERS3_W34,high,0.658546194585531,Inferred from occupation,0.6585327265844806,1.346800105039847e-05
EVOTHREE_W34,low,0.4840053379977227,Inferred from occupation,0.48304389000000003,0.0009614479977226864
EVOTHREE_W34,high,0.3743814299947662,Inferred from occupation,0.37369030999999997,0.0006911199947662316
FUD22_W34,low,0.9981734680104116,Inferred from occupation,0.9979858200375518,0.00018764797285986123
FUD22_W34,high,0.7101567911114542,Inferred from occupation,0.7105650871346675,-0.0004082960232132393
FUD24_W34,low,0.2920625669991434,Inferred from occupation,0.24128255499746398,0.05078001200167942
FUD24_W34,high,0.23246017153720616,Inferred from occupation,0.262143664997464,-0.029683493460257837
FUD33B_W34,low,0.1615636370000288,Inferred from occupation,0.16156526999998758,-1.632999958783854e-06
FUD33B_W34,high,0.21443916014442344,Inferred from occupation,0.214441097144411,-1.936999987572907e-06
FUD35_W34,low,0.5232419939856234,Inferred from occupation,0.5484449513428655,-0.025202957357242095
FUD35_W34,high,0.52776169866,Inferred from occupation,0.4876454984878935,0.040116200172106486
FUD37A_W34,low,0.5863146011984287,Inferred from occupation,0.7178568298768218,-0.13154222867839305
FUD37A_W34,high,0.37294021075199496,Inferred from occupation,0.6165916098768218,-0.24365139912482686
FUD37B_W34,low,1.0511818254703291,Inferred from occupation,1.055620399445516,-0.004438573975186877
FUD37B_W34,high,0.648324965257863,Inferred from occupation,0.6678303200019657,-0.019505354744102754
FUD37C_W34,low,0.6949686510018558,Inferred from occupation,0.6978490969772405,-0.0028804459753847267
FUD37C_W34,high,0.7448061540583418,Inferred from occupation,0.7496500999985711,-0.0048439459402292995
BETTERBIZ1F2D_W36,low,0.20106663099998068,Inferred from occupation,0.20106664500002694,-1.400004626117557e-08
BETTERBIZ1F2D_W36,high,0.14065037659350288,Inferred from occupation,0.1406503785935164,-2.000013515912613e-09
BETTERBIZ1F2E_W36,low,0.2602214179999839,Inferred from occupation,0.2602208299998649,5.880001189839668e-07
BETTERBIZ1F2E_W36,high,0.2340684920000291,Inferred from occupation,0.2340678849998649,6.070001642155542e-07
BETTERBIZ1F2H_W36,low,0.20804425591955447,Inferred from occupation,0.20804404291955,2.1300000446755618e-07
BETTERBIZ1F2H_W36,high,0.1549360709999908,Inferred from occupation,0.154935885,1.85999990798269e-07
BETTERBIZ2F2C_W36,low,0.17195458899997668,Inferred from occupation,0.17195442499992353,1.6400005314887167e-07
BETTERBIZ2F2C_W36,high,0.08799297100000004,Inferred from occupation,0.08799273999992357,2.310000764699227e-07
BETTERBIZ2F2E_W36,low,0.14787985000000878,Inferred from occupation,0.14787987000003427,-2.0000025496846874e-08
BETTERBIZ2F2E_W36,high,0.09382919100002202,Inferred from occupation,0.09382912500003424,6.599998778056282e-08
BETTERBIZ2F2F_W36,low,0.24780820700001693,Inferred from occupation,0.2478082899999566,-8.299993967120223e-08
BETTERBIZ2F2F_W36,high,0.204567818000018,Inferred from occupation,0.20456788999995656,-7.199993856676912e-08
BETTERPOL1F1B_W36,low,0.34179714600002176,Inferred from occupation,0.341797289999988,-1.4399996622893596e-07
BETTERPOL1F1B_W36,high,0.33443054600001043,Inferred from occupation,0.33443061999998797,-7.399997753454457e-08
BETTERPOL1F1E_W36,low,0.23980369200003462,Inferred from occupation,0.23980385500011284,-1.630000782126828e-07
BETTERPOL1F1E_W36,high,0.2290343249999498,Inferred from occupation,0.22903448500011284,-1.6000016303530096e-07
BETTERPOL1F1I_W36,low,0.2548423499998024,Inferred from occupation,0.2548442849998578,-1.9350000554085867e-06
BETTERPOL1F1I_W36,high,0.246433812000062,Inferred from occupation,0.2464336999998578,1.120002041943291e-07
BETTERPOL2F1A_W36,low,0.17039534300000217,Inferred from occupation,0.17039547500001934,-1.3200001716673349e-07
BETTERPOL2F1A_W36,high,0.10924443309241558,Inferred from occupation,0.10924442609247322,6.999942361862743e-09
BETTERPOL2F1C_W36,low,0.21720298399998475,Inferred from occupation,0.21720333000010578,-3.460001210264796e-07
BETTERPOL2F1C_W36,high,0.17940256999995757,Inferred from occupation,0.1794028100001058,-2.4000014822722626e-07
BETTERPOL2F1D_W36,low,0.2197932768020354,Inferred from occupation,0.21979336280205217,-8.600001677461222e-08
BETTERPOL2F1D_W36,high,0.1780133180000168,Inferred from occupation,0.17801336999999287,-5.199997607507889e-08
BETTERPOL2F1F_W36,low,0.19884261401153336,Inferred from occupation,0.1988430730115515,-4.590000181325937e-07
BETTERPOL2F1F_W36,high,0.19222833207765863,Inferred from occupation,0.1922286030776962,-2.7100003757718483e-07
E5_W36,low,0.1744170212232442,Inferred from occupation,1.0214566304000205,-0.8470396091767763
E5_W36,high,0.032389489783510195,Inferred from occupation,0.5836633504000206,-0.5512738606165104
ESSENBIZF2E_W36,low,0.2566383624877243,Inferred from occupation,0.1701784493482648,0.08645991313945953
ESSENBIZF2E_W36,high,0.5894581981350093,Inferred from occupation,0.25618424444935617,0.33327395368565316
ESSENBIZF2J_W36,low,0.06572175906788091,Inferred from occupation,0.5532701944414278,-0.48754843537354686
ESSENBIZF2J_W36,high,0.5478147145329471,Inferred from occupation,0.3801891444414277,0.16762557009151935
ESSENPOLF1A_W36,low,0.2280005739996035,Inferred from occupation,0.22798717000105173,1.3403998551764218e-05
ESSENPOLF1A_W36,high,0.052467923999730215,Inferred from occupation,0.05245276000105159,1.5163998678624502e-05
ESSENPOLF1B_W36,low,0.3235380581331391,Inferred from occupation,0.46226771849988246,-0.1387296603667434
ESSENPOLF1B_W36,high,0.280099883555221,Inferred from occupation,0.40344412432906673,-0.12334424077384576
ESSENPOLF1D_W36,low,0.35308456040446334,Inferred from occupation,0.33557243045955687,0.017512129944906474
ESSENPOLF1D_W36,high,0.16694618200289657,Inferred from occupation,0.14403730045955687,0.0229088815433397
ESSENPOLF1G_W36,low,0.4782694156271073,Inferred from occupation,0.5047709800013365,-0.02650156437422918
ESSENPOLF1G_W36,high,0.5006624680868554,Inferred from occupation,0.5150047400013364,-0.014342271914481008
ESSENPOLF1H_W36,low,0.4011714808407959,Inferred from occupation,0.4043565995807007,-0.003185118739904791
ESSENPOLF1H_W36,high,0.39740095394020003,Inferred from occupation,0.37740049958070043,0.020000454359499598
HIGHEDWRNGB_W36,low,0.438258989467022,Inferred from occupation,0.8088818994852528,-0.3706229100182308
HIGHEDWRNGB_W36,high,0.7633085076132542,Inferred from occupation,0.6734266494852528,0.08988185812800142
HIGHEDWRNGC_W36,low,0.9188379789570242,Inferred from occupation,0.7183973100765643,0.20044066888045997
HIGHEDWRNGC_W36,high,0.7515882224766933,Inferred from occupation,0.6224924963270109,0.12909572614968245
IMPROVE1_W36,low,0.7132408648203366,Inferred from occupation,0.4100183073525754,0.30322255746776117
IMPROVE1_W36,high,0.9674061965450019,Inferred from occupation,0.49225260997919074,0.4751535865658112
IMPROVE2_W36,low,0.7081806239991334,Inferred from occupation,0.7082384800003232,-5.785600118979328e-05
IMPROVE2_W36,high,0.814301098001756,Inferred from occupation,0.8145897100003232,-0.0002886119985672231
IMPROVE3_W36,low,0.5767878899999999,Inferred from occupation,0.62212213056256,-0.04533424056256019
IMPROVE3_W36,high,0.5848635242884761,Inferred from occupation,0.8024728187279283,-0.2176092944394522
MOREWMN1F2_W36,low,0.23172408899617442,Inferred from occupation,0.2318596499993052,-0.00013556100313077968
MOREWMN1F2_W36,high,0.17688342022955805,Inferred from occupation,0.17696116322957778,-7.774300001972545e-05
POLCHF1_W36,low,0.6506324714856382,Inferred from occupation,0.6510626534594912,-0.0004301819738530277
POLCHF1_W36,high,0.8342948379945624,Inferred from occupation,0.835280719973853,-0.0009858819792906148
TRAITBIZMF2C_W36,low,0.2575317929999987,Inferred from occupation,0.25753173499999604,5.800000263400662e-08
TRAITBIZMF2C_W36,high,0.08285968799999849,Inferred from occupation,0.0828596449999992,4.299999928347731e-08
TRAITBIZMF2D_W36,low,0.2524512600000073,Inferred from occupation,0.2524510800000393,1.79999967986344e-07
TRAITBIZMF2D_W36,high,0.2102215041022158,Inferred from occupation,0.21022126210225628,2.4199995951601494e-07
TRAITBIZMF2E_W36,low,0.23702650500000483,Inferred from occupation,0.23702640999999652,9.500000830442445e-08
TRAITBIZMF2E_W36,high,0.0811845680000029,Inferred from occupation,0.08118442499999656,1.4300000633626908e-07
TRAITBIZMF2G_W36,low,0.27970803099997843,Inferred from occupation,0.2797081850000235,-1.5400004504950715e-07
TRAITBIZMF2G_W36,high,0.3545177159999918,Inferred from occupation,0.35451783500002343,-1.1900003160647543e-07
TRAITBIZWF2C_W36,low,0.31996288999999517,Inferred from occupation,0.31996260000002985,2.8999996531942074e-07
TRAITBIZWF2C_W36,high,0.3267865640000355,Inferred from occupation,0.3267860500000299,5.14000005558124e-07
TRAITBIZWF2D_W36,low,0.24785233552147756,Inferred from occupation,0.24785185752150096,4.779999766002518e-07
TRAITBIZWF2D_W36,high,0.2801805699999993,Inferred from occupation,0.2801799350000294,6.349999698840314e-07
TRAITBIZWF2E_W36,low,0.350007139999985,Inferred from occupation,0.3500068699999999,2.699999850919177e-07
TRAITBIZWF2E_W36,high,0.33936545599999535,Inferred from occupation,0.339365155,3.009999953729192e-07
TRAITBIZWF2G_W36,low,0.36954501569544446,Inferred from occupation,0.3695451886954439,-1.7299999943709565e-07
TRAITBIZWF2G_W36,high,0.41695104399997834,Inferred from occupation,0.416951244999988,-2.0100000963640952e-07
TRAITPOLMF1B_W36,low,0.35837948758607824,Inferred from occupation,0.358393078595075,-1.3591008996782783e-05
TRAITPOLMF1B_W36,high,0.32770059899957477,Inferred from occupation,0.3271566800055721,0.0005439189940026901
TRAITPOLMF1C_W36,low,0.23462310542285864,Inferred from occupation,0.2422261974240516,-0.007603092001192968
TRAITPOLMF1C_W36,high,0.15357694655220555,Inferred from occupation,0.15387459654053554,-0.00029764998832998435
TRAITPOLMF1D_W36,low,0.215292568000027,Inferred from occupation,0.21529227500006065,2.9299996634479797e-07
TRAITPOLMF1D_W36,high,0.1506177780000052,Inferred from occupation,0.15061734500006058,4.3299994462175917e-07
TRAITPOLMF1E_W36,low,0.221648819,Inferred from occupation,0.22692483499852745,-0.00527601599852745
TRAITPOLMF1E_W36,high,0.06812761901178233,Inferred from occupation,0.0684712949985275,-0.0003436759867451733
TRAITPOLMF1F_W36,low,0.29848810372091217,Inferred from occupation,0.30313492487176347,-0.004646821150851299
TRAITPOLMF1F_W36,high,0.09636928435896598,Inferred from occupation,0.34089019987176344,-0.24452091551279748
TRAITPOLMF1G_W36,low,0.21478793200000118,Inferred from occupation,0.21478803999996923,-1.0799996805199719e-07
TRAITPOLMF1G_W36,high,0.33851764099997844,Inferred from occupation,0.3385177399999692,-9.899999076079524e-08
TRAITPOLWF1A_W36,low,0.26754597099942307,Inferred from occupation,0.2675723500010649,-2.637900164181861e-05
TRAITPOLWF1A_W36,high,0.24504631545063066,Inferred from occupation,0.2450422224515838,4.092999046856338e-06
TRAITPOLWF1C_W36,low,0.32612989242924784,Inferred from occupation,0.3304926133106246,-0.004362720881376736
TRAITPOLWF1C_W36,high,0.40373753203837376,Inferred from occupation,0.4043201100051286,-0.0005825779667548159
TRAITPOLWF1D_W36,low,0.22750157100003404,Inferred from occupation,0.22750163500005405,-6.400002000583882e-08
TRAITPOLWF1D_W36,high,0.11055008800000743,Inferred from occupation,0.11054935500005408,7.329999533456366e-07
TRAITPOLWF1E_W36,low,0.35131663448683365,Inferred from occupation,0.3513189414868105,-2.3069999768310367e-06
TRAITPOLWF1E_W36,high,0.3909433169999591,Inferred from occupation,0.39094312000004267,1.9699991643529202e-07
TRAITPOLWF1F_W36,low,0.3361667742590501,Inferred from occupation,0.34421563499674823,-0.008048860737698116
TRAITPOLWF1F_W36,high,0.3535246869217394,Inferred from occupation,0.3632608049967482,-0.009736118075008793
TRAITPOLWF1G_W36,low,0.2932034799999753,Inferred from occupation,0.29320362500000535,-1.4500003003847795e-07
TRAITPOLWF1G_W36,high,0.37295285600000866,Inferred from occupation,0.3729529300000054,-7.39999967414029e-08
WHYNOTBIZF2A_W36,low,0.6487551187751566,Inferred from occupation,0.49187003127030837,0.1568850875048482
WHYNOTBIZF2A_W36,high,0.6139855394696148,Inferred from occupation,0.6559028512703085,-0.04191731180069369
WHYNOTBIZF2B_W36,low,0.5428288760000066,Inferred from occupation,0.5428285100000229,3.6599998376463105e-07
WHYNOTBIZF2B_W36,high,0.7182245100000104,Inferred from occupation,0.7182241400000228,3.699999876483062e-07
WHYNOTBIZF2D_W36,low,0.5745535539998113,Inferred from occupation,0.574569340000154,-1.5786000342687956e-05
WHYNOTBIZF2D_W36,high,0.24890635800049848,Inferred from occupation,0.248922450000154,-1.6091999655520883e-05
WHYNOTBIZF2F_W36,low,0.5201258939994086,Inferred from occupation,0.5201471400001692,-2.124600076058858e-05
WHYNOTBIZF2F_W36,high,0.2047162359999336,Inferred from occupation,0.20474379000016918,-2.7554000235574527e-05
WHYNOTBIZF2G_W36,low,1.0160405897859035,Inferred from occupation,1.02362463999502,-0.007584050209116455
WHYNOTBIZF2G_W36,high,1.1165985400027725,Inferred from occupation,1.11667490999502,-7.636999224747143e-05
WHYNOTBIZF2H_W36,low,1.3086664756206676,Inferred from occupation,1.1822222710455552,0.1264442045751124
WHYNOTBIZF2H_W36,high,1.294177269702168,Inferred from occupation,1.022507332849371,0.27166993685279706
WHYNOTBIZF2J_W36,low,0.8148409838515867,Inferred from occupation,0.8148356518522324,5.331999354263317e-06
WHYNOTBIZF2J_W36,high,0.8847633600000141,Inferred from occupation,0.884757910000648,5.449999366136105e-06
WHYNOTBIZF2M_W36,low,0.9518554771570007,Inferred from occupation,0.576731114531273,0.3751243626257277
WHYNOTBIZF2M_W36,high,1.1471089026987396,Inferred from occupation,0.6409195829658348,0.5061893197329047
WHYNOTBIZF2N_W36,low,1.12381378,Inferred from occupation,1.12372972,8.406000000005243e-05
WHYNOTBIZF2N_W36,high,1.1207104360000337,Inferred from occupation,1.12062501,8.542600003380585e-05
WHYNOTBIZF2O_W36,low,0.6467029560000087,Inferred from occupation,0.6467024899999935,4.6600001524232937e-07
WHYNOTBIZF2O_W36,high,0.9709935557099418,Inferred from occupation,0.9709930697099308,4.860000110129548e-07
WHYNOTPOLF1A_W36,low,0.9621585483468367,Inferred from occupation,0.6218935652198614,0.3402649831269753
WHYNOTPOLF1A_W36,high,0.40081534235286825,Inferred from occupation,0.5752632921581957,-0.17444794980532746
WHYNOTPOLF1B_W36,low,0.6635388246369531,Inferred from occupation,0.6635423866361553,-3.561999202150723e-06
WHYNOTPOLF1B_W36,high,0.7900899360006375,Inferred from occupation,0.7900883300004876,1.606000149867448e-06
WHYNOTPOLF1C_W36,low,0.7337871474657971,Inferred from occupation,0.8114830093874588,-0.07769586192166167
WHYNOTPOLF1C_W36,high,0.6970540761571322,Inferred from occupation,0.7235244885078735,-0.026470412350741324
WHYNOTPOLF1E_W36,low,0.4847368121406087,Inferred from occupation,0.5352030798016193,-0.05046626766101059
WHYNOTPOLF1E_W36,high,0.5084229778076752,Inferred from occupation,0.5366660998016194,-0.028243121993944187
WHYNOTPOLF1G_W36,low,0.7785838065555449,Inferred from occupation,0.8623580998730513,-0.08377429331750641
WHYNOTPOLF1G_W36,high,0.9691817179837305,Inferred from occupation,0.9704827698730514,-0.0013010518893208367
WHYNOTPOLF1I_W36,low,0.27314555461806617,Inferred from occupation,0.5607873191555981,-0.28764176453753193
WHYNOTPOLF1I_W36,high,0.3371058193981557,Inferred from occupation,0.5212046435213507,-0.18409882412319495
WHYNOTPOLF1J_W36,low,0.8077227320037426,Inferred from occupation,0.808101060007364,-0.00037832800362147534
WHYNOTPOLF1J_W36,high,0.7183475771842264,Inferred from occupation,0.7184774471945933,-0.00012987001036690593
WHYNOTPOLF1K_W36,low,0.541773898,Inferred from occupation,0.59111393,-0.049340032000000034
WHYNOTPOLF1K_W36,high,0.6166681041057609,Inferred from occupation,0.6026116600000001,0.01405644410576079
WHYNOTPOLF1L_W36,low,0.6961026909607655,Inferred from occupation,0.6961181169601818,-1.5425999416285308e-05
WHYNOTPOLF1L_W36,high,0.9855247580001056,Inferred from occupation,0.9855275799985007,-2.8219983950750205e-06
WMNPRZ1_W36,low,0.47119917403578243,Inferred from occupation,0.5911527198032965,-0.1199535457675141
WMNPRZ1_W36,high,0.5687859398459323,Inferred from occupation,0.6202680098032967,-0.051482069957364374
AUTOLKLY_W41,low,0.8887782970993632,Inferred from occupation,0.8889836610133163,-0.00020536391395309384
AUTOLKLY_W41,high,1.1444139699979887,Inferred from occupation,1.1426206699225223,0.0017933000754664086
AUTOWKPLC_W41,low,0.37950739398120104,Inferred from occupation,0.1768963292292222,0.20261106475197885
AUTOWKPLC_W41,high,0.3141328320724641,Inferred from occupation,0.22753136422922224,0.08660146784324188
ETHNCMAJMOD_W41,low,0.4894793927558273,Inferred from occupation,0.6130217792173652,-0.12354238646153792
ETHNCMAJMOD_W41,high,0.3657985382338146,Inferred from occupation,0.5521484992173652,-0.1863499609835506
FTRWORRYc_W41,low,0.6484060066214349,Inferred from occupation,0.6015897468087785,0.04681625981265636
FTRWORRYc_W41,high,0.5610397480911051,Inferred from occupation,0.5531835931917118,0.007856154899393286
FTRWORRYe_W41,low,0.7350523701977725,Inferred from occupation,0.7508226399218132,-0.01577026972404072
FTRWORRYe_W41,high,0.6927398079999999,Inferred from occupation,0.6958467399218132,-0.0031069319218133273
FTRWORRYf_W41,low,0.7073182863266104,Inferred from occupation,0.8586848815495374,-0.15136659522292695
FTRWORRYf_W41,high,0.8812346662944159,Inferred from occupation,0.9137112109992733,-0.03247654470485739
FUTRCLASSb_W41,low,0.1369871223698712,Inferred from occupation,0.27375939911881714,-0.13677227674894593
FUTRCLASSb_W41,high,0.14895746148957456,Inferred from occupation,0.18682962324951946,-0.0378721617599449
FUTRCLASSc_W41,low,0.32090264200013086,Inferred from occupation,0.3209104749999473,-7.832999816437258e-06
FUTRCLASSc_W41,high,0.21950747200020337,Inferred from occupation,0.21951236999994728,-4.897999743902481e-06
FUTR_DIV_W41,low,0.2352405026503449,Inferred from occupation,0.2350647976493521,0.00017570500099281516
FUTR_DIV_W41,high,0.17776703899915275,Inferred from occupation,0.17771721500261647,4.982399653627456e-05
GOVPRIOb_W41,low,0.5271993532720144,Inferred from occupation,0.5271966552716286,2.6980003857701718e-06
GOVPRIOb_W41,high,0.6679826820000272,Inferred from occupation,0.667979619999625,3.0620004022319236e-06
GOVPRIOc_W41,low,0.3623439440000201,Inferred from occupation,0.36234363999991437,3.0400010575526437e-07
GOVPRIOc_W41,high,0.551924429999993,Inferred from occupation,0.5519240999999144,3.3000007859662617e-07
GOVPRIOe_W41,low,0.6470974860000928,Inferred from occupation,0.6470980000000001,-5.139999073033863e-07
GOVPRIOe_W41,high,0.9180825680000527,Inferred from occupation,0.9180821300000002,4.3800005256056096e-07
GOVPRIOfF1_W41,low,0.8644850280021183,Inferred from occupation,0.8619702698420536,0.002514758160064745
GOVPRIOfF1_W41,high,0.7523802804749664,Inferred from occupation,0.7497683523180456,0.0026119281569207953
GOVPRIOgF1_W41,low,0.7546350684807744,Inferred from occupation,0.7941029985632555,-0.03946793008248106
GOVPRIOgF1_W41,high,0.8372188101856309,Inferred from occupation,0.8557127404977806,-0.01849393031214963
GOVPRIOhF1_W41,low,0.7177249195316123,Inferred from occupation,0.5233292530848459,0.19439566644676642
GOVPRIOhF1_W41,high,0.865331417784443,Inferred from occupation,0.5317846649451158,0.3335467528393272
GOVPRIOiF1_W41,low,0.8047306480476344,Inferred from occupation,0.8047227480467762,7.900000858152012e-06
GOVPRIOiF1_W41,high,0.7164541300000918,Inferred from occupation,0.7164421699993988,1.1960000693034267e-05
GOVPRIOjF1_W41,low,0.6400951715724774,Inferred from occupation,0.6410218535678027,-0.0009266819953253069
GOVPRIOjF1_W41,high,0.8552240100131826,Inferred from occupation,0.8552238199835159,1.9002966666903376e-07
GOVPRIOkF2_W41,low,0.9145536405826129,Inferred from occupation,1.040046538991984,-0.12549289840937106
GOVPRIOkF2_W41,high,0.8118820874204775,Inferred from occupation,0.9841340589490402,-0.17225197152856264
GOVPRIOlF2_W41,low,1.1437384558858268,Inferred from occupation,1.1709677883194276,-0.027229332433600817
GOVPRIOlF2_W41,high,1.3529789459592467,Inferred from occupation,1.3535762100388076,-0.0005972640795608442
GOVPRIOmF2_W41,low,0.1527021746430276,Inferred from occupation,0.49773035027586643,-0.34502817563283883
GOVPRIOmF2_W41,high,0.5133372910045502,Inferred from occupation,0.8425685102758662,-0.32923121927131604
GOVPRIOnF2_W41,low,0.7566564975338661,Inferred from occupation,1.4334640620264438,-0.6768075644925777
GOVPRIOnF2_W41,high,1.7971944303478034,Inferred from occupation,2.043657232026444,-0.24646280167864054
GOVPRIOoF2_W41,low,0.6372890560000196,Inferred from occupation,0.6372888099999752,2.460000444459709e-07
GOVPRIOoF2_W41,high,0.8160557240000164,Inferred from occupation,0.8160553299999754,3.9400004092637886e-07
HAPPEN2b_W41,low,0.561349140004513,Inferred from occupation,0.56154792,-0.00019877999548700842
HAPPEN2b_W41,high,0.6330180683236981,Inferred from occupation,0.6335519163355828,-0.0005338480118847189
HAPPEN2f_W41,low,0.6431874679952888,Inferred from occupation,0.6436561999998801,-0.00046873200459129905
HAPPEN2f_W41,high,0.4537913474537132,Inferred from occupation,0.45399828545987336,-0.00020693800616017333
HARASS1F1b_W41,low,0.5314189358236524,Inferred from occupation,0.5183405006910876,0.013078435132564792
HARASS1F1b_W41,high,0.9423688803020105,Inferred from occupation,0.9304847306910876,0.011884149610922878
HARASS1F1d_W41,low,0.39996050599998734,Inferred from occupation,0.3999589900001439,1.5159998434377542e-06
HARASS1F1d_W41,high,0.4733981139999961,Inferred from occupation,0.47339651000014404,1.6039998520511745e-06
HARASS1NOWRKF2d_W41,low,0.3926726720000111,Inferred from occupation,0.39267146999998026,1.202000030842143e-06
HARASS1NOWRKF2d_W41,high,0.4904378909043805,Inferred from occupation,0.49043664490436667,1.246000013832571e-06
HARASS3NOWRKF2_W41,low,0.13859589365376465,Inferred from occupation,0.1982260200454075,-0.05963012639164286
HARASS3NOWRKF2_W41,high,0.21992868581693256,Inferred from occupation,0.25939666004540757,-0.039467974228475006
INTRMAR_W41,low,0.42438012886691845,Inferred from occupation,0.6474218473667722,-0.22304171849985377
INTRMAR_W41,high,0.5603323446313943,Inferred from occupation,0.6256518421490719,-0.06531949751767763
LEGALIMG_W41,low,0.5194092339167462,Inferred from occupation,0.49753684511472535,0.02187238880202086
LEGALIMG_W41,high,0.7289992084058778,Inferred from occupation,0.5604794501045176,0.16851975830136023
SOLVPROBa_W41,low,0.8015909260005304,Inferred from occupation,0.801580169997529,1.0756003001377579e-05
SOLVPROBa_W41,high,0.5365105219999815,Inferred from occupation,0.5364905399975292,1.9982002452345604e-05
SOLVPROBb_W41,low,0.771256994325413,Inferred from occupation,0.816000899819654,-0.04474390549424101
SOLVPROBb_W41,high,0.732294961440808,Inferred from occupation,0.7376078272408191,-0.005312865800011113
SOLVPROBc_W41,low,0.48630431471630997,Inferred from occupation,0.7092456299532601,-0.22294131523695015
SOLVPROBc_W41,high,0.7055793032463231,Inferred from occupation,0.77627299995326,-0.07069369670693693
SOLVPROBdF1_W41,low,0.34409147584165817,Inferred from occupation,0.3197873616802394,0.024304114161418755
SOLVPROBdF1_W41,high,0.29439770735913307,Inferred from occupation,0.23024607424118293,0.06415163311795014
SOLVPROBf_W41,low,0.5438734839810117,Inferred from occupation,0.8516919995108015,-0.3078185155297899
SOLVPROBf_W41,high,0.4550699380524035,Inferred from occupation,0.8358503595108014,-0.38078042145839797
SOLVPROBg_W41,low,1.0858534888458586,Inferred from occupation,0.43222276780106933,0.6536307210447894
SOLVPROBg_W41,high,0.7684627625151654,Inferred from occupation,0.3448397542465941,0.42362300826857135
SOLVPROBh_W41,low,0.49288783073448744,Inferred from occupation,0.9460030901842834,-0.45311525944979597
SOLVPROBh_W41,high,0.9911945321132564,Inferred from occupation,1.0451900201842834,-0.053995488071027054
CONFb_W42,low,0.8034775920369319,Inferred from occupation,0.8031777080083939,0.0002998840285379778
CONFb_W42,high,0.7523737920033767,Inferred from occupation,0.7520684899727196,0.0003053020306571508
CONFc_W42,low,0.8935587596311236,Inferred from occupation,0.5139054104547816,0.3796533491763421
CONFc_W42,high,0.38745363554865936,Inferred from occupation,0.563157852601433,-0.17570421705277367
CONFe_W42,low,0.8823973820011819,Inferred from occupation,0.8823802899954808,1.7092005701102586e-05
CONFe_W42,high,0.8305159016933193,Inferred from occupation,0.8305016816898991,1.4220003420217786e-05
CONFg_W42,low,0.6819676040001355,Inferred from occupation,0.6819610099991906,6.594000944826206e-06
CONFg_W42,high,0.6066659260026286,Inferred from occupation,0.6067714899991906,-0.0001055639965620303
PQ4_F2Aa_W42,low,0.6307289599389214,Inferred from occupation,0.6345029899995662,-0.0037740300606448063
PQ4_F2Aa_W42,high,0.4625292369813083,Inferred from occupation,0.6260372599995665,-0.16350802301825818
PQ4_F2Ac_W42,low,0.6945707269458004,Inferred from occupation,0.6945803969459204,-9.670000120087785e-06
PQ4_F2Ac_W42,high,0.5586350584131539,Inferred from occupation,0.5586447244135526,-9.66600039875587e-06
PQ4_F2Ae_W42,low,0.7233001170672787,Inferred from occupation,0.29203307707966925,0.43126703998760946
PQ4_F2Ae_W42,high,0.27859021797977523,Inferred from occupation,0.23743239515621462,0.04115782282356062
PQ4_F2Bb_W42,low,0.5502153886016998,Inferred from occupation,0.5638427454692715,-0.01362735686757166
PQ4_F2Bb_W42,high,0.352719864891735,Inferred from occupation,0.47433740966168825,-0.12161754476995323
PQ4_F2Bc_W42,low,0.6156127680057523,Inferred from occupation,0.615778669999836,-0.00016590199408372808
PQ4_F2Bc_W42,high,0.5666292343335958,Inferred from occupation,0.5666819343329841,-5.2699999388283736e-05
PQ4_F2Bd_W42,low,0.6189501019993847,Inferred from occupation,0.618985760000259,-3.565800087423909e-05
PQ4_F2Bd_W42,high,0.49774785897697016,Inferred from occupation,0.4977728249782457,-2.4966001275550376e-05
PQ4_F2Cc_W42,low,0.6085469360866629,Inferred from occupation,0.6085823960858673,-3.545999920440135e-05
PQ4_F2Cc_W42,high,0.5054292539997142,Inferred from occupation,0.50544874,-1.94860002857844e-05
PQ8_F2B_W42,low,0.6150563921505637,Inferred from occupation,0.6149481160558623,0.00010827609470143162
PQ8_F2B_W42,high,0.738088164017182,Inferred from occupation,0.7381825598930074,-9.439587582538156e-05
RQ1_F1B_W42,low,0.18806393074812705,Inferred from occupation,0.3139521650033754,-0.12588823425524837
RQ1_F1B_W42,high,0.21589527080033544,Inferred from occupation,0.22832608500337542,-0.012430814203039986
RQ1_F1C_W42,low,0.25550199086385245,Inferred from occupation,0.1727493792421143,0.08275261162173814
RQ1_F1C_W42,high,0.14021698785806014,Inferred from occupation,0.1646085242421143,-0.02439153638405417
RQ2_F1A_W42,low,0.3759489499999579,Inferred from occupation,0.37526604997247354,0.0006829000274843899
RQ2_F1A_W42,high,0.3355074719993466,Inferred from occupation,0.3348519799724735,0.0006554920268730946
RQ4_F1Ab_W42,low,0.505042271050337,Inferred from occupation,0.5050593050506373,-1.7034000300286678e-05
RQ4_F1Ab_W42,high,0.5003462820002902,Inferred from occupation,0.5003626099999999,-1.632799970974208e-05
RQ4_F1Ae_W42,low,0.41968360550125994,Inferred from occupation,0.6072444799884057,-0.18756087448714576
RQ4_F1Ae_W42,high,0.48469672100066963,Inferred from occupation,0.5294410046930293,-0.04474428369235972
RQ4_F1Ba_W42,low,0.5824269739352133,Inferred from occupation,0.5844429399996549,-0.0020159660644416544
RQ4_F1Ba_W42,high,0.583123115919483,Inferred from occupation,0.5854826299996548,-0.002359514080171876
RQ4_F1Bc_W42,low,0.6656270260002759,Inferred from occupation,0.6656520599999742,-2.5033999698331755e-05
RQ4_F1Bc_W42,high,0.5776978719991853,Inferred from occupation,0.5777122799999741,-1.440800078877924e-05
RQ4_F1Bd_W42,low,0.5969337336660571,Inferred from occupation,0.6006993639350665,-0.0037656302690094456
RQ4_F1Bd_W42,high,0.5544272361666116,Inferred from occupation,0.5584463199613736,-0.004019083794762013
RQ4_F1Be_W42,low,0.5285470585123626,Inferred from occupation,0.5904427199100605,-0.061895661397697865
RQ4_F1Be_W42,high,0.45972242586355455,Inferred from occupation,0.6080195899100607,-0.1482971640465061
RQ4_F1Ca_W42,low,0.5147320940007536,Inferred from occupation,0.5148472400000002,-0.00011514599924655755
RQ4_F1Ca_W42,high,0.4054312400320051,Inferred from occupation,0.4061481900000002,-0.0007169499679950952
RQ4_F1Cb_W42,low,0.5058217520000985,Inferred from occupation,0.5058400699996872,-1.8317999588735034e-05
RQ4_F1Cb_W42,high,0.45216496,Inferred from occupation,0.4522028299996871,-3.786999968707905e-05
RQ4_F1Cd_W42,low,0.5985583158830969,Inferred from occupation,0.6009345700636006,-0.0023762541805036896
RQ4_F1Cd_W42,high,0.5819660078059794,Inferred from occupation,0.5849517900636007,-0.00298578225762125
RQ5_F1B_W42,low,1.3826948107338375,Inferred from occupation,1.1460257141155612,0.2366690966182763
RQ5_F1B_W42,high,1.6158632987901371,Inferred from occupation,1.3413947841155611,0.274468514674576
RQ5_F1C_W42,low,1.4222029840119177,Inferred from occupation,1.3022328250371622,0.11997015897475549
RQ5_F1C_W42,high,1.5809398439935882,Inferred from occupation,1.4582168350371623,0.12272300895642596
IDIMPORT_W43,low,1.65770276400026,Inferred from occupation,1.6575878300000002,0.00011493400025974765
IDIMPORT_W43,high,1.3752859580007737,Inferred from occupation,1.37508938,0.00019657800077377274
RACESURV13_W43,low,0.5677355561884179,Inferred from occupation,0.6619344899997002,-0.0941989338112823
RACESURV13_W43,high,0.5006660371431525,Inferred from occupation,0.5234047652338475,-0.022738728090694993
RACESURV14_W43,low,0.7718170997185748,Inferred from occupation,0.7718263877182638,-9.287999689022719e-06
RACESURV14_W43,high,0.8321841359999282,Inferred from occupation,0.8321845299999739,-3.9400004570033786e-07
RACESURV15a_W43,low,0.13559753977470212,Inferred from occupation,0.21904562291614688,-0.08344808314144475
RACESURV15a_W43,high,0.1181246441187156,Inferred from occupation,0.1681263851599047,-0.050001741041189096
RACESURV15b_W43,low,0.336450101013536,Inferred from occupation,0.19618214,0.140267961013536
RACESURV15b_W43,high,0.36256445400294174,Inferred from occupation,0.22192636000000007,0.14063809400294167
RACESURV17_W43,low,0.634905538940594,Inferred from occupation,0.6394396221303229,-0.004534083189728921
RACESURV17_W43,high,0.6468758818313518,Inferred from occupation,0.689408982130323,-0.04253310029897117
RACESURV18b_W43,low,0.8819233439419402,Inferred from occupation,0.8819031073579863,2.023658395389205e-05
RACESURV18b_W43,high,0.7466350008958282,Inferred from occupation,0.7465531461787512,8.18547170770012e-05
RACESURV18f_W43,low,0.4272138684601858,Inferred from occupation,0.3298576509952245,0.09735621746496126
RACESURV18f_W43,high,0.3636662042632978,Inferred from occupation,0.2655613003522614,0.09810490391103643
RACESURV19a_W43,low,0.7344163973443483,Inferred from occupation,0.7344183473441775,-1.9499998292760168e-06
RACESURV19a_W43,high,0.7463050465369682,Inferred from occupation,0.7463067625369141,-1.7159999459170905e-06
RACESURV19c_W43,low,0.8318157740027692,Inferred from occupation,0.8322445000029518,-0.0004287260001826221
RACESURV19c_W43,high,0.6692355280012146,Inferred from occupation,0.6693039300029519,-6.840200173729993e-05
RACESURV19e_W43,low,0.8121090558791013,Inferred from occupation,0.8121159018792988,-6.846000197513469e-06
RACESURV19e_W43,high,0.8320605343211179,Inferred from occupation,0.8320608683212497,-3.340001317742036e-07
RACESURV1b_W43,low,0.3278683227206422,Inferred from occupation,0.32755753668158644,0.00031078603905576596
RACESURV1b_W43,high,0.2936613660620525,Inferred from occupation,0.2933651870235099,0.00029617903854262106
RACESURV21_W43,low,0.708407229589534,Inferred from occupation,1.1205051761237463,-0.4120979465342124
RACESURV21_W43,high,0.7479446928018565,Inferred from occupation,1.3896040648069516,-0.6416593720050952
RACESURV27_W43,low,1.0703531676309834,Inferred from occupation,0.5700046148427576,0.5003485527882259
RACESURV27_W43,high,0.9653384716940898,Inferred from occupation,0.4507449245074493,0.5145935471866405
RACESURV28a_W43,low,0.2269153352962323,Inferred from occupation,0.27623672999645377,-0.049321394700221455
RACESURV28a_W43,high,0.25968345298996554,Inferred from occupation,0.2608871049964538,-0.0012036520064882539
RACESURV28b_W43,low,0.2951338740669774,Inferred from occupation,0.2978615899955897,-0.0027277159286123176
RACESURV28b_W43,high,0.2602908790018689,Inferred from occupation,0.2603317049955897,-4.082599372079443e-05
RACESURV28c_W43,low,0.30088153599879863,Inferred from occupation,0.3010016499983977,-0.00012011399959904745
RACESURV28c_W43,high,0.26703950200000004,Inferred from occupation,0.2670393249983977,1.7700160231948203e-07
RACESURV28d_W43,low,0.18109484100289236,Inferred from occupation,0.18123644999204602,-0.00014160898915366316
RACESURV28d_W43,high,0.14598832199999995,Inferred from occupation,0.14603602999204596,-4.770799204600884e-05
RACESURV28e_W43,low,0.18308207499639972,Inferred from occupation,0.1831890449976391,-0.0001069700012393815
RACESURV28e_W43,high,0.17933337099750635,Inferred from occupation,0.17935386499763922,-2.0494000132875723e-05
RACESURV28f_W43,low,0.3400496187372104,Inferred from occupation,0.3571039614337301,-0.017054342696519675
RACESURV28f_W43,high,0.29597469802529497,Inferred from occupation,0.2966588750063596,-0.0006841769810646547
RACESURV28g_W43,low,0.34914807299102196,Inferred from occupation,0.3492650050064512,-0.00011693201542922749
RACESURV28g_W43,high,0.31892082681001194,Inferred from occupation,0.31891076681626823,1.0059993743705142e-05
RACESURV29d_W43,low,0.8600185594022914,Inferred from occupation,0.8580131215356227,0.0020054378666687356
RACESURV29d_W43,high,0.5951061460005607,Inferred from occupation,0.5928377901389045,0.0022683558616561905
RACESURV2_W43,low,0.922115904780029,Inferred from occupation,0.9221220157792517,-6.11099922265268e-06
RACESURV2_W43,high,1.0718604269999998,Inferred from occupation,1.071867650000708,-7.223000708211913e-06
RACESURV34a_W43,low,0.4600752569990489,Inferred from occupation,0.46002018499169584,5.5072007353051955e-05
RACESURV34a_W43,high,0.5331710373323963,Inferred from occupation,0.5331125003236512,5.8537008745140895e-05
RACESURV34b_W43,low,0.5259270600051025,Inferred from occupation,0.5260266649951675,-9.960499006500534e-05
RACESURV34b_W43,high,0.5019548999798855,Inferred from occupation,0.5019289499749114,2.5950004974073515e-05
RACESURV34c_W43,low,0.557858632670583,Inferred from occupation,0.5708835420321154,-0.013024909361532444
RACESURV34c_W43,high,0.6339998673401057,Inferred from occupation,0.9968835762921158,-0.36288370895201005
RACESURV34d_W43,low,0.40856146157228174,Inferred from occupation,0.7561509375240714,-0.34758947595178963
RACESURV34d_W43,high,0.27154088441948254,Inferred from occupation,0.27176452717004185,-0.00022364275055930527
RACESURV34e_W43,low,0.26719464299999995,Inferred from occupation,0.5509090216964233,-0.28371437869642335
RACESURV34e_W43,high,0.40400535112226393,Inferred from occupation,0.627179738250958,-0.22317438712869403
RACESURV38_W43,low,0.867061992604392,Inferred from occupation,0.925942662712736,-0.05888067010834397
RACESURV38_W43,high,0.8704565760000001,Inferred from occupation,0.7701143427127359,0.10034223328726422
RACESURV40_W43,low,0.3086673524046658,Inferred from occupation,0.30866363261416113,3.719790504674858e-06
RACESURV40_W43,high,0.2770817380196647,Inferred from occupation,0.2770822622983473,-5.242786826342716e-07
RACESURV41_W43,low,0.5043888842795505,Inferred from occupation,0.5046367775794557,-0.0002478932999051553
RACESURV41_W43,high,0.44996548118408314,Inferred from occupation,0.45018702757945567,-0.0002215463953725294
RACESURV45_W43,low,0.6000458642085916,Inferred from occupation,0.6002393922612435,-0.0001935280526518257
RACESURV45_W43,high,0.5694775052227533,Inferred from occupation,0.5833591922612433,-0.01388168703849002
RACESURV47a_W43,low,1.5302219679872195,Inferred from occupation,1.5302210399847611,9.280024584334967e-07
RACESURV47a_W43,high,1.6466410339906377,Inferred from occupation,1.646640089984761,9.440058765797232e-07
RACESURV47b_W43,low,1.107899473979837,Inferred from occupation,1.1078990499947992,4.2398503774521146e-07
RACESURV47b_W43,high,1.0955149919827063,Inferred from occupation,1.0955146999947991,2.9198790718609757e-07
RACESURV47d_W43,low,1.4463330176292768,Inferred from occupation,0.7112309121752188,0.735102105454058
RACESURV47d_W43,high,1.51327356001725,Inferred from occupation,0.6160053095693789,0.8972682504478711
RACESURV47e_W43,low,1.566712663975661,Inferred from occupation,0.7490814795199396,0.8176311844557214
RACESURV47e_W43,high,1.7425519297714722,Inferred from occupation,0.6710742795199395,1.0714776502515329
RACESURV47f_W43,low,1.1349945579844936,Inferred from occupation,1.1349944999926211,5.799187241528614e-08
RACESURV47f_W43,high,1.0592659385828158,Inferred from occupation,1.0592656905852924,2.47997523405985e-07
RACESURV48_W43,low,0.9198778128007891,Inferred from occupation,0.919746470796826,0.00013134200396303086
RACESURV48_W43,high,0.8230601379998136,Inferred from occupation,0.822922579995718,0.0001375580040955393
RACESURV51_W43,low,0.16802959900002573,Inferred from occupation,0.1664047200163774,0.0016248789836483257
RACESURV51_W43,high,0.17780452422152218,Inferred from occupation,0.17618645823813547,0.0016180659833867073
RACESURV52_W43,low,0.9038599720005192,Inferred from occupation,0.9036471899950026,0.00021278200551655413
RACESURV52_W43,high,0.8251467679995931,Inferred from occupation,0.8249259599950025,0.00022080800459056693
RACESURV5a_W43,low,0.9905231080624451,Inferred from occupation,1.099238205032897,-0.1087150969704519
RACESURV5a_W43,high,1.2282305342823052,Inferred from occupation,1.2285023523244996,-0.00027181804219433836
RACESURV5b_W43,low,0.5625915880071215,Inferred from occupation,0.6195653648901028,-0.05697377688298133
RACESURV5b_W43,high,0.3219431933678726,Inferred from occupation,0.6198157935820476,-0.29787260021417505
RACESURV5d_W43,low,0.6491225510238392,Inferred from occupation,0.649765665,-0.0006431139761607918
RACESURV5d_W43,high,0.6499246804973189,Inferred from occupation,0.6486821934997432,0.0012424869975756758
RACESURV5e_W43,low,0.701707661002154,Inferred from occupation,0.7018704999661901,-0.0001628389640361272
RACESURV5e_W43,high,0.6023217280046093,Inferred from occupation,0.6025222199661902,-0.00020049196158089533
RACESURV5f_W43,low,0.2628761978574734,Inferred from occupation,0.3283594085614484,-0.065483210703975
RACESURV5f_W43,high,0.271280931,Inferred from occupation,0.28874132525006907,-0.017460394250069067
RACESURV5g_W43,low,0.5723354580062571,Inferred from occupation,0.5727437049653211,-0.0004082469590640514
RACESURV5g_W43,high,0.5336458389941415,Inferred from occupation,0.533466269965321,0.0001795690288205476
RACESURV5h_W43,low,0.8046942760458135,Inferred from occupation,0.8043556930646295,0.0003385829811839436
RACESURV5h_W43,high,0.6638979356439176,Inferred from occupation,0.6635010766560835,0.00039685898783414775
RACESURV5i_W43,low,1.1979321849879736,Inferred from occupation,1.1947626530523734,0.0031695319356002116
RACESURV5i_W43,high,1.19844127800352,Inferred from occupation,1.1950901770298659,0.0033511009736542086
RACESURV5j_W43,low,0.5700922070358427,Inferred from occupation,0.565652335,0.004439872035842729
RACESURV5j_W43,high,0.48532833901350203,Inferred from occupation,0.4801903100000001,0.00513802901350191
RACESURV5l_W43,low,1.6810636510629924,Inferred from occupation,1.6823399503178456,-0.0012762992548531749
RACESURV5l_W43,high,1.8069885969999997,Inferred from occupation,1.8069744953178453,1.4101682154432638e-05
RACESURV9_W43,low,0.39198276452413156,Inferred from occupation,0.33350247966246416,0.0584802848616674
RACESURV9_W43,high,0.2670062210026235,Inferred from occupation,0.2623482496624641,0.004657971340159384
INFOCHALa_W45,low,0.6367212659999439,Inferred from occupation,0.6367215499999466,-2.840000026260725e-07
INFOCHALa_W45,high,0.30973131600004833,Inferred from occupation,0.3097286799999468,2.6360001015302004e-06
INFOCREATEa_W45,low,0.5558295241830606,Inferred from occupation,0.558799919511552,-0.0029703953284913043
INFOCREATEa_W45,high,0.6180347153953273,Inferred from occupation,0.6477137560293937,-0.029679040634066456
MADEUPOFT_W45,low,0.545640781890832,Inferred from occupation,0.40772803438925953,0.13791274750157245
MADEUPOFT_W45,high,0.2734553681715046,Inferred from occupation,0.32959552953223015,-0.05614016136072553
MADEUPTOPICb_W45,low,0.48830083601056073,Inferred from occupation,0.48773490001659914,0.0005659359939615971
MADEUPTOPICb_W45,high,0.44659893400343487,Inferred from occupation,0.445901100016599,0.0006978339868358718
MADEUPTOPICc_W45,low,0.7131257752270551,Inferred from occupation,0.9127788031773026,-0.19965302795024753
MADEUPTOPICc_W45,high,0.9592050063595615,Inferred from occupation,0.9505718824884574,0.008633123871104154
MADEUPTOPICd_W45,low,0.865669889452281,Inferred from occupation,0.878537980602397,-0.012868091150116001
MADEUPTOPICd_W45,high,0.9952237840909725,Inferred from occupation,0.9912311206231528,0.003992663467819679
NEWSPROBd_W45,low,0.6655431426405041,Inferred from occupation,0.6307223170972222,0.03482082554328192
NEWSPROBd_W45,high,0.590943146,Inferred from occupation,0.5888942042555567,0.0020489417444432556
NEWSPROBe_W45,low,1.0015199761769893,Inferred from occupation,0.5667566881960843,0.434763287980905
NEWSPROBe_W45,high,0.9450723613683458,Inferred from occupation,0.5686513855966074,0.3764209757717384
NEWS_PLATFORMg_W45,low,0.7074943740732855,Inferred from occupation,0.8863652372128371,-0.17887086313955158
NEWS_PLATFORMg_W45,high,1.4950991415810602,Inferred from occupation,1.20748291,0.2876162315810602
SMLIKESb_W45,low,1.0026922281629906,Inferred from occupation,1.0071105199978154,-0.0044182918348247835
SMLIKESb_W45,high,1.0175070220092257,Inferred from occupation,1.0177526399978154,-0.00024561798858968587
SMLIKESf_W45,low,0.4850440841077664,Inferred from occupation,0.6277728602991466,-0.1427287761913802
SMLIKESf_W45,high,0.5626034700140181,Inferred from occupation,0.5480584302991467,0.014545039714871422
BENEFITGOV_W49,low,0.5898683979262411,Inferred from occupation,0.7043065746848847,-0.11443817675864354
BENEFITGOV_W49,high,0.47326482512467605,Inferred from occupation,0.4655582046848846,0.007706620439791423
CONCERNCO_W49,low,0.3313317000985211,Inferred from occupation,0.6090945462069298,-0.27776284610840873
CONCERNCO_W49,high,0.6155821385154192,Inferred from occupation,0.4473033762069295,0.1682787623084897
CONCERNGRPa_W49,low,0.6335617988311911,Inferred from occupation,0.39345110519084914,0.240110693640342
CONCERNGRPa_W49,high,0.5359292766069358,Inferred from occupation,0.49393804155798415,0.041991235048951636
CONCERNGRPc_W49,low,0.5084067093731791,Inferred from occupation,0.4808153570387594,0.027591352334419728
CONCERNGRPc_W49,high,0.43363867050808247,Inferred from occupation,0.4387820070387593,-0.005143336530676834
CONTROLCO_W49,low,0.5099870449120516,Inferred from occupation,0.5585361320463527,-0.04854908713430106
CONTROLCO_W49,high,0.9061846643803272,Inferred from occupation,0.5247310103841594,0.3814536539961678
CONTROLGRPc_W49,low,0.7800033579721388,Inferred from occupation,0.7771212601849368,0.0028820977872020537
CONTROLGRPc_W49,high,0.28040761377086815,Inferred from occupation,0.5590580901849368,-0.27865047641406865
DATAUSEd_W49,low,0.4145302439986146,Inferred from occupation,0.4145329999990425,-2.756000427872607e-06
DATAUSEd_W49,high,0.5171879779984774,Inferred from occupation,0.5171909099990424,-2.932000565003534e-06
FACE3c_W49,low,0.9907252479036083,Inferred from occupation,0.9912429599124295,-0.000517712008821225
FACE3c_W49,high,1.0217728020100851,Inferred from occupation,1.0223134799991036,-0.0005406779890184676
GOVREGV1_W49,low,0.20947086590517622,Inferred from occupation,0.20936811791815602,0.00010274798702020194
GOVREGV1_W49,high,0.1117642369998319,Inferred from occupation,0.11164472001315245,0.00011951698667944655
HOMEASSIST2_W49,low,0.5532490762421581,Inferred from occupation,0.6178353090464621,-0.06458623280430398
HOMEASSIST2_W49,high,0.7776518034219259,Inferred from occupation,0.5789180123037437,0.19873379111818212
HOMEASSIST3_W49,low,0.30939289643577167,Inferred from occupation,0.5827113489053684,-0.2733184524695967
HOMEASSIST3_W49,high,0.2639074901989343,Inferred from occupation,0.6027103054085508,-0.33880281520961647
HOMEASSIST4_W49,low,0.8301227241800222,Inferred from occupation,1.130867898691321,-0.3007451745112988
HOMEASSIST4_W49,high,1.4766002768497608,Inferred from occupation,1.367025325926182,0.10957495092357883
PP5e_W49,low,0.698572759028204,Inferred from occupation,0.6985178830501989,5.487597800513111e-05
PP5e_W49,high,0.4931127234377166,Inferred from occupation,0.5740065358461985,-0.08089381240848192
PWMAN2_W49,low,0.9273521158947474,Inferred from occupation,1.7537611806965576,-0.8264090648018102
PWMAN2_W49,high,0.9096324580133283,Inferred from occupation,1.6277137959796462,-0.7180813379663179
SMARTAPP_W49,low,1.0399249402766153,Inferred from occupation,0.8944076690713444,0.14551727120527091
SMARTAPP_W49,high,0.18973680847857244,Inferred from occupation,0.7842059290713445,-0.594469120592772
TRACKCO1a_W49,low,0.6172707079405308,Inferred from occupation,0.7454590225052853,-0.12818831456475444
TRACKCO1a_W49,high,0.30781607008897516,Inferred from occupation,0.4838852507060437,-0.17606918061706855
TRACKCO1b_W49,low,0.7181885798287894,Inferred from occupation,1.2511367649390195,-0.5329481851102301
TRACKCO1b_W49,high,1.0058050505240566,Inferred from occupation,0.9957820861620853,0.010022964361971254
TRACKGOV1a_W49,low,1.1393621100003057,Inferred from occupation,1.139382580001218,-2.047000091232043e-05
TRACKGOV1a_W49,high,0.9446713340025767,Inferred from occupation,0.944824940001218,-0.00015360599864122637
TRACKGOV1b_W49,low,0.8263460177365398,Inferred from occupation,1.0741376390378914,-0.24779162130135157
TRACKGOV1b_W49,high,0.7689537195713786,Inferred from occupation,0.8345899614333682,-0.06563624186198957
COHABDUR_W50,low,2.3332904577357247,Inferred from occupation,2.194192851862937,0.13909760587278752
COHABDUR_W50,high,1.804196063958039,Inferred from occupation,1.9191421999591602,-0.11494613600112125
DNA2b_W50,low,0.40702062399967737,Inferred from occupation,0.23374708480135384,0.17327353919832353
DNA2b_W50,high,0.40786463400020345,Inferred from occupation,0.23459677480135385,0.1732678591988496
DNA5_W50,low,0.24243208799909305,Inferred from occupation,0.241135409933749,0.001296678065344059
DNA5_W50,high,0.12161347799981014,Inferred from occupation,0.120304279933749,0.0013091980660611402
E5MOD_W50,low,0.49552042744606856,Inferred from occupation,0.43294281736982826,0.0625776100762403
E5MOD_W50,high,0.47184220745982564,Inferred from occupation,0.15679920736982822,0.3150430000899974
FAMSURV10c_W50,low,0.8428335775762912,Inferred from occupation,0.8435360716290808,-0.0007024940527896595
FAMSURV10c_W50,high,0.6291069456618676,Inferred from occupation,0.6322022037424195,-0.003095258080551888
FAMSURV16_W50,low,0.19498727563362925,Inferred from occupation,0.21058107832408354,-0.015593802690454295
FAMSURV16_W50,high,0.1458358201652682,Inferred from occupation,0.19800471832408356,-0.05216889815881537
FAMSURV1_W50,low,0.43833345456375256,Inferred from occupation,0.1070118541510508,0.33132160041270176
FAMSURV1_W50,high,0.5690187956213033,Inferred from occupation,0.2815351417265994,0.2874836538947039
FAMSURV20_W50,low,0.3663597405380866,Inferred from occupation,0.07317979546859738,0.29317994506948925
FAMSURV20_W50,high,0.49030688765526564,Inferred from occupation,0.09211039453140263,0.398196493123863
FAMSURV23b_W50,low,0.61029672002742,Inferred from occupation,0.6163058161659231,-0.0060090961385030894
FAMSURV23b_W50,high,0.3464860244884448,Inferred from occupation,0.3475729065214058,-0.001086882032961034
FAMSURV23c_W50,low,0.4154031860020913,Inferred from occupation,0.4152253500246478,0.00017783597744353008
FAMSURV23c_W50,high,0.0684221599987859,Inferred from occupation,0.0682724000246477,0.00014975997413819997
FAMSURV23d_W50,low,0.38115438237798493,Inferred from occupation,0.32087015804547847,0.060284224332506464
FAMSURV23d_W50,high,0.11564778904315093,Inferred from occupation,0.12686112994126753,-0.011213340898116597
FAMSURV23e_W50,low,0.9573990281529443,Inferred from occupation,1.0492728868250318,-0.09187385867208753
FAMSURV23e_W50,high,0.8738876064694381,Inferred from occupation,0.8627131475859846,0.011174458883453475
FAMSURV23f_W50,low,0.867387884990986,Inferred from occupation,0.7586708687240697,0.10871701626691621
FAMSURV23f_W50,high,0.8646496612293755,Inferred from occupation,0.5866378497330839,0.2780118114962916
FAMSURV23g_W50,low,0.6641868920486854,Inferred from occupation,0.6683342100288489,-0.004147317980163434
FAMSURV23g_W50,high,0.6028734443600354,Inferred from occupation,0.7496544400288487,-0.1467809956688133
FAMSURV26a_W50,low,0.3032518398435158,Inferred from occupation,0.5523420219918087,-0.24909018214829293
FAMSURV26a_W50,high,0.7732823020000001,Inferred from occupation,0.6056185259638724,0.1676637760361277
FAMSURV26b_W50,low,0.5489856458274102,Inferred from occupation,0.4482705882762979,0.10071505755111226
FAMSURV26b_W50,high,0.6866930096100013,Inferred from occupation,0.490388151027676,0.19630485858232533
FAMSURV26c_W50,low,0.4045402429022361,Inferred from occupation,0.3950976148320573,0.009442628070178816
FAMSURV26c_W50,high,0.6547732159620683,Inferred from occupation,0.5091780253487604,0.14559519061330783
FAMSURV26d_W50,low,0.8581344913678404,Inferred from occupation,0.3507976612660264,0.507336830101814
FAMSURV26d_W50,high,0.7883231803860145,Inferred from occupation,0.5313595387830656,0.2569636416029488
FAMSURV29_W50,low,0.6127159410020014,Inferred from occupation,0.7352169228898646,-0.12250098188786318
FAMSURV29_W50,high,0.7293444001912599,Inferred from occupation,0.7064720928898646,0.022872307301395334
FAMSURV2Ma_W50,low,0.5136148800152311,Inferred from occupation,0.5146980000001925,-0.001083119984961356
FAMSURV2Ma_W50,high,0.3365801244219677,Inferred from occupation,0.40830406000019254,-0.07172393557822482
FAMSURV2Mc_W50,low,0.47440886798527526,Inferred from occupation,0.48176035000021733,-0.007351482014942068
FAMSURV2Mc_W50,high,0.29919538834196147,Inferred from occupation,0.3846748800002175,-0.08547949165825602
FAMSURV2Wa_W50,low,0.505742317851078,Inferred from occupation,0.5163440600007108,-0.01060174214963272
FAMSURV2Wa_W50,high,0.2769885024726422,Inferred from occupation,0.3951135000007107,-0.11812499752806854
FAMSURV2Wc_W50,low,0.4820720051858567,Inferred from occupation,0.4824325351753843,-0.00036052998952762483
FAMSURV2Wc_W50,high,0.40034249391857457,Inferred from occupation,0.403469399999758,-0.0031269060811834337
FAMSURV32e_W50,low,0.7482646714018786,Inferred from occupation,0.8651697087391378,-0.11690503733725921
FAMSURV32e_W50,high,0.3778425890887374,Inferred from occupation,0.5091510887391377,-0.1313084996504003
FAMSURV39_W50,low,0.5904651604502547,Inferred from occupation,0.7116206871162072,-0.12115552666595253
FAMSURV39_W50,high,0.5640501855610726,Inferred from occupation,0.6804590479646964,-0.1164088624036238
FAMSURV3_W50,low,0.4642196006870405,Inferred from occupation,0.2892667801227854,0.1749528205642551
FAMSURV3_W50,high,0.3504028760710962,Inferred from occupation,0.17192576540584903,0.17847711066524719
FAMSURV40_W50,low,1.343711323437988,Inferred from occupation,1.3396202633962027,0.004091060041785388
FAMSURV40_W50,high,1.7950239840002464,Inferred from occupation,1.790919149958798,0.004104834041448457
FAMSURV43_W50,low,0.5399562391612132,Inferred from occupation,0.3957380659372669,0.14421817322394626
FAMSURV43_W50,high,0.3672816428242115,Inferred from occupation,0.4390658359372668,-0.07178419311305528
FAMSURV44_W50,low,0.7705921686659423,Inferred from occupation,1.2870077386798133,-0.5164155700138711
FAMSURV44_W50,high,0.509685140629198,Inferred from occupation,0.9934426428332118,-0.4837575022040138
FAMSURV6_W50,low,0.7831915837334699,Inferred from occupation,0.7440871742550748,0.03910440947839511
FAMSURV6_W50,high,0.8217566393289591,Inferred from occupation,0.770637207833512,0.051119431495447176
FAMSURV9c_W50,low,0.8349599899967602,Inferred from occupation,0.8349365499981226,2.343999863763102e-05
FAMSURV9c_W50,high,0.5728366403399825,Inferred from occupation,0.5858190199981226,-0.012982379658140086
FATHER_W50,low,0.52497630602405,Inferred from occupation,0.520557840365409,0.004418465658641013
FATHER_W50,high,0.46852031998729404,Inferred from occupation,0.46488843036540906,0.003631889621884987
HAVEKIDS1_W50,low,0.8730793052457179,Inferred from occupation,0.299460690219123,0.5736186150265948
HAVEKIDS1_W50,high,0.8586424288486039,Inferred from occupation,0.27872005021912283,0.579922378629481
MARRDUR_W50,low,3.1690217037608304,Inferred from occupation,1.7754575369564627,1.3935641668043677
MARRDUR_W50,high,1.810028171078392,Inferred from occupation,2.354560342956755,-0.5445321718783631
MARRYPREF1_W50,low,0.3261797270001099,Inferred from occupation,0.32580523998102606,0.00037448701908382453
MARRYPREF1_W50,high,0.3483561630008604,Inferred from occupation,0.348001989981026,0.00035417301983442506
MARRYPREF2_W50,low,0.33911009660881325,Inferred from occupation,0.33800724170986995,0.0011028548989432951
MARRYPREF2_W50,high,0.3348764139994261,Inferred from occupation,0.3338956001011852,0.0009808138982408954
MOTHER_W50,low,0.37665763800764973,Inferred from occupation,0.3743390099281281,0.0023186280795216563
MOTHER_W50,high,0.3434750059164611,Inferred from occupation,0.34367862992812803,-0.00020362401166695854
PAR1_W50,low,0.2029798549978071,Inferred from occupation,0.20128225487264026,0.0016976001251668427
PAR1_W50,high,0.1543115139992556,Inferred from occupation,0.15258514487264033,0.0017263691266152792
PAR2_W50,low,0.19005777090499767,Inferred from occupation,0.11568881307450743,0.07436895783049025
PAR2_W50,high,0.14892092799999998,Inferred from occupation,0.07058847236331711,0.07833245563668287
ROMRELDUR_W50,low,3.103965386308013,Inferred from occupation,3.0525832213153845,0.05138216499262871
ROMRELDUR_W50,high,2.780773175283289,Inferred from occupation,2.7667450915429974,0.014028083740291741
ROMRELSER_W50,low,0.6347103072385281,Inferred from occupation,0.5779402405146391,0.05677006672388896
ROMRELSER_W50,high,0.3482362567787739,Inferred from occupation,0.494300610514639,-0.14606435373586513
SATLIFEc_W50,low,0.7010669345158824,Inferred from occupation,0.539250326238216,0.16181660827766642
SATLIFEc_W50,high,0.5711114449710077,Inferred from occupation,0.49024091014636445,0.08087053482464329
ECIMPg_W54,low,0.07312711973135388,Inferred from occupation,0.07312457073148432,2.5489998695671368e-06
ECIMPg_W54,high,0.13139675231398695,Inferred from occupation,0.13139385131417708,2.9009998098739054e-06
ECON1_W54,low,0.608370987927022,Inferred from occupation,0.6163202398314505,-0.007949251904428412
ECON1_W54,high,0.9085280391763203,Inferred from occupation,0.9081076289546641,0.0004204102216561756
ECON3_d_W54,low,0.7034144708481905,Inferred from occupation,0.728262126140188,-0.024847655291997506
ECON3_d_W54,high,0.7187763985673672,Inferred from occupation,0.6783400161401882,0.04043638242717895
ECON4_a_W54,low,0.6323615153522024,Inferred from occupation,0.9627680699633151,-0.3304065546111127
ECON4_a_W54,high,0.8839673698272682,Inferred from occupation,0.7047301099633151,0.1792372598639531
ECON4_b_W54,low,0.8164854672145678,Inferred from occupation,0.8068570280871427,0.00962843912742517
ECON4_b_W54,high,0.8137197653683862,Inferred from occupation,0.9183696600123816,-0.10464989464399543
ECON4_e_W54,low,0.9149498310355905,Inferred from occupation,1.031570361282828,-0.11662053024723751
ECON4_e_W54,high,0.45750082234934103,Inferred from occupation,0.9892613713037244,-0.5317605489543833
ECON4_f_W54,low,0.5587468730749146,Inferred from occupation,1.2867624600563496,-0.7280155869814351
ECON4_f_W54,high,0.7829838928820928,Inferred from occupation,0.7381668200563498,0.04481707282574299
ECON4_g_W54,low,1.3081900525539616,Inferred from occupation,0.8181148317327658,0.4900752208211958
ECON4_g_W54,high,0.650913155198398,Inferred from occupation,0.4602551082670231,0.1906580469313749
ECON5_b_W54,low,0.3048100838900045,Inferred from occupation,0.7704486907823712,-0.4656386068923667
ECON5_b_W54,high,0.21726713822797394,Inferred from occupation,0.4393831757823712,-0.22211603755439724
ECON5_c_W54,low,0.7000100149960822,Inferred from occupation,0.6946823909675789,0.005327624028503286
ECON5_c_W54,high,0.7278872922208207,Inferred from occupation,0.7503608187759436,-0.022473526555122914
ECON5_d_W54,low,0.4016319266622517,Inferred from occupation,0.5730382846630332,-0.17140635800078147
ECON5_d_W54,high,1.0371914800763855,Inferred from occupation,0.9400003296630333,0.09719115041335225
ECON5_e_W54,low,0.7029307500460897,Inferred from occupation,0.753976695,-0.05104594495391024
ECON5_e_W54,high,0.553676685312664,Inferred from occupation,0.711426285,-0.15774959968733604
ECON5_f_W54,low,0.7405504914771023,Inferred from occupation,0.720109606544911,0.020440884932191317
ECON5_f_W54,high,0.7703118458763067,Inferred from occupation,0.7608083341250866,0.009503511751220106
ECON5_g_W54,low,0.6371859664590451,Inferred from occupation,0.6803149847502064,-0.043129018291161225
ECON5_g_W54,high,0.6575042290079491,Inferred from occupation,0.6587032697502065,-0.0011990407422574068
ECON5_h_W54,low,0.5329373660823711,Inferred from occupation,0.6556796037549789,-0.12274223767260783
ECON5_h_W54,high,0.7415582571702389,Inferred from occupation,0.9191910711198643,-0.17763281394962538
ECON5_i_W54,low,0.8674795440084356,Inferred from occupation,0.8671160449833571,0.0003634990250784842
ECON5_i_W54,high,0.8397507339885042,Inferred from occupation,0.8393607349833571,0.0003899990051471347
ECON5_j_W54,low,0.7401975987469742,Inferred from occupation,0.6216654250389642,0.11853217370801006
ECON5_j_W54,high,0.6907536556349052,Inferred from occupation,0.6533346750389643,0.037418980595940954
ECON5_k_W54,low,0.6379303570360976,Inferred from occupation,0.48154632237220063,0.15638403466389694
ECON5_k_W54,high,0.8085452437072312,Inferred from occupation,0.34187864017456837,0.46666660353266287
FIN_SIT_W54,low,0.8737022875800307,Inferred from occupation,0.8146591545925114,0.05904313298751929
FIN_SIT_W54,high,0.6353672659257112,Inferred from occupation,0.6276008045925114,0.007766461333199803
GOVPRIORITYb_W54,low,0.6649149141973658,Inferred from occupation,0.49271643767740203,0.17219847651996378
GOVPRIORITYb_W54,high,0.34768999924058364,Inferred from occupation,0.5198807605592439,-0.1721907613186603
GOVPRIORITYc_W54,low,0.5888940899999585,Inferred from occupation,0.5888965599999831,-2.4700000246236087e-06
GOVPRIORITYc_W54,high,0.9986214079999834,Inferred from occupation,0.9986225199999834,-1.1119999999698038e-06
GOVPRIORITYd_W54,low,0.7380713819998346,Inferred from occupation,0.738073559999932,-2.1780000973858904e-06
GOVPRIORITYd_W54,high,0.8384035299999103,Inferred from occupation,0.8384053999999321,-1.8700000218307977e-06
GOVPRIORITYf_W54,low,0.4984665519997922,Inferred from occupation,0.4984747399997572,-8.187999965048043e-06
GOVPRIORITYf_W54,high,0.5921464059212991,Inferred from occupation,0.5921483159212619,-1.909999962856901e-06
INEQ11_W54,low,0.05921683000031306,Inferred from occupation,0.041788579302300774,0.017428250698012286
INEQ11_W54,high,0.1955338299987403,Inferred from occupation,0.1781244993023008,0.017409330696439518
INEQ1_W54,low,0.328558225999922,Inferred from occupation,0.32855893499999994,-7.090000779252925e-07
INEQ1_W54,high,0.20137411201380961,Inferred from occupation,0.20137426701376554,-1.549999559258275e-07
INEQ4_a_W54,low,0.32524982878938075,Inferred from occupation,0.5564722447580699,-0.23122241596868914
INEQ4_a_W54,high,0.3236759134898711,Inferred from occupation,0.5358185399964924,-0.2121426265066213
INEQ5_a_W54,low,0.6836967974874606,Inferred from occupation,0.7011080029827939,-0.01741120549533326
INEQ5_a_W54,high,0.6107670317935452,Inferred from occupation,0.6187567099999998,-0.007989678206454576
INEQ5_d_W54,low,0.7248309484403116,Inferred from occupation,0.8205372300000002,-0.09570628155968863
INEQ5_d_W54,high,1.0319981105982285,Inferred from occupation,1.04514292,-0.013144809401771429
INEQ5_e_W54,low,0.674990263056724,Inferred from occupation,0.7143660349038852,-0.03937577184716112
INEQ5_e_W54,high,0.7814357515193221,Inferred from occupation,0.8327018073869292,-0.05126605586760713
INEQ5_f_W54,low,0.7992326160115469,Inferred from occupation,0.6955510373241341,0.10368157868741279
INEQ5_f_W54,high,0.8278400222853428,Inferred from occupation,0.6959188773278127,0.13192114495753016
INEQ5_h_W54,low,0.6928887069271987,Inferred from occupation,0.6929340469303878,-4.534000318912046e-05
INEQ5_h_W54,high,0.7456157134561572,Inferred from occupation,0.7456702074577495,-5.449400159229789e-05
INEQ5_i_W54,low,0.6688685579318798,Inferred from occupation,0.6663944095604324,0.0024741483714474377
INEQ5_i_W54,high,0.6714949020942502,Inferred from occupation,0.6663963395604324,0.0050985625338177964
INEQ5_k_W54,low,0.7335505453985642,Inferred from occupation,0.7262931666403751,0.007257378758189104
INEQ5_k_W54,high,0.7755913138703674,Inferred from occupation,0.8030784866403752,-0.027487172770007784
INEQ5_l_W54,low,1.0843437339456252,Inferred from occupation,1.0856361900020073,-0.001292456056382063
INEQ5_l_W54,high,0.8648672419326858,Inferred from occupation,0.8704098600020075,-0.005542618069321659
INEQ5_m_W54,low,1.0392764280203703,Inferred from occupation,1.0402555599980305,-0.000979131977660197
INEQ5_m_W54,high,0.7544495559988379,Inferred from occupation,0.7544629899980306,-1.343399919273569e-05
INEQ8_a_W54,low,0.7819812200018005,Inferred from occupation,0.782112450000188,-0.00013122999838754978
INEQ8_a_W54,high,0.8978632520038885,Inferred from occupation,0.897958820000188,-9.556799629950596e-05
INEQ8_b_W54,low,0.8397767999937985,Inferred from occupation,0.8397595200027309,1.7279991067598033e-05
INEQ8_b_W54,high,0.9042487409600792,Inferred from occupation,0.9047539009538264,-0.0005051599937471174
INEQ8_c_W54,low,0.8167676148397003,Inferred from occupation,0.8343019199535064,-0.01753430511380616
INEQ8_c_W54,high,0.8619244169529368,Inferred from occupation,0.9329237499535064,-0.0709993330005696
INEQ8_d_W54,low,0.8350766619964239,Inferred from occupation,0.835339220003802,-0.00026255800737806645
INEQ8_d_W54,high,0.892428116005766,Inferred from occupation,0.8930538300038019,-0.0006257139980359039
INEQ8_f_W54,low,0.7781028039999999,Inferred from occupation,0.7781518700003569,-4.9066000357034234e-05
INEQ8_f_W54,high,0.8194119477984707,Inferred from occupation,0.8195244518047555,-0.00011250400628481927
INEQ8_g_W54,low,0.7659868599991794,Inferred from occupation,0.7661323,-0.00014544000082061803
INEQ8_g_W54,high,0.9073976220074957,Inferred from occupation,0.9082749200000001,-0.0008772979925043556
INEQ8_h_W54,low,1.630848234321594,Inferred from occupation,1.8104669916673537,-0.17961875734575972
INEQ8_h_W54,high,1.3809362914957037,Inferred from occupation,1.4381963443059709,-0.05726005281026714
INEQ8_i_W54,low,0.7559375219658622,Inferred from occupation,0.7577240200173556,-0.0017864980514934459
INEQ8_i_W54,high,0.9294071592490148,Inferred from occupation,0.936569519386522,-0.007162360137507151
INEQ8_j_W54,low,0.7315972578692955,Inferred from occupation,0.7340922799565403,-0.002495022087244725
INEQ8_j_W54,high,0.9132739559999999,Inferred from occupation,0.9314544699565404,-0.01818051395654041
JOBTRAIN_W54,low,0.6681132226810945,Inferred from occupation,0.6681125866811886,6.359999059624144e-07
JOBTRAIN_W54,high,0.5830717479999845,Inferred from occupation,0.5830706300000418,1.1179999427346488e-06
WORRY2a_W54,low,1.0903598405178507,Inferred from occupation,1.1871554681284455,-0.09679562761059479
WORRY2a_W54,high,1.113487676,Inferred from occupation,0.4206389714539376,0.6928487045460625
WORRY2b_W54,low,1.0659303853406963,Inferred from occupation,1.682224764114825,-0.6162943787741286
WORRY2b_W54,high,1.0054707939488923,Inferred from occupation,0.8234835654685363,0.18198722848035598
WORRY2c_W54,low,1.0632865204261779,Inferred from occupation,1.8437633813474084,-0.7804768609212305
WORRY2c_W54,high,1.1271716819254511,Inferred from occupation,0.4974027306459411,0.62976895127951
WORRY2d_W54,low,0.8490627229042855,Inferred from occupation,0.9752476934801831,-0.12618497057589761
WORRY2d_W54,high,0.7823346172979827,Inferred from occupation,0.65182233484899,0.1305122824489927
WORRY2e_W54,low,1.275149670939903,Inferred from occupation,1.2579253300000002,0.017224340939902882
WORRY2e_W54,high,0.7729436620017798,Inferred from occupation,0.7869977000000002,-0.01405403799822047
GAP21Q10_W82,low,0.12104381486334392,Inferred from occupation,0.19702218324256654,-0.07597836837922262
GAP21Q10_W82,high,0.2542533536109409,Inferred from occupation,0.19746151908298265,0.056791834527958274
GAP21Q13_b_W82,low,0.5736457736881485,Inferred from occupation,0.5745483156608112,-0.0009025419726627071
GAP21Q13_b_W82,high,0.5775107658964205,Inferred from occupation,0.5800598457159264,-0.0025490798195059172
GAP21Q15_a_W82,low,1.2868109105844516,Inferred from occupation,0.9446250368548972,0.34218587372955445
GAP21Q15_a_W82,high,1.4646229851535686,Inferred from occupation,0.9364337268548972,0.5281892582986714
GAP21Q15_b_W82,low,0.4808494700207837,Inferred from occupation,0.8406021618736816,-0.35975269185289793
GAP21Q15_b_W82,high,0.6953261282089114,Inferred from occupation,0.5148062718736817,0.1805198563352297
GAP21Q15_c_W82,low,0.8150345404401378,Inferred from occupation,0.9746407193908695,-0.1596061789507317
GAP21Q15_c_W82,high,0.5470078276256777,Inferred from occupation,0.6785305896049583,-0.1315227619792806
GAP21Q15_d_W82,low,0.7003091873675783,Inferred from occupation,0.7305624401140657,-0.03025325274648738
GAP21Q15_d_W82,high,1.493051794957987,Inferred from occupation,0.6537665600946337,0.8392852348633532
GAP21Q15_e_W82,low,0.6973600470386146,Inferred from occupation,0.6739557283258698,0.023404318712744843
GAP21Q15_e_W82,high,0.4436025544717943,Inferred from occupation,0.42277849656530986,0.02082405790648445
GAP21Q15_f_W82,low,0.6883137394658224,Inferred from occupation,0.7202272198599339,-0.03191348039411146
GAP21Q15_f_W82,high,0.6708259933056471,Inferred from occupation,0.6763787630821396,-0.00555276977649255
GAP21Q17_W82,low,0.505748527597653,Inferred from occupation,0.26915053463082916,0.23659799296682382
GAP21Q17_W82,high,0.5903688078369668,Inferred from occupation,0.13421139463082907,0.4561574132061377
GAP21Q19_a_W82,low,0.8752896620510631,Inferred from occupation,0.9005717199875249,-0.025282057936461877
GAP21Q19_a_W82,high,0.8980425424065693,Inferred from occupation,0.9117249808677802,-0.013682438461210866
GAP21Q19_b_W82,low,0.621844273803547,Inferred from occupation,0.6273085837265827,-0.005464309923035704
GAP21Q19_b_W82,high,0.5839254933055633,Inferred from occupation,0.60806945,-0.024143956694436697
GAP21Q19_c_W82,low,0.6085848739507869,Inferred from occupation,0.6106223400348301,-0.0020374660840432046
GAP21Q19_c_W82,high,0.7129521559714205,Inferred from occupation,0.7140417800348301,-0.0010896240634096221
GAP21Q19_d_W82,low,0.7124965740249484,Inferred from occupation,0.7154470899637739,-0.0029505159388255597
GAP21Q19_d_W82,high,0.6414397260340318,Inferred from occupation,0.6416501799637739,-0.00021045392974217147
GAP21Q19_e_W82,low,0.5391694720929903,Inferred from occupation,0.24476684750547864,0.29440262458751165
GAP21Q19_e_W82,high,0.4923380213779517,Inferred from occupation,0.4481865883354278,0.04415143304252389
GAP21Q21_a_W82,low,0.5297150812236894,Inferred from occupation,0.757086157582316,-0.22737107635862663
GAP21Q21_a_W82,high,0.36607070757089966,Inferred from occupation,0.3923170700057239,-0.026246362434824255
GAP21Q21_e_W82,low,0.7288867180470153,Inferred from occupation,0.29414815685709617,0.43473856118991916
GAP21Q21_e_W82,high,0.5158803079827616,Inferred from occupation,0.1580977131323486,0.357782594850413
GAP21Q23_W82,low,0.7226101140000464,Inferred from occupation,0.7226174700001704,-7.356000124025819e-06
GAP21Q23_W82,high,0.9999296539999739,Inferred from occupation,0.9999297500001705,-9.60001965699675e-08
GAP21Q24_W82,low,0.7864751820700238,Inferred from occupation,0.7883287500664664,-0.001853567996442651
GAP21Q24_W82,high,0.9010670160043583,Inferred from occupation,0.9008272600664665,0.00023975593789182792
GAP21Q25_W82,low,0.6104401478962362,Inferred from occupation,0.6101529038707061,0.0002872440255301534
GAP21Q25_W82,high,0.737806904000296,Inferred from occupation,0.73751955997532,0.00028734402497598843
GAP21Q26_a_W82,low,0.7727028538130825,Inferred from occupation,0.7824511800381589,-0.009748326225076487
GAP21Q26_a_W82,high,0.667016825866468,Inferred from occupation,0.6830723400381588,-0.01605551417169071
GAP21Q26_b_W82,low,0.6727403332568634,Inferred from occupation,0.6517230224016478,0.021017310855215632
GAP21Q26_b_W82,high,0.7014500990084543,Inferred from occupation,0.6803315461546423,0.021118552853812034
GAP21Q26_c_W82,low,0.6470358480074164,Inferred from occupation,0.6269387402034432,0.020097107803973224
GAP21Q26_c_W82,high,0.6698270180005166,Inferred from occupation,0.6497410002034433,0.020086017797073308
GAP21Q27_W82,low,0.38370679652627626,Inferred from occupation,0.21725827211894344,0.16644852440733282
GAP21Q27_W82,high,0.3569121264954519,Inferred from occupation,0.18503154711894354,0.17188057937650836
GAP21Q28_W82,low,0.6844691488880021,Inferred from occupation,0.6784186777900365,0.006050471097965637
GAP21Q28_W82,high,0.6843013478407791,Inferred from occupation,0.6910793509144089,-0.006778003073629746
GAP21Q31_W82,low,0.6403900357353179,Inferred from occupation,0.2022346751561912,0.43815536057912674
GAP21Q31_W82,high,0.5726649899521682,Inferred from occupation,0.1789097951561915,0.3937551947959767
GAP21Q32_W82,low,0.7399443840001735,Inferred from occupation,0.7399098500000002,3.453400017328079e-05
GAP21Q32_W82,high,0.7513376379989793,Inferred from occupation,0.7513524300000002,-1.4792001020835777e-05
GAP21Q33_c_W82,low,0.5117072028845457,Inferred from occupation,0.5117203548827964,-1.3151998250693353e-05
GAP21Q33_c_W82,high,0.4915633120019145,Inferred from occupation,0.4916204400010241,-5.712799910961852e-05
GAP21Q33_g_W82,low,0.6007085860090415,Inferred from occupation,0.600360009944898,0.00034857606414351316
GAP21Q33_g_W82,high,0.5218892179719236,Inferred from occupation,0.5254665899448979,-0.0035773719729743636
GAP21Q33_i_W82,low,0.5749253030834953,Inferred from occupation,0.6016586981504035,-0.026733395066908194
GAP21Q33_i_W82,high,0.33328272400000003,Inferred from occupation,0.5244553510669083,-0.1911726270669083
GAP21Q33_j_W82,low,0.7598240939716177,Inferred from occupation,0.7603805600000001,-0.0005564660283824407
GAP21Q33_j_W82,high,0.7075744139914527,Inferred from occupation,0.70765224,-7.782600854733257e-05
GAP21Q33_m_W82,low,0.3490292676445351,Inferred from occupation,0.34577581,0.003253457644535107
GAP21Q33_m_W82,high,0.30791410669027397,Inferred from occupation,0.30378767684880104,0.004126429841472934
GAP21Q33_n_W82,low,0.44325312156347974,Inferred from occupation,0.43914229565190144,0.0041108259115782975
GAP21Q33_n_W82,high,0.48300737999224935,Inferred from occupation,0.4825503500866488,0.0004570299056005367
GAP21Q33_q_W82,low,0.5434315640001506,Inferred from occupation,0.5434276699997576,3.894000393023234e-06
GAP21Q33_q_W82,high,0.4263885159999872,Inferred from occupation,0.4263868699997577,1.6460002295048959e-06
GAP21Q33_r_W82,low,0.40643957036916656,Inferred from occupation,0.25364587960682417,0.1527936907623424
GAP21Q33_r_W82,high,0.3726179877486936,Inferred from occupation,0.17129323544303873,0.20132475230565486
GAP21Q33_s_W82,low,0.5640153036221591,Inferred from occupation,0.42618320500336104,0.13783209861879808
GAP21Q33_s_W82,high,0.43506625338740657,Inferred from occupation,0.24134696500112038,0.1937192883862862
GAP21Q34_a_W82,low,0.8371863423716652,Inferred from occupation,0.837190538371953,-4.196000287781665e-06
GAP21Q34_a_W82,high,0.8820053400003683,Inferred from occupation,0.8820146999999998,-9.359999631475269e-06
GAP21Q34_b_W82,low,0.857924787998596,Inferred from occupation,0.8579473500007186,-2.2562002122694658e-05
GAP21Q34_b_W82,high,0.8254323159941567,Inferred from occupation,0.8258833200007186,-0.0004510040065619503
GAP21Q34_c_W82,low,0.8796566580541425,Inferred from occupation,0.8823495500094507,-0.0026928919553081965
GAP21Q34_c_W82,high,0.908705024016538,Inferred from occupation,0.9125245100094506,-0.003819485992912597
GAP21Q34_d_W82,low,0.866730722,Inferred from occupation,0.8667365300001704,-5.808000170359762e-06
GAP21Q34_d_W82,high,0.8238515799971945,Inferred from occupation,0.8238885000001703,-3.692000297583764e-05
GAP21Q34_e_W82,low,0.8329580484756919,Inferred from occupation,0.8358887283588874,-0.0029306798831955083
GAP21Q34_e_W82,high,0.8728968480877103,Inferred from occupation,0.8755244899988669,-0.0026276419111566085
GAP21Q34_f_W82,low,0.8534056354658717,Inferred from occupation,0.8534083014655993,-2.665999727646806e-06
GAP21Q34_f_W82,high,0.9152940459998696,Inferred from occupation,0.9153220699997278,-2.8023999858128867e-05
GAP21Q38_a_W82,low,0.6288833756339353,Inferred from occupation,0.6367279202516477,-0.007844544617712446
GAP21Q38_a_W82,high,0.6221392019478179,Inferred from occupation,0.6315898102516477,-0.009450608303829822
GAP21Q38_b_W82,low,0.73687888201217,Inferred from occupation,0.7523341324785288,-0.015455250466358761
GAP21Q38_b_W82,high,0.7993837559887698,Inferred from occupation,0.7996163679984494,-0.00023261200967961138
GAP21Q38_c_W82,low,0.7545480960076645,Inferred from occupation,0.7549310200000001,-0.00038292399233563756
GAP21Q38_c_W82,high,0.8837969060037697,Inferred from occupation,0.8839634700000002,-0.00016656399623049545
GAP21Q41_W82,low,0.5955532739929716,Inferred from occupation,0.5965687799922055,-0.0010155059992338344
GAP21Q41_W82,high,0.39379432800725495,Inferred from occupation,0.3942456699923386,-0.0004513419850836753
GAP21Q43_g_W82,low,0.7034707940228683,Inferred from occupation,0.7424427299258101,-0.03897193590294179
GAP21Q43_g_W82,high,0.6097712217502923,Inferred from occupation,0.7469155274006725,-0.13714430565038016
GAP21Q47_W82,low,1.4210263429840033,Inferred from occupation,1.6643016,-0.24327525701599662
GAP21Q47_W82,high,1.5172250044570648,Inferred from occupation,1.55258811,-0.035363105542935314
GAP21Q4_a_W82,low,0.539741277110312,Inferred from occupation,0.38410369774206987,0.15563757936824207
GAP21Q4_a_W82,high,0.5266467993901777,Inferred from occupation,0.3843301218680437,0.14231667752213395
GAP21Q4_b_W82,low,0.3866766744774903,Inferred from occupation,0.40630938087926277,-0.01963270640177245
GAP21Q4_b_W82,high,0.6573664085696007,Inferred from occupation,0.6174684408792628,0.03989796769033793
GAP21Q4_c_W82,low,0.5498517315227482,Inferred from occupation,0.5520750455447218,-0.0022233140219735104
GAP21Q4_c_W82,high,0.4385883039560383,Inferred from occupation,0.43960970002197375,-0.0010213960659354315
GAP21Q4_d_W82,low,0.5322221913556116,Inferred from occupation,0.6123758961237591,-0.08015370476814754
GAP21Q4_d_W82,high,0.5173201559487213,Inferred from occupation,0.5145806799542917,0.0027394759944295854
GAP21Q4_e_W82,low,0.26951488698823556,Inferred from occupation,0.6708122325326455,-0.40129734554441
GAP21Q4_e_W82,high,0.4474335277756707,Inferred from occupation,0.5490774399999998,-0.10164391222432911
GAP21Q4_f_W82,low,0.5757508288544867,Inferred from occupation,0.6704288600156286,-0.09467803116114193
GAP21Q4_f_W82,high,0.505939020907724,Inferred from occupation,0.562918025652623,-0.05697900474489903
GAP21Q7_a_W82,low,0.8201146539989155,Inferred from occupation,0.8088956102352275,0.011219043763687986
GAP21Q7_a_W82,high,0.7046514650543607,Inferred from occupation,0.693325987286101,0.011325477768259762
GAP21Q7_b_W82,low,0.6481281697746912,Inferred from occupation,0.6683197375131418,-0.020191567738450544
GAP21Q7_b_W82,high,0.6464161321898396,Inferred from occupation,0.7443713689959333,-0.09795523680609364
GAP21Q7_d_W82,low,0.6015315312625946,Inferred from occupation,0.28185077755192045,0.31968075371067417
GAP21Q7_d_W82,high,0.40999761322287476,Inferred from occupation,0.31958200755192046,0.0904156056709543
BILLION_W92,low,0.22511340999997886,Inferred from occupation,0.225116545,-3.135000021137202e-06
BILLION_W92,high,0.23398585133987876,Inferred from occupation,0.23398042733987878,5.423999999976115e-06
CANDEXP_W92,low,0.6511588379893577,Inferred from occupation,0.6520303599986185,-0.0008715220092607723
CANDEXP_W92,high,0.7645595796415509,Inferred from occupation,0.764656587645338,-9.700800378709129e-05
ELECT_CONF3_PRVFR_W92,low,0.7403878472191844,Inferred from occupation,0.8340011655203621,-0.0936133183011777
ELECT_CONF3_PRVFR_W92,high,0.7694224141698611,Inferred from occupation,0.9106608955203621,-0.141238481350501
ELECT_CONF3_PRVSUP_W92,low,0.6747776694037966,Inferred from occupation,0.6946603599012797,-0.019882690497483146
ELECT_CONF3_PRVSUP_W92,high,0.6887575368990281,Inferred from occupation,0.6930735368461178,-0.004315999947089755
ELECT_IMPT3_PRVFR_W92,low,0.7742271657267312,Inferred from occupation,0.775147847762709,-0.0009206820359777268
ELECT_IMPT3_PRVFR_W92,high,0.5617070339893383,Inferred from occupation,0.5617769300074872,-6.989601814888502e-05
FREECOLL_W92,low,0.7617509999397811,Inferred from occupation,0.6094344090544354,0.15231659088534577
FREECOLL_W92,high,0.8689142357031432,Inferred from occupation,0.8371881992505781,0.03172603645256511
GODMORALIMP_W92,low,0.9058947740000313,Inferred from occupation,0.9058896499997929,5.124000238332371e-06
GODMORALIMP_W92,high,1.0527971239999254,Inferred from occupation,1.0527905099997932,6.614000132243447e-06
LEGALIMMIGAMT_W92,low,0.7684256661861117,Inferred from occupation,0.7196636574428126,0.04876200874329917
LEGALIMMIGAMT_W92,high,0.7559421303937605,Inferred from occupation,0.6666293157115594,0.08931281468220109
POLINTOL2_a_W92,low,0.652621190306258,Inferred from occupation,0.7434521082003647,-0.09083091789410669
POLINTOL2_a_W92,high,0.8126687581460569,Inferred from occupation,0.8665510905743825,-0.05388233242832563
PROG_RNEED_W92,low,0.5440494040000033,Inferred from occupation,0.54404805000006,1.3539999433875849e-06
PROG_RNEED_W92,high,0.684860422000003,Inferred from occupation,0.68485888000006,1.541999942955563e-06
RACESURV52MOD_W92,low,0.9308058672573413,Inferred from occupation,0.9335747993442853,-0.002768932086944065
RACESURV52MOD_W92,high,0.78624162594691,Inferred from occupation,0.79383725794691,-0.007595631999999908
REPRSNTDEM_W92,low,0.5123402489811513,Inferred from occupation,0.8527865595107986,-0.34044631052964736
REPRSNTDEM_W92,high,0.6495947305776842,Inferred from occupation,0.8070044983188551,-0.15740976774117088
REPRSNTREP_W92,low,0.7925373739949548,Inferred from occupation,0.7321465269744514,0.06039084702050346
REPRSNTREP_W92,high,0.8057443141180924,Inferred from occupation,0.7570425769744512,0.04870173714364123
SOCIETY_GUNS_W92,low,0.9883646229960176,Inferred from occupation,1.37228306,-0.3839184370039824
SOCIETY_GUNS_W92,high,1.322110457553373,Inferred from occupation,1.30977407,0.012336387553373074
SOCIETY_RELG_W92,low,0.8719404340001761,Inferred from occupation,0.8716815300084264,0.0002589039917496594
SOCIETY_RELG_W92,high,1.0368924919992621,Inferred from occupation,1.0366451600084265,0.00024733199083559754
SOCIETY_RHIST_W92,low,0.9736706248685646,Inferred from occupation,1.1531132306390972,-0.17944260577053261
SOCIETY_RHIST_W92,high,1.085980004,Inferred from occupation,1.1159171306390974,-0.02993712663909731
SOCIETY_SSM_W92,low,1.3277436076151332,Inferred from occupation,1.4183264000000007,-0.09058279238486744
SOCIETY_SSM_W92,high,1.3534735176466985,Inferred from occupation,1.2142970600000003,0.13917645764669828
SOCIETY_TRANS_W92,low,1.825683964793753,Inferred from occupation,1.763880094527142,0.06180387026661105
SOCIETY_TRANS_W92,high,1.675734578416432,Inferred from occupation,1.5081785245271417,0.16755605388929018
SOCIETY_WHT_W92,low,0.6458739520000277,Inferred from occupation,0.6458747199997535,-7.679997258147608e-07
SOCIETY_WHT_W92,high,0.434918597650549,Inferred from occupation,0.43492023565048965,-1.6379999406290757e-06
UNIMMIGCOMM_W92,low,0.8028445679690996,Inferred from occupation,0.7936569295294932,0.00918763843960646
UNIMMIGCOMM_W92,high,0.7986671600480731,Inferred from occupation,0.7888232875353529,0.009843872512720231
USEXCEPT_W92,low,0.5066387359988435,Inferred from occupation,0.5053126000959434,0.001326135902900094
USEXCEPT_W92,high,0.45552770600001546,Inferred from occupation,0.4541609300959434,0.0013667759040720817
USMILSIZ_W92,low,1.3228165764374236,Inferred from occupation,1.388328641814912,-0.06551206537748833
USMILSIZ_W92,high,0.4757466428473813,Inferred from occupation,1.1194769839171377,-0.6437303410697564
WHADVANT_W92,low,0.37947259596037614,Inferred from occupation,1.0464807811297088,-0.6670081851693326
WHADVANT_W92,high,0.7599971215677822,Inferred from occupation,1.2161555644209736,-0.4561584428531914
