qkey,attribute,channel,magnitude,regime,model_class,own_human_group,predicted_human_group,n_tied_nearest,correct,correct_in_tie,fractional_credit,nearest_distance
CARRYGUN_W26,socioeco,inferred,,Inferred from occupation,low,"Less than $30,000","Less than $30,000",1,True,True,1.0,0.913702871999122
CARRYGUN_W26,socioeco,inferred,,Inferred from occupation,high,"$100,000 or more","Less than $30,000",1,False,False,0.0,0.9136991880001122
GROWUPGUN2A_W26,socioeco,inferred,,Inferred from occupation,low,"Less than $30,000","Less than $30,000",1,True,True,1.0,0.06303143542424627
GROWUPGUN2A_W26,socioeco,inferred,,Inferred from occupation,high,"$100,000 or more","Less than $30,000",1,False,False,0.0,0.1724287817619058
GROWUPGUN2B_W26,socioeco,inferred,,Inferred from occupation,low,"Less than $30,000","$100,000 or more",1,False,False,0.0,0.1477953439585879
GROWUPGUN2B_W26,socioeco,inferred,,Inferred from occupation,high,"$100,000 or more","Less than $30,000",1,False,False,0.0,0.14227467404990213
GROWUPGUN2C_W26,socioeco,inferred,,Inferred from occupation,low,"Less than $30,000","Less than $30,000",1,True,True,1.0,0.07716270448036278
GROWUPGUN2C_W26,socioeco,inferred,,Inferred from occupation,high,"$100,000 or more","Less than $30,000",1,False,False,0.0,0.2780123473482259
GROWUPGUN4_W26,socioeco,inferred,,Inferred from occupation,low,"Less than $30,000","Less than $30,000",1,True,True,1.0,0.5529148739149442
GROWUPGUN4_W26,socioeco,inferred,,Inferred from occupation,high,"$100,000 or more","Less than $30,000",1,False,False,0.0,0.5594126860200657
GROWUPGUN6_W26,socioeco,inferred,,Inferred from occupation,low,"Less than $30,000","Less than $30,000",1,True,True,1.0,0.33848112121699697
GROWUPGUN6_W26,socioeco,inferred,,Inferred from occupation,high,"$100,000 or more","Less than $30,000",1,False,False,0.0,0.5005589155711594
GROWUPGUN7_W26,socioeco,inferred,,Inferred from occupation,low,"Less than $30,000","Less than $30,000",1,True,True,1.0,0.4917315777536628
GROWUPGUN7_W26,socioeco,inferred,,Inferred from occupation,high,"$100,000 or more","Less than $30,000",1,False,False,0.0,0.5770395257569215
GROWUPVIOL_W26,socioeco,inferred,,Inferred from occupation,low,"Less than $30,000","Less than $30,000",1,True,True,1.0,1.837105704970613
GROWUPVIOL_W26,socioeco,inferred,,Inferred from occupation,high,"$100,000 or more","Less than $30,000",1,False,False,0.0,1.713492027829083
GUNACCESS_W26,socioeco,inferred,,Inferred from occupation,low,"Less than $30,000","Less than $30,000",1,True,True,1.0,1.4902805409029025
GUNACCESS_W26,socioeco,inferred,,Inferred from occupation,high,"$100,000 or more","Less than $30,000",1,False,False,0.0,1.490279976902984
GUNACTIVITYA_W26,socioeco,inferred,,Inferred from occupation,low,"Less than $30,000","$100,000 or more",1,False,False,0.0,0.8068474515002189
GUNACTIVITYA_W26,socioeco,inferred,,Inferred from occupation,high,"$100,000 or more","$100,000 or more",1,True,True,1.0,0.8581622873664074
GUNACTIVITYB_W26,socioeco,inferred,,Inferred from occupation,low,"Less than $30,000","$100,000 or more",1,False,False,0.0,0.7692984536193063
GUNACTIVITYB_W26,socioeco,inferred,,Inferred from occupation,high,"$100,000 or more","$100,000 or more",1,True,True,1.0,0.7850885161687206
GUNCONTRIBA_W26,socioeco,inferred,,Inferred from occupation,low,"Less than $30,000","Less than $30,000",1,True,True,1.0,0.7498291299614962
GUNCONTRIBA_W26,socioeco,inferred,,Inferred from occupation,high,"$100,000 or more","Less than $30,000",1,False,False,0.0,0.7545931364540689
GUNCONTRIBC_W26,socioeco,inferred,,Inferred from occupation,low,"Less than $30,000","$100,000 or more",1,False,False,0.0,0.42953257485651364
GUNCONTRIBC_W26,socioeco,inferred,,Inferred from occupation,high,"$100,000 or more","$100,000 or more",1,True,True,1.0,0.3677405342845055
GUNCONTRIBE_W26,socioeco,inferred,,Inferred from occupation,low,"Less than $30,000","$100,000 or more",1,False,False,0.0,0.8690681319901995
GUNCONTRIBE_W26,socioeco,inferred,,Inferred from occupation,high,"$100,000 or more","$100,000 or more",1,True,True,1.0,0.868774342014756
GUNCONTRIBF_W26,socioeco,inferred,,Inferred from occupation,low,"Less than $30,000","$100,000 or more",1,False,False,0.0,0.45603507022914497
GUNCONTRIBF_W26,socioeco,inferred,,Inferred from occupation,high,"$100,000 or more","$100,000 or more",1,True,True,1.0,0.3724529720992672
GUNFRIEND_W26,socioeco,inferred,,Inferred from occupation,low,"Less than $30,000","$100,000 or more",1,False,False,0.0,1.8655216800028533
GUNFRIEND_W26,socioeco,inferred,,Inferred from occupation,high,"$100,000 or more","$100,000 or more",1,True,True,1.0,1.866308106
GUNIDENTITY_W26,socioeco,inferred,,Inferred from occupation,low,"Less than $30,000","$100,000 or more",1,False,False,0.0,0.8924201926881695
GUNIDENTITY_W26,socioeco,inferred,,Inferred from occupation,high,"$100,000 or more","$100,000 or more",1,True,True,1.0,0.9053537404392121
GUNLOADED1_W26,socioeco,inferred,,Inferred from occupation,low,"Less than $30,000","Less than $30,000",1,True,True,1.0,0.587603842
GUNLOADED1_W26,socioeco,inferred,,Inferred from occupation,high,"$100,000 or more","Less than $30,000",1,False,False,0.0,0.587602186
GUNLOADED2_W26,socioeco,inferred,,Inferred from occupation,low,"Less than $30,000","$100,000 or more",1,False,False,0.0,0.2683907780015801
GUNLOADED2_W26,socioeco,inferred,,Inferred from occupation,high,"$100,000 or more","$100,000 or more",1,True,True,1.0,0.2644465520589061
GUNLOCKED1_W26,socioeco,inferred,,Inferred from occupation,low,"Less than $30,000","Less than $30,000",1,True,True,1.0,0.6095043610421698
GUNLOCKED1_W26,socioeco,inferred,,Inferred from occupation,high,"$100,000 or more","Less than $30,000",1,False,False,0.0,0.6286625400000001
GUNLOCKED2_W26,socioeco,inferred,,Inferred from occupation,low,"Less than $30,000","$100,000 or more",1,False,False,0.0,0.48665735407807376
GUNLOCKED2_W26,socioeco,inferred,,Inferred from occupation,high,"$100,000 or more","$100,000 or more",1,True,True,1.0,0.4973080279716605
GUNRESPKIDSD_W26,socioeco,inferred,,Inferred from occupation,low,"Less than $30,000","Less than $30,000",1,True,True,1.0,1.4004527499999129
GUNRESPKIDSD_W26,socioeco,inferred,,Inferred from occupation,high,"$100,000 or more","Less than $30,000",1,False,False,0.0,1.400451846000049
GUNRESPKIDSE_W26,socioeco,inferred,,Inferred from occupation,low,"Less than $30,000","Less than $30,000",1,True,True,1.0,0.7812560720000264
GUNRESPKIDSE_W26,socioeco,inferred,,Inferred from occupation,high,"$100,000 or more","Less than $30,000",1,False,False,0.0,0.7812559519999298
GUNRESPNOKIDSA_W26,socioeco,inferred,,Inferred from occupation,low,"Less than $30,000","$100,000 or more",1,False,False,0.0,0.5419135254196623
GUNRESPNOKIDSA_W26,socioeco,inferred,,Inferred from occupation,high,"$100,000 or more","$100,000 or more",1,True,True,1.0,0.541912751419513
GUNRESPNOKIDSB_W26,socioeco,inferred,,Inferred from occupation,low,"Less than $30,000","$100,000 or more",1,False,False,0.0,0.36929604276075734
GUNRESPNOKIDSB_W26,socioeco,inferred,,Inferred from occupation,high,"$100,000 or more","Less than $30,000",1,False,False,0.0,0.49477352434599386
GUNRESPNOKIDSC_W26,socioeco,inferred,,Inferred from occupation,low,"Less than $30,000","$100,000 or more",1,False,False,0.0,0.3135789391438625
GUNRESPNOKIDSC_W26,socioeco,inferred,,Inferred from occupation,high,"$100,000 or more","$100,000 or more",1,True,True,1.0,0.31322195308455036
GUNRESPNOKIDSD_W26,socioeco,inferred,,Inferred from occupation,low,"Less than $30,000","Less than $30,000",1,True,True,1.0,1.3362855223719432
GUNRESPNOKIDSD_W26,socioeco,inferred,,Inferred from occupation,high,"$100,000 or more","Less than $30,000",1,False,False,0.0,1.4481662156152875
GUNRESPNOKIDSE_W26,socioeco,inferred,,Inferred from occupation,low,"Less than $30,000","$100,000 or more",1,False,False,0.0,0.7927079880035586
GUNRESPNOKIDSE_W26,socioeco,inferred,,Inferred from occupation,high,"$100,000 or more","$100,000 or more",1,True,True,1.0,0.7928712879979904
GUNRESPNOKIDSF_W26,socioeco,inferred,,Inferred from occupation,low,"Less than $30,000","Less than $30,000",1,True,True,1.0,0.7471412695203475
GUNRESPNOKIDSF_W26,socioeco,inferred,,Inferred from occupation,high,"$100,000 or more","Less than $30,000",1,False,False,0.0,0.8159148057705913
GUNSAFETYKIDS_W26,socioeco,inferred,,Inferred from occupation,low,"Less than $30,000","Less than $30,000",1,True,True,1.0,0.44352813535688645
GUNSAFETYKIDS_W26,socioeco,inferred,,Inferred from occupation,high,"$100,000 or more","Less than $30,000",1,False,False,0.0,0.4756301732149076
GUNSAFE_W26,socioeco,inferred,,Inferred from occupation,low,"Less than $30,000","$100,000 or more",1,False,False,0.0,0.19095031614663135
GUNSAFE_W26,socioeco,inferred,,Inferred from occupation,high,"$100,000 or more","Less than $30,000",1,False,False,0.0,0.06424746576847973
GUNTYPEOWNC_W26,socioeco,inferred,,Inferred from occupation,low,"Less than $30,000","Less than $30,000",1,True,True,1.0,0.84611192399851
GUNTYPEOWNC_W26,socioeco,inferred,,Inferred from occupation,high,"$100,000 or more","Less than $30,000",1,False,False,0.0,0.846115209999523
NOCARRYGUN_W26,socioeco,inferred,,Inferred from occupation,low,"Less than $30,000","$100,000 or more",1,False,False,0.0,0.47406081571130665
NOCARRYGUN_W26,socioeco,inferred,,Inferred from occupation,high,"$100,000 or more","$100,000 or more",1,True,True,1.0,0.6118082701523317
REASONGUNA_W26,socioeco,inferred,,Inferred from occupation,low,"Less than $30,000","Less than $30,000",1,True,True,1.0,0.222408091961126
REASONGUNA_W26,socioeco,inferred,,Inferred from occupation,high,"$100,000 or more","Less than $30,000",1,False,False,0.0,0.28734372686683585
REASONGUNB_W26,socioeco,inferred,,Inferred from occupation,low,"Less than $30,000","$100,000 or more",1,False,False,0.0,0.9508845799745022
REASONGUNB_W26,socioeco,inferred,,Inferred from occupation,high,"$100,000 or more","$100,000 or more",1,True,True,1.0,0.9515956620008572
REASONGUNC_W26,socioeco,inferred,,Inferred from occupation,low,"Less than $30,000","Less than $30,000",1,True,True,1.0,0.2814949978115211
REASONGUNC_W26,socioeco,inferred,,Inferred from occupation,high,"$100,000 or more","Less than $30,000",1,False,False,0.0,0.2978884391937196
REASONGUND_W26,socioeco,inferred,,Inferred from occupation,low,"Less than $30,000","$100,000 or more",1,False,False,0.0,0.5892859219994597
REASONGUND_W26,socioeco,inferred,,Inferred from occupation,high,"$100,000 or more","$100,000 or more",1,True,True,1.0,0.5892918979999467
REASONGUNE_W26,socioeco,inferred,,Inferred from occupation,low,"Less than $30,000","$100,000 or more",1,False,False,0.0,0.20682641599982965
REASONGUNE_W26,socioeco,inferred,,Inferred from occupation,high,"$100,000 or more","$100,000 or more",1,True,True,1.0,0.20622651199152683
SHOOTFREQ_W26,socioeco,inferred,,Inferred from occupation,low,"Less than $30,000","Less than $30,000",1,True,True,1.0,0.6954499339988681
SHOOTFREQ_W26,socioeco,inferred,,Inferred from occupation,high,"$100,000 or more","Less than $30,000",1,False,False,0.0,0.695444214
WORRYB_W26,socioeco,inferred,,Inferred from occupation,low,"Less than $30,000","$100,000 or more",1,False,False,0.0,0.3466052152800809
WORRYB_W26,socioeco,inferred,,Inferred from occupation,high,"$100,000 or more","$100,000 or more",1,True,True,1.0,0.16605570489114477
WORRYD_W26,socioeco,inferred,,Inferred from occupation,low,"Less than $30,000","Less than $30,000",1,True,True,1.0,0.2359571793479518
WORRYD_W26,socioeco,inferred,,Inferred from occupation,high,"$100,000 or more","Less than $30,000",1,False,False,0.0,0.4789504717842737
WORRYE_W26,socioeco,inferred,,Inferred from occupation,low,"Less than $30,000","Less than $30,000",1,True,True,1.0,0.43441590719536727
WORRYE_W26,socioeco,inferred,,Inferred from occupation,high,"$100,000 or more","Less than $30,000",1,False,False,0.0,0.44629806953654816
WORRYF_W26,socioeco,inferred,,Inferred from occupation,low,"Less than $30,000","Less than $30,000",1,True,True,1.0,0.5955131318478717
WORRYF_W26,socioeco,inferred,,Inferred from occupation,high,"$100,000 or more","Less than $30,000",1,False,False,0.0,0.5435906036469753
BOYSF1B_W29,socioeco,inferred,,Inferred from occupation,low,"Less than $30,000","$100,000 or more",1,False,False,0.0,0.2973663714968415
BOYSF1B_W29,socioeco,inferred,,Inferred from occupation,high,"$100,000 or more","$100,000 or more",1,True,True,1.0,0.31122113972451315
FAVORS_CPS_W29,socioeco,inferred,,Inferred from occupation,low,"Less than $30,000","$100,000 or more",1,False,False,0.0,0.5491457729528643
FAVORS_CPS_W29,socioeco,inferred,,Inferred from occupation,high,"$100,000 or more","$100,000 or more",1,True,True,1.0,0.701993510763526
FEM2_W29,socioeco,inferred,,Inferred from occupation,low,"Less than $30,000","$100,000 or more",1,False,False,0.0,0.24764370049204004
FEM2_W29,socioeco,inferred,,Inferred from occupation,high,"$100,000 or more","$100,000 or more",1,True,True,1.0,0.32697164621281694
GIRLSF2C_W29,socioeco,inferred,,Inferred from occupation,low,"Less than $30,000","Less than $30,000",1,True,True,1.0,0.27788435200538775
GIRLSF2C_W29,socioeco,inferred,,Inferred from occupation,high,"$100,000 or more","Less than $30,000",1,False,False,0.0,0.27750054098461874
GIRLSF2D_W29,socioeco,inferred,,Inferred from occupation,low,"Less than $30,000","$100,000 or more",1,False,False,0.0,0.19645679099957422
GIRLSF2D_W29,socioeco,inferred,,Inferred from occupation,high,"$100,000 or more","$100,000 or more",1,True,True,1.0,0.19645884300004324
GOPDIRCT_W29,socioeco,inferred,,Inferred from occupation,low,"Less than $30,000","$100,000 or more",1,False,False,0.0,0.33915746499171484
GOPDIRCT_W29,socioeco,inferred,,Inferred from occupation,high,"$100,000 or more","$100,000 or more",1,True,True,1.0,0.1707170608602958
HOOD_NHISB_W29,socioeco,inferred,,Inferred from occupation,low,"Less than $30,000","$100,000 or more",1,False,False,0.0,0.5700183633369915
HOOD_NHISB_W29,socioeco,inferred,,Inferred from occupation,high,"$100,000 or more","$100,000 or more",1,True,True,1.0,0.5586430833633589
LOCALELECT_W29,socioeco,inferred,,Inferred from occupation,low,"Less than $30,000","$100,000 or more",1,False,False,0.0,0.8330187364996652
LOCALELECT_W29,socioeco,inferred,,Inferred from occupation,high,"$100,000 or more","$100,000 or more",1,True,True,1.0,0.8265014082242077
MAN1A_W29,socioeco,inferred,,Inferred from occupation,low,"Less than $30,000","$100,000 or more",1,False,False,0.0,0.5377166801250689
MAN1A_W29,socioeco,inferred,,Inferred from occupation,high,"$100,000 or more","$100,000 or more",1,True,True,1.0,0.2808662840692543
MAN1B_W29,socioeco,inferred,,Inferred from occupation,low,"Less than $30,000","Less than $30,000",1,True,True,1.0,0.7677549969689437
MAN1B_W29,socioeco,inferred,,Inferred from occupation,high,"$100,000 or more","Less than $30,000",1,False,False,0.0,0.46746072787683907
MAN1C_W29,socioeco,inferred,,Inferred from occupation,low,"Less than $30,000","Less than $30,000",1,True,True,1.0,0.7440452657539983
MAN1C_W29,socioeco,inferred,,Inferred from occupation,high,"$100,000 or more","Less than $30,000",1,False,False,0.0,0.7540325581244435
MAN1D_W29,socioeco,inferred,,Inferred from occupation,low,"Less than $30,000","$100,000 or more",1,False,False,0.0,0.7424394460404948
MAN1D_W29,socioeco,inferred,,Inferred from occupation,high,"$100,000 or more","$100,000 or more",1,True,True,1.0,0.7436920699999745
MAN1E_W29,socioeco,inferred,,Inferred from occupation,low,"Less than $30,000","$100,000 or more",1,False,False,0.0,0.3372015596435347
MAN1E_W29,socioeco,inferred,,Inferred from occupation,high,"$100,000 or more","$100,000 or more",1,True,True,1.0,0.26644179970006
MASC2_W29,socioeco,inferred,,Inferred from occupation,low,"Less than $30,000","Less than $30,000",1,True,True,1.0,0.6691927266816607
MASC2_W29,socioeco,inferred,,Inferred from occupation,high,"$100,000 or more","Less than $30,000",1,False,False,0.0,0.4071767766474088
S12_W29,socioeco,inferred,,Inferred from occupation,low,"Less than $30,000","$100,000 or more",1,False,False,0.0,0.2907257711614921
S12_W29,socioeco,inferred,,Inferred from occupation,high,"$100,000 or more","$100,000 or more",1,True,True,1.0,0.24380905600399527
S13_W29,socioeco,inferred,,Inferred from occupation,low,"Less than $30,000","Less than $30,000",1,True,True,1.0,0.8136696779169931
S13_W29,socioeco,inferred,,Inferred from occupation,high,"$100,000 or more","$100,000 or more",1,True,True,1.0,0.5518317044969512
SEENFEM_W29,socioeco,inferred,,Inferred from occupation,low,"Less than $30,000","$100,000 or more",1,False,False,0.0,0.72978982
SEENFEM_W29,socioeco,inferred,,Inferred from occupation,high,"$100,000 or more","$100,000 or more",1,True,True,1.0,0.7305372900016706
SEENMASC_W29,socioeco,inferred,,Inferred from occupation,low,"Less than $30,000","Less than $30,000",1,True,True,1.0,0.7509477964599534
SEENMASC_W29,socioeco,inferred,,Inferred from occupation,high,"$100,000 or more","Less than $30,000",1,False,False,0.0,0.7511805544869213
TALK_CPS_W29,socioeco,inferred,,Inferred from occupation,low,"Less than $30,000","Less than $30,000",1,True,True,1.0,0.8784096564450637
TALK_CPS_W29,socioeco,inferred,,Inferred from occupation,high,"$100,000 or more","Less than $30,000",1,False,False,0.0,0.33855459635963814
WORRYBILL_W29,socioeco,inferred,,Inferred from occupation,low,"Less than $30,000","Less than $30,000",1,True,True,1.0,0.7782509528854291
WORRYBILL_W29,socioeco,inferred,,Inferred from occupation,high,"$100,000 or more","Less than $30,000",1,False,False,0.0,0.795269170136294
CLASS_W32,socioeco,inferred,,Inferred from occupation,low,"Less than $30,000","$100,000 or more",1,False,False,0.0,0.5811357383781482
CLASS_W32,socioeco,inferred,,Inferred from occupation,high,"$100,000 or more","$100,000 or more",1,True,True,1.0,0.568180346428479
COMMIMPA_W32,socioeco,inferred,,Inferred from occupation,low,"Less than $30,000","$100,000 or more",1,False,False,0.0,0.5746962187886777
COMMIMPA_W32,socioeco,inferred,,Inferred from occupation,high,"$100,000 or more","$100,000 or more",1,True,True,1.0,1.0715607560513272
COMMIMPB_W32,socioeco,inferred,,Inferred from occupation,low,"Less than $30,000","$100,000 or more",1,False,False,0.0,0.6230667759964655
COMMIMPB_W32,socioeco,inferred,,Inferred from occupation,high,"$100,000 or more","$100,000 or more",1,True,True,1.0,0.6231680059994001
COMMIMPC_W32,socioeco,inferred,,Inferred from occupation,low,"Less than $30,000","Less than $30,000",1,True,True,1.0,0.88590892956018
COMMIMPC_W32,socioeco,inferred,,Inferred from occupation,high,"$100,000 or more","Less than $30,000",1,False,False,0.0,1.156175718758972
COMMIMPF_W32,socioeco,inferred,,Inferred from occupation,low,"Less than $30,000","Less than $30,000",1,True,True,1.0,0.8617632375953241
COMMIMPF_W32,socioeco,inferred,,Inferred from occupation,high,"$100,000 or more","Less than $30,000",1,False,False,0.0,0.8723805240024949
COMMIMPG_W32,socioeco,inferred,,Inferred from occupation,low,"Less than $30,000","Less than $30,000",1,True,True,1.0,0.9322778821080786
COMMIMPG_W32,socioeco,inferred,,Inferred from occupation,high,"$100,000 or more","Less than $30,000",1,False,False,0.0,0.9420874560339424
COMMIMPH_W32,socioeco,inferred,,Inferred from occupation,low,"Less than $30,000","$100,000 or more",1,False,False,0.0,0.7011210830039787
COMMIMPH_W32,socioeco,inferred,,Inferred from occupation,high,"$100,000 or more","$100,000 or more",1,True,True,1.0,0.7012415110146681
COMMYRS_W32,socioeco,inferred,,Inferred from occupation,low,"Less than $30,000","Less than $30,000",1,True,True,1.0,0.816601166124351
COMMYRS_W32,socioeco,inferred,,Inferred from occupation,high,"$100,000 or more","Less than $30,000",1,False,False,0.0,0.8369262799607395
ETHNCMAJ_W32,socioeco,inferred,,Inferred from occupation,low,"Less than $30,000","$100,000 or more",1,False,False,0.0,0.1763493579997932
ETHNCMAJ_W32,socioeco,inferred,,Inferred from occupation,high,"$100,000 or more","$100,000 or more",1,True,True,1.0,0.17634895300018028
GAYMARR2_W32,socioeco,inferred,,Inferred from occupation,low,"Less than $30,000","$100,000 or more",1,False,False,0.0,0.8733859997406279
GAYMARR2_W32,socioeco,inferred,,Inferred from occupation,high,"$100,000 or more","$100,000 or more",1,True,True,1.0,0.9763622680000001
HARASS2F1_W32,socioeco,inferred,,Inferred from occupation,low,"Less than $30,000","$100,000 or more",1,False,False,0.0,0.41340178500000335
HARASS2F1_W32,socioeco,inferred,,Inferred from occupation,high,"$100,000 or more","$100,000 or more",1,True,True,1.0,0.413402816
IMMIMPACT_W32,socioeco,inferred,,Inferred from occupation,low,"Less than $30,000","Less than $30,000",1,True,True,1.0,0.054049970014535736
IMMIMPACT_W32,socioeco,inferred,,Inferred from occupation,high,"$100,000 or more","$100,000 or more",1,True,True,1.0,0.25373733527495174
MOVERURAL_W32,socioeco,inferred,,Inferred from occupation,low,"Less than $30,000","$100,000 or more",1,False,False,0.0,0.700080110851049
MOVERURAL_W32,socioeco,inferred,,Inferred from occupation,high,"$100,000 or more","$100,000 or more",1,True,True,1.0,0.5664975167704309
MOVESUBURB_W32,socioeco,inferred,,Inferred from occupation,low,"Less than $30,000","Less than $30,000",1,True,True,1.0,0.14074446102262228
MOVESUBURB_W32,socioeco,inferred,,Inferred from occupation,high,"$100,000 or more","Less than $30,000",1,False,False,0.0,0.5393962560278684
MOVEURBAN_W32,socioeco,inferred,,Inferred from occupation,low,"Less than $30,000","$100,000 or more",1,False,False,0.0,0.460234771218888
MOVEURBAN_W32,socioeco,inferred,,Inferred from occupation,high,"$100,000 or more","$100,000 or more",1,True,True,1.0,0.4380218109414994
NEIGHINTERA_W32,socioeco,inferred,,Inferred from occupation,low,"Less than $30,000","$100,000 or more",1,False,False,0.0,1.402743484590344
NEIGHINTERA_W32,socioeco,inferred,,Inferred from occupation,high,"$100,000 or more","$100,000 or more",1,True,True,1.0,1.352434647220073
NEIGHINTERB_W32,socioeco,inferred,,Inferred from occupation,low,"Less than $30,000","$100,000 or more",1,False,False,0.0,0.6093571843224772
NEIGHINTERB_W32,socioeco,inferred,,Inferred from occupation,high,"$100,000 or more","$100,000 or more",1,True,True,1.0,0.4700385611171686
NEIGHKIDS_W32,socioeco,inferred,,Inferred from occupation,low,"Less than $30,000","Less than $30,000",1,True,True,1.0,0.2087981938034671
NEIGHKIDS_W32,socioeco,inferred,,Inferred from occupation,high,"$100,000 or more","Less than $30,000",1,False,False,0.0,0.242137409429318
NEIGHSAMEA_W32,socioeco,inferred,,Inferred from occupation,low,"Less than $30,000","Less than $30,000",1,True,True,1.0,1.3820632997695308
NEIGHSAMEA_W32,socioeco,inferred,,Inferred from occupation,high,"$100,000 or more","Less than $30,000",1,False,False,0.0,1.3219698996004392
SATLIFED_W32,socioeco,inferred,,Inferred from occupation,low,"Less than $30,000","$100,000 or more",1,False,False,0.0,0.4618860117152923
SATLIFED_W32,socioeco,inferred,,Inferred from occupation,high,"$100,000 or more","$100,000 or more",1,True,True,1.0,0.5784844878712758
SOCTRUST2_W32,socioeco,inferred,,Inferred from occupation,low,"Less than $30,000","$100,000 or more",1,False,False,0.0,0.2564278480001573
SOCTRUST2_W32,socioeco,inferred,,Inferred from occupation,high,"$100,000 or more","$100,000 or more",1,True,True,1.0,0.25573352799151094
VALUERURAL_W32,socioeco,inferred,,Inferred from occupation,low,"Less than $30,000","$100,000 or more",1,False,False,0.0,0.49628457418550975
VALUERURAL_W32,socioeco,inferred,,Inferred from occupation,high,"$100,000 or more","$100,000 or more",1,True,True,1.0,0.8307791176766953
WHADVANT_W32,socioeco,inferred,,Inferred from occupation,low,"Less than $30,000","$100,000 or more",1,False,False,0.0,0.4562824116524002
WHADVANT_W32,socioeco,inferred,,Inferred from occupation,high,"$100,000 or more","$100,000 or more",1,True,True,1.0,0.7100074573346006
WILLMOVE_W32,socioeco,inferred,,Inferred from occupation,low,"Less than $30,000","$100,000 or more",1,False,False,0.0,0.5517518108804993
WILLMOVE_W32,socioeco,inferred,,Inferred from occupation,high,"$100,000 or more","$100,000 or more",1,True,True,1.0,0.765154391773855
EAT1_W34,socioeco,inferred,,Inferred from occupation,low,"Less than $30,000","$100,000 or more",1,False,False,0.0,0.5411924902384994
EAT1_W34,socioeco,inferred,,Inferred from occupation,high,"$100,000 or more","$100,000 or more",1,True,True,1.0,0.4521506659999999
EAT2_W34,socioeco,inferred,,Inferred from occupation,low,"Less than $30,000","$100,000 or more",1,False,False,0.0,0.6709730955811619
EAT2_W34,socioeco,inferred,,Inferred from occupation,high,"$100,000 or more","$100,000 or more",1,True,True,1.0,0.6994764038006572
EAT5B_W34,socioeco,inferred,,Inferred from occupation,low,"Less than $30,000","$100,000 or more",1,False,False,0.0,0.5425731779999119
EAT5B_W34,socioeco,inferred,,Inferred from occupation,high,"$100,000 or more","$100,000 or more",1,True,True,1.0,0.5425713140001278
EAT5C_W34,socioeco,inferred,,Inferred from occupation,low,"Less than $30,000","$100,000 or more",1,False,False,0.0,0.5824274697004945
EAT5C_W34,socioeco,inferred,,Inferred from occupation,high,"$100,000 or more","$100,000 or more",1,True,True,1.0,0.5850690161022051
EAT5D_W34,socioeco,inferred,,Inferred from occupation,low,"Less than $30,000","$100,000 or more",1,False,False,0.0,0.4457968844119205
EAT5D_W34,socioeco,inferred,,Inferred from occupation,high,"$100,000 or more","$100,000 or more",1,True,True,1.0,0.4452924565611628
EVOBIOA_W34,socioeco,inferred,,Inferred from occupation,low,"Less than $30,000","$100,000 or more",1,False,False,0.0,0.047794199999898535
EVOBIOA_W34,socioeco,inferred,,Inferred from occupation,high,"$100,000 or more","$100,000 or more",1,True,True,1.0,0.04779440999992457
EVOBIOB_W34,socioeco,inferred,,Inferred from occupation,low,"Less than $30,000","$100,000 or more",1,False,False,0.0,0.20321010000000184
EVOBIOB_W34,socioeco,inferred,,Inferred from occupation,high,"$100,000 or more","$100,000 or more",1,True,True,1.0,0.20321021600000488
EVOPERS3_W34,socioeco,inferred,,Inferred from occupation,low,"Less than $30,000","$100,000 or more",1,False,False,0.0,0.6585453365853235
EVOPERS3_W34,socioeco,inferred,,Inferred from occupation,high,"$100,000 or more","$100,000 or more",1,True,True,1.0,0.658546194585531
EVOTHREE_W34,socioeco,inferred,,Inferred from occupation,low,"Less than $30,000","$100,000 or more",1,False,False,0.0,0.37465175799772266
EVOTHREE_W34,socioeco,inferred,,Inferred from occupation,high,"$100,000 or more","$100,000 or more",1,True,True,1.0,0.3743814299947662
FUD22_W34,socioeco,inferred,,Inferred from occupation,low,"Less than $30,000","$100,000 or more",1,False,False,0.0,0.7107527351075273
FUD22_W34,socioeco,inferred,,Inferred from occupation,high,"$100,000 or more","$100,000 or more",1,True,True,1.0,0.7101567911114542
FUD24_W34,socioeco,inferred,,Inferred from occupation,low,"Less than $30,000","$100,000 or more",1,False,False,0.0,0.2516361669991433
FUD24_W34,socioeco,inferred,,Inferred from occupation,high,"$100,000 or more","$100,000 or more",1,True,True,1.0,0.23246017153720616
FUD33B_W34,socioeco,inferred,,Inferred from occupation,low,"Less than $30,000","Less than $30,000",1,True,True,1.0,0.1615636370000288
FUD33B_W34,socioeco,inferred,,Inferred from occupation,high,"$100,000 or more","Less than $30,000",1,False,False,0.0,0.161563333
FUD35_W34,socioeco,inferred,,Inferred from occupation,low,"Less than $30,000","$100,000 or more",1,False,False,0.0,0.36942431235132545
FUD35_W34,socioeco,inferred,,Inferred from occupation,high,"$100,000 or more","$100,000 or more",1,True,True,1.0,0.52776169866
FUD37A_W34,socioeco,inferred,,Inferred from occupation,low,"Less than $30,000","$100,000 or more",1,False,False,0.0,0.48504938119842883
FUD37A_W34,socioeco,inferred,,Inferred from occupation,high,"$100,000 or more","$100,000 or more",1,True,True,1.0,0.37294021075199496
FUD37B_W34,socioeco,inferred,,Inferred from occupation,low,"Less than $30,000","$100,000 or more",1,False,False,0.0,0.663391746026779
FUD37B_W34,socioeco,inferred,,Inferred from occupation,high,"$100,000 or more","$100,000 or more",1,True,True,1.0,0.648324965257863
FUD37C_W34,socioeco,inferred,,Inferred from occupation,low,"Less than $30,000","Less than $30,000",1,True,True,1.0,0.6949686510018558
FUD37C_W34,socioeco,inferred,,Inferred from occupation,high,"$100,000 or more","Less than $30,000",1,False,False,0.0,0.6930051510370112
BETTERBIZ1F2D_W36,socioeco,inferred,,Inferred from occupation,low,"Less than $30,000","$100,000 or more",1,False,False,0.0,0.14065036459347013
BETTERBIZ1F2D_W36,socioeco,inferred,,Inferred from occupation,high,"$100,000 or more","$100,000 or more",1,True,True,1.0,0.14065037659350288
BETTERBIZ1F2E_W36,socioeco,inferred,,Inferred from occupation,low,"Less than $30,000","$100,000 or more",1,False,False,0.0,0.2340684729999839
BETTERBIZ1F2E_W36,socioeco,inferred,,Inferred from occupation,high,"$100,000 or more","$100,000 or more",1,True,True,1.0,0.2340684920000291
BETTERBIZ1F2H_W36,socioeco,inferred,,Inferred from occupation,low,"Less than $30,000","$100,000 or more",1,False,False,0.0,0.15493609800000446
BETTERBIZ1F2H_W36,socioeco,inferred,,Inferred from occupation,high,"$100,000 or more","$100,000 or more",1,True,True,1.0,0.1549360709999908
BETTERBIZ2F2C_W36,socioeco,inferred,,Inferred from occupation,low,"Less than $30,000","$100,000 or more",1,False,False,0.0,0.0879929039999767
BETTERBIZ2F2C_W36,socioeco,inferred,,Inferred from occupation,high,"$100,000 or more","$100,000 or more",1,True,True,1.0,0.08799297100000004
BETTERBIZ2F2E_W36,socioeco,inferred,,Inferred from occupation,low,"Less than $30,000","$100,000 or more",1,False,False,0.0,0.09382910500000874
BETTERBIZ2F2E_W36,socioeco,inferred,,Inferred from occupation,high,"$100,000 or more","$100,000 or more",1,True,True,1.0,0.09382919100002202
BETTERBIZ2F2F_W36,socioeco,inferred,,Inferred from occupation,low,"Less than $30,000","$100,000 or more",1,False,False,0.0,0.2045678070000169
BETTERBIZ2F2F_W36,socioeco,inferred,,Inferred from occupation,high,"$100,000 or more","$100,000 or more",1,True,True,1.0,0.204567818000018
BETTERPOL1F1B_W36,socioeco,inferred,,Inferred from occupation,low,"Less than $30,000","$100,000 or more",1,False,False,0.0,0.33443047600002174
BETTERPOL1F1B_W36,socioeco,inferred,,Inferred from occupation,high,"$100,000 or more","$100,000 or more",1,True,True,1.0,0.33443054600001043
BETTERPOL1F1E_W36,socioeco,inferred,,Inferred from occupation,low,"Less than $30,000","$100,000 or more",1,False,False,0.0,0.22903432200003462
BETTERPOL1F1E_W36,socioeco,inferred,,Inferred from occupation,high,"$100,000 or more","$100,000 or more",1,True,True,1.0,0.2290343249999498
BETTERPOL1F1I_W36,socioeco,inferred,,Inferred from occupation,low,"Less than $30,000","$100,000 or more",1,False,False,0.0,0.2464317649998024
BETTERPOL1F1I_W36,socioeco,inferred,,Inferred from occupation,high,"$100,000 or more","$100,000 or more",1,True,True,1.0,0.246433812000062
BETTERPOL2F1A_W36,socioeco,inferred,,Inferred from occupation,low,"Less than $30,000","$100,000 or more",1,False,False,0.0,0.10924429409245606
BETTERPOL2F1A_W36,socioeco,inferred,,Inferred from occupation,high,"$100,000 or more","$100,000 or more",1,True,True,1.0,0.10924443309241558
BETTERPOL2F1C_W36,socioeco,inferred,,Inferred from occupation,low,"Less than $30,000","$100,000 or more",1,False,False,0.0,0.17940246399998477
BETTERPOL2F1C_W36,socioeco,inferred,,Inferred from occupation,high,"$100,000 or more","$100,000 or more",1,True,True,1.0,0.17940256999995757
BETTERPOL2F1D_W36,socioeco,inferred,,Inferred from occupation,low,"Less than $30,000","$100,000 or more",1,False,False,0.0,0.1780132839999761
BETTERPOL2F1D_W36,socioeco,inferred,,Inferred from occupation,high,"$100,000 or more","$100,000 or more",1,True,True,1.0,0.1780133180000168
BETTERPOL2F1F_W36,socioeco,inferred,,Inferred from occupation,low,"Less than $30,000","$100,000 or more",1,False,False,0.0,0.19222814407767808
BETTERPOL2F1F_W36,socioeco,inferred,,Inferred from occupation,high,"$100,000 or more","$100,000 or more",1,True,True,1.0,0.19222833207765863
E5_W36,socioeco,inferred,,Inferred from occupation,low,"Less than $30,000","Less than $30,000",1,True,True,1.0,0.1744170212232442
E5_W36,socioeco,inferred,,Inferred from occupation,high,"$100,000 or more","$100,000 or more",1,True,True,1.0,0.032389489783510195
ESSENBIZF2E_W36,socioeco,inferred,,Inferred from occupation,low,"Less than $30,000","$100,000 or more",1,False,False,0.0,0.19985244656355117
ESSENBIZF2E_W36,socioeco,inferred,,Inferred from occupation,high,"$100,000 or more","$100,000 or more",1,True,True,1.0,0.5894581981350093
ESSENBIZF2J_W36,socioeco,inferred,,Inferred from occupation,low,"Less than $30,000","Less than $30,000",1,True,True,1.0,0.06572175906788091
ESSENBIZF2J_W36,socioeco,inferred,,Inferred from occupation,high,"$100,000 or more","Less than $30,000",1,False,False,0.0,0.29617988453294697
ESSENPOLF1A_W36,socioeco,inferred,,Inferred from occupation,low,"Less than $30,000","$100,000 or more",1,False,False,0.0,0.052466163999603355
ESSENPOLF1A_W36,socioeco,inferred,,Inferred from occupation,high,"$100,000 or more","$100,000 or more",1,True,True,1.0,0.052467923999730215
ESSENPOLF1B_W36,socioeco,inferred,,Inferred from occupation,low,"Less than $30,000","$100,000 or more",1,False,False,0.0,0.26471446396232334
ESSENPOLF1B_W36,socioeco,inferred,,Inferred from occupation,high,"$100,000 or more","$100,000 or more",1,True,True,1.0,0.280099883555221
ESSENPOLF1D_W36,socioeco,inferred,,Inferred from occupation,low,"Less than $30,000","$100,000 or more",1,False,False,0.0,0.16154943040446335
ESSENPOLF1D_W36,socioeco,inferred,,Inferred from occupation,high,"$100,000 or more","$100,000 or more",1,True,True,1.0,0.16694618200289657
ESSENPOLF1G_W36,socioeco,inferred,,Inferred from occupation,low,"Less than $30,000","Less than $30,000",1,True,True,1.0,0.4782694156271073
ESSENPOLF1G_W36,socioeco,inferred,,Inferred from occupation,high,"$100,000 or more","Less than $30,000",1,False,False,0.0,0.49042870808685557
ESSENPOLF1H_W36,socioeco,inferred,,Inferred from occupation,low,"Less than $30,000","$100,000 or more",1,False,False,0.0,0.37421538084079564
ESSENPOLF1H_W36,socioeco,inferred,,Inferred from occupation,high,"$100,000 or more","$100,000 or more",1,True,True,1.0,0.39740095394020003
HIGHEDWRNGB_W36,socioeco,inferred,,Inferred from occupation,low,"Less than $30,000","Less than $30,000",1,True,True,1.0,0.438258989467022
HIGHEDWRNGB_W36,socioeco,inferred,,Inferred from occupation,high,"$100,000 or more","Less than $30,000",1,False,False,0.0,0.5917308176132542
HIGHEDWRNGC_W36,socioeco,inferred,,Inferred from occupation,low,"Less than $30,000","Less than $30,000",1,True,True,1.0,0.9188379789570242
HIGHEDWRNGC_W36,socioeco,inferred,,Inferred from occupation,high,"$100,000 or more","Less than $30,000",1,False,False,0.0,0.6556834087271398
IMPROVE1_W36,socioeco,inferred,,Inferred from occupation,low,"Less than $30,000","Less than $30,000",1,True,True,1.0,0.7132408648203366
IMPROVE1_W36,socioeco,inferred,,Inferred from occupation,high,"$100,000 or more","Less than $30,000",1,False,False,0.0,0.8676055464381279
IMPROVE2_W36,socioeco,inferred,,Inferred from occupation,low,"Less than $30,000","Less than $30,000",1,True,True,1.0,0.7081806239991334
IMPROVE2_W36,socioeco,inferred,,Inferred from occupation,high,"$100,000 or more","Less than $30,000",1,False,False,0.0,0.7079498680017561
IMPROVE3_W36,socioeco,inferred,,Inferred from occupation,low,"Less than $30,000","Less than $30,000",1,True,True,1.0,0.5767878899999999
IMPROVE3_W36,socioeco,inferred,,Inferred from occupation,high,"$100,000 or more","Less than $30,000",1,False,False,0.0,0.40451283612310784
MOREWMN1F2_W36,socioeco,inferred,,Inferred from occupation,low,"Less than $30,000","$100,000 or more",1,False,False,0.0,0.176825602226447
MOREWMN1F2_W36,socioeco,inferred,,Inferred from occupation,high,"$100,000 or more","$100,000 or more",1,True,True,1.0,0.17688342022955805
POLCHF1_W36,socioeco,inferred,,Inferred from occupation,low,"Less than $30,000","Less than $30,000",1,True,True,1.0,0.6506324714856382
POLCHF1_W36,socioeco,inferred,,Inferred from occupation,high,"$100,000 or more","Less than $30,000",1,False,False,0.0,0.6500767714802005
TRAITBIZMF2C_W36,socioeco,inferred,,Inferred from occupation,low,"Less than $30,000","$100,000 or more",1,False,False,0.0,0.0828596769999998
TRAITBIZMF2C_W36,socioeco,inferred,,Inferred from occupation,high,"$100,000 or more","$100,000 or more",1,True,True,1.0,0.08285968799999849
TRAITBIZMF2D_W36,socioeco,inferred,,Inferred from occupation,low,"Less than $30,000","$100,000 or more",1,False,False,0.0,0.21022144210222427
TRAITBIZMF2D_W36,socioeco,inferred,,Inferred from occupation,high,"$100,000 or more","$100,000 or more",1,True,True,1.0,0.2102215041022158
TRAITBIZMF2E_W36,socioeco,inferred,,Inferred from occupation,low,"Less than $30,000","$100,000 or more",1,False,False,0.0,0.08118452000000487
TRAITBIZMF2E_W36,socioeco,inferred,,Inferred from occupation,high,"$100,000 or more","$100,000 or more",1,True,True,1.0,0.0811845680000029
TRAITBIZMF2G_W36,socioeco,inferred,,Inferred from occupation,low,"Less than $30,000","Less than $30,000",1,True,True,1.0,0.27970803099997843
TRAITBIZMF2G_W36,socioeco,inferred,,Inferred from occupation,high,"$100,000 or more","Less than $30,000",1,False,False,0.0,0.27970806599999176
TRAITBIZWF2C_W36,socioeco,inferred,,Inferred from occupation,low,"Less than $30,000","Less than $30,000",1,True,True,1.0,0.31996288999999517
TRAITBIZWF2C_W36,socioeco,inferred,,Inferred from occupation,high,"$100,000 or more","Less than $30,000",1,False,False,0.0,0.3199631140000354
TRAITBIZWF2D_W36,socioeco,inferred,,Inferred from occupation,low,"Less than $30,000","Less than $30,000",1,True,True,1.0,0.24785233552147756
TRAITBIZWF2D_W36,socioeco,inferred,,Inferred from occupation,high,"$100,000 or more","Less than $30,000",1,False,False,0.0,0.24785249252147085
TRAITBIZWF2E_W36,socioeco,inferred,,Inferred from occupation,low,"Less than $30,000","$100,000 or more",1,False,False,0.0,0.33936542499998507
TRAITBIZWF2E_W36,socioeco,inferred,,Inferred from occupation,high,"$100,000 or more","$100,000 or more",1,True,True,1.0,0.33936545599999535
TRAITBIZWF2G_W36,socioeco,inferred,,Inferred from occupation,low,"Less than $30,000","Less than $30,000",1,True,True,1.0,0.36954501569544446
TRAITBIZWF2G_W36,socioeco,inferred,,Inferred from occupation,high,"$100,000 or more","Less than $30,000",1,False,False,0.0,0.36954498769543426
TRAITPOLMF1B_W36,socioeco,inferred,,Inferred from occupation,low,"Less than $30,000","$100,000 or more",1,False,False,0.0,0.3271430889965753
TRAITPOLMF1B_W36,socioeco,inferred,,Inferred from occupation,high,"$100,000 or more","$100,000 or more",1,True,True,1.0,0.32770059899957477
TRAITPOLMF1C_W36,socioeco,inferred,,Inferred from occupation,low,"Less than $30,000","$100,000 or more",1,False,False,0.0,0.14627150453934257
TRAITPOLMF1C_W36,socioeco,inferred,,Inferred from occupation,high,"$100,000 or more","$100,000 or more",1,True,True,1.0,0.15357694655220555
TRAITPOLMF1D_W36,socioeco,inferred,,Inferred from occupation,low,"Less than $30,000","$100,000 or more",1,False,False,0.0,0.15061763800002692
TRAITPOLMF1D_W36,socioeco,inferred,,Inferred from occupation,high,"$100,000 or more","$100,000 or more",1,True,True,1.0,0.1506177780000052
TRAITPOLMF1E_W36,socioeco,inferred,,Inferred from occupation,low,"Less than $30,000","$100,000 or more",1,False,False,0.0,0.06319527900000005
TRAITPOLMF1E_W36,socioeco,inferred,,Inferred from occupation,high,"$100,000 or more","$100,000 or more",1,True,True,1.0,0.06812761901178233
TRAITPOLMF1F_W36,socioeco,inferred,,Inferred from occupation,low,"Less than $30,000","$100,000 or more",1,False,False,0.0,0.19411156872091218
TRAITPOLMF1F_W36,socioeco,inferred,,Inferred from occupation,high,"$100,000 or more","$100,000 or more",1,True,True,1.0,0.09636928435896598
TRAITPOLMF1G_W36,socioeco,inferred,,Inferred from occupation,low,"Less than $30,000","Less than $30,000",1,True,True,1.0,0.21478793200000118
TRAITPOLMF1G_W36,socioeco,inferred,,Inferred from occupation,high,"$100,000 or more","Less than $30,000",1,False,False,0.0,0.2147879409999785
TRAITPOLWF1A_W36,socioeco,inferred,,Inferred from occupation,low,"Less than $30,000","$100,000 or more",1,False,False,0.0,0.24501584344994198
TRAITPOLWF1A_W36,socioeco,inferred,,Inferred from occupation,high,"$100,000 or more","$100,000 or more",1,True,True,1.0,0.24504631545063066
TRAITPOLWF1C_W36,socioeco,inferred,,Inferred from occupation,low,"Less than $30,000","Less than $30,000",1,True,True,1.0,0.32612989242924784
TRAITPOLWF1C_W36,socioeco,inferred,,Inferred from occupation,high,"$100,000 or more","Less than $30,000",1,False,False,0.0,0.32991003534386976
TRAITPOLWF1D_W36,socioeco,inferred,,Inferred from occupation,low,"Less than $30,000","$100,000 or more",1,False,False,0.0,0.11054929100003408
TRAITPOLWF1D_W36,socioeco,inferred,,Inferred from occupation,high,"$100,000 or more","$100,000 or more",1,True,True,1.0,0.11055008800000743
TRAITPOLWF1E_W36,socioeco,inferred,,Inferred from occupation,low,"Less than $30,000","Less than $30,000",1,True,True,1.0,0.35131663448683365
TRAITPOLWF1E_W36,socioeco,inferred,,Inferred from occupation,high,"$100,000 or more","Less than $30,000",1,False,False,0.0,0.3513191384867269
TRAITPOLWF1F_W36,socioeco,inferred,,Inferred from occupation,low,"Less than $30,000","Less than $30,000",1,True,True,1.0,0.3361667742590501
TRAITPOLWF1F_W36,socioeco,inferred,,Inferred from occupation,high,"$100,000 or more","Less than $30,000",1,False,False,0.0,0.3344795169217394
TRAITPOLWF1G_W36,socioeco,inferred,,Inferred from occupation,low,"Less than $30,000","Less than $30,000",1,True,True,1.0,0.2932034799999753
TRAITPOLWF1G_W36,socioeco,inferred,,Inferred from occupation,high,"$100,000 or more","Less than $30,000",1,False,False,0.0,0.2932035510000086
WHYNOTBIZF2A_W36,socioeco,inferred,,Inferred from occupation,low,"Less than $30,000","$100,000 or more",1,False,False,0.0,0.4847222987751566
WHYNOTBIZF2A_W36,socioeco,inferred,,Inferred from occupation,high,"$100,000 or more","Less than $30,000",1,False,False,0.0,0.4499527194696148
WHYNOTBIZF2B_W36,socioeco,inferred,,Inferred from occupation,low,"Less than $30,000","Less than $30,000",1,True,True,1.0,0.5428288760000066
WHYNOTBIZF2B_W36,socioeco,inferred,,Inferred from occupation,high,"$100,000 or more","Less than $30,000",1,False,False,0.0,0.5428288800000105
WHYNOTBIZF2D_W36,socioeco,inferred,,Inferred from occupation,low,"Less than $30,000","$100,000 or more",1,False,False,0.0,0.24890666399981135
WHYNOTBIZF2D_W36,socioeco,inferred,,Inferred from occupation,high,"$100,000 or more","$100,000 or more",1,True,True,1.0,0.24890635800049848
WHYNOTBIZF2F_W36,socioeco,inferred,,Inferred from occupation,low,"Less than $30,000","$100,000 or more",1,False,False,0.0,0.20472254399940848
WHYNOTBIZF2F_W36,socioeco,inferred,,Inferred from occupation,high,"$100,000 or more","$100,000 or more",1,True,True,1.0,0.2047162359999336
WHYNOTBIZF2G_W36,socioeco,inferred,,Inferred from occupation,low,"Less than $30,000","Less than $30,000",1,True,True,1.0,1.0160405897859035
WHYNOTBIZF2G_W36,socioeco,inferred,,Inferred from occupation,high,"$100,000 or more","Less than $30,000",1,False,False,0.0,1.0235482700027723
WHYNOTBIZF2H_W36,socioeco,inferred,,Inferred from occupation,low,"Less than $30,000","$100,000 or more",1,False,False,0.0,1.1489515374244834
WHYNOTBIZF2H_W36,socioeco,inferred,,Inferred from occupation,high,"$100,000 or more","$100,000 or more",1,True,True,1.0,1.294177269702168
WHYNOTBIZF2J_W36,socioeco,inferred,,Inferred from occupation,low,"Less than $30,000","Less than $30,000",1,True,True,1.0,0.8148409838515867
WHYNOTBIZF2J_W36,socioeco,inferred,,Inferred from occupation,high,"$100,000 or more","Less than $30,000",1,False,False,0.0,0.8148411018515985
WHYNOTBIZF2M_W36,socioeco,inferred,,Inferred from occupation,low,"Less than $30,000","Less than $30,000",1,True,True,1.0,0.9518554771570007
WHYNOTBIZF2M_W36,socioeco,inferred,,Inferred from occupation,high,"$100,000 or more","Less than $30,000",1,False,False,0.0,1.0829204342641778
WHYNOTBIZF2N_W36,socioeco,inferred,,Inferred from occupation,low,"Less than $30,000","$100,000 or more",1,False,False,0.0,1.12070907
WHYNOTBIZF2N_W36,socioeco,inferred,,Inferred from occupation,high,"$100,000 or more","$100,000 or more",1,True,True,1.0,1.1207104360000337
WHYNOTBIZF2O_W36,socioeco,inferred,,Inferred from occupation,low,"Less than $30,000","Less than $30,000",1,True,True,1.0,0.6467029560000087
WHYNOTBIZF2O_W36,socioeco,inferred,,Inferred from occupation,high,"$100,000 or more","Less than $30,000",1,False,False,0.0,0.6467029760000045
WHYNOTPOLF1A_W36,socioeco,inferred,,Inferred from occupation,low,"Less than $30,000","$100,000 or more",1,False,False,0.0,0.8308794313149128
WHYNOTPOLF1A_W36,socioeco,inferred,,Inferred from occupation,high,"$100,000 or more","$100,000 or more",1,True,True,1.0,0.40081534235286825
WHYNOTPOLF1B_W36,socioeco,inferred,,Inferred from occupation,low,"Less than $30,000","Less than $30,000",1,True,True,1.0,0.6635388246369531
WHYNOTPOLF1B_W36,socioeco,inferred,,Inferred from occupation,high,"$100,000 or more","Less than $30,000",1,False,False,0.0,0.6635439926363051
WHYNOTPOLF1C_W36,socioeco,inferred,,Inferred from occupation,low,"Less than $30,000","$100,000 or more",1,False,False,0.0,0.6458286265862119
WHYNOTPOLF1C_W36,socioeco,inferred,,Inferred from occupation,high,"$100,000 or more","$100,000 or more",1,True,True,1.0,0.6970540761571322
WHYNOTPOLF1E_W36,socioeco,inferred,,Inferred from occupation,low,"Less than $30,000","Less than $30,000",1,True,True,1.0,0.4847368121406087
WHYNOTPOLF1E_W36,socioeco,inferred,,Inferred from occupation,high,"$100,000 or more","Less than $30,000",1,False,False,0.0,0.5069599578076752
WHYNOTPOLF1G_W36,socioeco,inferred,,Inferred from occupation,low,"Less than $30,000","Less than $30,000",1,True,True,1.0,0.7785838065555449
WHYNOTPOLF1G_W36,socioeco,inferred,,Inferred from occupation,high,"$100,000 or more","Less than $30,000",1,False,False,0.0,0.8610570479837305
WHYNOTPOLF1I_W36,socioeco,inferred,,Inferred from occupation,low,"Less than $30,000","Less than $30,000",1,True,True,1.0,0.27314555461806617
WHYNOTPOLF1I_W36,socioeco,inferred,,Inferred from occupation,high,"$100,000 or more","Less than $30,000",1,False,False,0.0,0.258541150421742
WHYNOTPOLF1J_W36,socioeco,inferred,,Inferred from occupation,low,"Less than $30,000","$100,000 or more",1,False,False,0.0,0.7180991191909717
WHYNOTPOLF1J_W36,socioeco,inferred,,Inferred from occupation,high,"$100,000 or more","$100,000 or more",1,True,True,1.0,0.7183475771842264
WHYNOTPOLF1K_W36,socioeco,inferred,,Inferred from occupation,low,"Less than $30,000","$100,000 or more",1,False,False,0.0,0.5248577879999999
WHYNOTPOLF1K_W36,socioeco,inferred,,Inferred from occupation,high,"$100,000 or more","$100,000 or more",1,True,True,1.0,0.6166681041057609
WHYNOTPOLF1L_W36,socioeco,inferred,,Inferred from occupation,low,"Less than $30,000","Less than $30,000",1,True,True,1.0,0.6961026909607655
WHYNOTPOLF1L_W36,socioeco,inferred,,Inferred from occupation,high,"$100,000 or more","Less than $30,000",1,False,False,0.0,0.6961152949617867
WMNPRZ1_W36,socioeco,inferred,,Inferred from occupation,low,"Less than $30,000","Less than $30,000",1,True,True,1.0,0.47119917403578243
WMNPRZ1_W36,socioeco,inferred,,Inferred from occupation,high,"$100,000 or more","Less than $30,000",1,False,False,0.0,0.5396706498459322
AUTOLKLY_W41,socioeco,inferred,,Inferred from occupation,low,"Less than $30,000","Less than $30,000",1,True,True,1.0,0.8887782970993632
AUTOLKLY_W41,socioeco,inferred,,Inferred from occupation,high,"$100,000 or more","Less than $30,000",1,False,False,0.0,0.8907769610887827
AUTOWKPLC_W41,socioeco,inferred,,Inferred from occupation,low,"Less than $30,000","$100,000 or more",1,False,False,0.0,0.31899657898120104
AUTOWKPLC_W41,socioeco,inferred,,Inferred from occupation,high,"$100,000 or more","$100,000 or more",1,True,True,1.0,0.3141328320724641
ETHNCMAJMOD_W41,socioeco,inferred,,Inferred from occupation,low,"Less than $30,000","$100,000 or more",1,False,False,0.0,0.3946128727558271
ETHNCMAJMOD_W41,socioeco,inferred,,Inferred from occupation,high,"$100,000 or more","$100,000 or more",1,True,True,1.0,0.3657985382338146
FTRWORRYc_W41,socioeco,inferred,,Inferred from occupation,low,"Less than $30,000","$100,000 or more",1,False,False,0.0,0.5999998530043681
FTRWORRYc_W41,socioeco,inferred,,Inferred from occupation,high,"$100,000 or more","$100,000 or more",1,True,True,1.0,0.5610397480911051
FTRWORRYe_W41,socioeco,inferred,,Inferred from occupation,low,"Less than $30,000","$100,000 or more",1,False,False,0.0,0.6800764701977725
FTRWORRYe_W41,socioeco,inferred,,Inferred from occupation,high,"$100,000 or more","$100,000 or more",1,True,True,1.0,0.6927398079999999
FTRWORRYf_W41,socioeco,inferred,,Inferred from occupation,low,"Less than $30,000","Less than $30,000",1,True,True,1.0,0.7073182863266104
FTRWORRYf_W41,socioeco,inferred,,Inferred from occupation,high,"$100,000 or more","Less than $30,000",1,False,False,0.0,0.8262083368446799
FUTRCLASSb_W41,socioeco,inferred,,Inferred from occupation,low,"Less than $30,000","Less than $30,000",1,True,True,1.0,0.1369871223698712
FUTRCLASSb_W41,socioeco,inferred,,Inferred from occupation,high,"$100,000 or more","Less than $30,000",1,False,False,0.0,0.062027685620276884
FUTRCLASSc_W41,socioeco,inferred,,Inferred from occupation,low,"Less than $30,000","$100,000 or more",1,False,False,0.0,0.21950453700013084
FUTRCLASSc_W41,socioeco,inferred,,Inferred from occupation,high,"$100,000 or more","$100,000 or more",1,True,True,1.0,0.21950747200020337
FUTR_DIV_W41,socioeco,inferred,,Inferred from occupation,low,"Less than $30,000","$100,000 or more",1,False,False,0.0,0.1778929200036093
FUTR_DIV_W41,socioeco,inferred,,Inferred from occupation,high,"$100,000 or more","$100,000 or more",1,True,True,1.0,0.17776703899915275
GOVPRIOb_W41,socioeco,inferred,,Inferred from occupation,low,"Less than $30,000","Less than $30,000",1,True,True,1.0,0.5271993532720144
GOVPRIOb_W41,socioeco,inferred,,Inferred from occupation,high,"$100,000 or more","Less than $30,000",1,False,False,0.0,0.5271997172720309
GOVPRIOc_W41,socioeco,inferred,,Inferred from occupation,low,"Less than $30,000","Less than $30,000",1,True,True,1.0,0.3623439440000201
GOVPRIOc_W41,socioeco,inferred,,Inferred from occupation,high,"$100,000 or more","Less than $30,000",1,False,False,0.0,0.36234396999999297
GOVPRIOe_W41,socioeco,inferred,,Inferred from occupation,low,"Less than $30,000","Less than $30,000",1,True,True,1.0,0.6470974860000928
GOVPRIOe_W41,socioeco,inferred,,Inferred from occupation,high,"$100,000 or more","Less than $30,000",1,False,False,0.0,0.6470984380000526
GOVPRIOfF1_W41,socioeco,inferred,,Inferred from occupation,low,"Less than $30,000","$100,000 or more",1,False,False,0.0,0.7522831104781104
GOVPRIOfF1_W41,socioeco,inferred,,Inferred from occupation,high,"$100,000 or more","$100,000 or more",1,True,True,1.0,0.7523802804749664
GOVPRIOgF1_W41,socioeco,inferred,,Inferred from occupation,low,"Less than $30,000","Less than $30,000",1,True,True,1.0,0.7546350684807744
GOVPRIOgF1_W41,socioeco,inferred,,Inferred from occupation,high,"$100,000 or more","Less than $30,000",1,False,False,0.0,0.7756090682511056
GOVPRIOhF1_W41,socioeco,inferred,,Inferred from occupation,low,"Less than $30,000","$100,000 or more",1,False,False,0.0,0.4542335305423352
GOVPRIOhF1_W41,socioeco,inferred,,Inferred from occupation,high,"$100,000 or more","Less than $30,000",1,False,False,0.0,0.8568760059241732
GOVPRIOiF1_W41,socioeco,inferred,,Inferred from occupation,low,"Less than $30,000","$100,000 or more",1,False,False,0.0,0.7164500700002568
GOVPRIOiF1_W41,socioeco,inferred,,Inferred from occupation,high,"$100,000 or more","$100,000 or more",1,True,True,1.0,0.7164541300000918
GOVPRIOjF1_W41,socioeco,inferred,,Inferred from occupation,low,"Less than $30,000","Less than $30,000",1,True,True,1.0,0.6400951715724774
GOVPRIOjF1_W41,socioeco,inferred,,Inferred from occupation,high,"$100,000 or more","Less than $30,000",1,False,False,0.0,0.6410220435974694
GOVPRIOkF2_W41,socioeco,inferred,,Inferred from occupation,low,"Less than $30,000","$100,000 or more",1,False,False,0.0,0.8586411605396691
GOVPRIOkF2_W41,socioeco,inferred,,Inferred from occupation,high,"$100,000 or more","$100,000 or more",1,True,True,1.0,0.8118820874204775
GOVPRIOlF2_W41,socioeco,inferred,,Inferred from occupation,low,"Less than $30,000","Less than $30,000",1,True,True,1.0,1.1437384558858268
GOVPRIOlF2_W41,socioeco,inferred,,Inferred from occupation,high,"$100,000 or more","Less than $30,000",1,False,False,0.0,1.1703705242398663
GOVPRIOmF2_W41,socioeco,inferred,,Inferred from occupation,low,"Less than $30,000","Less than $30,000",1,True,True,1.0,0.1527021746430276
GOVPRIOmF2_W41,socioeco,inferred,,Inferred from occupation,high,"$100,000 or more","Less than $30,000",1,False,False,0.0,0.16849913100455038
GOVPRIOnF2_W41,socioeco,inferred,,Inferred from occupation,low,"Less than $30,000","Less than $30,000",1,True,True,1.0,0.7566564975338661
GOVPRIOnF2_W41,socioeco,inferred,,Inferred from occupation,high,"$100,000 or more","Less than $30,000",1,False,False,0.0,1.1870012603478035
GOVPRIOoF2_W41,socioeco,inferred,,Inferred from occupation,low,"Less than $30,000","Less than $30,000",1,True,True,1.0,0.6372890560000196
GOVPRIOoF2_W41,socioeco,inferred,,Inferred from occupation,high,"$100,000 or more","Less than $30,000",1,False,False,0.0,0.6372892040000161
HAPPEN2b_W41,socioeco,inferred,,Inferred from occupation,low,"Less than $30,000","Less than $30,000",1,True,True,1.0,0.561349140004513
HAPPEN2b_W41,socioeco,inferred,,Inferred from occupation,high,"$100,000 or more","Less than $30,000",1,False,False,0.0,0.5610140719881153
HAPPEN2f_W41,socioeco,inferred,,Inferred from occupation,low,"Less than $30,000","$100,000 or more",1,False,False,0.0,0.453529553455282
HAPPEN2f_W41,socioeco,inferred,,Inferred from occupation,high,"$100,000 or more","$100,000 or more",1,True,True,1.0,0.4537913474537132
HARASS1F1b_W41,socioeco,inferred,,Inferred from occupation,low,"Less than $30,000","Less than $30,000",1,True,True,1.0,0.5314189358236524
HARASS1F1b_W41,socioeco,inferred,,Inferred from occupation,high,"$100,000 or more","Less than $30,000",1,False,False,0.0,0.5302246503020104
HARASS1F1d_W41,socioeco,inferred,,Inferred from occupation,low,"Less than $30,000","Less than $30,000",1,True,True,1.0,0.39996050599998734
HARASS1F1d_W41,socioeco,inferred,,Inferred from occupation,high,"$100,000 or more","Less than $30,000",1,False,False,0.0,0.39996059399999595
HARASS1NOWRKF2d_W41,socioeco,inferred,,Inferred from occupation,low,"Less than $30,000","Less than $30,000",1,True,True,1.0,0.3926726720000111
HARASS1NOWRKF2d_W41,socioeco,inferred,,Inferred from occupation,high,"$100,000 or more","Less than $30,000",1,False,False,0.0,0.3926727159999941
HARASS3NOWRKF2_W41,socioeco,inferred,,Inferred from occupation,low,"Less than $30,000","$100,000 or more",1,False,False,0.0,0.10954223365376464
HARASS3NOWRKF2_W41,socioeco,inferred,,Inferred from occupation,high,"$100,000 or more","$100,000 or more",1,True,True,1.0,0.21992868581693256
INTRMAR_W41,socioeco,inferred,,Inferred from occupation,low,"Less than $30,000","Less than $30,000",1,True,True,1.0,0.42438012886691845
INTRMAR_W41,socioeco,inferred,,Inferred from occupation,high,"$100,000 or more","$100,000 or more",1,True,True,1.0,0.5603323446313943
LEGALIMG_W41,socioeco,inferred,,Inferred from occupation,low,"Less than $30,000","$100,000 or more",1,False,False,0.0,0.31581132418489727
LEGALIMG_W41,socioeco,inferred,,Inferred from occupation,high,"$100,000 or more","$100,000 or more",1,True,True,1.0,0.7289992084058778
SOLVPROBa_W41,socioeco,inferred,,Inferred from occupation,low,"Less than $30,000","$100,000 or more",1,False,False,0.0,0.5365012960005305
SOLVPROBa_W41,socioeco,inferred,,Inferred from occupation,high,"$100,000 or more","$100,000 or more",1,True,True,1.0,0.5365105219999815
SOLVPROBb_W41,socioeco,inferred,,Inferred from occupation,low,"Less than $30,000","$100,000 or more",1,False,False,0.0,0.6928639217465781
SOLVPROBb_W41,socioeco,inferred,,Inferred from occupation,high,"$100,000 or more","$100,000 or more",1,True,True,1.0,0.732294961440808
SOLVPROBc_W41,socioeco,inferred,,Inferred from occupation,low,"Less than $30,000","Less than $30,000",1,True,True,1.0,0.48630431471630997
SOLVPROBc_W41,socioeco,inferred,,Inferred from occupation,high,"$100,000 or more","Less than $30,000",1,False,False,0.0,0.6385519332463232
SOLVPROBdF1_W41,socioeco,inferred,,Inferred from occupation,low,"Less than $30,000","$100,000 or more",1,False,False,0.0,0.2545501884026017
SOLVPROBdF1_W41,socioeco,inferred,,Inferred from occupation,high,"$100,000 or more","$100,000 or more",1,True,True,1.0,0.29439770735913307
SOLVPROBf_W41,socioeco,inferred,,Inferred from occupation,low,"Less than $30,000","$100,000 or more",1,False,False,0.0,0.5280318439810117
SOLVPROBf_W41,socioeco,inferred,,Inferred from occupation,high,"$100,000 or more","$100,000 or more",1,True,True,1.0,0.4550699380524035
SOLVPROBg_W41,socioeco,inferred,,Inferred from occupation,low,"Less than $30,000","$100,000 or more",1,False,False,0.0,0.8824737698521967
SOLVPROBg_W41,socioeco,inferred,,Inferred from occupation,high,"$100,000 or more","$100,000 or more",1,True,True,1.0,0.7684627625151654
SOLVPROBh_W41,socioeco,inferred,,Inferred from occupation,low,"Less than $30,000","Less than $30,000",1,True,True,1.0,0.49288783073448744
SOLVPROBh_W41,socioeco,inferred,,Inferred from occupation,high,"$100,000 or more","Less than $30,000",1,False,False,0.0,0.8920076021132565
CONFb_W42,socioeco,inferred,,Inferred from occupation,low,"Less than $30,000","$100,000 or more",1,False,False,0.0,0.7523683740012576
CONFb_W42,socioeco,inferred,,Inferred from occupation,high,"$100,000 or more","$100,000 or more",1,True,True,1.0,0.7523737920033767
CONFc_W42,socioeco,inferred,,Inferred from occupation,low,"Less than $30,000","Less than $30,000",1,True,True,1.0,0.8935587596311236
CONFc_W42,socioeco,inferred,,Inferred from occupation,high,"$100,000 or more","$100,000 or more",1,True,True,1.0,0.38745363554865936
CONFe_W42,socioeco,inferred,,Inferred from occupation,low,"Less than $30,000","$100,000 or more",1,False,False,0.0,0.8305187736956001
CONFe_W42,socioeco,inferred,,Inferred from occupation,high,"$100,000 or more","$100,000 or more",1,True,True,1.0,0.8305159016933193
CONFg_W42,socioeco,inferred,,Inferred from occupation,low,"Less than $30,000","$100,000 or more",1,False,False,0.0,0.6067780840001353
CONFg_W42,socioeco,inferred,,Inferred from occupation,high,"$100,000 or more","$100,000 or more",1,True,True,1.0,0.6066659260026286
PQ4_F2Aa_W42,socioeco,inferred,,Inferred from occupation,low,"Less than $30,000","$100,000 or more",1,False,False,0.0,0.6222632299389215
PQ4_F2Aa_W42,socioeco,inferred,,Inferred from occupation,high,"$100,000 or more","$100,000 or more",1,True,True,1.0,0.4625292369813083
PQ4_F2Ac_W42,socioeco,inferred,,Inferred from occupation,low,"Less than $30,000","$100,000 or more",1,False,False,0.0,0.5586350544134325
PQ4_F2Ac_W42,socioeco,inferred,,Inferred from occupation,high,"$100,000 or more","$100,000 or more",1,True,True,1.0,0.5586350584131539
PQ4_F2Ae_W42,socioeco,inferred,,Inferred from occupation,low,"Less than $30,000","$100,000 or more",1,False,False,0.0,0.22619630483144226
PQ4_F2Ae_W42,socioeco,inferred,,Inferred from occupation,high,"$100,000 or more","$100,000 or more",1,True,True,1.0,0.27859021797977523
PQ4_F2Bb_W42,socioeco,inferred,,Inferred from occupation,low,"Less than $30,000","$100,000 or more",1,False,False,0.0,0.4607100527941166
PQ4_F2Bb_W42,socioeco,inferred,,Inferred from occupation,high,"$100,000 or more","$100,000 or more",1,True,True,1.0,0.352719864891735
PQ4_F2Bc_W42,socioeco,inferred,,Inferred from occupation,low,"Less than $30,000","$100,000 or more",1,False,False,0.0,0.5665160323389002
PQ4_F2Bc_W42,socioeco,inferred,,Inferred from occupation,high,"$100,000 or more","$100,000 or more",1,True,True,1.0,0.5666292343335958
PQ4_F2Bd_W42,socioeco,inferred,,Inferred from occupation,low,"Less than $30,000","$100,000 or more",1,False,False,0.0,0.49773716697737147
PQ4_F2Bd_W42,socioeco,inferred,,Inferred from occupation,high,"$100,000 or more","$100,000 or more",1,True,True,1.0,0.49774785897697016
PQ4_F2Cc_W42,socioeco,inferred,,Inferred from occupation,low,"Less than $30,000","$100,000 or more",1,False,False,0.0,0.5054132800007956
PQ4_F2Cc_W42,socioeco,inferred,,Inferred from occupation,high,"$100,000 or more","$100,000 or more",1,True,True,1.0,0.5054292539997142
PQ8_F2B_W42,socioeco,inferred,,Inferred from occupation,low,"Less than $30,000","Less than $30,000",1,True,True,1.0,0.6150563921505637
PQ8_F2B_W42,socioeco,inferred,,Inferred from occupation,high,"$100,000 or more","Less than $30,000",1,False,False,0.0,0.6148537201800369
RQ1_F1B_W42,socioeco,inferred,,Inferred from occupation,low,"Less than $30,000","$100,000 or more",1,False,False,0.0,0.10243785074812706
RQ1_F1B_W42,socioeco,inferred,,Inferred from occupation,high,"$100,000 or more","$100,000 or more",1,True,True,1.0,0.21589527080033544
RQ1_F1C_W42,socioeco,inferred,,Inferred from occupation,low,"Less than $30,000","Less than $30,000",1,True,True,1.0,0.25550199086385245
RQ1_F1C_W42,socioeco,inferred,,Inferred from occupation,high,"$100,000 or more","Less than $30,000",1,False,False,0.0,0.14012631285806015
RQ2_F1A_W42,socioeco,inferred,,Inferred from occupation,low,"Less than $30,000","$100,000 or more",1,False,False,0.0,0.3355348799999579
RQ2_F1A_W42,socioeco,inferred,,Inferred from occupation,high,"$100,000 or more","$100,000 or more",1,True,True,1.0,0.3355074719993466
RQ4_F1Ab_W42,socioeco,inferred,,Inferred from occupation,low,"Less than $30,000","$100,000 or more",1,False,False,0.0,0.5003455759996995
RQ4_F1Ab_W42,socioeco,inferred,,Inferred from occupation,high,"$100,000 or more","$100,000 or more",1,True,True,1.0,0.5003462820002902
RQ4_F1Ae_W42,socioeco,inferred,,Inferred from occupation,low,"Less than $30,000","$100,000 or more",1,False,False,0.0,0.3418801302058836
RQ4_F1Ae_W42,socioeco,inferred,,Inferred from occupation,high,"$100,000 or more","$100,000 or more",1,True,True,1.0,0.48469672100066963
RQ4_F1Ba_W42,socioeco,inferred,,Inferred from occupation,low,"Less than $30,000","Less than $30,000",1,True,True,1.0,0.5824269739352133
RQ4_F1Ba_W42,socioeco,inferred,,Inferred from occupation,high,"$100,000 or more","Less than $30,000",1,False,False,0.0,0.582083425919483
RQ4_F1Bc_W42,socioeco,inferred,,Inferred from occupation,low,"Less than $30,000","$100,000 or more",1,False,False,0.0,0.5776872460002758
RQ4_F1Bc_W42,socioeco,inferred,,Inferred from occupation,high,"$100,000 or more","$100,000 or more",1,True,True,1.0,0.5776978719991853
RQ4_F1Bd_W42,socioeco,inferred,,Inferred from occupation,low,"Less than $30,000","$100,000 or more",1,False,False,0.0,0.5546806896923642
RQ4_F1Bd_W42,socioeco,inferred,,Inferred from occupation,high,"$100,000 or more","$100,000 or more",1,True,True,1.0,0.5544272361666116
RQ4_F1Be_W42,socioeco,inferred,,Inferred from occupation,low,"Less than $30,000","$100,000 or more",1,False,False,0.0,0.2980065085123628
RQ4_F1Be_W42,socioeco,inferred,,Inferred from occupation,high,"$100,000 or more","$100,000 or more",1,True,True,1.0,0.45972242586355455
RQ4_F1Ca_W42,socioeco,inferred,,Inferred from occupation,low,"Less than $30,000","$100,000 or more",1,False,False,0.0,0.40603304400075363
RQ4_F1Ca_W42,socioeco,inferred,,Inferred from occupation,high,"$100,000 or more","$100,000 or more",1,True,True,1.0,0.4054312400320051
RQ4_F1Cb_W42,socioeco,inferred,,Inferred from occupation,low,"Less than $30,000","$100,000 or more",1,False,False,0.0,0.4521845120000983
RQ4_F1Cb_W42,socioeco,inferred,,Inferred from occupation,high,"$100,000 or more","$100,000 or more",1,True,True,1.0,0.45216496
RQ4_F1Cd_W42,socioeco,inferred,,Inferred from occupation,low,"Less than $30,000","$100,000 or more",1,False,False,0.0,0.582575535883097
RQ4_F1Cd_W42,socioeco,inferred,,Inferred from occupation,high,"$100,000 or more","$100,000 or more",1,True,True,1.0,0.5819660078059794
RQ5_F1B_W42,socioeco,inferred,,Inferred from occupation,low,"Less than $30,000","Less than $30,000",1,True,True,1.0,1.3826948107338375
RQ5_F1B_W42,socioeco,inferred,,Inferred from occupation,high,"$100,000 or more","Less than $30,000",1,False,False,0.0,1.4204942287901368
RQ5_F1C_W42,socioeco,inferred,,Inferred from occupation,low,"Less than $30,000","Less than $30,000",1,True,True,1.0,1.4222029840119177
RQ5_F1C_W42,socioeco,inferred,,Inferred from occupation,high,"$100,000 or more","Less than $30,000",1,False,False,0.0,1.4249558339935877
IDIMPORT_W43,socioeco,inferred,,Inferred from occupation,low,"Less than $30,000","$100,000 or more",1,False,False,0.0,1.37520431400026
IDIMPORT_W43,socioeco,inferred,,Inferred from occupation,high,"$100,000 or more","$100,000 or more",1,True,True,1.0,1.3752859580007737
RACESURV13_W43,socioeco,inferred,,Inferred from occupation,low,"Less than $30,000","$100,000 or more",1,False,False,0.0,0.4292058314225652
RACESURV13_W43,socioeco,inferred,,Inferred from occupation,high,"$100,000 or more","$100,000 or more",1,True,True,1.0,0.5006660371431525
RACESURV14_W43,socioeco,inferred,,Inferred from occupation,low,"Less than $30,000","Less than $30,000",1,True,True,1.0,0.7718170997185748
RACESURV14_W43,socioeco,inferred,,Inferred from occupation,high,"$100,000 or more","Less than $30,000",1,False,False,0.0,0.7718259937182181
RACESURV15a_W43,socioeco,inferred,,Inferred from occupation,low,"Less than $30,000","$100,000 or more",1,False,False,0.0,0.08467830201845994
RACESURV15a_W43,socioeco,inferred,,Inferred from occupation,high,"$100,000 or more","$100,000 or more",1,True,True,1.0,0.1181246441187156
RACESURV15b_W43,socioeco,inferred,,Inferred from occupation,low,"Less than $30,000","Less than $30,000",1,True,True,1.0,0.336450101013536
RACESURV15b_W43,socioeco,inferred,,Inferred from occupation,high,"$100,000 or more","Less than $30,000",1,False,False,0.0,0.3368202340029417
RACESURV17_W43,socioeco,inferred,,Inferred from occupation,low,"Less than $30,000","Less than $30,000",1,True,True,1.0,0.634905538940594
RACESURV17_W43,socioeco,inferred,,Inferred from occupation,high,"$100,000 or more","Less than $30,000",1,False,False,0.0,0.6058515418313518
RACESURV18b_W43,socioeco,inferred,,Inferred from occupation,low,"Less than $30,000","$100,000 or more",1,False,False,0.0,0.7465733827627051
RACESURV18b_W43,socioeco,inferred,,Inferred from occupation,high,"$100,000 or more","$100,000 or more",1,True,True,1.0,0.7466350008958282
RACESURV18f_W43,socioeco,inferred,,Inferred from occupation,low,"Less than $30,000","$100,000 or more",1,False,False,0.0,0.36291751781722265
RACESURV18f_W43,socioeco,inferred,,Inferred from occupation,high,"$100,000 or more","$100,000 or more",1,True,True,1.0,0.3636662042632978
RACESURV19a_W43,socioeco,inferred,,Inferred from occupation,low,"Less than $30,000","Less than $30,000",1,True,True,1.0,0.7344163973443483
RACESURV19a_W43,socioeco,inferred,,Inferred from occupation,high,"$100,000 or more","Less than $30,000",1,False,False,0.0,0.7344166313442316
RACESURV19c_W43,socioeco,inferred,,Inferred from occupation,low,"Less than $30,000","$100,000 or more",1,False,False,0.0,0.6688752040027692
RACESURV19c_W43,socioeco,inferred,,Inferred from occupation,high,"$100,000 or more","$100,000 or more",1,True,True,1.0,0.6692355280012146
RACESURV19e_W43,socioeco,inferred,,Inferred from occupation,low,"Less than $30,000","Less than $30,000",1,True,True,1.0,0.8121090558791013
RACESURV19e_W43,socioeco,inferred,,Inferred from occupation,high,"$100,000 or more","Less than $30,000",1,False,False,0.0,0.812115567879167
RACESURV1b_W43,socioeco,inferred,,Inferred from occupation,low,"Less than $30,000","$100,000 or more",1,False,False,0.0,0.29367597306256565
RACESURV1b_W43,socioeco,inferred,,Inferred from occupation,high,"$100,000 or more","$100,000 or more",1,True,True,1.0,0.2936613660620525
RACESURV21_W43,socioeco,inferred,,Inferred from occupation,low,"Less than $30,000","Less than $30,000",1,True,True,1.0,0.708407229589534
RACESURV21_W43,socioeco,inferred,,Inferred from occupation,high,"$100,000 or more","Less than $30,000",1,False,False,0.0,0.7245880928799924
RACESURV27_W43,socioeco,inferred,,Inferred from occupation,low,"Less than $30,000","$100,000 or more",1,False,False,0.0,0.9510934772956752
RACESURV27_W43,socioeco,inferred,,Inferred from occupation,high,"$100,000 or more","$100,000 or more",1,True,True,1.0,0.9653384716940898
RACESURV28a_W43,socioeco,inferred,,Inferred from occupation,low,"Less than $30,000","$100,000 or more",1,False,False,0.0,0.21156571029623233
RACESURV28a_W43,socioeco,inferred,,Inferred from occupation,high,"$100,000 or more","$100,000 or more",1,True,True,1.0,0.25968345298996554
RACESURV28b_W43,socioeco,inferred,,Inferred from occupation,low,"Less than $30,000","$100,000 or more",1,False,False,0.0,0.2576039890669774
RACESURV28b_W43,socioeco,inferred,,Inferred from occupation,high,"$100,000 or more","$100,000 or more",1,True,True,1.0,0.2602908790018689
RACESURV28c_W43,socioeco,inferred,,Inferred from occupation,low,"Less than $30,000","$100,000 or more",1,False,False,0.0,0.2669192109987987
RACESURV28c_W43,socioeco,inferred,,Inferred from occupation,high,"$100,000 or more","$100,000 or more",1,True,True,1.0,0.26703950200000004
RACESURV28d_W43,socioeco,inferred,,Inferred from occupation,low,"Less than $30,000","$100,000 or more",1,False,False,0.0,0.1458944210028923
RACESURV28d_W43,socioeco,inferred,,Inferred from occupation,high,"$100,000 or more","$100,000 or more",1,True,True,1.0,0.14598832199999995
RACESURV28e_W43,socioeco,inferred,,Inferred from occupation,low,"Less than $30,000","$100,000 or more",1,False,False,0.0,0.17924689499639984
RACESURV28e_W43,socioeco,inferred,,Inferred from occupation,high,"$100,000 or more","$100,000 or more",1,True,True,1.0,0.17933337099750635
RACESURV28f_W43,socioeco,inferred,,Inferred from occupation,low,"Less than $30,000","$100,000 or more",1,False,False,0.0,0.27960453230984006
RACESURV28f_W43,socioeco,inferred,,Inferred from occupation,high,"$100,000 or more","$100,000 or more",1,True,True,1.0,0.29597469802529497
RACESURV28g_W43,socioeco,inferred,,Inferred from occupation,low,"Less than $30,000","$100,000 or more",1,False,False,0.0,0.318793834800839
RACESURV28g_W43,socioeco,inferred,,Inferred from occupation,high,"$100,000 or more","$100,000 or more",1,True,True,1.0,0.31892082681001194
RACESURV29d_W43,socioeco,inferred,,Inferred from occupation,low,"Less than $30,000","$100,000 or more",1,False,False,0.0,0.5948432280055735
RACESURV29d_W43,socioeco,inferred,,Inferred from occupation,high,"$100,000 or more","$100,000 or more",1,True,True,1.0,0.5951061460005607
RACESURV2_W43,socioeco,inferred,,Inferred from occupation,low,"Less than $30,000","Less than $30,000",1,True,True,1.0,0.922115904780029
RACESURV2_W43,socioeco,inferred,,Inferred from occupation,high,"$100,000 or more","Less than $30,000",1,False,False,0.0,0.9221147927785438
RACESURV34a_W43,socioeco,inferred,,Inferred from occupation,low,"Less than $30,000","Less than $30,000",1,True,True,1.0,0.4600752569990489
RACESURV34a_W43,socioeco,inferred,,Inferred from occupation,high,"$100,000 or more","Less than $30,000",1,False,False,0.0,0.4600787220004409
RACESURV34b_W43,socioeco,inferred,,Inferred from occupation,low,"Less than $30,000","$100,000 or more",1,False,False,0.0,0.5018293449848465
RACESURV34b_W43,socioeco,inferred,,Inferred from occupation,high,"$100,000 or more","$100,000 or more",1,True,True,1.0,0.5019548999798855
RACESURV34c_W43,socioeco,inferred,,Inferred from occupation,low,"Less than $30,000","Less than $30,000",1,True,True,1.0,0.557858632670583
RACESURV34c_W43,socioeco,inferred,,Inferred from occupation,high,"$100,000 or more","Less than $30,000",1,False,False,0.0,0.4488813354889203
RACESURV34d_W43,socioeco,inferred,,Inferred from occupation,low,"Less than $30,000","$100,000 or more",1,False,False,0.0,0.19082129348400667
RACESURV34d_W43,socioeco,inferred,,Inferred from occupation,high,"$100,000 or more","$100,000 or more",1,True,True,1.0,0.27154088441948254
RACESURV34e_W43,socioeco,inferred,,Inferred from occupation,low,"Less than $30,000","Less than $30,000",1,True,True,1.0,0.26719464299999995
RACESURV34e_W43,socioeco,inferred,,Inferred from occupation,high,"$100,000 or more","$100,000 or more",1,True,True,1.0,0.40400535112226393
RACESURV38_W43,socioeco,inferred,,Inferred from occupation,low,"Less than $30,000","$100,000 or more",1,False,False,0.0,0.711233672604392
RACESURV38_W43,socioeco,inferred,,Inferred from occupation,high,"$100,000 or more","$100,000 or more",1,True,True,1.0,0.8704565760000001
RACESURV40_W43,socioeco,inferred,,Inferred from occupation,low,"Less than $30,000","$100,000 or more",1,False,False,0.0,0.277085982088852
RACESURV40_W43,socioeco,inferred,,Inferred from occupation,high,"$100,000 or more","$100,000 or more",1,True,True,1.0,0.2770817380196647
RACESURV41_W43,socioeco,inferred,,Inferred from occupation,low,"Less than $30,000","$100,000 or more",1,False,False,0.0,0.44993913427955046
RACESURV41_W43,socioeco,inferred,,Inferred from occupation,high,"$100,000 or more","$100,000 or more",1,True,True,1.0,0.44996548118408314
RACESURV45_W43,socioeco,inferred,,Inferred from occupation,low,"Less than $30,000","$100,000 or more",1,False,False,0.0,0.5831656642085916
RACESURV45_W43,socioeco,inferred,,Inferred from occupation,high,"$100,000 or more","$100,000 or more",1,True,True,1.0,0.5694775052227533
RACESURV47a_W43,socioeco,inferred,,Inferred from occupation,low,"Less than $30,000","Less than $30,000",1,True,True,1.0,1.5302219679872195
RACESURV47a_W43,socioeco,inferred,,Inferred from occupation,high,"$100,000 or more","Less than $30,000",1,False,False,0.0,1.5302219839906375
RACESURV47b_W43,socioeco,inferred,,Inferred from occupation,low,"Less than $30,000","$100,000 or more",1,False,False,0.0,1.0955151239798369
RACESURV47b_W43,socioeco,inferred,,Inferred from occupation,high,"$100,000 or more","$100,000 or more",1,True,True,1.0,1.0955149919827063
RACESURV47d_W43,socioeco,inferred,,Inferred from occupation,low,"Less than $30,000","Less than $30,000",1,True,True,1.0,1.4463330176292768
RACESURV47d_W43,socioeco,inferred,,Inferred from occupation,high,"$100,000 or more","Less than $30,000",1,False,False,0.0,1.2914190122141922
RACESURV47e_W43,socioeco,inferred,,Inferred from occupation,low,"Less than $30,000","Less than $30,000",1,True,True,1.0,1.566712663975661
RACESURV47e_W43,socioeco,inferred,,Inferred from occupation,high,"$100,000 or more","Less than $30,000",1,False,False,0.0,1.6076747497714723
RACESURV47f_W43,socioeco,inferred,,Inferred from occupation,low,"Less than $30,000","$100,000 or more",1,False,False,0.0,1.0592657485771646
RACESURV47f_W43,socioeco,inferred,,Inferred from occupation,high,"$100,000 or more","$100,000 or more",1,True,True,1.0,1.0592659385828158
RACESURV48_W43,socioeco,inferred,,Inferred from occupation,low,"Less than $30,000","$100,000 or more",1,False,False,0.0,0.823053921999681
RACESURV48_W43,socioeco,inferred,,Inferred from occupation,high,"$100,000 or more","$100,000 or more",1,True,True,1.0,0.8230601379998136
RACESURV51_W43,socioeco,inferred,,Inferred from occupation,low,"Less than $30,000","Less than $30,000",1,True,True,1.0,0.16802959900002573
RACESURV51_W43,socioeco,inferred,,Inferred from occupation,high,"$100,000 or more","Less than $30,000",1,False,False,0.0,0.1680227859997641
RACESURV52_W43,socioeco,inferred,,Inferred from occupation,low,"Less than $30,000","$100,000 or more",1,False,False,0.0,0.8251387420005191
RACESURV52_W43,socioeco,inferred,,Inferred from occupation,high,"$100,000 or more","$100,000 or more",1,True,True,1.0,0.8251467679995931
RACESURV5a_W43,socioeco,inferred,,Inferred from occupation,low,"Less than $30,000","Less than $30,000",1,True,True,1.0,0.9905231080624451
RACESURV5a_W43,socioeco,inferred,,Inferred from occupation,high,"$100,000 or more","Less than $30,000",1,False,False,0.0,1.0989663869907025
RACESURV5b_W43,socioeco,inferred,,Inferred from occupation,low,"Less than $30,000","$100,000 or more",1,False,False,0.0,0.401245963167263
RACESURV5b_W43,socioeco,inferred,,Inferred from occupation,high,"$100,000 or more","$100,000 or more",1,True,True,1.0,0.3219431933678726
RACESURV5d_W43,socioeco,inferred,,Inferred from occupation,low,"Less than $30,000","$100,000 or more",1,False,False,0.0,0.6480390795235824
RACESURV5d_W43,socioeco,inferred,,Inferred from occupation,high,"$100,000 or more","$100,000 or more",1,True,True,1.0,0.6499246804973189
RACESURV5e_W43,socioeco,inferred,,Inferred from occupation,low,"Less than $30,000","$100,000 or more",1,False,False,0.0,0.602359381002154
RACESURV5e_W43,socioeco,inferred,,Inferred from occupation,high,"$100,000 or more","$100,000 or more",1,True,True,1.0,0.6023217280046093
RACESURV5f_W43,socioeco,inferred,,Inferred from occupation,low,"Less than $30,000","$100,000 or more",1,False,False,0.0,0.22325811454609407
RACESURV5f_W43,socioeco,inferred,,Inferred from occupation,high,"$100,000 or more","$100,000 or more",1,True,True,1.0,0.271280931
RACESURV5g_W43,socioeco,inferred,,Inferred from occupation,low,"Less than $30,000","$100,000 or more",1,False,False,0.0,0.5330580230062569
RACESURV5g_W43,socioeco,inferred,,Inferred from occupation,high,"$100,000 or more","$100,000 or more",1,True,True,1.0,0.5336458389941415
RACESURV5h_W43,socioeco,inferred,,Inferred from occupation,low,"Less than $30,000","$100,000 or more",1,False,False,0.0,0.6638396596372673
RACESURV5h_W43,socioeco,inferred,,Inferred from occupation,high,"$100,000 or more","$100,000 or more",1,True,True,1.0,0.6638979356439176
RACESURV5i_W43,socioeco,inferred,,Inferred from occupation,low,"Less than $30,000","Less than $30,000",1,True,True,1.0,1.1979321849879736
RACESURV5i_W43,socioeco,inferred,,Inferred from occupation,high,"$100,000 or more","Less than $30,000",1,False,False,0.0,1.1981137540260276
RACESURV5j_W43,socioeco,inferred,,Inferred from occupation,low,"Less than $30,000","$100,000 or more",1,False,False,0.0,0.48463018203584274
RACESURV5j_W43,socioeco,inferred,,Inferred from occupation,high,"$100,000 or more","$100,000 or more",1,True,True,1.0,0.48532833901350203
RACESURV5l_W43,socioeco,inferred,,Inferred from occupation,low,"Less than $30,000","Less than $30,000",1,True,True,1.0,1.6810636510629924
RACESURV5l_W43,socioeco,inferred,,Inferred from occupation,high,"$100,000 or more","Less than $30,000",1,False,False,0.0,1.682354052
RACESURV9_W43,socioeco,inferred,,Inferred from occupation,low,"Less than $30,000","$100,000 or more",1,False,False,0.0,0.2987456745241316
RACESURV9_W43,socioeco,inferred,,Inferred from occupation,high,"$100,000 or more","$100,000 or more",1,True,True,1.0,0.2670062210026235
INFOCHALa_W45,socioeco,inferred,,Inferred from occupation,low,"Less than $30,000","$100,000 or more",1,False,False,0.0,0.3097283959999442
INFOCHALa_W45,socioeco,inferred,,Inferred from occupation,high,"$100,000 or more","$100,000 or more",1,True,True,1.0,0.30973131600004833
INFOCREATEa_W45,socioeco,inferred,,Inferred from occupation,low,"Less than $30,000","Less than $30,000",1,True,True,1.0,0.5558295241830606
INFOCREATEa_W45,socioeco,inferred,,Inferred from occupation,high,"$100,000 or more","Less than $30,000",1,False,False,0.0,0.5291208788774855
MADEUPOFT_W45,socioeco,inferred,,Inferred from occupation,low,"Less than $30,000","$100,000 or more",1,False,False,0.0,0.4675082770338026
MADEUPOFT_W45,socioeco,inferred,,Inferred from occupation,high,"$100,000 or more","$100,000 or more",1,True,True,1.0,0.2734553681715046
MADEUPTOPICb_W45,socioeco,inferred,,Inferred from occupation,low,"Less than $30,000","$100,000 or more",1,False,False,0.0,0.4464670360105606
MADEUPTOPICb_W45,socioeco,inferred,,Inferred from occupation,high,"$100,000 or more","$100,000 or more",1,True,True,1.0,0.44659893400343487
MADEUPTOPICc_W45,socioeco,inferred,,Inferred from occupation,low,"Less than $30,000","Less than $30,000",1,True,True,1.0,0.7131257752270551
MADEUPTOPICc_W45,socioeco,inferred,,Inferred from occupation,high,"$100,000 or more","Less than $30,000",1,False,False,0.0,0.9214119270484068
MADEUPTOPICd_W45,socioeco,inferred,,Inferred from occupation,low,"Less than $30,000","Less than $30,000",1,True,True,1.0,0.865669889452281
MADEUPTOPICd_W45,socioeco,inferred,,Inferred from occupation,high,"$100,000 or more","Less than $30,000",1,False,False,0.0,0.8825306440702166
NEWSPROBd_W45,socioeco,inferred,,Inferred from occupation,low,"Less than $30,000","$100,000 or more",1,False,False,0.0,0.6237150297988387
NEWSPROBd_W45,socioeco,inferred,,Inferred from occupation,high,"$100,000 or more","$100,000 or more",1,True,True,1.0,0.590943146
NEWSPROBe_W45,socioeco,inferred,,Inferred from occupation,low,"Less than $30,000","$100,000 or more",1,False,False,0.0,0.8940959071531349
NEWSPROBe_W45,socioeco,inferred,,Inferred from occupation,high,"$100,000 or more","$100,000 or more",1,True,True,1.0,0.9450723613683458
NEWS_PLATFORMg_W45,socioeco,inferred,,Inferred from occupation,low,"Less than $30,000","Less than $30,000",1,True,True,1.0,0.7074943740732855
NEWS_PLATFORMg_W45,socioeco,inferred,,Inferred from occupation,high,"$100,000 or more","Less than $30,000",1,False,False,0.0,1.173981468793897
SMLIKESb_W45,socioeco,inferred,,Inferred from occupation,low,"Less than $30,000","Less than $30,000",1,True,True,1.0,1.0026922281629906
SMLIKESb_W45,socioeco,inferred,,Inferred from occupation,high,"$100,000 or more","Less than $30,000",1,False,False,0.0,1.0068649020092257
SMLIKESf_W45,socioeco,inferred,,Inferred from occupation,low,"Less than $30,000","$100,000 or more",1,False,False,0.0,0.40532965410776645
SMLIKESf_W45,socioeco,inferred,,Inferred from occupation,high,"$100,000 or more","$100,000 or more",1,True,True,1.0,0.5626034700140181
BENEFITGOV_W49,socioeco,inferred,,Inferred from occupation,low,"Less than $30,000","$100,000 or more",1,False,False,0.0,0.35112002792624114
BENEFITGOV_W49,socioeco,inferred,,Inferred from occupation,high,"$100,000 or more","$100,000 or more",1,True,True,1.0,0.47326482512467605
CONCERNCO_W49,socioeco,inferred,,Inferred from occupation,low,"Less than $30,000","$100,000 or more",1,False,False,0.0,0.21810089790136306
CONCERNCO_W49,socioeco,inferred,,Inferred from occupation,high,"$100,000 or more","$100,000 or more",1,True,True,1.0,0.6155821385154192
CONCERNGRPa_W49,socioeco,inferred,,Inferred from occupation,low,"Less than $30,000","$100,000 or more",1,False,False,0.0,0.6032538520825955
CONCERNGRPa_W49,socioeco,inferred,,Inferred from occupation,high,"$100,000 or more","$100,000 or more",1,True,True,1.0,0.5359292766069358
CONCERNGRPc_W49,socioeco,inferred,,Inferred from occupation,low,"Less than $30,000","$100,000 or more",1,False,False,0.0,0.46637335937317903
CONCERNGRPc_W49,socioeco,inferred,,Inferred from occupation,high,"$100,000 or more","$100,000 or more",1,True,True,1.0,0.43363867050808247
CONTROLCO_W49,socioeco,inferred,,Inferred from occupation,low,"Less than $30,000","$100,000 or more",1,False,False,0.0,0.47618192324985825
CONTROLCO_W49,socioeco,inferred,,Inferred from occupation,high,"$100,000 or more","$100,000 or more",1,True,True,1.0,0.9061846643803272
CONTROLGRPc_W49,socioeco,inferred,,Inferred from occupation,low,"Less than $30,000","$100,000 or more",1,False,False,0.0,0.5619401879721388
CONTROLGRPc_W49,socioeco,inferred,,Inferred from occupation,high,"$100,000 or more","Less than $30,000",1,False,False,0.0,0.2464876637708681
DATAUSEd_W49,socioeco,inferred,,Inferred from occupation,low,"Less than $30,000","Less than $30,000",1,True,True,1.0,0.4145302439986146
DATAUSEd_W49,socioeco,inferred,,Inferred from occupation,high,"$100,000 or more","Less than $30,000",1,False,False,0.0,0.41453006799847747
FACE3c_W49,socioeco,inferred,,Inferred from occupation,low,"Less than $30,000","Less than $30,000",1,True,True,1.0,0.9907252479036083
FACE3c_W49,socioeco,inferred,,Inferred from occupation,high,"$100,000 or more","Less than $30,000",1,False,False,0.0,0.9907022819234111
GOVREGV1_W49,socioeco,inferred,,Inferred from occupation,low,"Less than $30,000","$100,000 or more",1,False,False,0.0,0.11174746800017266
GOVREGV1_W49,socioeco,inferred,,Inferred from occupation,high,"$100,000 or more","$100,000 or more",1,True,True,1.0,0.1117642369998319
HOMEASSIST2_W49,socioeco,inferred,,Inferred from occupation,low,"Less than $30,000","$100,000 or more",1,False,False,0.0,0.5376736459802915
HOMEASSIST2_W49,socioeco,inferred,,Inferred from occupation,high,"$100,000 or more","Less than $30,000",1,False,False,0.0,0.7638602171993085
HOMEASSIST3_W49,socioeco,inferred,,Inferred from occupation,low,"Less than $30,000","$100,000 or more",1,False,False,0.0,0.3060780636468662
HOMEASSIST3_W49,socioeco,inferred,,Inferred from occupation,high,"$100,000 or more","$100,000 or more",1,True,True,1.0,0.2639074901989343
HOMEASSIST4_W49,socioeco,inferred,,Inferred from occupation,low,"Less than $30,000","Less than $30,000",1,True,True,1.0,0.8301227241800222
HOMEASSIST4_W49,socioeco,inferred,,Inferred from occupation,high,"$100,000 or more","Less than $30,000",1,False,False,0.0,1.2404428496148998
PP5e_W49,socioeco,inferred,,Inferred from occupation,low,"Less than $30,000","$100,000 or more",1,False,False,0.0,0.5740614118242036
PP5e_W49,socioeco,inferred,,Inferred from occupation,high,"$100,000 or more","$100,000 or more",1,True,True,1.0,0.4931127234377166
PWMAN2_W49,socioeco,inferred,,Inferred from occupation,low,"Less than $30,000","Less than $30,000",1,True,True,1.0,0.9273521158947474
PWMAN2_W49,socioeco,inferred,,Inferred from occupation,high,"$100,000 or more","$100,000 or more",1,True,True,1.0,0.9096324580133283
SMARTAPP_W49,socioeco,inferred,,Inferred from occupation,low,"Less than $30,000","$100,000 or more",1,False,False,0.0,0.9297232002766153
SMARTAPP_W49,socioeco,inferred,,Inferred from occupation,high,"$100,000 or more","$100,000 or more",1,True,True,1.0,0.18973680847857244
TRACKCO1a_W49,socioeco,inferred,,Inferred from occupation,low,"Less than $30,000","$100,000 or more",1,False,False,0.0,0.2700655844283549
TRACKCO1a_W49,socioeco,inferred,,Inferred from occupation,high,"$100,000 or more","$100,000 or more",1,True,True,1.0,0.30781607008897516
TRACKCO1b_W49,socioeco,inferred,,Inferred from occupation,low,"Less than $30,000","$100,000 or more",1,False,False,0.0,0.4354892870980765
TRACKCO1b_W49,socioeco,inferred,,Inferred from occupation,high,"$100,000 or more","$100,000 or more",1,True,True,1.0,1.0058050505240566
TRACKGOV1a_W49,socioeco,inferred,,Inferred from occupation,low,"Less than $30,000","$100,000 or more",1,False,False,0.0,0.9448044700003055
TRACKGOV1a_W49,socioeco,inferred,,Inferred from occupation,high,"$100,000 or more","$100,000 or more",1,True,True,1.0,0.9446713340025767
TRACKGOV1b_W49,socioeco,inferred,,Inferred from occupation,low,"Less than $30,000","$100,000 or more",1,False,False,0.0,0.6155607798443922
TRACKGOV1b_W49,socioeco,inferred,,Inferred from occupation,high,"$100,000 or more","$100,000 or more",1,True,True,1.0,0.7689537195713786
COHABDUR_W50,socioeco,inferred,,Inferred from occupation,low,"Less than $30,000","$100,000 or more",1,False,False,0.0,2.0582398058319473
COHABDUR_W50,socioeco,inferred,,Inferred from occupation,high,"$100,000 or more","$100,000 or more",1,True,True,1.0,1.804196063958039
DNA2b_W50,socioeco,inferred,,Inferred from occupation,low,"Less than $30,000","Less than $30,000",1,True,True,1.0,0.40702062399967737
DNA2b_W50,socioeco,inferred,,Inferred from occupation,high,"$100,000 or more","Less than $30,000",1,False,False,0.0,0.40701494400020344
DNA5_W50,socioeco,inferred,,Inferred from occupation,low,"Less than $30,000","$100,000 or more",1,False,False,0.0,0.12160095799909305
DNA5_W50,socioeco,inferred,,Inferred from occupation,high,"$100,000 or more","$100,000 or more",1,True,True,1.0,0.12161347799981014
E5MOD_W50,socioeco,inferred,,Inferred from occupation,low,"Less than $30,000","$100,000 or more",1,False,False,0.0,0.21937681744606852
E5MOD_W50,socioeco,inferred,,Inferred from occupation,high,"$100,000 or more","$100,000 or more",1,True,True,1.0,0.47184220745982564
FAMSURV10c_W50,socioeco,inferred,,Inferred from occupation,low,"Less than $30,000","$100,000 or more",1,False,False,0.0,0.63149970968963
FAMSURV10c_W50,socioeco,inferred,,Inferred from occupation,high,"$100,000 or more","$100,000 or more",1,True,True,1.0,0.6291069456618676
FAMSURV16_W50,socioeco,inferred,,Inferred from occupation,low,"Less than $30,000","$100,000 or more",1,False,False,0.0,0.18241091563362927
FAMSURV16_W50,socioeco,inferred,,Inferred from occupation,high,"$100,000 or more","$100,000 or more",1,True,True,1.0,0.1458358201652682
FAMSURV1_W50,socioeco,inferred,,Inferred from occupation,low,"Less than $30,000","Less than $30,000",1,True,True,1.0,0.43833345456375256
FAMSURV1_W50,socioeco,inferred,,Inferred from occupation,high,"$100,000 or more","$100,000 or more",1,True,True,1.0,0.5690187956213033
FAMSURV20_W50,socioeco,inferred,,Inferred from occupation,low,"Less than $30,000","Less than $30,000",1,True,True,1.0,0.3663597405380866
FAMSURV20_W50,socioeco,inferred,,Inferred from occupation,high,"$100,000 or more","Less than $30,000",1,False,False,0.0,0.32501669765526564
FAMSURV23b_W50,socioeco,inferred,,Inferred from occupation,low,"Less than $30,000","$100,000 or more",1,False,False,0.0,0.34156381038290273
FAMSURV23b_W50,socioeco,inferred,,Inferred from occupation,high,"$100,000 or more","$100,000 or more",1,True,True,1.0,0.3464860244884448
FAMSURV23c_W50,socioeco,inferred,,Inferred from occupation,low,"Less than $30,000","$100,000 or more",1,False,False,0.0,0.06845023600209128
FAMSURV23c_W50,socioeco,inferred,,Inferred from occupation,high,"$100,000 or more","$100,000 or more",1,True,True,1.0,0.0684221599987859
FAMSURV23d_W50,socioeco,inferred,,Inferred from occupation,low,"Less than $30,000","$100,000 or more",1,False,False,0.0,0.15721393237798492
FAMSURV23d_W50,socioeco,inferred,,Inferred from occupation,high,"$100,000 or more","$100,000 or more",1,True,True,1.0,0.11564778904315093
FAMSURV23e_W50,socioeco,inferred,,Inferred from occupation,low,"Less than $30,000","$100,000 or more",1,False,False,0.0,0.7708392889138973
FAMSURV23e_W50,socioeco,inferred,,Inferred from occupation,high,"$100,000 or more","$100,000 or more",1,True,True,1.0,0.8738876064694381
FAMSURV23f_W50,socioeco,inferred,,Inferred from occupation,low,"Less than $30,000","$100,000 or more",1,False,False,0.0,0.6953548660000001
FAMSURV23f_W50,socioeco,inferred,,Inferred from occupation,high,"$100,000 or more","$100,000 or more",1,True,True,1.0,0.8646496612293755
FAMSURV23g_W50,socioeco,inferred,,Inferred from occupation,low,"Less than $30,000","Less than $30,000",1,True,True,1.0,0.6641868920486854
FAMSURV23g_W50,socioeco,inferred,,Inferred from occupation,high,"$100,000 or more","Less than $30,000",1,False,False,0.0,0.5215532143600354
FAMSURV26a_W50,socioeco,inferred,,Inferred from occupation,low,"Less than $30,000","Less than $30,000",1,True,True,1.0,0.3032518398435158
FAMSURV26a_W50,socioeco,inferred,,Inferred from occupation,high,"$100,000 or more","Less than $30,000",1,False,False,0.0,0.7720313304897031
FAMSURV26b_W50,socioeco,inferred,,Inferred from occupation,low,"Less than $30,000","Less than $30,000",1,True,True,1.0,0.5489856458274102
FAMSURV26b_W50,socioeco,inferred,,Inferred from occupation,high,"$100,000 or more","Less than $30,000",1,False,False,0.0,0.6582357788615883
FAMSURV26c_W50,socioeco,inferred,,Inferred from occupation,low,"Less than $30,000","$100,000 or more",1,False,False,0.0,0.3033283061098834
FAMSURV26c_W50,socioeco,inferred,,Inferred from occupation,high,"$100,000 or more","$100,000 or more",1,True,True,1.0,0.6547732159620683
FAMSURV26d_W50,socioeco,inferred,,Inferred from occupation,low,"Less than $30,000","$100,000 or more",1,False,False,0.0,0.7732001713678405
FAMSURV26d_W50,socioeco,inferred,,Inferred from occupation,high,"$100,000 or more","$100,000 or more",1,True,True,1.0,0.7883231803860145
FAMSURV29_W50,socioeco,inferred,,Inferred from occupation,low,"Less than $30,000","$100,000 or more",1,False,False,0.0,0.5809447310020014
FAMSURV29_W50,socioeco,inferred,,Inferred from occupation,high,"$100,000 or more","$100,000 or more",1,True,True,1.0,0.7293444001912599
FAMSURV2Ma_W50,socioeco,inferred,,Inferred from occupation,low,"Less than $30,000","$100,000 or more",1,False,False,0.0,0.4072209400152311
FAMSURV2Ma_W50,socioeco,inferred,,Inferred from occupation,high,"$100,000 or more","$100,000 or more",1,True,True,1.0,0.3365801244219677
FAMSURV2Mc_W50,socioeco,inferred,,Inferred from occupation,low,"Less than $30,000","$100,000 or more",1,False,False,0.0,0.37732339798527537
FAMSURV2Mc_W50,socioeco,inferred,,Inferred from occupation,high,"$100,000 or more","$100,000 or more",1,True,True,1.0,0.29919538834196147
FAMSURV2Wa_W50,socioeco,inferred,,Inferred from occupation,low,"Less than $30,000","$100,000 or more",1,False,False,0.0,0.38451175785107794
FAMSURV2Wa_W50,socioeco,inferred,,Inferred from occupation,high,"$100,000 or more","$100,000 or more",1,True,True,1.0,0.2769885024726422
FAMSURV2Wc_W50,socioeco,inferred,,Inferred from occupation,low,"Less than $30,000","$100,000 or more",1,False,False,0.0,0.4031088700102304
FAMSURV2Wc_W50,socioeco,inferred,,Inferred from occupation,high,"$100,000 or more","$100,000 or more",1,True,True,1.0,0.40034249391857457
FAMSURV32e_W50,socioeco,inferred,,Inferred from occupation,low,"Less than $30,000","$100,000 or more",1,False,False,0.0,0.39224605140187846
FAMSURV32e_W50,socioeco,inferred,,Inferred from occupation,high,"$100,000 or more","$100,000 or more",1,True,True,1.0,0.3778425890887374
FAMSURV39_W50,socioeco,inferred,,Inferred from occupation,low,"Less than $30,000","$100,000 or more",1,False,False,0.0,0.5593035212987438
FAMSURV39_W50,socioeco,inferred,,Inferred from occupation,high,"$100,000 or more","$100,000 or more",1,True,True,1.0,0.5640501855610726
FAMSURV3_W50,socioeco,inferred,,Inferred from occupation,low,"Less than $30,000","$100,000 or more",1,False,False,0.0,0.3468785859701041
FAMSURV3_W50,socioeco,inferred,,Inferred from occupation,high,"$100,000 or more","$100,000 or more",1,True,True,1.0,0.3504028760710962
FAMSURV40_W50,socioeco,inferred,,Inferred from occupation,low,"Less than $30,000","Less than $30,000",1,True,True,1.0,1.343711323437988
FAMSURV40_W50,socioeco,inferred,,Inferred from occupation,high,"$100,000 or more","Less than $30,000",1,False,False,0.0,1.343725097437651
FAMSURV43_W50,socioeco,inferred,,Inferred from occupation,low,"Less than $30,000","$100,000 or more",1,False,False,0.0,0.476632449161213
FAMSURV43_W50,socioeco,inferred,,Inferred from occupation,high,"$100,000 or more","Less than $30,000",1,False,False,0.0,0.3239538728242116
FAMSURV44_W50,socioeco,inferred,,Inferred from occupation,low,"Less than $30,000","Less than $30,000",1,True,True,1.0,0.7705921686659423
FAMSURV44_W50,socioeco,inferred,,Inferred from occupation,high,"$100,000 or more","Less than $30,000",1,False,False,0.0,0.25816365249656387
FAMSURV6_W50,socioeco,inferred,,Inferred from occupation,low,"Less than $30,000","Less than $30,000",1,True,True,1.0,0.7831915837334699
FAMSURV6_W50,socioeco,inferred,,Inferred from occupation,high,"$100,000 or more","Less than $30,000",1,False,False,0.0,0.7952066057505218
FAMSURV9c_W50,socioeco,inferred,,Inferred from occupation,low,"Less than $30,000","$100,000 or more",1,False,False,0.0,0.5858424599967602
FAMSURV9c_W50,socioeco,inferred,,Inferred from occupation,high,"$100,000 or more","$100,000 or more",1,True,True,1.0,0.5728366403399825
FATHER_W50,socioeco,inferred,,Inferred from occupation,low,"Less than $30,000","$100,000 or more",1,False,False,0.0,0.46930689602404996
FATHER_W50,socioeco,inferred,,Inferred from occupation,high,"$100,000 or more","$100,000 or more",1,True,True,1.0,0.46852031998729404
HAVEKIDS1_W50,socioeco,inferred,,Inferred from occupation,low,"Less than $30,000","Less than $30,000",1,True,True,1.0,0.8730793052457179
HAVEKIDS1_W50,socioeco,inferred,,Inferred from occupation,high,"$100,000 or more","Less than $30,000",1,False,False,0.0,0.770933848848604
MARRDUR_W50,socioeco,inferred,,Inferred from occupation,low,"Less than $30,000","Less than $30,000",1,True,True,1.0,3.1690217037608304
MARRDUR_W50,socioeco,inferred,,Inferred from occupation,high,"$100,000 or more","Less than $30,000",1,False,False,0.0,1.2309253650780994
MARRYPREF1_W50,socioeco,inferred,,Inferred from occupation,low,"Less than $30,000","Less than $30,000",1,True,True,1.0,0.3261797270001099
MARRYPREF1_W50,socioeco,inferred,,Inferred from occupation,high,"$100,000 or more","Less than $30,000",1,False,False,0.0,0.3261594130008605
MARRYPREF2_W50,socioeco,inferred,,Inferred from occupation,low,"Less than $30,000","$100,000 or more",1,False,False,0.0,0.3349984550001285
MARRYPREF2_W50,socioeco,inferred,,Inferred from occupation,high,"$100,000 or more","$100,000 or more",1,True,True,1.0,0.3348764139994261
MOTHER_W50,socioeco,inferred,,Inferred from occupation,low,"Less than $30,000","$100,000 or more",1,False,False,0.0,0.3459972580076497
MOTHER_W50,socioeco,inferred,,Inferred from occupation,high,"$100,000 or more","$100,000 or more",1,True,True,1.0,0.3434750059164611
PAR1_W50,socioeco,inferred,,Inferred from occupation,low,"Less than $30,000","$100,000 or more",1,False,False,0.0,0.15428274499780717
PAR1_W50,socioeco,inferred,,Inferred from occupation,high,"$100,000 or more","$100,000 or more",1,True,True,1.0,0.1543115139992556
PAR2_W50,socioeco,inferred,,Inferred from occupation,low,"Less than $30,000","$100,000 or more",1,False,False,0.0,0.1490499940012628
PAR2_W50,socioeco,inferred,,Inferred from occupation,high,"$100,000 or more","$100,000 or more",1,True,True,1.0,0.14892092799999998
ROMRELDUR_W50,socioeco,inferred,,Inferred from occupation,low,"Less than $30,000","$100,000 or more",1,False,False,0.0,2.8181272565356266
ROMRELDUR_W50,socioeco,inferred,,Inferred from occupation,high,"$100,000 or more","$100,000 or more",1,True,True,1.0,2.780773175283289
ROMRELSER_W50,socioeco,inferred,,Inferred from occupation,low,"Less than $30,000","$100,000 or more",1,False,False,0.0,0.5993133372385281
ROMRELSER_W50,socioeco,inferred,,Inferred from occupation,high,"$100,000 or more","$100,000 or more",1,True,True,1.0,0.3482362567787739
SATLIFEc_W50,socioeco,inferred,,Inferred from occupation,low,"Less than $30,000","Less than $30,000",1,True,True,1.0,0.7010669345158824
SATLIFEc_W50,socioeco,inferred,,Inferred from occupation,high,"$100,000 or more","$100,000 or more",1,True,True,1.0,0.5711114449710077
ECIMPg_W54,socioeco,inferred,,Inferred from occupation,low,"Less than $30,000","Less than $30,000",1,True,True,1.0,0.07312711973135388
ECIMPg_W54,socioeco,inferred,,Inferred from occupation,high,"$100,000 or more","Less than $30,000",1,False,False,0.0,0.07312747173129419
ECON1_W54,socioeco,inferred,,Inferred from occupation,low,"Less than $30,000","Less than $30,000",1,True,True,1.0,0.608370987927022
ECON1_W54,socioeco,inferred,,Inferred from occupation,high,"$100,000 or more","Less than $30,000",1,False,False,0.0,0.6167406500531066
ECON3_d_W54,socioeco,inferred,,Inferred from occupation,low,"Less than $30,000","$100,000 or more",1,False,False,0.0,0.6534923608481906
ECON3_d_W54,socioeco,inferred,,Inferred from occupation,high,"$100,000 or more","$100,000 or more",1,True,True,1.0,0.7187763985673672
ECON4_a_W54,socioeco,inferred,,Inferred from occupation,low,"Less than $30,000","Less than $30,000",1,True,True,1.0,0.6323615153522024
ECON4_a_W54,socioeco,inferred,,Inferred from occupation,high,"$100,000 or more","Less than $30,000",1,False,False,0.0,0.8498771298272682
ECON4_b_W54,socioeco,inferred,,Inferred from occupation,low,"Less than $30,000","Less than $30,000",1,True,True,1.0,0.8164854672145678
ECON4_b_W54,socioeco,inferred,,Inferred from occupation,high,"$100,000 or more","Less than $30,000",1,False,False,0.0,0.7022071334431472
ECON4_e_W54,socioeco,inferred,,Inferred from occupation,low,"Less than $30,000","$100,000 or more",1,False,False,0.0,0.872640841056487
ECON4_e_W54,socioeco,inferred,,Inferred from occupation,high,"$100,000 or more","$100,000 or more",1,True,True,1.0,0.45750082234934103
ECON4_f_W54,socioeco,inferred,,Inferred from occupation,low,"Less than $30,000","Less than $30,000",1,True,True,1.0,0.5587468730749146
ECON4_f_W54,socioeco,inferred,,Inferred from occupation,high,"$100,000 or more","Less than $30,000",1,False,False,0.0,0.6815801328820927
ECON4_g_W54,socioeco,inferred,,Inferred from occupation,low,"Less than $30,000","$100,000 or more",1,False,False,0.0,0.7150659725539616
ECON4_g_W54,socioeco,inferred,,Inferred from occupation,high,"$100,000 or more","$100,000 or more",1,True,True,1.0,0.650913155198398
ECON5_b_W54,socioeco,inferred,,Inferred from occupation,low,"Less than $30,000","Less than $30,000",1,True,True,1.0,0.3048100838900045
ECON5_b_W54,socioeco,inferred,,Inferred from occupation,high,"$100,000 or more","$100,000 or more",1,True,True,1.0,0.21726713822797394
ECON5_c_W54,socioeco,inferred,,Inferred from occupation,low,"Less than $30,000","Less than $30,000",1,True,True,1.0,0.7000100149960822
ECON5_c_W54,socioeco,inferred,,Inferred from occupation,high,"$100,000 or more","Less than $30,000",1,False,False,0.0,0.672208864412456
ECON5_d_W54,socioeco,inferred,,Inferred from occupation,low,"Less than $30,000","Less than $30,000",1,True,True,1.0,0.4016319266622517
ECON5_d_W54,socioeco,inferred,,Inferred from occupation,high,"$100,000 or more","Less than $30,000",1,False,False,0.0,0.6702294350763854
ECON5_e_W54,socioeco,inferred,,Inferred from occupation,low,"Less than $30,000","$100,000 or more",1,False,False,0.0,0.6603803400460898
ECON5_e_W54,socioeco,inferred,,Inferred from occupation,high,"$100,000 or more","$100,000 or more",1,True,True,1.0,0.553676685312664
ECON5_f_W54,socioeco,inferred,,Inferred from occupation,low,"Less than $30,000","Less than $30,000",1,True,True,1.0,0.7405504914771023
ECON5_f_W54,socioeco,inferred,,Inferred from occupation,high,"$100,000 or more","Less than $30,000",1,False,False,0.0,0.7296131182961311
ECON5_g_W54,socioeco,inferred,,Inferred from occupation,low,"Less than $30,000","$100,000 or more",1,False,False,0.0,0.6155742514590453
ECON5_g_W54,socioeco,inferred,,Inferred from occupation,high,"$100,000 or more","$100,000 or more",1,True,True,1.0,0.6575042290079491
ECON5_h_W54,socioeco,inferred,,Inferred from occupation,low,"Less than $30,000","Less than $30,000",1,True,True,1.0,0.5329373660823711
ECON5_h_W54,socioeco,inferred,,Inferred from occupation,high,"$100,000 or more","Less than $30,000",1,False,False,0.0,0.47804678980535353
ECON5_i_W54,socioeco,inferred,,Inferred from occupation,low,"Less than $30,000","$100,000 or more",1,False,False,0.0,0.8397242340084355
ECON5_i_W54,socioeco,inferred,,Inferred from occupation,high,"$100,000 or more","$100,000 or more",1,True,True,1.0,0.8397507339885042
ECON5_j_W54,socioeco,inferred,,Inferred from occupation,low,"Less than $30,000","Less than $30,000",1,True,True,1.0,0.7401975987469742
ECON5_j_W54,socioeco,inferred,,Inferred from occupation,high,"$100,000 or more","Less than $30,000",1,False,False,0.0,0.6590844056349051
ECON5_k_W54,socioeco,inferred,,Inferred from occupation,low,"Less than $30,000","Less than $30,000",1,True,True,1.0,0.6379303570360976
ECON5_k_W54,socioeco,inferred,,Inferred from occupation,high,"$100,000 or more","Less than $30,000",1,False,False,0.0,0.7265488372134219
FIN_SIT_W54,socioeco,inferred,,Inferred from occupation,low,"Less than $30,000","$100,000 or more",1,False,False,0.0,0.6866439375800307
FIN_SIT_W54,socioeco,inferred,,Inferred from occupation,high,"$100,000 or more","$100,000 or more",1,True,True,1.0,0.6353672659257112
GOVPRIORITYb_W54,socioeco,inferred,,Inferred from occupation,low,"Less than $30,000","Less than $30,000",1,True,True,1.0,0.6649149141973658
GOVPRIORITYb_W54,socioeco,inferred,,Inferred from occupation,high,"$100,000 or more","Less than $30,000",1,False,False,0.0,0.3205256763587418
GOVPRIORITYc_W54,socioeco,inferred,,Inferred from occupation,low,"Less than $30,000","Less than $30,000",1,True,True,1.0,0.5888940899999585
GOVPRIORITYc_W54,socioeco,inferred,,Inferred from occupation,high,"$100,000 or more","Less than $30,000",1,False,False,0.0,0.5888954479999833
GOVPRIORITYd_W54,socioeco,inferred,,Inferred from occupation,low,"Less than $30,000","Less than $30,000",1,True,True,1.0,0.7380713819998346
GOVPRIORITYd_W54,socioeco,inferred,,Inferred from occupation,high,"$100,000 or more","Less than $30,000",1,False,False,0.0,0.7380716899999101
GOVPRIORITYf_W54,socioeco,inferred,,Inferred from occupation,low,"Less than $30,000","Less than $30,000",1,True,True,1.0,0.4984665519997922
GOVPRIORITYf_W54,socioeco,inferred,,Inferred from occupation,high,"$100,000 or more","Less than $30,000",1,False,False,0.0,0.49847282999979436
INEQ11_W54,socioeco,inferred,,Inferred from occupation,low,"Less than $30,000","Less than $30,000",1,True,True,1.0,0.05921683000031306
INEQ11_W54,socioeco,inferred,,Inferred from occupation,high,"$100,000 or more","Less than $30,000",1,False,False,0.0,0.0591979099987403
INEQ1_W54,socioeco,inferred,,Inferred from occupation,low,"Less than $30,000","$100,000 or more",1,False,False,0.0,0.20137355801368761
INEQ1_W54,socioeco,inferred,,Inferred from occupation,high,"$100,000 or more","$100,000 or more",1,True,True,1.0,0.20137411201380961
INEQ4_a_W54,socioeco,inferred,,Inferred from occupation,low,"Less than $30,000","$100,000 or more",1,False,False,0.0,0.3045961240278033
INEQ4_a_W54,socioeco,inferred,,Inferred from occupation,high,"$100,000 or more","$100,000 or more",1,True,True,1.0,0.3236759134898711
INEQ5_a_W54,socioeco,inferred,,Inferred from occupation,low,"Less than $30,000","$100,000 or more",1,False,False,0.0,0.6013455045046665
INEQ5_a_W54,socioeco,inferred,,Inferred from occupation,high,"$100,000 or more","$100,000 or more",1,True,True,1.0,0.6107670317935452
INEQ5_d_W54,socioeco,inferred,,Inferred from occupation,low,"Less than $30,000","Less than $30,000",1,True,True,1.0,0.7248309484403116
INEQ5_d_W54,socioeco,inferred,,Inferred from occupation,high,"$100,000 or more","Less than $30,000",1,False,False,0.0,0.760501431402188
INEQ5_e_W54,socioeco,inferred,,Inferred from occupation,low,"Less than $30,000","Less than $30,000",1,True,True,1.0,0.674990263056724
INEQ5_e_W54,socioeco,inferred,,Inferred from occupation,high,"$100,000 or more","Less than $30,000",1,False,False,0.0,0.6630999790362782
INEQ5_f_W54,socioeco,inferred,,Inferred from occupation,low,"Less than $30,000","Less than $30,000",1,True,True,1.0,0.7992326160115469
INEQ5_f_W54,socioeco,inferred,,Inferred from occupation,high,"$100,000 or more","Less than $30,000",1,False,False,0.0,0.8009232820161752
INEQ5_h_W54,socioeco,inferred,,Inferred from occupation,low,"Less than $30,000","Less than $30,000",1,True,True,1.0,0.6928887069271987
INEQ5_h_W54,socioeco,inferred,,Inferred from occupation,high,"$100,000 or more","Less than $30,000",1,False,False,0.0,0.6928795529287956
INEQ5_i_W54,socioeco,inferred,,Inferred from occupation,low,"Less than $30,000","$100,000 or more | Less than $30,000",2,False,True,0.5,0.6688685579318798
INEQ5_i_W54,socioeco,inferred,,Inferred from occupation,high,"$100,000 or more","$100,000 or more | Less than $30,000",2,False,True,0.5,0.6714929720942501
INEQ5_k_W54,socioeco,inferred,,Inferred from occupation,low,"Less than $30,000","Less than $30,000",1,True,True,1.0,0.7335505453985642
INEQ5_k_W54,socioeco,inferred,,Inferred from occupation,high,"$100,000 or more","Less than $30,000",1,False,False,0.0,0.6988059938703673
INEQ5_l_W54,socioeco,inferred,,Inferred from occupation,low,"Less than $30,000","$100,000 or more",1,False,False,0.0,0.8691174039456254
INEQ5_l_W54,socioeco,inferred,,Inferred from occupation,high,"$100,000 or more","$100,000 or more",1,True,True,1.0,0.8648672419326858
INEQ5_m_W54,socioeco,inferred,,Inferred from occupation,low,"Less than $30,000","$100,000 or more",1,False,False,0.0,0.7534838580203704
INEQ5_m_W54,socioeco,inferred,,Inferred from occupation,high,"$100,000 or more","$100,000 or more",1,True,True,1.0,0.7544495559988379
INEQ8_a_W54,socioeco,inferred,,Inferred from occupation,low,"Less than $30,000","Less than $30,000",1,True,True,1.0,0.7819812200018005
INEQ8_a_W54,socioeco,inferred,,Inferred from occupation,high,"$100,000 or more","Less than $30,000",1,False,False,0.0,0.7820168820038885
INEQ8_b_W54,socioeco,inferred,,Inferred from occupation,low,"Less than $30,000","Less than $30,000",1,True,True,1.0,0.8397767999937985
INEQ8_b_W54,socioeco,inferred,,Inferred from occupation,high,"$100,000 or more","Less than $30,000",1,False,False,0.0,0.8392543600089838
INEQ8_c_W54,socioeco,inferred,,Inferred from occupation,low,"Less than $30,000","Less than $30,000",1,True,True,1.0,0.8167676148397003
INEQ8_c_W54,socioeco,inferred,,Inferred from occupation,high,"$100,000 or more","Less than $30,000",1,False,False,0.0,0.7633025869529368
INEQ8_d_W54,socioeco,inferred,,Inferred from occupation,low,"Less than $30,000","Less than $30,000",1,True,True,1.0,0.8350766619964239
INEQ8_d_W54,socioeco,inferred,,Inferred from occupation,high,"$100,000 or more","Less than $30,000",1,False,False,0.0,0.8347135060057661
INEQ8_f_W54,socioeco,inferred,,Inferred from occupation,low,"Less than $30,000","Less than $30,000",1,True,True,1.0,0.7781028039999999
INEQ8_f_W54,socioeco,inferred,,Inferred from occupation,high,"$100,000 or more","Less than $30,000",1,False,False,0.0,0.7780393659940722
INEQ8_g_W54,socioeco,inferred,,Inferred from occupation,low,"Less than $30,000","Less than $30,000",1,True,True,1.0,0.7659868599991794
INEQ8_g_W54,socioeco,inferred,,Inferred from occupation,high,"$100,000 or more","Less than $30,000",1,False,False,0.0,0.7652550020074956
INEQ8_h_W54,socioeco,inferred,,Inferred from occupation,low,"Less than $30,000","$100,000 or more",1,False,False,0.0,1.2585775869602116
INEQ8_h_W54,socioeco,inferred,,Inferred from occupation,high,"$100,000 or more","$100,000 or more",1,True,True,1.0,1.3809362914957037
INEQ8_i_W54,socioeco,inferred,,Inferred from occupation,low,"Less than $30,000","Less than $30,000",1,True,True,1.0,0.7559375219658622
INEQ8_i_W54,socioeco,inferred,,Inferred from occupation,high,"$100,000 or more","Less than $30,000",1,False,False,0.0,0.7505616598798486
INEQ8_j_W54,socioeco,inferred,,Inferred from occupation,low,"Less than $30,000","Less than $30,000",1,True,True,1.0,0.7315972578692955
INEQ8_j_W54,socioeco,inferred,,Inferred from occupation,high,"$100,000 or more","Less than $30,000",1,False,False,0.0,0.7159117659999997
JOBTRAIN_W54,socioeco,inferred,,Inferred from occupation,low,"Less than $30,000","$100,000 or more",1,False,False,0.0,0.5830712659999477
JOBTRAIN_W54,socioeco,inferred,,Inferred from occupation,high,"$100,000 or more","$100,000 or more",1,True,True,1.0,0.5830717479999845
WORRY2a_W54,socioeco,inferred,,Inferred from occupation,low,"Less than $30,000","$100,000 or more",1,False,False,0.0,0.9269761631276672
WORRY2a_W54,socioeco,inferred,,Inferred from occupation,high,"$100,000 or more","Less than $30,000",1,False,False,0.0,0.7900352493901837
WORRY2b_W54,socioeco,inferred,,Inferred from occupation,low,"Less than $30,000","$100,000 or more",1,False,False,0.0,0.9968760561711275
WORRY2b_W54,socioeco,inferred,,Inferred from occupation,high,"$100,000 or more","$100,000 or more",1,True,True,1.0,1.0054707939488923
WORRY2c_W54,socioeco,inferred,,Inferred from occupation,low,"Less than $30,000","$100,000 or more",1,False,False,0.0,0.9939377395749518
WORRY2c_W54,socioeco,inferred,,Inferred from occupation,high,"$100,000 or more","Less than $30,000",1,False,False,0.0,0.930389162075918
WORRY2d_W54,socioeco,inferred,,Inferred from occupation,low,"Less than $30,000","$100,000 or more",1,False,False,0.0,0.6896739437146002
WORRY2d_W54,socioeco,inferred,,Inferred from occupation,high,"$100,000 or more","Less than $30,000",1,False,False,0.0,0.7572666533165966
WORRY2e_W54,socioeco,inferred,,Inferred from occupation,low,"Less than $30,000","$100,000 or more",1,False,False,0.0,0.8042220409399033
WORRY2e_W54,socioeco,inferred,,Inferred from occupation,high,"$100,000 or more","$100,000 or more",1,True,True,1.0,0.7729436620017798
GAP21Q10_W82,socioeco,inferred,,Inferred from occupation,low,"Less than $30,000","Less than $30,000",1,True,True,1.0,0.12104381486334392
GAP21Q10_W82,socioeco,inferred,,Inferred from occupation,high,"$100,000 or more","Less than $30,000",1,False,False,0.0,0.1759117915568501
GAP21Q13_b_W82,socioeco,inferred,,Inferred from occupation,low,"Less than $30,000","Less than $30,000",1,True,True,1.0,0.5736457736881485
GAP21Q13_b_W82,socioeco,inferred,,Inferred from occupation,high,"$100,000 or more","Less than $30,000",1,False,False,0.0,0.5719992358413052
GAP21Q15_a_W82,socioeco,inferred,,Inferred from occupation,low,"Less than $30,000","$100,000 or more",1,False,False,0.0,1.2481211805844519
GAP21Q15_a_W82,socioeco,inferred,,Inferred from occupation,high,"$100,000 or more","$100,000 or more",1,True,True,1.0,1.4646229851535686
GAP21Q15_b_W82,socioeco,inferred,,Inferred from occupation,low,"Less than $30,000","Less than $30,000",1,True,True,1.0,0.4808494700207837
GAP21Q15_b_W82,socioeco,inferred,,Inferred from occupation,high,"$100,000 or more","Less than $30,000",1,False,False,0.0,0.48309517720938966
GAP21Q15_c_W82,socioeco,inferred,,Inferred from occupation,low,"Less than $30,000","$100,000 or more",1,False,False,0.0,0.5189244106542266
GAP21Q15_c_W82,socioeco,inferred,,Inferred from occupation,high,"$100,000 or more","$100,000 or more",1,True,True,1.0,0.5470078276256777
GAP21Q15_d_W82,socioeco,inferred,,Inferred from occupation,low,"Less than $30,000","Less than $30,000",1,True,True,1.0,0.7003091873675783
GAP21Q15_d_W82,socioeco,inferred,,Inferred from occupation,high,"$100,000 or more","Less than $30,000",1,False,False,0.0,1.0356798349579872
GAP21Q15_e_W82,socioeco,inferred,,Inferred from occupation,low,"Less than $30,000","$100,000 or more",1,False,False,0.0,0.44619601927824415
GAP21Q15_e_W82,socioeco,inferred,,Inferred from occupation,high,"$100,000 or more","$100,000 or more",1,True,True,1.0,0.4436025544717943
GAP21Q15_f_W82,socioeco,inferred,,Inferred from occupation,low,"Less than $30,000","$100,000 or more",1,False,False,0.0,0.6444652826880282
GAP21Q15_f_W82,socioeco,inferred,,Inferred from occupation,high,"$100,000 or more","$100,000 or more",1,True,True,1.0,0.6708259933056471
GAP21Q17_W82,socioeco,inferred,,Inferred from occupation,low,"Less than $30,000","$100,000 or more",1,False,False,0.0,0.46507566759765295
GAP21Q17_W82,socioeco,inferred,,Inferred from occupation,high,"$100,000 or more","$100,000 or more",1,True,True,1.0,0.5903688078369668
GAP21Q19_a_W82,socioeco,inferred,,Inferred from occupation,low,"Less than $30,000","Less than $30,000",1,True,True,1.0,0.8752896620510631
GAP21Q19_a_W82,socioeco,inferred,,Inferred from occupation,high,"$100,000 or more","Less than $30,000",1,False,False,0.0,0.8868892815263141
GAP21Q19_b_W82,socioeco,inferred,,Inferred from occupation,low,"Less than $30,000","$100,000 or more",1,False,False,0.0,0.6026051400769643
GAP21Q19_b_W82,socioeco,inferred,,Inferred from occupation,high,"$100,000 or more","$100,000 or more",1,True,True,1.0,0.5839254933055633
GAP21Q19_c_W82,socioeco,inferred,,Inferred from occupation,low,"Less than $30,000","Less than $30,000",1,True,True,1.0,0.6085848739507869
GAP21Q19_c_W82,socioeco,inferred,,Inferred from occupation,high,"$100,000 or more","Less than $30,000",1,False,False,0.0,0.6095327159714204
GAP21Q19_d_W82,socioeco,inferred,,Inferred from occupation,low,"Less than $30,000","$100,000 or more",1,False,False,0.0,0.6386996640249484
GAP21Q19_d_W82,socioeco,inferred,,Inferred from occupation,high,"$100,000 or more","$100,000 or more",1,True,True,1.0,0.6414397260340318
GAP21Q19_e_W82,socioeco,inferred,,Inferred from occupation,low,"Less than $30,000","Less than $30,000",1,True,True,1.0,0.5391694720929903
GAP21Q19_e_W82,socioeco,inferred,,Inferred from occupation,high,"$100,000 or more","Less than $30,000",1,False,False,0.0,0.2889182805480025
GAP21Q21_a_W82,socioeco,inferred,,Inferred from occupation,low,"Less than $30,000","$100,000 or more",1,False,False,0.0,0.1649476376470692
GAP21Q21_a_W82,socioeco,inferred,,Inferred from occupation,high,"$100,000 or more","$100,000 or more",1,True,True,1.0,0.36607070757089966
GAP21Q21_e_W82,socioeco,inferred,,Inferred from occupation,low,"Less than $30,000","$100,000 or more",1,False,False,0.0,0.5211412680470153
GAP21Q21_e_W82,socioeco,inferred,,Inferred from occupation,high,"$100,000 or more","$100,000 or more",1,True,True,1.0,0.5158803079827616
GAP21Q23_W82,socioeco,inferred,,Inferred from occupation,low,"Less than $30,000","Less than $30,000",1,True,True,1.0,0.7226101140000464
GAP21Q23_W82,socioeco,inferred,,Inferred from occupation,high,"$100,000 or more","Less than $30,000",1,False,False,0.0,0.7226173739999738
GAP21Q24_W82,socioeco,inferred,,Inferred from occupation,low,"Less than $30,000","Less than $30,000",1,True,True,1.0,0.7864751820700238
GAP21Q24_W82,socioeco,inferred,,Inferred from occupation,high,"$100,000 or more","Less than $30,000",1,False,False,0.0,0.7885685060043582
GAP21Q25_W82,socioeco,inferred,,Inferred from occupation,low,"Less than $30,000","Less than $30,000",1,True,True,1.0,0.6104401478962362
GAP21Q25_W82,socioeco,inferred,,Inferred from occupation,high,"$100,000 or more","Less than $30,000",1,False,False,0.0,0.610440247895682
GAP21Q26_a_W82,socioeco,inferred,,Inferred from occupation,low,"Less than $30,000","$100,000 or more",1,False,False,0.0,0.6733240138130825
GAP21Q26_a_W82,socioeco,inferred,,Inferred from occupation,high,"$100,000 or more","$100,000 or more",1,True,True,1.0,0.667016825866468
GAP21Q26_b_W82,socioeco,inferred,,Inferred from occupation,low,"Less than $30,000","Less than $30,000",1,True,True,1.0,0.6727403332568634
GAP21Q26_b_W82,socioeco,inferred,,Inferred from occupation,high,"$100,000 or more","Less than $30,000",1,False,False,0.0,0.6728415752554598
GAP21Q26_c_W82,socioeco,inferred,,Inferred from occupation,low,"Less than $30,000","Less than $30,000",1,True,True,1.0,0.6470358480074164
GAP21Q26_c_W82,socioeco,inferred,,Inferred from occupation,high,"$100,000 or more","Less than $30,000",1,False,False,0.0,0.6470247580005166
GAP21Q27_W82,socioeco,inferred,,Inferred from occupation,low,"Less than $30,000","$100,000 or more",1,False,False,0.0,0.35148007152627636
GAP21Q27_W82,socioeco,inferred,,Inferred from occupation,high,"$100,000 or more","$100,000 or more",1,True,True,1.0,0.3569121264954519
GAP21Q28_W82,socioeco,inferred,,Inferred from occupation,low,"Less than $30,000","Less than $30,000",1,True,True,1.0,0.6844691488880021
GAP21Q28_W82,socioeco,inferred,,Inferred from occupation,high,"$100,000 or more","Less than $30,000",1,False,False,0.0,0.6716406747164068
GAP21Q31_W82,socioeco,inferred,,Inferred from occupation,low,"Less than $30,000","$100,000 or more",1,False,False,0.0,0.5174783957353182
GAP21Q31_W82,socioeco,inferred,,Inferred from occupation,high,"$100,000 or more","$100,000 or more",1,True,True,1.0,0.5726649899521682
GAP21Q32_W82,socioeco,inferred,,Inferred from occupation,low,"Less than $30,000","Less than $30,000",1,True,True,1.0,0.7399443840001735
GAP21Q32_W82,socioeco,inferred,,Inferred from occupation,high,"$100,000 or more","Less than $30,000",1,False,False,0.0,0.7398950579989793
GAP21Q33_c_W82,socioeco,inferred,,Inferred from occupation,low,"Less than $30,000","$100,000 or more",1,False,False,0.0,0.49160728800277353
GAP21Q33_c_W82,socioeco,inferred,,Inferred from occupation,high,"$100,000 or more","$100,000 or more",1,True,True,1.0,0.4915633120019145
GAP21Q33_g_W82,socioeco,inferred,,Inferred from occupation,low,"Less than $30,000","$100,000 or more",1,False,False,0.0,0.5258151660090415
GAP21Q33_g_W82,socioeco,inferred,,Inferred from occupation,high,"$100,000 or more","$100,000 or more",1,True,True,1.0,0.5218892179719236
GAP21Q33_i_W82,socioeco,inferred,,Inferred from occupation,low,"Less than $30,000","$100,000 or more",1,False,False,0.0,0.4977219560000001
GAP21Q33_i_W82,socioeco,inferred,,Inferred from occupation,high,"$100,000 or more","$100,000 or more",1,True,True,1.0,0.33328272400000003
GAP21Q33_j_W82,socioeco,inferred,,Inferred from occupation,low,"Less than $30,000","$100,000 or more",1,False,False,0.0,0.7070957739716176
GAP21Q33_j_W82,socioeco,inferred,,Inferred from occupation,high,"$100,000 or more","$100,000 or more",1,True,True,1.0,0.7075744139914527
GAP21Q33_m_W82,socioeco,inferred,,Inferred from occupation,low,"Less than $30,000","$100,000 or more",1,False,False,0.0,0.30704113449333614
GAP21Q33_m_W82,socioeco,inferred,,Inferred from occupation,high,"$100,000 or more","$100,000 or more",1,True,True,1.0,0.30791410669027397
GAP21Q33_n_W82,socioeco,inferred,,Inferred from occupation,low,"Less than $30,000","Less than $30,000",1,True,True,1.0,0.44325312156347974
GAP21Q33_n_W82,socioeco,inferred,,Inferred from occupation,high,"$100,000 or more","Less than $30,000",1,False,False,0.0,0.439599325557502
GAP21Q33_q_W82,socioeco,inferred,,Inferred from occupation,low,"Less than $30,000","$100,000 or more",1,False,False,0.0,0.4263907640001507
GAP21Q33_q_W82,socioeco,inferred,,Inferred from occupation,high,"$100,000 or more","$100,000 or more",1,True,True,1.0,0.4263885159999872
GAP21Q33_r_W82,socioeco,inferred,,Inferred from occupation,low,"Less than $30,000","$100,000 or more",1,False,False,0.0,0.32408692620538115
GAP21Q33_r_W82,socioeco,inferred,,Inferred from occupation,high,"$100,000 or more","$100,000 or more",1,True,True,1.0,0.3726179877486936
GAP21Q33_s_W82,socioeco,inferred,,Inferred from occupation,low,"Less than $30,000","$100,000 or more",1,False,False,0.0,0.1750157336221592
GAP21Q33_s_W82,socioeco,inferred,,Inferred from occupation,high,"$100,000 or more","Less than $30,000",1,False,False,0.0,0.24817148338740658
GAP21Q34_a_W82,socioeco,inferred,,Inferred from occupation,low,"Less than $30,000","Less than $30,000",1,True,True,1.0,0.8371863423716652
GAP21Q34_a_W82,socioeco,inferred,,Inferred from occupation,high,"$100,000 or more","Less than $30,000",1,False,False,0.0,0.8371811783723215
GAP21Q34_b_W82,socioeco,inferred,,Inferred from occupation,low,"Less than $30,000","$100,000 or more",1,False,False,0.0,0.8258607579985959
GAP21Q34_b_W82,socioeco,inferred,,Inferred from occupation,high,"$100,000 or more","$100,000 or more",1,True,True,1.0,0.8254323159941567
GAP21Q34_c_W82,socioeco,inferred,,Inferred from occupation,low,"Less than $30,000","Less than $30,000",1,True,True,1.0,0.8796566580541425
GAP21Q34_c_W82,socioeco,inferred,,Inferred from occupation,high,"$100,000 or more","Less than $30,000",1,False,False,0.0,0.878530064016538
GAP21Q34_d_W82,socioeco,inferred,,Inferred from occupation,low,"Less than $30,000","$100,000 or more",1,False,False,0.0,0.8238826920000001
GAP21Q34_d_W82,socioeco,inferred,,Inferred from occupation,high,"$100,000 or more","$100,000 or more",1,True,True,1.0,0.8238515799971945
GAP21Q34_e_W82,socioeco,inferred,,Inferred from occupation,low,"Less than $30,000","Less than $30,000",1,True,True,1.0,0.8329580484756919
GAP21Q34_e_W82,socioeco,inferred,,Inferred from occupation,high,"$100,000 or more","Less than $30,000",1,False,False,0.0,0.8332610864477308
GAP21Q34_f_W82,socioeco,inferred,,Inferred from occupation,low,"Less than $30,000","Less than $30,000",1,True,True,1.0,0.8534056354658717
GAP21Q34_f_W82,socioeco,inferred,,Inferred from occupation,high,"$100,000 or more","Less than $30,000",1,False,False,0.0,0.8533802774657412
GAP21Q38_a_W82,socioeco,inferred,,Inferred from occupation,low,"Less than $30,000","$100,000 or more",1,False,False,0.0,0.6237452656339353
GAP21Q38_a_W82,socioeco,inferred,,Inferred from occupation,high,"$100,000 or more","$100,000 or more",1,True,True,1.0,0.6221392019478179
GAP21Q38_b_W82,socioeco,inferred,,Inferred from occupation,low,"Less than $30,000","Less than $30,000",1,True,True,1.0,0.73687888201217
GAP21Q38_b_W82,socioeco,inferred,,Inferred from occupation,high,"$100,000 or more","Less than $30,000",1,False,False,0.0,0.7521015204688491
GAP21Q38_c_W82,socioeco,inferred,,Inferred from occupation,low,"Less than $30,000","Less than $30,000",1,True,True,1.0,0.7545480960076645
GAP21Q38_c_W82,socioeco,inferred,,Inferred from occupation,high,"$100,000 or more","Less than $30,000",1,False,False,0.0,0.7547644560037696
GAP21Q41_W82,socioeco,inferred,,Inferred from occupation,low,"Less than $30,000","$100,000 or more",1,False,False,0.0,0.3932318239929976
GAP21Q41_W82,socioeco,inferred,,Inferred from occupation,high,"$100,000 or more","$100,000 or more",1,True,True,1.0,0.39379432800725495
GAP21Q43_g_W82,socioeco,inferred,,Inferred from occupation,low,"Less than $30,000","Less than $30,000",1,True,True,1.0,0.7034707940228683
GAP21Q43_g_W82,socioeco,inferred,,Inferred from occupation,high,"$100,000 or more","Less than $30,000",1,False,False,0.0,0.60529842427543
GAP21Q47_W82,socioeco,inferred,,Inferred from occupation,low,"Less than $30,000","$100,000 or more",1,False,False,0.0,1.3093128529840035
GAP21Q47_W82,socioeco,inferred,,Inferred from occupation,high,"$100,000 or more","$100,000 or more",1,True,True,1.0,1.5172250044570648
GAP21Q4_a_W82,socioeco,inferred,,Inferred from occupation,low,"Less than $30,000","$100,000 or more",1,False,False,0.0,0.5137284856423372
GAP21Q4_a_W82,socioeco,inferred,,Inferred from occupation,high,"$100,000 or more","Less than $30,000",1,False,False,0.0,0.5264203752642038
GAP21Q4_b_W82,socioeco,inferred,,Inferred from occupation,low,"Less than $30,000","Less than $30,000",1,True,True,1.0,0.3866766744774903
GAP21Q4_b_W82,socioeco,inferred,,Inferred from occupation,high,"$100,000 or more","Less than $30,000",1,False,False,0.0,0.44620734856960065
GAP21Q4_c_W82,socioeco,inferred,,Inferred from occupation,low,"Less than $30,000","$100,000 or more",1,False,False,0.0,0.4373863860000001
GAP21Q4_c_W82,socioeco,inferred,,Inferred from occupation,high,"$100,000 or more","$100,000 or more",1,True,True,1.0,0.4385883039560383
GAP21Q4_d_W82,socioeco,inferred,,Inferred from occupation,low,"Less than $30,000","$100,000 or more",1,False,False,0.0,0.43442697518614404
GAP21Q4_d_W82,socioeco,inferred,,Inferred from occupation,high,"$100,000 or more","$100,000 or more",1,True,True,1.0,0.5173201559487213
GAP21Q4_e_W82,socioeco,inferred,,Inferred from occupation,low,"Less than $30,000","Less than $30,000",1,True,True,1.0,0.26951488698823556
GAP21Q4_e_W82,socioeco,inferred,,Inferred from occupation,high,"$100,000 or more","$100,000 or more",1,True,True,1.0,0.4474335277756707
GAP21Q4_f_W82,socioeco,inferred,,Inferred from occupation,low,"Less than $30,000","$100,000 or more",1,False,False,0.0,0.4682399944914811
GAP21Q4_f_W82,socioeco,inferred,,Inferred from occupation,high,"$100,000 or more","$100,000 or more",1,True,True,1.0,0.505939020907724
GAP21Q7_a_W82,socioeco,inferred,,Inferred from occupation,low,"Less than $30,000","$100,000 or more",1,False,False,0.0,0.7045450310497889
GAP21Q7_a_W82,socioeco,inferred,,Inferred from occupation,high,"$100,000 or more","$100,000 or more",1,True,True,1.0,0.7046514650543607
GAP21Q7_b_W82,socioeco,inferred,,Inferred from occupation,low,"Less than $30,000","Less than $30,000",1,True,True,1.0,0.6481281697746912
GAP21Q7_b_W82,socioeco,inferred,,Inferred from occupation,high,"$100,000 or more","Less than $30,000",1,False,False,0.0,0.5703645007070481
GAP21Q7_d_W82,socioeco,inferred,,Inferred from occupation,low,"Less than $30,000","$100,000 or more",1,False,False,0.0,0.5415777812625947
GAP21Q7_d_W82,socioeco,inferred,,Inferred from occupation,high,"$100,000 or more","$100,000 or more",1,True,True,1.0,0.40999761322287476
BILLION_W92,socioeco,inferred,,Inferred from occupation,low,"Less than $30,000","Less than $30,000",1,True,True,1.0,0.22511340999997886
BILLION_W92,socioeco,inferred,,Inferred from occupation,high,"$100,000 or more","Less than $30,000",1,False,False,0.0,0.225121969
CANDEXP_W92,socioeco,inferred,,Inferred from occupation,low,"Less than $30,000","Less than $30,000",1,True,True,1.0,0.6511588379893577
CANDEXP_W92,socioeco,inferred,,Inferred from occupation,high,"$100,000 or more","Less than $30,000",1,False,False,0.0,0.6519333519948316
ELECT_CONF3_PRVFR_W92,socioeco,inferred,,Inferred from occupation,low,"Less than $30,000","Less than $30,000",1,True,True,1.0,0.7403878472191844
ELECT_CONF3_PRVFR_W92,socioeco,inferred,,Inferred from occupation,high,"$100,000 or more","Less than $30,000",1,False,False,0.0,0.7602504841698612
ELECT_CONF3_PRVSUP_W92,socioeco,inferred,,Inferred from occupation,low,"Less than $30,000","$100,000 or more",1,False,False,0.0,0.6731908463486348
ELECT_CONF3_PRVSUP_W92,socioeco,inferred,,Inferred from occupation,high,"$100,000 or more","$100,000 or more",1,True,True,1.0,0.6887575368990281
ELECT_IMPT3_PRVFR_W92,socioeco,inferred,,Inferred from occupation,low,"Less than $30,000","$100,000 or more",1,False,False,0.0,0.5608562479715095
ELECT_IMPT3_PRVFR_W92,socioeco,inferred,,Inferred from occupation,high,"$100,000 or more","$100,000 or more",1,True,True,1.0,0.5617070339893383
FREECOLL_W92,socioeco,inferred,,Inferred from occupation,low,"Less than $30,000","Less than $30,000",1,True,True,1.0,0.7617509999397811
FREECOLL_W92,socioeco,inferred,,Inferred from occupation,high,"$100,000 or more","Less than $30,000",1,False,False,0.0,0.6411604455070004
GODMORALIMP_W92,socioeco,inferred,,Inferred from occupation,low,"Less than $30,000","Less than $30,000",1,True,True,1.0,0.9058947740000313
GODMORALIMP_W92,socioeco,inferred,,Inferred from occupation,high,"$100,000 or more","Less than $30,000",1,False,False,0.0,0.9058962639999253
LEGALIMMIGAMT_W92,socioeco,inferred,,Inferred from occupation,low,"Less than $30,000","$100,000 or more",1,False,False,0.0,0.7153913244548585
LEGALIMMIGAMT_W92,socioeco,inferred,,Inferred from occupation,high,"$100,000 or more","$100,000 or more",1,True,True,1.0,0.7559421303937605
POLINTOL2_a_W92,socioeco,inferred,,Inferred from occupation,low,"Less than $30,000","Less than $30,000",1,True,True,1.0,0.652621190306258
POLINTOL2_a_W92,socioeco,inferred,,Inferred from occupation,high,"$100,000 or more","Less than $30,000",1,False,False,0.0,0.6895697757720389
PROG_RNEED_W92,socioeco,inferred,,Inferred from occupation,low,"Less than $30,000","Less than $30,000",1,True,True,1.0,0.5440494040000033
PROG_RNEED_W92,socioeco,inferred,,Inferred from occupation,high,"$100,000 or more","Less than $30,000",1,False,False,0.0,0.5440495920000029
RACESURV52MOD_W92,socioeco,inferred,,Inferred from occupation,low,"Less than $30,000","$100,000 or more",1,False,False,0.0,0.7910683258599659
RACESURV52MOD_W92,socioeco,inferred,,Inferred from occupation,high,"$100,000 or more","$100,000 or more",1,True,True,1.0,0.78624162594691
REPRSNTDEM_W92,socioeco,inferred,,Inferred from occupation,low,"Less than $30,000","$100,000 or more",1,False,False,0.0,0.46655818778920766
REPRSNTDEM_W92,socioeco,inferred,,Inferred from occupation,high,"$100,000 or more","Less than $30,000",1,False,False,0.0,0.5640280620489825
REPRSNTREP_W92,socioeco,inferred,,Inferred from occupation,low,"Less than $30,000","Less than $30,000",1,True,True,1.0,0.7925373739949548
REPRSNTREP_W92,socioeco,inferred,,Inferred from occupation,high,"$100,000 or more","Less than $30,000",1,False,False,0.0,0.7808482641180925
SOCIETY_GUNS_W92,socioeco,inferred,,Inferred from occupation,low,"Less than $30,000","$100,000 or more",1,False,False,0.0,0.9258556329960175
SOCIETY_GUNS_W92,socioeco,inferred,,Inferred from occupation,high,"$100,000 or more","$100,000 or more",1,True,True,1.0,1.322110457553373
SOCIETY_RELG_W92,socioeco,inferred,,Inferred from occupation,low,"Less than $30,000","Less than $30,000",1,True,True,1.0,0.8719404340001761
SOCIETY_RELG_W92,socioeco,inferred,,Inferred from occupation,high,"$100,000 or more","Less than $30,000",1,False,False,0.0,0.8719288619992621
SOCIETY_RHIST_W92,socioeco,inferred,,Inferred from occupation,low,"Less than $30,000","$100,000 or more",1,False,False,0.0,0.9364745248685649
SOCIETY_RHIST_W92,socioeco,inferred,,Inferred from occupation,high,"$100,000 or more","$100,000 or more",1,True,True,1.0,1.085980004
SOCIETY_SSM_W92,socioeco,inferred,,Inferred from occupation,low,"Less than $30,000","$100,000 or more",1,False,False,0.0,0.9260315676151333
SOCIETY_SSM_W92,socioeco,inferred,,Inferred from occupation,high,"$100,000 or more","$100,000 or more",1,True,True,1.0,1.3534735176466985
SOCIETY_TRANS_W92,socioeco,inferred,,Inferred from occupation,low,"Less than $30,000","$100,000 or more",1,False,False,0.0,1.569982394793753
SOCIETY_TRANS_W92,socioeco,inferred,,Inferred from occupation,high,"$100,000 or more","$100,000 or more",1,True,True,1.0,1.675734578416432
SOCIETY_WHT_W92,socioeco,inferred,,Inferred from occupation,low,"Less than $30,000","$100,000 or more",1,False,False,0.0,0.43491946765076395
SOCIETY_WHT_W92,socioeco,inferred,,Inferred from occupation,high,"$100,000 or more","$100,000 or more",1,True,True,1.0,0.434918597650549
UNIMMIGCOMM_W92,socioeco,inferred,,Inferred from occupation,low,"Less than $30,000","$100,000 or more",1,False,False,0.0,0.7980109259749593
UNIMMIGCOMM_W92,socioeco,inferred,,Inferred from occupation,high,"$100,000 or more","$100,000 or more",1,True,True,1.0,0.7986671600480731
USEXCEPT_W92,socioeco,inferred,,Inferred from occupation,low,"Less than $30,000","$100,000 or more",1,False,False,0.0,0.45548706599884353
USEXCEPT_W92,socioeco,inferred,,Inferred from occupation,high,"$100,000 or more","$100,000 or more",1,True,True,1.0,0.45552770600001546
USMILSIZ_W92,socioeco,inferred,,Inferred from occupation,low,"Less than $30,000","$100,000 or more",1,False,False,0.0,1.053964918539649
USMILSIZ_W92,socioeco,inferred,,Inferred from occupation,high,"$100,000 or more","$100,000 or more",1,True,True,1.0,0.4757466428473813
WHADVANT_W92,socioeco,inferred,,Inferred from occupation,low,"Less than $30,000","Less than $30,000",1,True,True,1.0,0.37947259596037614
WHADVANT_W92,socioeco,inferred,,Inferred from occupation,high,"$100,000 or more","Less than $30,000",1,False,False,0.0,0.5903223382765173
