qkey,channel,magnitude,gender_question,gap
AUTOLKLY_W41,declared,,False,0.00042539002568746945
AUTOLKLY_W41,steered,0.0,False,0.0
AUTOLKLY_W41,steered,2.0,False,0.0009083599035611661
AUTOLKLY_W41,steered,4.0,False,0.002269290031022732
AUTOLKLY_W41,steered,6.0,False,0.003915849872647051
AUTOLKLY_W41,steered,8.0,False,0.010889400225802872
AUTOLKLY_W41,steered,10.0,False,0.018004548918664095
AUTOLKLY_W41,steered,12.0,False,0.029476569993251107
AUTOLKLY_W41,steered,14.0,False,0.043148213904722135
AUTOLKLY_W41,steered,16.0,False,0.05144097687893158
AUTOLKLY_W41,steered,18.0,False,0.046057157639435034
AUTOLKLY_W41,steered,20.0,False,0.08325000417037264
AUTOWKPLC_W41,declared,,False,0.0
AUTOWKPLC_W41,steered,0.0,False,0.0
AUTOWKPLC_W41,steered,2.0,False,5.3414999571199995e-05
AUTOWKPLC_W41,steered,4.0,False,0.0001933199918620003
AUTOWKPLC_W41,steered,6.0,False,0.00042588998286860073
AUTOWKPLC_W41,steered,8.0,False,0.001167605035231151
AUTOWKPLC_W41,steered,10.0,False,0.0019318049226374032
AUTOWKPLC_W41,steered,12.0,False,0.0041565502079405105
AUTOWKPLC_W41,steered,14.0,False,0.0050565596458826256
AUTOWKPLC_W41,steered,16.0,False,0.006880865068791001
AUTOWKPLC_W41,steered,18.0,False,0.009771765293266458
AUTOWKPLC_W41,steered,20.0,False,0.013851264861454202
BENEFITGOV_W49,declared,,False,2.999999933922531e-08
BENEFITGOV_W49,steered,0.0,False,0.0
BENEFITGOV_W49,steered,2.0,False,9.999999900000002e-09
BENEFITGOV_W49,steered,4.0,False,9.99999970615838e-09
BENEFITGOV_W49,steered,6.0,False,9.999999511022329e-09
BENEFITGOV_W49,steered,8.0,False,5.999999997635672e-08
BENEFITGOV_W49,steered,10.0,False,1.9000000757382253e-07
BENEFITGOV_W49,steered,12.0,False,9.800000105784155e-07
BENEFITGOV_W49,steered,14.0,False,5.259999524897153e-06
BENEFITGOV_W49,steered,16.0,False,3.6489999268106455e-05
BENEFITGOV_W49,steered,18.0,False,0.00025877999570554985
BENEFITGOV_W49,steered,20.0,False,0.0006361299839223139
BETTERBIZ1F2D_W36,declared,,True,0.0
BETTERBIZ1F2D_W36,steered,0.0,True,0.0
BETTERBIZ1F2D_W36,steered,2.0,True,0.0
BETTERBIZ1F2D_W36,steered,4.0,True,0.0
BETTERBIZ1F2D_W36,steered,6.0,True,0.0
BETTERBIZ1F2D_W36,steered,8.0,True,0.0
BETTERBIZ1F2D_W36,steered,10.0,True,1.499999956718069e-08
BETTERBIZ1F2D_W36,steered,12.0,True,2.999999827924989e-08
BETTERBIZ1F2D_W36,steered,14.0,True,1.0999999910804358e-07
BETTERBIZ1F2D_W36,steered,16.0,True,3.550000035177589e-07
BETTERBIZ1F2D_W36,steered,18.0,True,1.7699999290275972e-06
BETTERBIZ1F2D_W36,steered,20.0,True,1.472999837504862e-05
BETTERBIZ1F2E_W36,declared,,True,0.0
BETTERBIZ1F2E_W36,steered,0.0,True,0.0
BETTERBIZ1F2E_W36,steered,2.0,True,0.0
BETTERBIZ1F2E_W36,steered,4.0,True,0.0
BETTERBIZ1F2E_W36,steered,6.0,True,0.0
BETTERBIZ1F2E_W36,steered,8.0,True,9.999999814101496e-09
BETTERBIZ1F2E_W36,steered,10.0,True,1.9999998773091504e-08
BETTERBIZ1F2E_W36,steered,12.0,True,5.499999900730081e-08
BETTERBIZ1F2E_W36,steered,14.0,True,2.2500002926260471e-07
BETTERBIZ1F2E_W36,steered,16.0,True,1.1500001076850058e-06
BETTERBIZ1F2E_W36,steered,18.0,True,8.620000105816416e-06
BETTERBIZ1F2E_W36,steered,20.0,True,8.433000186611737e-05
BETTERBIZ1F2H_W36,declared,,True,0.0
BETTERBIZ1F2H_W36,steered,0.0,True,0.0
BETTERBIZ1F2H_W36,steered,2.0,True,0.0
BETTERBIZ1F2H_W36,steered,4.0,True,0.0
BETTERBIZ1F2H_W36,steered,6.0,True,0.0
BETTERBIZ1F2H_W36,steered,8.0,True,1.499999956718069e-08
BETTERBIZ1F2H_W36,steered,10.0,True,3.499999759375104e-08
BETTERBIZ1F2H_W36,steered,12.0,True,8.999999221551893e-08
BETTERBIZ1F2H_W36,steered,14.0,True,3.250000053040396e-07
BETTERBIZ1F2H_W36,steered,16.0,True,9.150000414574548e-07
BETTERBIZ1F2H_W36,steered,18.0,True,2.434999842220121e-06
BETTERBIZ1F2H_W36,steered,20.0,True,1.0745000861424072e-05
BETTERBIZ2F2C_W36,declared,,True,0.0
BETTERBIZ2F2C_W36,steered,0.0,True,0.0
BETTERBIZ2F2C_W36,steered,2.0,True,0.0
BETTERBIZ2F2C_W36,steered,4.0,True,0.0
BETTERBIZ2F2C_W36,steered,6.0,True,0.0
BETTERBIZ2F2C_W36,steered,8.0,True,0.0
BETTERBIZ2F2C_W36,steered,10.0,True,9.999999814101496e-09
BETTERBIZ2F2C_W36,steered,12.0,True,3.999999676068418e-08
BETTERBIZ2F2C_W36,steered,14.0,True,2.200000088189306e-07
BETTERBIZ2F2C_W36,steered,16.0,True,8.15000008775912e-07
BETTERBIZ2F2C_W36,steered,18.0,True,3.7549998122426845e-06
BETTERBIZ2F2C_W36,steered,20.0,True,1.4189999709593016e-05
BETTERBIZ2F2E_W36,declared,,True,0.0
BETTERBIZ2F2E_W36,steered,0.0,True,0.0
BETTERBIZ2F2E_W36,steered,2.0,True,0.0
BETTERBIZ2F2E_W36,steered,4.0,True,0.0
BETTERBIZ2F2E_W36,steered,6.0,True,0.0
BETTERBIZ2F2E_W36,steered,8.0,True,0.0
BETTERBIZ2F2E_W36,steered,10.0,True,9.999999814101496e-09
BETTERBIZ2F2E_W36,steered,12.0,True,2.999999827924989e-08
BETTERBIZ2F2E_W36,steered,14.0,True,1.30000012970159e-07
BETTERBIZ2F2E_W36,steered,16.0,True,6.050000382650852e-07
BETTERBIZ2F2E_W36,steered,18.0,True,2.1899999588115396e-06
BETTERBIZ2F2E_W36,steered,20.0,True,1.1914999202644881e-05
BETTERBIZ2F2F_W36,declared,,True,0.0
BETTERBIZ2F2F_W36,steered,0.0,True,0.0
BETTERBIZ2F2F_W36,steered,2.0,True,0.0
BETTERBIZ2F2F_W36,steered,4.0,True,0.0
BETTERBIZ2F2F_W36,steered,6.0,True,0.0
BETTERBIZ2F2F_W36,steered,8.0,True,4.999999950000001e-09
BETTERBIZ2F2F_W36,steered,10.0,True,1.499999955859035e-08
BETTERBIZ2F2F_W36,steered,12.0,True,7.000000703732304e-08
BETTERBIZ2F2F_W36,steered,14.0,True,3.0500003103929433e-07
BETTERBIZ2F2F_W36,steered,16.0,True,1.1350000385373751e-06
BETTERBIZ2F2F_W36,steered,18.0,True,5.479999945134274e-06
BETTERBIZ2F2F_W36,steered,20.0,True,2.289000044720579e-05
BETTERPOL1F1B_W36,declared,,True,3.0000001760566164e-08
BETTERPOL1F1B_W36,steered,0.0,True,0.0
BETTERPOL1F1B_W36,steered,2.0,True,4.999999914101494e-09
BETTERPOL1F1B_W36,steered,4.0,True,0.0
BETTERPOL1F1B_W36,steered,6.0,True,4.999999914101494e-09
BETTERPOL1F1B_W36,steered,8.0,True,9.999999108989996e-09
BETTERPOL1F1B_W36,steered,10.0,True,1.9999996008556256e-08
BETTERPOL1F1B_W36,steered,12.0,True,2.000000839200734e-08
BETTERPOL1F1B_W36,steered,14.0,True,5.15000048169354e-07
BETTERPOL1F1B_W36,steered,16.0,True,6.100002191485383e-07
BETTERPOL1F1B_W36,steered,18.0,True,4.991000029483497e-05
BETTERPOL1F1B_W36,steered,20.0,True,0.0005931449835809644
BETTERPOL1F1E_W36,declared,,True,0.0
BETTERPOL1F1E_W36,steered,0.0,True,0.0
BETTERPOL1F1E_W36,steered,2.0,True,0.0
BETTERPOL1F1E_W36,steered,4.0,True,0.0
BETTERPOL1F1E_W36,steered,6.0,True,0.0
BETTERPOL1F1E_W36,steered,8.0,True,9.999999814101496e-09
BETTERPOL1F1E_W36,steered,10.0,True,1.9999998465148398e-08
BETTERPOL1F1E_W36,steered,12.0,True,1.2000001066599858e-07
BETTERPOL1F1E_W36,steered,14.0,True,4.300000187571645e-07
BETTERPOL1F1E_W36,steered,16.0,True,2.3549999340102587e-06
BETTERPOL1F1E_W36,steered,18.0,True,1.6694999263581175e-05
BETTERPOL1F1E_W36,steered,20.0,True,0.0001432350111557158
BETTERPOL1F1I_W36,declared,,True,1.7680000884034985e-05
BETTERPOL1F1I_W36,steered,0.0,True,0.0
BETTERPOL1F1I_W36,steered,2.0,True,4.999999914101494e-09
BETTERPOL1F1I_W36,steered,4.0,True,0.0
BETTERPOL1F1I_W36,steered,6.0,True,4.999999914101494e-09
BETTERPOL1F1I_W36,steered,8.0,True,1.4999999345136086e-08
BETTERPOL1F1I_W36,steered,10.0,True,3.500000197913199e-08
BETTERPOL1F1I_W36,steered,12.0,True,1.3499999897784744e-07
BETTERPOL1F1I_W36,steered,14.0,True,9.249999795358594e-07
BETTERPOL1F1I_W36,steered,16.0,True,6.464999944059416e-06
BETTERPOL1F1I_W36,steered,18.0,True,4.504499709252389e-05
BETTERPOL1F1I_W36,steered,20.0,True,0.00035062497495117503
BETTERPOL2F1A_W36,declared,,True,0.0
BETTERPOL2F1A_W36,steered,0.0,True,0.0
BETTERPOL2F1A_W36,steered,2.0,True,0.0
BETTERPOL2F1A_W36,steered,4.0,True,0.0
BETTERPOL2F1A_W36,steered,6.0,True,0.0
BETTERPOL2F1A_W36,steered,8.0,True,0.0
BETTERPOL2F1A_W36,steered,10.0,True,0.0
BETTERPOL2F1A_W36,steered,12.0,True,1.9999999209237583e-08
BETTERPOL2F1A_W36,steered,14.0,True,7.999999678451836e-08
BETTERPOL2F1A_W36,steered,16.0,True,3.0499998762024554e-07
BETTERPOL2F1A_W36,steered,18.0,True,1.5149999211707853e-06
BETTERPOL2F1A_W36,steered,20.0,True,9.504999503444514e-06
BETTERPOL2F1C_W36,declared,,True,0.0
BETTERPOL2F1C_W36,steered,0.0,True,0.0
BETTERPOL2F1C_W36,steered,2.0,True,0.0
BETTERPOL2F1C_W36,steered,4.0,True,0.0
BETTERPOL2F1C_W36,steered,6.0,True,0.0
BETTERPOL2F1C_W36,steered,8.0,True,0.0
BETTERPOL2F1C_W36,steered,10.0,True,0.0
BETTERPOL2F1C_W36,steered,12.0,True,1.499999956718069e-08
BETTERPOL2F1C_W36,steered,14.0,True,5.000000095610189e-08
BETTERPOL2F1C_W36,steered,16.0,True,2.2000000476015402e-07
BETTERPOL2F1C_W36,steered,18.0,True,7.300000642640062e-07
BETTERPOL2F1C_W36,steered,20.0,True,4.835000082878242e-06
BETTERPOL2F1D_W36,declared,,True,0.0
BETTERPOL2F1D_W36,steered,0.0,True,0.0
BETTERPOL2F1D_W36,steered,2.0,True,0.0
BETTERPOL2F1D_W36,steered,4.0,True,0.0
BETTERPOL2F1D_W36,steered,6.0,True,0.0
BETTERPOL2F1D_W36,steered,8.0,True,0.0
BETTERPOL2F1D_W36,steered,10.0,True,9.999999814101496e-09
BETTERPOL2F1D_W36,steered,12.0,True,2.999999828719302e-08
BETTERPOL2F1D_W36,steered,14.0,True,1.000000024117086e-07
BETTERPOL2F1D_W36,steered,16.0,True,4.6999997667548026e-07
BETTERPOL2F1D_W36,steered,18.0,True,2.4549999730793594e-06
BETTERPOL2F1D_W36,steered,20.0,True,1.160499913083197e-05
BETTERPOL2F1F_W36,declared,,True,0.0
BETTERPOL2F1F_W36,steered,0.0,True,0.0
BETTERPOL2F1F_W36,steered,2.0,True,0.0
BETTERPOL2F1F_W36,steered,4.0,True,0.0
BETTERPOL2F1F_W36,steered,6.0,True,0.0
BETTERPOL2F1F_W36,steered,8.0,True,0.0
BETTERPOL2F1F_W36,steered,10.0,True,4.999999914101494e-09
BETTERPOL2F1F_W36,steered,12.0,True,2.4999998687192998e-08
BETTERPOL2F1F_W36,steered,14.0,True,7.999999677835999e-08
BETTERPOL2F1F_W36,steered,16.0,True,3.700000171368708e-07
BETTERPOL2F1F_W36,steered,18.0,True,1.714999934236756e-06
BETTERPOL2F1F_W36,steered,20.0,True,9.374999516627182e-06
BILLION_W92,declared,,False,6.450000113431184e-07
BILLION_W92,steered,0.0,False,0.0
BILLION_W92,steered,2.0,False,4.265000676176728e-06
BILLION_W92,steered,4.0,False,5.170000988443786e-06
BILLION_W92,steered,6.0,False,2.6319998750768303e-05
BILLION_W92,steered,8.0,False,4.4954998670299916e-05
BILLION_W92,steered,10.0,False,0.0001603100064124129
BILLION_W92,steered,12.0,False,0.0003322649846406624
BILLION_W92,steered,14.0,False,0.0008139200285852869
BILLION_W92,steered,16.0,False,0.0015808600749492845
BILLION_W92,steered,18.0,False,0.004932350001194932
BILLION_W92,steered,20.0,False,0.01444241988516552
BOYSF1B_W29,declared,,False,0.24506200164832617
BOYSF1B_W29,steered,0.0,False,0.0
BOYSF1B_W29,steered,2.0,False,0.09750341565989755
BOYSF1B_W29,steered,4.0,False,0.2634176727658766
BOYSF1B_W29,steered,6.0,False,0.3584179126165249
BOYSF1B_W29,steered,8.0,False,0.39393473319235833
BOYSF1B_W29,steered,10.0,False,0.43320602289028054
BOYSF1B_W29,steered,12.0,False,0.44886076153417714
BOYSF1B_W29,steered,14.0,False,0.45019772348559944
BOYSF1B_W29,steered,16.0,False,0.45579894804651705
BOYSF1B_W29,steered,18.0,False,0.43937424704573913
BOYSF1B_W29,steered,20.0,False,0.4252489601729667
CANDEXP_W92,declared,,False,0.2195277099682723
CANDEXP_W92,steered,0.0,False,0.0
CANDEXP_W92,steered,2.0,False,0.0015615697904757253
CANDEXP_W92,steered,4.0,False,0.0035173796633264365
CANDEXP_W92,steered,6.0,False,0.006357509554974383
CANDEXP_W92,steered,8.0,False,0.013728300157401008
CANDEXP_W92,steered,10.0,False,0.022642118161813718
CANDEXP_W92,steered,12.0,False,0.0469954962188498
CANDEXP_W92,steered,14.0,False,0.07505475693358032
CANDEXP_W92,steered,16.0,False,0.14612140257852912
CANDEXP_W92,steered,18.0,False,0.2180935930432435
CANDEXP_W92,steered,20.0,False,0.42813410303738797
CARRYGUN_W26,declared,,False,9.300000587000019e-07
CARRYGUN_W26,steered,0.0,False,0.0
CARRYGUN_W26,steered,2.0,False,1.1000000430000015e-07
CARRYGUN_W26,steered,4.0,False,2.400000024e-07
CARRYGUN_W26,steered,6.0,False,7.199999928000002e-07
CARRYGUN_W26,steered,8.0,False,1.310000055700002e-06
CARRYGUN_W26,steered,10.0,False,3.2200000054e-06
CARRYGUN_W26,steered,12.0,False,5.420000285000013e-06
CARRYGUN_W26,steered,14.0,False,1.7849999089500046e-05
CARRYGUN_W26,steered,16.0,False,5.4079998837400006e-05
CARRYGUN_W26,steered,18.0,False,0.00018931001146310067
CARRYGUN_W26,steered,20.0,False,0.0018707498868385068
CLASS_W32,declared,,False,0.2342368988194537
CLASS_W32,steered,0.0,False,0.0
CLASS_W32,steered,2.0,False,0.1853907163227493
CLASS_W32,steered,4.0,False,0.30287442378926177
CLASS_W32,steered,6.0,False,0.3666004652144257
CLASS_W32,steered,8.0,False,0.42934463570655335
CLASS_W32,steered,10.0,False,0.5537516951072683
CLASS_W32,steered,12.0,False,0.6405989361960268
CLASS_W32,steered,14.0,False,0.7134833687363997
CLASS_W32,steered,16.0,False,0.6944154635136943
CLASS_W32,steered,18.0,False,0.5930007753320778
CLASS_W32,steered,20.0,False,0.38720451464056
COHABDUR_W50,declared,,False,0.05649040960052376
COHABDUR_W50,steered,0.0,False,0.0
COHABDUR_W50,steered,2.0,False,0.057601382961223635
COHABDUR_W50,steered,4.0,False,0.07796078346312962
COHABDUR_W50,steered,6.0,False,0.11109262333277847
COHABDUR_W50,steered,8.0,False,0.2468428081830878
COHABDUR_W50,steered,10.0,False,0.6077847651391435
COHABDUR_W50,steered,12.0,False,0.8090696222972321
COHABDUR_W50,steered,14.0,False,1.1544205777704635
COHABDUR_W50,steered,16.0,False,1.3767784668735552
COHABDUR_W50,steered,18.0,False,1.4080143396398985
COHABDUR_W50,steered,20.0,False,1.2198564271948629
COMMIMPA_W32,declared,,False,0.029190700296844896
COMMIMPA_W32,steered,0.0,False,0.0
COMMIMPA_W32,steered,2.0,False,5.6299998421049935e-06
COMMIMPA_W32,steered,4.0,False,1.0749999739823046e-05
COMMIMPA_W32,steered,6.0,False,2.5779999947239673e-05
COMMIMPA_W32,steered,8.0,False,4.3660000401346544e-05
COMMIMPA_W32,steered,10.0,False,9.45699961703017e-05
COMMIMPA_W32,steered,12.0,False,0.0002590300000456791
COMMIMPA_W32,steered,14.0,False,0.0005459500159480379
COMMIMPA_W32,steered,16.0,False,0.0011550300696063776
COMMIMPA_W32,steered,18.0,False,0.0031218896831743947
COMMIMPA_W32,steered,20.0,False,0.008318019284886735
COMMIMPB_W32,declared,,False,0.014056759432863997
COMMIMPB_W32,steered,0.0,False,0.0
COMMIMPB_W32,steered,2.0,False,3.989999472708838e-06
COMMIMPB_W32,steered,4.0,False,2.2769998455407503e-05
COMMIMPB_W32,steered,6.0,False,5.419999941380649e-05
COMMIMPB_W32,steered,8.0,False,0.00011951001367527248
COMMIMPB_W32,steered,10.0,False,0.00019796999993459963
COMMIMPB_W32,steered,12.0,False,0.0003273000061599918
COMMIMPB_W32,steered,14.0,False,0.0006925600222135175
COMMIMPB_W32,steered,16.0,False,0.001452349952574039
COMMIMPB_W32,steered,18.0,False,0.0030517497492593693
COMMIMPB_W32,steered,20.0,False,0.006143169425292028
COMMIMPC_W32,declared,,False,0.8782119445309728
COMMIMPC_W32,steered,0.0,False,0.0
COMMIMPC_W32,steered,2.0,False,0.00044851006386403824
COMMIMPC_W32,steered,4.0,False,0.001011070020221383
COMMIMPC_W32,steered,6.0,False,0.001830779946043859
COMMIMPC_W32,steered,8.0,False,0.004012429958693109
COMMIMPC_W32,steered,10.0,False,0.006627439398763757
COMMIMPC_W32,steered,12.0,False,0.01091329956033893
COMMIMPC_W32,steered,14.0,False,0.022799228396818028
COMMIMPC_W32,steered,16.0,False,0.05971066059710661
COMMIMPC_W32,steered,18.0,False,0.11770766603618532
COMMIMPC_W32,steered,20.0,False,0.21601247242847066
COMMIMPF_W32,declared,,False,0.0031595997873306025
COMMIMPF_W32,steered,0.0,False,0.0
COMMIMPF_W32,steered,2.0,False,3.0769998801138954e-05
COMMIMPF_W32,steered,4.0,False,0.00010672999326089005
COMMIMPF_W32,steered,6.0,False,0.0001820600069701861
COMMIMPF_W32,steered,8.0,False,0.00041780999960583376
COMMIMPF_W32,steered,10.0,False,0.0008871200086237874
COMMIMPF_W32,steered,12.0,False,0.001897019958229329
COMMIMPF_W32,steered,14.0,False,0.005156420264031292
COMMIMPF_W32,steered,16.0,False,0.010807369902648412
COMMIMPF_W32,steered,18.0,False,0.022425210946936946
COMMIMPF_W32,steered,20.0,False,0.045728207188097225
COMMIMPG_W32,declared,,False,0.0941844014181229
COMMIMPG_W32,steered,0.0,False,0.0
COMMIMPG_W32,steered,2.0,False,5.6299998421049935e-06
COMMIMPG_W32,steered,4.0,False,1.5329999750846035e-05
COMMIMPG_W32,steered,6.0,False,3.431000141540519e-05
COMMIMPG_W32,steered,8.0,False,5.736999940741949e-05
COMMIMPG_W32,steered,10.0,False,0.00015751999524593607
COMMIMPG_W32,steered,12.0,False,0.0003342399765652315
COMMIMPG_W32,steered,14.0,False,0.0009093600182507044
COMMIMPG_W32,steered,16.0,False,0.001921720038263186
COMMIMPG_W32,steered,18.0,False,0.005206959895705188
COMMIMPG_W32,steered,20.0,False,0.010903579562155152
COMMIMPH_W32,declared,,False,0.01119302905179094
COMMIMPH_W32,steered,0.0,False,0.0
COMMIMPH_W32,steered,2.0,False,0.2430833971276404
COMMIMPH_W32,steered,4.0,False,0.36150302647183713
COMMIMPH_W32,steered,6.0,False,0.5135947726269168
COMMIMPH_W32,steered,8.0,False,0.6027685244980633
COMMIMPH_W32,steered,10.0,False,0.6052622802712667
COMMIMPH_W32,steered,12.0,False,0.5666642143333581
COMMIMPH_W32,steered,14.0,False,0.5009170545540405
COMMIMPH_W32,steered,16.0,False,0.2899352933839643
COMMIMPH_W32,steered,18.0,False,0.07521006133082271
COMMIMPH_W32,steered,20.0,False,0.33268827646587223
COMMYRS_W32,declared,,False,0.61452676704172
COMMYRS_W32,steered,0.0,False,0.0
COMMYRS_W32,steered,2.0,False,0.0006096199483819342
COMMYRS_W32,steered,4.0,False,0.00131244999490443
COMMYRS_W32,steered,6.0,False,0.005869609305812262
COMMYRS_W32,steered,8.0,False,0.010577320337710416
COMMYRS_W32,steered,10.0,False,0.015455190269507812
COMMYRS_W32,steered,12.0,False,0.015385768054766769
COMMYRS_W32,steered,14.0,False,0.015289799062254139
COMMYRS_W32,steered,16.0,False,0.030179300064417713
COMMYRS_W32,steered,18.0,False,0.14488665753378427
COMMYRS_W32,steered,20.0,False,0.818155044303556
CONCERNCO_W49,declared,,False,0.014813750539601545
CONCERNCO_W49,steered,0.0,False,0.0
CONCERNCO_W49,steered,2.0,False,0.000908339933682889
CONCERNCO_W49,steered,4.0,False,0.0017683300063400242
CONCERNCO_W49,steered,6.0,False,0.003995380002247528
CONCERNCO_W49,steered,8.0,False,0.008542280171910832
CONCERNCO_W49,steered,10.0,False,0.017955300178924216
CONCERNCO_W49,steered,12.0,False,0.04738607236726056
CONCERNCO_W49,steered,14.0,False,0.07579985075624351
CONCERNCO_W49,steered,16.0,False,0.1823018645816683
CONCERNCO_W49,steered,18.0,False,0.32038953431260686
CONCERNCO_W49,steered,20.0,False,0.5599857982621165
CONCERNGRPa_W49,declared,,False,1.168749531733917
CONCERNGRPa_W49,steered,0.0,False,0.0
CONCERNGRPa_W49,steered,2.0,False,0.23086653560941225
CONCERNGRPa_W49,steered,4.0,False,0.43815980832130097
CONCERNGRPa_W49,steered,6.0,False,0.4859927694519181
CONCERNGRPa_W49,steered,8.0,False,0.5075549023205259
CONCERNGRPa_W49,steered,10.0,False,0.4535860382489772
CONCERNGRPa_W49,steered,12.0,False,0.2702597339499184
CONCERNGRPa_W49,steered,14.0,False,0.31017534429341437
CONCERNGRPa_W49,steered,16.0,False,0.4156634627245081
CONCERNGRPa_W49,steered,18.0,False,0.554022088415633
CONCERNGRPa_W49,steered,20.0,False,0.690699907341475
CONCERNGRPc_W49,declared,,False,0.22149996979703757
CONCERNGRPc_W49,steered,0.0,False,0.0
CONCERNGRPc_W49,steered,2.0,False,0.003923179423948227
CONCERNGRPc_W49,steered,4.0,False,0.014526123665041777
CONCERNGRPc_W49,steered,6.0,False,0.022682558948533143
CONCERNGRPc_W49,steered,8.0,False,0.03145951037880529
CONCERNGRPc_W49,steered,10.0,False,0.06401799077753668
CONCERNGRPc_W49,steered,12.0,False,0.1470832627671237
CONCERNGRPc_W49,steered,14.0,False,0.28678589275490957
CONCERNGRPc_W49,steered,16.0,False,0.4571611781384748
CONCERNGRPc_W49,steered,18.0,False,0.5849093378356471
CONCERNGRPc_W49,steered,20.0,False,0.69337315660885
CONFb_W42,declared,,False,0.002314639749481378
CONFb_W42,steered,0.0,False,0.0
CONFb_W42,steered,2.0,False,0.00451071018042854
CONFb_W42,steered,4.0,False,0.013728870730052104
CONFb_W42,steered,6.0,False,0.029190990578881304
CONFb_W42,steered,8.0,False,0.047336328099812953
CONFb_W42,steered,10.0,False,0.11914028073610566
CONFb_W42,steered,12.0,False,0.18244781459335105
CONFb_W42,steered,14.0,False,0.24537139964020424
CONFb_W42,steered,16.0,False,0.22341928222862895
CONFb_W42,steered,18.0,False,0.18316356627765373
CONFb_W42,steered,20.0,False,0.11910596759283563
CONFc_W42,declared,,False,0.0063500786080703505
CONFc_W42,steered,0.0,False,0.0
CONFc_W42,steered,2.0,False,0.006685780440387015
CONFc_W42,steered,4.0,False,0.01660637982153622
CONFc_W42,steered,6.0,False,0.07499895925001038
CONFc_W42,steered,8.0,False,0.22174900661354807
CONFc_W42,steered,10.0,False,0.4373626880898928
CONFc_W42,steered,12.0,False,0.6510207070007472
CONFc_W42,steered,14.0,False,0.7066628132618464
CONFc_W42,steered,16.0,False,0.6569282067536918
CONFc_W42,steered,18.0,False,0.5151563202172342
CONFc_W42,steered,20.0,False,0.3621332963387206
CONFe_W42,declared,,False,3.849999899809444e-06
CONFe_W42,steered,0.0,False,0.0
CONFe_W42,steered,2.0,False,8.600000203566934e-07
CONFe_W42,steered,4.0,False,3.119999998888479e-06
CONFe_W42,steered,6.0,False,1.66899984874404e-05
CONFe_W42,steered,8.0,False,7.727000387799872e-05
CONFe_W42,steered,10.0,False,0.00044468004450493113
CONFe_W42,steered,12.0,False,0.0018781499061183214
CONFe_W42,steered,14.0,False,0.005761949480970963
CONFe_W42,steered,16.0,False,0.00946765075803059
CONFe_W42,steered,18.0,False,0.010466909471443816
CONFe_W42,steered,20.0,False,0.007375770367307707
CONFg_W42,declared,,False,1.0600000000999999e-06
CONFg_W42,steered,0.0,False,0.0
CONFg_W42,steered,2.0,False,1.6100000324999984e-06
CONFg_W42,steered,4.0,False,7.069999762795146e-06
CONFg_W42,steered,6.0,False,2.099999936495772e-05
CONFg_W42,steered,8.0,False,9.551999903643556e-05
CONFg_W42,steered,10.0,False,0.0005531200498218654
CONFg_W42,steered,12.0,False,0.0031858400000226443
CONFg_W42,steered,14.0,False,0.012534701128556414
CONFg_W42,steered,16.0,False,0.0296637894065559
CONFg_W42,steered,18.0,False,0.033813589659565574
CONFg_W42,steered,20.0,False,0.021432080870557663
CONTROLCO_W49,declared,,False,9.279999851811023e-06
CONTROLCO_W49,steered,0.0,False,0.0
CONTROLCO_W49,steered,2.0,False,3.780999807800005e-05
CONTROLCO_W49,steered,4.0,False,8.35899976671e-05
CONTROLCO_W49,steered,6.0,False,4.499000158439997e-05
CONTROLCO_W49,steered,8.0,False,0.0
CONTROLCO_W49,steered,10.0,False,0.0013031600598128609
CONTROLCO_W49,steered,12.0,False,0.014814140423191437
CONTROLCO_W49,steered,14.0,False,0.08677652364261322
CONTROLCO_W49,steered,16.0,False,0.1788482852741438
CONTROLCO_W49,steered,18.0,False,0.24681131813370447
CONTROLCO_W49,steered,20.0,False,0.17362250444970795
CONTROLGRPc_W49,declared,,False,0.21795919808719777
CONTROLGRPc_W49,steered,0.0,False,0.0
CONTROLGRPc_W49,steered,2.0,False,0.07236465505151757
CONTROLGRPc_W49,steered,4.0,False,0.16256833187158326
CONTROLGRPc_W49,steered,6.0,False,0.2731816802021052
CONTROLGRPc_W49,steered,8.0,False,0.4521598004832235
CONTROLGRPc_W49,steered,10.0,False,0.5143875955146552
CONTROLGRPc_W49,steered,12.0,False,0.6833295699450649
CONTROLGRPc_W49,steered,14.0,False,0.7173329922312897
CONTROLGRPc_W49,steered,16.0,False,0.7871737612259506
CONTROLGRPc_W49,steered,18.0,False,0.824920904438108
CONTROLGRPc_W49,steered,20.0,False,0.8486398223577295
DATAUSEd_W49,declared,,False,0.1208942748640024
DATAUSEd_W49,steered,0.0,False,0.0
DATAUSEd_W49,steered,2.0,False,4.4996188898194234e-05
DATAUSEd_W49,steered,4.0,False,0.0004293882641778213
DATAUSEd_W49,steered,6.0,False,0.0003943385150024792
DATAUSEd_W49,steered,8.0,False,0.0009660804539279866
DATAUSEd_W49,steered,10.0,False,0.002092640910247856
DATAUSEd_W49,steered,12.0,False,0.0032660489835611983
DATAUSEd_W49,steered,14.0,False,0.0032933910380884557
DATAUSEd_W49,steered,16.0,False,0.0018846369359026838
DATAUSEd_W49,steered,18.0,False,0.015248606421258026
DATAUSEd_W49,steered,20.0,False,0.10121669594946447
DNA2b_W50,declared,,False,0.9385105004219089
DNA2b_W50,steered,0.0,False,0.0
DNA2b_W50,steered,2.0,False,0.08651591894696709
DNA2b_W50,steered,4.0,False,0.22949348459566732
DNA2b_W50,steered,6.0,False,0.2016183844152145
DNA2b_W50,steered,8.0,False,0.25833774271363374
DNA2b_W50,steered,10.0,False,0.30168248867378
DNA2b_W50,steered,12.0,False,0.31745401747204693
DNA2b_W50,steered,14.0,False,0.3777368356635623
DNA2b_W50,steered,16.0,False,0.40465053713951615
DNA2b_W50,steered,18.0,False,0.317091498036405
DNA2b_W50,steered,20.0,False,0.1791786896246393
DNA5_W50,declared,,False,5.133000034799998e-05
DNA5_W50,steered,0.0,False,0.0
DNA5_W50,steered,2.0,False,0.00015688995816759887
DNA5_W50,steered,4.0,False,0.0002013799686409021
DNA5_W50,steered,6.0,False,0.00045984000249829995
DNA5_W50,steered,8.0,False,0.0007915100442170003
DNA5_W50,steered,10.0,False,0.0014403899010952041
DNA5_W50,steered,12.0,False,0.001561569946647702
DNA5_W50,steered,14.0,False,0.0027451197709434027
DNA5_W50,steered,16.0,False,0.0027451197709434027
DNA5_W50,steered,18.0,False,0.003037909837194406
DNA5_W50,steered,20.0,False,0.0038054800139321002
E5MOD_W50,declared,,False,1.4000000219999977e-07
E5MOD_W50,steered,0.0,False,0.0
E5MOD_W50,steered,2.0,False,1.999999940000001e-08
E5MOD_W50,steered,4.0,False,6.99999972000001e-08
E5MOD_W50,steered,6.0,False,1.1000000670000032e-07
E5MOD_W50,steered,8.0,False,4.0000000440000003e-07
E5MOD_W50,steered,10.0,False,1.3799998868000092e-06
E5MOD_W50,steered,12.0,False,8.820000189400003e-06
E5MOD_W50,steered,14.0,False,9.21200009212e-05
E5MOD_W50,steered,16.0,False,0.0009721300388852018
E5MOD_W50,steered,18.0,False,0.0076279199243184
E5MOD_W50,steered,20.0,False,0.0634066874372194
E5_W36,declared,,False,6.0710004597400165e-05
E5_W36,steered,0.0,False,0.0
E5_W36,steered,2.0,False,0.002002141565261268
E5_W36,steered,4.0,False,4.69000011829937e-06
E5_W36,steered,6.0,False,0.007838281471776759
E5_W36,steered,8.0,False,0.048874895282976144
E5_W36,steered,10.0,False,0.0956883247742372
E5_W36,steered,12.0,False,0.2504626876989201
E5_W36,steered,14.0,False,0.4543063190861264
E5_W36,steered,16.0,False,0.41470185550740235
E5_W36,steered,18.0,False,0.15653812567983388
E5_W36,steered,20.0,False,0.28819813999999994
EAT1_W34,declared,,False,0.06435322100676363
EAT1_W34,steered,0.0,False,0.0
EAT1_W34,steered,2.0,False,0.22151551256309743
EAT1_W34,steered,4.0,False,0.4706710691203831
EAT1_W34,steered,6.0,False,0.803475705472493
EAT1_W34,steered,8.0,False,0.9415321185123309
EAT1_W34,steered,10.0,False,0.9620381687216985
EAT1_W34,steered,12.0,False,0.9683256600312056
EAT1_W34,steered,14.0,False,0.953968751277253
EAT1_W34,steered,16.0,False,0.8249902773386566
EAT1_W34,steered,18.0,False,0.49819366029853457
EAT1_W34,steered,20.0,False,0.1942521658605555
EAT2_W34,declared,,False,0.6304880836951192
EAT2_W34,steered,0.0,False,0.0
EAT2_W34,steered,2.0,False,0.24617222227274776
EAT2_W34,steered,4.0,False,0.5827569420767346
EAT2_W34,steered,6.0,False,0.7974435011648846
EAT2_W34,steered,8.0,False,0.6776393549604746
EAT2_W34,steered,10.0,False,0.7883197447207205
EAT2_W34,steered,12.0,False,0.975785741583701
EAT2_W34,steered,14.0,False,0.9049421414803646
EAT2_W34,steered,16.0,False,0.9444210288207913
EAT2_W34,steered,18.0,False,1.0106794202800555
EAT2_W34,steered,20.0,False,0.9930721191830787
EAT5B_W34,declared,,False,0.05787198754439229
EAT5B_W34,steered,0.0,False,0.0
EAT5B_W34,steered,2.0,False,0.0019202499587061726
EAT5B_W34,steered,4.0,False,0.004886949745659863
EAT5B_W34,steered,6.0,False,0.013738289728486456
EAT5B_W34,steered,8.0,False,0.022482738801689554
EAT5B_W34,steered,10.0,False,0.04645947902250651
EAT5B_W34,steered,12.0,False,0.07323775989520359
EAT5B_W34,steered,14.0,False,0.08644399345775974
EAT5B_W34,steered,16.0,False,0.09404850454298687
EAT5B_W34,steered,18.0,False,0.03481481284794701
EAT5B_W34,steered,20.0,False,0.1506353514417615
EAT5C_W34,declared,,False,2.9999998928203026e-08
EAT5C_W34,steered,0.0,False,0.0
EAT5C_W34,steered,2.0,False,1.0000000590505522e-07
EAT5C_W34,steered,4.0,False,2.4000000586146104e-07
EAT5C_W34,steered,6.0,False,6.699999598955743e-07
EAT5C_W34,steered,8.0,False,2.589999982029605e-06
EAT5C_W34,steered,10.0,False,1.1580000853717293e-05
EAT5C_W34,steered,12.0,False,5.803000361917825e-05
EAT5C_W34,steered,14.0,False,0.00025325000459133936
EAT5C_W34,steered,16.0,False,0.0016111300810541923
EAT5C_W34,steered,18.0,False,0.006196710689749604
EAT5C_W34,steered,20.0,False,0.016386081821367856
EAT5D_W34,declared,,False,9.999999828202988e-09
EAT5D_W34,steered,0.0,False,0.0
EAT5D_W34,steered,2.0,False,1.999999930615839e-08
EAT5D_W34,steered,4.0,False,2.9999998563363615e-08
EAT5D_W34,steered,6.0,False,8.000000250604539e-08
EAT5D_W34,steered,8.0,False,5.200000252298783e-07
EAT5D_W34,steered,10.0,False,2.3899997988177797e-06
EAT5D_W34,steered,12.0,False,1.1710000241831225e-05
EAT5D_W34,steered,14.0,False,8.243000165689148e-05
EAT5D_W34,steered,16.0,False,0.0005953500358944774
EAT5D_W34,steered,18.0,False,0.0026291397624145308
EAT5D_W34,steered,20.0,False,0.00903596981760368
ECIMPg_W54,declared,,False,0.0
ECIMPg_W54,steered,0.0,False,0.0
ECIMPg_W54,steered,2.0,False,1.200000024348391e-07
ECIMPg_W54,steered,4.0,False,4.5499999945519676e-07
ECIMPg_W54,steered,6.0,False,1.3849999301318583e-06
ECIMPg_W54,steered,8.0,False,3.894999883180539e-06
ECIMPg_W54,steered,10.0,False,1.5559999997194485e-05
ECIMPg_W54,steered,12.0,False,6.987500419181059e-05
ECIMPg_W54,steered,14.0,False,0.00040201501607911583
ECIMPg_W54,steered,16.0,False,0.002611849791019083
ECIMPg_W54,steered,18.0,False,0.011508829654302943
ECIMPg_W54,steered,20.0,False,0.06677951700348728
ECON1_W54,declared,,False,0.3170678227744921
ECON1_W54,steered,0.0,False,0.0
ECON1_W54,steered,2.0,False,0.4799792425885089
ECON1_W54,steered,4.0,False,0.6983571952563595
ECON1_W54,steered,6.0,False,0.6981747325537174
ECON1_W54,steered,8.0,False,0.7561257390581665
ECON1_W54,steered,10.0,False,0.6846303626915546
ECON1_W54,steered,12.0,False,0.6307402365859526
ECON1_W54,steered,14.0,False,0.49072395107076405
ECON1_W54,steered,16.0,False,0.17763713972497236
ECON1_W54,steered,18.0,False,0.20674242620227287
ECON1_W54,steered,20.0,False,0.5322145800382322
ECON3_d_W54,declared,,False,0.06322307992757126
ECON3_d_W54,steered,0.0,False,0.0
ECON3_d_W54,steered,2.0,False,0.08796203740244957
ECON3_d_W54,steered,4.0,False,0.1933946217216025
ECON3_d_W54,steered,6.0,False,0.2548995373103662
ECON3_d_W54,steered,8.0,False,0.31231321341062357
ECON3_d_W54,steered,10.0,False,0.31690559028929266
ECON3_d_W54,steered,12.0,False,0.37462953511215336
ECON3_d_W54,steered,14.0,False,0.43581538438295786
ECON3_d_W54,steered,16.0,False,0.4980074549465325
ECON3_d_W54,steered,18.0,False,0.4958540697328727
ECON3_d_W54,steered,20.0,False,0.5503292411070141
ECON4_a_W54,declared,,False,0.4141359398094211
ECON4_a_W54,steered,0.0,False,0.0
ECON4_a_W54,steered,2.0,False,0.36293259527441873
ECON4_a_W54,steered,4.0,False,0.642265384803409
ECON4_a_W54,steered,6.0,False,0.9400061863857048
ECON4_a_W54,steered,8.0,False,1.2155708438587527
ECON4_a_W54,steered,10.0,False,1.4093898247991432
ECON4_a_W54,steered,12.0,False,1.4644620674250644
ECON4_a_W54,steered,14.0,False,1.4836148003538918
ECON4_a_W54,steered,16.0,False,1.5595976676160936
ECON4_a_W54,steered,18.0,False,1.5485898961261713
ECON4_a_W54,steered,20.0,False,1.3960302512309046
ECON4_b_W54,declared,,False,0.0008828365751674405
ECON4_b_W54,steered,0.0,False,0.0
ECON4_b_W54,steered,2.0,False,0.01068419934735481
ECON4_b_W54,steered,4.0,False,0.026682689862892694
ECON4_b_W54,steered,6.0,False,0.07379876555030898
ECON4_b_W54,steered,8.0,False,0.10585446918654866
ECON4_b_W54,steered,10.0,False,0.1655428464297383
ECON4_b_W54,steered,12.0,False,0.2236304464694969
ECON4_b_W54,steered,14.0,False,0.2843069993321069
ECON4_b_W54,steered,16.0,False,0.28357663532575095
ECON4_b_W54,steered,18.0,False,0.20883075987334337
ECON4_b_W54,steered,20.0,False,0.1055341092582806
ECON4_e_W54,declared,,False,0.16377746671168075
ECON4_e_W54,steered,0.0,False,0.0
ECON4_e_W54,steered,2.0,False,0.33390074018922217
ECON4_e_W54,steered,4.0,False,0.8019602306738205
ECON4_e_W54,steered,6.0,False,1.1248186868169272
ECON4_e_W54,steered,8.0,False,1.3722501548170083
ECON4_e_W54,steered,10.0,False,1.4896452297064686
ECON4_e_W54,steered,12.0,False,1.5104773903220086
ECON4_e_W54,steered,14.0,False,1.428016427120657
ECON4_e_W54,steered,16.0,False,1.251699010744062
ECON4_e_W54,steered,18.0,False,0.9358131828236212
ECON4_e_W54,steered,20.0,False,0.44970924576162974
ECON4_f_W54,declared,,False,0.07990455792536857
ECON4_f_W54,steered,0.0,False,0.0
ECON4_f_W54,steered,2.0,False,0.0035591101042383244
ECON4_f_W54,steered,4.0,False,0.009859429320421314
ECON4_f_W54,steered,6.0,False,0.02161597971526637
ECON4_f_W54,steered,8.0,False,0.0513011619778125
ECON4_f_W54,steered,10.0,False,0.09811536302408266
ECON4_f_W54,steered,12.0,False,0.14238813016853238
ECON4_f_W54,steered,14.0,False,0.18911844162672847
ECON4_f_W54,steered,16.0,False,0.1786474590254288
ECON4_f_W54,steered,18.0,False,0.09034414764051625
ECON4_f_W54,steered,20.0,False,0.09999601517546158
ECON4_g_W54,declared,,False,0.2622485855796148
ECON4_g_W54,steered,0.0,False,0.0
ECON4_g_W54,steered,2.0,False,0.629252674428832
ECON4_g_W54,steered,4.0,False,0.8924874609485178
ECON4_g_W54,steered,6.0,False,0.9590364103295976
ECON4_g_W54,steered,8.0,False,0.9780261209888239
ECON4_g_W54,steered,10.0,False,0.9780260816480432
ECON4_g_W54,steered,12.0,False,0.9773587909365646
ECON4_g_W54,steered,14.0,False,0.9597005732973305
ECON4_g_W54,steered,16.0,False,0.9131543676143878
ECON4_g_W54,steered,18.0,False,0.7841258117870131
ECON4_g_W54,steered,20.0,False,0.5697479373222925
ECON5_b_W54,declared,,False,0.005426794822432329
ECON5_b_W54,steered,0.0,False,0.0
ECON5_b_W54,steered,2.0,False,0.004006481063134762
ECON5_b_W54,steered,4.0,False,0.026409099259762293
ECON5_b_W54,steered,6.0,False,0.051850909665630975
ECON5_b_W54,steered,8.0,False,0.07080460384026206
ECON5_b_W54,steered,10.0,False,0.09402404008119838
ECON5_b_W54,steered,12.0,False,0.12444331289946772
ECON5_b_W54,steered,14.0,False,0.14748208931575846
ECON5_b_W54,steered,16.0,False,0.12722670242716616
ECON5_b_W54,steered,18.0,False,0.12002492657067977
ECON5_b_W54,steered,20.0,False,0.10618304060636348
ECON5_c_W54,declared,,False,3.83449967567097e-05
ECON5_c_W54,steered,0.0,False,0.0
ECON5_c_W54,steered,2.0,False,3.1965000361861064e-05
ECON5_c_W54,steered,4.0,False,0.00016120999899819758
ECON5_c_W54,steered,6.0,False,0.0004913250204697909
ECON5_c_W54,steered,8.0,False,0.0015317399389400675
ECON5_c_W54,steered,10.0,False,0.0054713496145027095
ECON5_c_W54,steered,12.0,False,0.01224465975382844
ECON5_c_W54,steered,14.0,False,0.01949351559580518
ECON5_c_W54,steered,16.0,False,0.02735306275832017
ECON5_c_W54,steered,18.0,False,0.03504603537174904
ECON5_c_W54,steered,20.0,False,0.03615217353697301
ECON5_d_W54,declared,,False,0.01938643140623754
ECON5_d_W54,steered,0.0,False,0.0
ECON5_d_W54,steered,2.0,False,0.0011359749736223905
ECON5_d_W54,steered,4.0,False,0.0027876302527040744
ECON5_d_W54,steered,6.0,False,0.007581934753261329
ECON5_d_W54,steered,8.0,False,0.017721649462804474
ECON5_d_W54,steered,10.0,False,0.02280797135994405
ECON5_d_W54,steered,12.0,False,0.03302083531834889
ECON5_d_W54,steered,14.0,False,0.03771392121330555
ECON5_d_W54,steered,16.0,False,0.02926315092894645
ECON5_d_W54,steered,18.0,False,0.022002345947868117
ECON5_d_W54,steered,20.0,False,0.0249052305909193
ECON5_e_W54,declared,,False,0.002051830107528354
ECON5_e_W54,steered,0.0,False,0.0
ECON5_e_W54,steered,2.0,False,0.0022793352753843373
ECON5_e_W54,steered,4.0,False,0.00431700047489535
ECON5_e_W54,steered,6.0,False,0.007901774661181044
ECON5_e_W54,steered,8.0,False,0.017224578057301307
ECON5_e_W54,steered,10.0,False,0.02486225417588868
ECON5_e_W54,steered,12.0,False,0.027771975680901118
ECON5_e_W54,steered,14.0,False,0.040547125205342614
ECON5_e_W54,steered,16.0,False,0.026606881442126567
ECON5_e_W54,steered,18.0,False,0.018717395923953606
ECON5_e_W54,steered,20.0,False,0.009599182954486852
ECON5_f_W54,declared,,False,8.570000850610195e-06
ECON5_f_W54,steered,0.0,False,0.0
ECON5_f_W54,steered,2.0,False,3.028000006384536e-05
ECON5_f_W54,steered,4.0,False,9.007999979647245e-05
ECON5_f_W54,steered,6.0,False,0.000473004990539857
ECON5_f_W54,steered,8.0,False,0.0016393400324297544
ECON5_f_W54,steered,10.0,False,0.00578568965151441
ECON5_f_W54,steered,12.0,False,0.01233122512468067
ECON5_f_W54,steered,14.0,False,0.017026364490120384
ECON5_f_W54,steered,16.0,False,0.019097069234293714
ECON5_f_W54,steered,18.0,False,0.01619787547979816
ECON5_f_W54,steered,20.0,False,0.017032799654822413
ECON5_g_W54,declared,,False,0.028786222883701713
ECON5_g_W54,steered,0.0,False,0.0
ECON5_g_W54,steered,2.0,False,0.08967101213252122
ECON5_g_W54,steered,4.0,False,0.12346218674134589
ECON5_g_W54,steered,6.0,False,0.12994720124799208
ECON5_g_W54,steered,8.0,False,0.13724958510833857
ECON5_g_W54,steered,10.0,False,0.10035486680536389
ECON5_g_W54,steered,12.0,False,0.09003776662567846
ECON5_g_W54,steered,14.0,False,0.08867253486239615
ECON5_g_W54,steered,16.0,False,0.07567752443417322
ECON5_g_W54,steered,18.0,False,0.04719648252007241
ECON5_g_W54,steered,20.0,False,0.014445251128520775
ECON5_h_W54,declared,,False,0.004246836033510868
ECON5_h_W54,steered,0.0,False,0.0
ECON5_h_W54,steered,2.0,False,0.006659119791495446
ECON5_h_W54,steered,4.0,False,0.01651958078103368
ECON5_h_W54,steered,6.0,False,0.036853027767487924
ECON5_h_W54,steered,8.0,False,0.04734190599249574
ECON5_h_W54,steered,10.0,False,0.061905841336800244
ECON5_h_W54,steered,12.0,False,0.06400502802115418
ECON5_h_W54,steered,14.0,False,0.051494873206058916
ECON5_h_W54,steered,16.0,False,0.02716926236295352
ECON5_h_W54,steered,18.0,False,0.013799255000000054
ECON5_h_W54,steered,20.0,False,0.004381180231681158
ECON5_i_W54,declared,,False,5.479999893559053e-06
ECON5_i_W54,steered,0.0,False,0.0
ECON5_i_W54,steered,2.0,False,2.9549999009433898e-05
ECON5_i_W54,steered,4.0,False,0.00012181999723343269
ECON5_i_W54,steered,6.0,False,0.0004204699971149486
ECON5_i_W54,steered,8.0,False,0.0017193799131824776
ECON5_i_W54,steered,10.0,False,0.005278594832507152
ECON5_i_W54,steered,12.0,False,0.014371559418875138
ECON5_i_W54,steered,14.0,False,0.016620140986609175
ECON5_i_W54,steered,16.0,False,0.013361896483542104
ECON5_i_W54,steered,18.0,False,0.008148390199437036
ECON5_i_W54,steered,20.0,False,0.005808254767669927
ECON5_j_W54,declared,,False,0.08436362735920197
ECON5_j_W54,steered,0.0,False,0.0
ECON5_j_W54,steered,2.0,False,0.016063994916449446
ECON5_j_W54,steered,4.0,False,0.05956016161245375
ECON5_j_W54,steered,6.0,False,0.09513616498657544
ECON5_j_W54,steered,8.0,False,0.11944007879290439
ECON5_j_W54,steered,10.0,False,0.12044591844358365
ECON5_j_W54,steered,12.0,False,0.0978722380377862
ECON5_j_W54,steered,14.0,False,0.06466292611066897
ECON5_j_W54,steered,16.0,False,0.041946624157698155
ECON5_j_W54,steered,18.0,False,0.02302472046916946
ECON5_j_W54,steered,20.0,False,0.013881905540469804
ECON5_k_W54,declared,,False,1.2599998942061942e-05
ECON5_k_W54,steered,0.0,False,0.0
ECON5_k_W54,steered,2.0,False,2.1019999488989345e-05
ECON5_k_W54,steered,4.0,False,7.181000333571692e-05
ECON5_k_W54,steered,6.0,False,0.00014233500793224744
ECON5_k_W54,steered,8.0,False,0.00029105501677679786
ECON5_k_W54,steered,10.0,False,0.000533095049855916
ECON5_k_W54,steered,12.0,False,0.0010740149572508874
ECON5_k_W54,steered,14.0,False,0.00271239530104122
ECON5_k_W54,steered,16.0,False,0.009356820669829832
ECON5_k_W54,steered,18.0,False,0.015080376286588884
ECON5_k_W54,steered,20.0,False,0.02788605226375422
ELECT_CONF3_PRVFR_W92,declared,,False,9.900000281697591e-06
ELECT_CONF3_PRVFR_W92,steered,0.0,False,0.0
ELECT_CONF3_PRVFR_W92,steered,2.0,False,3.0099997828899668e-06
ELECT_CONF3_PRVFR_W92,steered,4.0,False,1.3189999805902321e-05
ELECT_CONF3_PRVFR_W92,steered,6.0,False,6.090999685126966e-05
ELECT_CONF3_PRVFR_W92,steered,8.0,False,0.00045018999997966085
ELECT_CONF3_PRVFR_W92,steered,10.0,False,0.0015833999523646568
ELECT_CONF3_PRVFR_W92,steered,12.0,False,0.011680509649584649
ELECT_CONF3_PRVFR_W92,steered,14.0,False,0.033660380000763296
ELECT_CONF3_PRVFR_W92,steered,16.0,False,0.057394545979992224
ELECT_CONF3_PRVFR_W92,steered,18.0,False,0.07248402144900712
ELECT_CONF3_PRVFR_W92,steered,20.0,False,0.08773467176250298
ELECT_CONF3_PRVSUP_W92,declared,,False,0.01776533854863653
ELECT_CONF3_PRVSUP_W92,steered,0.0,False,0.0
ELECT_CONF3_PRVSUP_W92,steered,2.0,False,0.014817229587042995
ELECT_CONF3_PRVSUP_W92,steered,4.0,False,0.045939220859838405
ELECT_CONF3_PRVSUP_W92,steered,6.0,False,0.14690528594288468
ELECT_CONF3_PRVSUP_W92,steered,8.0,False,0.31998073673717986
ELECT_CONF3_PRVSUP_W92,steered,10.0,False,0.5615593880982194
ELECT_CONF3_PRVSUP_W92,steered,12.0,False,0.6784928800044848
ELECT_CONF3_PRVSUP_W92,steered,14.0,False,0.7761877522381225
ELECT_CONF3_PRVSUP_W92,steered,16.0,False,0.7300401154869927
ELECT_CONF3_PRVSUP_W92,steered,18.0,False,0.5621689732016941
ELECT_CONF3_PRVSUP_W92,steered,20.0,False,0.3514275170341223
ELECT_IMPT3_PRVFR_W92,declared,,False,1.9999999323339068e-08
ELECT_IMPT3_PRVFR_W92,steered,0.0,False,0.0
ELECT_IMPT3_PRVFR_W92,steered,2.0,False,1.9999999323339068e-08
ELECT_IMPT3_PRVFR_W92,steered,4.0,False,1.999999899027216e-08
ELECT_IMPT3_PRVFR_W92,steered,6.0,False,9.000000167347366e-08
ELECT_IMPT3_PRVFR_W92,steered,8.0,False,1.5000000708198513e-07
ELECT_IMPT3_PRVFR_W92,steered,10.0,False,4.1999998667829885e-07
ELECT_IMPT3_PRVFR_W92,steered,12.0,False,8.89999975939304e-07
ELECT_IMPT3_PRVFR_W92,steered,14.0,False,3.119999927303496e-06
ELECT_IMPT3_PRVFR_W92,steered,16.0,False,1.1060000178253482e-05
ELECT_IMPT3_PRVFR_W92,steered,18.0,False,3.975999900396321e-05
ELECT_IMPT3_PRVFR_W92,steered,20.0,False,0.00011861001367052815
ESSENBIZF2E_W36,declared,,False,0.10513934196215148
ESSENBIZF2E_W36,steered,0.0,False,0.0
ESSENBIZF2E_W36,steered,2.0,False,0.004510459603679684
ESSENBIZF2E_W36,steered,4.0,False,0.010783509564591065
ESSENBIZF2E_W36,steered,6.0,False,0.029216130004805052
ESSENBIZF2E_W36,steered,8.0,False,0.060011798194406496
ESSENBIZF2E_W36,steered,10.0,False,0.11914461476986493
ESSENBIZF2E_W36,steered,12.0,False,0.2226152944067522
ESSENBIZF2E_W36,steered,14.0,False,0.377382104901547
ESSENBIZF2E_W36,steered,16.0,False,0.5615499268903402
ESSENBIZF2E_W36,steered,18.0,False,0.6755852270073595
ESSENBIZF2E_W36,steered,20.0,False,0.8316430716835692
ESSENBIZF2J_W36,declared,,False,0.09622569449518892
ESSENBIZF2J_W36,steered,0.0,False,0.0
ESSENBIZF2J_W36,steered,2.0,False,0.0009083199635503414
ESSENBIZF2J_W36,steered,4.0,False,0.0030492900341958507
ESSENBIZF2J_W36,steered,6.0,False,0.00850263025807474
ESSENBIZF2J_W36,steered,8.0,False,0.017940809821046733
ESSENBIZF2J_W36,steered,10.0,False,0.03728148373087237
ESSENBIZF2J_W36,steered,12.0,False,0.07579987924083542
ESSENBIZF2J_W36,steered,14.0,False,0.14795104704097906
ESSENBIZF2J_W36,steered,16.0,False,0.2224695322339153
ESSENBIZF2J_W36,steered,18.0,False,0.3770525700146352
ESSENBIZF2J_W36,steered,20.0,False,0.5604756212265162
ESSENPOLF1A_W36,declared,,False,9.99999993922529e-09
ESSENPOLF1A_W36,steered,0.0,False,0.0
ESSENPOLF1A_W36,steered,2.0,False,0.0
ESSENPOLF1A_W36,steered,4.0,False,9.99999993922529e-09
ESSENPOLF1A_W36,steered,6.0,False,3.999999775849972e-08
ESSENPOLF1A_W36,steered,8.0,False,1.2999999732254963e-07
ESSENPOLF1A_W36,steered,10.0,False,3.6999998520581556e-07
ESSENPOLF1A_W36,steered,12.0,False,1.7300000370035207e-06
ESSENPOLF1A_W36,steered,14.0,False,7.809999678753954e-06
ESSENPOLF1A_W36,steered,16.0,False,2.1299999781509982e-05
ESSENPOLF1A_W36,steered,18.0,False,7.439999776803763e-05
ESSENPOLF1A_W36,steered,20.0,False,0.0003330900133009518
ESSENPOLF1B_W36,declared,,False,0.23962927012170576
ESSENPOLF1B_W36,steered,0.0,False,0.0
ESSENPOLF1B_W36,steered,2.0,False,0.35835737245749083
ESSENPOLF1B_W36,steered,4.0,False,0.6292526240833647
ESSENPOLF1B_W36,steered,6.0,False,0.7918660793557476
ESSENPOLF1B_W36,steered,8.0,False,0.8753381983120012
ESSENPOLF1B_W36,steered,10.0,False,0.9061554640096042
ESSENPOLF1B_W36,steered,12.0,False,0.9219270169383664
ESSENPOLF1B_W36,steered,14.0,False,0.9169364417496945
ESSENPOLF1B_W36,steered,16.0,False,0.9205953896675158
ESSENPOLF1B_W36,steered,18.0,False,0.8754670249458721
ESSENPOLF1B_W36,steered,20.0,False,0.7431576601406444
ESSENPOLF1D_W36,declared,,False,0.17835560035175202
ESSENPOLF1D_W36,steered,0.0,False,0.0
ESSENPOLF1D_W36,steered,2.0,False,0.0006348199787099551
ESSENPOLF1D_W36,steered,4.0,False,0.0018913900563878316
ESSENPOLF1D_W36,steered,6.0,False,0.0051987094259919875
ESSENPOLF1D_W36,steered,8.0,False,0.0179732810801011
ESSENPOLF1D_W36,steered,10.0,False,0.047415909999690364
ESSENPOLF1D_W36,steered,12.0,False,0.11918666642318787
ESSENPOLF1D_W36,steered,14.0,False,0.2226726211351151
ESSENPOLF1D_W36,steered,16.0,False,0.4377135687564494
ESSENPOLF1D_W36,steered,18.0,False,0.561686474402649
ESSENPOLF1D_W36,steered,20.0,False,0.7744958578289669
ESSENPOLF1G_W36,declared,,False,0.09127930468607864
ESSENPOLF1G_W36,steered,0.0,False,0.0
ESSENPOLF1G_W36,steered,2.0,False,0.3175744181757412
ESSENPOLF1G_W36,steered,4.0,False,0.6033203928328379
ESSENPOLF1G_W36,steered,6.0,False,0.7945968479459685
ESSENPOLF1G_W36,steered,8.0,False,0.8433748638207694
ESSENPOLF1G_W36,steered,10.0,False,0.8994295453368858
ESSENPOLF1G_W36,steered,12.0,False,0.9200701874133255
ESSENPOLF1G_W36,steered,14.0,False,0.9473514977851748
ESSENPOLF1G_W36,steered,16.0,False,0.9609763208755844
ESSENPOLF1G_W36,steered,18.0,False,0.9560748502593431
ESSENPOLF1G_W36,steered,20.0,False,0.9067253854993614
ESSENPOLF1H_W36,declared,,False,1.9999969791406613e-08
ESSENPOLF1H_W36,steered,0.0,False,0.0
ESSENPOLF1H_W36,steered,2.0,False,2.899999859029556e-06
ESSENPOLF1H_W36,steered,4.0,False,9.499999837458972e-06
ESSENPOLF1H_W36,steered,6.0,False,2.7079999187717974e-05
ESSENPOLF1H_W36,steered,8.0,False,7.429999775221408e-05
ESSENPOLF1H_W36,steered,10.0,False,0.0002026000121562177
ESSENPOLF1H_W36,steered,12.0,False,0.0009098399362991172
ESSENPOLF1H_W36,steered,14.0,False,0.0031697802222616644
ESSENPOLF1H_W36,steered,16.0,False,0.00856735017205612
ESSENPOLF1H_W36,steered,18.0,False,0.01793475981499404
ESSENPOLF1H_W36,steered,20.0,False,0.05959878364421767
ETHNCMAJMOD_W41,declared,,False,0.01939550344835981
ETHNCMAJMOD_W41,steered,0.0,False,0.0
ETHNCMAJMOD_W41,steered,2.0,False,0.06550030393001816
ETHNCMAJMOD_W41,steered,4.0,False,0.16913151601782161
ETHNCMAJMOD_W41,steered,6.0,False,0.282319358407514
ETHNCMAJMOD_W41,steered,8.0,False,0.38307849850764514
ETHNCMAJMOD_W41,steered,10.0,False,0.5227591654829128
ETHNCMAJMOD_W41,steered,12.0,False,0.6031681919049541
ETHNCMAJMOD_W41,steered,14.0,False,0.513072489047297
ETHNCMAJMOD_W41,steered,16.0,False,0.2623298216352316
ETHNCMAJMOD_W41,steered,18.0,False,0.12715784244441378
ETHNCMAJMOD_W41,steered,20.0,False,0.0669622982740852
ETHNCMAJ_W32,declared,,False,4.409999911758591e-06
ETHNCMAJ_W32,steered,0.0,False,0.0
ETHNCMAJ_W32,steered,2.0,False,2.8885008852764556e-05
ETHNCMAJ_W32,steered,4.0,False,4.760999426627554e-05
ETHNCMAJ_W32,steered,6.0,False,0.000100709997505496
ETHNCMAJ_W32,steered,8.0,False,7.001926776361786e-08
ETHNCMAJ_W32,steered,10.0,False,0.0017604147709458836
ETHNCMAJ_W32,steered,12.0,False,0.00682102445687675
ETHNCMAJ_W32,steered,14.0,False,0.0110531692831735
ETHNCMAJ_W32,steered,16.0,False,0.017718589465719997
ETHNCMAJ_W32,steered,18.0,False,0.007187816695901452
ETHNCMAJ_W32,steered,20.0,False,0.0031758655560843833
EVOBIOA_W34,declared,,False,0.0
EVOBIOA_W34,steered,0.0,False,0.0
EVOBIOA_W34,steered,2.0,False,0.0
EVOBIOA_W34,steered,4.0,False,0.0
EVOBIOA_W34,steered,6.0,False,0.0
EVOBIOA_W34,steered,8.0,False,0.0
EVOBIOA_W34,steered,10.0,False,0.0
EVOBIOA_W34,steered,12.0,False,0.0
EVOBIOA_W34,steered,14.0,False,0.0
EVOBIOA_W34,steered,16.0,False,0.0
EVOBIOA_W34,steered,18.0,False,2.55351295663786e-15
EVOBIOA_W34,steered,20.0,False,1.0000100081342111e-08
EVOBIOB_W34,declared,,False,0.0
EVOBIOB_W34,steered,0.0,False,0.0
EVOBIOB_W34,steered,2.0,False,0.0
EVOBIOB_W34,steered,4.0,False,0.0
EVOBIOB_W34,steered,6.0,False,0.0
EVOBIOB_W34,steered,8.0,False,0.0
EVOBIOB_W34,steered,10.0,False,0.0
EVOBIOB_W34,steered,12.0,False,0.0
EVOBIOB_W34,steered,14.0,False,0.0
EVOBIOB_W34,steered,16.0,False,9.999999828202988e-09
EVOBIOB_W34,steered,18.0,False,9.99999949513608e-09
EVOBIOB_W34,steered,20.0,False,0.0
EVOPERS3_W34,declared,,False,0.0
EVOPERS3_W34,steered,0.0,False,0.0
EVOPERS3_W34,steered,2.0,False,1.9999999323339068e-08
EVOPERS3_W34,steered,4.0,False,6.000000385419924e-08
EVOPERS3_W34,steered,6.0,False,1.2999999732254963e-07
EVOPERS3_W34,steered,8.0,False,3.7999998869775453e-07
EVOPERS3_W34,steered,10.0,False,1.060000000219219e-06
EVOPERS3_W34,steered,12.0,False,3.6999998904718723e-06
EVOPERS3_W34,steered,14.0,False,1.6569999827797943e-05
EVOPERS3_W34,steered,16.0,False,5.735000003759261e-05
EVOPERS3_W34,steered,18.0,False,0.00019329999959483146
EVOPERS3_W34,steered,20.0,False,0.0003943800260550745
EVOTHREE_W34,declared,,False,9.999999828202988e-09
EVOTHREE_W34,steered,0.0,False,0.0
EVOTHREE_W34,steered,2.0,False,9.999999828202988e-09
EVOTHREE_W34,steered,4.0,False,1.9999999656405976e-08
EVOTHREE_W34,steered,6.0,False,2.9999999151542056e-08
EVOTHREE_W34,steered,8.0,False,7.000000357137992e-08
EVOTHREE_W34,steered,10.0,False,2.1000000627324766e-07
EVOTHREE_W34,steered,12.0,False,5.600000172467645e-07
EVOTHREE_W34,steered,14.0,False,2.230000000880139e-06
EVOTHREE_W34,steered,16.0,False,7.539999838601652e-06
EVOTHREE_W34,steered,18.0,False,1.8160000117561914e-05
EVOTHREE_W34,steered,20.0,False,2.1249997329442216e-05
FACE3c_W49,declared,,False,0.028792366385053832
FACE3c_W49,steered,0.0,False,0.0
FACE3c_W49,steered,2.0,False,0.023817261037076924
FACE3c_W49,steered,4.0,False,0.06687730866245431
FACE3c_W49,steered,6.0,False,0.11393977137391627
FACE3c_W49,steered,8.0,False,0.1666908632503894
FACE3c_W49,steered,10.0,False,0.2509543434136852
FACE3c_W49,steered,12.0,False,0.29496353112627244
FACE3c_W49,steered,14.0,False,0.2929618371767535
FACE3c_W49,steered,16.0,False,0.23711683051185664
FACE3c_W49,steered,18.0,False,0.14998938439731382
FACE3c_W49,steered,20.0,False,0.047268609527313946
FAMSURV10c_W50,declared,,False,4.800000240090855e-07
FAMSURV10c_W50,steered,0.0,False,0.0
FAMSURV10c_W50,steered,2.0,False,0.08715242726541553
FAMSURV10c_W50,steered,4.0,False,0.12295910553675696
FAMSURV10c_W50,steered,6.0,False,0.20974684562938117
FAMSURV10c_W50,steered,8.0,False,0.318675174844324
FAMSURV10c_W50,steered,10.0,False,0.3783561607156784
FAMSURV10c_W50,steered,12.0,False,0.44064703279635065
FAMSURV10c_W50,steered,14.0,False,0.4865984826080275
FAMSURV10c_W50,steered,16.0,False,0.4966364091801926
FAMSURV10c_W50,steered,18.0,False,0.382888569270974
FAMSURV10c_W50,steered,20.0,False,0.216664645624312
FAMSURV16_W50,declared,,False,9.999999286545767e-09
FAMSURV16_W50,steered,0.0,False,0.0
FAMSURV16_W50,steered,2.0,False,0.05328368193003442
FAMSURV16_W50,steered,4.0,False,0.11580737768944016
FAMSURV16_W50,steered,6.0,False,0.15141721786394838
FAMSURV16_W50,steered,8.0,False,0.18327652777070433
FAMSURV16_W50,steered,10.0,False,0.21630216142627084
FAMSURV16_W50,steered,12.0,False,0.3082746860475808
FAMSURV16_W50,steered,14.0,False,0.36067414042727575
FAMSURV16_W50,steered,16.0,False,0.41580507806257117
FAMSURV16_W50,steered,18.0,False,0.4353482382412931
FAMSURV16_W50,steered,20.0,False,0.4364529287315734
FAMSURV1_W50,declared,,False,0.9931086704845297
FAMSURV1_W50,steered,0.0,False,0.0
FAMSURV1_W50,steered,2.0,False,0.3878492424609318
FAMSURV1_W50,steered,4.0,False,0.5784104840674533
FAMSURV1_W50,steered,6.0,False,0.6304414269722862
FAMSURV1_W50,steered,8.0,False,0.5642617010932818
FAMSURV1_W50,steered,10.0,False,0.5354973630787289
FAMSURV1_W50,steered,12.0,False,0.47698528245797833
FAMSURV1_W50,steered,14.0,False,0.39451692401178423
FAMSURV1_W50,steered,16.0,False,0.476820937569115
FAMSURV1_W50,steered,18.0,False,0.6062987678740246
FAMSURV1_W50,steered,20.0,False,0.7670013597675462
FAMSURV20_W50,declared,,False,0.011990429760191402
FAMSURV20_W50,steered,0.0,False,0.0
FAMSURV20_W50,steered,2.0,False,0.17359197520775926
FAMSURV20_W50,steered,4.0,False,0.2733954403753608
FAMSURV20_W50,steered,6.0,False,0.2915090797891161
FAMSURV20_W50,steered,8.0,False,0.3572083188771036
FAMSURV20_W50,steered,10.0,False,0.3067576807972696
FAMSURV20_W50,steered,12.0,False,0.3067576807972696
FAMSURV20_W50,steered,14.0,False,0.25303504806824306
FAMSURV20_W50,steered,16.0,False,0.2486090882715667
FAMSURV20_W50,steered,18.0,False,0.2787335803753608
FAMSURV20_W50,steered,20.0,False,0.29244162867378
FAMSURV23b_W50,declared,,False,0.1458880444053431
FAMSURV23b_W50,steered,0.0,False,0.0
FAMSURV23b_W50,steered,2.0,False,0.002261610090784183
FAMSURV23b_W50,steered,4.0,False,0.008264210606943712
FAMSURV23b_W50,steered,6.0,False,0.013813479552149066
FAMSURV23b_W50,steered,8.0,False,0.029210240010674182
FAMSURV23b_W50,steered,10.0,False,0.05993865116520403
FAMSURV23b_W50,steered,12.0,False,0.0949966428566047
FAMSURV23b_W50,steered,14.0,False,0.14720144398339174
FAMSURV23b_W50,steered,16.0,False,0.22013963346975496
FAMSURV23b_W50,steered,18.0,False,0.2141326728135613
FAMSURV23b_W50,steered,20.0,False,0.28952490458895785
FAMSURV23c_W50,declared,,False,0.1195764559795784
FAMSURV23c_W50,steered,0.0,False,0.0
FAMSURV23c_W50,steered,2.0,False,0.00307671006580988
FAMSURV23c_W50,steered,4.0,False,0.011988479180991444
FAMSURV23c_W50,steered,6.0,False,0.026329984981935783
FAMSURV23c_W50,steered,8.0,False,0.06482007534259937
FAMSURV23c_W50,steered,10.0,False,0.13929157948602677
FAMSURV23c_W50,steered,12.0,False,0.20990427888258098
FAMSURV23c_W50,steered,14.0,False,0.426204768686232
FAMSURV23c_W50,steered,16.0,False,0.6680993751826511
FAMSURV23c_W50,steered,18.0,False,0.8374425585593614
FAMSURV23c_W50,steered,20.0,False,0.8863509175036752
FAMSURV23d_W50,declared,,False,0.008916800156943145
FAMSURV23d_W50,steered,0.0,False,0.0
FAMSURV23d_W50,steered,2.0,False,0.023302363526017934
FAMSURV23d_W50,steered,4.0,False,0.04886185712964763
FAMSURV23d_W50,steered,6.0,False,0.0878536911260354
FAMSURV23d_W50,steered,8.0,False,0.1463069394997351
FAMSURV23d_W50,steered,10.0,False,0.1985059747515576
FAMSURV23d_W50,steered,12.0,False,0.2689488516541629
FAMSURV23d_W50,steered,14.0,False,0.34187342025620265
FAMSURV23d_W50,steered,16.0,False,0.4108834258911658
FAMSURV23d_W50,steered,18.0,False,0.48438897064373165
FAMSURV23d_W50,steered,20.0,False,0.6085853568486285
FAMSURV23e_W50,declared,,False,0.002623310442455784
FAMSURV23e_W50,steered,0.0,False,0.0
FAMSURV23e_W50,steered,2.0,False,0.018907200648618616
FAMSURV23e_W50,steered,4.0,False,0.05858646063107431
FAMSURV23e_W50,steered,6.0,False,0.11829247840015267
FAMSURV23e_W50,steered,8.0,False,0.22214512331765202
FAMSURV23e_W50,steered,10.0,False,0.3202608331915531
FAMSURV23e_W50,steered,12.0,False,0.4370010567693653
FAMSURV23e_W50,steered,14.0,False,0.4977784000896561
FAMSURV23e_W50,steered,16.0,False,0.5554110772489274
FAMSURV23e_W50,steered,18.0,False,0.6044763093860146
FAMSURV23e_W50,steered,20.0,False,0.6269528232815857
FAMSURV23f_W50,declared,,False,0.003772500292188902
FAMSURV23f_W50,steered,0.0,False,0.0
FAMSURV23f_W50,steered,2.0,False,0.008225420273360286
FAMSURV23f_W50,steered,4.0,False,0.0310458228885598
FAMSURV23f_W50,steered,6.0,False,0.059115882711868434
FAMSURV23f_W50,steered,8.0,False,0.06832648604698295
FAMSURV23f_W50,steered,10.0,False,0.10697817371454159
FAMSURV23f_W50,steered,12.0,False,0.16779012529709475
FAMSURV23f_W50,steered,14.0,False,0.21377342786226594
FAMSURV23f_W50,steered,16.0,False,0.25175659723374444
FAMSURV23f_W50,steered,18.0,False,0.3228568330796898
FAMSURV23f_W50,steered,20.0,False,0.40634573384401046
FAMSURV23g_W50,declared,,False,0.12401463121428073
FAMSURV23g_W50,steered,0.0,False,0.0
FAMSURV23g_W50,steered,2.0,False,0.07181428116074132
FAMSURV23g_W50,steered,4.0,False,0.1359925552626942
FAMSURV23g_W50,steered,6.0,False,0.18475836184758343
FAMSURV23g_W50,steered,8.0,False,0.2403885224568672
FAMSURV23g_W50,steered,10.0,False,0.3522552537270362
FAMSURV23g_W50,steered,12.0,False,0.3567230384265375
FAMSURV23g_W50,steered,14.0,False,0.32036772769943134
FAMSURV23g_W50,steered,16.0,False,0.30033130727769974
FAMSURV23g_W50,steered,18.0,False,0.336120420911725
FAMSURV23g_W50,steered,20.0,False,0.4459149056303362
FAMSURV26a_W50,declared,,False,4.999999830000004e-08
FAMSURV26a_W50,steered,0.0,False,0.0
FAMSURV26a_W50,steered,2.0,False,9.999999900000002e-09
FAMSURV26a_W50,steered,4.0,False,9.999999900000002e-09
FAMSURV26a_W50,steered,6.0,False,1.9999999600000007e-08
FAMSURV26a_W50,steered,8.0,False,6.999999580000025e-08
FAMSURV26a_W50,steered,10.0,False,1.9999999200000033e-07
FAMSURV26a_W50,steered,12.0,False,4.799999760000012e-07
FAMSURV26a_W50,steered,14.0,False,1.2599999486000022e-06
FAMSURV26a_W50,steered,16.0,False,4.1800001721000075e-06
FAMSURV26a_W50,steered,18.0,False,2.05700000152e-05
FAMSURV26a_W50,steered,20.0,False,8.285000164240002e-05
FAMSURV26b_W50,declared,,False,3.0009998181200107e-05
FAMSURV26b_W50,steered,0.0,False,0.0
FAMSURV26b_W50,steered,2.0,False,9.999999500000022e-09
FAMSURV26b_W50,steered,4.0,False,3.0000008399999974e-08
FAMSURV26b_W50,steered,6.0,False,1.299999961000001e-07
FAMSURV26b_W50,steered,8.0,False,2.3999999350000006e-07
FAMSURV26b_W50,steered,10.0,False,6.800000144999996e-07
FAMSURV26b_W50,steered,12.0,False,3.200000274400022e-06
FAMSURV26b_W50,steered,14.0,False,7.6200000162e-06
FAMSURV26b_W50,steered,16.0,False,2.7770000463000003e-05
FAMSURV26b_W50,steered,18.0,False,0.0001296099947814002
FAMSURV26b_W50,steered,20.0,False,0.0006086000002657999
FAMSURV26c_W50,declared,,False,3.4099999004000024e-06
FAMSURV26c_W50,steered,0.0,False,0.0
FAMSURV26c_W50,steered,2.0,False,1.9999998200000136e-08
FAMSURV26c_W50,steered,4.0,False,4.0000007599999904e-08
FAMSURV26c_W50,steered,6.0,False,8.00000023999998e-08
FAMSURV26c_W50,steered,8.0,False,1.999999922000001e-07
FAMSURV26c_W50,steered,10.0,False,6.699999374000052e-07
FAMSURV26c_W50,steered,12.0,False,1.8900000519000013e-06
FAMSURV26c_W50,steered,14.0,False,7.300000316800013e-06
FAMSURV26c_W50,steered,16.0,False,2.99700025020002e-05
FAMSURV26c_W50,steered,18.0,False,0.00012501000650410032
FAMSURV26c_W50,steered,20.0,False,0.0005197199991575
FAMSURV26d_W50,declared,,False,0.004220739958407901
FAMSURV26d_W50,steered,0.0,False,0.0
FAMSURV26d_W50,steered,2.0,False,0.0
FAMSURV26d_W50,steered,4.0,False,0.0
FAMSURV26d_W50,steered,6.0,False,1.999999920000002e-08
FAMSURV26d_W50,steered,8.0,False,5.000000480000012e-08
FAMSURV26d_W50,steered,10.0,False,2.2999998970000048e-07
FAMSURV26d_W50,steered,12.0,False,8.299999806000002e-07
FAMSURV26d_W50,steered,14.0,False,3.910000466100052e-06
FAMSURV26d_W50,steered,16.0,False,1.7979999865699996e-05
FAMSURV26d_W50,steered,18.0,False,6.385999542680033e-05
FAMSURV26d_W50,steered,20.0,False,0.0004674399837796005
FAMSURV29_W50,declared,,False,0.0042935800012724
FAMSURV29_W50,steered,0.0,False,0.0
FAMSURV29_W50,steered,2.0,False,0.008020309212282226
FAMSURV29_W50,steered,4.0,False,0.02735078978812261
FAMSURV29_W50,steered,6.0,False,0.019714240171485785
FAMSURV29_W50,steered,8.0,False,0.03228247541762236
FAMSURV29_W50,steered,10.0,False,0.020148190779230295
FAMSURV29_W50,steered,12.0,False,0.011893047486338917
FAMSURV29_W50,steered,14.0,False,0.003982782234116278
FAMSURV29_W50,steered,16.0,False,0.02517193819707582
FAMSURV29_W50,steered,18.0,False,0.06278692852831348
FAMSURV29_W50,steered,20.0,False,0.10808674203885164
FAMSURV2Ma_W50,declared,,True,5.79799999844699e-05
FAMSURV2Ma_W50,steered,0.0,True,0.0
FAMSURV2Ma_W50,steered,2.0,True,6.099999571240744e-06
FAMSURV2Ma_W50,steered,4.0,True,4.159000016701331e-05
FAMSURV2Ma_W50,steered,6.0,True,0.00013700999640228704
FAMSURV2Ma_W50,steered,8.0,True,0.0005313500216829359
FAMSURV2Ma_W50,steered,10.0,True,0.0024451001239081402
FAMSURV2Ma_W50,steered,12.0,True,0.0085499897435001
FAMSURV2Ma_W50,steered,14.0,True,0.022942150230484314
FAMSURV2Ma_W50,steered,16.0,True,0.06751974135150193
FAMSURV2Ma_W50,steered,18.0,True,0.13293036734246685
FAMSURV2Ma_W50,steered,20.0,True,0.2689253407580147
FAMSURV2Mc_W50,declared,,True,2.7339999718228502e-05
FAMSURV2Mc_W50,steered,0.0,True,0.0
FAMSURV2Mc_W50,steered,2.0,True,1.7499994737768532e-06
FAMSURV2Mc_W50,steered,4.0,True,1.5299999907858783e-05
FAMSURV2Mc_W50,steered,6.0,True,3.926000014737895e-05
FAMSURV2Mc_W50,steered,8.0,True,0.00015055999548328427
FAMSURV2Mc_W50,steered,10.0,True,0.0006966700362690184
FAMSURV2Mc_W50,steered,12.0,True,0.002784299915631492
FAMSURV2Mc_W50,steered,14.0,True,0.010965830109441318
FAMSURV2Mc_W50,steered,16.0,True,0.029291950879636246
FAMSURV2Mc_W50,steered,18.0,True,0.060069921201398334
FAMSURV2Mc_W50,steered,20.0,True,0.14805130147958498
FAMSURV2Wa_W50,declared,,True,1.8540000544797763e-05
FAMSURV2Wa_W50,steered,0.0,True,0.0
FAMSURV2Wa_W50,steered,2.0,True,1.656000074845565e-05
FAMSURV2Wa_W50,steered,4.0,True,0.00010014999841556627
FAMSURV2Wa_W50,steered,6.0,True,0.00037226998277750667
FAMSURV2Wa_W50,steered,8.0,True,0.0010946599875564234
FAMSURV2Wa_W50,steered,10.0,True,0.005145279582390661
FAMSURV2Wa_W50,steered,12.0,True,0.017911370000748755
FAMSURV2Wa_W50,steered,14.0,True,0.07578337227799446
FAMSURV2Wa_W50,steered,16.0,True,0.16445834328916675
FAMSURV2Wa_W50,steered,18.0,True,0.29418014411675253
FAMSURV2Wa_W50,steered,20.0,True,0.4377945987552609
FAMSURV2Wc_W50,declared,,True,2.699999745610848e-07
FAMSURV2Wc_W50,steered,0.0,True,0.0
FAMSURV2Wc_W50,steered,2.0,True,1.529999801852533e-06
FAMSURV2Wc_W50,steered,4.0,True,5.0700003683123995e-06
FAMSURV2Wc_W50,steered,6.0,True,2.0070000346650296e-05
FAMSURV2Wc_W50,steered,8.0,True,7.308999996489278e-05
FAMSURV2Wc_W50,steered,10.0,True,0.00037773001144594885
FAMSURV2Wc_W50,steered,12.0,True,0.0014989398947945292
FAMSURV2Wc_W50,steered,14.0,True,0.005216450104447472
FAMSURV2Wc_W50,steered,16.0,True,0.015902639681947252
FAMSURV2Wc_W50,steered,18.0,True,0.03732497074675724
FAMSURV2Wc_W50,steered,20.0,True,0.10670193786613419
FAMSURV32e_W50,declared,,False,0.30356200252860455
FAMSURV32e_W50,steered,0.0,False,0.0
FAMSURV32e_W50,steered,2.0,False,0.06977551527734493
FAMSURV32e_W50,steered,4.0,False,0.099485839290966
FAMSURV32e_W50,steered,6.0,False,0.18331805872427254
FAMSURV32e_W50,steered,8.0,False,0.297383197026169
FAMSURV32e_W50,steered,10.0,False,0.45305235108500486
FAMSURV32e_W50,steered,12.0,False,0.5660746903392944
FAMSURV32e_W50,steered,14.0,False,0.7311472293321871
FAMSURV32e_W50,steered,16.0,False,0.8109992243140641
FAMSURV32e_W50,steered,18.0,False,0.816529130254138
FAMSURV32e_W50,steered,20.0,False,0.7376364519257701
FAMSURV39_W50,declared,,False,0.3414737302440319
FAMSURV39_W50,steered,0.0,False,0.0
FAMSURV39_W50,steered,2.0,False,0.004710480665712347
FAMSURV39_W50,steered,4.0,False,0.007500480424154096
FAMSURV39_W50,steered,6.0,False,0.006176951043988024
FAMSURV39_W50,steered,8.0,False,0.006059499463347803
FAMSURV39_W50,steered,10.0,False,0.007480800059812198
FAMSURV39_W50,steered,12.0,False,0.019027499757762162
FAMSURV39_W50,steered,14.0,False,0.047394299600044494
FAMSURV39_W50,steered,16.0,False,0.12471347260155025
FAMSURV39_W50,steered,18.0,False,0.27908762202824866
FAMSURV39_W50,steered,20.0,False,0.6144248218424639
FAMSURV3_W50,declared,,False,0.24135520735810673
FAMSURV3_W50,steered,0.0,False,0.0
FAMSURV3_W50,steered,2.0,False,0.361965291891173
FAMSURV3_W50,steered,4.0,False,0.5994819435715361
FAMSURV3_W50,steered,6.0,False,0.7687223630616709
FAMSURV3_W50,steered,8.0,False,0.8151018529255144
FAMSURV3_W50,steered,10.0,False,0.850451628096177
FAMSURV3_W50,steered,12.0,False,0.9034810580111476
FAMSURV3_W50,steered,14.0,False,0.9219595407367592
FAMSURV3_W50,steered,16.0,False,0.9489825002946778
FAMSURV3_W50,steered,18.0,False,0.9640048797326851
FAMSURV3_W50,steered,20.0,False,0.9680140601001318
FAMSURV40_W50,declared,,False,0.0118714099996484
FAMSURV40_W50,steered,0.0,False,0.0
FAMSURV40_W50,steered,2.0,False,2.7899994543000067e-06
FAMSURV40_W50,steered,4.0,False,7.1700004544999766e-06
FAMSURV40_W50,steered,6.0,False,2.538000071929999e-05
FAMSURV40_W50,steered,8.0,False,5.604000374120016e-05
FAMSURV40_W50,steered,10.0,False,0.0001845500185979016
FAMSURV40_W50,steered,12.0,False,0.0008954300209678002
FAMSURV40_W50,steered,14.0,False,0.004738390048070001
FAMSURV40_W50,steered,16.0,False,0.024283232674341994
FAMSURV40_W50,steered,18.0,False,0.0868272621575132
FAMSURV40_W50,steered,20.0,False,0.23256937367667285
FAMSURV43_W50,declared,,False,0.017412250908077322
FAMSURV43_W50,steered,0.0,False,0.0
FAMSURV43_W50,steered,2.0,False,0.009993499721896202
FAMSURV43_W50,steered,4.0,False,0.019855739580857467
FAMSURV43_W50,steered,6.0,False,0.03419923866683125
FAMSURV43_W50,steered,8.0,False,0.056175255203553445
FAMSURV43_W50,steered,10.0,False,0.05365574839032757
FAMSURV43_W50,steered,12.0,False,0.048194234446195375
FAMSURV43_W50,steered,14.0,False,0.03136163465313316
FAMSURV43_W50,steered,16.0,False,0.0287030431117411
FAMSURV43_W50,steered,18.0,False,0.1319896507622017
FAMSURV43_W50,steered,20.0,False,0.31378643041800774
FAMSURV44_W50,declared,,False,0.8962062299980444
FAMSURV44_W50,steered,0.0,False,0.0
FAMSURV44_W50,steered,2.0,False,0.015111588740602618
FAMSURV44_W50,steered,4.0,False,0.037520323487806324
FAMSURV44_W50,steered,6.0,False,0.046077425831116674
FAMSURV44_W50,steered,8.0,False,0.055233700000000004
FAMSURV44_W50,steered,10.0,False,0.0755890156420142
FAMSURV44_W50,steered,12.0,False,0.07443164945738197
FAMSURV44_W50,steered,14.0,False,0.081924099456916
FAMSURV44_W50,steered,16.0,False,0.08480282763294483
FAMSURV44_W50,steered,18.0,False,0.05132907531978499
FAMSURV44_W50,steered,20.0,False,0.290370397234733
FAMSURV6_W50,declared,,False,0.0
FAMSURV6_W50,steered,0.0,False,0.0
FAMSURV6_W50,steered,2.0,False,8.809999990866402e-06
FAMSURV6_W50,steered,4.0,False,2.2750000095994594e-05
FAMSURV6_W50,steered,6.0,False,5.539000011600681e-05
FAMSURV6_W50,steered,8.0,False,9.319999822310354e-05
FAMSURV6_W50,steered,10.0,False,0.00025698001562945993
FAMSURV6_W50,steered,12.0,False,0.00054584001651381
FAMSURV6_W50,steered,14.0,False,0.001479849983496595
FAMSURV6_W50,steered,16.0,False,0.005111899785788854
FAMSURV6_W50,steered,18.0,False,0.013357099831111885
FAMSURV6_W50,steered,20.0,False,0.031436231375247314
FAMSURV9c_W50,declared,,False,0.5252107565045746
FAMSURV9c_W50,steered,0.0,False,0.0
FAMSURV9c_W50,steered,2.0,False,0.19309234457671384
FAMSURV9c_W50,steered,4.0,False,0.3903814080907884
FAMSURV9c_W50,steered,6.0,False,0.5930453769025108
FAMSURV9c_W50,steered,8.0,False,0.7879926169545843
FAMSURV9c_W50,steered,10.0,False,0.8665806911451499
FAMSURV9c_W50,steered,12.0,False,0.8664298705674711
FAMSURV9c_W50,steered,14.0,False,0.8426933838013323
FAMSURV9c_W50,steered,16.0,False,0.7951361083444096
FAMSURV9c_W50,steered,18.0,False,0.6496437984565759
FAMSURV9c_W50,steered,20.0,False,0.43225798815928407
FATHER_W50,declared,,False,9.100000063999997e-07
FATHER_W50,steered,0.0,False,0.0
FATHER_W50,steered,2.0,False,5.699997668000059e-07
FATHER_W50,steered,4.0,False,0.0
FATHER_W50,steered,6.0,False,0.0
FATHER_W50,steered,8.0,False,0.0
FATHER_W50,steered,10.0,False,1.0500001577999952e-06
FATHER_W50,steered,12.0,False,0.0
FATHER_W50,steered,14.0,False,6.0999995711999915e-06
FATHER_W50,steered,16.0,False,8.85999866339998e-06
FATHER_W50,steered,18.0,False,3.780999807800005e-05
FATHER_W50,steered,20.0,False,0.00045325002143250083
FAVORS_CPS_W29,declared,,False,0.3474453701283538
FAVORS_CPS_W29,steered,0.0,False,0.0
FAVORS_CPS_W29,steered,2.0,False,0.21502635362812267
FAVORS_CPS_W29,steered,4.0,False,0.40666119715142285
FAVORS_CPS_W29,steered,6.0,False,0.562551925182923
FAVORS_CPS_W29,steered,8.0,False,0.7818109575488389
FAVORS_CPS_W29,steered,10.0,False,0.5510219710204394
FAVORS_CPS_W29,steered,12.0,False,0.5268366321490875
FAVORS_CPS_W29,steered,14.0,False,0.4457081426215439
FAVORS_CPS_W29,steered,16.0,False,0.590750934994068
FAVORS_CPS_W29,steered,18.0,False,0.7154878755748927
FAVORS_CPS_W29,steered,20.0,False,0.9878707848207141
FEM2_W29,declared,,False,1.6748895967385737
FEM2_W29,steered,0.0,False,0.0
FEM2_W29,steered,2.0,False,0.0013430399699682696
FEM2_W29,steered,4.0,False,0.0031149801892344153
FEM2_W29,steered,6.0,False,0.006658669599770885
FEM2_W29,steered,8.0,False,0.01094437967166868
FEM2_W29,steered,10.0,False,0.01399991986225908
FEM2_W29,steered,12.0,False,0.01397830887923441
FEM2_W29,steered,14.0,False,0.006602279997306416
FEM2_W29,steered,16.0,False,0.0032873698835714994
FEM2_W29,steered,18.0,False,0.0019087199618257932
FEM2_W29,steered,20.0,False,0.0054621197167285095
FIN_SIT_W54,declared,,False,0.9547144831528472
FIN_SIT_W54,steered,0.0,False,0.0
FIN_SIT_W54,steered,2.0,False,3.140000423229594e-06
FIN_SIT_W54,steered,4.0,False,1.2069999214769922e-05
FIN_SIT_W54,steered,6.0,False,4.0279997098657816e-05
FIN_SIT_W54,steered,8.0,False,0.00015585998743994356
FIN_SIT_W54,steered,10.0,False,0.0008465699694597539
FIN_SIT_W54,steered,12.0,False,0.003915120142681028
FIN_SIT_W54,steered,14.0,False,0.013445559333896129
FIN_SIT_W54,steered,16.0,False,0.04526049129290244
FIN_SIT_W54,steered,18.0,False,0.1748744806433753
FIN_SIT_W54,steered,20.0,False,0.3114502800000002
FREECOLL_W92,declared,,False,0.0033579698396837563
FREECOLL_W92,steered,0.0,False,0.0
FREECOLL_W92,steered,2.0,False,0.004768739799088057
FREECOLL_W92,steered,4.0,False,0.012903369085266186
FREECOLL_W92,steered,6.0,False,0.02818056029353367
FREECOLL_W92,steered,8.0,False,0.0943762590210217
FREECOLL_W92,steered,10.0,False,0.18207505473101945
FREECOLL_W92,steered,12.0,False,0.29512708591771847
FREECOLL_W92,steered,14.0,False,0.4412296899805285
FREECOLL_W92,steered,16.0,False,0.5127764006328235
FREECOLL_W92,steered,18.0,False,0.531521183998787
FREECOLL_W92,steered,20.0,False,0.5876064464439112
FTRWORRYc_W41,declared,,False,2.6350001075546594e-05
FTRWORRYc_W41,steered,0.0,False,0.0
FTRWORRYc_W41,steered,2.0,False,2.9580000696423406e-05
FTRWORRYc_W41,steered,4.0,False,0.00011475000148554522
FTRWORRYc_W41,steered,6.0,False,0.00033625000201061993
FTRWORRYc_W41,steered,8.0,False,0.0007448299536872948
FTRWORRYc_W41,steered,10.0,False,0.0018345099248968744
FTRWORRYc_W41,steered,12.0,False,0.00382342999999999
FTRWORRYc_W41,steered,14.0,False,0.006381219933029478
FTRWORRYc_W41,steered,16.0,False,0.007781779291329159
FTRWORRYc_W41,steered,18.0,False,0.01124695032916545
FTRWORRYc_W41,steered,20.0,False,0.017201998409660923
FTRWORRYe_W41,declared,,False,0.057689171754441056
FTRWORRYe_W41,steered,0.0,False,0.0
FTRWORRYe_W41,steered,2.0,False,0.013923020451761374
FTRWORRYe_W41,steered,4.0,False,0.04427660230906833
FTRWORRYe_W41,steered,6.0,False,0.0734663070118548
FTRWORRYe_W41,steered,8.0,False,0.1802400446914921
FTRWORRYe_W41,steered,10.0,False,0.3174410334880639
FTRWORRYe_W41,steered,12.0,False,0.37241937150827165
FTRWORRYe_W41,steered,14.0,False,0.4883286755049952
FTRWORRYe_W41,steered,16.0,False,0.4660101548715593
FTRWORRYe_W41,steered,18.0,False,0.40819609254367634
FTRWORRYe_W41,steered,20.0,False,0.18803381823573764
FTRWORRYf_W41,declared,,False,5.0700003683123995e-06
FTRWORRYf_W41,steered,0.0,False,0.0
FTRWORRYf_W41,steered,2.0,False,2.659999888354747e-06
FTRWORRYf_W41,steered,4.0,False,5.640000378503984e-06
FTRWORRYf_W41,steered,6.0,False,1.2619999751661837e-05
FTRWORRYf_W41,steered,8.0,False,2.7270000008128292e-05
FTRWORRYf_W41,steered,10.0,False,5.793999999648136e-05
FTRWORRYf_W41,steered,12.0,False,9.553999807232483e-05
FTRWORRYf_W41,steered,14.0,False,0.00020235999395079585
FTRWORRYf_W41,steered,16.0,False,0.00042686999558072536
FTRWORRYf_W41,steered,18.0,False,0.001150739954540625
FTRWORRYf_W41,steered,20.0,False,0.0029936697251746747
FUD22_W34,declared,,False,0.7782752722175753
FUD22_W34,steered,0.0,False,0.0
FUD22_W34,steered,2.0,False,2.7500003015000307e-06
FUD22_W34,steered,4.0,False,8.4500000618e-06
FUD22_W34,steered,6.0,False,2.5949998105300095e-05
FUD22_W34,steered,8.0,False,0.00011317000929310076
FUD22_W34,steered,10.0,False,0.00034081001439140054
FUD22_W34,steered,12.0,False,0.0013796299855165003
FUD22_W34,steered,14.0,False,0.0036256700767384013
FUD22_W34,steered,16.0,False,0.01124955942028353
FUD22_W34,steered,18.0,False,0.027520930481133805
FUD22_W34,steered,20.0,False,0.0653302028235249
FUD24_W34,declared,,False,0.3146263363014458
FUD24_W34,steered,0.0,False,0.0
FUD24_W34,steered,2.0,False,0.005995214880095756
FUD24_W34,steered,4.0,False,0.025754585386429503
FUD24_W34,steered,6.0,False,0.08571929375837993
FUD24_W34,steered,8.0,False,0.2099186416854327
FUD24_W34,steered,10.0,False,0.3739938058606257
FUD24_W34,steered,12.0,False,0.42228185438341687
FUD24_W34,steered,14.0,False,0.40662499118552026
FUD24_W34,steered,16.0,False,0.3409767912733465
FUD24_W34,steered,18.0,False,0.28327760118732137
FUD24_W34,steered,20.0,False,0.16525062173746888
FUD33B_W34,declared,,False,0.0
FUD33B_W34,steered,0.0,False,0.0
FUD33B_W34,steered,2.0,False,0.0
FUD33B_W34,steered,4.0,False,0.0
FUD33B_W34,steered,6.0,False,0.0
FUD33B_W34,steered,8.0,False,0.0
FUD33B_W34,steered,10.0,False,0.0
FUD33B_W34,steered,12.0,False,0.0
FUD33B_W34,steered,14.0,False,4.999999914101494e-09
FUD33B_W34,steered,16.0,False,1.9999998768227556e-08
FUD33B_W34,steered,18.0,False,1.1000000083166447e-07
FUD33B_W34,steered,20.0,False,4.300000003094435e-07
FUD35_W34,declared,,False,0.023768058567942837
FUD35_W34,steered,0.0,False,0.0
FUD35_W34,steered,2.0,False,0.19331360145334844
FUD35_W34,steered,4.0,False,0.44026393795881724
FUD35_W34,steered,6.0,False,0.5394181070488554
FUD35_W34,steered,8.0,False,0.6049020005518054
FUD35_W34,steered,10.0,False,0.6044551249060092
FUD35_W34,steered,12.0,False,0.5326347248984191
FUD35_W34,steered,14.0,False,0.4621528557620979
FUD35_W34,steered,16.0,False,0.534331518594934
FUD35_W34,steered,18.0,False,0.6238613174641452
FUD35_W34,steered,20.0,False,0.7497675250046493
FUD37A_W34,declared,,False,0.0006983700559765667
FUD37A_W34,steered,0.0,False,0.0
FUD37A_W34,steered,2.0,False,0.012766148717684674
FUD37A_W34,steered,4.0,False,0.025242171343498352
FUD37A_W34,steered,6.0,False,0.057614481350168695
FUD37A_W34,steered,8.0,False,0.09287851288531766
FUD37A_W34,steered,10.0,False,0.1799595283736527
FUD37A_W34,steered,12.0,False,0.26578630281669285
FUD37A_W34,steered,14.0,False,0.3168149972521942
FUD37A_W34,steered,16.0,False,0.26504775241542294
FUD37A_W34,steered,18.0,False,0.24049872979081233
FUD37A_W34,steered,20.0,False,0.1611593017686095
FUD37B_W34,declared,,False,2.2840001095603393e-05
FUD37B_W34,steered,0.0,False,0.0
FUD37B_W34,steered,2.0,False,8.028997956567764e-05
FUD37B_W34,steered,4.0,False,0.00030805998396355957
FUD37B_W34,steered,6.0,False,0.0007558699813469992
FUD37B_W34,steered,8.0,False,0.001936210024587337
FUD37B_W34,steered,10.0,False,0.006415199601668792
FUD37B_W34,steered,12.0,False,0.015371129810788697
FUD37B_W34,steered,14.0,False,0.025107021337273383
FUD37B_W34,steered,16.0,False,0.020868440958480654
FUD37B_W34,steered,18.0,False,0.003268150599854885
FUD37B_W34,steered,20.0,False,0.014142518394511461
FUD37C_W34,declared,,False,2.3199999599866547e-06
FUD37C_W34,steered,0.0,False,0.0
FUD37C_W34,steered,2.0,False,0.00010240999897537291
FUD37C_W34,steered,4.0,False,0.0005399400283730039
FUD37C_W34,steered,6.0,False,0.0015025198788296504
FUD37C_W34,steered,8.0,False,0.0041495700837509445
FUD37C_W34,steered,10.0,False,0.009190309817011917
FUD37C_W34,steered,12.0,False,0.01215917987947189
FUD37C_W34,steered,14.0,False,0.022059891322027875
FUD37C_W34,steered,16.0,False,0.05307997265745074
FUD37C_W34,steered,18.0,False,0.18552790743041253
FUD37C_W34,steered,20.0,False,0.6239655075092717
FUTRCLASSb_W41,declared,,False,3.604000153935007e-05
FUTRCLASSb_W41,steered,0.0,False,0.0
FUTRCLASSb_W41,steered,2.0,False,2.2999998464000016e-06
FUTRCLASSb_W41,steered,4.0,False,6.75500036595002e-06
FUTRCLASSb_W41,steered,6.0,False,9.994999522200019e-06
FUTRCLASSb_W41,steered,8.0,False,4.466999906565003e-05
FUTRCLASSb_W41,steered,10.0,False,0.00012139500379980011
FUTRCLASSb_W41,steered,12.0,False,0.00043918501782570074
FUTRCLASSb_W41,steered,14.0,False,0.0014612300291745007
FUTRCLASSb_W41,steered,16.0,False,0.004928995394672632
FUTRCLASSb_W41,steered,18.0,False,0.0130549949993568
FUTRCLASSb_W41,steered,20.0,False,0.03012991060259821
FUTRCLASSc_W41,declared,,False,1.9000000062163735e-07
FUTRCLASSc_W41,steered,0.0,False,0.0
FUTRCLASSc_W41,steered,2.0,False,6.99999983533317e-08
FUTRCLASSc_W41,steered,4.0,False,1.7500000454306885e-07
FUTRCLASSc_W41,steered,6.0,False,6.400000274187079e-07
FUTRCLASSc_W41,steered,8.0,False,2.054999998890583e-06
FUTRCLASSc_W41,steered,10.0,False,7.325000293045836e-06
FUTRCLASSc_W41,steered,12.0,False,2.5665001798180764e-05
FUTRCLASSc_W41,steered,14.0,False,0.00010164999694528554
FUTRCLASSc_W41,steered,16.0,False,0.0005236050008390891
FUTRCLASSc_W41,steered,18.0,False,0.0030670147789312874
FUTRCLASSc_W41,steered,20.0,False,0.019514961175844614
FUTR_DIV_W41,declared,,False,9.911423169969135e-06
FUTR_DIV_W41,steered,0.0,False,0.0
FUTR_DIV_W41,steered,2.0,False,3.246498780374936e-05
FUTR_DIV_W41,steered,4.0,False,0.00021160000211599997
FUTR_DIV_W41,steered,6.0,False,0.00012924996811464778
FUTR_DIV_W41,steered,8.0,False,9.211000782864947e-05
FUTR_DIV_W41,steered,10.0,False,0.0009710700609778532
FUTR_DIV_W41,steered,12.0,False,0.004949710098994201
FUTR_DIV_W41,steered,14.0,False,0.017018535442953956
FUTR_DIV_W41,steered,16.0,False,0.035677734312787
FUTR_DIV_W41,steered,18.0,False,0.08888755460308612
FUTR_DIV_W41,steered,20.0,False,0.15877130658771305
GAP21Q10_W82,declared,,False,0.001719234354782685
GAP21Q10_W82,steered,0.0,False,0.0
GAP21Q10_W82,steered,2.0,False,0.0027434050823021165
GAP21Q10_W82,steered,4.0,False,0.009165594908344104
GAP21Q10_W82,steered,6.0,False,0.03538531869098686
GAP21Q10_W82,steered,8.0,False,0.11317528509333973
GAP21Q10_W82,steered,10.0,False,0.279530974271352
GAP21Q10_W82,steered,12.0,False,0.4146605222827861
GAP21Q10_W82,steered,14.0,False,0.45895008507737056
GAP21Q10_W82,steered,16.0,False,0.47160519958917396
GAP21Q10_W82,steered,18.0,False,0.47926381554669184
GAP21Q10_W82,steered,20.0,False,0.4835630155352946
GAP21Q13_b_W82,declared,,False,0.00039434002922340134
GAP21Q13_b_W82,steered,0.0,False,0.0
GAP21Q13_b_W82,steered,2.0,False,0.0001285799992515
GAP21Q13_b_W82,steered,4.0,False,0.0003722699827776007
GAP21Q13_b_W82,steered,6.0,False,0.0006642699848988222
GAP21Q13_b_W82,steered,8.0,False,0.001141989976609235
GAP21Q13_b_W82,steered,10.0,False,0.0018992899807315374
GAP21Q13_b_W82,steered,12.0,False,0.0040429300000004356
GAP21Q13_b_W82,steered,14.0,False,0.0066729603345062885
GAP21Q13_b_W82,steered,16.0,False,0.008556680430041931
GAP21Q13_b_W82,steered,18.0,False,0.009713059998892187
GAP21Q13_b_W82,steered,20.0,False,0.007682100000945885
GAP21Q15_a_W82,declared,,False,0.0013078098130557849
GAP21Q15_a_W82,steered,0.0,False,0.0
GAP21Q15_a_W82,steered,2.0,False,0.021188490634152624
GAP21Q15_a_W82,steered,4.0,False,0.05422358234950056
GAP21Q15_a_W82,steered,6.0,False,0.07293478368322039
GAP21Q15_a_W82,steered,8.0,False,0.11698744790788035
GAP21Q15_a_W82,steered,10.0,False,0.13458048460045255
GAP21Q15_a_W82,steered,12.0,False,0.24839561613551597
GAP21Q15_a_W82,steered,14.0,False,0.2595235829379958
GAP21Q15_a_W82,steered,16.0,False,0.2794498347573701
GAP21Q15_a_W82,steered,18.0,False,0.43315016409095336
GAP21Q15_a_W82,steered,20.0,False,0.6071023844986684
GAP21Q15_b_W82,declared,,False,0.0008483699723573047
GAP21Q15_b_W82,steered,0.0,False,0.0
GAP21Q15_b_W82,steered,2.0,False,0.00039991962999220846
GAP21Q15_b_W82,steered,4.0,False,0.0020450000092000317
GAP21Q15_b_W82,steered,6.0,False,0.0021551900035304593
GAP21Q15_b_W82,steered,8.0,False,0.004219170156001056
GAP21Q15_b_W82,steered,10.0,False,0.0052473896827599795
GAP21Q15_b_W82,steered,12.0,False,0.009275910057675156
GAP21Q15_b_W82,steered,14.0,False,0.02909343982883147
GAP21Q15_b_W82,steered,16.0,False,0.07252607377637765
GAP21Q15_b_W82,steered,18.0,False,0.16030644666311922
GAP21Q15_b_W82,steered,20.0,False,0.28346515128087607
GAP21Q15_c_W82,declared,,False,0.00019083002318958403
GAP21Q15_c_W82,steered,0.0,False,0.0
GAP21Q15_c_W82,steered,2.0,False,2.0300025842609498e-06
GAP21Q15_c_W82,steered,4.0,False,1.986000257880587e-05
GAP21Q15_c_W82,steered,6.0,False,1.8960001650174946e-05
GAP21Q15_c_W82,steered,8.0,False,5.240999923528653e-05
GAP21Q15_c_W82,steered,10.0,False,0.0001578699928347467
GAP21Q15_c_W82,steered,12.0,False,0.000875469994594273
GAP21Q15_c_W82,steered,14.0,False,0.005252829671122574
GAP21Q15_c_W82,steered,16.0,False,0.01463142924600327
GAP21Q15_c_W82,steered,18.0,False,0.0336681499698752
GAP21Q15_c_W82,steered,20.0,False,0.07454118226200691
GAP21Q15_d_W82,declared,,False,0.036680438165977075
GAP21Q15_d_W82,steered,0.0,False,0.0
GAP21Q15_d_W82,steered,2.0,False,0.0819012163381612
GAP21Q15_d_W82,steered,4.0,False,0.15312808306256132
GAP21Q15_d_W82,steered,6.0,False,0.29791859120134834
GAP21Q15_d_W82,steered,8.0,False,0.42009875698561194
GAP21Q15_d_W82,steered,10.0,False,0.6051506907485067
GAP21Q15_d_W82,steered,12.0,False,0.5418913946079749
GAP21Q15_d_W82,steered,14.0,False,0.5503634889927297
GAP21Q15_d_W82,steered,16.0,False,0.4659165571876525
GAP21Q15_d_W82,steered,18.0,False,0.34187831215121944
GAP21Q15_d_W82,steered,20.0,False,0.30004525711900565
GAP21Q15_e_W82,declared,,False,0.012781957686634895
GAP21Q15_e_W82,steered,0.0,False,0.0
GAP21Q15_e_W82,steered,2.0,False,0.04793118950108381
GAP21Q15_e_W82,steered,4.0,False,0.11073971447451625
GAP21Q15_e_W82,steered,6.0,False,0.18545127003336995
GAP21Q15_e_W82,steered,8.0,False,0.2735685798930147
GAP21Q15_e_W82,steered,10.0,False,0.3911105024841936
GAP21Q15_e_W82,steered,12.0,False,0.33233680140006583
GAP21Q15_e_W82,steered,14.0,False,0.3084214297312301
GAP21Q15_e_W82,steered,16.0,False,0.2038067261344786
GAP21Q15_e_W82,steered,18.0,False,0.1294783070128248
GAP21Q15_e_W82,steered,20.0,False,0.1304719617464037
GAP21Q15_f_W82,declared,,False,0.010196640038214525
GAP21Q15_f_W82,steered,0.0,False,0.0
GAP21Q15_f_W82,steered,2.0,False,0.014364510859384675
GAP21Q15_f_W82,steered,4.0,False,0.04604581504389985
GAP21Q15_f_W82,steered,6.0,False,0.0813613682335718
GAP21Q15_f_W82,steered,8.0,False,0.1083103392403994
GAP21Q15_f_W82,steered,10.0,False,0.1683840334203847
GAP21Q15_f_W82,steered,12.0,False,0.1689024073508566
GAP21Q15_f_W82,steered,14.0,False,0.09097069291822496
GAP21Q15_f_W82,steered,16.0,False,0.05772569424413707
GAP21Q15_f_W82,steered,18.0,False,0.03186908364273001
GAP21Q15_f_W82,steered,20.0,False,0.05287769158788303
GAP21Q17_W82,declared,,False,6.528000678976352e-05
GAP21Q17_W82,steered,0.0,False,0.0
GAP21Q17_W82,steered,2.0,False,0.000971850010614289
GAP21Q17_W82,steered,4.0,False,0.0025709299655916886
GAP21Q17_W82,steered,6.0,False,0.007082700687007991
GAP21Q17_W82,steered,8.0,False,0.01162261894616598
GAP21Q17_W82,steered,10.0,False,0.025545781093312476
GAP21Q17_W82,steered,12.0,False,0.029896268153671704
GAP21Q17_W82,steered,14.0,False,0.028747910331328473
GAP21Q17_W82,steered,16.0,False,0.04776470920974904
GAP21Q17_W82,steered,18.0,False,0.16026179248935818
GAP21Q17_W82,steered,20.0,False,0.33113576644212955
GAP21Q19_a_W82,declared,,False,0.13499954277277174
GAP21Q19_a_W82,steered,0.0,False,0.0
GAP21Q19_a_W82,steered,2.0,False,0.00014014999579545724
GAP21Q19_a_W82,steered,4.0,False,0.0007382000503555838
GAP21Q19_a_W82,steered,6.0,False,0.0009794499743433383
GAP21Q19_a_W82,steered,8.0,False,0.001147030069346949
GAP21Q19_a_W82,steered,10.0,False,0.0009178299239331933
GAP21Q19_a_W82,steered,12.0,False,0.00496736006394335
GAP21Q19_a_W82,steered,14.0,False,0.01623128008013048
GAP21Q19_a_W82,steered,16.0,False,0.04809162051288849
GAP21Q19_a_W82,steered,18.0,False,0.10729364999009347
GAP21Q19_a_W82,steered,20.0,False,0.20274637580428137
GAP21Q19_b_W82,declared,,False,0.0
GAP21Q19_b_W82,steered,0.0,False,0.0
GAP21Q19_b_W82,steered,2.0,False,1.0000000050247593e-08
GAP21Q19_b_W82,steered,4.0,False,1.9999999323339068e-08
GAP21Q19_b_W82,steered,6.0,False,3.999999798054432e-08
GAP21Q19_b_W82,steered,8.0,False,1.0000000150167665e-07
GAP21Q19_b_W82,steered,10.0,False,3.3999998771960804e-07
GAP21Q19_b_W82,steered,12.0,False,8.899999808242853e-07
GAP21Q19_b_W82,steered,14.0,False,2.1099998570583978e-06
GAP21Q19_b_W82,steered,16.0,False,6.399997393824464e-06
GAP21Q19_b_W82,steered,18.0,False,0.00019736000970205225
GAP21Q19_b_W82,steered,20.0,False,0.004241259912540762
GAP21Q19_c_W82,declared,,False,0.0
GAP21Q19_c_W82,steered,0.0,False,0.0
GAP21Q19_c_W82,steered,2.0,False,0.0
GAP21Q19_c_W82,steered,4.0,False,9.999999828202988e-09
GAP21Q19_c_W82,steered,6.0,False,3.999999842463353e-08
GAP21Q19_c_W82,steered,8.0,False,2.7999998874423176e-07
GAP21Q19_c_W82,steered,10.0,False,3.0600001224461866e-06
GAP21Q19_c_W82,steered,12.0,False,2.3220000928775473e-05
GAP21Q19_c_W82,steered,14.0,False,0.00014488999565334475
GAP21Q19_c_W82,steered,16.0,False,0.0005035199848890627
GAP21Q19_c_W82,steered,18.0,False,0.0007495100375132452
GAP21Q19_c_W82,steered,20.0,False,0.0007185899712336424
GAP21Q19_d_W82,declared,,False,0.04922663381189685
GAP21Q19_d_W82,steered,0.0,False,0.0
GAP21Q19_d_W82,steered,2.0,False,0.004554660627262088
GAP21Q19_d_W82,steered,4.0,False,0.01996273991914296
GAP21Q19_d_W82,steered,6.0,False,0.028183350941857272
GAP21Q19_d_W82,steered,8.0,False,0.04704424766846441
GAP21Q19_d_W82,steered,10.0,False,0.07605818903501471
GAP21Q19_d_W82,steered,12.0,False,0.09543718376208171
GAP21Q19_d_W82,steered,14.0,False,0.09510863793714536
GAP21Q19_d_W82,steered,16.0,False,0.09956616493805744
GAP21Q19_d_W82,steered,18.0,False,0.06533409933850341
GAP21Q19_d_W82,steered,20.0,False,0.0719292356906805
GAP21Q19_e_W82,declared,,False,0.1735925117359251
GAP21Q19_e_W82,steered,0.0,False,0.0
GAP21Q19_e_W82,steered,2.0,False,0.00017079997410514986
GAP21Q19_e_W82,steered,4.0,False,0.0005915799637976435
GAP21Q19_e_W82,steered,6.0,False,0.0013640199589232314
GAP21Q19_e_W82,steered,8.0,False,0.0027096401299849535
GAP21Q19_e_W82,steered,10.0,False,0.005720089766910656
GAP21Q19_e_W82,steered,12.0,False,0.014587919309885865
GAP21Q19_e_W82,steered,14.0,False,0.026254609969416566
GAP21Q19_e_W82,steered,16.0,False,0.045396670500950705
GAP21Q19_e_W82,steered,18.0,False,0.06938973137615138
GAP21Q19_e_W82,steered,20.0,False,0.10247129487852955
GAP21Q21_a_W82,declared,,False,0.0016667200807192195
GAP21Q21_a_W82,steered,0.0,False,0.0
GAP21Q21_a_W82,steered,2.0,False,0.0019233399090733405
GAP21Q21_a_W82,steered,4.0,False,0.0037433096496476415
GAP21Q21_a_W82,steered,6.0,False,0.005081169838020538
GAP21Q21_a_W82,steered,8.0,False,0.010959620006784965
GAP21Q21_a_W82,steered,10.0,False,0.014101909435923932
GAP21Q21_a_W82,steered,12.0,False,0.023223359297261048
GAP21Q21_a_W82,steered,14.0,False,0.0378804211469711
GAP21Q21_a_W82,steered,16.0,False,0.07731940768370393
GAP21Q21_a_W82,steered,18.0,False,0.1515450763008418
GAP21Q21_a_W82,steered,20.0,False,0.27516903736695875
GAP21Q21_e_W82,declared,,False,8.690001210100111e-06
GAP21Q21_e_W82,steered,0.0,False,0.0
GAP21Q21_e_W82,steered,2.0,False,2.4129998690011046e-05
GAP21Q21_e_W82,steered,4.0,False,4.84599997463282e-05
GAP21Q21_e_W82,steered,6.0,False,6.691000066901201e-05
GAP21Q21_e_W82,steered,8.0,False,0.00011797000260494649
GAP21Q21_e_W82,steered,10.0,False,0.00020617000033205658
GAP21Q21_e_W82,steered,12.0,False,0.0004978299594647011
GAP21Q21_e_W82,steered,14.0,False,0.0011407599767255788
GAP21Q21_e_W82,steered,16.0,False,0.003574899963899549
GAP21Q21_e_W82,steered,18.0,False,0.008738280354914248
GAP21Q21_e_W82,steered,20.0,False,0.010025100406147744
GAP21Q23_W82,declared,,False,0.00045990995821121317
GAP21Q23_W82,steered,0.0,False,0.0
GAP21Q23_W82,steered,2.0,False,2.523000176823942e-05
GAP21Q23_W82,steered,4.0,False,6.871000044161857e-05
GAP21Q23_W82,steered,6.0,False,0.00020053000017428158
GAP21Q23_W82,steered,8.0,False,0.0003324499969074024
GAP21Q23_W82,steered,10.0,False,0.0007063899787098649
GAP21Q23_W82,steered,12.0,False,0.0014957599995674142
GAP21Q23_W82,steered,14.0,False,0.004055410121515002
GAP21Q23_W82,steered,16.0,False,0.01092868967272076
GAP21Q23_W82,steered,18.0,False,0.022681631811576453
GAP21Q23_W82,steered,20.0,False,0.07339166318219681
GAP21Q24_W82,declared,,False,1.1939999760679498e-05
GAP21Q24_W82,steered,0.0,False,0.0
GAP21Q24_W82,steered,2.0,False,0.003014309909571189
GAP21Q24_W82,steered,4.0,False,0.010941819779347606
GAP21Q24_W82,steered,6.0,False,0.04741012047460336
GAP21Q24_W82,steered,8.0,False,0.14804048703919015
GAP21Q24_W82,steered,10.0,False,0.37754358602068105
GAP21Q24_W82,steered,12.0,False,0.6791928599995358
GAP21Q24_W82,steered,14.0,False,0.8176077891177169
GAP21Q24_W82,steered,16.0,False,0.9240885577242661
GAP21Q24_W82,steered,18.0,False,0.96962031004809
GAP21Q24_W82,steered,20.0,False,0.9789323102969536
GAP21Q25_W82,declared,,False,0.024092628241195818
GAP21Q25_W82,steered,0.0,False,0.0
GAP21Q25_W82,steered,2.0,False,0.042101142881634704
GAP21Q25_W82,steered,4.0,False,0.11062660054965134
GAP21Q25_W82,steered,6.0,False,0.1428295760260218
GAP21Q25_W82,steered,8.0,False,0.26487593629790024
GAP21Q25_W82,steered,10.0,False,0.26486943549912767
GAP21Q25_W82,steered,12.0,False,0.31675139987566364
GAP21Q25_W82,steered,14.0,False,0.21762043484040844
GAP21Q25_W82,steered,16.0,False,0.14419458262584936
GAP21Q25_W82,steered,18.0,False,0.094456449225412
GAP21Q25_W82,steered,20.0,False,0.07585597916540118
GAP21Q26_a_W82,declared,,False,0.012766120289952361
GAP21Q26_a_W82,steered,0.0,False,0.0
GAP21Q26_a_W82,steered,2.0,False,0.0007918098531181918
GAP21Q26_a_W82,steered,4.0,False,0.0013040798632677256
GAP21Q26_a_W82,steered,6.0,False,0.0037247100228123575
GAP21Q26_a_W82,steered,8.0,False,0.01218640036559197
GAP21Q26_a_W82,steered,10.0,False,0.02659791755476154
GAP21Q26_a_W82,steered,12.0,False,0.045463608218186256
GAP21Q26_a_W82,steered,14.0,False,0.09173145612972256
GAP21Q26_a_W82,steered,16.0,False,0.11080904306631396
GAP21Q26_a_W82,steered,18.0,False,0.08946353614291647
GAP21Q26_a_W82,steered,20.0,False,0.0716170376484855
GAP21Q26_b_W82,declared,,False,0.6044770907195005
GAP21Q26_b_W82,steered,0.0,False,0.0
GAP21Q26_b_W82,steered,2.0,False,0.007814330974125823
GAP21Q26_b_W82,steered,4.0,False,0.019804950950814502
GAP21Q26_b_W82,steered,6.0,False,0.033257708880196586
GAP21Q26_b_W82,steered,8.0,False,0.05601862216870309
GAP21Q26_b_W82,steered,10.0,False,0.08436854688514565
GAP21Q26_b_W82,steered,12.0,False,0.07238586835761286
GAP21Q26_b_W82,steered,14.0,False,0.05170300202497566
GAP21Q26_b_W82,steered,16.0,False,0.04642508000000008
GAP21Q26_b_W82,steered,18.0,False,0.2742440782273222
GAP21Q26_b_W82,steered,20.0,False,0.556802096784975
GAP21Q26_c_W82,declared,,False,4.1199999001741606e-06
GAP21Q26_c_W82,steered,0.0,False,0.0
GAP21Q26_c_W82,steered,2.0,False,0.012137199884376768
GAP21Q26_c_W82,steered,4.0,False,0.03615795078166068
GAP21Q26_c_W82,steered,6.0,False,0.09479948286058812
GAP21Q26_c_W82,steered,8.0,False,0.1821742827025359
GAP21Q26_c_W82,steered,10.0,False,0.32072408357909465
GAP21Q26_c_W82,steered,12.0,False,0.377625917552518
GAP21Q26_c_W82,steered,14.0,False,0.295223085901448
GAP21Q26_c_W82,steered,16.0,False,0.20691412206728324
GAP21Q26_c_W82,steered,18.0,False,0.12338275012771134
GAP21Q26_c_W82,steered,20.0,False,0.11437440084442412
GAP21Q27_W82,declared,,False,9.68499963165028e-06
GAP21Q27_W82,steered,0.0,False,0.0
GAP21Q27_W82,steered,2.0,False,0.19310921541376028
GAP21Q27_W82,steered,4.0,False,0.5247913120162997
GAP21Q27_W82,steered,6.0,False,0.7872000602395086
GAP21Q27_W82,steered,8.0,False,0.8956413673169937
GAP21Q27_W82,steered,10.0,False,0.9184612130936074
GAP21Q27_W82,steered,12.0,False,0.9017604283950559
GAP21Q27_W82,steered,14.0,False,0.8189629998913392
GAP21Q27_W82,steered,16.0,False,0.6745626657321175
GAP21Q27_W82,steered,18.0,False,0.4603795271079229
GAP21Q27_W82,steered,20.0,False,0.3033391656700097
GAP21Q28_W82,declared,,False,0.004050629594083895
GAP21Q28_W82,steered,0.0,False,0.0
GAP21Q28_W82,steered,2.0,False,0.007814269606937818
GAP21Q28_W82,steered,4.0,False,0.02105065898456816
GAP21Q28_W82,steered,6.0,False,0.0585855657639042
GAP21Q28_W82,steered,8.0,False,0.14654643146546428
GAP21Q28_W82,steered,10.0,False,0.2670166306999327
GAP21Q28_W82,steered,12.0,False,0.4346587153995928
GAP21Q28_W82,steered,14.0,False,0.49480583031269804
GAP21Q28_W82,steered,16.0,False,0.5536842448062861
GAP21Q28_W82,steered,18.0,False,0.47725389408314234
GAP21Q28_W82,steered,20.0,False,0.3307823189747985
GAP21Q31_W82,declared,,False,3.5999999314917375e-07
GAP21Q31_W82,steered,0.0,False,0.0
GAP21Q31_W82,steered,2.0,False,0.0
GAP21Q31_W82,steered,4.0,False,2.599999792129992e-07
GAP21Q31_W82,steered,6.0,False,4.5000001880346474e-07
GAP21Q31_W82,steered,8.0,False,6.60000117780335e-07
GAP21Q31_W82,steered,10.0,False,5.599999828298508e-07
GAP21Q31_W82,steered,12.0,False,2.530000533185195e-06
GAP21Q31_W82,steered,14.0,False,5.539999500592252e-06
GAP21Q31_W82,steered,16.0,False,1.8509998704452357e-05
GAP21Q31_W82,steered,18.0,False,8.500999172245116e-05
GAP21Q31_W82,steered,20.0,False,0.00035333002251713985
GAP21Q32_W82,declared,,False,2.8699998876288387e-06
GAP21Q32_W82,steered,0.0,False,0.0
GAP21Q32_W82,steered,2.0,False,2.499999913220449e-07
GAP21Q32_W82,steered,4.0,False,9.300000027999999e-07
GAP21Q32_W82,steered,6.0,False,3.5899998911220478e-06
GAP21Q32_W82,steered,8.0,False,1.0009999800189475e-05
GAP21Q32_W82,steered,10.0,False,4.008999959653785e-05
GAP21Q32_W82,steered,12.0,False,0.0001255800038195247
GAP21Q32_W82,steered,14.0,False,0.0003595400036107963
GAP21Q32_W82,steered,16.0,False,0.0007675299307947081
GAP21Q32_W82,steered,18.0,False,0.0020444399793079267
GAP21Q32_W82,steered,20.0,False,0.004417599956121294
GAP21Q33_c_W82,declared,,False,0.028432309715676896
GAP21Q33_c_W82,steered,0.0,False,0.0
GAP21Q33_c_W82,steered,2.0,False,0.4429735827448227
GAP21Q33_c_W82,steered,4.0,False,0.6709718973105857
GAP21Q33_c_W82,steered,6.0,False,0.8378891606211494
GAP21Q33_c_W82,steered,8.0,False,0.8979576600669285
GAP21Q33_c_W82,steered,10.0,False,0.9209690843928601
GAP21Q33_c_W82,steered,12.0,False,0.9506473085194193
GAP21Q33_c_W82,steered,14.0,False,0.950873230931514
GAP21Q33_c_W82,steered,16.0,False,0.9595002306196442
GAP21Q33_c_W82,steered,18.0,False,0.9639959711725082
GAP21Q33_c_W82,steered,20.0,False,0.9590790494918451
GAP21Q33_g_W82,declared,,False,8.570000496957858e-06
GAP21Q33_g_W82,steered,0.0,False,0.0
GAP21Q33_g_W82,steered,2.0,False,5.309999213545629e-06
GAP21Q33_g_W82,steered,4.0,False,1.6060000514779997e-05
GAP21Q33_g_W82,steered,6.0,False,2.9340002295242142e-05
GAP21Q33_g_W82,steered,8.0,False,7.644000135804266e-05
GAP21Q33_g_W82,steered,10.0,False,0.00015020000759533925
GAP21Q33_g_W82,steered,12.0,False,0.00030491998026682134
GAP21Q33_g_W82,steered,14.0,False,0.0008328499738296247
GAP21Q33_g_W82,steered,16.0,False,0.0034078801720977803
GAP21Q33_g_W82,steered,18.0,False,0.012654060634642224
GAP21Q33_g_W82,steered,20.0,False,0.04232697957673023
GAP21Q33_i_W82,declared,,False,0.3167514567013472
GAP21Q33_i_W82,steered,0.0,False,0.0
GAP21Q33_i_W82,steered,2.0,False,0.00422022990536941
GAP21Q33_i_W82,steered,4.0,False,0.012562449045569468
GAP21Q33_i_W82,steered,6.0,False,0.028401179147964584
GAP21Q33_i_W82,steered,8.0,False,0.04671620193251835
GAP21Q33_i_W82,steered,10.0,False,0.09463977572806337
GAP21Q33_i_W82,steered,12.0,False,0.14733746669704773
GAP21Q33_i_W82,steered,14.0,False,0.2674400761514857
GAP21Q33_i_W82,steered,16.0,False,0.3743678050064363
GAP21Q33_i_W82,steered,18.0,False,0.4902951555821957
GAP21Q33_i_W82,steered,20.0,False,0.653300209223686
GAP21Q33_j_W82,declared,,False,8.000000839558652e-08
GAP21Q33_j_W82,steered,0.0,False,0.0
GAP21Q33_j_W82,steered,2.0,False,3.099999806854825e-07
GAP21Q33_j_W82,steered,4.0,False,1.1300000821723444e-06
GAP21Q33_j_W82,steered,6.0,False,3.48999988830645e-06
GAP21Q33_j_W82,steered,8.0,False,9.740000011748684e-06
GAP21Q33_j_W82,steered,10.0,False,2.671000000831203e-05
GAP21Q33_j_W82,steered,12.0,False,7.309000003519195e-05
GAP21Q33_j_W82,steered,14.0,False,0.00015229999615573586
GAP21Q33_j_W82,steered,16.0,False,0.00039519996809289637
GAP21Q33_j_W82,steered,18.0,False,0.0006498599856034071
GAP21Q33_j_W82,steered,20.0,False,0.0005462299534246817
GAP21Q33_m_W82,declared,,False,0.14973851061071175
GAP21Q33_m_W82,steered,0.0,False,0.0
GAP21Q33_m_W82,steered,2.0,False,0.06487123957102692
GAP21Q33_m_W82,steered,4.0,False,0.21952746106026766
GAP21Q33_m_W82,steered,6.0,False,0.3760394811379787
GAP21Q33_m_W82,steered,8.0,False,0.5612654368744051
GAP21Q33_m_W82,steered,10.0,False,0.6782676032810973
GAP21Q33_m_W82,steered,12.0,False,0.7761302654875198
GAP21Q33_m_W82,steered,14.0,False,0.8156476191983517
GAP21Q33_m_W82,steered,16.0,False,0.8473431923210661
GAP21Q33_m_W82,steered,18.0,False,0.8866706730948131
GAP21Q33_m_W82,steered,20.0,False,0.8799844764058806
GAP21Q33_n_W82,declared,,False,0.0037189998877560798
GAP21Q33_n_W82,steered,0.0,False,0.0
GAP21Q33_n_W82,steered,2.0,False,0.24496315944289143
GAP21Q33_n_W82,steered,4.0,False,0.5248496562694049
GAP21Q33_n_W82,steered,6.0,False,0.7945970829591863
GAP21Q33_n_W82,steered,8.0,False,0.9100781698593629
GAP21Q33_n_W82,steered,10.0,False,0.9385104272950952
GAP21Q33_n_W82,steered,12.0,False,0.9597006604394976
GAP21Q33_n_W82,steered,14.0,False,0.9621103694852876
GAP21Q33_n_W82,steered,16.0,False,0.9583402615682572
GAP21Q33_n_W82,steered,18.0,False,0.9440254736607953
GAP21Q33_n_W82,steered,20.0,False,0.8895384975286352
GAP21Q33_q_W82,declared,,False,0.00015803999954605024
GAP21Q33_q_W82,steered,0.0,False,0.0
GAP21Q33_q_W82,steered,2.0,False,0.0040506301277935175
GAP21Q33_q_W82,steered,4.0,False,0.0128941507265741
GAP21Q33_q_W82,steered,6.0,False,0.03661747994322476
GAP21Q33_q_W82,steered,8.0,False,0.07514965615735308
GAP21Q33_q_W82,steered,10.0,False,0.14750082556944674
GAP21Q33_q_W82,steered,12.0,False,0.22203018438690114
GAP21Q33_q_W82,steered,14.0,False,0.3203099035298965
GAP21Q33_q_W82,steered,16.0,False,0.3489847634614347
GAP21Q33_q_W82,steered,18.0,False,0.2506519174792522
GAP21Q33_q_W82,steered,20.0,False,0.17823222001664307
GAP21Q33_r_W82,declared,,False,0.17143858751676005
GAP21Q33_r_W82,steered,0.0,False,0.0
GAP21Q33_r_W82,steered,2.0,False,0.3186205633407078
GAP21Q33_r_W82,steered,4.0,False,0.5623726914507063
GAP21Q33_r_W82,steered,6.0,False,0.7399729862799231
GAP21Q33_r_W82,steered,8.0,False,0.8289754840135637
GAP21Q33_r_W82,steered,10.0,False,0.8866644920123326
GAP21Q33_r_W82,steered,12.0,False,0.913155343583656
GAP21Q33_r_W82,steered,14.0,False,0.8936674640949012
GAP21Q33_r_W82,steered,16.0,False,0.8434125583659368
GAP21Q33_r_W82,steered,18.0,False,0.722859892372012
GAP21Q33_r_W82,steered,20.0,False,0.4983203848751639
GAP21Q33_s_W82,declared,,False,0.0015615798308180671
GAP21Q33_s_W82,steered,0.0,False,0.0
GAP21Q33_s_W82,steered,2.0,False,3.003508286802436e-08
GAP21Q33_s_W82,steered,4.0,False,0.00033174998498864756
GAP21Q33_s_W82,steered,6.0,False,0.0007573799917612654
GAP21Q33_s_W82,steered,8.0,False,0.0016718402688183315
GAP21Q33_s_W82,steered,10.0,False,0.0037196695895881423
GAP21Q33_s_W82,steered,12.0,False,0.0090617297417665
GAP21Q33_s_W82,steered,14.0,False,0.0240337710959615
GAP21Q33_s_W82,steered,16.0,False,0.05816469009602934
GAP21Q33_s_W82,steered,18.0,False,0.117283068769671
GAP21Q33_s_W82,steered,20.0,False,0.2435830877016697
GAP21Q34_a_W82,declared,,False,0.00011724999605403236
GAP21Q34_a_W82,steered,0.0,False,0.0
GAP21Q34_a_W82,steered,2.0,False,0.0012170600010294073
GAP21Q34_a_W82,steered,4.0,False,0.0033605000653306382
GAP21Q34_a_W82,steered,6.0,False,0.008024820080248492
GAP21Q34_a_W82,steered,8.0,False,0.017277080698180677
GAP21Q34_a_W82,steered,10.0,False,0.028404380934137427
GAP21Q34_a_W82,steered,12.0,False,0.0364366911477778
GAP21Q34_a_W82,steered,14.0,False,0.032010311065593246
GAP21Q34_a_W82,steered,16.0,False,0.02201869107595238
GAP21Q34_a_W82,steered,18.0,False,0.009907529573665745
GAP21Q34_a_W82,steered,20.0,False,0.008827759662857645
GAP21Q34_b_W82,declared,,False,4.314000134162049e-05
GAP21Q34_b_W82,steered,0.0,False,0.0
GAP21Q34_b_W82,steered,2.0,False,0.00012222998772369397
GAP21Q34_b_W82,steered,4.0,False,0.0009084000284969475
GAP21Q34_b_W82,steered,6.0,False,0.0012401200143450813
GAP21Q34_b_W82,steered,8.0,False,0.0028382097311321587
GAP21Q34_b_W82,steered,10.0,False,0.004794379856168039
GAP21Q34_b_W82,steered,12.0,False,0.004688050168350603
GAP21Q34_b_W82,steered,14.0,False,0.0047764000332746834
GAP21Q34_b_W82,steered,16.0,False,0.003440180064058631
GAP21Q34_b_W82,steered,18.0,False,0.0028637199593693533
GAP21Q34_b_W82,steered,20.0,False,0.006746710712854023
GAP21Q34_c_W82,declared,,False,7.729999576109582e-06
GAP21Q34_c_W82,steered,0.0,False,0.0
GAP21Q34_c_W82,steered,2.0,False,0.00016943998523904677
GAP21Q34_c_W82,steered,4.0,False,0.0006502599661482635
GAP21Q34_c_W82,steered,6.0,False,0.0012989598797895651
GAP21Q34_c_W82,steered,8.0,False,0.002215949893043524
GAP21Q34_c_W82,steered,10.0,False,0.0037593198429035106
GAP21Q34_c_W82,steered,12.0,False,0.0047783997666254584
GAP21Q34_c_W82,steered,14.0,False,0.004398669822787355
GAP21Q34_c_W82,steered,16.0,False,0.004221950027405483
GAP21Q34_c_W82,steered,18.0,False,0.005842050297647757
GAP21Q34_c_W82,steered,20.0,False,0.011695150131658472
GAP21Q34_d_W82,declared,,False,5.879999742869923e-06
GAP21Q34_d_W82,steered,0.0,False,0.0
GAP21Q34_d_W82,steered,2.0,False,0.000616730057847326
GAP21Q34_d_W82,steered,4.0,False,0.002042119896771809
GAP21Q34_d_W82,steered,6.0,False,0.006262879840257992
GAP21Q34_d_W82,steered,8.0,False,0.01055912012285628
GAP21Q34_d_W82,steered,10.0,False,0.01744438050668037
GAP21Q34_d_W82,steered,12.0,False,0.0175042298082617
GAP21Q34_d_W82,steered,14.0,False,0.013727880426126049
GAP21Q34_d_W82,steered,16.0,False,0.010912440595640364
GAP21Q34_d_W82,steered,18.0,False,0.010221170317779481
GAP21Q34_d_W82,steered,20.0,False,0.019452011951981773
GAP21Q34_e_W82,declared,,False,0.003360469817783664
GAP21Q34_e_W82,steered,0.0,False,0.0
GAP21Q34_e_W82,steered,2.0,False,0.07736326059377047
GAP21Q34_e_W82,steered,4.0,False,0.2141226719696767
GAP21Q34_e_W82,steered,6.0,False,0.43260336870426913
GAP21Q34_e_W82,steered,8.0,False,0.5581063967838937
GAP21Q34_e_W82,steered,10.0,False,0.7741272055460003
GAP21Q34_e_W82,steered,12.0,False,0.814402024527249
GAP21Q34_e_W82,steered,14.0,False,0.7748297477977565
GAP21Q34_e_W82,steered,16.0,False,0.6767288669898651
GAP21Q34_e_W82,steered,18.0,False,0.4365055243350228
GAP21Q34_e_W82,steered,20.0,False,0.18196337186469114
GAP21Q34_f_W82,declared,,False,1.064999933354594e-05
GAP21Q34_f_W82,steered,0.0,False,0.0
GAP21Q34_f_W82,steered,2.0,False,1.7409999907026673e-05
GAP21Q34_f_W82,steered,4.0,False,4.855000259490724e-05
GAP21Q34_f_W82,steered,6.0,False,0.00011554000566910082
GAP21Q34_f_W82,steered,8.0,False,0.00025295002056135356
GAP21Q34_f_W82,steered,10.0,False,0.00055537998333882
GAP21Q34_f_W82,steered,12.0,False,0.0008913400946418643
GAP21Q34_f_W82,steered,14.0,False,0.0017677100257601469
GAP21Q34_f_W82,steered,16.0,False,0.004465459728835741
GAP21Q34_f_W82,steered,18.0,False,0.010247710826067272
GAP21Q34_f_W82,steered,20.0,False,0.02664829785825247
GAP21Q38_a_W82,declared,,False,0.4706878297068736
GAP21Q38_a_W82,steered,0.0,False,0.0
GAP21Q38_a_W82,steered,2.0,False,0.0019198398734561195
GAP21Q38_a_W82,steered,4.0,False,0.004884809585740668
GAP21Q38_a_W82,steered,6.0,False,0.00841904034627039
GAP21Q38_a_W82,steered,8.0,False,0.017862840003703417
GAP21Q38_a_W82,steered,10.0,False,0.02288135022496751
GAP21Q38_a_W82,steered,12.0,False,0.04726778714962032
GAP21Q38_a_W82,steered,14.0,False,0.059751765411433344
GAP21Q38_a_W82,steered,16.0,False,0.11817201885994288
GAP21Q38_a_W82,steered,18.0,False,0.17835566074192588
GAP21Q38_a_W82,steered,20.0,False,0.3651212976739625
GAP21Q38_b_W82,declared,,False,0.0026227100289486494
GAP21Q38_b_W82,steered,0.0,False,0.0
GAP21Q38_b_W82,steered,2.0,False,0.0007076199544474582
GAP21Q38_b_W82,steered,4.0,False,0.0010110699898893127
GAP21Q38_b_W82,steered,6.0,False,0.0030978300627051425
GAP21Q38_b_W82,steered,8.0,False,0.004011869796491929
GAP21Q38_b_W82,steered,10.0,False,0.0066474896649010295
GAP21Q38_b_W82,steered,12.0,False,0.017928170002336152
GAP21Q38_b_W82,steered,14.0,False,0.02922788205106963
GAP21Q38_b_W82,steered,16.0,False,0.04719690235519647
GAP21Q38_b_W82,steered,18.0,False,0.09443984008213391
GAP21Q38_b_W82,steered,20.0,False,0.17781883822181188
GAP21Q38_c_W82,declared,,False,0.0001650900175934611
GAP21Q38_c_W82,steered,0.0,False,0.0
GAP21Q38_c_W82,steered,2.0,False,0.00014513999999998806
GAP21Q38_c_W82,steered,4.0,False,0.00040301998277747497
GAP21Q38_c_W82,steered,6.0,False,0.0006929699859739014
GAP21Q38_c_W82,steered,8.0,False,0.0014932900301815044
GAP21Q38_c_W82,steered,10.0,False,0.0031648400001578203
GAP21Q38_c_W82,steered,12.0,False,0.0066828693308987885
GAP21Q38_c_W82,steered,14.0,False,0.010970739561845577
GAP21Q38_c_W82,steered,16.0,False,0.02292758930798522
GAP21Q38_c_W82,steered,18.0,False,0.04720058477001865
GAP21Q38_c_W82,steered,20.0,False,0.09418726991790749
GAP21Q41_W82,declared,,False,0.001310239955091148
GAP21Q41_W82,steered,0.0,False,0.0
GAP21Q41_W82,steered,2.0,False,8.289999370002859e-06
GAP21Q41_W82,steered,4.0,False,2.7739999752921515e-05
GAP21Q41_W82,steered,6.0,False,4.1660001593850334e-05
GAP21Q41_W82,steered,8.0,False,0.00012568000068227818
GAP21Q41_W82,steered,10.0,False,0.00023042000048440893
GAP21Q41_W82,steered,12.0,False,0.0007551399947046036
GAP21Q41_W82,steered,14.0,False,0.001513629966098419
GAP21Q41_W82,steered,16.0,False,0.0018185899994008418
GAP21Q41_W82,steered,18.0,False,0.002739359800734108
GAP21Q41_W82,steered,20.0,False,0.020931568744105903
GAP21Q43_g_W82,declared,,False,2.7229999984501596e-05
GAP21Q43_g_W82,steered,0.0,False,0.0
GAP21Q43_g_W82,steered,2.0,False,1.6100000326257913e-06
GAP21Q43_g_W82,steered,4.0,False,4.139999937091687e-06
GAP21Q43_g_W82,steered,6.0,False,9.63000001019676e-06
GAP21Q43_g_W82,steered,8.0,False,2.715000001562995e-05
GAP21Q43_g_W82,steered,10.0,False,4.4760000965538005e-05
GAP21Q43_g_W82,steered,12.0,False,0.00015750999361408002
GAP21Q43_g_W82,steered,14.0,False,0.0004276700041591086
GAP21Q43_g_W82,steered,16.0,False,0.0011548200108041362
GAP21Q43_g_W82,steered,18.0,False,0.0051357498955810765
GAP21Q43_g_W82,steered,20.0,False,0.01707597986574827
GAP21Q47_W82,declared,,False,0.033362240088286664
GAP21Q47_W82,steered,0.0,False,0.0
GAP21Q47_W82,steered,2.0,False,0.0021434097408579156
GAP21Q47_W82,steered,4.0,False,0.005191689702261569
GAP21Q47_W82,steered,6.0,False,0.007076410398855822
GAP21Q47_W82,steered,8.0,False,0.012895030152340467
GAP21Q47_W82,steered,10.0,False,0.01607055938301151
GAP21Q47_W82,steered,12.0,False,0.02360186858388798
GAP21Q47_W82,steered,14.0,False,0.03866905731353953
GAP21Q47_W82,steered,16.0,False,0.043408771076988185
GAP21Q47_W82,steered,18.0,False,0.05231590947684096
GAP21Q47_W82,steered,20.0,False,0.04641252971867197
GAP21Q4_a_W82,declared,,False,0.05149543480238809
GAP21Q4_a_W82,steered,0.0,False,0.0
GAP21Q4_a_W82,steered,2.0,False,1.721999818603e-05
GAP21Q4_a_W82,steered,4.0,False,5.182999989250164e-05
GAP21Q4_a_W82,steered,6.0,False,0.00015398000948519194
GAP21Q4_a_W82,steered,8.0,False,0.0007479199697645858
GAP21Q4_a_W82,steered,10.0,False,0.0024424599984635828
GAP21Q4_a_W82,steered,12.0,False,0.0045659796718533355
GAP21Q4_a_W82,steered,14.0,False,0.00796643959287933
GAP21Q4_a_W82,steered,16.0,False,0.007749409520609927
GAP21Q4_a_W82,steered,18.0,False,0.011595690465800383
GAP21Q4_a_W82,steered,20.0,False,0.028263958867784163
GAP21Q4_b_W82,declared,,False,0.0013628801167167475
GAP21Q4_b_W82,steered,0.0,False,0.0
GAP21Q4_b_W82,steered,2.0,False,0.23106492537908274
GAP21Q4_b_W82,steered,4.0,False,0.3797669105803734
GAP21Q4_b_W82,steered,6.0,False,0.583047683868718
GAP21Q4_b_W82,steered,8.0,False,0.6581703356087836
GAP21Q4_b_W82,steered,10.0,False,0.7173703231081154
GAP21Q4_b_W82,steered,12.0,False,0.7076927173329717
GAP21Q4_b_W82,steered,14.0,False,0.57038801531676
GAP21Q4_b_W82,steered,16.0,False,0.3656544432337459
GAP21Q4_b_W82,steered,18.0,False,0.1633022079634362
GAP21Q4_b_W82,steered,20.0,False,0.05933692624229079
GAP21Q4_c_W82,declared,,False,0.001029039993101928
GAP21Q4_c_W82,steered,0.0,False,0.0
GAP21Q4_c_W82,steered,2.0,False,0.014399949280002544
GAP21Q4_c_W82,steered,4.0,False,0.04073320817566617
GAP21Q4_c_W82,steered,6.0,False,0.05601699927704484
GAP21Q4_c_W82,steered,8.0,False,0.11603142028543245
GAP21Q4_c_W82,steered,10.0,False,0.21863284344101463
GAP21Q4_c_W82,steered,12.0,False,0.3708519578852397
GAP21Q4_c_W82,steered,14.0,False,0.6084027096577103
GAP21Q4_c_W82,steered,16.0,False,0.7172350540289311
GAP21Q4_c_W82,steered,18.0,False,0.7163698804522141
GAP21Q4_c_W82,steered,20.0,False,0.49463384393379944
GAP21Q4_d_W82,declared,,False,9.451999773048019e-05
GAP21Q4_d_W82,steered,0.0,False,0.0
GAP21Q4_d_W82,steered,2.0,False,3.999999360819357e-07
GAP21Q4_d_W82,steered,4.0,False,1.720000069079796e-06
GAP21Q4_d_W82,steered,6.0,False,4.849999915998514e-06
GAP21Q4_d_W82,steered,8.0,False,3.450999863337606e-05
GAP21Q4_d_W82,steered,10.0,False,0.00017627998588394853
GAP21Q4_d_W82,steered,12.0,False,0.0010115700404205567
GAP21Q4_d_W82,steered,14.0,False,0.003325370066558352
GAP21Q4_d_W82,steered,16.0,False,0.0075265898493731016
GAP21Q4_d_W82,steered,18.0,False,0.013360600000336948
GAP21Q4_d_W82,steered,20.0,False,0.02783473027861504
GAP21Q4_e_W82,declared,,False,0.0005419500327225255
GAP21Q4_e_W82,steered,0.0,False,0.0
GAP21Q4_e_W82,steered,2.0,False,0.006650809571120549
GAP21Q4_e_W82,steered,4.0,False,0.017276728878229564
GAP21Q4_e_W82,steered,6.0,False,0.04699608762005125
GAP21Q4_e_W82,steered,8.0,False,0.14778959148573428
GAP21Q4_e_W82,steered,10.0,False,0.3774022724487832
GAP21Q4_e_W82,steered,12.0,False,0.5620978587548686
GAP21Q4_e_W82,steered,14.0,False,0.6514802274136109
GAP21Q4_e_W82,steered,16.0,False,0.6233508988285907
GAP21Q4_e_W82,steered,18.0,False,0.4727868583713346
GAP21Q4_e_W82,steered,20.0,False,0.2847899471510486
GAP21Q4_f_W82,declared,,False,0.00018547998981387147
GAP21Q4_f_W82,steered,0.0,False,0.0
GAP21Q4_f_W82,steered,2.0,False,4.669999920636732e-06
GAP21Q4_f_W82,steered,4.0,False,1.2520000517694635e-05
GAP21Q4_f_W82,steered,6.0,False,6.157999686408884e-05
GAP21Q4_f_W82,steered,8.0,False,0.0002894099824494358
GAP21Q4_f_W82,steered,10.0,False,0.0015304900151549721
GAP21Q4_f_W82,steered,12.0,False,0.007026539859405128
GAP21Q4_f_W82,steered,14.0,False,0.018198428361247833
GAP21Q4_f_W82,steered,16.0,False,0.02757125972397273
GAP21Q4_f_W82,steered,18.0,False,0.03588708856270188
GAP21Q4_f_W82,steered,20.0,False,0.05561729111400905
GAP21Q7_a_W82,declared,,False,0.11691459654241809
GAP21Q7_a_W82,steered,0.0,False,0.0
GAP21Q7_a_W82,steered,2.0,False,0.1065333260662339
GAP21Q7_a_W82,steered,4.0,False,0.17521917394214018
GAP21Q7_a_W82,steered,6.0,False,0.24489049131338753
GAP21Q7_a_W82,steered,8.0,False,0.3423995175014163
GAP21Q7_a_W82,steered,10.0,False,0.25607056280352813
GAP21Q7_a_W82,steered,12.0,False,0.20872503420067465
GAP21Q7_a_W82,steered,14.0,False,0.10666450267108706
GAP21Q7_a_W82,steered,16.0,False,0.1050740388415676
GAP21Q7_a_W82,steered,18.0,False,0.10186622295752992
GAP21Q7_a_W82,steered,20.0,False,0.1297297805446907
GAP21Q7_b_W82,declared,,False,0.0005174400151695124
GAP21Q7_b_W82,steered,0.0,False,0.0
GAP21Q7_b_W82,steered,2.0,False,0.00029160001719208406
GAP21Q7_b_W82,steered,4.0,False,0.0009660899827124148
GAP21Q7_b_W82,steered,6.0,False,0.002314189846891135
GAP21Q7_b_W82,steered,8.0,False,0.003808999755792297
GAP21Q7_b_W82,steered,10.0,False,0.010651779207455636
GAP21Q7_b_W82,steered,12.0,False,0.021945732119535544
GAP21Q7_b_W82,steered,14.0,False,0.05691609702738398
GAP21Q7_b_W82,steered,16.0,False,0.17272271902420522
GAP21Q7_b_W82,steered,18.0,False,0.41188938691832544
GAP21Q7_b_W82,steered,20.0,False,0.7240035540167491
GAP21Q7_d_W82,declared,,False,0.15944805928428943
GAP21Q7_d_W82,steered,0.0,False,0.0
GAP21Q7_d_W82,steered,2.0,False,0.16261470523139568
GAP21Q7_d_W82,steered,4.0,False,0.2733999142684034
GAP21Q7_d_W82,steered,6.0,False,0.47703329637811676
GAP21Q7_d_W82,steered,8.0,False,0.6084239546182594
GAP21Q7_d_W82,steered,10.0,False,0.6085056276892264
GAP21Q7_d_W82,steered,12.0,False,0.6118957219728361
GAP21Q7_d_W82,steered,14.0,False,0.433604168872966
GAP21Q7_d_W82,steered,16.0,False,0.3264289931559414
GAP21Q7_d_W82,steered,18.0,False,0.2998617318343046
GAP21Q7_d_W82,steered,20.0,False,0.28764519290673646
GAYMARR2_W32,declared,,True,0.02444849997057761
GAYMARR2_W32,steered,0.0,True,0.0
GAYMARR2_W32,steered,2.0,True,0.0013739500686975035
GAYMARR2_W32,steered,4.0,True,0.002837360003353429
GAYMARR2_W32,steered,6.0,True,0.005016759947797781
GAYMARR2_W32,steered,8.0,True,0.008454530087013464
GAYMARR2_W32,steered,10.0,True,0.01786691964389595
GAYMARR2_W32,steered,12.0,True,0.022885520006172503
GAYMARR2_W32,steered,14.0,True,0.03745054376140481
GAYMARR2_W32,steered,16.0,True,0.03779541151428755
GAYMARR2_W32,steered,18.0,True,0.030203629395926985
GAYMARR2_W32,steered,20.0,True,0.019810990995821603
GIRLSF2C_W29,declared,,False,0.11341783990331061
GIRLSF2C_W29,steered,0.0,False,0.0
GIRLSF2C_W29,steered,2.0,False,0.08526823971072972
GIRLSF2C_W29,steered,4.0,False,0.1642247314474951
GIRLSF2C_W29,steered,6.0,False,0.22906891756970232
GIRLSF2C_W29,steered,8.0,False,0.30138654865486436
GIRLSF2C_W29,steered,10.0,False,0.35577877881088715
GIRLSF2C_W29,steered,12.0,False,0.41833186607852346
GIRLSF2C_W29,steered,14.0,False,0.4340937116146349
GIRLSF2C_W29,steered,16.0,False,0.45355425092891494
GIRLSF2C_W29,steered,18.0,False,0.4643914015394921
GIRLSF2C_W29,steered,20.0,False,0.4646179951502217
GIRLSF2D_W29,declared,,False,0.00438985509426131
GIRLSF2D_W29,steered,0.0,False,0.0
GIRLSF2D_W29,steered,2.0,False,0.005019514598923304
GIRLSF2D_W29,steered,4.0,False,0.011479010545099411
GIRLSF2D_W29,steered,6.0,False,0.017297244944408666
GIRLSF2D_W29,steered,8.0,False,0.03127058766713265
GIRLSF2D_W29,steered,10.0,False,0.06846798202860338
GIRLSF2D_W29,steered,12.0,False,0.10172293529532533
GIRLSF2D_W29,steered,14.0,False,0.19830362503404922
GIRLSF2D_W29,steered,16.0,False,0.2540469454945651
GIRLSF2D_W29,steered,18.0,False,0.33643379644428134
GIRLSF2D_W29,steered,20.0,False,0.377124918424492
GODMORALIMP_W92,declared,,False,0.00015037999124267116
GODMORALIMP_W92,steered,0.0,False,0.0
GODMORALIMP_W92,steered,2.0,False,3.7809996125171474e-05
GODMORALIMP_W92,steered,4.0,False,0.00010733999389644791
GODMORALIMP_W92,steered,6.0,False,0.00022721002153045053
GODMORALIMP_W92,steered,8.0,False,0.00046029013651519897
GODMORALIMP_W92,steered,10.0,False,0.00290114025433392
GODMORALIMP_W92,steered,12.0,False,0.011463819656085861
GODMORALIMP_W92,steered,14.0,False,0.038325141632602575
GODMORALIMP_W92,steered,16.0,False,0.06927862215818348
GODMORALIMP_W92,steered,18.0,False,0.12368860763070452
GODMORALIMP_W92,steered,20.0,False,0.24869592493811582
GOPDIRCT_W29,declared,,False,0.475682619176638
GOPDIRCT_W29,steered,0.0,False,0.0
GOPDIRCT_W29,steered,2.0,False,0.0723719721367587
GOPDIRCT_W29,steered,4.0,False,0.17143814696760054
GOPDIRCT_W29,steered,6.0,False,0.31412733367669976
GOPDIRCT_W29,steered,8.0,False,0.3689612005146356
GOPDIRCT_W29,steered,10.0,False,0.42811166035613346
GOPDIRCT_W29,steered,12.0,False,0.3028311464321623
GOPDIRCT_W29,steered,14.0,False,0.22685402999999998
GOPDIRCT_W29,steered,16.0,False,0.06295917680649948
GOPDIRCT_W29,steered,18.0,False,0.10671135263840262
GOPDIRCT_W29,steered,20.0,False,0.41526014007061063
GOVPRIORITYb_W54,declared,,False,0.07583698227616398
GOVPRIORITYb_W54,steered,0.0,False,0.0
GOVPRIORITYb_W54,steered,2.0,False,0.04602308424441015
GOVPRIORITYb_W54,steered,4.0,False,0.08677200762801507
GOVPRIORITYb_W54,steered,6.0,False,0.17835541368924457
GOVPRIORITYb_W54,steered,8.0,False,0.2664687308813163
GOVPRIORITYb_W54,steered,10.0,False,0.3756136187508493
GOVPRIORITYb_W54,steered,12.0,False,0.49849735992484195
GOVPRIORITYb_W54,steered,14.0,False,0.4980708049613324
GOVPRIORITYb_W54,steered,16.0,False,0.6192828821313168
GOVPRIORITYb_W54,steered,18.0,False,0.6705979594526981
GOVPRIORITYb_W54,steered,20.0,False,0.7513952382914031
GOVPRIORITYc_W54,declared,,False,8.820999823577758e-05
GOVPRIORITYc_W54,steered,0.0,False,0.0
GOVPRIORITYc_W54,steered,2.0,False,3.2390001168169924e-05
GOVPRIORITYc_W54,steered,4.0,False,8.596999807786165e-05
GOVPRIORITYc_W54,steered,6.0,False,0.00019554000015786777
GOVPRIORITYc_W54,steered,8.0,False,0.00042576998287346957
GOVPRIORITYc_W54,steered,10.0,False,0.0011633699879365356
GOVPRIORITYc_W54,steered,12.0,False,0.0014933000152501652
GOVPRIORITYc_W54,steered,14.0,False,0.0031612099691924467
GOVPRIORITYc_W54,steered,16.0,False,0.005195869790705965
GOVPRIORITYc_W54,steered,18.0,False,0.010912239675629265
GOVPRIORITYc_W54,steered,20.0,False,0.022547010702264392
GOVPRIORITYd_W54,declared,,False,1.9999998657205253e-08
GOVPRIORITYd_W54,steered,0.0,False,0.0
GOVPRIORITYd_W54,steered,2.0,False,0.0
GOVPRIORITYd_W54,steered,4.0,False,9.999999828202988e-09
GOVPRIORITYd_W54,steered,6.0,False,1.999999987845058e-08
GOVPRIORITYd_W54,steered,8.0,False,4.999999780874731e-08
GOVPRIORITYd_W54,steered,10.0,False,1.3999999715075262e-07
GOVPRIORITYd_W54,steered,12.0,False,4.899999904717234e-07
GOVPRIORITYd_W54,steered,14.0,False,1.0500000006130605e-06
GOVPRIORITYd_W54,steered,16.0,False,2.7999998820638083e-06
GOVPRIORITYd_W54,steered,18.0,False,7.159999792505367e-06
GOVPRIORITYd_W54,steered,20.0,False,1.419000016034122e-05
GOVPRIORITYf_W54,declared,,False,5.0700003683123995e-06
GOVPRIORITYf_W54,steered,0.0,False,0.0
GOVPRIORITYf_W54,steered,2.0,False,5.899999999670058e-07
GOVPRIORITYf_W54,steered,4.0,False,2.0200000000469842e-06
GOVPRIORITYf_W54,steered,6.0,False,5.9500003588564e-06
GOVPRIORITYf_W54,steered,8.0,False,1.2869999742703975e-05
GOVPRIORITYf_W54,steered,10.0,False,4.5190000901751404e-05
GOVPRIORITYf_W54,steered,12.0,False,0.00012304999753187662
GOVPRIORITYf_W54,steered,14.0,False,0.0002023799919047553
GOVPRIORITYf_W54,steered,16.0,False,0.0005495499612317989
GOVPRIORITYf_W54,steered,18.0,False,0.0014825598498381387
GOVPRIORITYf_W54,steered,20.0,False,0.0030148802650659112
GOVPRIOb_W41,declared,,False,3.88000036832814e-06
GOVPRIOb_W41,steered,0.0,False,0.0
GOVPRIOb_W41,steered,2.0,False,2.9220001399932194e-05
GOVPRIOb_W41,steered,4.0,False,0.00012048999888203404
GOVPRIOb_W41,steered,6.0,False,0.00025943001561856693
GOVPRIOb_W41,steered,8.0,False,0.0005517100276389852
GOVPRIOb_W41,steered,10.0,False,0.001168439988304848
GOVPRIOb_W41,steered,12.0,False,0.0019256600963364345
GOVPRIOb_W41,steered,14.0,False,0.0031709200634185697
GOVPRIOb_W41,steered,16.0,False,0.00668912973254665
GOVPRIOb_W41,steered,18.0,False,0.014044718874717033
GOVPRIOb_W41,steered,20.0,False,0.029172447350693576
GOVPRIOc_W41,declared,,False,9.999999717180685e-09
GOVPRIOc_W41,steered,0.0,False,0.0
GOVPRIOc_W41,steered,2.0,False,9.000000023018373e-08
GOVPRIOc_W41,steered,4.0,False,3.499999902123463e-07
GOVPRIOc_W41,steered,6.0,False,6.199999682543478e-07
GOVPRIOc_W41,steered,8.0,False,1.3400000830054992e-06
GOVPRIOc_W41,steered,10.0,False,2.869999884858032e-06
GOVPRIOc_W41,steered,12.0,False,6.0900003714392525e-06
GOVPRIOc_W41,steered,14.0,False,1.287999974119991e-05
GOVPRIOc_W41,steered,16.0,False,3.5020001418306634e-05
GOVPRIOc_W41,steered,18.0,False,9.455999613949828e-05
GOVPRIOc_W41,steered,20.0,False,0.0002533299977836023
GOVPRIOe_W41,declared,,False,2.8999998884504663e-06
GOVPRIOe_W41,steered,0.0,False,0.0
GOVPRIOe_W41,steered,2.0,False,6.400000112094517e-06
GOVPRIOe_W41,steered,4.0,False,2.52800000000164e-05
GOVPRIOe_W41,steered,6.0,False,5.691999991785934e-05
GOVPRIOe_W41,steered,8.0,False,9.502999807786683e-05
GOVPRIOe_W41,steered,10.0,False,0.00015667999836277424
GOVPRIOe_W41,steered,12.0,False,0.00033308999664638517
GOVPRIOe_W41,steered,14.0,False,0.0005485600279347969
GOVPRIOe_W41,steered,16.0,False,0.0011580299651445802
GOVPRIOe_W41,steered,18.0,False,0.0024325800267313014
GOVPRIOe_W41,steered,20.0,False,0.005040599902775056
GOVPRIOfF1_W41,declared,,False,0.11700219094167763
GOVPRIOfF1_W41,steered,0.0,False,0.0
GOVPRIOfF1_W41,steered,2.0,False,0.08187606888019305
GOVPRIOfF1_W41,steered,4.0,False,0.19338795310637072
GOVPRIOfF1_W41,steered,6.0,False,0.408511357158413
GOVPRIOfF1_W41,steered,8.0,False,0.5328645637919821
GOVPRIOfF1_W41,steered,10.0,False,0.6498680346738287
GOVPRIOfF1_W41,steered,12.0,False,0.693738292370851
GOVPRIOfF1_W41,steered,14.0,False,0.6836725411770449
GOVPRIOfF1_W41,steered,16.0,False,0.6042766479653209
GOVPRIOfF1_W41,steered,18.0,False,0.45573541845046983
GOVPRIOfF1_W41,steered,20.0,False,0.3032836235789469
GOVPRIOgF1_W41,declared,,False,0.010907709781845994
GOVPRIOgF1_W41,steered,0.0,False,0.0
GOVPRIOgF1_W41,steered,2.0,False,0.1085984392783337
GOVPRIOgF1_W41,steered,4.0,False,0.21512445909206215
GOVPRIOgF1_W41,steered,6.0,False,0.28977537353962357
GOVPRIOgF1_W41,steered,8.0,False,0.19511416497587836
GOVPRIOgF1_W41,steered,10.0,False,0.22948647622523544
GOVPRIOgF1_W41,steered,12.0,False,0.19512897440259439
GOVPRIOgF1_W41,steered,14.0,False,0.215231986542643
GOVPRIOgF1_W41,steered,16.0,False,0.11751614322490726
GOVPRIOgF1_W41,steered,18.0,False,0.031156670705562987
GOVPRIOgF1_W41,steered,20.0,False,0.2745754172542459
GOVPRIOhF1_W41,declared,,False,0.00044144012598429773
GOVPRIOhF1_W41,steered,0.0,False,0.0
GOVPRIOhF1_W41,steered,2.0,False,3.980040600148377e-06
GOVPRIOhF1_W41,steered,4.0,False,1.191987316504953e-05
GOVPRIOhF1_W41,steered,6.0,False,0.0016267199837327719
GOVPRIOhF1_W41,steered,8.0,False,0.0028334596444393196
GOVPRIOhF1_W41,steered,10.0,False,0.0054427303961355495
GOVPRIOhF1_W41,steered,12.0,False,0.010505659369660563
GOVPRIOhF1_W41,steered,14.0,False,0.0192539797944291
GOVPRIOhF1_W41,steered,16.0,False,0.03424615750991647
GOVPRIOhF1_W41,steered,18.0,False,0.046834671790282084
GOVPRIOhF1_W41,steered,20.0,False,0.07193372868214279
GOVPRIOiF1_W41,declared,,False,0.0012867500560349652
GOVPRIOiF1_W41,steered,0.0,False,0.0
GOVPRIOiF1_W41,steered,2.0,False,0.0006169098967514361
GOVPRIOiF1_W41,steered,4.0,False,0.0026205999268921307
GOVPRIOiF1_W41,steered,6.0,False,0.004791100035081129
GOVPRIOiF1_W41,steered,8.0,False,0.017435840005466434
GOVPRIOiF1_W41,steered,10.0,False,0.04672044767843058
GOVPRIOiF1_W41,steered,12.0,False,0.11806418038619332
GOVPRIOiF1_W41,steered,14.0,False,0.22186544449805165
GOVPRIOiF1_W41,steered,16.0,False,0.2453266774206565
GOVPRIOiF1_W41,steered,18.0,False,0.23000515226271373
GOVPRIOiF1_W41,steered,20.0,False,0.18182653461355225
GOVPRIOjF1_W41,declared,,False,0.05692472398473061
GOVPRIOjF1_W41,steered,0.0,False,0.0
GOVPRIOjF1_W41,steered,2.0,False,0.005340900073883782
GOVPRIOjF1_W41,steered,4.0,False,0.014465399389785763
GOVPRIOjF1_W41,steered,6.0,False,0.026405779684487256
GOVPRIOjF1_W41,steered,8.0,False,0.041655909074481585
GOVPRIOjF1_W41,steered,10.0,False,0.062019169207755964
GOVPRIOjF1_W41,steered,12.0,False,0.09905343587971932
GOVPRIOjF1_W41,steered,14.0,False,0.09765345707039624
GOVPRIOjF1_W41,steered,16.0,False,0.057133148520484525
GOVPRIOjF1_W41,steered,18.0,False,0.02631908220461845
GOVPRIOjF1_W41,steered,20.0,False,0.131612648806895
GOVPRIOkF2_W41,declared,,False,1.5199999479562064e-06
GOVPRIOkF2_W41,steered,0.0,False,0.0
GOVPRIOkF2_W41,steered,2.0,False,7.199999708730727e-07
GOVPRIOkF2_W41,steered,4.0,False,1.1300000894566515e-06
GOVPRIOkF2_W41,steered,6.0,False,1.6699999424483173e-06
GOVPRIOkF2_W41,steered,8.0,False,3.3100000949853917e-06
GOVPRIOkF2_W41,steered,10.0,False,6.210000167605086e-06
GOVPRIOkF2_W41,steered,12.0,False,9.230000705089043e-06
GOVPRIOkF2_W41,steered,14.0,False,3.406000118881645e-05
GOVPRIOkF2_W41,steered,16.0,False,0.00010884999626956848
GOVPRIOkF2_W41,steered,18.0,False,0.0003720900180249063
GOVPRIOkF2_W41,steered,20.0,False,0.0008968800104039712
GOVPRIOlF2_W41,declared,,False,0.020734987154594098
GOVPRIOlF2_W41,steered,0.0,False,0.0
GOVPRIOlF2_W41,steered,2.0,False,0.002143559680869861
GOVPRIOlF2_W41,steered,4.0,False,0.004766389473665682
GOVPRIOlF2_W41,steered,6.0,False,0.009061109928657662
GOVPRIOlF2_W41,steered,8.0,False,0.020508632068342525
GOVPRIOlF2_W41,steered,10.0,False,0.03417169794234426
GOVPRIOlF2_W41,steered,12.0,False,0.05496502172582381
GOVPRIOlF2_W41,steered,14.0,False,0.06964711139294248
GOVPRIOlF2_W41,steered,16.0,False,0.07862300721234924
GOVPRIOlF2_W41,steered,18.0,False,0.08472146915278517
GOVPRIOlF2_W41,steered,20.0,False,0.09147372490852408
GOVPRIOmF2_W41,declared,,False,0.06487127805386195
GOVPRIOmF2_W41,steered,0.0,False,0.0
GOVPRIOmF2_W41,steered,2.0,False,0.24491859622460144
GOVPRIOmF2_W41,steered,4.0,False,0.3583572956657081
GOVPRIOmF2_W41,steered,6.0,False,0.4564785789080335
GOVPRIOmF2_W41,steered,8.0,False,0.5830108125058778
GOVPRIOmF2_W41,steered,10.0,False,0.6357078500000001
GOVPRIOmF2_W41,steered,12.0,False,0.6357077755993141
GOVPRIOmF2_W41,steered,14.0,False,0.6357122779719414
GOVPRIOmF2_W41,steered,16.0,False,0.6293173051578247
GOVPRIOmF2_W41,steered,18.0,False,0.5836351275949437
GOVPRIOmF2_W41,steered,20.0,False,0.3889672879546958
GOVPRIOnF2_W41,declared,,False,6.775425148926329e-07
GOVPRIOnF2_W41,steered,0.0,False,0.0
GOVPRIOnF2_W41,steered,2.0,False,0.006654910104926757
GOVPRIOnF2_W41,steered,4.0,False,0.021818420287354055
GOVPRIOnF2_W41,steered,6.0,False,0.05921487642113793
GOVPRIOnF2_W41,steered,8.0,False,0.1472846528854835
GOVPRIOnF2_W41,steered,10.0,False,0.26755537804040086
GOVPRIOnF2_W41,steered,12.0,False,0.3755188737151251
GOVPRIOnF2_W41,steered,14.0,False,0.491167565264412
GOVPRIOnF2_W41,steered,16.0,False,0.4648155535960623
GOVPRIOnF2_W41,steered,18.0,False,0.33257484437775625
GOVPRIOnF2_W41,steered,20.0,False,0.16980204222460557
GOVPRIOoF2_W41,declared,,False,0.0
GOVPRIOoF2_W41,steered,0.0,False,0.0
GOVPRIOoF2_W41,steered,2.0,False,0.0
GOVPRIOoF2_W41,steered,4.0,False,0.0
GOVPRIOoF2_W41,steered,6.0,False,0.0
GOVPRIOoF2_W41,steered,8.0,False,9.999999828202988e-09
GOVPRIOoF2_W41,steered,10.0,False,1.999999987845058e-08
GOVPRIOoF2_W41,steered,12.0,False,2.9999999151542056e-08
GOVPRIOoF2_W41,steered,14.0,False,7.000000334933532e-08
GOVPRIOoF2_W41,steered,16.0,False,1.5000000341824915e-07
GOVPRIOoF2_W41,steered,18.0,False,1.9999999290032378e-07
GOVPRIOoF2_W41,steered,20.0,False,2.029999908059743e-06
GOVREGV1_W49,declared,,False,0.0
GOVREGV1_W49,steered,0.0,False,0.0
GOVREGV1_W49,steered,2.0,False,4.999999914101494e-09
GOVREGV1_W49,steered,4.0,False,9.999999883714139e-09
GOVREGV1_W49,steered,6.0,False,1.9999999212316766e-08
GOVREGV1_W49,steered,8.0,False,5.4999999998806004e-08
GOVREGV1_W49,steered,10.0,False,2.8499999998876646e-07
GOVREGV1_W49,steered,12.0,False,8.750000790036516e-07
GOVREGV1_W49,steered,14.0,False,5.060000000112197e-06
GOVREGV1_W49,steered,16.0,False,2.5710003086154565e-05
GOVREGV1_W49,steered,18.0,False,0.00016765999852630387
GOVREGV1_W49,steered,20.0,False,0.0015043150461910848
GROWUPGUN2A_W26,declared,,False,0.021807859552147812
GROWUPGUN2A_W26,steered,0.0,False,0.0
GROWUPGUN2A_W26,steered,2.0,False,3.9899996316927755e-06
GROWUPGUN2A_W26,steered,4.0,False,1.0559999464643255e-05
GROWUPGUN2A_W26,steered,6.0,False,2.3810000111867957e-05
GROWUPGUN2A_W26,steered,8.0,False,2.4640000116038507e-05
GROWUPGUN2A_W26,steered,10.0,False,4.28400010615837e-05
GROWUPGUN2A_W26,steered,12.0,False,7.112000086029191e-05
GROWUPGUN2A_W26,steered,14.0,False,9.130999817363872e-05
GROWUPGUN2A_W26,steered,16.0,False,0.00010445999838748499
GROWUPGUN2A_W26,steered,18.0,False,0.00015229000913741242
GROWUPGUN2A_W26,steered,20.0,False,0.0005443700292716569
GROWUPGUN2B_W26,declared,,False,0.0001172499983976838
GROWUPGUN2B_W26,steered,0.0,False,0.0
GROWUPGUN2B_W26,steered,2.0,False,4.0000005308016284e-08
GROWUPGUN2B_W26,steered,4.0,False,1.600000103518795e-07
GROWUPGUN2B_W26,steered,6.0,False,2.1000000083315484e-07
GROWUPGUN2B_W26,steered,8.0,False,4.799999904214758e-07
GROWUPGUN2B_W26,steered,10.0,False,8.100000002952967e-07
GROWUPGUN2B_W26,steered,12.0,False,1.050000000391016e-06
GROWUPGUN2B_W26,steered,14.0,False,1.71000005544375e-06
GROWUPGUN2B_W26,steered,16.0,False,2.6899998777363265e-06
GROWUPGUN2B_W26,steered,18.0,False,5.749999675952466e-06
GROWUPGUN2B_W26,steered,20.0,False,4.189999788906107e-06
GROWUPGUN2C_W26,declared,,False,0.5599757636644931
GROWUPGUN2C_W26,steered,0.0,False,0.0
GROWUPGUN2C_W26,steered,2.0,False,6.509999876602723e-05
GROWUPGUN2C_W26,steered,4.0,False,0.0001580299990919798
GROWUPGUN2C_W26,steered,6.0,False,0.0002999899948783469
GROWUPGUN2C_W26,steered,8.0,False,0.0005313400272102253
GROWUPGUN2C_W26,steered,10.0,False,0.000688229985377875
GROWUPGUN2C_W26,steered,12.0,False,0.0008798499535114246
GROWUPGUN2C_W26,steered,14.0,False,0.0008262399485107208
GROWUPGUN2C_W26,steered,16.0,False,0.0009484000023846084
GROWUPGUN2C_W26,steered,18.0,False,0.003293399538254471
GROWUPGUN2C_W26,steered,20.0,False,0.04495325009890483
GROWUPGUN4_W26,declared,,False,0.010803430683043432
GROWUPGUN4_W26,steered,0.0,False,0.0
GROWUPGUN4_W26,steered,2.0,False,0.029443269869026546
GROWUPGUN4_W26,steered,4.0,False,0.06487426423354754
GROWUPGUN4_W26,steered,6.0,False,0.0843656521273667
GROWUPGUN4_W26,steered,8.0,False,0.08436570168731407
GROWUPGUN4_W26,steered,10.0,False,0.04602934735177639
GROWUPGUN4_W26,steered,12.0,False,0.02710129332082732
GROWUPGUN4_W26,steered,14.0,False,0.01697844935505277
GROWUPGUN4_W26,steered,16.0,False,0.08573794533562534
GROWUPGUN4_W26,steered,18.0,False,0.19466217188196178
GROWUPGUN4_W26,steered,20.0,False,0.4036111477251642
GROWUPGUN6_W26,declared,,False,6.519999760000001e-06
GROWUPGUN6_W26,steered,0.0,False,0.0
GROWUPGUN6_W26,steered,2.0,False,0.0
GROWUPGUN6_W26,steered,4.0,False,3.00000082200005e-07
GROWUPGUN6_W26,steered,6.0,False,2.1000005280000174e-07
GROWUPGUN6_W26,steered,8.0,False,0.0
GROWUPGUN6_W26,steered,10.0,False,1.3500004642000207e-06
GROWUPGUN6_W26,steered,12.0,False,1.7500007030000105e-06
GROWUPGUN6_W26,steered,14.0,False,7.820002240600032e-06
GROWUPGUN6_W26,steered,16.0,False,5.7359995724700166e-05
GROWUPGUN6_W26,steered,18.0,False,1.2300100682997016e-06
GROWUPGUN6_W26,steered,20.0,False,0.001779220053325699
GROWUPGUN7_W26,declared,,False,2.999999790000012e-08
GROWUPGUN7_W26,steered,0.0,False,0.0
GROWUPGUN7_W26,steered,2.0,False,1.0000006100000087e-08
GROWUPGUN7_W26,steered,4.0,False,3.000000570000001e-08
GROWUPGUN7_W26,steered,6.0,False,8.000000119999989e-08
GROWUPGUN7_W26,steered,8.0,False,1.500000027e-07
GROWUPGUN7_W26,steered,10.0,False,2.7999999999999986e-07
GROWUPGUN7_W26,steered,12.0,False,7.199999928000002e-07
GROWUPGUN7_W26,steered,14.0,False,2.0899999086000042e-06
GROWUPGUN7_W26,steered,16.0,False,8.669999628000018e-06
GROWUPGUN7_W26,steered,18.0,False,6.748000065460002e-05
GROWUPGUN7_W26,steered,20.0,False,0.0009693599612884015
GROWUPVIOL_W26,declared,,False,0.07214983618582407
GROWUPVIOL_W26,steered,0.0,False,0.0
GROWUPVIOL_W26,steered,2.0,False,0.023495708346136575
GROWUPVIOL_W26,steered,4.0,False,0.1141676305282791
GROWUPVIOL_W26,steered,6.0,False,0.2148784011933727
GROWUPVIOL_W26,steered,8.0,False,0.4633306216141198
GROWUPVIOL_W26,steered,10.0,False,0.7110399731104345
GROWUPVIOL_W26,steered,12.0,False,0.7720118420463855
GROWUPVIOL_W26,steered,14.0,False,0.7179358816987441
GROWUPVIOL_W26,steered,16.0,False,0.5403506604025938
GROWUPVIOL_W26,steered,18.0,False,0.37099662542844974
GROWUPVIOL_W26,steered,20.0,False,0.25402627712548115
GUNACCESS_W26,declared,,False,4.899999809000007e-07
GUNACCESS_W26,steered,0.0,False,0.0
GUNACCESS_W26,steered,2.0,False,9.999999900000002e-09
GUNACCESS_W26,steered,4.0,False,1.9999999600000007e-08
GUNACCESS_W26,steered,6.0,False,2.999999910000002e-08
GUNACCESS_W26,steered,8.0,False,8.00000040000002e-08
GUNACCESS_W26,steered,10.0,False,1.9999998800000077e-07
GUNACCESS_W26,steered,12.0,False,5.600000056000001e-07
GUNACCESS_W26,steered,14.0,False,1.8100000181000002e-06
GUNACCESS_W26,steered,16.0,False,8.520000766800069e-06
GUNACCESS_W26,steered,18.0,False,5.1900001557000054e-05
GUNACCESS_W26,steered,20.0,False,0.0009243700647095046
GUNACTIVITYA_W26,declared,,False,0.006909070528480709
GUNACTIVITYA_W26,steered,0.0,False,0.0
GUNACTIVITYA_W26,steered,2.0,False,0.0024094993619819187
GUNACTIVITYA_W26,steered,4.0,False,0.006999330569708135
GUNACTIVITYA_W26,steered,6.0,False,0.046023264065456496
GUNACTIVITYA_W26,steered,8.0,False,0.10121714434139435
GUNACTIVITYA_W26,steered,10.0,False,0.19972377646508746
GUNACTIVITYA_W26,steered,12.0,False,0.23963093070920866
GUNACTIVITYA_W26,steered,14.0,False,0.35721307418220716
GUNACTIVITYA_W26,steered,16.0,False,0.35957064399730193
GUNACTIVITYA_W26,steered,18.0,False,0.4198641440386579
GUNACTIVITYA_W26,steered,20.0,False,0.41188213202509555
GUNACTIVITYB_W26,declared,,False,0.03485425062290791
GUNACTIVITYB_W26,steered,0.0,False,0.0
GUNACTIVITYB_W26,steered,2.0,False,0.00021745002329200025
GUNACTIVITYB_W26,steered,4.0,False,0.0002013999554996048
GUNACTIVITYB_W26,steered,6.0,False,0.0007573002470400224
GUNACTIVITYB_W26,steered,8.0,False,0.0007002601730875883
GUNACTIVITYB_W26,steered,10.0,False,0.0007817896018615544
GUNACTIVITYB_W26,steered,12.0,False,0.0024094792550090386
GUNACTIVITYB_W26,steered,14.0,False,0.014399940747546032
GUNACTIVITYB_W26,steered,16.0,False,0.01832547842452347
GUNACTIVITYB_W26,steered,18.0,False,0.019341862806290636
GUNACTIVITYB_W26,steered,20.0,False,0.014349209812731892
GUNCONTRIBA_W26,declared,,False,0.0007076199544474582
GUNCONTRIBA_W26,steered,0.0,False,0.0
GUNCONTRIBA_W26,steered,2.0,False,0.0019198398350606105
GUNCONTRIBA_W26,steered,4.0,False,0.003808979704634563
GUNCONTRIBA_W26,steered,6.0,False,0.005096760004938972
GUNCONTRIBA_W26,steered,8.0,False,0.008502699660642321
GUNCONTRIBA_W26,steered,10.0,False,0.008502669231023607
GUNCONTRIBA_W26,steered,12.0,False,0.010912119999254233
GUNCONTRIBA_W26,steered,14.0,False,0.013884658470904365
GUNCONTRIBA_W26,steered,16.0,False,0.022548280000000087
GUNCONTRIBA_W26,steered,18.0,False,0.027619296399071236
GUNCONTRIBA_W26,steered,20.0,False,0.03778355151834101
GUNCONTRIBC_W26,declared,,False,0.0017298199865687003
GUNCONTRIBC_W26,steered,0.0,False,0.0
GUNCONTRIBC_W26,steered,2.0,False,0.1594490370677572
GUNCONTRIBC_W26,steered,4.0,False,0.3098336360869731
GUNCONTRIBC_W26,steered,6.0,False,0.4292777053660774
GUNCONTRIBC_W26,steered,8.0,False,0.557003435911057
GUNCONTRIBC_W26,steered,10.0,False,0.6159298054518506
GUNCONTRIBC_W26,steered,12.0,False,0.7229214086005425
GUNCONTRIBC_W26,steered,14.0,False,0.6599354088850466
GUNCONTRIBC_W26,steered,16.0,False,0.633303408487228
GUNCONTRIBC_W26,steered,18.0,False,0.47803427231286877
GUNCONTRIBC_W26,steered,20.0,False,0.19665914804812046
GUNCONTRIBE_W26,declared,,False,9.01000171474393e-06
GUNCONTRIBE_W26,steered,0.0,False,0.0
GUNCONTRIBE_W26,steered,2.0,False,0.0004585100019439162
GUNCONTRIBE_W26,steered,4.0,False,0.0010997200580237872
GUNCONTRIBE_W26,steered,6.0,False,0.0031133799035610726
GUNCONTRIBE_W26,steered,8.0,False,0.008537329912676007
GUNCONTRIBE_W26,steered,10.0,False,0.02306601208398318
GUNCONTRIBE_W26,steered,12.0,False,0.07664982153299643
GUNCONTRIBE_W26,steered,14.0,False,0.15299058537082563
GUNCONTRIBE_W26,steered,16.0,False,0.2172422434467592
GUNCONTRIBE_W26,steered,18.0,False,0.2739442955186979
GUNCONTRIBE_W26,steered,20.0,False,0.29037920324680006
GUNCONTRIBF_W26,declared,,False,0.003159099750942334
GUNCONTRIBF_W26,steered,0.0,False,0.0
GUNCONTRIBF_W26,steered,2.0,False,0.051509169227585125
GUNCONTRIBF_W26,steered,4.0,False,0.1772053865080945
GUNCONTRIBF_W26,steered,6.0,False,0.4968273899682756
GUNCONTRIBF_W26,steered,8.0,False,0.7753733688264552
GUNCONTRIBF_W26,steered,10.0,False,0.9222158130921139
GUNCONTRIBF_W26,steered,12.0,False,0.9682169879942637
GUNCONTRIBF_W26,steered,14.0,False,0.9827623402146153
GUNCONTRIBF_W26,steered,16.0,False,0.9818526894014129
GUNCONTRIBF_W26,steered,18.0,False,0.9779302702616299
GUNCONTRIBF_W26,steered,20.0,False,0.9586794786761393
GUNFRIEND_W26,declared,,False,6.114000750800014e-05
GUNFRIEND_W26,steered,0.0,False,0.0
GUNFRIEND_W26,steered,2.0,False,9.999999700000008e-09
GUNFRIEND_W26,steered,4.0,False,7.00000111999997e-08
GUNFRIEND_W26,steered,6.0,False,5.0000016999999054e-08
GUNFRIEND_W26,steered,8.0,False,1.1999999149999813e-07
GUNFRIEND_W26,steered,10.0,False,1.0999999759999997e-07
GUNFRIEND_W26,steered,12.0,False,4.1999995530000043e-07
GUNFRIEND_W26,steered,14.0,False,9.900000465000012e-07
GUNFRIEND_W26,steered,16.0,False,3.4000000596000012e-06
GUNFRIEND_W26,steered,18.0,False,1.376000156130014e-05
GUNFRIEND_W26,steered,20.0,False,0.0001701300024115
GUNIDENTITY_W26,declared,,False,0.9751086717986023
GUNIDENTITY_W26,steered,0.0,False,0.0
GUNIDENTITY_W26,steered,2.0,False,0.00036673000060526026
GUNIDENTITY_W26,steered,4.0,False,0.0005904299169489385
GUNIDENTITY_W26,steered,6.0,False,0.001920099941831413
GUNIDENTITY_W26,steered,8.0,False,0.005375280271479912
GUNIDENTITY_W26,steered,10.0,False,0.016688718966937303
GUNIDENTITY_W26,steered,12.0,False,0.04954449903219618
GUNIDENTITY_W26,steered,14.0,False,0.09793684802417192
GUNIDENTITY_W26,steered,16.0,False,0.12013709604662563
GUNIDENTITY_W26,steered,18.0,False,0.12821212309611726
GUNIDENTITY_W26,steered,20.0,False,0.09904305294390714
GUNLOADED1_W26,declared,,False,0.0013429499020661839
GUNLOADED1_W26,steered,0.0,False,0.0
GUNLOADED1_W26,steered,2.0,False,0.0005470902194856493
GUNLOADED1_W26,steered,4.0,False,0.0012500998349279238
GUNLOADED1_W26,steered,6.0,False,0.0007106202320045184
GUNLOADED1_W26,steered,8.0,False,3.750984288519396e-05
GUNLOADED1_W26,steered,10.0,False,0.002132479989497258
GUNLOADED1_W26,steered,12.0,False,0.0102362590102174
GUNLOADED1_W26,steered,14.0,False,0.021089701303040966
GUNLOADED1_W26,steered,16.0,False,0.041362211809801964
GUNLOADED1_W26,steered,18.0,False,0.08565329400426946
GUNLOADED1_W26,steered,20.0,False,0.16691943332204687
GUNLOADED2_W26,declared,,False,1.75600002964e-05
GUNLOADED2_W26,steered,0.0,False,0.0
GUNLOADED2_W26,steered,2.0,False,2.240000157799994e-06
GUNLOADED2_W26,steered,4.0,False,7.759999833000002e-06
GUNLOADED2_W26,steered,6.0,False,5.220000292199984e-06
GUNLOADED2_W26,steered,8.0,False,3.239000116820002e-05
GUNLOADED2_W26,steered,10.0,False,5.3410000319700015e-05
GUNLOADED2_W26,steered,12.0,False,9.21899978301e-05
GUNLOADED2_W26,steered,14.0,False,0.0001951400163319009
GUNLOADED2_W26,steered,16.0,False,0.00025053999070979966
GUNLOADED2_W26,steered,18.0,False,0.0002510299935494001
GUNLOADED2_W26,steered,20.0,False,0.0005081300380828013
GUNLOCKED1_W26,declared,,False,0.03449752329848532
GUNLOCKED1_W26,steered,0.0,False,0.0
GUNLOCKED1_W26,steered,2.0,False,0.0017702598474319542
GUNLOCKED1_W26,steered,4.0,False,0.004686579576848371
GUNLOCKED1_W26,steered,6.0,False,0.010589009911714853
GUNLOCKED1_W26,steered,8.0,False,0.022705478868218942
GUNLOCKED1_W26,steered,10.0,False,0.05995714481362058
GUNLOCKED1_W26,steered,12.0,False,0.11910830877901357
GUNLOCKED1_W26,steered,14.0,False,0.22241425218872946
GUNLOCKED1_W26,steered,16.0,False,0.43667374885570986
GUNLOCKED1_W26,steered,18.0,False,0.6753886764922264
GUNLOCKED1_W26,steered,20.0,False,0.8243168720856336
GUNLOCKED2_W26,declared,,False,1.3799999948993502e-05
GUNLOCKED2_W26,steered,0.0,False,0.0
GUNLOCKED2_W26,steered,2.0,False,4.799999964166801e-07
GUNLOCKED2_W26,steered,4.0,False,1.2800000080970264e-06
GUNLOCKED2_W26,steered,6.0,False,4.549999904290836e-06
GUNLOCKED2_W26,steered,8.0,False,1.2739999747934938e-05
GUNLOCKED2_W26,steered,10.0,False,2.6969999982973114e-05
GUNLOCKED2_W26,steered,12.0,False,7.391000073908582e-05
GUNLOCKED2_W26,steered,14.0,False,0.00015553999853157308
GUNLOCKED2_W26,steered,16.0,False,0.00032640999664645953
GUNLOCKED2_W26,steered,18.0,False,0.0006821299858066343
GUNLOCKED2_W26,steered,20.0,False,0.0010898399914917034
GUNRESPKIDSD_W26,declared,,False,0.0003558299986916591
GUNRESPKIDSD_W26,steered,0.0,False,0.0
GUNRESPKIDSD_W26,steered,2.0,False,0.0004294499729339263
GUNRESPKIDSD_W26,steered,4.0,False,0.0014560500013663935
GUNRESPKIDSD_W26,steered,6.0,False,0.00403522979823856
GUNRESPKIDSD_W26,steered,8.0,False,0.008543200000000084
GUNRESPKIDSD_W26,steered,10.0,False,0.01795334946356375
GUNRESPKIDSD_W26,steered,12.0,False,0.04737708667765017
GUNRESPKIDSD_W26,steered,14.0,False,0.09525058286889021
GUNRESPKIDSD_W26,steered,16.0,False,0.18218736093730492
GUNRESPKIDSD_W26,steered,18.0,False,0.37635102873645887
GUNRESPKIDSD_W26,steered,20.0,False,0.6158337883371159
GUNRESPKIDSE_W26,declared,,False,1.35800001024311e-05
GUNRESPKIDSE_W26,steered,0.0,False,0.0
GUNRESPKIDSE_W26,steered,2.0,False,2.2350001585125234e-05
GUNRESPKIDSE_W26,steered,4.0,False,8.823999550844341e-05
GUNRESPKIDSE_W26,steered,6.0,False,0.0002550800050391544
GUNRESPKIDSE_W26,steered,8.0,False,0.0009051199634199092
GUNRESPKIDSE_W26,steered,10.0,False,0.0019209799422433838
GUNRESPKIDSE_W26,steered,12.0,False,0.004062380162960455
GUNRESPKIDSE_W26,steered,14.0,False,0.01404374042106038
GUNRESPKIDSE_W26,steered,16.0,False,0.029266249119010657
GUNRESPKIDSE_W26,steered,18.0,False,0.07560069077723797
GUNRESPKIDSE_W26,steered,20.0,False,0.22159651556807025
GUNRESPNOKIDSA_W26,declared,,False,1.469999888370488e-06
GUNRESPNOKIDSA_W26,steered,0.0,False,0.0
GUNRESPNOKIDSA_W26,steered,2.0,False,5.340000095999109e-06
GUNRESPNOKIDSA_W26,steered,4.0,False,1.772000057775891e-05
GUNRESPNOKIDSA_W26,steered,6.0,False,5.5400000144367745e-05
GUNRESPNOKIDSA_W26,steered,8.0,False,0.00011863999905104006
GUNRESPNOKIDSA_W26,steered,10.0,False,0.0003284599934310073
GUNRESPNOKIDSA_W26,steered,12.0,False,0.0005382600164378637
GUNRESPNOKIDSA_W26,steered,14.0,False,0.0011456099162300282
GUNRESPNOKIDSA_W26,steered,16.0,False,0.004012579878475697
GUNRESPNOKIDSA_W26,steered,18.0,False,0.010829529121103354
GUNRESPNOKIDSA_W26,steered,20.0,False,0.03683985925352018
GUNRESPNOKIDSB_W26,declared,,False,0.1468419766867325
GUNRESPNOKIDSB_W26,steered,0.0,False,0.0
GUNRESPNOKIDSB_W26,steered,2.0,False,0.3583574284985561
GUNRESPNOKIDSB_W26,steered,4.0,False,0.7039056907538725
GUNRESPNOKIDSB_W26,steered,6.0,False,0.809301204767466
GUNRESPNOKIDSB_W26,steered,8.0,False,0.8798269700000186
GUNRESPNOKIDSB_W26,steered,10.0,False,0.9253467473870995
GUNRESPNOKIDSB_W26,steered,12.0,False,0.9295985683768797
GUNRESPNOKIDSB_W26,steered,14.0,False,0.93459181875723
GUNRESPNOKIDSB_W26,steered,16.0,False,0.913171504042654
GUNRESPNOKIDSB_W26,steered,18.0,False,0.8468078186769719
GUNRESPNOKIDSB_W26,steered,20.0,False,0.7030886957793648
GUNRESPNOKIDSC_W26,declared,,False,1.656000074845565e-05
GUNRESPNOKIDSC_W26,steered,0.0,False,0.0
GUNRESPNOKIDSC_W26,steered,2.0,False,0.0003344599846996088
GUNRESPNOKIDSC_W26,steered,4.0,False,0.001111219988304879
GUNRESPNOKIDSC_W26,steered,6.0,False,0.0018813300954284573
GUNRESPNOKIDSC_W26,steered,8.0,False,0.00403477983542655
GUNRESPNOKIDSC_W26,steered,10.0,False,0.008519200344264677
GUNRESPNOKIDSC_W26,steered,12.0,False,0.022911329084207344
GUNRESPNOKIDSC_W26,steered,14.0,False,0.037187058880195134
GUNRESPNOKIDSC_W26,steered,16.0,False,0.07542761302141154
GUNRESPNOKIDSC_W26,steered,18.0,False,0.118033338772904
GUNRESPNOKIDSC_W26,steered,20.0,False,0.21910684204739783
GUNRESPNOKIDSD_W26,declared,,False,1.1696564983232349e-07
GUNRESPNOKIDSD_W26,steered,0.0,False,0.0
GUNRESPNOKIDSD_W26,steered,2.0,False,0.030634028746340136
GUNRESPNOKIDSD_W26,steered,4.0,False,0.07268562762905273
GUNRESPNOKIDSD_W26,steered,6.0,False,0.14654612850450754
GUNRESPNOKIDSD_W26,steered,8.0,False,0.22178947782520364
GUNRESPNOKIDSD_W26,steered,10.0,False,0.3768318088344824
GUNRESPNOKIDSD_W26,steered,12.0,False,0.49929353992152015
GUNRESPNOKIDSD_W26,steered,14.0,False,0.6212956898562266
GUNRESPNOKIDSD_W26,steered,16.0,False,0.774834280074531
GUNRESPNOKIDSD_W26,steered,18.0,False,0.8452561657209304
GUNRESPNOKIDSD_W26,steered,20.0,False,0.8981724409977643
GUNRESPNOKIDSE_W26,declared,,False,5.996996832458024e-08
GUNRESPNOKIDSE_W26,steered,0.0,False,0.0
GUNRESPNOKIDSE_W26,steered,2.0,False,0.002261650253810421
GUNRESPNOKIDSE_W26,steered,4.0,False,0.00824225033640158
GUNRESPNOKIDSE_W26,steered,6.0,False,0.017783069096585336
GUNRESPNOKIDSE_W26,steered,8.0,False,0.03716921776666926
GUNRESPNOKIDSE_W26,steered,10.0,False,0.0599649412092359
GUNRESPNOKIDSE_W26,steered,12.0,False,0.11905126761258755
GUNRESPNOKIDSE_W26,steered,14.0,False,0.22248615337241817
GUNRESPNOKIDSE_W26,steered,16.0,False,0.43743099190200274
GUNRESPNOKIDSE_W26,steered,18.0,False,0.6213495550869066
GUNRESPNOKIDSE_W26,steered,20.0,False,0.7721139499467963
GUNRESPNOKIDSF_W26,declared,,False,0.0
GUNRESPNOKIDSF_W26,steered,0.0,False,0.0
GUNRESPNOKIDSF_W26,steered,2.0,False,1.9660000236232378e-05
GUNRESPNOKIDSF_W26,steered,4.0,False,0.0001186099989094469
GUNRESPNOKIDSF_W26,steered,6.0,False,0.00025829001320809564
GUNRESPNOKIDSF_W26,steered,8.0,False,0.0009073400454039371
GUNRESPNOKIDSF_W26,steered,10.0,False,0.002466520099085545
GUNRESPNOKIDSF_W26,steered,12.0,False,0.005208749791310474
GUNRESPNOKIDSF_W26,steered,14.0,False,0.010962849010948572
GUNRESPNOKIDSF_W26,steered,16.0,False,0.029237458532938687
GUNRESPNOKIDSF_W26,steered,18.0,False,0.05982583939655306
GUNRESPNOKIDSF_W26,steered,20.0,False,0.14672440855911673
GUNSAFETYKIDS_W26,declared,,False,2.4430000489749356e-05
GUNSAFETYKIDS_W26,steered,0.0,False,0.0
GUNSAFETYKIDS_W26,steered,2.0,False,0.001886094980708363
GUNSAFETYKIDS_W26,steered,4.0,False,0.010382365837376282
GUNSAFETYKIDS_W26,steered,6.0,False,0.03835955541614121
GUNSAFETYKIDS_W26,steered,8.0,False,0.13553148047973526
GUNSAFETYKIDS_W26,steered,10.0,False,0.2653763501989516
GUNSAFETYKIDS_W26,steered,12.0,False,0.3359490917189818
GUNSAFETYKIDS_W26,steered,14.0,False,0.36810580358843664
GUNSAFETYKIDS_W26,steered,16.0,False,0.36004012801851676
GUNSAFETYKIDS_W26,steered,18.0,False,0.3226625349900263
GUNSAFETYKIDS_W26,steered,20.0,False,0.35576838210431455
GUNSAFE_W26,declared,,False,0.9316567191698009
GUNSAFE_W26,steered,0.0,False,0.0
GUNSAFE_W26,steered,2.0,False,0.00198856501019673
GUNSAFE_W26,steered,4.0,False,0.01728090015007777
GUNSAFE_W26,steered,6.0,False,0.04605352103329663
GUNSAFE_W26,steered,8.0,False,0.1450047170999058
GUNSAFE_W26,steered,10.0,False,0.31296600783787887
GUNSAFE_W26,steered,12.0,False,0.41554483084455157
GUNSAFE_W26,steered,14.0,False,0.503736434887907
GUNSAFE_W26,steered,16.0,False,0.5058564285031053
GUNSAFE_W26,steered,18.0,False,0.5042740686585193
GUNSAFE_W26,steered,20.0,False,0.43327941500000006
GUNTYPEOWNC_W26,declared,,False,0.0
GUNTYPEOWNC_W26,steered,0.0,False,0.0
GUNTYPEOWNC_W26,steered,2.0,False,0.0
GUNTYPEOWNC_W26,steered,4.0,False,0.0
GUNTYPEOWNC_W26,steered,6.0,False,0.0
GUNTYPEOWNC_W26,steered,8.0,False,0.0
GUNTYPEOWNC_W26,steered,10.0,False,0.0
GUNTYPEOWNC_W26,steered,12.0,False,9.999999700000005e-09
GUNTYPEOWNC_W26,steered,14.0,False,9.999999959999999e-08
GUNTYPEOWNC_W26,steered,16.0,False,1.2300000850000047e-06
GUNTYPEOWNC_W26,steered,18.0,False,5.889999684100017e-06
GUNTYPEOWNC_W26,steered,20.0,False,1.862000024259999e-05
HAPPEN2b_W41,declared,,False,0.0
HAPPEN2b_W41,steered,0.0,False,0.0
HAPPEN2b_W41,steered,2.0,False,0.0
HAPPEN2b_W41,steered,4.0,False,9.999999900000002e-09
HAPPEN2b_W41,steered,6.0,False,4.999999760615849e-08
HAPPEN2b_W41,steered,8.0,False,2.5999999704101496e-07
HAPPEN2b_W41,steered,10.0,False,2.8899996810893733e-06
HAPPEN2b_W41,steered,12.0,False,1.875999924933152e-05
HAPPEN2b_W41,steered,14.0,False,7.85599984293443e-05
HAPPEN2b_W41,steered,16.0,False,0.0002637999947191395
HAPPEN2b_W41,steered,18.0,False,0.0008815699559229877
HAPPEN2b_W41,steered,20.0,False,0.006853540205625317
HAPPEN2f_W41,declared,,False,2.999999615393989e-08
HAPPEN2f_W41,steered,0.0,False,0.0
HAPPEN2f_W41,steered,2.0,False,9.999999606158383e-09
HAPPEN2f_W41,steered,4.0,False,3.99999969813436e-08
HAPPEN2f_W41,steered,6.0,False,1.0000000156860972e-07
HAPPEN2f_W41,steered,8.0,False,3.199999765768581e-07
HAPPEN2f_W41,steered,10.0,False,1.4700001065371827e-06
HAPPEN2f_W41,steered,12.0,False,3.7900003577654074e-06
HAPPEN2f_W41,steered,14.0,False,1.762000019482162e-05
HAPPEN2f_W41,steered,16.0,False,9.400999244335486e-05
HAPPEN2f_W41,steered,18.0,False,0.0006661499933470336
HAPPEN2f_W41,steered,20.0,False,0.005559009888743986
HARASS1F1b_W41,declared,,True,6.399998818684693e-07
HARASS1F1b_W41,steered,0.0,True,0.0
HARASS1F1b_W41,steered,2.0,True,1.3399997882412862e-06
HARASS1F1b_W41,steered,4.0,True,3.3199996303245882e-06
HARASS1F1b_W41,steered,6.0,True,9.730000921637227e-06
HARASS1F1b_W41,steered,8.0,True,3.746999960285713e-05
HARASS1F1b_W41,steered,10.0,True,0.0001816099885638689
HARASS1F1b_W41,steered,12.0,True,0.0008341999811654066
HARASS1F1b_W41,steered,14.0,True,0.004280849959679589
HARASS1F1b_W41,steered,16.0,True,0.013318159993862877
HARASS1F1b_W41,steered,18.0,True,0.06643938528817117
HARASS1F1b_W41,steered,20.0,True,0.26774691735265665
HARASS1F1d_W41,declared,,True,0.0
HARASS1F1d_W41,steered,0.0,True,0.0
HARASS1F1d_W41,steered,2.0,True,9.99999993922529e-09
HARASS1F1d_W41,steered,4.0,True,9.999999717180685e-09
HARASS1F1d_W41,steered,6.0,True,2.9999998596430544e-08
HARASS1F1d_W41,steered,8.0,True,6.000000385419924e-08
HARASS1F1d_W41,steered,10.0,True,1.4999999342624193e-07
HARASS1F1d_W41,steered,12.0,True,3.5999998915237086e-07
HARASS1F1d_W41,steered,14.0,True,8.900000143530207e-07
HARASS1F1d_W41,steered,16.0,True,2.369999976159498e-06
HARASS1F1d_W41,steered,18.0,True,1.4489999072275772e-05
HARASS1F1d_W41,steered,20.0,True,0.00013520000370959018
HARASS1NOWRKF2d_W41,declared,,True,0.0
HARASS1NOWRKF2d_W41,steered,0.0,True,0.0
HARASS1NOWRKF2d_W41,steered,2.0,True,9.999999828202988e-09
HARASS1NOWRKF2d_W41,steered,4.0,True,9.999999828202988e-09
HARASS1NOWRKF2d_W41,steered,6.0,True,1.9999999545383673e-08
HARASS1NOWRKF2d_W41,steered,8.0,True,2.9999998707452846e-08
HARASS1NOWRKF2d_W41,steered,10.0,True,7.000000301626841e-08
HARASS1NOWRKF2d_W41,steered,12.0,True,2.1000000249848938e-07
HARASS1NOWRKF2d_W41,steered,14.0,True,1.0800001190025554e-06
HARASS1NOWRKF2d_W41,steered,16.0,True,2.9000001473544756e-06
HARASS1NOWRKF2d_W41,steered,18.0,True,1.5900000765789457e-05
HARASS1NOWRKF2d_W41,steered,20.0,True,0.00020631002402415888
HARASS2F1_W32,declared,,False,9.999999661669534e-09
HARASS2F1_W32,steered,0.0,False,0.0
HARASS2F1_W32,steered,2.0,False,0.0
HARASS2F1_W32,steered,4.0,False,0.0
HARASS2F1_W32,steered,6.0,False,4.999999858590343e-09
HARASS2F1_W32,steered,8.0,False,9.999999828202988e-09
HARASS2F1_W32,steered,10.0,False,3.500000034240003e-08
HARASS2F1_W32,steered,12.0,False,1.3500000134447632e-07
HARASS2F1_W32,steered,14.0,False,5.349999825376983e-07
HARASS2F1_W32,steered,16.0,False,2.219999861552413e-06
HARASS2F1_W32,steered,18.0,False,7.93500033813288e-06
HARASS2F1_W32,steered,20.0,False,4.717000046294828e-05
HARASS3NOWRKF2_W41,declared,,True,4.315999865990004e-05
HARASS3NOWRKF2_W41,steered,0.0,True,0.0
HARASS3NOWRKF2_W41,steered,2.0,True,6.140000395750019e-06
HARASS3NOWRKF2_W41,steered,4.0,True,1.4960000370600004e-05
HARASS3NOWRKF2_W41,steered,6.0,True,4.411999958710001e-05
HARASS3NOWRKF2_W41,steered,8.0,True,0.0001228099987273
HARASS3NOWRKF2_W41,steered,10.0,True,0.00020343999794180003
HARASS3NOWRKF2_W41,steered,12.0,True,0.00038755000762500015
HARASS3NOWRKF2_W41,steered,14.0,True,0.00047322501446300043
HARASS3NOWRKF2_W41,steered,16.0,True,0.0006720949726782011
HARASS3NOWRKF2_W41,steered,18.0,True,0.0010335000415048017
HARASS3NOWRKF2_W41,steered,20.0,True,0.002671340134431407
HAVEKIDS1_W50,declared,,False,0.18214981175802392
HAVEKIDS1_W50,steered,0.0,False,0.0
HAVEKIDS1_W50,steered,2.0,False,3.6900001496999785e-06
HAVEKIDS1_W50,steered,4.0,False,4.731999940599995e-05
HAVEKIDS1_W50,steered,6.0,False,0.00020976000573780013
HAVEKIDS1_W50,steered,8.0,False,0.0018033400795544028
HAVEKIDS1_W50,steered,10.0,False,0.010651799900199804
HAVEKIDS1_W50,steered,12.0,False,0.04662444426866618
HAVEKIDS1_W50,steered,14.0,False,0.14488758882032773
HAVEKIDS1_W50,steered,16.0,False,0.21303530104066465
HAVEKIDS1_W50,steered,18.0,False,0.2360451499373917
HAVEKIDS1_W50,steered,20.0,False,0.2021624760769488
HIGHEDWRNGB_W36,declared,,False,0.24135521910226557
HIGHEDWRNGB_W36,steered,0.0,False,0.0
HIGHEDWRNGB_W36,steered,2.0,False,0.2932350874842231
HIGHEDWRNGB_W36,steered,4.0,False,0.5032563625833945
HIGHEDWRNGB_W36,steered,6.0,False,0.6552006750348729
HIGHEDWRNGB_W36,steered,8.0,False,0.7399728455334659
HIGHEDWRNGB_W36,steered,10.0,False,0.7543234984622189
HIGHEDWRNGB_W36,steered,12.0,False,0.759316677053758
HIGHEDWRNGB_W36,steered,14.0,False,0.754352467314088
HIGHEDWRNGB_W36,steered,16.0,False,0.7354759127378485
HIGHEDWRNGB_W36,steered,18.0,False,0.684804440924865
HIGHEDWRNGB_W36,steered,20.0,False,0.5841535131178259
HIGHEDWRNGC_W36,declared,,False,0.01065160967374471
HIGHEDWRNGC_W36,steered,0.0,False,0.0
HIGHEDWRNGC_W36,steered,2.0,False,0.0660527240356743
HIGHEDWRNGC_W36,steered,4.0,False,0.17149235657015272
HIGHEDWRNGC_W36,steered,6.0,False,0.2649502847421217
HIGHEDWRNGC_W36,steered,8.0,False,0.3757190548127072
HIGHEDWRNGC_W36,steered,10.0,False,0.4367163006344351
HIGHEDWRNGC_W36,steered,12.0,False,0.4987797700310123
HIGHEDWRNGC_W36,steered,14.0,False,0.5603938674992414
HIGHEDWRNGC_W36,steered,16.0,False,0.5592728619244505
HIGHEDWRNGC_W36,steered,18.0,False,0.5545325420472335
HIGHEDWRNGC_W36,steered,20.0,False,0.5905917086698811
HOMEASSIST2_W49,declared,,False,0.03860735771850139
HOMEASSIST2_W49,steered,0.0,False,0.0
HOMEASSIST2_W49,steered,2.0,False,0.03673103162786716
HOMEASSIST2_W49,steered,4.0,False,0.08916466107114292
HOMEASSIST2_W49,steered,6.0,False,0.22037813006580925
HOMEASSIST2_W49,steered,8.0,False,0.3194633071631814
HOMEASSIST2_W49,steered,10.0,False,0.43708575688742735
HOMEASSIST2_W49,steered,12.0,False,0.4990952850090472
HOMEASSIST2_W49,steered,14.0,False,0.4356056061153346
HOMEASSIST2_W49,steered,16.0,False,0.3753124930270154
HOMEASSIST2_W49,steered,18.0,False,0.2544855995938885
HOMEASSIST2_W49,steered,20.0,False,0.1790387990235523
HOMEASSIST3_W49,declared,,False,0.4736399831324903
HOMEASSIST3_W49,steered,0.0,False,0.0
HOMEASSIST3_W49,steered,2.0,False,0.005176461700706367
HOMEASSIST3_W49,steered,4.0,False,0.0007911309065449408
HOMEASSIST3_W49,steered,6.0,False,0.012608482541461156
HOMEASSIST3_W49,steered,8.0,False,0.008137147242638365
HOMEASSIST3_W49,steered,10.0,False,0.03376235328343564
HOMEASSIST3_W49,steered,12.0,False,0.06478702212762487
HOMEASSIST3_W49,steered,14.0,False,0.14681934089549264
HOMEASSIST3_W49,steered,16.0,False,0.22728872023729615
HOMEASSIST3_W49,steered,18.0,False,0.3486165610155929
HOMEASSIST3_W49,steered,20.0,False,0.46119547988876286
HOMEASSIST4_W49,declared,,False,9.999999384113778e-09
HOMEASSIST4_W49,steered,0.0,False,0.0
HOMEASSIST4_W49,steered,2.0,False,1.0000000050247593e-08
HOMEASSIST4_W49,steered,4.0,False,1.9999999323339068e-08
HOMEASSIST4_W49,steered,6.0,False,6.000000396522154e-08
HOMEASSIST4_W49,steered,8.0,False,1.1999999771639125e-07
HOMEASSIST4_W49,steered,10.0,False,1.90000003064128e-07
HOMEASSIST4_W49,steered,12.0,False,5.499999674585254e-07
HOMEASSIST4_W49,steered,14.0,False,1.4200000560959936e-06
HOMEASSIST4_W49,steered,16.0,False,2.5399999691311237e-06
HOMEASSIST4_W49,steered,18.0,False,7.619999435659608e-06
HOMEASSIST4_W49,steered,20.0,False,1.1110001168379569e-05
HOOD_NHISB_W29,declared,,False,0.00027781997014802344
HOOD_NHISB_W29,steered,0.0,False,0.0
HOOD_NHISB_W29,steered,2.0,False,1.1419999863173653e-05
HOOD_NHISB_W29,steered,4.0,False,5.490999985855183e-05
HOOD_NHISB_W29,steered,6.0,False,0.0002322499783271257
HOOD_NHISB_W29,steered,8.0,False,0.000821050069494573
HOOD_NHISB_W29,steered,10.0,False,0.0036901700373735595
HOOD_NHISB_W29,steered,12.0,False,0.012140719515564936
HOOD_NHISB_W29,steered,14.0,False,0.0351911603458373
HOOD_NHISB_W29,steered,16.0,False,0.06350252618415152
HOOD_NHISB_W29,steered,18.0,False,0.09262560927782354
HOOD_NHISB_W29,steered,20.0,False,0.13595623864524856
IDIMPORT_W43,declared,,False,2.1000001670000005e-07
IDIMPORT_W43,steered,0.0,False,0.0
IDIMPORT_W43,steered,2.0,False,3.400000241999995e-07
IDIMPORT_W43,steered,4.0,False,1.7400001645000082e-06
IDIMPORT_W43,steered,6.0,False,1.6050000551399994e-05
IDIMPORT_W43,steered,8.0,False,0.00019655000013759998
IDIMPORT_W43,steered,10.0,False,0.0024539098769303055
IDIMPORT_W43,steered,12.0,False,0.022893529075875836
IDIMPORT_W43,steered,14.0,False,0.11882806880797123
IDIMPORT_W43,steered,16.0,False,0.26726657268941323
IDIMPORT_W43,steered,18.0,False,0.4925572796279091
IDIMPORT_W43,steered,20.0,False,0.6569246945433911
IMMIMPACT_W32,declared,,False,4.999999914101494e-09
IMMIMPACT_W32,steered,0.0,False,0.0
IMMIMPACT_W32,steered,2.0,False,0.0
IMMIMPACT_W32,steered,4.0,False,0.0
IMMIMPACT_W32,steered,6.0,False,0.0
IMMIMPACT_W32,steered,8.0,False,0.0
IMMIMPACT_W32,steered,10.0,False,9.999999883714139e-09
IMMIMPACT_W32,steered,12.0,False,3.500000184120111e-08
IMMIMPACT_W32,steered,14.0,False,1.3499999595989465e-07
IMMIMPACT_W32,steered,16.0,False,8.80000017577931e-07
IMMIMPACT_W32,steered,18.0,False,4.470000089407122e-06
IMMIMPACT_W32,steered,20.0,False,4.343000443129963e-05
IMPROVE1_W36,declared,,True,2.0699998840578715e-06
IMPROVE1_W36,steered,0.0,True,0.0
IMPROVE1_W36,steered,2.0,True,6.569999832950479e-06
IMPROVE1_W36,steered,4.0,True,3.5270000907972054e-05
IMPROVE1_W36,steered,6.0,True,3.5270000907972054e-05
IMPROVE1_W36,steered,8.0,True,8.308999833805952e-05
IMPROVE1_W36,steered,10.0,True,0.00014173999858257957
IMPROVE1_W36,steered,12.0,True,0.00030780999356838645
IMPROVE1_W36,steered,14.0,True,0.00048673001634169655
IMPROVE1_W36,steered,16.0,True,0.0010296899860259279
IMPROVE1_W36,steered,18.0,True,0.002792710416206212
IMPROVE1_W36,steered,20.0,True,0.007408379953290911
IMPROVE2_W36,declared,,True,0.00021063000163505454
IMPROVE2_W36,steered,0.0,True,0.0
IMPROVE2_W36,steered,2.0,True,0.002125439625752993
IMPROVE2_W36,steered,4.0,True,0.002273269763494134
IMPROVE2_W36,steered,6.0,True,0.007442039772665845
IMPROVE2_W36,steered,8.0,True,0.018632941376521883
IMPROVE2_W36,steered,10.0,True,0.03064072838955931
IMPROVE2_W36,steered,12.0,True,0.05562265196865287
IMPROVE2_W36,steered,14.0,True,0.07032514802950807
IMPROVE2_W36,steered,16.0,True,0.019532487431605964
IMPROVE2_W36,steered,18.0,True,0.08900560358861101
IMPROVE2_W36,steered,20.0,True,0.38454981110908004
IMPROVE3_W36,declared,,True,0.00296925006345361
IMPROVE3_W36,steered,0.0,True,0.0
IMPROVE3_W36,steered,2.0,True,0.0025689598071707564
IMPROVE3_W36,steered,4.0,True,0.0055233398778381515
IMPROVE3_W36,steered,6.0,True,0.009817429791956211
IMPROVE3_W36,steered,8.0,True,0.017075160594249517
IMPROVE3_W36,steered,10.0,True,0.0281427303515972
IMPROVE3_W36,steered,12.0,True,0.05815992819740101
IMPROVE3_W36,steered,14.0,True,0.07124865981562167
IMPROVE3_W36,steered,16.0,True,0.10821642772580886
IMPROVE3_W36,steered,18.0,True,0.11873967621493275
IMPROVE3_W36,steered,20.0,True,0.20145357790275975
INEQ11_W54,declared,,False,0.0023141799026796042
INEQ11_W54,steered,0.0,False,0.0
INEQ11_W54,steered,2.0,False,0.004991159000866292
INEQ11_W54,steered,4.0,False,0.023263252288252982
INEQ11_W54,steered,6.0,False,0.03336224042190889
INEQ11_W54,steered,8.0,False,0.061794550421908886
INEQ11_W54,steered,10.0,False,0.08128583328239278
INEQ11_W54,steered,12.0,False,0.1370602442978514
INEQ11_W54,steered,14.0,False,0.17384803869240192
INEQ11_W54,steered,16.0,False,0.17720538948668502
INEQ11_W54,steered,18.0,False,0.17883191904940393
INEQ11_W54,steered,20.0,False,0.2205174233189957
INEQ1_W54,declared,,False,6.9650002215149165e-06
INEQ1_W54,steered,0.0,False,0.0
INEQ1_W54,steered,2.0,False,2.4000000720114656e-07
INEQ1_W54,steered,4.0,False,7.39999998278229e-07
INEQ1_W54,steered,6.0,False,2.3749999529809607e-06
INEQ1_W54,steered,8.0,False,8.334999916925767e-06
INEQ1_W54,steered,10.0,False,2.913999970882708e-05
INEQ1_W54,steered,12.0,False,0.00011524999423750959
INEQ1_W54,steered,14.0,False,0.0004555599726596138
INEQ1_W54,steered,16.0,False,0.0026104798433751464
INEQ1_W54,steered,18.0,False,0.014661379266693086
INEQ1_W54,steered,20.0,False,0.09125879730095204
INEQ4_a_W54,declared,,False,0.1644393251130427
INEQ4_a_W54,steered,0.0,False,0.0
INEQ4_a_W54,steered,2.0,False,0.014349522268673587
INEQ4_a_W54,steered,4.0,False,0.04602303098445304
INEQ4_a_W54,steered,6.0,False,0.06487127980126306
INEQ4_a_W54,steered,8.0,False,0.08436263882676964
INEQ4_a_W54,steered,10.0,False,0.1339840090820531
INEQ4_a_W54,steered,12.0,False,0.16444097294961935
INEQ4_a_W54,steered,14.0,False,0.19339484339918833
INEQ4_a_W54,steered,16.0,False,0.21556208519601017
INEQ4_a_W54,steered,18.0,False,0.21425296717857378
INEQ4_a_W54,steered,20.0,False,0.29911306499936297
INEQ5_a_W54,declared,,False,0.0
INEQ5_a_W54,steered,0.0,False,0.0
INEQ5_a_W54,steered,2.0,False,0.14684197668673205
INEQ5_a_W54,steered,4.0,False,0.29150911125472645
INEQ5_a_W54,steered,6.0,False,0.4198372972094945
INEQ5_a_W54,steered,8.0,False,0.49142251474261706
INEQ5_a_W54,steered,10.0,False,0.6192866113896643
INEQ5_a_W54,steered,12.0,False,0.6199857860958637
INEQ5_a_W54,steered,14.0,False,0.677676016101112
INEQ5_a_W54,steered,16.0,False,0.6769901396684675
INEQ5_a_W54,steered,18.0,False,0.7736952755538267
INEQ5_a_W54,steered,20.0,False,0.8034961614056607
INEQ5_d_W54,declared,,False,0.03329628019976459
INEQ5_d_W54,steered,0.0,False,0.0
INEQ5_d_W54,steered,2.0,False,0.1233267362090978
INEQ5_d_W54,steered,4.0,False,0.29149611708503886
INEQ5_d_W54,steered,6.0,False,0.4016592707144319
INEQ5_d_W54,steered,8.0,False,0.4016612405544607
INEQ5_d_W54,steered,10.0,False,0.33628524867871784
INEQ5_d_W54,steered,12.0,False,0.3851815077036302
INEQ5_d_W54,steered,14.0,False,0.32979353078382667
INEQ5_d_W54,steered,16.0,False,0.3257915155826116
INEQ5_d_W54,steered,18.0,False,0.13512245294843742
INEQ5_d_W54,steered,20.0,False,0.050541749155115404
INEQ5_e_W54,declared,,False,0.0028373300668071977
INEQ5_e_W54,steered,0.0,False,0.0
INEQ5_e_W54,steered,2.0,False,0.007407970440569178
INEQ5_e_W54,steered,4.0,False,0.013728279444161884
INEQ5_e_W54,steered,6.0,False,0.02921613029600656
INEQ5_e_W54,steered,8.0,False,0.03728148112026042
INEQ5_e_W54,steered,10.0,False,0.0600652187989098
INEQ5_e_W54,steered,12.0,False,0.07584518227639725
INEQ5_e_W54,steered,14.0,False,0.09533282095433093
INEQ5_e_W54,steered,16.0,False,0.11917882880821162
INEQ5_e_W54,steered,18.0,False,0.18237494540382304
INEQ5_e_W54,steered,20.0,False,0.2686825334210503
INEQ5_f_W54,declared,,False,0.029439970179857288
INEQ5_f_W54,steered,0.0,False,0.0
INEQ5_f_W54,steered,2.0,False,0.03526304738776837
INEQ5_f_W54,steered,4.0,False,0.0879610861161774
INEQ5_f_W54,steered,6.0,False,0.20885558091591894
INEQ5_f_W54,steered,8.0,False,0.3174528332537532
INEQ5_f_W54,steered,10.0,False,0.36197070885731514
INEQ5_f_W54,steered,12.0,False,0.5466424477631646
INEQ5_f_W54,steered,14.0,False,0.527465202052851
INEQ5_f_W54,steered,16.0,False,0.5186436831440855
INEQ5_f_W54,steered,18.0,False,0.43286399017862365
INEQ5_f_W54,steered,20.0,False,0.3694865835994825
INEQ5_h_W54,declared,,False,0.11873498082404321
INEQ5_h_W54,steered,0.0,False,0.0
INEQ5_h_W54,steered,2.0,False,0.019340671326762315
INEQ5_h_W54,steered,4.0,False,0.03884848896569648
INEQ5_h_W54,steered,6.0,False,0.053393791737162744
INEQ5_h_W54,steered,8.0,False,0.07178802288785091
INEQ5_h_W54,steered,10.0,False,0.09127923858144027
INEQ5_h_W54,steered,12.0,False,0.09012927121446845
INEQ5_h_W54,steered,14.0,False,0.13833982179631021
INEQ5_h_W54,steered,16.0,False,0.20680318061323066
INEQ5_h_W54,steered,18.0,False,0.28361199209239296
INEQ5_h_W54,steered,20.0,False,0.4162504341854963
INEQ5_i_W54,declared,,False,0.015771528167406013
INEQ5_i_W54,steered,0.0,False,0.0
INEQ5_i_W54,steered,2.0,False,0.024448499237124333
INEQ5_i_W54,steered,4.0,False,0.06487128064871284
INEQ5_i_W54,steered,6.0,False,0.08865674394785572
INEQ5_i_W54,steered,8.0,False,0.11513298317343545
INEQ5_i_W54,steered,10.0,False,0.11603077483168212
INEQ5_i_W54,steered,12.0,False,0.11603025022209046
INEQ5_i_W54,steered,14.0,False,0.17883227923412592
INEQ5_i_W54,steered,16.0,False,0.17835806190569248
INEQ5_i_W54,steered,18.0,False,0.31225046945329316
INEQ5_i_W54,steered,20.0,False,0.3572368675607309
INEQ5_k_W54,declared,,False,8.000000839558652e-08
INEQ5_k_W54,steered,0.0,False,0.0
INEQ5_k_W54,steered,2.0,False,3.099999807965048e-07
INEQ5_k_W54,steered,4.0,False,1.2300000850062887e-06
INEQ5_k_W54,steered,6.0,False,2.149999998923846e-06
INEQ5_k_W54,steered,8.0,False,4.699999901824903e-06
INEQ5_k_W54,steered,10.0,False,1.2909999739019185e-05
INEQ5_k_W54,steered,12.0,False,2.13100004340383e-05
INEQ5_k_W54,steered,14.0,False,7.465999773925702e-05
INEQ5_k_W54,steered,16.0,False,0.00020293999996523482
INEQ5_k_W54,steered,18.0,False,0.0005511500385805279
INEQ5_k_W54,steered,20.0,False,0.0014894099102411573
INEQ5_l_W54,declared,,False,9.100004131579457e-07
INEQ5_l_W54,steered,0.0,False,0.0
INEQ5_l_W54,steered,2.0,False,0.00013213999026470387
INEQ5_l_W54,steered,4.0,False,0.0004256100034441523
INEQ5_l_W54,steered,6.0,False,0.0011855700168207917
INEQ5_l_W54,steered,8.0,False,0.0029932599808015024
INEQ5_l_W54,steered,10.0,False,0.005607610000879597
INEQ5_l_W54,steered,12.0,False,0.013928540747016264
INEQ5_l_W54,steered,14.0,False,0.045265240523089986
INEQ5_l_W54,steered,16.0,False,0.10581545632237319
INEQ5_l_W54,steered,18.0,False,0.23110429260945348
INEQ5_l_W54,steered,20.0,False,0.3468616358839171
INEQ5_m_W54,declared,,False,4.1629997756257976e-05
INEQ5_m_W54,steered,0.0,False,0.0
INEQ5_m_W54,steered,2.0,False,0.08187636759726266
INEQ5_m_W54,steered,4.0,False,0.1250699754570436
INEQ5_m_W54,steered,6.0,False,0.19339470580184126
INEQ5_m_W54,steered,8.0,False,0.2978463271684697
INEQ5_m_W54,steered,10.0,False,0.2835139213450804
INEQ5_m_W54,steered,12.0,False,0.30175217472191074
INEQ5_m_W54,steered,14.0,False,0.20173696392869456
INEQ5_m_W54,steered,16.0,False,0.11907005530606685
INEQ5_m_W54,steered,18.0,False,0.0012008254466394836
INEQ5_m_W54,steered,20.0,False,0.156884130823573
INEQ8_a_W54,declared,,False,0.018907229514186465
INEQ8_a_W54,steered,0.0,False,0.0
INEQ8_a_W54,steered,2.0,False,0.016284539482474644
INEQ8_a_W54,steered,4.0,False,0.042205818942626205
INEQ8_a_W54,steered,6.0,False,0.0901295881452103
INEQ8_a_W54,steered,8.0,False,0.14397800707974925
INEQ8_a_W54,steered,10.0,False,0.3167537005067091
INEQ8_a_W54,steered,12.0,False,0.4326122383172882
INEQ8_a_W54,steered,14.0,False,0.5555068722202751
INEQ8_a_W54,steered,16.0,False,0.5555120872477197
INEQ8_a_W54,steered,18.0,False,0.5840570013357038
INEQ8_a_W54,steered,20.0,False,0.46032909080604745
INEQ8_b_W54,declared,,False,0.0012460000068056087
INEQ8_b_W54,steered,0.0,False,0.0
INEQ8_b_W54,steered,2.0,False,0.005405350451173457
INEQ8_b_W54,steered,4.0,False,0.01213873009619147
INEQ8_b_W54,steered,6.0,False,0.02148096071918084
INEQ8_b_W54,steered,8.0,False,0.03583911704380184
INEQ8_b_W54,steered,10.0,False,0.07396675601140751
INEQ8_b_W54,steered,12.0,False,0.0929728936719312
INEQ8_b_W54,steered,14.0,False,0.17842321027066962
INEQ8_b_W54,steered,16.0,False,0.19667283994444074
INEQ8_b_W54,steered,18.0,False,0.19788631281843966
INEQ8_b_W54,steered,20.0,False,0.20426401154624288
INEQ8_c_W54,declared,,False,0.05671935773122572
INEQ8_c_W54,steered,0.0,False,0.0
INEQ8_c_W54,steered,2.0,False,0.23105857000000068
INEQ8_c_W54,steered,4.0,False,0.4564785760410671
INEQ8_c_W54,steered,6.0,False,0.6695273789491362
INEQ8_c_W54,steered,8.0,False,0.7566037413800214
INEQ8_c_W54,steered,10.0,False,0.8045277803632267
INEQ8_c_W54,steered,12.0,False,0.7882653069373445
INEQ8_c_W54,steered,14.0,False,0.7995942705193593
INEQ8_c_W54,steered,16.0,False,0.8016748532646615
INEQ8_c_W54,steered,18.0,False,0.794586170202681
INEQ8_c_W54,steered,20.0,False,0.8045178911163695
INEQ8_d_W54,declared,,False,0.0005461501127056257
INEQ8_d_W54,steered,0.0,False,0.0
INEQ8_d_W54,steered,2.0,False,0.00156275994657752
INEQ8_d_W54,steered,4.0,False,0.004314149729997856
INEQ8_d_W54,steered,6.0,False,0.00803306909901601
INEQ8_d_W54,steered,8.0,False,0.01730859891428166
INEQ8_d_W54,steered,10.0,False,0.03646401157794678
INEQ8_d_W54,steered,12.0,False,0.05901629600624159
INEQ8_d_W54,steered,14.0,False,0.09395635661587781
INEQ8_d_W54,steered,16.0,False,0.1457241653821015
INEQ8_d_W54,steered,18.0,False,0.14615773387269385
INEQ8_d_W54,steered,20.0,False,0.16676804685616947
INEQ8_f_W54,declared,,False,0.000292109973329347
INEQ8_f_W54,steered,0.0,False,0.0
INEQ8_f_W54,steered,2.0,False,0.0014992899319749091
INEQ8_f_W54,steered,4.0,False,0.0037575396747720202
INEQ8_f_W54,steered,6.0,False,0.006485169728419162
INEQ8_f_W54,steered,8.0,False,0.010870679674953037
INEQ8_f_W54,steered,10.0,False,0.022960669770393304
INEQ8_f_W54,steered,12.0,False,0.03740908261985801
INEQ8_f_W54,steered,14.0,False,0.06058035821959305
INEQ8_f_W54,steered,16.0,False,0.11924753167037698
INEQ8_f_W54,steered,18.0,False,0.13212045382027154
INEQ8_f_W54,steered,20.0,False,0.16671428018712708
INEQ8_g_W54,declared,,False,0.25539795678321053
INEQ8_g_W54,steered,0.0,False,0.0
INEQ8_g_W54,steered,2.0,False,0.15484066864282076
INEQ8_g_W54,steered,4.0,False,0.25539863912122496
INEQ8_g_W54,steered,6.0,False,0.3519543794413299
INEQ8_g_W54,steered,8.0,False,0.47441862392955636
INEQ8_g_W54,steered,10.0,False,0.4967659118884264
INEQ8_g_W54,steered,12.0,False,0.5486493117310595
INEQ8_g_W54,steered,14.0,False,0.5083775944159907
INEQ8_g_W54,steered,16.0,False,0.5083412414229812
INEQ8_g_W54,steered,18.0,False,0.523557716992996
INEQ8_g_W54,steered,20.0,False,0.3818855085575297
INEQ8_h_W54,declared,,False,0.004667399983415099
INEQ8_h_W54,steered,0.0,False,0.0
INEQ8_h_W54,steered,2.0,False,4.999957119999216e-08
INEQ8_h_W54,steered,4.0,False,7.830002318600073e-06
INEQ8_h_W54,steered,6.0,False,6.076999473880011e-05
INEQ8_h_W54,steered,8.0,False,0.0003557399741634015
INEQ8_h_W54,steered,10.0,False,0.0010110999478599027
INEQ8_h_W54,steered,12.0,False,0.0017630100744124967
INEQ8_h_W54,steered,14.0,False,0.001597550457998107
INEQ8_h_W54,steered,16.0,False,0.0008847491348703207
INEQ8_h_W54,steered,18.0,False,0.0014463709427266537
INEQ8_h_W54,steered,20.0,False,0.017389920259693405
INEQ8_i_W54,declared,,False,0.015248669261269962
INEQ8_i_W54,steered,0.0,False,0.0
INEQ8_i_W54,steered,2.0,False,0.04210065861841242
INEQ8_i_W54,steered,4.0,False,0.08436340893664844
INEQ8_i_W54,steered,6.0,False,0.17385061469873572
INEQ8_i_W54,steered,8.0,False,0.3141378536504157
INEQ8_i_W54,steered,10.0,False,0.429271464378214
INEQ8_i_W54,steered,12.0,False,0.5536683414987031
INEQ8_i_W54,steered,14.0,False,0.6652542133898314
INEQ8_i_W54,steered,16.0,False,0.6613772462592709
INEQ8_i_W54,steered,18.0,False,0.633382618880412
INEQ8_i_W54,steered,20.0,False,0.5393580104662544
INEQ8_j_W54,declared,,False,0.04932753334544343
INEQ8_j_W54,steered,0.0,False,0.0
INEQ8_j_W54,steered,2.0,False,0.10679274330878642
INEQ8_j_W54,steered,4.0,False,0.17593505405408352
INEQ8_j_W54,steered,6.0,False,0.27465886634393977
INEQ8_j_W54,steered,8.0,False,0.4033936667015461
INEQ8_j_W54,steered,10.0,False,0.46894124122566155
INEQ8_j_W54,steered,12.0,False,0.5353347184439091
INEQ8_j_W54,steered,14.0,False,0.5687356992041881
INEQ8_j_W54,steered,16.0,False,0.547585572068205
INEQ8_j_W54,steered,18.0,False,0.4780608001065315
INEQ8_j_W54,steered,20.0,False,0.2518517936225756
INFOCHALa_W45,declared,,False,0.0
INFOCHALa_W45,steered,0.0,False,0.0
INFOCHALa_W45,steered,2.0,False,9.999999828202988e-09
INFOCHALa_W45,steered,4.0,False,9.999999828202988e-09
INFOCHALa_W45,steered,6.0,False,1.999999987845058e-08
INFOCHALa_W45,steered,8.0,False,2.9999999151542056e-08
INFOCHALa_W45,steered,10.0,False,3.999999798054432e-08
INFOCHALa_W45,steered,12.0,False,7.000000323831301e-08
INFOCHALa_W45,steered,14.0,False,1.2000000826350998e-07
INFOCHALa_W45,steered,16.0,False,2.2000001109745426e-07
INFOCHALa_W45,steered,18.0,False,4.69999901109297e-07
INFOCHALa_W45,steered,20.0,False,7.360000039757786e-06
INFOCREATEa_W45,declared,,False,0.006534419670109768
INFOCREATEa_W45,steered,0.0,False,0.0
INFOCREATEa_W45,steered,2.0,False,0.0001236499976877274
INFOCREATEa_W45,steered,4.0,False,0.0003208999822199576
INFOCREATEa_W45,steered,6.0,False,0.0007088199639013862
INFOCREATEa_W45,steered,8.0,False,0.0009325999527913409
INFOCREATEa_W45,steered,10.0,False,0.0010360699687684677
INFOCREATEa_W45,steered,12.0,False,0.0013427999718420612
INFOCREATEa_W45,steered,14.0,False,0.0017557798938722263
INFOCREATEa_W45,steered,16.0,False,0.0053520001088105855
INFOCREATEa_W45,steered,18.0,False,0.016243579509902024
INFOCREATEa_W45,steered,20.0,False,0.060781841214699026
INTRMAR_W41,declared,,False,0.38158808878970796
INTRMAR_W41,steered,0.0,False,0.0
INTRMAR_W41,steered,2.0,False,0.00032035999039015106
INTRMAR_W41,steered,4.0,False,0.0011195999879839436
INTRMAR_W41,steered,6.0,False,0.002449869927142856
INTRMAR_W41,steered,8.0,False,0.006699484863615657
INTRMAR_W41,steered,10.0,False,0.01407443400569025
INTRMAR_W41,steered,12.0,False,0.04731681042239527
INTRMAR_W41,steered,14.0,False,0.09443272804417047
INTRMAR_W41,steered,16.0,False,0.21218592252813095
INTRMAR_W41,steered,18.0,False,0.3104608620258366
INTRMAR_W41,steered,20.0,False,0.2682685047442326
JOBTRAIN_W54,declared,,False,0.0
JOBTRAIN_W54,steered,0.0,False,0.0
JOBTRAIN_W54,steered,2.0,False,0.0
JOBTRAIN_W54,steered,4.0,False,9.999999828202988e-09
JOBTRAIN_W54,steered,6.0,False,1.9999999767428278e-08
JOBTRAIN_W54,steered,8.0,False,4.9999997586702705e-08
JOBTRAIN_W54,steered,10.0,False,1.3999999715075262e-07
JOBTRAIN_W54,steered,12.0,False,3.7999998858673223e-07
JOBTRAIN_W54,steered,14.0,False,1.0600000005522858e-06
JOBTRAIN_W54,steered,16.0,False,4.759999856607244e-06
JOBTRAIN_W54,steered,18.0,False,1.6609999666017394e-05
JOBTRAIN_W54,steered,20.0,False,5.771999883985579e-05
LEGALIMG_W41,declared,,False,0.0011499201919827895
LEGALIMG_W41,steered,0.0,False,0.0
LEGALIMG_W41,steered,2.0,False,3.2399984725151043e-06
LEGALIMG_W41,steered,4.0,False,7.820003420366817e-06
LEGALIMG_W41,steered,6.0,False,1.4710003289453155e-05
LEGALIMG_W41,steered,8.0,False,4.8549995246616184e-05
LEGALIMG_W41,steered,10.0,False,0.00021414996249624618
LEGALIMG_W41,steered,12.0,False,0.0007571900454311775
LEGALIMG_W41,steered,14.0,False,0.002230589879341216
LEGALIMG_W41,steered,16.0,False,0.007429519851443911
LEGALIMG_W41,steered,18.0,False,0.020465951350143174
LEGALIMG_W41,steered,20.0,False,0.04565394947648693
LEGALIMMIGAMT_W92,declared,,False,6.8000003003255655e-06
LEGALIMMIGAMT_W92,steered,0.0,False,0.0
LEGALIMMIGAMT_W92,steered,2.0,False,0.037140590282851056
LEGALIMMIGAMT_W92,steered,4.0,False,0.05300098296964104
LEGALIMMIGAMT_W92,steered,6.0,False,0.09658028420518315
LEGALIMMIGAMT_W92,steered,8.0,False,0.12588308656148464
LEGALIMMIGAMT_W92,steered,10.0,False,0.14298877659676498
LEGALIMMIGAMT_W92,steered,12.0,False,0.14289344710630728
LEGALIMMIGAMT_W92,steered,14.0,False,0.1422295518926931
LEGALIMMIGAMT_W92,steered,16.0,False,0.14204573699774325
LEGALIMMIGAMT_W92,steered,18.0,False,0.10701789333962285
LEGALIMMIGAMT_W92,steered,20.0,False,0.05530280974494343
LOCALELECT_W29,declared,,False,0.2995952633753116
LOCALELECT_W29,steered,0.0,False,0.0
LOCALELECT_W29,steered,2.0,False,0.005751179925559539
LOCALELECT_W29,steered,4.0,False,0.012344599347273274
LOCALELECT_W29,steered,6.0,False,0.022915940092754345
LOCALELECT_W29,steered,8.0,False,0.03592726599660734
LOCALELECT_W29,steered,10.0,False,0.039950899155597276
LOCALELECT_W29,steered,12.0,False,0.039631872412136865
LOCALELECT_W29,steered,14.0,False,0.029907509124159973
LOCALELECT_W29,steered,16.0,False,0.02695422118087215
LOCALELECT_W29,steered,18.0,False,0.03578882285023416
LOCALELECT_W29,steered,20.0,False,0.06707710201855208
MADEUPOFT_W45,declared,,False,0.48901423543949574
MADEUPOFT_W45,steered,0.0,False,0.0
MADEUPOFT_W45,steered,2.0,False,0.04221035720190203
MADEUPOFT_W45,steered,4.0,False,0.11674653851849992
MADEUPOFT_W45,steered,6.0,False,0.26781630533292844
MADEUPOFT_W45,steered,8.0,False,0.49918087501374625
MADEUPOFT_W45,steered,10.0,False,0.7304951107944054
MADEUPOFT_W45,steered,12.0,False,0.8509803644705891
MADEUPOFT_W45,steered,14.0,False,0.9029759670312769
MADEUPOFT_W45,steered,16.0,False,0.9482730809418254
MADEUPOFT_W45,steered,18.0,False,0.9600097595234223
MADEUPOFT_W45,steered,20.0,False,0.9508500986116339
MADEUPTOPICb_W45,declared,,False,1.0000000050247593e-08
MADEUPTOPICb_W45,steered,0.0,False,0.0
MADEUPTOPICb_W45,steered,2.0,False,1.0000000283394428e-07
MADEUPTOPICb_W45,steered,4.0,False,1.7000001839573287e-07
MADEUPTOPICb_W45,steered,6.0,False,3.5999999314917375e-07
MADEUPTOPICb_W45,steered,8.0,False,8.30000002616238e-07
MADEUPTOPICb_W45,steered,10.0,False,1.2700000774357179e-06
MADEUPTOPICb_W45,steered,12.0,False,2.8099999432873446e-06
MADEUPTOPICb_W45,steered,14.0,False,1.0509999839758422e-05
MADEUPTOPICb_W45,steered,16.0,False,2.5440001172660764e-05
MADEUPTOPICb_W45,steered,18.0,False,5.17599974866334e-05
MADEUPTOPICb_W45,steered,20.0,False,0.00025521999889144276
MADEUPTOPICc_W45,declared,,False,5.60299999999847e-05
MADEUPTOPICc_W45,steered,0.0,False,0.0
MADEUPTOPICc_W45,steered,2.0,False,1.8299998839621523e-06
MADEUPTOPICc_W45,steered,4.0,False,3.7199999044501553e-06
MADEUPTOPICc_W45,steered,6.0,False,6.5199997736353765e-06
MADEUPTOPICc_W45,steered,8.0,False,1.4939999815388738e-05
MADEUPTOPICc_W45,steered,10.0,False,3.1640002102761855e-05
MADEUPTOPICc_W45,steered,12.0,False,6.594000110493603e-05
MADEUPTOPICc_W45,steered,14.0,False,0.00022594001023945598
MADEUPTOPICc_W45,steered,16.0,False,0.0005516699676767489
MADEUPTOPICc_W45,steered,18.0,False,0.0019864997478801216
MADEUPTOPICc_W45,steered,20.0,False,0.00725869059375972
MADEUPTOPICd_W45,declared,,False,1.9499999844851956e-06
MADEUPTOPICd_W45,steered,0.0,False,0.0
MADEUPTOPICd_W45,steered,2.0,False,5.700000101915847e-07
MADEUPTOPICd_W45,steered,4.0,False,1.260000062952571e-06
MADEUPTOPICd_W45,steered,6.0,False,2.3999998990387184e-06
MADEUPTOPICd_W45,steered,8.0,False,3.719999936313556e-06
MADEUPTOPICd_W45,steered,10.0,False,8.149999821904785e-06
MADEUPTOPICd_W45,steered,12.0,False,2.3830000296931608e-05
MADEUPTOPICd_W45,steered,14.0,False,7.947999761548363e-05
MADEUPTOPICd_W45,steered,16.0,False,0.00019545000714282779
MADEUPTOPICd_W45,steered,18.0,False,0.0004805200265398657
MADEUPTOPICd_W45,steered,20.0,False,0.0018510898453005797
MAN1A_W29,declared,,True,0.00141088004056561
MAN1A_W29,steered,0.0,True,0.0
MAN1A_W29,steered,2.0,True,0.0006756099915685954
MAN1A_W29,steered,4.0,True,0.0011619800165335644
MAN1A_W29,steered,6.0,True,0.0021616099135354644
MAN1A_W29,steered,8.0,True,0.0045368902072979705
MAN1A_W29,steered,10.0,True,0.006534419869311574
MAN1A_W29,steered,12.0,True,0.008145669189317825
MAN1A_W29,steered,14.0,True,0.004290929279768313
MAN1A_W29,steered,16.0,True,0.02751669055033364
MAN1A_W29,steered,18.0,True,0.09283559393118578
MAN1A_W29,steered,20.0,True,0.2249573614806629
MAN1B_W29,declared,,True,0.0
MAN1B_W29,steered,0.0,True,0.0
MAN1B_W29,steered,2.0,True,0.0009487999517591262
MAN1B_W29,steered,4.0,True,0.0014961900236083057
MAN1B_W29,steered,6.0,True,0.003811509872450533
MAN1B_W29,steered,8.0,True,0.004967809523296041
MAN1B_W29,steered,10.0,True,0.006388439849988154
MAN1B_W29,steered,12.0,True,0.008536749951603466
MAN1B_W29,steered,14.0,True,0.013379069593235537
MAN1B_W29,steered,16.0,True,0.018534880603096205
MAN1B_W29,steered,18.0,True,0.02538194970142066
MAN1B_W29,steered,20.0,True,0.05337767055865941
MAN1C_W29,declared,,True,0.08187617999999997
MAN1C_W29,steered,0.0,True,0.0
MAN1C_W29,steered,2.0,True,0.2932349766223523
MAN1C_W29,steered,4.0,True,0.5599756588079623
MAN1C_W29,steered,6.0,True,0.7574871972970496
MAN1C_W29,steered,8.0,True,0.8434686002287755
MAN1C_W29,steered,10.0,True,0.8948254081193197
MAN1C_W29,steered,12.0,True,0.8867936933838623
MAN1C_W29,steered,14.0,True,0.9067686685567993
MAN1C_W29,steered,16.0,True,0.8991042327359624
MAN1C_W29,steered,18.0,True,0.8776477524470451
MAN1C_W29,steered,20.0,True,0.846804818598883
MAN1D_W29,declared,,True,0.0030768911118650936
MAN1D_W29,steered,0.0,True,0.0
MAN1D_W29,steered,2.0,True,0.0004991200039531912
MAN1D_W29,steered,4.0,True,0.0007804400256938681
MAN1D_W29,steered,6.0,True,0.0012011299988808188
MAN1D_W29,steered,8.0,True,0.002001759850358044
MAN1D_W29,steered,10.0,True,0.003667429938223222
MAN1D_W29,steered,12.0,True,0.007307239358293285
MAN1D_W29,steered,14.0,True,0.017591260508320876
MAN1D_W29,steered,16.0,True,0.03719479231955658
MAN1D_W29,steered,18.0,True,0.08949042276811175
MAN1D_W29,steered,20.0,True,0.18892067862283418
MAN1E_W29,declared,,True,0.0014727202168259845
MAN1E_W29,steered,0.0,True,0.0
MAN1E_W29,steered,2.0,True,0.04210043915799133
MAN1E_W29,steered,4.0,True,0.08436251860702781
MAN1E_W29,steered,6.0,True,0.17573266479494853
MAN1E_W29,steered,8.0,True,0.26372129780723663
MAN1E_W29,steered,10.0,True,0.3708477566782926
MAN1E_W29,steered,12.0,True,0.553598925840577
MAN1E_W29,steered,14.0,True,0.6632730978032888
MAN1E_W29,steered,16.0,True,0.7442252044657539
MAN1E_W29,steered,18.0,True,0.7762305432530815
MAN1E_W29,steered,20.0,True,0.7773756717903317
MARRDUR_W50,declared,,False,0.1945026863217636
MARRDUR_W50,steered,0.0,False,0.0
MARRDUR_W50,steered,2.0,False,0.8641860070669034
MARRDUR_W50,steered,4.0,False,1.6368365040479187
MARRDUR_W50,steered,6.0,False,2.0198373031314487
MARRDUR_W50,steered,8.0,False,2.269651579882848
MARRDUR_W50,steered,10.0,False,2.3246110769685955
MARRDUR_W50,steered,12.0,False,2.4052033718959325
MARRDUR_W50,steered,14.0,False,2.134214439014073
MARRDUR_W50,steered,16.0,False,1.9718466790247156
MARRDUR_W50,steered,18.0,False,1.8079472128662903
MARRDUR_W50,steered,20.0,False,2.076904101878502
MARRYPREF1_W50,declared,,False,0.0
MARRYPREF1_W50,steered,0.0,False,0.0
MARRYPREF1_W50,steered,2.0,False,7.500000445480726e-08
MARRYPREF1_W50,steered,4.0,False,9.500001527728627e-08
MARRYPREF1_W50,steered,6.0,False,1.6500001844714691e-07
MARRYPREF1_W50,steered,8.0,False,2.2499999054510173e-07
MARRYPREF1_W50,steered,10.0,False,3.199999832432688e-07
MARRYPREF1_W50,steered,12.0,False,1.0600000474056448e-06
MARRYPREF1_W50,steered,14.0,False,6.505000057526517e-06
MARRYPREF1_W50,steered,16.0,False,6.376499841251967e-05
MARRYPREF1_W50,steered,18.0,False,0.00046235500448158195
MARRYPREF1_W50,steered,20.0,False,0.002329910067329281
MARRYPREF2_W50,declared,,False,0.0
MARRYPREF2_W50,steered,0.0,False,0.0
MARRYPREF2_W50,steered,2.0,False,3.999999655269995e-07
MARRYPREF2_W50,steered,4.0,False,7.599999504944086e-07
MARRYPREF2_W50,steered,6.0,False,1.610000112629105e-06
MARRYPREF2_W50,steered,8.0,False,2.430000044358683e-06
MARRYPREF2_W50,steered,10.0,False,5.095000338135875e-06
MARRYPREF2_W50,steered,12.0,False,1.038000149909179e-05
MARRYPREF2_W50,steered,14.0,False,5.77499982674782e-05
MARRYPREF2_W50,steered,16.0,False,0.0005053949999999809
MARRYPREF2_W50,steered,18.0,False,0.002965559821411964
MARRYPREF2_W50,steered,20.0,False,0.01471977912574727
MASC2_W29,declared,,False,0.481842934818427
MASC2_W29,steered,0.0,False,0.0
MASC2_W29,steered,2.0,False,0.00013104000772452956
MASC2_W29,steered,4.0,False,0.00031912998404349835
MASC2_W29,steered,6.0,False,0.0006978900363300185
MASC2_W29,steered,8.0,False,0.0011514201183683702
MASC2_W29,steered,10.0,False,0.0014689000587560486
MASC2_W29,steered,12.0,False,0.0007348200288505928
MASC2_W29,steered,14.0,False,0.00017263001719035833
MASC2_W29,steered,16.0,False,0.0006463599787883063
MASC2_W29,steered,18.0,False,0.001635580036909749
MASC2_W29,steered,20.0,False,0.005248609784858424
MOREWMN1F2_W36,declared,,True,0.006864139790722368
MOREWMN1F2_W36,steered,0.0,True,0.0
MOREWMN1F2_W36,steered,2.0,True,0.0006229749835585663
MOREWMN1F2_W36,steered,4.0,True,0.0008357500167149867
MOREWMN1F2_W36,steered,6.0,True,0.001450314924444751
MOREWMN1F2_W36,steered,8.0,True,0.002154549813970452
MOREWMN1F2_W36,steered,10.0,True,0.0029916098433226956
MOREWMN1F2_W36,steered,12.0,True,0.003933995228636689
MOREWMN1F2_W36,steered,14.0,True,0.0049776450258082194
MOREWMN1F2_W36,steered,16.0,True,0.004910120011697605
MOREWMN1F2_W36,steered,18.0,True,0.003911105054981712
MOREWMN1F2_W36,steered,20.0,True,0.0021587399903367777
MOTHER_W50,declared,,False,3.4299995952000155e-06
MOTHER_W50,steered,0.0,False,0.0
MOTHER_W50,steered,2.0,False,1.9800003479999827e-06
MOTHER_W50,steered,4.0,False,3.1700003479999815e-06
MOTHER_W50,steered,6.0,False,2.5399995408000182e-06
MOTHER_W50,steered,8.0,False,1.2820000945199993e-05
MOTHER_W50,steered,10.0,False,1.2799999410399977e-05
MOTHER_W50,steered,12.0,False,3.935999962139999e-05
MOTHER_W50,steered,14.0,False,5.3410000319700015e-05
MOTHER_W50,steered,16.0,False,6.0739996309999964e-05
MOTHER_W50,steered,18.0,False,6.015000458499987e-05
MOTHER_W50,steered,20.0,False,0.0002565900240327014
MOVERURAL_W32,declared,,False,0.22281156334174626
MOVERURAL_W32,steered,0.0,False,0.0
MOVERURAL_W32,steered,2.0,False,0.001622729902636206
MOVERURAL_W32,steered,4.0,False,0.0034663900301007983
MOVERURAL_W32,steered,6.0,False,0.0080780798755904
MOVERURAL_W32,steered,8.0,False,0.022152279754116804
MOVERURAL_W32,steered,10.0,False,0.0751385299207344
MOVERURAL_W32,steered,12.0,False,0.22065129070277234
MOVERURAL_W32,steered,14.0,False,0.49734398951464526
MOVERURAL_W32,steered,16.0,False,0.7710916944523805
MOVERURAL_W32,steered,18.0,False,0.8712810871032416
MOVERURAL_W32,steered,20.0,False,0.9392892251954084
MOVESUBURB_W32,declared,,False,0.020236624887662535
MOVESUBURB_W32,steered,0.0,False,0.0
MOVESUBURB_W32,steered,2.0,False,0.17269363169809382
MOVESUBURB_W32,steered,4.0,False,0.2896358352885019
MOVESUBURB_W32,steered,6.0,False,0.3518892208906294
MOVESUBURB_W32,steered,8.0,False,0.47457269751519693
MOVESUBURB_W32,steered,10.0,False,0.4592771441000229
MOVESUBURB_W32,steered,12.0,False,0.3960753575507879
MOVESUBURB_W32,steered,14.0,False,0.31183625150063393
MOVESUBURB_W32,steered,16.0,False,0.3217907203462783
MOVESUBURB_W32,steered,18.0,False,0.39640297249476425
MOVESUBURB_W32,steered,20.0,False,0.4741177575295
MOVEURBAN_W32,declared,,False,0.3625011145000445
MOVEURBAN_W32,steered,0.0,False,0.0
MOVEURBAN_W32,steered,2.0,False,0.17263626320494063
MOVEURBAN_W32,steered,4.0,False,0.3182136516699595
MOVEURBAN_W32,steered,6.0,False,0.5028425950284259
MOVEURBAN_W32,steered,8.0,False,0.5952483280756449
MOVEURBAN_W32,steered,10.0,False,0.5986119035947437
MOVEURBAN_W32,steered,12.0,False,0.44301919172150334
MOVEURBAN_W32,steered,14.0,False,0.3861022537950973
MOVEURBAN_W32,steered,16.0,False,0.3921816833259153
MOVEURBAN_W32,steered,18.0,False,0.44586774649119826
MOVEURBAN_W32,steered,20.0,False,0.5403215499359121
NEIGHINTERA_W32,declared,,False,0.547483311067628
NEIGHINTERA_W32,steered,0.0,False,0.0
NEIGHINTERA_W32,steered,2.0,False,0.08653048634084573
NEIGHINTERA_W32,steered,4.0,False,0.1728476024670693
NEIGHINTERA_W32,steered,6.0,False,0.19938247103449785
NEIGHINTERA_W32,steered,8.0,False,0.22003539492166818
NEIGHINTERA_W32,steered,10.0,False,0.24120875605164296
NEIGHINTERA_W32,steered,12.0,False,0.2516799466998192
NEIGHINTERA_W32,steered,14.0,False,0.30128135431889785
NEIGHINTERA_W32,steered,16.0,False,0.4111986609388474
NEIGHINTERA_W32,steered,18.0,False,0.41360638235555336
NEIGHINTERA_W32,steered,20.0,False,0.5410505978657189
NEIGHINTERB_W32,declared,,False,0.5488837032500816
NEIGHINTERB_W32,steered,0.0,False,0.0
NEIGHINTERB_W32,steered,2.0,False,0.1548413822271094
NEIGHINTERB_W32,steered,4.0,False,0.2553954570132175
NEIGHINTERB_W32,steered,6.0,False,0.3495954189695892
NEIGHINTERB_W32,steered,8.0,False,0.39297693048564525
NEIGHINTERB_W32,steered,10.0,False,0.39059133380588235
NEIGHINTERB_W32,steered,12.0,False,0.43241274300070776
NEIGHINTERB_W32,steered,14.0,False,0.41287173739982563
NEIGHINTERB_W32,steered,16.0,False,0.37188208375208076
NEIGHINTERB_W32,steered,18.0,False,0.29323877979091384
NEIGHINTERB_W32,steered,20.0,False,0.3006086823562597
NEIGHKIDS_W32,declared,,False,0.09315235201993427
NEIGHKIDS_W32,steered,0.0,False,0.0
NEIGHKIDS_W32,steered,2.0,False,0.03492008327652141
NEIGHKIDS_W32,steered,4.0,False,0.08237271066160706
NEIGHKIDS_W32,steered,6.0,False,0.1296228424075433
NEIGHKIDS_W32,steered,8.0,False,0.15932283656245205
NEIGHKIDS_W32,steered,10.0,False,0.22417398430060886
NEIGHKIDS_W32,steered,12.0,False,0.2620399755124977
NEIGHKIDS_W32,steered,14.0,False,0.31458833451245544
NEIGHKIDS_W32,steered,16.0,False,0.4219917974193447
NEIGHKIDS_W32,steered,18.0,False,0.5242176729323206
NEIGHKIDS_W32,steered,20.0,False,0.5738887472273337
NEIGHSAMEA_W32,declared,,False,0.00045341004335101387
NEIGHSAMEA_W32,steered,0.0,False,0.0
NEIGHSAMEA_W32,steered,2.0,False,9.437572932583974e-05
NEIGHSAMEA_W32,steered,4.0,False,0.012797224155317104
NEIGHSAMEA_W32,steered,6.0,False,0.010451018372859673
NEIGHSAMEA_W32,steered,8.0,False,0.018805909247763476
NEIGHSAMEA_W32,steered,10.0,False,0.010045461956015536
NEIGHSAMEA_W32,steered,12.0,False,0.008760668935575498
NEIGHSAMEA_W32,steered,14.0,False,0.043182166863069665
NEIGHSAMEA_W32,steered,16.0,False,0.10134084305309826
NEIGHSAMEA_W32,steered,18.0,False,0.16212551849872733
NEIGHSAMEA_W32,steered,20.0,False,0.2567165262376225
NEWSPROBd_W45,declared,,False,0.08679631809243327
NEWSPROBd_W45,steered,0.0,False,0.0
NEWSPROBd_W45,steered,2.0,False,0.11074466779804748
NEWSPROBd_W45,steered,4.0,False,0.19980686885979615
NEWSPROBd_W45,steered,6.0,False,0.30689657324455655
NEWSPROBd_W45,steered,8.0,False,0.4917835595933423
NEWSPROBd_W45,steered,10.0,False,0.5543555723496594
NEWSPROBd_W45,steered,12.0,False,0.5532416277834903
NEWSPROBd_W45,steered,14.0,False,0.6625467672785121
NEWSPROBd_W45,steered,16.0,False,0.5820744628012859
NEWSPROBd_W45,steered,18.0,False,0.5714311858653075
NEWSPROBd_W45,steered,20.0,False,0.46612875283445226
NEWSPROBe_W45,declared,,False,0.0014727608272173676
NEWSPROBe_W45,steered,0.0,False,0.0
NEWSPROBe_W45,steered,2.0,False,0.3535055414498597
NEWSPROBe_W45,steered,4.0,False,0.5486370974132206
NEWSPROBe_W45,steered,6.0,False,0.6819857187311053
NEWSPROBe_W45,steered,8.0,False,0.7418051922541558
NEWSPROBe_W45,steered,10.0,False,0.6817631759136638
NEWSPROBe_W45,steered,12.0,False,0.5933901790786179
NEWSPROBe_W45,steered,14.0,False,0.4000896113948821
NEWSPROBe_W45,steered,16.0,False,0.11091278115128395
NEWSPROBe_W45,steered,18.0,False,0.30739585782639167
NEWSPROBe_W45,steered,20.0,False,0.6567419260877774
NEWS_PLATFORMg_W45,declared,,False,0.3446924543856887
NEWS_PLATFORMg_W45,steered,0.0,False,0.0
NEWS_PLATFORMg_W45,steered,2.0,False,0.14033450444313655
NEWS_PLATFORMg_W45,steered,4.0,False,0.18091888548435858
NEWS_PLATFORMg_W45,steered,6.0,False,0.2339491476605086
NEWS_PLATFORMg_W45,steered,8.0,False,0.2410801777318188
NEWS_PLATFORMg_W45,steered,10.0,False,0.2486369377274649
NEWS_PLATFORMg_W45,steered,12.0,False,0.17395283992267158
NEWS_PLATFORMg_W45,steered,14.0,False,0.09630110360852344
NEWS_PLATFORMg_W45,steered,16.0,False,0.043227782549877
NEWS_PLATFORMg_W45,steered,18.0,False,0.011305811716669348
NEWS_PLATFORMg_W45,steered,20.0,False,0.04826749812150874
NOCARRYGUN_W26,declared,,False,0.004220229965047798
NOCARRYGUN_W26,steered,0.0,False,0.0
NOCARRYGUN_W26,steered,2.0,False,0.0011499897973965192
NOCARRYGUN_W26,steered,4.0,False,0.00540480036542042
NOCARRYGUN_W26,steered,6.0,False,0.008514319879166002
NOCARRYGUN_W26,steered,8.0,False,0.016285490573600715
NOCARRYGUN_W26,steered,10.0,False,0.02798721051999361
NOCARRYGUN_W26,steered,12.0,False,0.03629465186634409
NOCARRYGUN_W26,steered,14.0,False,0.03670055190392389
NOCARRYGUN_W26,steered,16.0,False,0.0469953100172224
NOCARRYGUN_W26,steered,18.0,False,0.059533871174094026
NOCARRYGUN_W26,steered,20.0,False,0.059282561169569425
PAR1_W50,declared,,False,8.149999839999134e-07
PAR1_W50,steered,0.0,False,0.0
PAR1_W50,steered,2.0,False,1.3315001770102338e-05
PAR1_W50,steered,4.0,False,3.784500125394617e-05
PAR1_W50,steered,6.0,False,9.307499986889009e-05
PAR1_W50,steered,8.0,False,0.00020875999263197893
PAR1_W50,steered,10.0,False,0.0004416799541054197
PAR1_W50,steered,12.0,False,0.0009855599903870176
PAR1_W50,steered,14.0,False,0.0015637949404635162
PAR1_W50,steered,16.0,False,0.005516814836163005
PAR1_W50,steered,18.0,False,0.013018529806231518
PAR1_W50,steered,20.0,False,0.03613051621455021
PAR2_W50,declared,,False,1.2164999250814957e-05
PAR2_W50,steered,0.0,False,0.0
PAR2_W50,steered,2.0,False,3.4500001977755565e-07
PAR2_W50,steered,4.0,False,7.700000334089899e-07
PAR2_W50,steered,6.0,False,3.0250001302605894e-06
PAR2_W50,steered,8.0,False,5.299999350715954e-06
PAR2_W50,steered,10.0,False,2.2880000070419278e-05
PAR2_W50,steered,12.0,False,7.115999563610206e-05
PAR2_W50,steered,14.0,False,0.00029310501172420466
PAR2_W50,steered,16.0,False,0.000906725064099651
PAR2_W50,steered,18.0,False,0.0022765348583753987
PAR2_W50,steered,20.0,False,0.006802494861358125
POLCHF1_W36,declared,,True,0.0
POLCHF1_W36,steered,0.0,True,0.0
POLCHF1_W36,steered,2.0,True,0.0
POLCHF1_W36,steered,4.0,True,0.0
POLCHF1_W36,steered,6.0,True,0.0
POLCHF1_W36,steered,8.0,True,9.999999828202988e-09
POLCHF1_W36,steered,10.0,True,4.999999736952205e-08
POLCHF1_W36,steered,12.0,True,2.2000000235440017e-07
POLCHF1_W36,steered,14.0,True,1.2200000645747286e-06
POLCHF1_W36,steered,16.0,True,1.3279999863067507e-05
POLCHF1_W36,steered,18.0,True,8.611000604791799e-05
POLCHF1_W36,steered,20.0,True,0.0004974999800808022
POLINTOL2_a_W92,declared,,False,0.0014867700444000944
POLINTOL2_a_W92,steered,0.0,False,0.0
POLINTOL2_a_W92,steered,2.0,False,0.0003086999917804919
POLINTOL2_a_W92,steered,4.0,False,0.0010992399804075383
POLINTOL2_a_W92,steered,6.0,False,0.003110249965581528
POLINTOL2_a_W92,steered,8.0,False,0.010971450551226976
POLINTOL2_a_W92,steered,10.0,False,0.029380250289206503
POLINTOL2_a_W92,steered,12.0,False,0.06048469121146473
POLINTOL2_a_W92,steered,14.0,False,0.08627938826764862
POLINTOL2_a_W92,steered,16.0,False,0.09826836393525816
POLINTOL2_a_W92,steered,18.0,False,0.07298668366004628
POLINTOL2_a_W92,steered,20.0,False,0.054570141099030585
PP5e_W49,declared,,False,0.00017690999292360027
PP5e_W49,steered,0.0,False,0.0
PP5e_W49,steered,2.0,False,0.04610684300060311
PP5e_W49,steered,4.0,False,0.11099847945016489
PP5e_W49,steered,6.0,False,0.21834778987469897
PP5e_W49,steered,8.0,False,0.3180211033923003
PP5e_W49,steered,10.0,False,0.4366244518312226
PP5e_W49,steered,12.0,False,0.4999210400047376
PP5e_W49,steered,14.0,False,0.4986307350630162
PP5e_W49,steered,16.0,False,0.42938194163464793
PP5e_W49,steered,18.0,False,0.29014196285364585
PP5e_W49,steered,20.0,False,0.14349983228192703
PQ4_F2Aa_W42,declared,,False,0.001245949942198732
PQ4_F2Aa_W42,steered,0.0,False,0.0
PQ4_F2Aa_W42,steered,2.0,False,9.279999851896648e-06
PQ4_F2Aa_W42,steered,4.0,False,3.360000171548361e-05
PQ4_F2Aa_W42,steered,6.0,False,5.6529999947207976e-05
PQ4_F2Aa_W42,steered,8.0,False,0.00015668999839812958
PQ4_F2Aa_W42,steered,10.0,False,0.00033279998991442294
PQ4_F2Aa_W42,steered,12.0,False,0.0009062900365840454
PQ4_F2Aa_W42,steered,14.0,False,0.0019101399810641517
PQ4_F2Aa_W42,steered,16.0,False,0.003985799757482256
PQ4_F2Aa_W42,steered,18.0,False,0.008148890270164189
PQ4_F2Aa_W42,steered,20.0,False,0.020185889686524905
PQ4_F2Ac_W42,declared,,False,0.07063808814186501
PQ4_F2Ac_W42,steered,0.0,False,0.0
PQ4_F2Ac_W42,steered,2.0,False,0.00037226998277750667
PQ4_F2Ac_W42,steered,4.0,False,0.0008756899439229526
PQ4_F2Ac_W42,steered,6.0,False,0.0019052900768553593
PQ4_F2Ac_W42,steered,8.0,False,0.0052034295306894185
PQ4_F2Ac_W42,steered,10.0,False,0.008556050086417799
PQ4_F2Ac_W42,steered,12.0,False,0.0179408310814404
PQ4_F2Ac_W42,steered,14.0,False,0.03718712298195648
PQ4_F2Ac_W42,steered,16.0,False,0.07505440453541001
PQ4_F2Ac_W42,steered,18.0,False,0.1778181884982225
PQ4_F2Ac_W42,steered,20.0,False,0.29786948625399945
PQ4_F2Ae_W42,declared,,False,0.0
PQ4_F2Ae_W42,steered,0.0,False,0.0
PQ4_F2Ae_W42,steered,2.0,False,0.0
PQ4_F2Ae_W42,steered,4.0,False,0.0
PQ4_F2Ae_W42,steered,6.0,False,0.0
PQ4_F2Ae_W42,steered,8.0,False,0.0
PQ4_F2Ae_W42,steered,10.0,False,0.0
PQ4_F2Ae_W42,steered,12.0,False,9.999999828202988e-09
PQ4_F2Ae_W42,steered,14.0,False,1.9999999323339068e-08
PQ4_F2Ae_W42,steered,16.0,False,6.000000363215463e-08
PQ4_F2Ae_W42,steered,18.0,False,1.400000007034663e-07
PQ4_F2Ae_W42,steered,20.0,False,6.200000702838437e-07
PQ4_F2Bb_W42,declared,,False,9.499999931161796e-06
PQ4_F2Bb_W42,steered,0.0,False,0.0
PQ4_F2Bb_W42,steered,2.0,False,1.9999997913355827e-07
PQ4_F2Bb_W42,steered,4.0,False,6.900000028009501e-07
PQ4_F2Bb_W42,steered,6.0,False,2.1599999980859153e-06
PQ4_F2Bb_W42,steered,8.0,False,3.629999887122537e-06
PQ4_F2Bb_W42,steered,10.0,False,7.74999976915769e-06
PQ4_F2Bb_W42,steered,12.0,False,1.649999966979454e-05
PQ4_F2Bb_W42,steered,14.0,False,3.472000102877626e-05
PQ4_F2Bb_W42,steered,16.0,False,9.384999334149935e-05
PQ4_F2Bb_W42,steered,18.0,False,0.00024820001045211537
PQ4_F2Bb_W42,steered,20.0,False,0.0006954099071175834
PQ4_F2Bc_W42,declared,,False,7.870000000020916e-06
PQ4_F2Bc_W42,steered,0.0,False,0.0
PQ4_F2Bc_W42,steered,2.0,False,1.260000062952571e-06
PQ4_F2Bc_W42,steered,4.0,False,3.2299998981022426e-06
PQ4_F2Bc_W42,steered,6.0,False,7.319999825061707e-06
PQ4_F2Bc_W42,steered,8.0,False,2.0790000468062786e-05
PQ4_F2Bc_W42,steered,10.0,False,5.709000006026699e-05
PQ4_F2Bc_W42,steered,12.0,False,0.00015555999648564356
PQ4_F2Bc_W42,steered,14.0,False,0.0004216599698616541
PQ4_F2Bc_W42,steered,16.0,False,0.000836450017474788
PQ4_F2Bc_W42,steered,18.0,False,0.001920469991602558
PQ4_F2Bc_W42,steered,20.0,False,0.002626439383282886
PQ4_F2Bd_W42,declared,,False,1.7500092925741041e-06
PQ4_F2Bd_W42,steered,0.0,False,0.0
PQ4_F2Bd_W42,steered,2.0,False,0.0022540303130158396
PQ4_F2Bd_W42,steered,4.0,False,0.007172459822008223
PQ4_F2Bd_W42,steered,6.0,False,0.0191879000129776
PQ4_F2Bd_W42,steered,8.0,False,0.07799376628544684
PQ4_F2Bd_W42,steered,10.0,False,0.15149197328627373
PQ4_F2Bd_W42,steered,12.0,False,0.27272160151672614
PQ4_F2Bd_W42,steered,14.0,False,0.321670292915701
PQ4_F2Bd_W42,steered,16.0,False,0.22433071259448303
PQ4_F2Bd_W42,steered,18.0,False,0.18409038443447387
PQ4_F2Bd_W42,steered,20.0,False,0.18191899443462156
PQ4_F2Cc_W42,declared,,False,0.002619900035814582
PQ4_F2Cc_W42,steered,0.0,False,0.0
PQ4_F2Cc_W42,steered,2.0,False,1.0559999464643255e-05
PQ4_F2Cc_W42,steered,4.0,False,4.167000102006657e-05
PQ4_F2Cc_W42,steered,6.0,False,9.236999818995617e-05
PQ4_F2Cc_W42,steered,8.0,False,0.00025746001578341726
PQ4_F2Cc_W42,steered,10.0,False,0.0007035299784030613
PQ4_F2Cc_W42,steered,12.0,False,0.0014897100159292354
PQ4_F2Cc_W42,steered,14.0,False,0.0031326399389484116
PQ4_F2Cc_W42,steered,16.0,False,0.00834703034309725
PQ4_F2Cc_W42,steered,18.0,False,0.02814292981209965
PQ4_F2Cc_W42,steered,20.0,False,0.06828227742127913
PQ8_F2B_W42,declared,,False,1.0015012072905546e-08
PQ8_F2B_W42,steered,0.0,False,0.0
PQ8_F2B_W42,steered,2.0,False,0.015513629026504706
PQ8_F2B_W42,steered,4.0,False,0.07494721698388904
PQ8_F2B_W42,steered,6.0,False,0.32011206677048465
PQ8_F2B_W42,steered,8.0,False,0.621907173764329
PQ8_F2B_W42,steered,10.0,False,0.8515232444586194
PQ8_F2B_W42,steered,12.0,False,0.9237136037883085
PQ8_F2B_W42,steered,14.0,False,0.9238168892519071
PQ8_F2B_W42,steered,16.0,False,0.89292424212339
PQ8_F2B_W42,steered,18.0,False,0.8175938899625338
PQ8_F2B_W42,steered,20.0,False,0.6822700458658283
PROG_RNEED_W92,declared,,False,0.0
PROG_RNEED_W92,steered,0.0,False,0.0
PROG_RNEED_W92,steered,2.0,False,4.000000564108319e-08
PROG_RNEED_W92,steered,4.0,False,9.99999991702083e-08
PROG_RNEED_W92,steered,6.0,False,3.499999867706549e-07
PROG_RNEED_W92,steered,8.0,False,7.799999879321007e-07
PROG_RNEED_W92,steered,10.0,False,1.6600000146693716e-06
PROG_RNEED_W92,steered,12.0,False,5.900000130010241e-06
PROG_RNEED_W92,steered,14.0,False,1.2179999072658987e-05
PROG_RNEED_W92,steered,16.0,False,5.4070002669215356e-05
PROG_RNEED_W92,steered,18.0,False,0.00013413999537315036
PROG_RNEED_W92,steered,20.0,False,0.00022668995924712831
PWMAN2_W49,declared,,False,0.6197076418348498
PWMAN2_W49,steered,0.0,False,0.0
PWMAN2_W49,steered,2.0,False,0.11531668238176665
PWMAN2_W49,steered,4.0,False,0.1953635558636298
PWMAN2_W49,steered,6.0,False,0.12664175549152826
PWMAN2_W49,steered,8.0,False,0.1065991204478569
PWMAN2_W49,steered,10.0,False,0.05146394607569948
PWMAN2_W49,steered,12.0,False,0.031006280297640413
PWMAN2_W49,steered,14.0,False,0.014587079520803098
PWMAN2_W49,steered,16.0,False,0.011111709608575295
PWMAN2_W49,steered,18.0,False,0.018738121222513657
PWMAN2_W49,steered,20.0,False,0.03965275678187884
RACESURV13_W43,declared,,False,0.2548804478731526
RACESURV13_W43,steered,0.0,False,0.0
RACESURV13_W43,steered,2.0,False,0.1065675937686793
RACESURV13_W43,steered,4.0,False,0.17527485952506205
RACESURV13_W43,steered,6.0,False,0.34822992691523413
RACESURV13_W43,steered,8.0,False,0.3595592340674174
RACESURV13_W43,steered,10.0,False,0.48203528428150116
RACESURV13_W43,steered,12.0,False,0.5966224769995203
RACESURV13_W43,steered,14.0,False,0.5755967500792094
RACESURV13_W43,steered,16.0,False,0.6843093650164677
RACESURV13_W43,steered,18.0,False,0.643888531980932
RACESURV13_W43,steered,20.0,False,0.6986881063706859
RACESURV14_W43,declared,,False,2.299999690000035e-07
RACESURV14_W43,steered,0.0,False,0.0
RACESURV14_W43,steered,2.0,False,0.31899368963129315
RACESURV14_W43,steered,4.0,False,0.7381404717996927
RACESURV14_W43,steered,6.0,False,1.350306762237901
RACESURV14_W43,steered,8.0,False,1.6321696672321981
RACESURV14_W43,steered,10.0,False,1.8769748673644884
RACESURV14_W43,steered,12.0,False,1.937215090627849
RACESURV14_W43,steered,14.0,False,1.9621400306826637
RACESURV14_W43,steered,16.0,False,1.957206846487992
RACESURV14_W43,steered,18.0,False,1.90297601073584
RACESURV14_W43,steered,20.0,False,1.7596367404675457
RACESURV15a_W43,declared,,False,0.0
RACESURV15a_W43,steered,0.0,False,0.0
RACESURV15a_W43,steered,2.0,False,0.0003500300354511987
RACESURV15a_W43,steered,4.0,False,0.0019459599361661417
RACESURV15a_W43,steered,6.0,False,0.0024919599820323324
RACESURV15a_W43,steered,8.0,False,0.004076345218085364
RACESURV15a_W43,steered,10.0,False,0.0015389896088985333
RACESURV15a_W43,steered,12.0,False,0.004835005183078056
RACESURV15a_W43,steered,14.0,False,0.01665605969307027
RACESURV15a_W43,steered,16.0,False,0.047649534363548074
RACESURV15a_W43,steered,18.0,False,0.07455031506851784
RACESURV15a_W43,steered,20.0,False,0.1750045013388149
RACESURV15b_W43,declared,,False,0.028495452564696086
RACESURV15b_W43,steered,0.0,False,0.0
RACESURV15b_W43,steered,2.0,False,0.09797441785858596
RACESURV15b_W43,steered,4.0,False,0.27652465340852095
RACESURV15b_W43,steered,6.0,False,0.45456644220146214
RACESURV15b_W43,steered,8.0,False,0.5208878508258459
RACESURV15b_W43,steered,10.0,False,0.5528248210481668
RACESURV15b_W43,steered,12.0,False,0.4993744388028388
RACESURV15b_W43,steered,14.0,False,0.4219533789023311
RACESURV15b_W43,steered,16.0,False,0.3402648023104533
RACESURV15b_W43,steered,18.0,False,0.25955736702499077
RACESURV15b_W43,steered,20.0,False,0.2441253006134764
RACESURV17_W43,declared,,False,0.0
RACESURV17_W43,steered,0.0,False,0.0
RACESURV17_W43,steered,2.0,False,1.9999999323339068e-08
RACESURV17_W43,steered,4.0,False,3.999999798054432e-08
RACESURV17_W43,steered,6.0,False,8.00000028444714e-08
RACESURV17_W43,steered,8.0,False,1.8000000967521856e-07
RACESURV17_W43,steered,10.0,False,4.799999855364945e-07
RACESURV17_W43,steered,12.0,False,1.0699999591912146e-06
RACESURV17_W43,steered,14.0,False,3.990000019826745e-06
RACESURV17_W43,steered,16.0,False,1.4529999439072405e-05
RACESURV17_W43,steered,18.0,False,4.881000216905296e-05
RACESURV17_W43,steered,20.0,False,0.0001588100021927552
RACESURV18b_W43,declared,,False,0.0003557447865108587
RACESURV18b_W43,steered,0.0,False,0.0
RACESURV18b_W43,steered,2.0,False,0.0016715254567796723
RACESURV18b_W43,steered,4.0,False,0.002463049076958956
RACESURV18b_W43,steered,6.0,False,0.005983299103742237
RACESURV18b_W43,steered,8.0,False,0.008025053390826908
RACESURV18b_W43,steered,10.0,False,0.010435627530322834
RACESURV18b_W43,steered,12.0,False,0.013358398769563226
RACESURV18b_W43,steered,14.0,False,0.021489183360671613
RACESURV18b_W43,steered,16.0,False,0.026169588338234302
RACESURV18b_W43,steered,18.0,False,0.02266147211753152
RACESURV18b_W43,steered,20.0,False,0.015125961632173121
RACESURV18f_W43,declared,,False,0.00017720773154430636
RACESURV18f_W43,steered,0.0,False,0.0
RACESURV18f_W43,steered,2.0,False,4.861302047751263e-05
RACESURV18f_W43,steered,4.0,False,0.00010287730015305917
RACESURV18f_W43,steered,6.0,False,0.00022741364092962406
RACESURV18f_W43,steered,8.0,False,0.0005317414603982122
RACESURV18f_W43,steered,10.0,False,0.0010173266146539484
RACESURV18f_W43,steered,12.0,False,0.0007035440666994222
RACESURV18f_W43,steered,14.0,False,0.001500012841325441
RACESURV18f_W43,steered,16.0,False,0.01188284994727468
RACESURV18f_W43,steered,18.0,False,0.025286750808530222
RACESURV18f_W43,steered,20.0,False,0.05024248022075286
RACESURV19a_W43,declared,,False,0.0
RACESURV19a_W43,steered,0.0,False,0.0
RACESURV19a_W43,steered,2.0,False,0.0
RACESURV19a_W43,steered,4.0,False,0.0
RACESURV19a_W43,steered,6.0,False,0.0
RACESURV19a_W43,steered,8.0,False,1.9999999767428278e-08
RACESURV19a_W43,steered,10.0,False,3.999999842463353e-08
RACESURV19a_W43,steered,12.0,False,1.2999999865481726e-07
RACESURV19a_W43,steered,14.0,False,3.400000038178419e-07
RACESURV19a_W43,steered,16.0,False,9.000000035230826e-07
RACESURV19a_W43,steered,18.0,False,4.779999838167015e-06
RACESURV19a_W43,steered,20.0,False,5.451000268785755e-05
RACESURV19c_W43,declared,,False,0.0
RACESURV19c_W43,steered,0.0,False,0.0
RACESURV19c_W43,steered,2.0,False,0.0
RACESURV19c_W43,steered,4.0,False,0.0
RACESURV19c_W43,steered,6.0,False,0.0
RACESURV19c_W43,steered,8.0,False,9.999999828202988e-09
RACESURV19c_W43,steered,10.0,False,2.9999999151542056e-08
RACESURV19c_W43,steered,12.0,False,8.0000003066516e-08
RACESURV19c_W43,steered,14.0,False,2.2000000077238013e-07
RACESURV19c_W43,steered,16.0,False,5.800001063871463e-07
RACESURV19c_W43,steered,18.0,False,4.259999857758601e-06
RACESURV19c_W43,steered,20.0,False,4.442000062354623e-05
RACESURV19e_W43,declared,,False,0.0
RACESURV19e_W43,steered,0.0,False,0.0
RACESURV19e_W43,steered,2.0,False,0.0
RACESURV19e_W43,steered,4.0,False,0.0
RACESURV19e_W43,steered,6.0,False,9.999999828202988e-09
RACESURV19e_W43,steered,8.0,False,2.9999999151542056e-08
RACESURV19e_W43,steered,10.0,False,7.000000346035762e-08
RACESURV19e_W43,steered,12.0,False,1.8000000923112935e-07
RACESURV19e_W43,steered,14.0,False,8.000000017993614e-07
RACESURV19e_W43,steered,16.0,False,2.1000000064441693e-06
RACESURV19e_W43,steered,18.0,False,6.130001205750801e-06
RACESURV19e_W43,steered,20.0,False,7.231999520285193e-05
RACESURV1b_W43,declared,,False,4.5310000312855236e-05
RACESURV1b_W43,steered,0.0,False,0.0
RACESURV1b_W43,steered,2.0,False,0.019266407549260952
RACESURV1b_W43,steered,4.0,False,0.023962730476815665
RACESURV1b_W43,steered,6.0,False,0.06750052051006632
RACESURV1b_W43,steered,8.0,False,0.1650577928265764
RACESURV1b_W43,steered,10.0,False,0.25102955353802
RACESURV1b_W43,steered,12.0,False,0.2955823148620568
RACESURV1b_W43,steered,14.0,False,0.3275151855322144
RACESURV1b_W43,steered,16.0,False,0.3053401120853281
RACESURV1b_W43,steered,18.0,False,0.2640836967151044
RACESURV1b_W43,steered,20.0,False,0.15736573115684818
RACESURV21_W43,declared,,False,0.38983503802510083
RACESURV21_W43,steered,0.0,False,0.0
RACESURV21_W43,steered,2.0,False,0.25833346838224425
RACESURV21_W43,steered,4.0,False,0.4665764592411529
RACESURV21_W43,steered,6.0,False,0.5463026759796665
RACESURV21_W43,steered,8.0,False,0.6184425364338907
RACESURV21_W43,steered,10.0,False,0.6106559930233154
RACESURV21_W43,steered,12.0,False,0.5356523039593899
RACESURV21_W43,steered,14.0,False,0.4566179383612109
RACESURV21_W43,steered,16.0,False,0.3628033191612826
RACESURV21_W43,steered,18.0,False,0.17044482914296544
RACESURV21_W43,steered,20.0,False,0.1677173531998749
RACESURV27_W43,declared,,False,0.18540089112405356
RACESURV27_W43,steered,0.0,False,0.0
RACESURV27_W43,steered,2.0,False,0.1796738246097852
RACESURV27_W43,steered,4.0,False,0.29436933116892006
RACESURV27_W43,steered,6.0,False,0.4430307654113415
RACESURV27_W43,steered,8.0,False,0.4449655423012053
RACESURV27_W43,steered,10.0,False,0.4642944037813937
RACESURV27_W43,steered,12.0,False,0.4670771623829077
RACESURV27_W43,steered,14.0,False,0.3584825813442517
RACESURV27_W43,steered,16.0,False,0.32474938609501625
RACESURV27_W43,steered,18.0,False,0.28631057104450774
RACESURV27_W43,steered,20.0,False,0.4221650971594161
RACESURV28a_W43,declared,,False,4.309999625806693e-06
RACESURV28a_W43,steered,0.0,False,0.0
RACESURV28a_W43,steered,2.0,False,1.2610000283352907e-05
RACESURV28a_W43,steered,4.0,False,3.550500059262829e-05
RACESURV28a_W43,steered,6.0,False,0.00011440499538328819
RACESURV28a_W43,steered,8.0,False,0.0003550549857185281
RACESURV28a_W43,steered,10.0,False,0.0012381998884631318
RACESURV28a_W43,steered,12.0,False,0.004861414999958402
RACESURV28a_W43,steered,14.0,False,0.01657168000003917
RACESURV28a_W43,steered,16.0,False,0.06662538499989784
RACESURV28a_W43,steered,18.0,False,0.18908157189127622
RACESURV28a_W43,steered,20.0,False,0.35337495939796987
RACESURV28b_W43,declared,,False,1.0500000685587096e-07
RACESURV28b_W43,steered,0.0,False,0.0
RACESURV28b_W43,steered,2.0,False,2.2000000721167368e-07
RACESURV28b_W43,steered,4.0,False,8.35000016685683e-07
RACESURV28b_W43,steered,6.0,False,4.449999863487264e-06
RACESURV28b_W43,steered,8.0,False,1.3784999311206025e-05
RACESURV28b_W43,steered,10.0,False,6.177000000162636e-05
RACESURV28b_W43,steered,12.0,False,0.00021543499784887343
RACESURV28b_W43,steered,14.0,False,0.000963970038566353
RACESURV28b_W43,steered,16.0,False,0.004858335242929945
RACESURV28b_W43,steered,18.0,False,0.01467944544028471
RACESURV28b_W43,steered,20.0,False,0.08241998994571348
RACESURV28c_W43,declared,,False,1.0000000721932523e-07
RACESURV28c_W43,steered,0.0,False,0.0
RACESURV28c_W43,steered,2.0,False,5.550000284348933e-07
RACESURV28c_W43,steered,4.0,False,1.1749998808374684e-06
RACESURV28c_W43,steered,6.0,False,4.375000236811477e-06
RACESURV28c_W43,steered,8.0,False,9.455000389180235e-06
RACESURV28c_W43,steered,10.0,False,3.3070001322743625e-05
RACESURV28c_W43,steered,12.0,False,8.991499909111189e-05
RACESURV28c_W43,steered,14.0,False,0.0004563899679941308
RACESURV28c_W43,steered,16.0,False,0.0015910548726671414
RACESURV28c_W43,steered,18.0,False,0.007068975070669059
RACESURV28c_W43,steered,20.0,False,0.03812847538184033
RACESURV28d_W43,declared,,False,0.0
RACESURV28d_W43,steered,0.0,False,0.0
RACESURV28d_W43,steered,2.0,False,4.999999969612645e-09
RACESURV28d_W43,steered,4.0,False,1.9999999212316766e-08
RACESURV28d_W43,steered,6.0,False,6.499999932740863e-08
RACESURV28d_W43,steered,8.0,False,1.750000017675113e-07
RACESURV28d_W43,steered,10.0,False,6.049999879964574e-07
RACESURV28d_W43,steered,12.0,False,2.394999928156949e-06
RACESURV28d_W43,steered,14.0,False,9.46499999998629e-06
RACESURV28d_W43,steered,16.0,False,3.742500224607204e-05
RACESURV28d_W43,steered,18.0,False,0.00021584500431681697
RACESURV28d_W43,steered,20.0,False,0.0018087949638052603
RACESURV28e_W43,declared,,False,4.999999914101494e-09
RACESURV28e_W43,steered,0.0,False,0.0
RACESURV28e_W43,steered,2.0,False,4.999999969612645e-09
RACESURV28e_W43,steered,4.0,False,1.9999999212316766e-08
RACESURV28e_W43,steered,6.0,False,5.5000000553917516e-08
RACESURV28e_W43,steered,8.0,False,1.5500000777324274e-07
RACESURV28e_W43,steered,10.0,False,4.700000046931052e-07
RACESURV28e_W43,steered,12.0,False,1.864999944034551e-06
RACESURV28e_W43,steered,14.0,False,6.5049998048682944e-06
RACESURV28e_W43,steered,16.0,False,3.302499801849379e-05
RACESURV28e_W43,steered,18.0,False,0.00014802498962368515
RACESURV28e_W43,steered,20.0,False,0.001404280042156869
RACESURV28f_W43,declared,,False,0.009074905373911979
RACESURV28f_W43,steered,0.0,False,0.0
RACESURV28f_W43,steered,2.0,False,0.012051400541413959
RACESURV28f_W43,steered,4.0,False,0.02209109341988752
RACESURV28f_W43,steered,6.0,False,0.0421843285147086
RACESURV28f_W43,steered,8.0,False,0.07677159653543186
RACESURV28f_W43,steered,10.0,False,0.14377091352881116
RACESURV28f_W43,steered,12.0,False,0.2479819750207588
RACESURV28f_W43,steered,14.0,False,0.32430563374257826
RACESURV28f_W43,steered,16.0,False,0.3980533521032887
RACESURV28f_W43,steered,18.0,False,0.43971755436639653
RACESURV28f_W43,steered,20.0,False,0.46892084790607624
RACESURV28g_W43,declared,,False,2.499999711136347e-07
RACESURV28g_W43,steered,0.0,False,0.0
RACESURV28g_W43,steered,2.0,False,8.149999738971125e-07
RACESURV28g_W43,steered,4.0,False,2.9350003212247344e-06
RACESURV28g_W43,steered,6.0,False,9.425000104368308e-06
RACESURV28g_W43,steered,8.0,False,3.748000225139991e-05
RACESURV28g_W43,steered,10.0,False,0.00013077000785322035
RACESURV28g_W43,steered,12.0,False,0.0006630800000104187
RACESURV28g_W43,steered,14.0,False,0.002612009738751697
RACESURV28g_W43,steered,16.0,False,0.010175909898058833
RACESURV28g_W43,steered,18.0,False,0.03383291703023933
RACESURV28g_W43,steered,20.0,False,0.11157016830602101
RACESURV29d_W43,declared,,False,0.5520164918021963
RACESURV29d_W43,steered,0.0,False,0.0
RACESURV29d_W43,steered,2.0,False,0.08682450098562546
RACESURV29d_W43,steered,4.0,False,0.2589058790071526
RACESURV29d_W43,steered,6.0,False,0.23107719878127614
RACESURV29d_W43,steered,8.0,False,0.23341311334625145
RACESURV29d_W43,steered,10.0,False,0.1457713838778408
RACESURV29d_W43,steered,12.0,False,0.013362414680403178
RACESURV29d_W43,steered,14.0,False,0.17791047749454833
RACESURV29d_W43,steered,16.0,False,0.29557139923669856
RACESURV29d_W43,steered,18.0,False,0.4454124190325573
RACESURV29d_W43,steered,20.0,False,0.5284716239363839
RACESURV2_W43,declared,,False,0.0
RACESURV2_W43,steered,0.0,False,0.0
RACESURV2_W43,steered,2.0,False,0.0
RACESURV2_W43,steered,4.0,False,0.0
RACESURV2_W43,steered,6.0,False,0.0
RACESURV2_W43,steered,8.0,False,0.0
RACESURV2_W43,steered,10.0,False,0.0
RACESURV2_W43,steered,12.0,False,0.0
RACESURV2_W43,steered,14.0,False,9.999999828202988e-09
RACESURV2_W43,steered,16.0,False,1.9999999545383673e-08
RACESURV2_W43,steered,18.0,False,9.000000145142906e-08
RACESURV2_W43,steered,20.0,False,3.500000066991582e-07
RACESURV34a_W43,declared,,False,1.761999942503248e-05
RACESURV34a_W43,steered,0.0,False,0.0
RACESURV34a_W43,steered,2.0,False,1.8284999579972796e-05
RACESURV34a_W43,steered,4.0,False,0.00010550499929326594
RACESURV34a_W43,steered,6.0,False,0.000373450018650525
RACESURV34a_W43,steered,8.0,False,0.0013380798499937198
RACESURV34a_W43,steered,10.0,False,0.0038665701464016423
RACESURV34a_W43,steered,12.0,False,0.008178634420991652
RACESURV34a_W43,steered,14.0,False,0.013048919873227927
RACESURV34a_W43,steered,16.0,False,0.015422680189033072
RACESURV34a_W43,steered,18.0,False,0.015155097045979372
RACESURV34a_W43,steered,20.0,False,0.025944777100962994
RACESURV34b_W43,declared,,True,9.84199985839499e-05
RACESURV34b_W43,steered,0.0,True,0.0
RACESURV34b_W43,steered,2.0,True,3.7049982616897737e-06
RACESURV34b_W43,steered,4.0,True,1.0175000130491436e-05
RACESURV34b_W43,steered,6.0,True,4.521499433442938e-05
RACESURV34b_W43,steered,8.0,True,0.00017161998455425014
RACESURV34b_W43,steered,10.0,True,0.0008497550178270034
RACESURV34b_W43,steered,12.0,True,0.003402094721694489
RACESURV34b_W43,steered,14.0,True,0.012767200018673205
RACESURV34b_W43,steered,16.0,True,0.028591671890114533
RACESURV34b_W43,steered,18.0,True,0.032517952285157276
RACESURV34b_W43,steered,20.0,True,0.04011050121233567
RACESURV34c_W43,declared,,False,5.410500605746712e-05
RACESURV34c_W43,steered,0.0,False,0.0
RACESURV34c_W43,steered,2.0,False,1.663500342457804e-05
RACESURV34c_W43,steered,4.0,False,5.6950003560319935e-05
RACESURV34c_W43,steered,6.0,False,0.0002376249718774215
RACESURV34c_W43,steered,8.0,False,0.0008079849611702327
RACESURV34c_W43,steered,10.0,False,0.00278305007780914
RACESURV34c_W43,steered,12.0,False,0.010746840132214358
RACESURV34c_W43,steered,14.0,False,0.033865098574778374
RACESURV34c_W43,steered,16.0,False,0.05755890042923165
RACESURV34c_W43,steered,18.0,False,0.05893170708688576
RACESURV34c_W43,steered,20.0,False,0.06582341204709506
RACESURV34d_W43,declared,,False,0.08640402786830834
RACESURV34d_W43,steered,0.0,False,0.0
RACESURV34d_W43,steered,2.0,False,9.24699981504351e-05
RACESURV34d_W43,steered,4.0,False,0.00037307999625529886
RACESURV34d_W43,steered,6.0,False,0.0005429549369158626
RACESURV34d_W43,steered,8.0,False,0.0011061601259473863
RACESURV34d_W43,steered,10.0,False,0.003411175122571053
RACESURV34d_W43,steered,12.0,False,0.008278340093214598
RACESURV34d_W43,steered,14.0,False,0.022838610186752817
RACESURV34d_W43,steered,16.0,False,0.06986854786917324
RACESURV34d_W43,steered,18.0,False,0.1988023960239521
RACESURV34d_W43,steered,20.0,False,0.4561546764925612
RACESURV34e_W43,declared,,False,0.008168014505968458
RACESURV34e_W43,steered,0.0,False,0.0
RACESURV34e_W43,steered,2.0,False,0.041263694331262285
RACESURV34e_W43,steered,4.0,False,0.053952980467148325
RACESURV34e_W43,steered,6.0,False,0.08306068336066671
RACESURV34e_W43,steered,8.0,False,0.12677972668200385
RACESURV34e_W43,steered,10.0,False,0.20375798564689448
RACESURV34e_W43,steered,12.0,False,0.2388983874023501
RACESURV34e_W43,steered,14.0,False,0.20698955480137246
RACESURV34e_W43,steered,16.0,False,0.21504969816362957
RACESURV34e_W43,steered,18.0,False,0.27645110864710676
RACESURV34e_W43,steered,20.0,False,0.3128556196752857
RACESURV38_W43,declared,,False,0.6354340729855514
RACESURV38_W43,steered,0.0,False,0.0
RACESURV38_W43,steered,2.0,False,0.01263520886666272
RACESURV38_W43,steered,4.0,False,0.01834234418267737
RACESURV38_W43,steered,6.0,False,0.0667638146734672
RACESURV38_W43,steered,8.0,False,0.1448652933860951
RACESURV38_W43,steered,10.0,False,0.22098529327216404
RACESURV38_W43,steered,12.0,False,0.21990528805946502
RACESURV38_W43,steered,14.0,False,0.17668025614354438
RACESURV38_W43,steered,16.0,False,0.13605082657480844
RACESURV38_W43,steered,18.0,False,0.23329451067584428
RACESURV38_W43,steered,20.0,False,0.34758625040196334
RACESURV40_W43,declared,,False,1.647536325101797e-06
RACESURV40_W43,steered,0.0,False,0.0
RACESURV40_W43,steered,2.0,False,4.942051757926e-07
RACESURV40_W43,steered,4.0,False,5.869463781291964e-07
RACESURV40_W43,steered,6.0,False,9.875016472622842e-07
RACESURV40_W43,steered,8.0,False,3.945013914320649e-06
RACESURV40_W43,steered,10.0,False,2.7657992163281172e-05
RACESURV40_W43,steered,12.0,False,0.0001523307772829598
RACESURV40_W43,steered,14.0,False,0.0007437799694352248
RACESURV40_W43,steered,16.0,False,0.004177973851770296
RACESURV40_W43,steered,18.0,False,0.03342663127438881
RACESURV40_W43,steered,20.0,False,0.16606508310253343
RACESURV41_W43,declared,,False,0.0002727307534523266
RACESURV41_W43,steered,0.0,False,0.0
RACESURV41_W43,steered,2.0,False,0.0008342401208455396
RACESURV41_W43,steered,4.0,False,0.0016662642041736628
RACESURV41_W43,steered,6.0,False,0.0017701192939098707
RACESURV41_W43,steered,8.0,False,0.002973140356745781
RACESURV41_W43,steered,10.0,False,0.0021441230376799945
RACESURV41_W43,steered,12.0,False,0.002275149400237854
RACESURV41_W43,steered,14.0,False,0.00036757418796389295
RACESURV41_W43,steered,16.0,False,0.011659093182098275
RACESURV41_W43,steered,18.0,False,0.08394076247035265
RACESURV41_W43,steered,20.0,False,0.3478807844349588
RACESURV45_W43,declared,,False,1.594839447222203e-05
RACESURV45_W43,steered,0.0,False,0.0
RACESURV45_W43,steered,2.0,False,2.779214321906296e-05
RACESURV45_W43,steered,4.0,False,0.00013111008589648283
RACESURV45_W43,steered,6.0,False,0.00036106970410562796
RACESURV45_W43,steered,8.0,False,0.0003491007508960729
RACESURV45_W43,steered,10.0,False,0.0005168586397545161
RACESURV45_W43,steered,12.0,False,0.000543059872578372
RACESURV45_W43,steered,14.0,False,0.0005227248716258587
RACESURV45_W43,steered,16.0,False,0.0012477299274458685
RACESURV45_W43,steered,18.0,False,0.005200298317090193
RACESURV45_W43,steered,20.0,False,0.034499095756152925
RACESURV47a_W43,declared,,False,0.0
RACESURV47a_W43,steered,0.0,False,0.0
RACESURV47a_W43,steered,2.0,False,0.0
RACESURV47a_W43,steered,4.0,False,1.2000001194965337e-15
RACESURV47a_W43,steered,6.0,False,1.0000003100000234e-08
RACESURV47a_W43,steered,8.0,False,7.000005090002498e-08
RACESURV47a_W43,steered,10.0,False,4.800007611010235e-07
RACESURV47a_W43,steered,12.0,False,2.0700076314253515e-06
RACESURV47a_W43,steered,14.0,False,8.150055623041917e-06
RACESURV47a_W43,steered,16.0,False,2.4640189635907385e-05
RACESURV47a_W43,steered,18.0,False,6.473059018307191e-05
RACESURV47a_W43,steered,20.0,False,0.0001867914175311137
RACESURV47b_W43,declared,,False,0.0
RACESURV47b_W43,steered,0.0,False,0.0
RACESURV47b_W43,steered,2.0,False,9.999999699999674e-09
RACESURV47b_W43,steered,4.0,False,4.0000002699999e-08
RACESURV47b_W43,steered,6.0,False,1.099999771999614e-07
RACESURV47b_W43,steered,8.0,False,3.799998401994995e-07
RACESURV47b_W43,steered,10.0,False,2.9899987303890177e-06
RACESURV47b_W43,steered,12.0,False,1.6439988877637046e-05
RACESURV47b_W43,steered,14.0,False,0.0001363801170551189
RACESURV47b_W43,steered,16.0,False,0.0006048590877808082
RACESURV47b_W43,steered,18.0,False,0.0024548726726965047
RACESURV47b_W43,steered,20.0,False,0.006271101536887227
RACESURV47d_W43,declared,,False,0.058255481396402055
RACESURV47d_W43,steered,0.0,False,0.0
RACESURV47d_W43,steered,2.0,False,0.005278476629161751
RACESURV47d_W43,steered,4.0,False,0.012784563135460145
RACESURV47d_W43,steered,6.0,False,0.027904915889043827
RACESURV47d_W43,steered,8.0,False,0.07448472153557598
RACESURV47d_W43,steered,10.0,False,0.15171187760315857
RACESURV47d_W43,steered,12.0,False,0.3643719557451125
RACESURV47d_W43,steered,14.0,False,0.6405349510655616
RACESURV47d_W43,steered,16.0,False,0.9962797553296994
RACESURV47d_W43,steered,18.0,False,1.349892976523758
RACESURV47d_W43,steered,20.0,False,1.5372914176686887
RACESURV47e_W43,declared,,False,0.014283037654814423
RACESURV47e_W43,steered,0.0,False,0.0
RACESURV47e_W43,steered,2.0,False,0.024139429979955107
RACESURV47e_W43,steered,4.0,False,0.06789443596533967
RACESURV47e_W43,steered,6.0,False,0.1742698134828307
RACESURV47e_W43,steered,8.0,False,0.2952561887162458
RACESURV47e_W43,steered,10.0,False,0.4062960003334233
RACESURV47e_W43,steered,12.0,False,0.6077475284022628
RACESURV47e_W43,steered,14.0,False,0.659101246130619
RACESURV47e_W43,steered,16.0,False,0.6973750999509293
RACESURV47e_W43,steered,18.0,False,0.8151814694012542
RACESURV47e_W43,steered,20.0,False,0.9220845757534046
RACESURV47f_W43,declared,,False,0.0
RACESURV47f_W43,steered,0.0,False,0.0
RACESURV47f_W43,steered,2.0,False,9.999999700000005e-09
RACESURV47f_W43,steered,4.0,False,2.0000003600000253e-08
RACESURV47f_W43,steered,6.0,False,5.000001510000195e-08
RACESURV47f_W43,steered,8.0,False,2.7000012630004775e-07
RACESURV47f_W43,steered,10.0,False,1.4900023605031359e-06
RACESURV47f_W43,steered,12.0,False,5.470017931951397e-06
RACESURV47f_W43,steered,14.0,False,1.5780102710450965e-05
RACESURV47f_W43,steered,16.0,False,4.974046826830146e-05
RACESURV47f_W43,steered,18.0,False,0.00012094110577049515
RACESURV47f_W43,steered,20.0,False,0.00034016259698004
RACESURV48_W43,declared,,False,9.999999828202988e-09
RACESURV48_W43,steered,0.0,False,0.0
RACESURV48_W43,steered,2.0,False,0.0
RACESURV48_W43,steered,4.0,False,9.999999828202988e-09
RACESURV48_W43,steered,6.0,False,9.999999828202988e-09
RACESURV48_W43,steered,8.0,False,1.999999987845058e-08
RACESURV48_W43,steered,10.0,False,3.999999798054432e-08
RACESURV48_W43,steered,12.0,False,1.0999999855432208e-07
RACESURV48_W43,steered,14.0,False,3.099999890121552e-07
RACESURV48_W43,steered,16.0,False,7.199999488838316e-07
RACESURV48_W43,steered,18.0,False,2.2800000596401304e-06
RACESURV48_W43,steered,20.0,False,7.269999781733816e-06
RACESURV51_W43,declared,,False,1.7999999460000016e-07
RACESURV51_W43,steered,0.0,False,0.0
RACESURV51_W43,steered,2.0,False,3.0980002056757845e-05
RACESURV51_W43,steered,4.0,False,0.0001430149908515221
RACESURV51_W43,steered,6.0,False,0.0009563050476658449
RACESURV51_W43,steered,8.0,False,0.004837315241507677
RACESURV51_W43,steered,10.0,False,0.018637585186966166
RACESURV51_W43,steered,12.0,False,0.05328294892937756
RACESURV51_W43,steered,14.0,False,0.09104430822107361
RACESURV51_W43,steered,16.0,False,0.09073586865062895
RACESURV51_W43,steered,18.0,False,0.0459203886598975
RACESURV51_W43,steered,20.0,False,0.0055384254586098285
RACESURV52MOD_W92,declared,,False,0.12246018255072101
RACESURV52MOD_W92,steered,0.0,False,0.0
RACESURV52MOD_W92,steered,2.0,False,0.47068882412057694
RACESURV52MOD_W92,steered,4.0,False,0.8628117071434657
RACESURV52MOD_W92,steered,6.0,False,0.9516861286395646
RACESURV52MOD_W92,steered,8.0,False,0.9679490111573471
RACESURV52MOD_W92,steered,10.0,False,0.9596979839570596
RACESURV52MOD_W92,steered,12.0,False,0.9214599488689849
RACESURV52MOD_W92,steered,14.0,False,0.7841339816470481
RACESURV52MOD_W92,steered,16.0,False,0.5443608284989739
RACESURV52MOD_W92,steered,18.0,False,0.2920751267839582
RACESURV52MOD_W92,steered,20.0,False,0.11081119145214978
RACESURV52_W43,declared,,False,0.00015811998936880053
RACESURV52_W43,steered,0.0,False,0.0
RACESURV52_W43,steered,2.0,False,0.0022693900660457024
RACESURV52_W43,steered,4.0,False,0.029109971461607775
RACESURV52_W43,steered,6.0,False,0.1820931936653601
RACESURV52_W43,steered,8.0,False,0.436918716178655
RACESURV52_W43,steered,10.0,False,0.7278956521226096
RACESURV52_W43,steered,12.0,False,0.8035281781403167
RACESURV52_W43,steered,14.0,False,0.7918818135952657
RACESURV52_W43,steered,16.0,False,0.6530606023462144
RACESURV52_W43,steered,18.0,False,0.4832945124810513
RACESURV52_W43,steered,20.0,False,0.4117392587815607
RACESURV5a_W43,declared,,False,0.00039606502722349345
RACESURV5a_W43,steered,0.0,False,0.0
RACESURV5a_W43,steered,2.0,False,0.004050819680439685
RACESURV5a_W43,steered,4.0,False,0.02226848246520087
RACESURV5a_W43,steered,6.0,False,0.07552671574182578
RACESURV5a_W43,steered,8.0,False,0.268692450365979
RACESURV5a_W43,steered,10.0,False,0.4998082600127629
RACESURV5a_W43,steered,12.0,False,0.6789294847193051
RACESURV5a_W43,steered,14.0,False,0.730750526940348
RACESURV5a_W43,steered,16.0,False,0.6790586931968271
RACESURV5a_W43,steered,18.0,False,0.5943188521769125
RACESURV5a_W43,steered,20.0,False,0.39238294892828934
RACESURV5b_W43,declared,,False,6.549997820078211e-07
RACESURV5b_W43,steered,0.0,False,0.0
RACESURV5b_W43,steered,2.0,False,4.0999996742119293e-07
RACESURV5b_W43,steered,4.0,False,1.8050000503838409e-06
RACESURV5b_W43,steered,6.0,False,8.764999455235325e-06
RACESURV5b_W43,steered,8.0,False,7.484000150013835e-05
RACESURV5b_W43,steered,10.0,False,0.0004916799852152554
RACESURV5b_W43,steered,12.0,False,0.0025362351015272033
RACESURV5b_W43,steered,14.0,False,0.004452849732871108
RACESURV5b_W43,steered,16.0,False,0.003231305130166182
RACESURV5b_W43,steered,18.0,False,0.001532469984399116
RACESURV5b_W43,steered,20.0,False,0.0005037299385737596
RACESURV5d_W43,declared,,False,4.173999486943569e-05
RACESURV5d_W43,steered,0.0,False,0.0
RACESURV5d_W43,steered,2.0,False,1.0750001180699188e-05
RACESURV5d_W43,steered,4.0,False,6.796498965036535e-05
RACESURV5d_W43,steered,6.0,False,0.00025558999496067914
RACESURV5d_W43,steered,8.0,False,0.0013269199326297087
RACESURV5d_W43,steered,10.0,False,0.0055161998913687655
RACESURV5d_W43,steered,12.0,False,0.01719329643297362
RACESURV5d_W43,steered,14.0,False,0.032526770734447374
RACESURV5d_W43,steered,16.0,False,0.03333799531271063
RACESURV5d_W43,steered,18.0,False,0.022335599385043647
RACESURV5d_W43,steered,20.0,False,0.018232884111385808
RACESURV5e_W43,declared,,False,6.199999755877305e-07
RACESURV5e_W43,steered,0.0,False,0.0
RACESURV5e_W43,steered,2.0,False,2.299999947381981e-07
RACESURV5e_W43,steered,4.0,False,8.499999375873428e-07
RACESURV5e_W43,steered,6.0,False,3.37999992205344e-06
RACESURV5e_W43,steered,8.0,False,2.3560001174365453e-05
RACESURV5e_W43,steered,10.0,False,0.0002562150050783616
RACESURV5e_W43,steered,12.0,False,0.002626664894808938
RACESURV5e_W43,steered,14.0,False,0.011150794442460253
RACESURV5e_W43,steered,16.0,False,0.01564527531545747
RACESURV5e_W43,steered,18.0,False,0.007431970225086741
RACESURV5e_W43,steered,20.0,False,0.0027104303545391123
RACESURV5f_W43,declared,,False,0.002588245236590959
RACESURV5f_W43,steered,0.0,False,0.0
RACESURV5f_W43,steered,2.0,False,2.9999919315154935e-08
RACESURV5f_W43,steered,4.0,False,3.309999531740069e-06
RACESURV5f_W43,steered,6.0,False,1.4489998756623227e-05
RACESURV5f_W43,steered,8.0,False,6.614500333968977e-05
RACESURV5f_W43,steered,10.0,False,0.0005637350486237124
RACESURV5f_W43,steered,12.0,False,0.004279104823240457
RACESURV5f_W43,steered,14.0,False,0.016627625828598832
RACESURV5f_W43,steered,16.0,False,0.034346116479638956
RACESURV5f_W43,steered,18.0,False,0.04249325917641676
RACESURV5f_W43,steered,20.0,False,0.050547384839792715
RACESURV5g_W43,declared,,False,0.42580603558736785
RACESURV5g_W43,steered,0.0,False,0.0
RACESURV5g_W43,steered,2.0,False,0.049085703339531946
RACESURV5g_W43,steered,4.0,False,0.09250145408079039
RACESURV5g_W43,steered,6.0,False,0.0986686274871134
RACESURV5g_W43,steered,8.0,False,0.04557829571491599
RACESURV5g_W43,steered,10.0,False,0.04728429130551574
RACESURV5g_W43,steered,12.0,False,0.050926412014130694
RACESURV5g_W43,steered,14.0,False,0.07181865521113666
RACESURV5g_W43,steered,16.0,False,0.11082907654275456
RACESURV5g_W43,steered,18.0,False,0.15478106003456105
RACESURV5g_W43,steered,20.0,False,0.1738506470600168
RACESURV5h_W43,declared,,False,0.14044921539676988
RACESURV5h_W43,steered,0.0,False,0.0
RACESURV5h_W43,steered,2.0,False,0.08643390196432177
RACESURV5h_W43,steered,4.0,False,0.17611624837142859
RACESURV5h_W43,steered,6.0,False,0.28041236592548563
RACESURV5h_W43,steered,8.0,False,0.3528698615149829
RACESURV5h_W43,steered,10.0,False,0.3727604593237673
RACESURV5h_W43,steered,12.0,False,0.37182206946552643
RACESURV5h_W43,steered,14.0,False,0.3457603628603397
RACESURV5h_W43,steered,16.0,False,0.24780767328122585
RACESURV5h_W43,steered,18.0,False,0.1826780725269167
RACESURV5h_W43,steered,20.0,False,0.11161631746917858
RACESURV5i_W43,declared,,True,0.4746056276565101
RACESURV5i_W43,steered,0.0,True,0.0
RACESURV5i_W43,steered,2.0,True,0.07992972767973934
RACESURV5i_W43,steered,4.0,True,0.1211659463446016
RACESURV5i_W43,steered,6.0,True,0.17620012795199488
RACESURV5i_W43,steered,8.0,True,0.15854784425324925
RACESURV5i_W43,steered,10.0,True,0.12426446329289753
RACESURV5i_W43,steered,12.0,True,0.10617728327883018
RACESURV5i_W43,steered,14.0,True,0.047724686119419456
RACESURV5i_W43,steered,16.0,True,0.0855905590293114
RACESURV5i_W43,steered,18.0,True,0.25513643271681186
RACESURV5i_W43,steered,20.0,True,0.39906903250673
RACESURV5j_W43,declared,,True,0.0062250300133250515
RACESURV5j_W43,steered,0.0,True,0.0
RACESURV5j_W43,steered,2.0,True,0.0005946399963733466
RACESURV5j_W43,steered,4.0,True,0.005920419612811426
RACESURV5j_W43,steered,6.0,True,0.03215064350301647
RACESURV5j_W43,steered,8.0,True,0.11017472519313813
RACESURV5j_W43,steered,10.0,True,0.25508649966631564
RACESURV5j_W43,steered,12.0,True,0.3532346320571225
RACESURV5j_W43,steered,14.0,True,0.36928052866410815
RACESURV5j_W43,steered,16.0,True,0.27664069673369074
RACESURV5j_W43,steered,18.0,True,0.14595682197638424
RACESURV5j_W43,steered,20.0,True,0.07810157159112836
RACESURV5l_W43,declared,,False,0.008937826994670162
RACESURV5l_W43,steered,0.0,False,0.0
RACESURV5l_W43,steered,2.0,False,0.0007437900875545966
RACESURV5l_W43,steered,4.0,False,0.0021532847190945947
RACESURV5l_W43,steered,6.0,False,0.003857185175541067
RACESURV5l_W43,steered,8.0,False,0.008510394319168502
RACESURV5l_W43,steered,10.0,False,0.023154205487670443
RACESURV5l_W43,steered,12.0,False,0.04794979965895424
RACESURV5l_W43,steered,14.0,False,0.11996439511285578
RACESURV5l_W43,steered,16.0,False,0.22062008632400082
RACESURV5l_W43,steered,18.0,False,0.41887766534285875
RACESURV5l_W43,steered,20.0,False,0.5908471971448279
RACESURV9_W43,declared,,False,0.001147924879097354
RACESURV9_W43,steered,0.0,False,0.0
RACESURV9_W43,steered,2.0,False,7.79899964251721e-05
RACESURV9_W43,steered,4.0,False,0.00021546998474440622
RACESURV9_W43,steered,6.0,False,0.0005989199314944689
RACESURV9_W43,steered,8.0,False,0.0007877849414335454
RACESURV9_W43,steered,10.0,False,0.000582505339440203
RACESURV9_W43,steered,12.0,False,0.0017322103652604292
RACESURV9_W43,steered,14.0,False,0.013051100587580666
RACESURV9_W43,steered,16.0,False,0.05661494722266949
RACESURV9_W43,steered,18.0,False,0.16211124469741256
RACESURV9_W43,steered,20.0,False,0.3752651261567734
REASONGUNA_W26,declared,,False,0.0003893899999697359
REASONGUNA_W26,steered,0.0,False,0.0
REASONGUNA_W26,steered,2.0,False,9.999999805998527e-08
REASONGUNA_W26,steered,4.0,False,2.700000152344728e-07
REASONGUNA_W26,steered,6.0,False,7.999999938057556e-07
REASONGUNA_W26,steered,8.0,False,1.7300000179076847e-06
REASONGUNA_W26,steered,10.0,False,2.849999827914118e-06
REASONGUNA_W26,steered,12.0,False,7.78999944772707e-06
REASONGUNA_W26,steered,14.0,False,1.6460000505813532e-05
REASONGUNA_W26,steered,16.0,False,3.60100054617174e-05
REASONGUNA_W26,steered,18.0,False,0.00032122997155847877
REASONGUNA_W26,steered,20.0,False,0.0023472700261257806
REASONGUNB_W26,declared,,False,1.0756154228909809
REASONGUNB_W26,steered,0.0,False,0.0
REASONGUNB_W26,steered,2.0,False,0.0005862799753147963
REASONGUNB_W26,steered,4.0,False,0.0018689600946365514
REASONGUNB_W26,steered,6.0,False,0.005186020051123674
REASONGUNB_W26,steered,8.0,False,0.010961439670856832
REASONGUNB_W26,steered,10.0,False,0.02295574862034966
REASONGUNB_W26,steered,12.0,False,0.06005094480336837
REASONGUNB_W26,steered,14.0,False,0.0952738538094573
REASONGUNB_W26,steered,16.0,False,0.1477502625888124
REASONGUNB_W26,steered,18.0,False,0.22099860563990137
REASONGUNB_W26,steered,20.0,False,0.35961555209077967
REASONGUNC_W26,declared,,False,0.7240233579652992
REASONGUNC_W26,steered,0.0,False,0.0
REASONGUNC_W26,steered,2.0,False,0.00737122958479188
REASONGUNC_W26,steered,4.0,False,0.013917509338184746
REASONGUNC_W26,steered,6.0,False,0.02684273965735276
REASONGUNC_W26,steered,8.0,False,0.03540942076603154
REASONGUNC_W26,steered,10.0,False,0.04552637990360995
REASONGUNC_W26,steered,12.0,False,0.03547768990360998
REASONGUNC_W26,steered,14.0,False,0.030856721098843184
REASONGUNC_W26,steered,16.0,False,0.01908616921541212
REASONGUNC_W26,steered,18.0,False,0.012163269538745988
REASONGUNC_W26,steered,20.0,False,0.008781799426020004
REASONGUND_W26,declared,,False,0.015875591112433536
REASONGUND_W26,steered,0.0,False,0.0
REASONGUND_W26,steered,2.0,False,0.14449055193137395
REASONGUND_W26,steered,4.0,False,0.3170741006474911
REASONGUND_W26,steered,6.0,False,0.4289595163569404
REASONGUND_W26,steered,8.0,False,0.5362852594624316
REASONGUND_W26,steered,10.0,False,0.6480100651259094
REASONGUND_W26,steered,12.0,False,0.6649776145314575
REASONGUND_W26,steered,14.0,False,0.6454342150803725
REASONGUND_W26,steered,16.0,False,0.5224274606144327
REASONGUND_W26,steered,18.0,False,0.483154752513657
REASONGUND_W26,steered,20.0,False,0.3997154190180335
REASONGUNE_W26,declared,,False,0.61219957
REASONGUNE_W26,steered,0.0,False,0.0
REASONGUNE_W26,steered,2.0,False,0.12170018513199271
REASONGUNE_W26,steered,4.0,False,0.12853104445109093
REASONGUNE_W26,steered,6.0,False,0.2665801325160315
REASONGUNE_W26,steered,8.0,False,0.4361580761902266
REASONGUNE_W26,steered,10.0,False,0.5843190532631903
REASONGUNE_W26,steered,12.0,False,0.7221180088847203
REASONGUNE_W26,steered,14.0,False,0.7847498754324748
REASONGUNE_W26,steered,16.0,False,0.8145747708078437
REASONGUNE_W26,steered,18.0,False,0.7787724130581967
REASONGUNE_W26,steered,20.0,False,0.6765047461351595
REPRSNTDEM_W92,declared,,False,0.6791618332223187
REPRSNTDEM_W92,steered,0.0,False,0.0
REPRSNTDEM_W92,steered,2.0,False,0.07033002796403197
REPRSNTDEM_W92,steered,4.0,False,0.119072361273008
REPRSNTDEM_W92,steered,6.0,False,0.18391909816993943
REPRSNTDEM_W92,steered,8.0,False,0.20392123181844768
REPRSNTDEM_W92,steered,10.0,False,0.20466447822118575
REPRSNTDEM_W92,steered,12.0,False,0.18565120005303473
REPRSNTDEM_W92,steered,14.0,False,0.18493871637668552
REPRSNTDEM_W92,steered,16.0,False,0.14817468734097297
REPRSNTDEM_W92,steered,18.0,False,0.08585412307514859
REPRSNTDEM_W92,steered,20.0,False,0.0028283548463600406
REPRSNTREP_W92,declared,,False,0.0003462400207742838
REPRSNTREP_W92,steered,0.0,False,0.0
REPRSNTREP_W92,steered,2.0,False,0.0027447697244104815
REPRSNTREP_W92,steered,4.0,False,0.006541229531015453
REPRSNTREP_W92,steered,6.0,False,0.014026320137345793
REPRSNTREP_W92,steered,8.0,False,0.029322219414009948
REPRSNTREP_W92,steered,10.0,False,0.037406860750264996
REPRSNTREP_W92,steered,12.0,False,0.047661454769342325
REPRSNTREP_W92,steered,14.0,False,0.04252572128105043
REPRSNTREP_W92,steered,16.0,False,0.029997509991345896
REPRSNTREP_W92,steered,18.0,False,0.011519849658646648
REPRSNTREP_W92,steered,20.0,False,0.005043129765761978
ROMRELDUR_W50,declared,,False,0.29766093854175857
ROMRELDUR_W50,steered,0.0,False,0.0
ROMRELDUR_W50,steered,2.0,False,0.16475422072438356
ROMRELDUR_W50,steered,4.0,False,0.44273542660469817
ROMRELDUR_W50,steered,6.0,False,1.0517836936467548
ROMRELDUR_W50,steered,8.0,False,1.992142271550684
ROMRELDUR_W50,steered,10.0,False,2.798172872189502
ROMRELDUR_W50,steered,12.0,False,3.1384417174308865
ROMRELDUR_W50,steered,14.0,False,3.0934762834293767
ROMRELDUR_W50,steered,16.0,False,2.8701401865851706
ROMRELDUR_W50,steered,18.0,False,2.7364139558947476
ROMRELDUR_W50,steered,20.0,False,2.9505353042848927
ROMRELSER_W50,declared,,False,1.4418366817518624
ROMRELSER_W50,steered,0.0,False,0.0
ROMRELSER_W50,steered,2.0,False,0.1672925021791556
ROMRELSER_W50,steered,4.0,False,0.3125545551162172
ROMRELSER_W50,steered,6.0,False,0.44020026401279255
ROMRELSER_W50,steered,8.0,False,0.6233160271355354
ROMRELSER_W50,steered,10.0,False,0.643213742224556
ROMRELSER_W50,steered,12.0,False,0.6883547906834928
ROMRELSER_W50,steered,14.0,False,0.7306964932214076
ROMRELSER_W50,steered,16.0,False,0.8078495042572962
ROMRELSER_W50,steered,18.0,False,0.8902848534322959
ROMRELSER_W50,steered,20.0,False,0.8817016168319732
RQ1_F1B_W42,declared,,False,2.264000013008083e-05
RQ1_F1B_W42,steered,0.0,False,0.0
RQ1_F1B_W42,steered,2.0,False,4.999999914101494e-09
RQ1_F1B_W42,steered,4.0,False,9.999999883714139e-09
RQ1_F1B_W42,steered,6.0,False,1.9999999212316766e-08
RQ1_F1B_W42,steered,8.0,False,5.5000000553917516e-08
RQ1_F1B_W42,steered,10.0,False,1.5500000777324274e-07
RQ1_F1B_W42,steered,12.0,False,4.1000000006174986e-07
RQ1_F1B_W42,steered,14.0,False,9.850000404210135e-07
RQ1_F1B_W42,steered,16.0,False,4.455000000735954e-06
RQ1_F1B_W42,steered,18.0,False,1.556500015492679e-05
RQ1_F1B_W42,steered,20.0,False,8.969999730773504e-05
RQ1_F1C_W42,declared,,False,0.0033253850901278637
RQ1_F1C_W42,steered,0.0,False,0.0
RQ1_F1C_W42,steered,2.0,False,3.49999968451975e-08
RQ1_F1C_W42,steered,4.0,False,8.499999826216964e-08
RQ1_F1C_W42,steered,6.0,False,1.69999995691672e-07
RQ1_F1C_W42,steered,8.0,False,4.999999982935321e-07
RQ1_F1C_W42,steered,10.0,False,1.4049999411125391e-06
RQ1_F1C_W42,steered,12.0,False,4.99500000422648e-06
RQ1_F1C_W42,steered,14.0,False,1.74850007130245e-05
RQ1_F1C_W42,steered,16.0,False,6.127999752808533e-05
RQ1_F1C_W42,steered,18.0,False,0.00021467498281391162
RQ1_F1C_W42,steered,20.0,False,0.0007494599999887108
RQ2_F1A_W42,declared,,False,7.820001768111109e-06
RQ2_F1A_W42,steered,0.0,False,0.0
RQ2_F1A_W42,steered,2.0,False,0.11873495349186801
RQ2_F1A_W42,steered,4.0,False,0.35955446435878674
RQ2_F1A_W42,steered,6.0,False,0.6083957128710956
RQ2_F1A_W42,steered,8.0,False,0.810881647430877
RQ2_F1A_W42,steered,10.0,False,0.917449000133857
RQ2_F1A_W42,steered,12.0,False,0.9473540417881839
RQ2_F1A_W42,steered,14.0,False,0.9654677315900964
RQ2_F1A_W42,steered,16.0,False,0.9574535800443484
RQ2_F1A_W42,steered,18.0,False,0.9526941870018026
RQ2_F1A_W42,steered,20.0,False,0.9096987209030128
RQ4_F1Ab_W42,declared,,False,7.446999848748082e-05
RQ4_F1Ab_W42,steered,0.0,False,0.0
RQ4_F1Ab_W42,steered,2.0,False,5.899999999670058e-07
RQ4_F1Ab_W42,steered,4.0,False,1.6000000609972531e-06
RQ4_F1Ab_W42,steered,6.0,False,3.5899998557242796e-06
RQ4_F1Ab_W42,steered,8.0,False,6.0300003081881215e-06
RQ4_F1Ab_W42,steered,10.0,False,1.6569999506832467e-05
RQ4_F1Ab_W42,steered,12.0,False,2.726999916902173e-05
RQ4_F1Ab_W42,steered,14.0,False,4.447999906509459e-05
RQ4_F1Ab_W42,steered,16.0,False,9.282000297872184e-05
RQ4_F1Ab_W42,steered,18.0,False,0.00023364999326758173
RQ4_F1Ab_W42,steered,20.0,False,0.00046890005823552183
RQ4_F1Ae_W42,declared,,False,9.999999828202988e-09
RQ4_F1Ae_W42,steered,0.0,False,0.0
RQ4_F1Ae_W42,steered,2.0,False,0.0
RQ4_F1Ae_W42,steered,4.0,False,0.0
RQ4_F1Ae_W42,steered,6.0,False,0.0
RQ4_F1Ae_W42,steered,8.0,False,9.999999828202988e-09
RQ4_F1Ae_W42,steered,10.0,False,9.999999828202988e-09
RQ4_F1Ae_W42,steered,12.0,False,2.9999999151542056e-08
RQ4_F1Ae_W42,steered,14.0,False,7.000000334933532e-08
RQ4_F1Ae_W42,steered,16.0,False,1.899999980681244e-07
RQ4_F1Ae_W42,steered,18.0,False,5.100000167734819e-07
RQ4_F1Ae_W42,steered,20.0,False,4.660000066492032e-06
RQ4_F1Ba_W42,declared,,False,0.0008342099682662196
RQ4_F1Ba_W42,steered,0.0,False,0.0
RQ4_F1Ba_W42,steered,2.0,False,0.0004566800249961034
RQ4_F1Ba_W42,steered,4.0,False,0.0018913900563878316
RQ4_F1Ba_W42,steered,6.0,False,0.005203439478654648
RQ4_F1Ba_W42,steered,8.0,False,0.010976890110383386
RQ4_F1Ba_W42,steered,10.0,False,0.022964480460218595
RQ4_F1Ba_W42,steered,12.0,False,0.04739837379324152
RQ4_F1Ba_W42,steered,14.0,False,0.07580001772136102
RQ4_F1Ba_W42,steered,16.0,False,0.11897289119661558
RQ4_F1Ba_W42,steered,18.0,False,0.22166884445229196
RQ4_F1Ba_W42,steered,20.0,False,0.3729371962246646
RQ4_F1Bc_W42,declared,,False,2.99999967090514e-08
RQ4_F1Bc_W42,steered,0.0,False,0.0
RQ4_F1Bc_W42,steered,2.0,False,1.9999998657205253e-08
RQ4_F1Bc_W42,steered,4.0,False,9.000000167347366e-08
RQ4_F1Bc_W42,steered,6.0,False,2.1000000083315484e-07
RQ4_F1Bc_W42,steered,8.0,False,6.199999682543478e-07
RQ4_F1Bc_W42,steered,10.0,False,1.7000000492872758e-06
RQ4_F1Bc_W42,steered,12.0,False,5.9800003765486665e-06
RQ4_F1Bc_W42,steered,14.0,False,2.095000045831963e-05
RQ4_F1Bc_W42,steered,16.0,False,5.4599998613569234e-05
RQ4_F1Bc_W42,steered,18.0,False,0.00012321000985648922
RQ4_F1Bc_W42,steered,20.0,False,0.00048124993727238774
RQ4_F1Bd_W42,declared,,False,0.16836217508976264
RQ4_F1Bd_W42,steered,0.0,False,0.0
RQ4_F1Bd_W42,steered,2.0,False,0.3619661525494807
RQ4_F1Bd_W42,steered,4.0,False,0.6562033876494036
RQ4_F1Bd_W42,steered,6.0,False,0.8409683915570134
RQ4_F1Bd_W42,steered,8.0,False,0.9346974994514493
RQ4_F1Bd_W42,steered,10.0,False,0.9473581423181339
RQ4_F1Bd_W42,steered,12.0,False,0.9654483908277854
RQ4_F1Bd_W42,steered,14.0,False,0.9695608893478711
RQ4_F1Bd_W42,steered,16.0,False,0.9528501008551801
RQ4_F1Bd_W42,steered,18.0,False,0.9011094271759735
RQ4_F1Bd_W42,steered,20.0,False,0.7538089971837457
RQ4_F1Be_W42,declared,,False,0.0
RQ4_F1Be_W42,steered,0.0,False,0.0
RQ4_F1Be_W42,steered,2.0,False,0.0
RQ4_F1Be_W42,steered,4.0,False,0.0
RQ4_F1Be_W42,steered,6.0,False,0.0
RQ4_F1Be_W42,steered,8.0,False,0.0
RQ4_F1Be_W42,steered,10.0,False,9.999999828202988e-09
RQ4_F1Be_W42,steered,12.0,False,1.999999987845058e-08
RQ4_F1Be_W42,steered,14.0,False,2.9999998596430544e-08
RQ4_F1Be_W42,steered,16.0,False,1.1999999804945816e-07
RQ4_F1Be_W42,steered,18.0,False,1.6999999929989684e-07
RQ4_F1Be_W42,steered,20.0,False,2.03999995918025e-06
RQ4_F1Ca_W42,declared,,False,0.4004967521137811
RQ4_F1Ca_W42,steered,0.0,False,0.0
RQ4_F1Ca_W42,steered,2.0,False,0.19338798583911643
RQ4_F1Ca_W42,steered,4.0,False,0.4292460845970184
RQ4_F1Ca_W42,steered,6.0,False,0.5597040476365673
RQ4_F1Ca_W42,steered,8.0,False,0.7303490272253814
RQ4_F1Ca_W42,steered,10.0,False,0.8170214499944626
RQ4_F1Ca_W42,steered,12.0,False,0.8802436192108748
RQ4_F1Ca_W42,steered,14.0,False,0.9036177709535058
RQ4_F1Ca_W42,steered,16.0,False,0.9205487629266603
RQ4_F1Ca_W42,steered,18.0,False,0.9415920409836561
RQ4_F1Ca_W42,steered,20.0,False,0.9286428223177742
RQ4_F1Cb_W42,declared,,False,3.0999998829051023e-06
RQ4_F1Cb_W42,steered,0.0,False,0.0
RQ4_F1Cb_W42,steered,2.0,False,7.199999965123993e-07
RQ4_F1Cb_W42,steered,4.0,False,2.6599998865783903e-06
RQ4_F1Cb_W42,steered,6.0,False,5.950000299903557e-06
RQ4_F1Cb_W42,steered,8.0,False,1.655999967165034e-05
RQ4_F1Cb_W42,steered,10.0,False,2.7339999726372355e-05
RQ4_F1Cb_W42,steered,12.0,False,5.790999825527887e-05
RQ4_F1Cb_W42,steered,14.0,False,9.517999422548051e-05
RQ4_F1Cb_W42,steered,16.0,False,0.00025642998955444085
RQ4_F1Cb_W42,steered,18.0,False,0.0005216600362065726
RQ4_F1Cb_W42,steered,20.0,False,0.0012055799941010914
RQ4_F1Cd_W42,declared,,False,0.054866614310446746
RQ4_F1Cd_W42,steered,0.0,False,0.0
RQ4_F1Cd_W42,steered,2.0,False,0.27339610952573556
RQ4_F1Cd_W42,steered,4.0,False,0.6044744659319615
RQ4_F1Cd_W42,steered,6.0,False,0.8433771415662287
RQ4_F1Cd_W42,steered,8.0,False,0.9189258760159444
RQ4_F1Cd_W42,steered,10.0,False,0.957460049626861
RQ4_F1Cd_W42,steered,12.0,False,0.9639991411042275
RQ4_F1Cd_W42,steered,14.0,False,0.9695412485015708
RQ4_F1Cd_W42,steered,16.0,False,0.9516618884395386
RQ4_F1Cd_W42,steered,18.0,False,0.898136068300312
RQ4_F1Cd_W42,steered,20.0,False,0.7530626681820776
RQ5_F1B_W42,declared,,False,0.08187752895143767
RQ5_F1B_W42,steered,0.0,False,0.0
RQ5_F1B_W42,steered,2.0,False,0.00296492975576126
RQ5_F1B_W42,steered,4.0,False,0.004259129809602923
RQ5_F1B_W42,steered,6.0,False,0.009856379310053419
RQ5_F1B_W42,steered,8.0,False,0.007933659497099354
RQ5_F1B_W42,steered,10.0,False,0.008432609136162124
RQ5_F1B_W42,steered,12.0,False,0.00950800990393949
RQ5_F1B_W42,steered,14.0,False,0.047354951275510655
RQ5_F1B_W42,steered,16.0,False,0.07926608703306769
RQ5_F1B_W42,steered,18.0,False,0.1536740024481466
RQ5_F1B_W42,steered,20.0,False,0.3392198204105772
RQ5_F1C_W42,declared,,False,0.000675619988701436
RQ5_F1C_W42,steered,0.0,False,0.0
RQ5_F1C_W42,steered,2.0,False,0.0005090100072140802
RQ5_F1C_W42,steered,4.0,False,0.0015401499887703375
RQ5_F1C_W42,steered,6.0,False,0.003195610076010658
RQ5_F1C_W42,steered,8.0,False,0.006262350019798269
RQ5_F1C_W42,steered,10.0,False,0.009062640573199408
RQ5_F1C_W42,steered,12.0,False,0.012806161030439826
RQ5_F1C_W42,steered,14.0,False,0.03172535945878158
RQ5_F1C_W42,steered,16.0,False,0.062052563513249004
RQ5_F1C_W42,steered,18.0,False,0.1299221696621315
RQ5_F1C_W42,steered,20.0,False,0.31816815406984633
S12_W29,declared,,False,2.8127002119758067
S12_W29,steered,0.0,False,0.0
S12_W29,steered,2.0,False,0.5003689594258492
S12_W29,steered,4.0,False,0.9386188890547819
S12_W29,steered,6.0,False,1.335763418810263
S12_W29,steered,8.0,False,1.4766425052335745
S12_W29,steered,10.0,False,1.5253848974131232
S12_W29,steered,12.0,False,1.392380766657038
S12_W29,steered,14.0,False,1.3908477540844801
S12_W29,steered,16.0,False,1.507483400972491
S12_W29,steered,18.0,False,1.7084456875112064
S12_W29,steered,20.0,False,1.69805742790455
S13_W29,declared,,False,0.06231589994088356
S13_W29,steered,0.0,False,0.0
S13_W29,steered,2.0,False,0.4973207415431178
S13_W29,steered,4.0,False,0.7943228981372024
S13_W29,steered,6.0,False,0.9967121947793998
S13_W29,steered,8.0,False,1.0640805378130795
S13_W29,steered,10.0,False,1.10828894497158
S13_W29,steered,12.0,False,1.1416222521624817
S13_W29,steered,14.0,False,1.1309981627080523
S13_W29,steered,16.0,False,1.306384141009145
S13_W29,steered,18.0,False,1.5365872327133143
S13_W29,steered,20.0,False,1.6372697919441705
SATLIFED_W32,declared,,False,0.09030248118833978
SATLIFED_W32,steered,0.0,False,0.0
SATLIFED_W32,steered,2.0,False,0.016284601905170448
SATLIFED_W32,steered,4.0,False,0.044253480694671166
SATLIFED_W32,steered,6.0,False,0.1172767453089304
SATLIFED_W32,steered,8.0,False,0.22120068227209977
SATLIFED_W32,steered,10.0,False,0.37637359759775535
SATLIFED_W32,steered,12.0,False,0.6205352937367388
SATLIFED_W32,steered,14.0,False,0.7274660775268363
SATLIFED_W32,steered,16.0,False,0.8698083498901169
SATLIFED_W32,steered,18.0,False,0.8910540464007455
SATLIFED_W32,steered,20.0,False,0.864009244372847
SATLIFEc_W50,declared,,False,0.853891006874733
SATLIFEc_W50,steered,0.0,False,0.0
SATLIFEc_W50,steered,2.0,False,0.12312245160074042
SATLIFEc_W50,steered,4.0,False,0.25418119303775155
SATLIFEc_W50,steered,6.0,False,0.38407489057907795
SATLIFEc_W50,steered,8.0,False,0.5309691835551402
SATLIFEc_W50,steered,10.0,False,0.40669401979620456
SATLIFEc_W50,steered,12.0,False,0.16321543932786575
SATLIFEc_W50,steered,14.0,False,0.23777461344259834
SATLIFEc_W50,steered,16.0,False,0.4475972184111854
SATLIFEc_W50,steered,18.0,False,0.6461195542329494
SATLIFEc_W50,steered,20.0,False,0.8372898583728986
SEENFEM_W29,declared,,False,0.09828162196563003
SEENFEM_W29,steered,0.0,False,0.0
SEENFEM_W29,steered,2.0,False,0.0001515199925640004
SEENFEM_W29,steered,4.0,False,0.003168640063756201
SEENFEM_W29,steered,6.0,False,0.03732351112017614
SEENFEM_W29,steered,8.0,False,0.1824227900006072
SEENFEM_W29,steered,10.0,False,0.4378191231352757
SEENFEM_W29,steered,12.0,False,0.6791601507521431
SEENFEM_W29,steered,14.0,False,0.7771881889198681
SEENFEM_W29,steered,16.0,False,0.7766485599573207
SEENFEM_W29,steered,18.0,False,0.7233777765973335
SEENFEM_W29,steered,20.0,False,0.6411975417277186
SEENMASC_W29,declared,,False,0.0023331198007666156
SEENMASC_W29,steered,0.0,False,0.0
SEENMASC_W29,steered,2.0,False,8.995999681000007e-05
SEENMASC_W29,steered,4.0,False,0.0011647599533615017
SEENMASC_W29,steered,6.0,False,0.014060490140505604
SEENMASC_W29,steered,8.0,False,0.11919735119178812
SEENMASC_W29,steered,10.0,False,0.3775307575516537
SEENMASC_W29,steered,12.0,False,0.6791475267900521
SEENMASC_W29,steered,14.0,False,0.7771134978125035
SEENMASC_W29,steered,16.0,False,0.816503314530416
SEENMASC_W29,steered,18.0,False,0.8085901184764988
SEENMASC_W29,steered,20.0,False,0.6694747533052525
SHOOTFREQ_W26,declared,,False,2.699999804000014e-07
SHOOTFREQ_W26,steered,0.0,False,0.0
SHOOTFREQ_W26,steered,2.0,False,9.999999700000005e-09
SHOOTFREQ_W26,steered,4.0,False,9.999999700000005e-09
SHOOTFREQ_W26,steered,6.0,False,1.999999920000002e-08
SHOOTFREQ_W26,steered,8.0,False,3.9999998400000067e-08
SHOOTFREQ_W26,steered,10.0,False,6.000000360000017e-08
SHOOTFREQ_W26,steered,12.0,False,1.799999928000003e-07
SHOOTFREQ_W26,steered,14.0,False,3.499999755000017e-07
SHOOTFREQ_W26,steered,16.0,False,1.0399999364000039e-06
SHOOTFREQ_W26,steered,18.0,False,3.3599999674000003e-06
SHOOTFREQ_W26,steered,20.0,False,3.12700025156002e-05
SMARTAPP_W49,declared,,False,2.5420000508535878e-05
SMARTAPP_W49,steered,0.0,False,0.0
SMARTAPP_W49,steered,2.0,False,1.2000000479961415e-06
SMARTAPP_W49,steered,4.0,False,6.070000185931512e-06
SMARTAPP_W49,steered,6.0,False,1.670999916558724e-05
SMARTAPP_W49,steered,8.0,False,7.496000300455385e-05
SMARTAPP_W49,steered,10.0,False,0.0002035600020418027
SMARTAPP_W49,steered,12.0,False,0.0009115199999956136
SMARTAPP_W49,steered,14.0,False,0.002473549777380679
SMARTAPP_W49,steered,16.0,False,0.008579430085874251
SMARTAPP_W49,steered,18.0,False,0.022978211839218332
SMARTAPP_W49,steered,20.0,False,0.047420986205501725
SMLIKESb_W45,declared,,False,0.0
SMLIKESb_W45,steered,0.0,False,0.0
SMLIKESb_W45,steered,2.0,False,0.0891824335970507
SMLIKESb_W45,steered,4.0,False,0.13589785543591398
SMLIKESb_W45,steered,6.0,False,0.21751398368443464
SMLIKESb_W45,steered,8.0,False,0.24029537361304731
SMLIKESb_W45,steered,10.0,False,0.23925378628992439
SMLIKESb_W45,steered,12.0,False,0.2471621603257405
SMLIKESb_W45,steered,14.0,False,0.16676354332945825
SMLIKESb_W45,steered,16.0,False,0.1236721932777799
SMLIKESb_W45,steered,18.0,False,0.09393014273616405
SMLIKESb_W45,steered,20.0,False,0.12134044356567636
SMLIKESf_W45,declared,,False,0.0002915900396066595
SMLIKESf_W45,steered,0.0,False,0.0
SMLIKESf_W45,steered,2.0,False,8.219999835690217e-06
SMLIKESf_W45,steered,4.0,False,2.381000011197898e-05
SMLIKESf_W45,steered,6.0,False,7.112000089770643e-05
SMLIKESf_W45,steered,8.0,False,0.00019554000031563046
SMLIKESf_W45,steered,10.0,False,0.00041385997780396533
SMLIKESf_W45,steered,12.0,False,0.0008449999479789305
SMLIKESf_W45,steered,14.0,False,0.0020420598183054084
SMLIKESf_W45,steered,16.0,False,0.0020474799088776585
SMLIKESf_W45,steered,18.0,False,0.026575578405465095
SMLIKESf_W45,steered,20.0,False,0.36568262717301037
SOCIETY_GUNS_W92,declared,,False,0.00010014999841560003
SOCIETY_GUNS_W92,steered,0.0,False,0.0
SOCIETY_GUNS_W92,steered,2.0,False,0.0035173598095554048
SOCIETY_GUNS_W92,steered,4.0,False,0.017433480152223603
SOCIETY_GUNS_W92,steered,6.0,False,0.09443864576653424
SOCIETY_GUNS_W92,steered,8.0,False,0.3756153310265605
SOCIETY_GUNS_W92,steered,10.0,False,0.7258434476760449
SOCIETY_GUNS_W92,steered,12.0,False,0.8866768467801677
SOCIETY_GUNS_W92,steered,14.0,False,0.8371450823036027
SOCIETY_GUNS_W92,steered,16.0,False,0.7300191928461852
SOCIETY_GUNS_W92,steered,18.0,False,0.575433004259023
SOCIETY_GUNS_W92,steered,20.0,False,0.3252102896798757
SOCIETY_RELG_W92,declared,,False,2.599999752719022e-06
SOCIETY_RELG_W92,steered,0.0,False,0.0
SOCIETY_RELG_W92,steered,2.0,False,2.54000049799072e-06
SOCIETY_RELG_W92,steered,4.0,False,5.749999738487481e-06
SOCIETY_RELG_W92,steered,6.0,False,9.759999965507956e-06
SOCIETY_RELG_W92,steered,8.0,False,2.887999913349485e-05
SOCIETY_RELG_W92,steered,10.0,False,0.00011183000400664258
SOCIETY_RELG_W92,steered,12.0,False,0.0005527300575685363
SOCIETY_RELG_W92,steered,14.0,False,0.0028972701816303175
SOCIETY_RELG_W92,steered,16.0,False,0.008499940106155405
SOCIETY_RELG_W92,steered,18.0,False,0.011299190677951957
SOCIETY_RELG_W92,steered,20.0,False,0.010405180407247507
SOCIETY_RHIST_W92,declared,,False,0.23105855962117205
SOCIETY_RHIST_W92,steered,0.0,False,0.0
SOCIETY_RHIST_W92,steered,2.0,False,0.45647856853264385
SOCIETY_RHIST_W92,steered,4.0,False,0.7327499111537711
SOCIETY_RHIST_W92,steered,6.0,False,0.8924874992725252
SOCIETY_RHIST_W92,steered,8.0,False,0.9477104003961987
SOCIETY_RHIST_W92,steered,10.0,False,0.9679501512035423
SOCIETY_RHIST_W92,steered,12.0,False,0.9823201902487603
SOCIETY_RHIST_W92,steered,14.0,False,0.9818661895817264
SOCIETY_RHIST_W92,steered,16.0,False,0.9602006188554709
SOCIETY_RHIST_W92,steered,18.0,False,0.9034860901053355
SOCIETY_RHIST_W92,steered,20.0,False,0.7307278842215278
SOCIETY_SSM_W92,declared,,True,0.3519529924023507
SOCIETY_SSM_W92,steered,0.0,True,0.0
SOCIETY_SSM_W92,steered,2.0,True,0.24135514328171614
SOCIETY_SSM_W92,steered,4.0,True,0.5083582995375847
SOCIETY_SSM_W92,steered,6.0,True,0.6292526040781005
SOCIETY_SSM_W92,steered,8.0,True,0.7014418571549007
SOCIETY_SSM_W92,steered,10.0,True,0.7399748351450439
SOCIETY_SSM_W92,steered,12.0,True,0.7170110122135667
SOCIETY_SSM_W92,steered,14.0,True,0.5570927052576308
SOCIETY_SSM_W92,steered,16.0,True,0.3473590139329267
SOCIETY_SSM_W92,steered,18.0,True,0.16554107663228465
SOCIETY_SSM_W92,steered,20.0,True,0.07876249000361803
SOCIETY_TRANS_W92,declared,,True,0.0015615699466476896
SOCIETY_TRANS_W92,steered,0.0,True,0.0
SOCIETY_TRANS_W92,steered,2.0,True,0.004510459648784604
SOCIETY_TRANS_W92,steered,4.0,True,0.013802439562419777
SOCIETY_TRANS_W92,steered,6.0,True,0.0472674300015844
SOCIETY_TRANS_W92,steered,8.0,True,0.11907954357979234
SOCIETY_TRANS_W92,steered,10.0,True,0.26884533730962434
SOCIETY_TRANS_W92,steered,12.0,True,0.5619730556339728
SOCIETY_TRANS_W92,steered,14.0,True,0.7768692144626157
SOCIETY_TRANS_W92,steered,16.0,True,0.9228168363130471
SOCIETY_TRANS_W92,steered,18.0,True,0.970330729982311
SOCIETY_TRANS_W92,steered,20.0,True,0.9538653902442383
SOCIETY_WHT_W92,declared,,False,9.545999611560712e-05
SOCIETY_WHT_W92,steered,0.0,False,0.0
SOCIETY_WHT_W92,steered,2.0,False,8.229999705217192e-06
SOCIETY_WHT_W92,steered,4.0,False,4.168000056595025e-05
SOCIETY_WHT_W92,steered,6.0,False,0.00011968999517500764
SOCIETY_WHT_W92,steered,8.0,False,0.0005491799614451494
SOCIETY_WHT_W92,steered,10.0,False,0.0040662502444555725
SOCIETY_WHT_W92,steered,12.0,False,0.02930980765497835
SOCIETY_WHT_W92,steered,14.0,False,0.09534783427845682
SOCIETY_WHT_W92,steered,16.0,False,0.22268517445429092
SOCIETY_WHT_W92,steered,18.0,False,0.2941851582176009
SOCIETY_WHT_W92,steered,20.0,False,0.22257621553975118
SOCTRUST2_W32,declared,,False,0.0
SOCTRUST2_W32,steered,0.0,False,0.0
SOCTRUST2_W32,steered,2.0,False,0.0
SOCTRUST2_W32,steered,4.0,False,0.0
SOCTRUST2_W32,steered,6.0,False,0.0
SOCTRUST2_W32,steered,8.0,False,0.0
SOCTRUST2_W32,steered,10.0,False,0.0
SOCTRUST2_W32,steered,12.0,False,0.0
SOCTRUST2_W32,steered,14.0,False,0.0
SOCTRUST2_W32,steered,16.0,False,0.0
SOCTRUST2_W32,steered,18.0,False,1.9999999656405976e-08
SOCTRUST2_W32,steered,20.0,False,2.000000620672182e-08
SOLVPROBa_W41,declared,,False,4.000000464188247e-08
SOLVPROBa_W41,steered,0.0,False,0.0
SOLVPROBa_W41,steered,2.0,False,0.0
SOLVPROBa_W41,steered,4.0,False,1.999999899027216e-08
SOLVPROBa_W41,steered,6.0,False,7.000000323831301e-08
SOLVPROBa_W41,steered,8.0,False,1.7000001006906018e-07
SOLVPROBa_W41,steered,10.0,False,4.499999933793575e-07
SOLVPROBa_W41,steered,12.0,False,1.250000086994163e-06
SOLVPROBa_W41,steered,14.0,False,4.229999840066334e-06
SOLVPROBa_W41,steered,16.0,False,1.4729999313845e-05
SOLVPROBa_W41,steered,18.0,False,5.3070000917143645e-05
SOLVPROBa_W41,steered,20.0,False,0.00018714999831825896
SOLVPROBb_W41,declared,,False,4.170999803971694e-05
SOLVPROBb_W41,steered,0.0,False,0.0
SOLVPROBb_W41,steered,2.0,False,0.37975110817573576
SOLVPROBb_W41,steered,4.0,False,0.7014415548849859
SOLVPROBb_W41,steered,6.0,False,0.8207102010160274
SOLVPROBb_W41,steered,8.0,False,0.9025859738326689
SOLVPROBb_W41,steered,10.0,False,0.9232634951473933
SOLVPROBb_W41,steered,12.0,False,0.9106081890916985
SOLVPROBb_W41,steered,14.0,False,0.8703939814157425
SOLVPROBb_W41,steered,16.0,False,0.8127751772083953
SOLVPROBb_W41,steered,18.0,False,0.684428632769126
SOLVPROBb_W41,steered,20.0,False,0.5823423552563876
SOLVPROBc_W41,declared,,False,3.529999405995958e-06
SOLVPROBc_W41,steered,0.0,False,0.0
SOLVPROBc_W41,steered,2.0,False,2.9800001840189004e-06
SOLVPROBc_W41,steered,4.0,False,2.1690002452575517e-05
SOLVPROBc_W41,steered,6.0,False,7.891999763215886e-05
SOLVPROBc_W41,steered,8.0,False,0.0004623700097231013
SOLVPROBc_W41,steered,10.0,False,0.0021531001294732245
SOLVPROBc_W41,steered,12.0,False,0.006220630001159847
SOLVPROBc_W41,steered,14.0,False,0.02017156060464244
SOLVPROBc_W41,steered,16.0,False,0.034006197959385795
SOLVPROBc_W41,steered,18.0,False,0.05164653896474382
SOLVPROBc_W41,steered,20.0,False,0.08819114823888884
SOLVPROBdF1_W41,declared,,False,0.00439041057506106
SOLVPROBdF1_W41,steered,0.0,False,0.0
SOLVPROBdF1_W41,steered,2.0,False,5.375010603020911e-05
SOLVPROBdF1_W41,steered,4.0,False,0.00029289988902762956
SOLVPROBdF1_W41,steered,6.0,False,0.0013777497719758619
SOLVPROBdF1_W41,steered,8.0,False,0.010469599631790344
SOLVPROBdF1_W41,steered,10.0,False,0.044138260510773845
SOLVPROBdF1_W41,steered,12.0,False,0.08405452268567157
SOLVPROBdF1_W41,steered,14.0,False,0.20276751021764067
SOLVPROBdF1_W41,steered,16.0,False,0.2953711433886359
SOLVPROBdF1_W41,steered,18.0,False,0.47024134011568886
SOLVPROBdF1_W41,steered,20.0,False,0.6239321025432094
SOLVPROBf_W41,declared,,False,0.00022726000681799513
SOLVPROBf_W41,steered,0.0,False,0.0
SOLVPROBf_W41,steered,2.0,False,0.40465049572105527
SOLVPROBf_W41,steered,4.0,False,0.6937317242479124
SOLVPROBf_W41,steered,6.0,False,0.881672610264124
SOLVPROBf_W41,steered,8.0,False,0.9486085863051854
SOLVPROBf_W41,steered,10.0,False,0.9684438412927205
SOLVPROBf_W41,steered,12.0,False,0.9703299398754711
SOLVPROBf_W41,steered,14.0,False,0.96211814103548
SOLVPROBf_W41,steered,16.0,False,0.9380792629242577
SOLVPROBf_W41,steered,18.0,False,0.8745202076244953
SOLVPROBf_W41,steered,20.0,False,0.775068148735294
SOLVPROBg_W41,declared,,False,0.014849161997890267
SOLVPROBg_W41,steered,0.0,False,0.0
SOLVPROBg_W41,steered,2.0,False,0.008845861651174212
SOLVPROBg_W41,steered,4.0,False,0.03211323042537656
SOLVPROBg_W41,steered,6.0,False,0.053416698264820976
SOLVPROBg_W41,steered,8.0,False,0.08441240220431986
SOLVPROBg_W41,steered,10.0,False,0.09640523328769436
SOLVPROBg_W41,steered,12.0,False,0.03903297993368255
SOLVPROBg_W41,steered,14.0,False,0.027626156214127773
SOLVPROBg_W41,steered,16.0,False,0.1154193435145336
SOLVPROBg_W41,steered,18.0,False,0.21674388116849846
SOLVPROBg_W41,steered,20.0,False,0.3507097816194612
SOLVPROBh_W41,declared,,False,1.9499999844851956e-06
SOLVPROBh_W41,steered,0.0,False,0.0
SOLVPROBh_W41,steered,2.0,False,1.0000000683074717e-07
SOLVPROBh_W41,steered,4.0,False,4.09999987627252e-07
SOLVPROBh_W41,steered,6.0,False,9.799999973747475e-07
SOLVPROBh_W41,steered,8.0,False,2.789999882901739e-06
SOLVPROBh_W41,steered,10.0,False,7.64999984470549e-06
SOLVPROBh_W41,steered,12.0,False,1.6249999670647775e-05
SOLVPROBh_W41,steered,14.0,False,7.309999707594272e-05
SOLVPROBh_W41,steered,16.0,False,0.00019733999642645994
SOLVPROBh_W41,steered,18.0,False,0.0005174899823393586
SOLVPROBh_W41,steered,20.0,False,0.0022424598446417754
TALK_CPS_W29,declared,,False,0.753302644003018
TALK_CPS_W29,steered,0.0,False,0.0
TALK_CPS_W29,steered,2.0,False,0.10350392337380732
TALK_CPS_W29,steered,4.0,False,0.12589073854622942
TALK_CPS_W29,steered,6.0,False,0.19313195731418306
TALK_CPS_W29,steered,8.0,False,0.18515583666475394
TALK_CPS_W29,steered,10.0,False,0.1549356965485901
TALK_CPS_W29,steered,12.0,False,0.09810973429995971
TALK_CPS_W29,steered,14.0,False,0.060292504195349
TALK_CPS_W29,steered,16.0,False,0.05272837563454353
TALK_CPS_W29,steered,18.0,False,0.1852422934266666
TALK_CPS_W29,steered,20.0,False,1.3176283072948678
TRACKCO1a_W49,declared,,False,0.04643243565696609
TRACKCO1a_W49,steered,0.0,False,0.0
TRACKCO1a_W49,steered,2.0,False,3.089000729927793e-05
TRACKCO1a_W49,steered,4.0,False,0.00012923999207148373
TRACKCO1a_W49,steered,6.0,False,0.00019000999561569198
TRACKCO1a_W49,steered,8.0,False,0.00033122999481227655
TRACKCO1a_W49,steered,10.0,False,0.0005593300481302466
TRACKCO1a_W49,steered,12.0,False,0.0014762499852376543
TRACKCO1a_W49,steered,14.0,False,0.0023456199619432683
TRACKCO1a_W49,steered,16.0,False,0.005671829852856192
TRACKCO1a_W49,steered,18.0,False,0.013376249908072957
TRACKCO1a_W49,steered,20.0,False,0.02966562040362175
TRACKCO1b_W49,declared,,False,0.42289679608510755
TRACKCO1b_W49,steered,0.0,False,0.0
TRACKCO1b_W49,steered,2.0,False,0.006718629395323639
TRACKCO1b_W49,steered,4.0,False,0.027259158856962062
TRACKCO1b_W49,steered,6.0,False,0.05794754000692248
TRACKCO1b_W49,steered,8.0,False,0.151176199127378
TRACKCO1b_W49,steered,10.0,False,0.36389636100557776
TRACKCO1b_W49,steered,12.0,False,0.5356957154246632
TRACKCO1b_W49,steered,14.0,False,1.1142425018820235
TRACKCO1b_W49,steered,16.0,False,1.2915202449311147
TRACKCO1b_W49,steered,18.0,False,1.3959723185350925
TRACKCO1b_W49,steered,20.0,False,0.4958168706097716
TRACKGOV1a_W49,declared,,False,0.005016039939830453
TRACKGOV1a_W49,steered,0.0,False,0.0
TRACKGOV1a_W49,steered,2.0,False,0.017104240072547287
TRACKGOV1a_W49,steered,4.0,False,0.04316349918353779
TRACKGOV1a_W49,steered,6.0,False,0.1003675089653545
TRACKGOV1a_W49,steered,8.0,False,0.19923702199822155
TRACKGOV1a_W49,steered,10.0,False,0.2965921929709483
TRACKGOV1a_W49,steered,12.0,False,0.3068615407782776
TRACKGOV1a_W49,steered,14.0,False,0.22641714548879063
TRACKGOV1a_W49,steered,16.0,False,0.1338574680580936
TRACKGOV1a_W49,steered,18.0,False,0.054562881660869936
TRACKGOV1a_W49,steered,20.0,False,0.015342179855763964
TRACKGOV1b_W49,declared,,False,0.00030024000528962606
TRACKGOV1b_W49,steered,0.0,False,0.0
TRACKGOV1b_W49,steered,2.0,False,0.0004991100491117795
TRACKGOV1b_W49,steered,4.0,False,0.0013966599343983436
TRACKGOV1b_W49,steered,6.0,False,0.002465929975340662
TRACKGOV1b_W49,steered,8.0,False,0.004546369813147778
TRACKGOV1b_W49,steered,10.0,False,0.005233830104676497
TRACKGOV1b_W49,steered,12.0,False,0.008112129687807583
TRACKGOV1b_W49,steered,14.0,False,0.011047889538225188
TRACKGOV1b_W49,steered,16.0,False,0.012280208709638193
TRACKGOV1b_W49,steered,18.0,False,0.009242268872784527
TRACKGOV1b_W49,steered,20.0,False,0.00542281966324498
TRAITBIZMF2C_W36,declared,,True,6.504999869927364e-06
TRAITBIZMF2C_W36,steered,0.0,True,0.0
TRAITBIZMF2C_W36,steered,2.0,True,0.0
TRAITBIZMF2C_W36,steered,4.0,True,0.0
TRAITBIZMF2C_W36,steered,6.0,True,4.999999914101494e-09
TRAITBIZMF2C_W36,steered,8.0,True,4.999999914101494e-09
TRAITBIZMF2C_W36,steered,10.0,True,9.999999883714139e-09
TRAITBIZMF2C_W36,steered,12.0,True,3.500000173017881e-08
TRAITBIZMF2C_W36,steered,14.0,True,9.000000483760928e-08
TRAITBIZMF2C_W36,steered,16.0,True,2.4499999518035054e-07
TRAITBIZMF2C_W36,steered,18.0,True,1.1199999661037907e-06
TRAITBIZMF2C_W36,steered,20.0,True,5.719999484787852e-06
TRAITBIZMF2D_W36,declared,,True,0.0001676499949679333
TRAITBIZMF2D_W36,steered,0.0,True,0.0
TRAITBIZMF2D_W36,steered,2.0,True,4.999999636545738e-09
TRAITBIZMF2D_W36,steered,4.0,True,4.9999995810345865e-09
TRAITBIZMF2D_W36,steered,6.0,True,3.000000198261077e-08
TRAITBIZMF2D_W36,steered,8.0,True,6.000000335459887e-08
TRAITBIZMF2D_W36,steered,10.0,True,2.3000000909378926e-07
TRAITBIZMF2D_W36,steered,12.0,True,6.799999817674873e-07
TRAITBIZMF2D_W36,steered,14.0,True,3.2849996965400585e-06
TRAITBIZMF2D_W36,steered,16.0,True,1.3355000676007478e-05
TRAITBIZMF2D_W36,steered,18.0,True,6.922500206985038e-05
TRAITBIZMF2D_W36,steered,20.0,True,0.00045753497682993194
TRAITBIZMF2E_W36,declared,,True,3.745499887625181e-05
TRAITBIZMF2E_W36,steered,0.0,True,0.0
TRAITBIZMF2E_W36,steered,2.0,True,0.0
TRAITBIZMF2E_W36,steered,4.0,True,0.0
TRAITBIZMF2E_W36,steered,6.0,True,9.99999949513608e-09
TRAITBIZMF2E_W36,steered,8.0,True,2.5000002012998124e-08
TRAITBIZMF2E_W36,steered,10.0,True,8.000000567554011e-08
TRAITBIZMF2E_W36,steered,12.0,True,2.6000000852288707e-07
TRAITBIZMF2E_W36,steered,14.0,True,1.089999976611189e-06
TRAITBIZMF2E_W36,steered,16.0,True,6.425000000809256e-06
TRAITBIZMF2E_W36,steered,18.0,True,3.290499802088842e-05
TRAITBIZMF2E_W36,steered,20.0,True,0.00019037000020166728
TRAITBIZMF2G_W36,declared,,True,0.028359681977909307
TRAITBIZMF2G_W36,steered,0.0,True,0.0
TRAITBIZMF2G_W36,steered,2.0,True,0.005663009966699106
TRAITBIZMF2G_W36,steered,4.0,True,0.014719834672939794
TRAITBIZMF2G_W36,steered,6.0,True,0.02301152026211007
TRAITBIZMF2G_W36,steered,8.0,True,0.030897318314499257
TRAITBIZMF2G_W36,steered,10.0,True,0.038681769847244876
TRAITBIZMF2G_W36,steered,12.0,True,0.04811324371256708
TRAITBIZMF2G_W36,steered,14.0,True,0.06253687328983795
TRAITBIZMF2G_W36,steered,16.0,True,0.051832331701424025
TRAITBIZMF2G_W36,steered,18.0,True,0.01886340594317027
TRAITBIZMF2G_W36,steered,20.0,True,0.013570783106383745
TRAITBIZWF2C_W36,declared,,True,8.989999460196074e-06
TRAITBIZWF2C_W36,steered,0.0,True,0.0
TRAITBIZWF2C_W36,steered,2.0,True,1.999999937885022e-08
TRAITBIZWF2C_W36,steered,4.0,True,6.000000030148556e-08
TRAITBIZWF2C_W36,steered,6.0,True,1.1000000260663612e-07
TRAITBIZWF2C_W36,steered,8.0,True,3.799999923614905e-07
TRAITBIZWF2C_W36,steered,10.0,True,8.350000184620399e-07
TRAITBIZWF2C_W36,steered,12.0,True,2.9750000873352e-06
TRAITBIZWF2C_W36,steered,14.0,True,1.3615000270750244e-05
TRAITBIZWF2C_W36,steered,16.0,True,6.137000125661096e-05
TRAITBIZWF2C_W36,steered,18.0,True,0.0002758550276283356
TRAITBIZWF2C_W36,steered,20.0,True,0.0013995299860222743
TRAITBIZWF2D_W36,declared,,True,3.0200000953883865e-06
TRAITBIZWF2D_W36,steered,0.0,True,0.0
TRAITBIZWF2D_W36,steered,2.0,True,9.99999993922529e-09
TRAITBIZWF2D_W36,steered,4.0,True,2.4999998127217538e-08
TRAITBIZWF2D_W36,steered,6.0,True,5.0000004747641213e-08
TRAITBIZWF2D_W36,steered,8.0,True,1.3999999087799253e-07
TRAITBIZWF2D_W36,steered,10.0,True,5.900000313863174e-07
TRAITBIZWF2D_W36,steered,12.0,True,1.7099999036207514e-06
TRAITBIZWF2D_W36,steered,14.0,True,9.215000383588912e-06
TRAITBIZWF2D_W36,steered,16.0,True,4.187000171762545e-05
TRAITBIZWF2D_W36,steered,18.0,True,0.0001665449916388173
TRAITBIZWF2D_W36,steered,20.0,True,0.0009617050191518817
TRAITBIZWF2E_W36,declared,,True,1.019999949891659e-06
TRAITBIZWF2E_W36,steered,0.0,True,0.0
TRAITBIZWF2E_W36,steered,2.0,True,5.000000452559661e-08
TRAITBIZWF2E_W36,steered,4.0,True,1.5000000253007073e-07
TRAITBIZWF2E_W36,steered,6.0,True,3.449999713134311e-07
TRAITBIZWF2E_W36,steered,8.0,True,5.24999945517024e-07
TRAITBIZWF2E_W36,steered,10.0,True,1.3600001522728888e-06
TRAITBIZWF2E_W36,steered,12.0,True,1.8550001531503213e-06
TRAITBIZWF2E_W36,steered,14.0,True,8.280000168447987e-06
TRAITBIZWF2E_W36,steered,16.0,True,5.431500218205931e-05
TRAITBIZWF2E_W36,steered,18.0,True,0.0002761600055186664
TRAITBIZWF2E_W36,steered,20.0,True,0.0020345300000109146
TRAITBIZWF2G_W36,declared,,True,0.11079417446029122
TRAITBIZWF2G_W36,steered,0.0,True,0.0
TRAITBIZWF2G_W36,steered,2.0,True,0.00018612999255481722
TRAITBIZWF2G_W36,steered,4.0,True,0.0007932100741599656
TRAITBIZWF2G_W36,steered,6.0,True,0.002735209735751542
TRAITBIZWF2G_W36,steered,8.0,True,0.0055904154104041955
TRAITBIZWF2G_W36,steered,10.0,True,0.014911929101815973
TRAITBIZWF2G_W36,steered,12.0,True,0.038120797691043096
TRAITBIZWF2G_W36,steered,14.0,True,0.04799464952640131
TRAITBIZWF2G_W36,steered,16.0,True,0.07425773701636539
TRAITBIZWF2G_W36,steered,18.0,True,0.11163477053967778
TRAITBIZWF2G_W36,steered,20.0,True,0.1606955882139117
TRAITPOLMF1B_W36,declared,,True,0.43768660199400533
TRAITPOLMF1B_W36,steered,0.0,True,0.0
TRAITPOLMF1B_W36,steered,2.0,True,0.00045421001816836615
TRAITPOLMF1B_W36,steered,4.0,True,0.0011347149278478907
TRAITPOLMF1B_W36,steered,6.0,True,0.001933574920622294
TRAITPOLMF1B_W36,steered,8.0,True,0.0032455199350895914
TRAITPOLMF1B_W36,steered,10.0,True,0.00532859973524713
TRAITPOLMF1B_W36,steered,12.0,True,0.006765245051063018
TRAITPOLMF1B_W36,steered,14.0,True,0.008364610838992037
TRAITPOLMF1B_W36,steered,16.0,True,0.00978270476837012
TRAITPOLMF1B_W36,steered,18.0,True,0.005512350594209625
TRAITPOLMF1B_W36,steered,20.0,True,0.01855772080371576
TRAITPOLMF1C_W36,declared,,True,0.00013059000653076192
TRAITPOLMF1C_W36,steered,0.0,True,0.0
TRAITPOLMF1C_W36,steered,2.0,True,4.999999636545738e-09
TRAITPOLMF1C_W36,steered,4.0,True,9.999999217580324e-09
TRAITPOLMF1C_W36,steered,6.0,True,1.0000000050247593e-08
TRAITPOLMF1C_W36,steered,8.0,True,1.9999999156805615e-08
TRAITPOLMF1C_W36,steered,10.0,True,6.500000088172087e-08
TRAITPOLMF1C_W36,steered,12.0,True,2.2000000970967548e-07
TRAITPOLMF1C_W36,steered,14.0,True,8.649999228560468e-07
TRAITPOLMF1C_W36,steered,16.0,True,3.5899997947730355e-06
TRAITPOLMF1C_W36,steered,18.0,True,1.603500069075059e-05
TRAITPOLMF1C_W36,steered,20.0,True,7.52750016632664e-05
TRAITPOLMF1D_W36,declared,,True,4.805499711268979e-05
TRAITPOLMF1D_W36,steered,0.0,True,0.0
TRAITPOLMF1D_W36,steered,2.0,True,4.999999969612645e-09
TRAITPOLMF1D_W36,steered,4.0,True,0.0
TRAITPOLMF1D_W36,steered,6.0,True,4.9999998030791915e-09
TRAITPOLMF1D_W36,steered,8.0,True,9.999999384113778e-09
TRAITPOLMF1D_W36,steered,10.0,True,5.999999780348375e-08
TRAITPOLMF1D_W36,steered,12.0,True,1.6999999613576122e-07
TRAITPOLMF1D_W36,steered,14.0,True,7.049999929398254e-07
TRAITPOLMF1D_W36,steered,16.0,True,3.789999720726911e-06
TRAITPOLMF1D_W36,steered,18.0,True,1.527500048426056e-05
TRAITPOLMF1D_W36,steered,20.0,True,0.00011457000115255855
TRAITPOLMF1E_W36,declared,,True,0.00021557498489832572
TRAITPOLMF1E_W36,steered,0.0,True,0.0
TRAITPOLMF1E_W36,steered,2.0,True,1.9999998768227556e-08
TRAITPOLMF1E_W36,steered,4.0,True,1.999999843516065e-08
TRAITPOLMF1E_W36,steered,6.0,True,4.000000147774685e-08
TRAITPOLMF1E_W36,steered,8.0,True,8.500000847622147e-08
TRAITPOLMF1E_W36,steered,10.0,True,2.4499999268234873e-07
TRAITPOLMF1E_W36,steered,12.0,True,6.850000351388275e-07
TRAITPOLMF1E_W36,steered,14.0,True,3.154999661747482e-06
TRAITPOLMF1E_W36,steered,16.0,True,1.1270000528307289e-05
TRAITPOLMF1E_W36,steered,18.0,True,6.024500317175496e-05
TRAITPOLMF1E_W36,steered,20.0,True,0.0002742750222163304
TRAITPOLMF1F_W36,declared,,True,0.035905003939742226
TRAITPOLMF1F_W36,steered,0.0,True,0.0
TRAITPOLMF1F_W36,steered,2.0,True,0.015137165605486618
TRAITPOLMF1F_W36,steered,4.0,True,0.04789885225091538
TRAITPOLMF1F_W36,steered,6.0,True,0.06363344497451946
TRAITPOLMF1F_W36,steered,8.0,True,0.12127691039860955
TRAITPOLMF1F_W36,steered,10.0,True,0.17209607483026423
TRAITPOLMF1F_W36,steered,12.0,True,0.23050637072249305
TRAITPOLMF1F_W36,steered,14.0,True,0.2897609976005258
TRAITPOLMF1F_W36,steered,16.0,True,0.3661206357934449
TRAITPOLMF1F_W36,steered,18.0,True,0.3824694263943341
TRAITPOLMF1F_W36,steered,20.0,True,0.43195353221776345
TRAITPOLMF1G_W36,declared,,True,0.0034583999715333547
TRAITPOLMF1G_W36,steered,0.0,True,0.0
TRAITPOLMF1G_W36,steered,2.0,True,0.00814226972226767
TRAITPOLMF1G_W36,steered,4.0,True,0.02167788460714376
TRAITPOLMF1G_W36,steered,6.0,True,0.028457014667839564
TRAITPOLMF1G_W36,steered,8.0,True,0.03634282612201162
TRAITPOLMF1G_W36,steered,10.0,True,0.036343044984136375
TRAITPOLMF1G_W36,steered,12.0,True,0.02743447208978622
TRAITPOLMF1G_W36,steered,14.0,True,0.025758820472287725
TRAITPOLMF1G_W36,steered,16.0,True,0.021064889069858206
TRAITPOLMF1G_W36,steered,18.0,True,0.006331054652378376
TRAITPOLMF1G_W36,steered,20.0,True,0.06749962277260141
TRAITPOLWF1A_W36,declared,,True,0.03005207590159331
TRAITPOLWF1A_W36,steered,0.0,True,0.0
TRAITPOLWF1A_W36,steered,2.0,True,1.999999676982611e-08
TRAITPOLWF1A_W36,steered,4.0,True,8.000001300301207e-08
TRAITPOLWF1A_W36,steered,6.0,True,7.499999110649469e-08
TRAITPOLWF1A_W36,steered,8.0,True,2.8499998966369233e-07
TRAITPOLWF1A_W36,steered,10.0,True,1.034999923377189e-06
TRAITPOLWF1A_W36,steered,12.0,True,4.529999842683985e-06
TRAITPOLWF1A_W36,steered,14.0,True,1.447000102422491e-05
TRAITPOLWF1A_W36,steered,16.0,True,8.737499728317388e-05
TRAITPOLWF1A_W36,steered,18.0,True,0.00039697501195989915
TRAITPOLWF1A_W36,steered,20.0,True,0.0020266250001669817
TRAITPOLWF1C_W36,declared,,True,0.0012396699256269073
TRAITPOLWF1C_W36,steered,0.0,True,0.0
TRAITPOLWF1C_W36,steered,2.0,True,1.499999857101919e-07
TRAITPOLWF1C_W36,steered,4.0,True,6.549999854721378e-07
TRAITPOLWF1C_W36,steered,6.0,True,1.359999933947531e-06
TRAITPOLWF1C_W36,steered,8.0,True,1.6999999973843494e-06
TRAITPOLWF1C_W36,steered,10.0,True,3.434999241269665e-06
TRAITPOLWF1C_W36,steered,12.0,True,1.1175001237595517e-05
TRAITPOLWF1C_W36,steered,14.0,True,5.6145003781649105e-05
TRAITPOLWF1C_W36,steered,16.0,True,0.0002147899847814161
TRAITPOLWF1C_W36,steered,18.0,True,0.0009017050248161795
TRAITPOLWF1C_W36,steered,20.0,True,0.004764104858867635
TRAITPOLWF1D_W36,declared,,True,2.449999926268376e-07
TRAITPOLWF1D_W36,steered,0.0,True,0.0
TRAITPOLWF1D_W36,steered,2.0,True,4.9999998030791915e-09
TRAITPOLWF1D_W36,steered,4.0,True,9.99999943962493e-09
TRAITPOLWF1D_W36,steered,6.0,True,9.999999384113778e-09
TRAITPOLWF1D_W36,steered,8.0,True,5.000000008470451e-08
TRAITPOLWF1D_W36,steered,10.0,True,1.0999999844329977e-07
TRAITPOLWF1D_W36,steered,12.0,True,4.2499999636236296e-07
TRAITPOLWF1D_W36,steered,14.0,True,2.044999833805683e-06
TRAITPOLWF1D_W36,steered,16.0,True,8.229999999997961e-06
TRAITPOLWF1D_W36,steered,18.0,True,4.221000043774792e-05
TRAITPOLWF1D_W36,steered,20.0,True,0.00024360497562325722
TRAITPOLWF1E_W36,declared,,True,6.655000135968869e-06
TRAITPOLWF1E_W36,steered,0.0,True,0.0
TRAITPOLWF1E_W36,steered,2.0,True,1.2999997855978052e-07
TRAITPOLWF1E_W36,steered,4.0,True,4.1500002434524674e-07
TRAITPOLWF1E_W36,steered,6.0,True,9.550000399372038e-07
TRAITPOLWF1E_W36,steered,8.0,True,2.674999925345034e-06
TRAITPOLWF1E_W36,steered,10.0,True,5.395000281072093e-06
TRAITPOLWF1E_W36,steered,12.0,True,1.3635000387313134e-05
TRAITPOLWF1E_W36,steered,14.0,True,3.147499954403443e-05
TRAITPOLWF1E_W36,steered,16.0,True,6.962500348978162e-05
TRAITPOLWF1E_W36,steered,18.0,True,0.0004015000241274769
TRAITPOLWF1E_W36,steered,20.0,True,0.0026087148956338013
TRAITPOLWF1F_W36,declared,,True,0.4740505908364122
TRAITPOLWF1F_W36,steered,0.0,True,0.0
TRAITPOLWF1F_W36,steered,2.0,True,0.02884696615387867
TRAITPOLWF1F_W36,steered,4.0,True,0.08332299990145113
TRAITPOLWF1F_W36,steered,6.0,True,0.1653227106928522
TRAITPOLWF1F_W36,steered,8.0,True,0.24361768553478738
TRAITPOLWF1F_W36,steered,10.0,True,0.2973316939359862
TRAITPOLWF1F_W36,steered,12.0,True,0.3868440185180493
TRAITPOLWF1F_W36,steered,14.0,True,0.4249886126974947
TRAITPOLWF1F_W36,steered,16.0,True,0.4456703874810225
TRAITPOLWF1F_W36,steered,18.0,True,0.46560578732293234
TRAITPOLWF1F_W36,steered,20.0,True,0.4732307560707697
TRAITPOLWF1G_W36,declared,,True,0.011076639784223883
TRAITPOLWF1G_W36,steered,0.0,True,0.0
TRAITPOLWF1G_W36,steered,2.0,True,0.0025004399999999823
TRAITPOLWF1G_W36,steered,4.0,True,0.005679403166372795
TRAITPOLWF1G_W36,steered,6.0,True,0.00971692480566147
TRAITPOLWF1G_W36,steered,8.0,True,0.012390201422677789
TRAITPOLWF1G_W36,steered,10.0,True,0.009804943021089862
TRAITPOLWF1G_W36,steered,12.0,True,0.014718545141162453
TRAITPOLWF1G_W36,steered,14.0,True,0.024084416154759904
TRAITPOLWF1G_W36,steered,16.0,True,0.03561027369164633
TRAITPOLWF1G_W36,steered,18.0,True,0.07456473371912714
TRAITPOLWF1G_W36,steered,20.0,True,0.13581256121271346
UNIMMIGCOMM_W92,declared,,False,1.3100000384004972e-06
UNIMMIGCOMM_W92,steered,0.0,False,0.0
UNIMMIGCOMM_W92,steered,2.0,False,7.829998880551697e-06
UNIMMIGCOMM_W92,steered,4.0,False,2.460999845660193e-05
UNIMMIGCOMM_W92,steered,6.0,False,9.189999421612781e-05
UNIMMIGCOMM_W92,steered,8.0,False,0.00034651998255436246
UNIMMIGCOMM_W92,steered,10.0,False,0.0009408100085035108
UNIMMIGCOMM_W92,steered,12.0,False,0.002545180077460586
UNIMMIGCOMM_W92,steered,14.0,False,0.006574240330935944
UNIMMIGCOMM_W92,steered,16.0,False,0.014208069858496741
UNIMMIGCOMM_W92,steered,18.0,False,0.030577602141190784
UNIMMIGCOMM_W92,steered,20.0,False,0.0756407407590926
USEXCEPT_W92,declared,,False,2.2000000032829092e-07
USEXCEPT_W92,steered,0.0,False,0.0
USEXCEPT_W92,steered,2.0,False,1.9999999323339068e-08
USEXCEPT_W92,steered,4.0,False,3.999999753645511e-08
USEXCEPT_W92,steered,6.0,False,8.00000028444714e-08
USEXCEPT_W92,steered,8.0,False,2.499999922633833e-07
USEXCEPT_W92,steered,10.0,False,6.399999675776868e-07
USEXCEPT_W92,steered,12.0,False,2.240000000375275e-06
USEXCEPT_W92,steered,14.0,False,1.1459999426843996e-05
USEXCEPT_W92,steered,16.0,False,5.142000154652727e-05
USEXCEPT_W92,steered,18.0,False,0.0002960099911141475
USEXCEPT_W92,steered,20.0,False,0.0013255199204645737
USMILSIZ_W92,declared,,False,0.5467955854679557
USMILSIZ_W92,steered,0.0,False,0.0
USMILSIZ_W92,steered,2.0,False,0.04336691715532441
USMILSIZ_W92,steered,4.0,False,0.12243784126845976
USMILSIZ_W92,steered,6.0,False,0.22180382506629717
USMILSIZ_W92,steered,8.0,False,0.4634586396428857
USMILSIZ_W92,steered,10.0,False,0.5468437888579923
USMILSIZ_W92,steered,12.0,False,0.7193308991657344
USMILSIZ_W92,steered,14.0,False,0.7820044212186771
USMILSIZ_W92,steered,16.0,False,0.8159003563180065
USMILSIZ_W92,steered,18.0,False,0.8566707473726914
USMILSIZ_W92,steered,20.0,False,0.9040770208615329
VALUERURAL_W32,declared,,False,0.0011341899631454044
VALUERURAL_W32,steered,0.0,False,0.0
VALUERURAL_W32,steered,2.0,False,0.08707604975179814
VALUERURAL_W32,steered,4.0,False,0.24496310736862434
VALUERURAL_W32,steered,6.0,False,0.3301147818970347
VALUERURAL_W32,steered,8.0,False,0.34822835568786986
VALUERURAL_W32,steered,10.0,False,0.40851119904958577
VALUERURAL_W32,steered,12.0,False,0.3402137843582739
VALUERURAL_W32,steered,14.0,False,0.27339581775295296
VALUERURAL_W32,steered,16.0,False,0.17359361919267538
VALUERURAL_W32,steered,18.0,False,0.04027860270321136
VALUERURAL_W32,steered,20.0,False,0.166243269719037
WHADVANT_W32,declared,,False,0.02884441115377666
WHADVANT_W32,steered,0.0,False,0.0
WHADVANT_W32,steered,2.0,False,0.1470700425046871
WHADVANT_W32,steered,4.0,False,0.34089744383300724
WHADVANT_W32,steered,6.0,False,0.5953687251395998
WHADVANT_W32,steered,8.0,False,0.7662161157948104
WHADVANT_W32,steered,10.0,False,0.8556945855047425
WHADVANT_W32,steered,12.0,False,0.9167168899741026
WHADVANT_W32,steered,14.0,False,0.9350638075596983
WHADVANT_W32,steered,16.0,False,0.8857983823522311
WHADVANT_W32,steered,18.0,False,0.6279751633691499
WHADVANT_W32,steered,20.0,False,0.5371225976323627
WHADVANT_W92,declared,,False,0.3175744481756765
WHADVANT_W92,steered,0.0,False,0.0
WHADVANT_W92,steered,2.0,False,0.41023753023891485
WHADVANT_W92,steered,4.0,False,0.6695271191407536
WHADVANT_W92,steered,6.0,False,0.8445642713453908
WHADVANT_W92,steered,8.0,False,0.8948303702930847
WHADVANT_W92,steered,10.0,False,0.9011677520669173
WHADVANT_W92,steered,12.0,False,0.9219296101867269
WHADVANT_W92,steered,14.0,False,0.9467864495567614
WHADVANT_W92,steered,16.0,False,0.9334523092911834
WHADVANT_W92,steered,18.0,False,0.8874547052490066
WHADVANT_W92,steered,20.0,False,0.7822497940758898
WHYNOTBIZF2A_W36,declared,,True,0.0002916899988903987
WHYNOTBIZF2A_W36,steered,0.0,True,0.0
WHYNOTBIZF2A_W36,steered,2.0,True,1.0559999253478836e-05
WHYNOTBIZF2A_W36,steered,4.0,True,4.167000022381462e-05
WHYNOTBIZF2A_W36,steered,6.0,True,7.194999948345604e-05
WHYNOTBIZF2A_W36,steered,8.0,True,0.00015553999374939842
WHYNOTBIZF2A_W36,steered,10.0,True,0.0003324499799080005
WHYNOTBIZF2A_W36,steered,12.0,True,0.0005490500608431592
WHYNOTBIZF2A_W36,steered,14.0,True,0.0011652900002954159
WHYNOTBIZF2A_W36,steered,16.0,True,0.0014910499704829938
WHYNOTBIZF2A_W36,steered,18.0,True,0.003151240062381655
WHYNOTBIZF2A_W36,steered,20.0,True,0.00509673953389056
WHYNOTBIZF2B_W36,declared,,True,9.999999273091476e-09
WHYNOTBIZF2B_W36,steered,0.0,True,0.0
WHYNOTBIZF2B_W36,steered,2.0,True,1.9999999323339068e-08
WHYNOTBIZF2B_W36,steered,4.0,True,2.9999998596430544e-08
WHYNOTBIZF2B_W36,steered,6.0,True,8.00000028444714e-08
WHYNOTBIZF2B_W36,steered,8.0,True,1.2999999732254963e-07
WHYNOTBIZF2B_W36,steered,10.0,True,3.7999998869775453e-07
WHYNOTBIZF2B_W36,steered,12.0,True,4.899999853646975e-07
WHYNOTBIZF2B_W36,steered,14.0,True,1.350000069511026e-06
WHYNOTBIZF2B_W36,steered,16.0,True,2.869999796706324e-06
WHYNOTBIZF2B_W36,steered,18.0,True,7.780000313428737e-06
WHYNOTBIZF2B_W36,steered,20.0,True,1.8100001177301372e-05
WHYNOTBIZF2D_W36,declared,,True,0.5546239777741022
WHYNOTBIZF2D_W36,steered,0.0,True,0.0
WHYNOTBIZF2D_W36,steered,2.0,True,0.12246425132578
WHYNOTBIZF2D_W36,steered,4.0,True,0.12247964112159526
WHYNOTBIZF2D_W36,steered,6.0,True,0.06219689313419079
WHYNOTBIZF2D_W36,steered,8.0,True,0.18471193188704635
WHYNOTBIZF2D_W36,steered,10.0,True,0.39991305977895486
WHYNOTBIZF2D_W36,steered,12.0,True,0.5840616107275124
WHYNOTBIZF2D_W36,steered,14.0,True,0.6420739439622687
WHYNOTBIZF2D_W36,steered,16.0,True,0.6085405924529669
WHYNOTBIZF2D_W36,steered,18.0,True,0.585991631222415
WHYNOTBIZF2D_W36,steered,20.0,True,0.4959957397988615
WHYNOTBIZF2F_W36,declared,,True,0.47080171171476215
WHYNOTBIZF2F_W36,steered,0.0,True,0.0
WHYNOTBIZF2F_W36,steered,2.0,True,0.06605408992581488
WHYNOTBIZF2F_W36,steered,4.0,True,0.08992916475023077
WHYNOTBIZF2F_W36,steered,6.0,True,0.15962433311818391
WHYNOTBIZF2F_W36,steered,8.0,True,0.17601917424497754
WHYNOTBIZF2F_W36,steered,10.0,True,0.1516035175801759
WHYNOTBIZF2F_W36,steered,12.0,True,0.09848286617152731
WHYNOTBIZF2F_W36,steered,14.0,True,0.3398545379729173
WHYNOTBIZF2F_W36,steered,16.0,True,0.4861796173094982
WHYNOTBIZF2F_W36,steered,18.0,True,0.6981986160360278
WHYNOTBIZF2F_W36,steered,20.0,True,0.807240819810589
WHYNOTBIZF2G_W36,declared,,True,1.1949999473848116e-05
WHYNOTBIZF2G_W36,steered,0.0,True,0.0
WHYNOTBIZF2G_W36,steered,2.0,True,3.2390000198501134e-05
WHYNOTBIZF2G_W36,steered,4.0,True,8.820999478631464e-05
WHYNOTBIZF2G_W36,steered,6.0,True,0.00019728998927592833
WHYNOTBIZF2G_W36,steered,8.0,True,0.0003316200033162131
WHYNOTBIZF2G_W36,steered,10.0,True,0.0005479900333584808
WHYNOTBIZF2G_W36,steered,12.0,True,0.0009049099997544552
WHYNOTBIZF2G_W36,steered,14.0,True,0.001159380047185632
WHYNOTBIZF2G_W36,steered,16.0,True,0.001902430057558857
WHYNOTBIZF2G_W36,steered,18.0,True,0.003974039884622416
WHYNOTBIZF2G_W36,steered,20.0,True,0.006205330043875912
WHYNOTBIZF2H_W36,declared,,True,4.600000026444562e-07
WHYNOTBIZF2H_W36,steered,0.0,True,0.0
WHYNOTBIZF2H_W36,steered,2.0,True,4.599999579024683e-07
WHYNOTBIZF2H_W36,steered,4.0,True,9.300000028966693e-07
WHYNOTBIZF2H_W36,steered,6.0,True,2.120000004213196e-06
WHYNOTBIZF2H_W36,steered,8.0,True,3.589999893693907e-06
WHYNOTBIZF2H_W36,steered,10.0,True,7.729999776162622e-06
WHYNOTBIZF2H_W36,steered,12.0,True,2.12300002060406e-05
WHYNOTBIZF2H_W36,steered,14.0,True,3.505000105452627e-05
WHYNOTBIZF2H_W36,steered,16.0,True,5.745999824302572e-05
WHYNOTBIZF2H_W36,steered,18.0,True,0.00011965999252205872
WHYNOTBIZF2H_W36,steered,20.0,True,0.0003110500023815188
WHYNOTBIZF2J_W36,declared,,True,2.0000006539788728e-08
WHYNOTBIZF2J_W36,steered,0.0,True,0.0
WHYNOTBIZF2J_W36,steered,2.0,True,9.999999606158383e-09
WHYNOTBIZF2J_W36,steered,4.0,True,5.0000003914973945e-08
WHYNOTBIZF2J_W36,steered,6.0,True,1.2999999732254963e-07
WHYNOTBIZF2J_W36,steered,8.0,True,2.900000160011018e-07
WHYNOTBIZF2J_W36,steered,10.0,True,6.199999682543478e-07
WHYNOTBIZF2J_W36,steered,12.0,True,1.32000008512545e-06
WHYNOTBIZF2J_W36,steered,14.0,True,3.6399998889491414e-06
WHYNOTBIZF2J_W36,steered,16.0,True,9.859999917538609e-06
WHYNOTBIZF2J_W36,steered,18.0,True,2.6469999703238045e-05
WHYNOTBIZF2J_W36,steered,20.0,True,6.788999918183602e-05
WHYNOTBIZF2M_W36,declared,,True,0.19515716364738367
WHYNOTBIZF2M_W36,steered,0.0,True,0.0
WHYNOTBIZF2M_W36,steered,2.0,True,0.1626134728945875
WHYNOTBIZF2M_W36,steered,4.0,True,0.29150906117252773
WHYNOTBIZF2M_W36,steered,6.0,True,0.35955461910060804
WHYNOTBIZF2M_W36,steered,8.0,True,0.5511888518278155
WHYNOTBIZF2M_W36,steered,10.0,True,0.5554827456886839
WHYNOTBIZF2M_W36,steered,12.0,True,0.6157651050990989
WHYNOTBIZF2M_W36,steered,14.0,True,0.6705998296246909
WHYNOTBIZF2M_W36,steered,16.0,True,0.6651147374482579
WHYNOTBIZF2M_W36,steered,18.0,True,0.6979954083989329
WHYNOTBIZF2M_W36,steered,20.0,True,0.6587964854029684
WHYNOTBIZF2N_W36,declared,,True,8.300000042815725e-07
WHYNOTBIZF2N_W36,steered,0.0,True,0.0
WHYNOTBIZF2N_W36,steered,2.0,True,1.4999999731202251e-07
WHYNOTBIZF2N_W36,steered,4.0,True,5.799999639455322e-07
WHYNOTBIZF2N_W36,steered,6.0,True,1.3000000786966837e-06
WHYNOTBIZF2N_W36,steered,8.0,True,2.8299998805492166e-06
WHYNOTBIZF2N_W36,steered,10.0,True,6.0500003665753255e-06
WHYNOTBIZF2N_W36,steered,12.0,True,2.128000044165912e-05
WHYNOTBIZF2N_W36,steered,14.0,True,3.501000177141833e-05
WHYNOTBIZF2N_W36,steered,16.0,True,7.348000066631499e-05
WHYNOTBIZF2N_W36,steered,18.0,True,0.00011859999905339258
WHYNOTBIZF2N_W36,steered,20.0,True,0.0003722699773062166
WHYNOTBIZF2O_W36,declared,,True,0.0
WHYNOTBIZF2O_W36,steered,0.0,True,0.0
WHYNOTBIZF2O_W36,steered,2.0,True,0.0
WHYNOTBIZF2O_W36,steered,4.0,True,9.999999828202988e-09
WHYNOTBIZF2O_W36,steered,6.0,True,9.999999828202988e-09
WHYNOTBIZF2O_W36,steered,8.0,True,1.9999999767428278e-08
WHYNOTBIZF2O_W36,steered,10.0,True,4.9999997586702705e-08
WHYNOTBIZF2O_W36,steered,12.0,True,9.000000267267438e-08
WHYNOTBIZF2O_W36,steered,14.0,True,3.000000159403271e-07
WHYNOTBIZF2O_W36,steered,16.0,True,6.299999607550788e-07
WHYNOTBIZF2O_W36,steered,18.0,True,1.940000063704872e-06
WHYNOTBIZF2O_W36,steered,20.0,True,4.519999808327846e-06
WHYNOTPOLF1A_W36,declared,,True,0.005983219746478086
WHYNOTPOLF1A_W36,steered,0.0,True,0.0
WHYNOTPOLF1A_W36,steered,2.0,True,0.00013089999841553457
WHYNOTPOLF1A_W36,steered,4.0,True,0.00032233999703668026
WHYNOTPOLF1A_W36,steered,6.0,True,0.0009049099542018935
WHYNOTPOLF1A_W36,steered,8.0,True,0.0014963900152991094
WHYNOTPOLF1A_W36,steered,10.0,True,0.003167890031918419
WHYNOTPOLF1A_W36,steered,12.0,True,0.005215339582437473
WHYNOTPOLF1A_W36,steered,14.0,True,0.008568540256787993
WHYNOTPOLF1A_W36,steered,16.0,True,0.014039328875638635
WHYNOTPOLF1A_W36,steered,18.0,True,0.0228812702288127
WHYNOTPOLF1A_W36,steered,20.0,True,0.059377236616624085
WHYNOTPOLF1B_W36,declared,,True,1.9999999767428278e-08
WHYNOTPOLF1B_W36,steered,0.0,True,0.0
WHYNOTPOLF1B_W36,steered,2.0,True,0.0
WHYNOTPOLF1B_W36,steered,4.0,True,1.9999999767428278e-08
WHYNOTPOLF1B_W36,steered,6.0,True,2.9999999151542056e-08
WHYNOTPOLF1B_W36,steered,8.0,True,4.9999997586702705e-08
WHYNOTPOLF1B_W36,steered,10.0,True,9.000000267267438e-08
WHYNOTPOLF1B_W36,steered,12.0,True,2.3000000048956082e-07
WHYNOTPOLF1B_W36,steered,14.0,True,4.4000001342414663e-07
WHYNOTPOLF1B_W36,steered,16.0,True,9.200000103959383e-07
WHYNOTPOLF1B_W36,steered,18.0,True,2.45999983838896e-06
WHYNOTPOLF1B_W36,steered,20.0,True,1.392999937388506e-05
WHYNOTPOLF1C_W36,declared,,True,2.1200000028809285e-06
WHYNOTPOLF1C_W36,steered,0.0,True,0.0
WHYNOTPOLF1C_W36,steered,2.0,True,5.0000003914973945e-08
WHYNOTPOLF1C_W36,steered,4.0,True,1.2999999732254963e-07
WHYNOTPOLF1C_W36,steered,6.0,True,3.000000157182825e-07
WHYNOTPOLF1C_W36,steered,8.0,True,6.399999675776868e-07
WHYNOTPOLF1C_W36,steered,10.0,True,1.35000008272268e-06
WHYNOTPOLF1C_W36,steered,12.0,True,3.6999998904718723e-06
WHYNOTPOLF1C_W36,steered,14.0,True,6.07000036279004e-06
WHYNOTPOLF1C_W36,steered,16.0,True,1.276999974464399e-05
WHYNOTPOLF1C_W36,steered,18.0,True,2.659999993426254e-05
WHYNOTPOLF1C_W36,steered,20.0,True,7.692000617343098e-05
WHYNOTPOLF1E_W36,declared,,True,0.03437836055445753
WHYNOTPOLF1E_W36,steered,0.0,True,0.0
WHYNOTPOLF1E_W36,steered,2.0,True,0.00010668999893304054
WHYNOTPOLF1E_W36,steered,4.0,True,0.00025330001582923867
WHYNOTPOLF1E_W36,steered,6.0,True,0.0005490500277882671
WHYNOTPOLF1E_W36,steered,8.0,True,0.001498280030226673
WHYNOTPOLF1E_W36,steered,10.0,True,0.003169780063540628
WHYNOTPOLF1E_W36,steered,12.0,True,0.005216839634360704
WHYNOTPOLF1E_W36,steered,14.0,True,0.010981519780369542
WHYNOTPOLF1E_W36,steered,16.0,True,0.01796729035972422
WHYNOTPOLF1E_W36,steered,18.0,True,0.029246180293122315
WHYNOTPOLF1E_W36,steered,20.0,True,0.05937742007092306
WHYNOTPOLF1G_W36,declared,,True,0.009408749930850502
WHYNOTPOLF1G_W36,steered,0.0,True,0.0
WHYNOTPOLF1G_W36,steered,2.0,True,0.002568959822182637
WHYNOTPOLF1G_W36,steered,4.0,True,0.010434159758149875
WHYNOTPOLF1G_W36,steered,6.0,True,0.013802439570255398
WHYNOTPOLF1G_W36,steered,8.0,True,0.0371684414899065
WHYNOTPOLF1G_W36,steered,10.0,True,0.04726742952574137
WHYNOTPOLF1G_W36,steered,12.0,True,0.0599282106056197
WHYNOTPOLF1G_W36,steered,14.0,True,0.09516993096606174
WHYNOTPOLF1G_W36,steered,16.0,True,0.11886758237735173
WHYNOTPOLF1G_W36,steered,18.0,True,0.14713626303381722
WHYNOTPOLF1G_W36,steered,20.0,True,0.17836073096002025
WHYNOTPOLF1I_W36,declared,,True,0.2733954307380121
WHYNOTPOLF1I_W36,steered,0.0,True,0.0
WHYNOTPOLF1I_W36,steered,2.0,True,0.08187602603236799
WHYNOTPOLF1I_W36,steered,4.0,True,0.20471392710938496
WHYNOTPOLF1I_W36,steered,6.0,True,0.30983435026549233
WHYNOTPOLF1I_W36,steered,8.0,True,0.4337533099592987
WHYNOTPOLF1I_W36,steered,10.0,True,0.495929840081402
WHYNOTPOLF1I_W36,steered,12.0,True,0.4975273800741768
WHYNOTPOLF1I_W36,steered,14.0,True,0.49593033008138737
WHYNOTPOLF1I_W36,steered,16.0,True,0.5554871920188122
WHYNOTPOLF1I_W36,steered,18.0,True,0.5419155541357946
WHYNOTPOLF1I_W36,steered,20.0,True,0.5565501591456864
WHYNOTPOLF1J_W36,declared,,True,8.30000000062725e-07
WHYNOTPOLF1J_W36,steered,0.0,True,0.0
WHYNOTPOLF1J_W36,steered,2.0,True,2.4000001208612787e-07
WHYNOTPOLF1J_W36,steered,4.0,True,5.999999702632763e-07
WHYNOTPOLF1J_W36,steered,6.0,True,2.2100000028890676e-06
WHYNOTPOLF1J_W36,steered,8.0,True,6.090000371217208e-06
WHYNOTPOLF1J_W36,steered,10.0,True,1.2939999737060504e-05
WHYNOTPOLF1J_W36,steered,12.0,True,3.5250001771292006e-05
WHYNOTPOLF1J_W36,steered,14.0,True,5.8050000002363156e-05
WHYNOTPOLF1J_W36,steered,16.0,True,0.00012255999877430757
WHYNOTPOLF1J_W36,steered,18.0,True,0.00033205999329299907
WHYNOTPOLF1J_W36,steered,20.0,True,0.0008896099440505179
WHYNOTPOLF1K_W36,declared,,True,0.267771926194966
WHYNOTPOLF1K_W36,steered,0.0,True,0.0
WHYNOTPOLF1K_W36,steered,2.0,True,3.9002125288080763e-07
WHYNOTPOLF1K_W36,steered,4.0,True,5.000565977858432e-07
WHYNOTPOLF1K_W36,steered,6.0,True,0.00035941004960017705
WHYNOTPOLF1K_W36,steered,8.0,True,0.001074259989257369
WHYNOTPOLF1K_W36,steered,10.0,True,0.0021404101024968987
WHYNOTPOLF1K_W36,steered,12.0,True,0.005021600269649609
WHYNOTPOLF1K_W36,steered,14.0,True,0.013863089861369304
WHYNOTPOLF1K_W36,steered,16.0,True,0.04726772762818558
WHYNOTPOLF1K_W36,steered,18.0,True,0.11908624834563956
WHYNOTPOLF1K_W36,steered,20.0,True,0.26886079000068575
WHYNOTPOLF1L_W36,declared,,True,2.8000001639494343e-07
WHYNOTPOLF1L_W36,steered,0.0,True,0.0
WHYNOTPOLF1L_W36,steered,2.0,True,1.9999999323339068e-08
WHYNOTPOLF1L_W36,steered,4.0,True,6.000000385419924e-08
WHYNOTPOLF1L_W36,steered,6.0,True,1.0000000127963204e-07
WHYNOTPOLF1L_W36,steered,8.0,True,3.000000157182825e-07
WHYNOTPOLF1L_W36,steered,10.0,True,6.399999675776868e-07
WHYNOTPOLF1L_W36,steered,12.0,True,1.3600000825508829e-06
WHYNOTPOLF1L_W36,steered,14.0,True,2.8699998839698537e-06
WHYNOTPOLF1L_W36,steered,16.0,True,4.719999897151439e-06
WHYNOTPOLF1L_W36,steered,18.0,True,1.2699999724308242e-05
WHYNOTPOLF1L_W36,steered,20.0,True,3.360000143193265e-05
WILLMOVE_W32,declared,,False,4.760000452595714e-06
WILLMOVE_W32,steered,0.0,False,0.0
WILLMOVE_W32,steered,2.0,False,5.6299997457886304e-05
WILLMOVE_W32,steered,4.0,False,0.00025961999795484116
WILLMOVE_W32,steered,6.0,False,0.00036552999634476035
WILLMOVE_W32,steered,8.0,False,0.0006422599997115594
WILLMOVE_W32,steered,10.0,False,0.0014275400051069044
WILLMOVE_W32,steered,12.0,False,0.0039096000069897665
WILLMOVE_W32,steered,14.0,False,0.008116749809289014
WILLMOVE_W32,steered,16.0,False,0.019466421145354997
WILLMOVE_W32,steered,18.0,False,0.038183690823846254
WILLMOVE_W32,steered,20.0,False,0.1340615253301249
WMNPRZ1_W36,declared,,True,0.0004133500470043826
WMNPRZ1_W36,steered,0.0,True,0.0
WMNPRZ1_W36,steered,2.0,True,9.208438417739745e-07
WMNPRZ1_W36,steered,4.0,True,0.01133125887405349
WMNPRZ1_W36,steered,6.0,True,0.04212564024139175
WMNPRZ1_W36,steered,8.0,True,0.05298212692562393
WMNPRZ1_W36,steered,10.0,True,0.10547691091412902
WMNPRZ1_W36,steered,12.0,True,0.09630098398777903
WMNPRZ1_W36,steered,14.0,True,0.06139606666244667
WMNPRZ1_W36,steered,16.0,True,0.029537991650140528
WMNPRZ1_W36,steered,18.0,True,0.014492631371496952
WMNPRZ1_W36,steered,20.0,True,0.005427090039801231
WORRY2a_W54,declared,,False,0.20192289285141365
WORRY2a_W54,steered,0.0,False,0.0
WORRY2a_W54,steered,2.0,False,7.418997240119852e-05
WORRY2a_W54,steered,4.0,False,0.0004137599236928011
WORRY2a_W54,steered,6.0,False,0.0016656100578013016
WORRY2a_W54,steered,8.0,False,0.004789730152298705
WORRY2a_W54,steered,10.0,False,0.01351145097892757
WORRY2a_W54,steered,12.0,False,0.04651643186974918
WORRY2a_W54,steered,14.0,False,0.09403077381395855
WORRY2a_W54,steered,16.0,False,0.18026955251315863
WORRY2a_W54,steered,18.0,False,0.2654966903101236
WORRY2a_W54,steered,20.0,False,0.371883039887018
WORRY2b_W54,declared,,False,0.003099279613258942
WORRY2b_W54,steered,0.0,False,0.0
WORRY2b_W54,steered,2.0,False,0.0007915300054612987
WORRY2b_W54,steered,4.0,False,0.0017629800815099955
WORRY2b_W54,steered,6.0,False,0.010434399961292098
WORRY2b_W54,steered,8.0,False,0.022547229123964833
WORRY2b_W54,steered,10.0,False,0.07530638923586151
WORRY2b_W54,steered,12.0,False,0.22178974104851362
WORRY2b_W54,steered,14.0,False,0.49849821000013833
WORRY2b_W54,steered,16.0,False,0.7264522195645046
WORRY2b_W54,steered,18.0,False,0.8379191537345365
WORRY2b_W54,steered,20.0,False,0.8480222038136184
WORRY2c_W54,declared,,False,0.11874363768096136
WORRY2c_W54,steered,0.0,False,0.0
WORRY2c_W54,steered,2.0,False,8.166002891580202e-05
WORRY2c_W54,steered,4.0,False,0.00029163000935870015
WORRY2c_W54,steered,6.0,False,0.0006499099596706022
WORRY2c_W54,steered,8.0,False,0.0027422399795871966
WORRY2c_W54,steered,10.0,False,0.010183288909348009
WORRY2c_W54,steered,12.0,False,0.03615858924178282
WORRY2c_W54,steered,14.0,False,0.11702483787726821
WORRY2c_W54,steered,16.0,False,0.3162354164536022
WORRY2c_W54,steered,18.0,False,0.4303704135071252
WORRY2c_W54,steered,20.0,False,0.5493360869050424
WORRY2d_W54,declared,,False,0.8150459609036672
WORRY2d_W54,steered,0.0,False,0.0
WORRY2d_W54,steered,2.0,False,0.1468439723248975
WORRY2d_W54,steered,4.0,False,0.19339567668149482
WORRY2d_W54,steered,6.0,False,0.16444723218443735
WORRY2d_W54,steered,8.0,False,0.16652130531322462
WORRY2d_W54,steered,10.0,False,0.12509255013120024
WORRY2d_W54,steered,12.0,False,0.09001646360065857
WORRY2d_W54,steered,14.0,False,0.05961946404522312
WORRY2d_W54,steered,16.0,False,0.014461554189430712
WORRY2d_W54,steered,18.0,False,0.03250276333797694
WORRY2d_W54,steered,20.0,False,0.05537714936057979
WORRY2e_W54,declared,,False,0.664237514557792
WORRY2e_W54,steered,0.0,False,0.0
WORRY2e_W54,steered,2.0,False,0.16889864879514305
WORRY2e_W54,steered,4.0,False,0.24138457191808058
WORRY2e_W54,steered,6.0,False,0.1225332250020487
WORRY2e_W54,steered,8.0,False,0.027909886416825444
WORRY2e_W54,steered,10.0,False,0.1848153503780807
WORRY2e_W54,steered,12.0,False,0.3523268559467688
WORRY2e_W54,steered,14.0,False,0.47447523133571395
WORRY2e_W54,steered,16.0,False,0.5578394842747025
WORRY2e_W54,steered,18.0,False,0.5876770985241321
WORRY2e_W54,steered,20.0,False,0.5729362754632213
WORRYBILL_W29,declared,,False,0.849516122984878
WORRYBILL_W29,steered,0.0,False,0.0
WORRYBILL_W29,steered,2.0,False,0.00011305000409859964
WORRYBILL_W29,steered,4.0,False,0.0006249000261642008
WORRYBILL_W29,steered,6.0,False,0.001542460030456799
WORRYBILL_W29,steered,8.0,False,0.005531519693074415
WORRYBILL_W29,steered,10.0,False,0.012138420543282324
WORRYBILL_W29,steered,12.0,False,0.023273952661086523
WORRYBILL_W29,steered,14.0,False,0.04436091335763117
WORRYBILL_W29,steered,16.0,False,0.42427685828171957
WORRYBILL_W29,steered,18.0,False,0.673821686532027
WORRYBILL_W29,steered,20.0,False,0.5961180434559656
WORRYB_W26,declared,,False,0.45793224799926335
WORRYB_W26,steered,0.0,False,0.0
WORRYB_W26,steered,2.0,False,0.004374589956254098
WORRYB_W26,steered,4.0,False,0.006520200141112104
WORRYB_W26,steered,6.0,False,0.016349738444961934
WORRYB_W26,steered,8.0,False,0.028880093052190466
WORRYB_W26,steered,10.0,False,0.06514355912863741
WORRYB_W26,steered,12.0,False,0.16271772393106868
WORRYB_W26,steered,14.0,False,0.33099530919096604
WORRYB_W26,steered,16.0,False,0.6045871037677042
WORRYB_W26,steered,18.0,False,0.7864350662331556
WORRYB_W26,steered,20.0,False,0.8517825812352385
WORRYD_W26,declared,,False,0.00013832001328040094
WORRYD_W26,steered,0.0,False,0.0
WORRYD_W26,steered,2.0,False,2.799999441999929e-07
WORRYD_W26,steered,4.0,False,2.129999531600002e-06
WORRYD_W26,steered,6.0,False,1.9200008517999863e-06
WORRYD_W26,steered,8.0,False,7.780001605000107e-06
WORRYD_W26,steered,10.0,False,6.9000007950000775e-06
WORRYD_W26,steered,12.0,False,4.8540002245499935e-05
WORRYD_W26,steered,14.0,False,0.00012223000983330008
WORRYD_W26,steered,16.0,False,0.0007413501105865024
WORRYD_W26,steered,18.0,False,0.0090943199828514
WORRYD_W26,steered,20.0,False,0.037140321077388606
WORRYE_W26,declared,,False,0.00032313000969390034
WORRYE_W26,steered,0.0,False,0.0
WORRYE_W26,steered,2.0,False,3.6600008261999768e-06
WORRYE_W26,steered,4.0,False,8.859998975399997e-06
WORRYE_W26,steered,6.0,False,6.849992078499321e-06
WORRYE_W26,steered,8.0,False,5.259999304299942e-06
WORRYE_W26,steered,10.0,False,0.00010556995154320491
WORRYE_W26,steered,12.0,False,0.0005795000622960958
WORRYE_W26,steered,14.0,False,0.005546800452464499
WORRYE_W26,steered,16.0,False,0.038246628470134866
WORRYE_W26,steered,18.0,False,0.16293028574001295
WORRYE_W26,steered,20.0,False,0.38523829708147694
WORRYF_W26,declared,,False,0.0021434096787254116
WORRYF_W26,steered,0.0,False,0.0
WORRYF_W26,steered,2.0,False,2.2000021539999786e-07
WORRYF_W26,steered,4.0,False,4.180000530000044e-06
WORRYF_W26,steered,6.0,False,1.8879998688400068e-05
WORRYF_W26,steered,8.0,False,6.0900002491700066e-05
WORRYF_W26,steered,10.0,False,0.0002645500051229
WORRYF_W26,steered,12.0,False,0.0010322301450909998
WORRYF_W26,steered,14.0,False,0.009145540385128716
WORRYF_W26,steered,16.0,False,0.040948738362050464
WORRYF_W26,steered,18.0,False,0.16894436310048486
WORRYF_W26,steered,20.0,False,0.4825763983931473
