qkey,attribute,channel,magnitude,regime,model_class,human_attribute,human_group,own_human_group,is_own_group,wasserstein,available_groups,expected_groups
CARRYGUN_W26,socioeco,inferred,,Inferred from occupation,low,INCOME,"Less than $30,000","Less than $30,000",True,0.9137270320000017,2,2
CARRYGUN_W26,socioeco,inferred,,Inferred from occupation,low,INCOME,"$100,000 or more","Less than $30,000",False,1.2018204920000017,2,2
CARRYGUN_W26,socioeco,inferred,,Inferred from occupation,high,INCOME,"Less than $30,000","$100,000 or more",False,0.9137272280000002,2,2
CARRYGUN_W26,socioeco,inferred,,Inferred from occupation,high,INCOME,"$100,000 or more","$100,000 or more",True,1.2018206880000002,2,2
GROWUPGUN2A_W26,socioeco,inferred,,Inferred from occupation,low,INCOME,"Less than $30,000","Less than $30,000",True,0.2867664488714943,2,2
GROWUPGUN2A_W26,socioeco,inferred,,Inferred from occupation,low,INCOME,"$100,000 or more","Less than $30,000",False,0.3844603588714943,2,2
GROWUPGUN2A_W26,socioeco,inferred,,Inferred from occupation,high,INCOME,"Less than $30,000","$100,000 or more",False,0.34865339800290107,2,2
GROWUPGUN2A_W26,socioeco,inferred,,Inferred from occupation,high,INCOME,"$100,000 or more","$100,000 or more",True,0.4463473080029011,2,2
GROWUPGUN2B_W26,socioeco,inferred,,Inferred from occupation,low,INCOME,"Less than $30,000","Less than $30,000",True,0.3471952960015312,2,2
GROWUPGUN2B_W26,socioeco,inferred,,Inferred from occupation,low,INCOME,"$100,000 or more","Less than $30,000",False,0.3555860660015312,2,2
GROWUPGUN2B_W26,socioeco,inferred,,Inferred from occupation,high,INCOME,"Less than $30,000","$100,000 or more",False,0.34726425400001026,2,2
GROWUPGUN2B_W26,socioeco,inferred,,Inferred from occupation,high,INCOME,"$100,000 or more","$100,000 or more",True,0.35565502400001026,2,2
GROWUPGUN2C_W26,socioeco,inferred,,Inferred from occupation,low,INCOME,"Less than $30,000","Less than $30,000",True,0.09983105540402881,2,2
GROWUPGUN2C_W26,socioeco,inferred,,Inferred from occupation,low,INCOME,"$100,000 or more","Less than $30,000",False,0.08024748540402882,2,2
GROWUPGUN2C_W26,socioeco,inferred,,Inferred from occupation,high,INCOME,"Less than $30,000","$100,000 or more",False,0.48076832370877587,2,2
GROWUPGUN2C_W26,socioeco,inferred,,Inferred from occupation,high,INCOME,"$100,000 or more","$100,000 or more",True,0.5003518937087759,2,2
GROWUPGUN4_W26,socioeco,inferred,,Inferred from occupation,low,INCOME,"Less than $30,000","Less than $30,000",True,0.2474282932420225,2,2
GROWUPGUN4_W26,socioeco,inferred,,Inferred from occupation,low,INCOME,"$100,000 or more","Less than $30,000",False,0.23448863324202246,2,2
GROWUPGUN4_W26,socioeco,inferred,,Inferred from occupation,high,INCOME,"Less than $30,000","$100,000 or more",False,0.300873005554779,2,2
GROWUPGUN4_W26,socioeco,inferred,,Inferred from occupation,high,INCOME,"$100,000 or more","$100,000 or more",True,0.3045233855547791,2,2
GROWUPGUN6_W26,socioeco,inferred,,Inferred from occupation,low,INCOME,"Less than $30,000","Less than $30,000",True,0.7624028859999363,2,2
GROWUPGUN6_W26,socioeco,inferred,,Inferred from occupation,low,INCOME,"$100,000 or more","Less than $30,000",False,0.8097934240980298,2,2
GROWUPGUN6_W26,socioeco,inferred,,Inferred from occupation,high,INCOME,"Less than $30,000","$100,000 or more",False,0.7624168359999882,2,2
GROWUPGUN6_W26,socioeco,inferred,,Inferred from occupation,high,INCOME,"$100,000 or more","$100,000 or more",True,0.8098073740980816,2,2
GROWUPGUN7_W26,socioeco,inferred,,Inferred from occupation,low,INCOME,"Less than $30,000","Less than $30,000",True,1.014729160000079,2,2
GROWUPGUN7_W26,socioeco,inferred,,Inferred from occupation,low,INCOME,"$100,000 or more","Less than $30,000",False,1.189691988103133,2,2
GROWUPGUN7_W26,socioeco,inferred,,Inferred from occupation,high,INCOME,"Less than $30,000","$100,000 or more",False,1.0147314820000062,2,2
GROWUPGUN7_W26,socioeco,inferred,,Inferred from occupation,high,INCOME,"$100,000 or more","$100,000 or more",True,1.1896943101030601,2,2
GROWUPVIOL_W26,socioeco,inferred,,Inferred from occupation,low,INCOME,"Less than $30,000","Less than $30,000",True,0.612479538166145,2,2
GROWUPVIOL_W26,socioeco,inferred,,Inferred from occupation,low,INCOME,"$100,000 or more","Less than $30,000",False,0.563143488166145,2,2
GROWUPVIOL_W26,socioeco,inferred,,Inferred from occupation,high,INCOME,"Less than $30,000","$100,000 or more",False,0.4788035419999999,2,2
GROWUPVIOL_W26,socioeco,inferred,,Inferred from occupation,high,INCOME,"$100,000 or more","$100,000 or more",True,0.44507146,2,2
GUNACCESS_W26,socioeco,inferred,,Inferred from occupation,low,INCOME,"Less than $30,000","Less than $30,000",True,1.4902845749028457,2,2
GUNACCESS_W26,socioeco,inferred,,Inferred from occupation,low,INCOME,"$100,000 or more","Less than $30,000",False,1.7367855526321443,2,2
GUNACCESS_W26,socioeco,inferred,,Inferred from occupation,high,INCOME,"Less than $30,000","$100,000 or more",False,1.490284568902846,2,2
GUNACCESS_W26,socioeco,inferred,,Inferred from occupation,high,INCOME,"$100,000 or more","$100,000 or more",True,1.7367855466321447,2,2
GUNACTIVITYA_W26,socioeco,inferred,,Inferred from occupation,low,INCOME,"Less than $30,000","Less than $30,000",True,0.2357864844379787,2,2
GUNACTIVITYA_W26,socioeco,inferred,,Inferred from occupation,low,INCOME,"$100,000 or more","Less than $30,000",False,0.21905030005758208,2,2
GUNACTIVITYA_W26,socioeco,inferred,,Inferred from occupation,high,INCOME,"Less than $30,000","$100,000 or more",False,0.17971704675058803,2,2
GUNACTIVITYA_W26,socioeco,inferred,,Inferred from occupation,high,INCOME,"$100,000 or more","$100,000 or more",True,0.1629808623701914,2,2
GUNACTIVITYB_W26,socioeco,inferred,,Inferred from occupation,low,INCOME,"Less than $30,000","Less than $30,000",True,0.7659932964310227,2,2
GUNACTIVITYB_W26,socioeco,inferred,,Inferred from occupation,low,INCOME,"$100,000 or more","Less than $30,000",False,0.5278226254545587,2,2
GUNACTIVITYB_W26,socioeco,inferred,,Inferred from occupation,high,INCOME,"Less than $30,000","$100,000 or more",False,0.8954207949487326,2,2
GUNACTIVITYB_W26,socioeco,inferred,,Inferred from occupation,high,INCOME,"$100,000 or more","$100,000 or more",True,0.6572501239722687,2,2
GUNCONTRIBA_W26,socioeco,inferred,,Inferred from occupation,low,INCOME,"Less than $30,000","Less than $30,000",True,1.210599769887326,2,2
GUNCONTRIBA_W26,socioeco,inferred,,Inferred from occupation,low,INCOME,"$100,000 or more","Less than $30,000",False,1.261551082010015,2,2
GUNCONTRIBA_W26,socioeco,inferred,,Inferred from occupation,high,INCOME,"Less than $30,000","$100,000 or more",False,1.2107516379258636,2,2
GUNCONTRIBA_W26,socioeco,inferred,,Inferred from occupation,high,INCOME,"$100,000 or more","$100,000 or more",True,1.2617029500485524,2,2
GUNCONTRIBC_W26,socioeco,inferred,,Inferred from occupation,low,INCOME,"Less than $30,000","Less than $30,000",True,0.6311451605854392,2,2
GUNCONTRIBC_W26,socioeco,inferred,,Inferred from occupation,low,INCOME,"$100,000 or more","Less than $30,000",False,0.5218318081613588,2,2
GUNCONTRIBC_W26,socioeco,inferred,,Inferred from occupation,high,INCOME,"Less than $30,000","$100,000 or more",False,0.679961088950839,2,2
GUNCONTRIBC_W26,socioeco,inferred,,Inferred from occupation,high,INCOME,"$100,000 or more","$100,000 or more",True,0.42822624675768195,2,2
GUNCONTRIBE_W26,socioeco,inferred,,Inferred from occupation,low,INCOME,"Less than $30,000","Less than $30,000",True,1.1102908500004478,2,2
GUNCONTRIBE_W26,socioeco,inferred,,Inferred from occupation,low,INCOME,"$100,000 or more","Less than $30,000",False,0.8693891100004477,2,2
GUNCONTRIBE_W26,socioeco,inferred,,Inferred from occupation,high,INCOME,"Less than $30,000","$100,000 or more",False,1.1103239260003204,2,2
GUNCONTRIBE_W26,socioeco,inferred,,Inferred from occupation,high,INCOME,"$100,000 or more","$100,000 or more",True,0.8694221860003203,2,2
GUNCONTRIBF_W26,socioeco,inferred,,Inferred from occupation,low,INCOME,"Less than $30,000","Less than $30,000",True,0.5897581659073925,2,2
GUNCONTRIBF_W26,socioeco,inferred,,Inferred from occupation,low,INCOME,"$100,000 or more","Less than $30,000",False,0.5234086905575462,2,2
GUNCONTRIBF_W26,socioeco,inferred,,Inferred from occupation,high,INCOME,"Less than $30,000","$100,000 or more",False,0.5359434062998417,2,2
GUNCONTRIBF_W26,socioeco,inferred,,Inferred from occupation,high,INCOME,"$100,000 or more","$100,000 or more",True,0.46959393094999535,2,2
GUNFRIEND_W26,socioeco,inferred,,Inferred from occupation,low,INCOME,"Less than $30,000","Less than $30,000",True,1.4737991365242578,2,2
GUNFRIEND_W26,socioeco,inferred,,Inferred from occupation,low,INCOME,"$100,000 or more","Less than $30,000",False,1.469777795233954,2,2
GUNFRIEND_W26,socioeco,inferred,,Inferred from occupation,high,INCOME,"Less than $30,000","$100,000 or more",False,1.867342385341085,2,2
GUNFRIEND_W26,socioeco,inferred,,Inferred from occupation,high,INCOME,"$100,000 or more","$100,000 or more",True,1.8633210440507812,2,2
GUNIDENTITY_W26,socioeco,inferred,,Inferred from occupation,low,INCOME,"Less than $30,000","Less than $30,000",True,1.6367477500005512,2,2
GUNIDENTITY_W26,socioeco,inferred,,Inferred from occupation,low,INCOME,"$100,000 or more","Less than $30,000",False,1.4873243400005511,2,2
GUNIDENTITY_W26,socioeco,inferred,,Inferred from occupation,high,INCOME,"Less than $30,000","$100,000 or more",False,1.6000573860736562,2,2
GUNIDENTITY_W26,socioeco,inferred,,Inferred from occupation,high,INCOME,"$100,000 or more","$100,000 or more",True,1.4506339760736564,2,2
GUNLOADED1_W26,socioeco,inferred,,Inferred from occupation,low,INCOME,"Less than $30,000","Less than $30,000",True,0.2043960651492071,2,2
GUNLOADED1_W26,socioeco,inferred,,Inferred from occupation,low,INCOME,"$100,000 or more","Less than $30,000",False,0.1724190251492071,2,2
GUNLOADED1_W26,socioeco,inferred,,Inferred from occupation,high,INCOME,"Less than $30,000","$100,000 or more",False,0.13375453396830347,2,2
GUNLOADED1_W26,socioeco,inferred,,Inferred from occupation,high,INCOME,"$100,000 or more","$100,000 or more",True,0.14477219003192818,2,2
GUNLOADED2_W26,socioeco,inferred,,Inferred from occupation,low,INCOME,"Less than $30,000","Less than $30,000",True,0.40872681199954963,2,2
GUNLOADED2_W26,socioeco,inferred,,Inferred from occupation,low,INCOME,"$100,000 or more","Less than $30,000",False,0.26862911199954964,2,2
GUNLOADED2_W26,socioeco,inferred,,Inferred from occupation,high,INCOME,"Less than $30,000","$100,000 or more",False,0.40874065400020115,2,2
GUNLOADED2_W26,socioeco,inferred,,Inferred from occupation,high,INCOME,"$100,000 or more","$100,000 or more",True,0.26864295400020116,2,2
GUNLOCKED1_W26,socioeco,inferred,,Inferred from occupation,low,INCOME,"Less than $30,000","Less than $30,000",True,0.4362998839412697,2,2
GUNLOCKED1_W26,socioeco,inferred,,Inferred from occupation,low,INCOME,"$100,000 or more","Less than $30,000",False,0.43042612394126967,2,2
GUNLOCKED1_W26,socioeco,inferred,,Inferred from occupation,high,INCOME,"Less than $30,000","$100,000 or more",False,0.7524480803865305,2,2
GUNLOCKED1_W26,socioeco,inferred,,Inferred from occupation,high,INCOME,"$100,000 or more","$100,000 or more",True,0.7465743203865306,2,2
GUNLOCKED2_W26,socioeco,inferred,,Inferred from occupation,low,INCOME,"Less than $30,000","Less than $30,000",True,0.6361660740000368,2,2
GUNLOCKED2_W26,socioeco,inferred,,Inferred from occupation,low,INCOME,"$100,000 or more","Less than $30,000",False,0.49966813400003673,2,2
GUNLOCKED2_W26,socioeco,inferred,,Inferred from occupation,high,INCOME,"Less than $30,000","$100,000 or more",False,0.6361648640000492,2,2
GUNLOCKED2_W26,socioeco,inferred,,Inferred from occupation,high,INCOME,"$100,000 or more","$100,000 or more",True,0.4996669240000492,2,2
GUNRESPKIDSD_W26,socioeco,inferred,,Inferred from occupation,low,INCOME,"Less than $30,000","Less than $30,000",True,1.366162931794217,2,2
GUNRESPKIDSD_W26,socioeco,inferred,,Inferred from occupation,low,INCOME,"$100,000 or more","Less than $30,000",False,1.6806946446442999,2,2
GUNRESPKIDSD_W26,socioeco,inferred,,Inferred from occupation,high,INCOME,"Less than $30,000","$100,000 or more",False,1.4003141900011666,2,2
GUNRESPKIDSD_W26,socioeco,inferred,,Inferred from occupation,high,INCOME,"$100,000 or more","$100,000 or more",True,1.7148459028512493,2,2
GUNRESPKIDSE_W26,socioeco,inferred,,Inferred from occupation,low,INCOME,"Less than $30,000","Less than $30,000",True,0.7810982100009605,2,2
GUNRESPKIDSE_W26,socioeco,inferred,,Inferred from occupation,low,INCOME,"$100,000 or more","Less than $30,000",False,1.0189973101925345,2,2
GUNRESPKIDSE_W26,socioeco,inferred,,Inferred from occupation,high,INCOME,"Less than $30,000","$100,000 or more",False,0.7812546640001232,2,2
GUNRESPKIDSE_W26,socioeco,inferred,,Inferred from occupation,high,INCOME,"$100,000 or more","$100,000 or more",True,1.0191537641916972,2,2
GUNRESPNOKIDSA_W26,socioeco,inferred,,Inferred from occupation,low,INCOME,"Less than $30,000","Less than $30,000",True,0.5517628420000313,2,2
GUNRESPNOKIDSA_W26,socioeco,inferred,,Inferred from occupation,low,INCOME,"$100,000 or more","Less than $30,000",False,0.5419175974192463,2,2
GUNRESPNOKIDSA_W26,socioeco,inferred,,Inferred from occupation,high,INCOME,"Less than $30,000","$100,000 or more",False,0.55176613199999,2,2
GUNRESPNOKIDSA_W26,socioeco,inferred,,Inferred from occupation,high,INCOME,"$100,000 or more","$100,000 or more",True,0.541920887419205,2,2
GUNRESPNOKIDSB_W26,socioeco,inferred,,Inferred from occupation,low,INCOME,"Less than $30,000","Less than $30,000",True,0.35457216992246576,2,2
GUNRESPNOKIDSB_W26,socioeco,inferred,,Inferred from occupation,low,INCOME,"$100,000 or more","Less than $30,000",False,0.3218037695947814,2,2
GUNRESPNOKIDSB_W26,socioeco,inferred,,Inferred from occupation,high,INCOME,"Less than $30,000","$100,000 or more",False,0.7094307175297758,2,2
GUNRESPNOKIDSB_W26,socioeco,inferred,,Inferred from occupation,high,INCOME,"$100,000 or more","$100,000 or more",True,0.6766623172020915,2,2
GUNRESPNOKIDSC_W26,socioeco,inferred,,Inferred from occupation,low,INCOME,"Less than $30,000","Less than $30,000",True,0.45212036852897275,2,2
GUNRESPNOKIDSC_W26,socioeco,inferred,,Inferred from occupation,low,INCOME,"$100,000 or more","Less than $30,000",False,0.3146007071537763,2,2
GUNRESPNOKIDSC_W26,socioeco,inferred,,Inferred from occupation,high,INCOME,"Less than $30,000","$100,000 or more",False,0.4524302285244681,2,2
GUNRESPNOKIDSC_W26,socioeco,inferred,,Inferred from occupation,high,INCOME,"$100,000 or more","$100,000 or more",True,0.3149105671492719,2,2
GUNRESPNOKIDSD_W26,socioeco,inferred,,Inferred from occupation,low,INCOME,"Less than $30,000","Less than $30,000",True,0.9290332997186993,2,2
GUNRESPNOKIDSD_W26,socioeco,inferred,,Inferred from occupation,low,INCOME,"$100,000 or more","Less than $30,000",False,1.0779189797186994,2,2
GUNRESPNOKIDSD_W26,socioeco,inferred,,Inferred from occupation,high,INCOME,"Less than $30,000","$100,000 or more",False,1.4423579629171939,2,2
GUNRESPNOKIDSD_W26,socioeco,inferred,,Inferred from occupation,high,INCOME,"$100,000 or more","$100,000 or more",True,1.5912436429171937,2,2
GUNRESPNOKIDSE_W26,socioeco,inferred,,Inferred from occupation,low,INCOME,"Less than $30,000","Less than $30,000",True,0.8919273825222049,2,2
GUNRESPNOKIDSE_W26,socioeco,inferred,,Inferred from occupation,low,INCOME,"$100,000 or more","Less than $30,000",False,0.6623792325222048,2,2
GUNRESPNOKIDSE_W26,socioeco,inferred,,Inferred from occupation,high,INCOME,"Less than $30,000","$100,000 or more",False,1.0209415300122962,2,2
GUNRESPNOKIDSE_W26,socioeco,inferred,,Inferred from occupation,high,INCOME,"$100,000 or more","$100,000 or more",True,0.791393380012296,2,2
GUNRESPNOKIDSF_W26,socioeco,inferred,,Inferred from occupation,low,INCOME,"Less than $30,000","Less than $30,000",True,0.8179414678193905,2,2
GUNRESPNOKIDSF_W26,socioeco,inferred,,Inferred from occupation,low,INCOME,"$100,000 or more","Less than $30,000",False,0.8363289243628909,2,2
GUNRESPNOKIDSF_W26,socioeco,inferred,,Inferred from occupation,high,INCOME,"Less than $30,000","$100,000 or more",False,0.8179788698202208,2,2
GUNRESPNOKIDSF_W26,socioeco,inferred,,Inferred from occupation,high,INCOME,"$100,000 or more","$100,000 or more",True,0.8363663263637213,2,2
GUNSAFETYKIDS_W26,socioeco,inferred,,Inferred from occupation,low,INCOME,"Less than $30,000","Less than $30,000",True,0.4072989121017798,2,2
GUNSAFETYKIDS_W26,socioeco,inferred,,Inferred from occupation,low,INCOME,"$100,000 or more","Less than $30,000",False,0.4101779821017798,2,2
GUNSAFETYKIDS_W26,socioeco,inferred,,Inferred from occupation,high,INCOME,"Less than $30,000","$100,000 or more",False,0.41353621782378097,2,2
GUNSAFETYKIDS_W26,socioeco,inferred,,Inferred from occupation,high,INCOME,"$100,000 or more","$100,000 or more",True,0.41641528782378096,2,2
GUNSAFE_W26,socioeco,inferred,,Inferred from occupation,low,INCOME,"Less than $30,000","Less than $30,000",True,0.7346282666043187,2,2
GUNSAFE_W26,socioeco,inferred,,Inferred from occupation,low,INCOME,"$100,000 or more","Less than $30,000",False,0.7092419735149837,2,2
GUNSAFE_W26,socioeco,inferred,,Inferred from occupation,high,INCOME,"Less than $30,000","$100,000 or more",False,0.2886547204566507,2,2
GUNSAFE_W26,socioeco,inferred,,Inferred from occupation,high,INCOME,"$100,000 or more","$100,000 or more",True,0.2632684273673158,2,2
GUNTYPEOWNC_W26,socioeco,inferred,,Inferred from occupation,low,INCOME,"Less than $30,000","Less than $30,000",True,0.8461947,2,2
GUNTYPEOWNC_W26,socioeco,inferred,,Inferred from occupation,low,INCOME,"$100,000 or more","Less than $30,000",False,1.220508392205084,2,2
GUNTYPEOWNC_W26,socioeco,inferred,,Inferred from occupation,high,INCOME,"Less than $30,000","$100,000 or more",False,0.8461947,2,2
GUNTYPEOWNC_W26,socioeco,inferred,,Inferred from occupation,high,INCOME,"$100,000 or more","$100,000 or more",True,1.220508392205084,2,2
NOCARRYGUN_W26,socioeco,inferred,,Inferred from occupation,low,INCOME,"Less than $30,000","Less than $30,000",True,0.6947220059383752,2,2
NOCARRYGUN_W26,socioeco,inferred,,Inferred from occupation,low,INCOME,"$100,000 or more","Less than $30,000",False,0.6828387559383752,2,2
NOCARRYGUN_W26,socioeco,inferred,,Inferred from occupation,high,INCOME,"Less than $30,000","$100,000 or more",False,0.6984025859767229,2,2
NOCARRYGUN_W26,socioeco,inferred,,Inferred from occupation,high,INCOME,"$100,000 or more","$100,000 or more",True,0.6865193359767229,2,2
REASONGUNA_W26,socioeco,inferred,,Inferred from occupation,low,INCOME,"Less than $30,000","Less than $30,000",True,0.11285389743127217,2,2
REASONGUNA_W26,socioeco,inferred,,Inferred from occupation,low,INCOME,"$100,000 or more","Less than $30,000",False,0.20920872316118466,2,2
REASONGUNA_W26,socioeco,inferred,,Inferred from occupation,high,INCOME,"Less than $30,000","$100,000 or more",False,0.311418060000089,2,2
REASONGUNA_W26,socioeco,inferred,,Inferred from occupation,high,INCOME,"$100,000 or more","$100,000 or more",True,0.47263632000008904,2,2
REASONGUNB_W26,socioeco,inferred,,Inferred from occupation,low,INCOME,"Less than $30,000","Less than $30,000",True,0.6818604535731443,2,2
REASONGUNB_W26,socioeco,inferred,,Inferred from occupation,low,INCOME,"$100,000 or more","Less than $30,000",False,0.5513375843951868,2,2
REASONGUNB_W26,socioeco,inferred,,Inferred from occupation,high,INCOME,"Less than $30,000","$100,000 or more",False,0.6080116282417233,2,2
REASONGUNB_W26,socioeco,inferred,,Inferred from occupation,high,INCOME,"$100,000 or more","$100,000 or more",True,0.5813114859310373,2,2
REASONGUNC_W26,socioeco,inferred,,Inferred from occupation,low,INCOME,"Less than $30,000","Less than $30,000",True,0.538016809917069,2,2
REASONGUNC_W26,socioeco,inferred,,Inferred from occupation,low,INCOME,"$100,000 or more","Less than $30,000",False,0.7006708505470384,2,2
REASONGUNC_W26,socioeco,inferred,,Inferred from occupation,high,INCOME,"Less than $30,000","$100,000 or more",False,0.564302479005539,2,2
REASONGUNC_W26,socioeco,inferred,,Inferred from occupation,high,INCOME,"$100,000 or more","$100,000 or more",True,0.6169789318992929,2,2
REASONGUND_W26,socioeco,inferred,,Inferred from occupation,low,INCOME,"Less than $30,000","Less than $30,000",True,0.6543031258087272,2,2
REASONGUND_W26,socioeco,inferred,,Inferred from occupation,low,INCOME,"$100,000 or more","Less than $30,000",False,0.5733658158087271,2,2
REASONGUND_W26,socioeco,inferred,,Inferred from occupation,high,INCOME,"Less than $30,000","$100,000 or more",False,0.6270453568768735,2,2
REASONGUND_W26,socioeco,inferred,,Inferred from occupation,high,INCOME,"$100,000 or more","$100,000 or more",True,0.5461080468768735,2,2
REASONGUNE_W26,socioeco,inferred,,Inferred from occupation,low,INCOME,"Less than $30,000","Less than $30,000",True,0.09072684600547154,2,2
REASONGUNE_W26,socioeco,inferred,,Inferred from occupation,low,INCOME,"$100,000 or more","Less than $30,000",False,0.16497727600547152,2,2
REASONGUNE_W26,socioeco,inferred,,Inferred from occupation,high,INCOME,"Less than $30,000","$100,000 or more",False,0.36258438085397704,2,2
REASONGUNE_W26,socioeco,inferred,,Inferred from occupation,high,INCOME,"$100,000 or more","$100,000 or more",True,0.436834810853977,2,2
SHOOTFREQ_W26,socioeco,inferred,,Inferred from occupation,low,INCOME,"Less than $30,000","Less than $30,000",True,0.6955061979999934,2,2
SHOOTFREQ_W26,socioeco,inferred,,Inferred from occupation,low,INCOME,"$100,000 or more","Less than $30,000",False,0.9422560485774296,2,2
SHOOTFREQ_W26,socioeco,inferred,,Inferred from occupation,high,INCOME,"Less than $30,000","$100,000 or more",False,0.6955064500000017,2,2
SHOOTFREQ_W26,socioeco,inferred,,Inferred from occupation,high,INCOME,"$100,000 or more","$100,000 or more",True,0.9422563005774378,2,2
WORRYB_W26,socioeco,inferred,,Inferred from occupation,low,INCOME,"Less than $30,000","Less than $30,000",True,0.3233357290345956,2,2
WORRYB_W26,socioeco,inferred,,Inferred from occupation,low,INCOME,"$100,000 or more","Less than $30,000",False,0.33946293903459557,2,2
WORRYB_W26,socioeco,inferred,,Inferred from occupation,high,INCOME,"Less than $30,000","$100,000 or more",False,0.5398091243374041,2,2
WORRYB_W26,socioeco,inferred,,Inferred from occupation,high,INCOME,"$100,000 or more","$100,000 or more",True,0.5559363343374042,2,2
WORRYD_W26,socioeco,inferred,,Inferred from occupation,low,INCOME,"Less than $30,000","Less than $30,000",True,1.2090004550006637,2,2
WORRYD_W26,socioeco,inferred,,Inferred from occupation,low,INCOME,"$100,000 or more","Less than $30,000",False,0.5281082250006638,2,2
WORRYD_W26,socioeco,inferred,,Inferred from occupation,high,INCOME,"Less than $30,000","$100,000 or more",False,1.3427182020749295,2,2
WORRYD_W26,socioeco,inferred,,Inferred from occupation,high,INCOME,"$100,000 or more","$100,000 or more",True,0.6618259720749297,2,2
WORRYE_W26,socioeco,inferred,,Inferred from occupation,low,INCOME,"Less than $30,000","Less than $30,000",True,0.30353994855959077,2,2
WORRYE_W26,socioeco,inferred,,Inferred from occupation,low,INCOME,"$100,000 or more","Less than $30,000",False,0.06700355639643528,2,2
WORRYE_W26,socioeco,inferred,,Inferred from occupation,high,INCOME,"Less than $30,000","$100,000 or more",False,0.49751599947557273,2,2
WORRYE_W26,socioeco,inferred,,Inferred from occupation,high,INCOME,"$100,000 or more","$100,000 or more",True,0.20155017852349674,2,2
WORRYF_W26,socioeco,inferred,,Inferred from occupation,low,INCOME,"Less than $30,000","Less than $30,000",True,0.1880985775140231,2,2
WORRYF_W26,socioeco,inferred,,Inferred from occupation,low,INCOME,"$100,000 or more","Less than $30,000",False,0.288407877514023,2,2
WORRYF_W26,socioeco,inferred,,Inferred from occupation,high,INCOME,"Less than $30,000","$100,000 or more",False,0.24732789121639392,2,2
WORRYF_W26,socioeco,inferred,,Inferred from occupation,high,INCOME,"$100,000 or more","$100,000 or more",True,0.34763719121639386,2,2
BOYSF1B_W29,socioeco,inferred,,Inferred from occupation,low,INCOME,"Less than $30,000","Less than $30,000",True,0.2192620313684573,2,2
BOYSF1B_W29,socioeco,inferred,,Inferred from occupation,low,INCOME,"$100,000 or more","Less than $30,000",False,0.2508239163684573,2,2
BOYSF1B_W29,socioeco,inferred,,Inferred from occupation,high,INCOME,"Less than $30,000","$100,000 or more",False,0.21500923880221887,2,2
BOYSF1B_W29,socioeco,inferred,,Inferred from occupation,high,INCOME,"$100,000 or more","$100,000 or more",True,0.24657112380221888,2,2
FAVORS_CPS_W29,socioeco,inferred,,Inferred from occupation,low,INCOME,"Less than $30,000","Less than $30,000",True,1.307744341177813,2,2
FAVORS_CPS_W29,socioeco,inferred,,Inferred from occupation,low,INCOME,"$100,000 or more","Less than $30,000",False,1.1194461416549846,2,2
FAVORS_CPS_W29,socioeco,inferred,,Inferred from occupation,high,INCOME,"Less than $30,000","$100,000 or more",False,1.3547855959740462,2,2
FAVORS_CPS_W29,socioeco,inferred,,Inferred from occupation,high,INCOME,"$100,000 or more","$100,000 or more",True,1.0618457311701666,2,2
FEM2_W29,socioeco,inferred,,Inferred from occupation,low,INCOME,"Less than $30,000","Less than $30,000",True,1.2250570602451205,2,2
FEM2_W29,socioeco,inferred,,Inferred from occupation,low,INCOME,"$100,000 or more","Less than $30,000",False,1.0317404879890997,2,2
FEM2_W29,socioeco,inferred,,Inferred from occupation,high,INCOME,"Less than $30,000","$100,000 or more",False,1.225531978256301,2,2
FEM2_W29,socioeco,inferred,,Inferred from occupation,high,INCOME,"$100,000 or more","$100,000 or more",True,1.0322154060002804,2,2
GIRLSF2C_W29,socioeco,inferred,,Inferred from occupation,low,INCOME,"Less than $30,000","Less than $30,000",True,0.07821096600571344,2,2
GIRLSF2C_W29,socioeco,inferred,,Inferred from occupation,low,INCOME,"$100,000 or more","Less than $30,000",False,0.0853887188653141,2,2
GIRLSF2C_W29,socioeco,inferred,,Inferred from occupation,high,INCOME,"Less than $30,000","$100,000 or more",False,0.10183655587665093,2,2
GIRLSF2C_W29,socioeco,inferred,,Inferred from occupation,high,INCOME,"$100,000 or more","$100,000 or more",True,0.10901430873625159,2,2
GIRLSF2D_W29,socioeco,inferred,,Inferred from occupation,low,INCOME,"Less than $30,000","Less than $30,000",True,0.22724531390642655,2,2
GIRLSF2D_W29,socioeco,inferred,,Inferred from occupation,low,INCOME,"$100,000 or more","Less than $30,000",False,0.16597823132895126,2,2
GIRLSF2D_W29,socioeco,inferred,,Inferred from occupation,high,INCOME,"Less than $30,000","$100,000 or more",False,0.22444329484565517,2,2
GIRLSF2D_W29,socioeco,inferred,,Inferred from occupation,high,INCOME,"$100,000 or more","$100,000 or more",True,0.16317621226817988,2,2
GOPDIRCT_W29,socioeco,inferred,,Inferred from occupation,low,INCOME,"Less than $30,000","Less than $30,000",True,0.6689348716841206,2,2
GOPDIRCT_W29,socioeco,inferred,,Inferred from occupation,low,INCOME,"$100,000 or more","Less than $30,000",False,0.22636248950650284,2,2
GOPDIRCT_W29,socioeco,inferred,,Inferred from occupation,high,INCOME,"Less than $30,000","$100,000 or more",False,0.5677145535838273,2,2
GOPDIRCT_W29,socioeco,inferred,,Inferred from occupation,high,INCOME,"$100,000 or more","$100,000 or more",True,0.30442774147598367,2,2
HOOD_NHISB_W29,socioeco,inferred,,Inferred from occupation,low,INCOME,"Less than $30,000","Less than $30,000",True,0.6629710360000368,2,2
HOOD_NHISB_W29,socioeco,inferred,,Inferred from occupation,low,INCOME,"$100,000 or more","Less than $30,000",False,0.5865210018653076,2,2
HOOD_NHISB_W29,socioeco,inferred,,Inferred from occupation,high,INCOME,"Less than $30,000","$100,000 or more",False,0.6629618039996016,2,2
HOOD_NHISB_W29,socioeco,inferred,,Inferred from occupation,high,INCOME,"$100,000 or more","$100,000 or more",True,0.5865117698648724,2,2
LOCALELECT_W29,socioeco,inferred,,Inferred from occupation,low,INCOME,"Less than $30,000","Less than $30,000",True,0.7951117890631549,2,2
LOCALELECT_W29,socioeco,inferred,,Inferred from occupation,low,INCOME,"$100,000 or more","Less than $30,000",False,0.4877685458272208,2,2
LOCALELECT_W29,socioeco,inferred,,Inferred from occupation,high,INCOME,"Less than $30,000","$100,000 or more",False,0.9159447033111341,2,2
LOCALELECT_W29,socioeco,inferred,,Inferred from occupation,high,INCOME,"$100,000 or more","$100,000 or more",True,0.6014125831905162,2,2
MAN1A_W29,socioeco,inferred,,Inferred from occupation,low,INCOME,"Less than $30,000","Less than $30,000",True,0.6528174599768282,2,2
MAN1A_W29,socioeco,inferred,,Inferred from occupation,low,INCOME,"$100,000 or more","Less than $30,000",False,0.5660874099768282,2,2
MAN1A_W29,socioeco,inferred,,Inferred from occupation,high,INCOME,"Less than $30,000","$100,000 or more",False,0.6543828680372694,2,2
MAN1A_W29,socioeco,inferred,,Inferred from occupation,high,INCOME,"$100,000 or more","$100,000 or more",True,0.5676528180372694,2,2
MAN1B_W29,socioeco,inferred,,Inferred from occupation,low,INCOME,"Less than $30,000","Less than $30,000",True,0.9626881819910253,2,2
MAN1B_W29,socioeco,inferred,,Inferred from occupation,low,INCOME,"$100,000 or more","Less than $30,000",False,1.0502691519910257,2,2
MAN1B_W29,socioeco,inferred,,Inferred from occupation,high,INCOME,"Less than $30,000","$100,000 or more",False,0.9629222200027979,2,2
MAN1B_W29,socioeco,inferred,,Inferred from occupation,high,INCOME,"$100,000 or more","$100,000 or more",True,1.0505031900027981,2,2
MAN1C_W29,socioeco,inferred,,Inferred from occupation,low,INCOME,"Less than $30,000","Less than $30,000",True,0.8963401736028651,2,2
MAN1C_W29,socioeco,inferred,,Inferred from occupation,low,INCOME,"$100,000 or more","Less than $30,000",False,1.3164963691065774,2,2
MAN1C_W29,socioeco,inferred,,Inferred from occupation,high,INCOME,"Less than $30,000","$100,000 or more",False,0.9645591618247562,2,2
MAN1C_W29,socioeco,inferred,,Inferred from occupation,high,INCOME,"$100,000 or more","$100,000 or more",True,1.3847153573284685,2,2
MAN1D_W29,socioeco,inferred,,Inferred from occupation,low,INCOME,"Less than $30,000","Less than $30,000",True,0.6961354079516313,2,2
MAN1D_W29,socioeco,inferred,,Inferred from occupation,low,INCOME,"$100,000 or more","Less than $30,000",False,0.7465382479516314,2,2
MAN1D_W29,socioeco,inferred,,Inferred from occupation,high,INCOME,"Less than $30,000","$100,000 or more",False,0.6966873520148267,2,2
MAN1D_W29,socioeco,inferred,,Inferred from occupation,high,INCOME,"$100,000 or more","$100,000 or more",True,0.7470901920148267,2,2
MAN1E_W29,socioeco,inferred,,Inferred from occupation,low,INCOME,"Less than $30,000","Less than $30,000",True,0.4575909431514701,2,2
MAN1E_W29,socioeco,inferred,,Inferred from occupation,low,INCOME,"$100,000 or more","Less than $30,000",False,0.7158829181328095,2,2
MAN1E_W29,socioeco,inferred,,Inferred from occupation,high,INCOME,"Less than $30,000","$100,000 or more",False,0.45036404576610667,2,2
MAN1E_W29,socioeco,inferred,,Inferred from occupation,high,INCOME,"$100,000 or more","$100,000 or more",True,0.708656020747446,2,2
MASC2_W29,socioeco,inferred,,Inferred from occupation,low,INCOME,"Less than $30,000","Less than $30,000",True,1.1510057379939824,2,2
MASC2_W29,socioeco,inferred,,Inferred from occupation,low,INCOME,"$100,000 or more","Less than $30,000",False,1.1726217579939824,2,2
MASC2_W29,socioeco,inferred,,Inferred from occupation,high,INCOME,"Less than $30,000","$100,000 or more",False,1.1513457559993543,2,2
MASC2_W29,socioeco,inferred,,Inferred from occupation,high,INCOME,"$100,000 or more","$100,000 or more",True,1.172961775999354,2,2
S12_W29,socioeco,inferred,,Inferred from occupation,low,INCOME,"Less than $30,000","Less than $30,000",True,0.46482578520749784,2,2
S12_W29,socioeco,inferred,,Inferred from occupation,low,INCOME,"$100,000 or more","Less than $30,000",False,0.40312469258199873,2,2
S12_W29,socioeco,inferred,,Inferred from occupation,high,INCOME,"Less than $30,000","$100,000 or more",False,0.6987896490121037,2,2
S12_W29,socioeco,inferred,,Inferred from occupation,high,INCOME,"$100,000 or more","$100,000 or more",True,0.4969945052553017,2,2
S13_W29,socioeco,inferred,,Inferred from occupation,low,INCOME,"Less than $30,000","Less than $30,000",True,0.5853418210567389,2,2
S13_W29,socioeco,inferred,,Inferred from occupation,low,INCOME,"$100,000 or more","Less than $30,000",False,0.8399535402210588,2,2
S13_W29,socioeco,inferred,,Inferred from occupation,high,INCOME,"Less than $30,000","$100,000 or more",False,0.742107752881624,2,2
S13_W29,socioeco,inferred,,Inferred from occupation,high,INCOME,"$100,000 or more","$100,000 or more",True,0.4929887536202813,2,2
SEENFEM_W29,socioeco,inferred,,Inferred from occupation,low,INCOME,"Less than $30,000","Less than $30,000",True,1.5688102379973525,2,2
SEENFEM_W29,socioeco,inferred,,Inferred from occupation,low,INCOME,"$100,000 or more","Less than $30,000",False,1.4778747379973525,2,2
SEENFEM_W29,socioeco,inferred,,Inferred from occupation,high,INCOME,"Less than $30,000","$100,000 or more",False,1.5689517140015834,2,2
SEENFEM_W29,socioeco,inferred,,Inferred from occupation,high,INCOME,"$100,000 or more","$100,000 or more",True,1.4780162140015833,2,2
SEENMASC_W29,socioeco,inferred,,Inferred from occupation,low,INCOME,"Less than $30,000","Less than $30,000",True,1.3329581686701388,2,2
SEENMASC_W29,socioeco,inferred,,Inferred from occupation,low,INCOME,"$100,000 or more","Less than $30,000",False,1.3460897819998952,2,2
SEENMASC_W29,socioeco,inferred,,Inferred from occupation,high,INCOME,"Less than $30,000","$100,000 or more",False,1.3329680386704261,2,2
SEENMASC_W29,socioeco,inferred,,Inferred from occupation,high,INCOME,"$100,000 or more","$100,000 or more",True,1.3460996520001827,2,2
TALK_CPS_W29,socioeco,inferred,,Inferred from occupation,low,INCOME,"Less than $30,000","Less than $30,000",True,1.7321044429431094,2,2
TALK_CPS_W29,socioeco,inferred,,Inferred from occupation,low,INCOME,"$100,000 or more","Less than $30,000",False,1.8872941429431096,2,2
TALK_CPS_W29,socioeco,inferred,,Inferred from occupation,high,INCOME,"Less than $30,000","$100,000 or more",False,1.908477462657197,2,2
TALK_CPS_W29,socioeco,inferred,,Inferred from occupation,high,INCOME,"$100,000 or more","$100,000 or more",True,1.915080842657197,2,2
WORRYBILL_W29,socioeco,inferred,,Inferred from occupation,low,INCOME,"Less than $30,000","Less than $30,000",True,1.422618490303727,2,2
WORRYBILL_W29,socioeco,inferred,,Inferred from occupation,low,INCOME,"$100,000 or more","Less than $30,000",False,0.29511182864166374,2,2
WORRYBILL_W29,socioeco,inferred,,Inferred from occupation,high,INCOME,"Less than $30,000","$100,000 or more",False,1.2530781508328888,2,2
WORRYBILL_W29,socioeco,inferred,,Inferred from occupation,high,INCOME,"$100,000 or more","$100,000 or more",True,0.41261319221137893,2,2
CLASS_W32,socioeco,inferred,,Inferred from occupation,low,INCOME,"Less than $30,000","Less than $30,000",True,0.8696296297455104,2,2
CLASS_W32,socioeco,inferred,,Inferred from occupation,low,INCOME,"$100,000 or more","Less than $30,000",False,0.5324814273052427,2,2
CLASS_W32,socioeco,inferred,,Inferred from occupation,high,INCOME,"Less than $30,000","$100,000 or more",False,0.9496105606289864,2,2
CLASS_W32,socioeco,inferred,,Inferred from occupation,high,INCOME,"$100,000 or more","$100,000 or more",True,0.40393758402202584,2,2
COMMIMPA_W32,socioeco,inferred,,Inferred from occupation,low,INCOME,"Less than $30,000","Less than $30,000",True,0.5868288668996653,2,2
COMMIMPA_W32,socioeco,inferred,,Inferred from occupation,low,INCOME,"$100,000 or more","Less than $30,000",False,0.49395515900797976,2,2
COMMIMPA_W32,socioeco,inferred,,Inferred from occupation,high,INCOME,"Less than $30,000","$100,000 or more",False,0.48281265157338316,2,2
COMMIMPA_W32,socioeco,inferred,,Inferred from occupation,high,INCOME,"$100,000 or more","$100,000 or more",True,0.40587066906566016,2,2
COMMIMPB_W32,socioeco,inferred,,Inferred from occupation,low,INCOME,"Less than $30,000","Less than $30,000",True,0.34504337140380326,2,2
COMMIMPB_W32,socioeco,inferred,,Inferred from occupation,low,INCOME,"$100,000 or more","Less than $30,000",False,0.32509463140380324,2,2
COMMIMPB_W32,socioeco,inferred,,Inferred from occupation,high,INCOME,"Less than $30,000","$100,000 or more",False,0.36897847603159195,2,2
COMMIMPB_W32,socioeco,inferred,,Inferred from occupation,high,INCOME,"$100,000 or more","$100,000 or more",True,0.34902973603159193,2,2
COMMIMPC_W32,socioeco,inferred,,Inferred from occupation,low,INCOME,"Less than $30,000","Less than $30,000",True,0.9710306503645424,2,2
COMMIMPC_W32,socioeco,inferred,,Inferred from occupation,low,INCOME,"$100,000 or more","Less than $30,000",False,1.0696749180000003,2,2
COMMIMPC_W32,socioeco,inferred,,Inferred from occupation,high,INCOME,"Less than $30,000","$100,000 or more",False,1.062158480713134,2,2
COMMIMPC_W32,socioeco,inferred,,Inferred from occupation,high,INCOME,"$100,000 or more","$100,000 or more",True,1.1608027483485919,2,2
COMMIMPF_W32,socioeco,inferred,,Inferred from occupation,low,INCOME,"Less than $30,000","Less than $30,000",True,0.8715158679761862,2,2
COMMIMPF_W32,socioeco,inferred,,Inferred from occupation,low,INCOME,"$100,000 or more","Less than $30,000",False,1.0820958079761862,2,2
COMMIMPF_W32,socioeco,inferred,,Inferred from occupation,high,INCOME,"Less than $30,000","$100,000 or more",False,0.8518276017882339,2,2
COMMIMPF_W32,socioeco,inferred,,Inferred from occupation,high,INCOME,"$100,000 or more","$100,000 or more",True,1.0624075417882337,2,2
COMMIMPG_W32,socioeco,inferred,,Inferred from occupation,low,INCOME,"Less than $30,000","Less than $30,000",True,0.7487578656680652,2,2
COMMIMPG_W32,socioeco,inferred,,Inferred from occupation,low,INCOME,"$100,000 or more","Less than $30,000",False,0.7882225058425613,2,2
COMMIMPG_W32,socioeco,inferred,,Inferred from occupation,high,INCOME,"Less than $30,000","$100,000 or more",False,0.6864278315399474,2,2
COMMIMPG_W32,socioeco,inferred,,Inferred from occupation,high,INCOME,"$100,000 or more","$100,000 or more",True,0.7258924717144434,2,2
COMMIMPH_W32,socioeco,inferred,,Inferred from occupation,low,INCOME,"Less than $30,000","Less than $30,000",True,0.5741024754677848,2,2
COMMIMPH_W32,socioeco,inferred,,Inferred from occupation,low,INCOME,"$100,000 or more","Less than $30,000",False,0.44953224248100465,2,2
COMMIMPH_W32,socioeco,inferred,,Inferred from occupation,high,INCOME,"Less than $30,000","$100,000 or more",False,0.6030457293370789,2,2
COMMIMPH_W32,socioeco,inferred,,Inferred from occupation,high,INCOME,"$100,000 or more","$100,000 or more",True,0.47847549635029873,2,2
COMMYRS_W32,socioeco,inferred,,Inferred from occupation,low,INCOME,"Less than $30,000","Less than $30,000",True,2.3052971212968294,2,2
COMMYRS_W32,socioeco,inferred,,Inferred from occupation,low,INCOME,"$100,000 or more","Less than $30,000",False,2.5222913881828934,2,2
COMMYRS_W32,socioeco,inferred,,Inferred from occupation,high,INCOME,"Less than $30,000","$100,000 or more",False,2.213866402138664,2,2
COMMYRS_W32,socioeco,inferred,,Inferred from occupation,high,INCOME,"$100,000 or more","$100,000 or more",True,2.430860669024728,2,2
ETHNCMAJ_W32,socioeco,inferred,,Inferred from occupation,low,INCOME,"Less than $30,000","Less than $30,000",True,0.20987911822153188,2,2
ETHNCMAJ_W32,socioeco,inferred,,Inferred from occupation,low,INCOME,"$100,000 or more","Less than $30,000",False,0.17123885607159878,2,2
ETHNCMAJ_W32,socioeco,inferred,,Inferred from occupation,high,INCOME,"Less than $30,000","$100,000 or more",False,0.1985987666089804,2,2
ETHNCMAJ_W32,socioeco,inferred,,Inferred from occupation,high,INCOME,"$100,000 or more","$100,000 or more",True,0.15995850445904727,2,2
GAYMARR2_W32,socioeco,inferred,,Inferred from occupation,low,INCOME,"Less than $30,000","Less than $30,000",True,0.9896125142199593,2,2
GAYMARR2_W32,socioeco,inferred,,Inferred from occupation,low,INCOME,"$100,000 or more","Less than $30,000",False,0.9322125842199593,2,2
GAYMARR2_W32,socioeco,inferred,,Inferred from occupation,high,INCOME,"Less than $30,000","$100,000 or more",False,0.991779230173841,2,2
GAYMARR2_W32,socioeco,inferred,,Inferred from occupation,high,INCOME,"$100,000 or more","$100,000 or more",True,0.934379300173841,2,2
HARASS2F1_W32,socioeco,inferred,,Inferred from occupation,low,INCOME,"Less than $30,000","Less than $30,000",True,0.49494500000000075,2,2
HARASS2F1_W32,socioeco,inferred,,Inferred from occupation,low,INCOME,"$100,000 or more","Less than $30,000",False,0.41340340000000075,2,2
HARASS2F1_W32,socioeco,inferred,,Inferred from occupation,high,INCOME,"Less than $30,000","$100,000 or more",False,0.4949450310000004,2,2
HARASS2F1_W32,socioeco,inferred,,Inferred from occupation,high,INCOME,"$100,000 or more","$100,000 or more",True,0.41340343100000043,2,2
IMMIMPACT_W32,socioeco,inferred,,Inferred from occupation,low,INCOME,"Less than $30,000","Less than $30,000",True,0.348595136,2,2
IMMIMPACT_W32,socioeco,inferred,,Inferred from occupation,low,INCOME,"$100,000 or more","Less than $30,000",False,0.29085216809147824,2,2
IMMIMPACT_W32,socioeco,inferred,,Inferred from occupation,high,INCOME,"Less than $30,000","$100,000 or more",False,0.348595136,2,2
IMMIMPACT_W32,socioeco,inferred,,Inferred from occupation,high,INCOME,"$100,000 or more","$100,000 or more",True,0.29085216809147824,2,2
MOVERURAL_W32,socioeco,inferred,,Inferred from occupation,low,INCOME,"Less than $30,000","Less than $30,000",True,0.9945380494069436,2,2
MOVERURAL_W32,socioeco,inferred,,Inferred from occupation,low,INCOME,"$100,000 or more","Less than $30,000",False,0.9041703690769414,2,2
MOVERURAL_W32,socioeco,inferred,,Inferred from occupation,high,INCOME,"Less than $30,000","$100,000 or more",False,0.8249892711620461,2,2
MOVERURAL_W32,socioeco,inferred,,Inferred from occupation,high,INCOME,"$100,000 or more","$100,000 or more",True,0.7346215908320439,2,2
MOVESUBURB_W32,socioeco,inferred,,Inferred from occupation,low,INCOME,"Less than $30,000","Less than $30,000",True,0.8276063625999837,2,2
MOVESUBURB_W32,socioeco,inferred,,Inferred from occupation,low,INCOME,"$100,000 or more","Less than $30,000",False,0.8940241825999837,2,2
MOVESUBURB_W32,socioeco,inferred,,Inferred from occupation,high,INCOME,"Less than $30,000","$100,000 or more",False,0.770537037251726,2,2
MOVESUBURB_W32,socioeco,inferred,,Inferred from occupation,high,INCOME,"$100,000 or more","$100,000 or more",True,0.836954857251726,2,2
MOVEURBAN_W32,socioeco,inferred,,Inferred from occupation,low,INCOME,"Less than $30,000","Less than $30,000",True,0.4229564632749413,2,2
MOVEURBAN_W32,socioeco,inferred,,Inferred from occupation,low,INCOME,"$100,000 or more","Less than $30,000",False,0.290231318722263,2,2
MOVEURBAN_W32,socioeco,inferred,,Inferred from occupation,high,INCOME,"Less than $30,000","$100,000 or more",False,0.7769765007936767,2,2
MOVEURBAN_W32,socioeco,inferred,,Inferred from occupation,high,INCOME,"$100,000 or more","$100,000 or more",True,0.48379979031169124,2,2
NEIGHINTERA_W32,socioeco,inferred,,Inferred from occupation,low,INCOME,"Less than $30,000","Less than $30,000",True,1.3113191306478778,2,2
NEIGHINTERA_W32,socioeco,inferred,,Inferred from occupation,low,INCOME,"$100,000 or more","Less than $30,000",False,1.194144544976876,2,2
NEIGHINTERA_W32,socioeco,inferred,,Inferred from occupation,high,INCOME,"Less than $30,000","$100,000 or more",False,1.5174733435880867,2,2
NEIGHINTERA_W32,socioeco,inferred,,Inferred from occupation,high,INCOME,"$100,000 or more","$100,000 or more",True,1.37569301629693,2,2
NEIGHINTERB_W32,socioeco,inferred,,Inferred from occupation,low,INCOME,"Less than $30,000","Less than $30,000",True,0.9328356159779072,2,2
NEIGHINTERB_W32,socioeco,inferred,,Inferred from occupation,low,INCOME,"$100,000 or more","Less than $30,000",False,0.6309029771757815,2,2
NEIGHINTERB_W32,socioeco,inferred,,Inferred from occupation,high,INCOME,"Less than $30,000","$100,000 or more",False,1.0677090443978936,2,2
NEIGHINTERB_W32,socioeco,inferred,,Inferred from occupation,high,INCOME,"$100,000 or more","$100,000 or more",True,0.7657764055957677,2,2
NEIGHKIDS_W32,socioeco,inferred,,Inferred from occupation,low,INCOME,"Less than $30,000","Less than $30,000",True,0.18987659501693854,2,2
NEIGHKIDS_W32,socioeco,inferred,,Inferred from occupation,low,INCOME,"$100,000 or more","Less than $30,000",False,0.2223020450169385,2,2
NEIGHKIDS_W32,socioeco,inferred,,Inferred from occupation,high,INCOME,"Less than $30,000","$100,000 or more",False,0.1820535397138171,2,2
NEIGHKIDS_W32,socioeco,inferred,,Inferred from occupation,high,INCOME,"$100,000 or more","$100,000 or more",True,0.21447898971381707,2,2
NEIGHSAMEA_W32,socioeco,inferred,,Inferred from occupation,low,INCOME,"Less than $30,000","Less than $30,000",True,1.3727307757208347,2,2
NEIGHSAMEA_W32,socioeco,inferred,,Inferred from occupation,low,INCOME,"$100,000 or more","Less than $30,000",False,1.6944846919854348,2,2
NEIGHSAMEA_W32,socioeco,inferred,,Inferred from occupation,high,INCOME,"Less than $30,000","$100,000 or more",False,1.3731288957280008,2,2
NEIGHSAMEA_W32,socioeco,inferred,,Inferred from occupation,high,INCOME,"$100,000 or more","$100,000 or more",True,1.6948828119926014,2,2
SATLIFED_W32,socioeco,inferred,,Inferred from occupation,low,INCOME,"Less than $30,000","Less than $30,000",True,0.714660186428373,2,2
SATLIFED_W32,socioeco,inferred,,Inferred from occupation,low,INCOME,"$100,000 or more","Less than $30,000",False,0.58040752371665,2,2
SATLIFED_W32,socioeco,inferred,,Inferred from occupation,high,INCOME,"Less than $30,000","$100,000 or more",False,0.721205990757453,2,2
SATLIFED_W32,socioeco,inferred,,Inferred from occupation,high,INCOME,"$100,000 or more","$100,000 or more",True,0.58695332804573,2,2
SOCTRUST2_W32,socioeco,inferred,,Inferred from occupation,low,INCOME,"Less than $30,000","Less than $30,000",True,0.51684458,2,2
SOCTRUST2_W32,socioeco,inferred,,Inferred from occupation,low,INCOME,"$100,000 or more","Less than $30,000",False,0.25644095,2,2
SOCTRUST2_W32,socioeco,inferred,,Inferred from occupation,high,INCOME,"Less than $30,000","$100,000 or more",False,0.51684458,2,2
SOCTRUST2_W32,socioeco,inferred,,Inferred from occupation,high,INCOME,"$100,000 or more","$100,000 or more",True,0.25644095,2,2
VALUERURAL_W32,socioeco,inferred,,Inferred from occupation,low,INCOME,"Less than $30,000","Less than $30,000",True,0.7329420659942476,2,2
VALUERURAL_W32,socioeco,inferred,,Inferred from occupation,low,INCOME,"$100,000 or more","Less than $30,000",False,0.7554836359942475,2,2
VALUERURAL_W32,socioeco,inferred,,Inferred from occupation,high,INCOME,"Less than $30,000","$100,000 or more",False,0.7326162680188065,2,2
VALUERURAL_W32,socioeco,inferred,,Inferred from occupation,high,INCOME,"$100,000 or more","$100,000 or more",True,0.7551578380188064,2,2
WHADVANT_W32,socioeco,inferred,,Inferred from occupation,low,INCOME,"Less than $30,000","Less than $30,000",True,0.6804288671455428,2,2
WHADVANT_W32,socioeco,inferred,,Inferred from occupation,low,INCOME,"$100,000 or more","Less than $30,000",False,0.693782477145543,2,2
WHADVANT_W32,socioeco,inferred,,Inferred from occupation,high,INCOME,"Less than $30,000","$100,000 or more",False,0.6407457583026038,2,2
WHADVANT_W32,socioeco,inferred,,Inferred from occupation,high,INCOME,"$100,000 or more","$100,000 or more",True,0.633501788302604,2,2
WILLMOVE_W32,socioeco,inferred,,Inferred from occupation,low,INCOME,"Less than $30,000","Less than $30,000",True,0.8444851722265755,2,2
WILLMOVE_W32,socioeco,inferred,,Inferred from occupation,low,INCOME,"$100,000 or more","Less than $30,000",False,0.747385251680766,2,2
WILLMOVE_W32,socioeco,inferred,,Inferred from occupation,high,INCOME,"Less than $30,000","$100,000 or more",False,0.7208417752157225,2,2
WILLMOVE_W32,socioeco,inferred,,Inferred from occupation,high,INCOME,"$100,000 or more","$100,000 or more",True,0.6237418546699132,2,2
EAT1_W34,socioeco,inferred,,Inferred from occupation,low,INCOME,"Less than $30,000","Less than $30,000",True,0.9712152000296131,2,2
EAT1_W34,socioeco,inferred,,Inferred from occupation,low,INCOME,"$100,000 or more","Less than $30,000",False,0.680642860029613,2,2
EAT1_W34,socioeco,inferred,,Inferred from occupation,high,INCOME,"Less than $30,000","$100,000 or more",False,0.9583822684619795,2,2
EAT1_W34,socioeco,inferred,,Inferred from occupation,high,INCOME,"$100,000 or more","$100,000 or more",True,0.6678099284619794,2,2
EAT2_W34,socioeco,inferred,,Inferred from occupation,low,INCOME,"Less than $30,000","Less than $30,000",True,0.7401827470276807,2,2
EAT2_W34,socioeco,inferred,,Inferred from occupation,low,INCOME,"$100,000 or more","Less than $30,000",False,0.9522519550282283,2,2
EAT2_W34,socioeco,inferred,,Inferred from occupation,high,INCOME,"Less than $30,000","$100,000 or more",False,0.8003034780000003,2,2
EAT2_W34,socioeco,inferred,,Inferred from occupation,high,INCOME,"$100,000 or more","$100,000 or more",True,1.012372686000548,2,2
EAT5B_W34,socioeco,inferred,,Inferred from occupation,low,INCOME,"Less than $30,000","Less than $30,000",True,0.488242923427709,2,2
EAT5B_W34,socioeco,inferred,,Inferred from occupation,low,INCOME,"$100,000 or more","Less than $30,000",False,0.39974753342770897,2,2
EAT5B_W34,socioeco,inferred,,Inferred from occupation,high,INCOME,"Less than $30,000","$100,000 or more",False,0.6292048720337049,2,2
EAT5B_W34,socioeco,inferred,,Inferred from occupation,high,INCOME,"$100,000 or more","$100,000 or more",True,0.5407094820337048,2,2
EAT5C_W34,socioeco,inferred,,Inferred from occupation,low,INCOME,"Less than $30,000","Less than $30,000",True,1.0412438440000025,2,2
EAT5C_W34,socioeco,inferred,,Inferred from occupation,low,INCOME,"$100,000 or more","Less than $30,000",False,0.8230742540000028,2,2
EAT5C_W34,socioeco,inferred,,Inferred from occupation,high,INCOME,"Less than $30,000","$100,000 or more",False,1.0412441839999982,2,2
EAT5C_W34,socioeco,inferred,,Inferred from occupation,high,INCOME,"$100,000 or more","$100,000 or more",True,0.823074593999998,2,2
EAT5D_W34,socioeco,inferred,,Inferred from occupation,low,INCOME,"Less than $30,000","Less than $30,000",True,1.1152418891524256,2,2
EAT5D_W34,socioeco,inferred,,Inferred from occupation,low,INCOME,"$100,000 or more","Less than $30,000",False,0.9846644678466515,2,2
EAT5D_W34,socioeco,inferred,,Inferred from occupation,high,INCOME,"Less than $30,000","$100,000 or more",False,1.1152419491524186,2,2
EAT5D_W34,socioeco,inferred,,Inferred from occupation,high,INCOME,"$100,000 or more","$100,000 or more",True,0.9846645278466444,2,2
EVOBIOA_W34,socioeco,inferred,,Inferred from occupation,low,INCOME,"Less than $30,000","Less than $30,000",True,0.31626264000000004,2,2
EVOBIOA_W34,socioeco,inferred,,Inferred from occupation,low,INCOME,"$100,000 or more","Less than $30,000",False,0.04779506,2,2
EVOBIOA_W34,socioeco,inferred,,Inferred from occupation,high,INCOME,"Less than $30,000","$100,000 or more",False,0.31626264000000004,2,2
EVOBIOA_W34,socioeco,inferred,,Inferred from occupation,high,INCOME,"$100,000 or more","$100,000 or more",True,0.04779506,2,2
EVOBIOB_W34,socioeco,inferred,,Inferred from occupation,low,INCOME,"Less than $30,000","Less than $30,000",True,0.39823074,2,2
EVOBIOB_W34,socioeco,inferred,,Inferred from occupation,low,INCOME,"$100,000 or more","Less than $30,000",False,0.20321102999999996,2,2
EVOBIOB_W34,socioeco,inferred,,Inferred from occupation,high,INCOME,"Less than $30,000","$100,000 or more",False,0.39823074,2,2
EVOBIOB_W34,socioeco,inferred,,Inferred from occupation,high,INCOME,"$100,000 or more","$100,000 or more",True,0.20321102999999996,2,2
EVOPERS3_W34,socioeco,inferred,,Inferred from occupation,low,INCOME,"Less than $30,000","Less than $30,000",True,0.9156962648430373,2,2
EVOPERS3_W34,socioeco,inferred,,Inferred from occupation,low,INCOME,"$100,000 or more","Less than $30,000",False,0.6585496405854967,2,2
EVOPERS3_W34,socioeco,inferred,,Inferred from occupation,high,INCOME,"Less than $30,000","$100,000 or more",False,0.9156961808430375,2,2
EVOPERS3_W34,socioeco,inferred,,Inferred from occupation,high,INCOME,"$100,000 or more","$100,000 or more",True,0.6585495565854969,2,2
EVOTHREE_W34,socioeco,inferred,,Inferred from occupation,low,INCOME,"Less than $30,000","Less than $30,000",True,0.484108756000002,2,2
EVOTHREE_W34,socioeco,inferred,,Inferred from occupation,low,INCOME,"$100,000 or more","Less than $30,000",False,0.37475517600000197,2,2
EVOTHREE_W34,socioeco,inferred,,Inferred from occupation,high,INCOME,"Less than $30,000","$100,000 or more",False,0.484107391999968,2,2
EVOTHREE_W34,socioeco,inferred,,Inferred from occupation,high,INCOME,"$100,000 or more","$100,000 or more",True,0.37475381199996793,2,2
FUD22_W34,socioeco,inferred,,Inferred from occupation,low,INCOME,"Less than $30,000","Less than $30,000",True,0.45941873156345286,2,2
FUD22_W34,socioeco,inferred,,Inferred from occupation,low,INCOME,"$100,000 or more","Less than $30,000",False,0.4600803350277322,2,2
FUD22_W34,socioeco,inferred,,Inferred from occupation,high,INCOME,"Less than $30,000","$100,000 or more",False,0.4475551142580463,2,2
FUD22_W34,socioeco,inferred,,Inferred from occupation,high,INCOME,"$100,000 or more","$100,000 or more",True,0.4482167177223257,2,2
FUD24_W34,socioeco,inferred,,Inferred from occupation,low,INCOME,"Less than $30,000","Less than $30,000",True,0.1981571825640748,2,2
FUD24_W34,socioeco,inferred,,Inferred from occupation,low,INCOME,"$100,000 or more","Less than $30,000",False,0.15773078256407475,2,2
FUD24_W34,socioeco,inferred,,Inferred from occupation,high,INCOME,"Less than $30,000","$100,000 or more",False,0.28615420995187657,2,2
FUD24_W34,socioeco,inferred,,Inferred from occupation,high,INCOME,"$100,000 or more","$100,000 or more",True,0.24572780995187649,2,2
FUD33B_W34,socioeco,inferred,,Inferred from occupation,low,INCOME,"Less than $30,000","Less than $30,000",True,0.16156651500000002,2,2
FUD33B_W34,socioeco,inferred,,Inferred from occupation,low,INCOME,"$100,000 or more","Less than $30,000",False,0.21444234214442345,2,2
FUD33B_W34,socioeco,inferred,,Inferred from occupation,high,INCOME,"Less than $30,000","$100,000 or more",False,0.16156651500000002,2,2
FUD33B_W34,socioeco,inferred,,Inferred from occupation,high,INCOME,"$100,000 or more","$100,000 or more",True,0.21444234214442345,2,2
FUD35_W34,socioeco,inferred,,Inferred from occupation,low,INCOME,"Less than $30,000","Less than $30,000",True,0.8546801966264357,2,2
FUD35_W34,socioeco,inferred,,Inferred from occupation,low,INCOME,"$100,000 or more","Less than $30,000",False,0.7937693529980399,2,2
FUD35_W34,socioeco,inferred,,Inferred from occupation,high,INCOME,"Less than $30,000","$100,000 or more",False,0.9933314605905202,2,2
FUD35_W34,socioeco,inferred,,Inferred from occupation,high,INCOME,"$100,000 or more","$100,000 or more",True,0.9324206169621243,2,2
FUD37A_W34,socioeco,inferred,,Inferred from occupation,low,INCOME,"Less than $30,000","Less than $30,000",True,0.6019431776406676,2,2
FUD37A_W34,socioeco,inferred,,Inferred from occupation,low,INCOME,"$100,000 or more","Less than $30,000",False,0.5006779576406677,2,2
FUD37A_W34,socioeco,inferred,,Inferred from occupation,high,INCOME,"Less than $30,000","$100,000 or more",False,0.4724922469896701,2,2
FUD37A_W34,socioeco,inferred,,Inferred from occupation,high,INCOME,"$100,000 or more","$100,000 or more",True,0.3712270269896701,2,2
FUD37B_W34,socioeco,inferred,,Inferred from occupation,low,INCOME,"Less than $30,000","Less than $30,000",True,1.0556433474435472,2,2
FUD37B_W34,socioeco,inferred,,Inferred from occupation,low,INCOME,"$100,000 or more","Less than $30,000",False,0.6678532679999968,2,2
FUD37B_W34,socioeco,inferred,,Inferred from occupation,high,INCOME,"Less than $30,000","$100,000 or more",False,1.0556435014435679,2,2
FUD37B_W34,socioeco,inferred,,Inferred from occupation,high,INCOME,"$100,000 or more","$100,000 or more",True,0.6678534220000176,2,2
FUD37C_W34,socioeco,inferred,,Inferred from occupation,low,INCOME,"Less than $30,000","Less than $30,000",True,0.34234881512392795,2,2
FUD37C_W34,socioeco,inferred,,Inferred from occupation,low,INCOME,"$100,000 or more","Less than $30,000",False,0.366392446466898,2,2
FUD37C_W34,socioeco,inferred,,Inferred from occupation,high,INCOME,"Less than $30,000","$100,000 or more",False,0.5487483187156866,2,2
FUD37C_W34,socioeco,inferred,,Inferred from occupation,high,INCOME,"$100,000 or more","$100,000 or more",True,0.6005493217370172,2,2
BETTERBIZ1F2D_W36,socioeco,inferred,,Inferred from occupation,low,INCOME,"Less than $30,000","Less than $30,000",True,0.20106732,2,2
BETTERBIZ1F2D_W36,socioeco,inferred,,Inferred from occupation,low,INCOME,"$100,000 or more","Less than $30,000",False,0.14065105359348945,2,2
BETTERBIZ1F2D_W36,socioeco,inferred,,Inferred from occupation,high,INCOME,"Less than $30,000","$100,000 or more",False,0.20106732,2,2
BETTERBIZ1F2D_W36,socioeco,inferred,,Inferred from occupation,high,INCOME,"$100,000 or more","$100,000 or more",True,0.14065105359348945,2,2
BETTERBIZ1F2E_W36,socioeco,inferred,,Inferred from occupation,low,INCOME,"Less than $30,000","Less than $30,000",True,0.26022276,2,2
BETTERBIZ1F2E_W36,socioeco,inferred,,Inferred from occupation,low,INCOME,"$100,000 or more","Less than $30,000",False,0.234069815,2,2
BETTERBIZ1F2E_W36,socioeco,inferred,,Inferred from occupation,high,INCOME,"Less than $30,000","$100,000 or more",False,0.26022276,2,2
BETTERBIZ1F2E_W36,socioeco,inferred,,Inferred from occupation,high,INCOME,"$100,000 or more","$100,000 or more",True,0.234069815,2,2
BETTERBIZ1F2H_W36,socioeco,inferred,,Inferred from occupation,low,INCOME,"Less than $30,000","Less than $30,000",True,0.20804499791955003,2,2
BETTERBIZ1F2H_W36,socioeco,inferred,,Inferred from occupation,low,INCOME,"$100,000 or more","Less than $30,000",False,0.15493684000000002,2,2
BETTERBIZ1F2H_W36,socioeco,inferred,,Inferred from occupation,high,INCOME,"Less than $30,000","$100,000 or more",False,0.20804499791955003,2,2
BETTERBIZ1F2H_W36,socioeco,inferred,,Inferred from occupation,high,INCOME,"$100,000 or more","$100,000 or more",True,0.15493684000000002,2,2
BETTERBIZ2F2C_W36,socioeco,inferred,,Inferred from occupation,low,INCOME,"Less than $30,000","Less than $30,000",True,0.17195527500000002,2,2
BETTERBIZ2F2C_W36,socioeco,inferred,,Inferred from occupation,low,INCOME,"$100,000 or more","Less than $30,000",False,0.08799359000000004,2,2
BETTERBIZ2F2C_W36,socioeco,inferred,,Inferred from occupation,high,INCOME,"Less than $30,000","$100,000 or more",False,0.17195527500000002,2,2
BETTERBIZ2F2C_W36,socioeco,inferred,,Inferred from occupation,high,INCOME,"$100,000 or more","$100,000 or more",True,0.08799359000000004,2,2
BETTERBIZ2F2E_W36,socioeco,inferred,,Inferred from occupation,low,INCOME,"Less than $30,000","Less than $30,000",True,0.14788072500000002,2,2
BETTERBIZ2F2E_W36,socioeco,inferred,,Inferred from occupation,low,INCOME,"$100,000 or more","Less than $30,000",False,0.09382997999999998,2,2
BETTERBIZ2F2E_W36,socioeco,inferred,,Inferred from occupation,high,INCOME,"Less than $30,000","$100,000 or more",False,0.14788072500000002,2,2
BETTERBIZ2F2E_W36,socioeco,inferred,,Inferred from occupation,high,INCOME,"$100,000 or more","$100,000 or more",True,0.09382997999999998,2,2
BETTERBIZ2F2F_W36,socioeco,inferred,,Inferred from occupation,low,INCOME,"Less than $30,000","Less than $30,000",True,0.24780891000000002,2,2
BETTERBIZ2F2F_W36,socioeco,inferred,,Inferred from occupation,low,INCOME,"$100,000 or more","Less than $30,000",False,0.20456850999999998,2,2
BETTERBIZ2F2F_W36,socioeco,inferred,,Inferred from occupation,high,INCOME,"Less than $30,000","$100,000 or more",False,0.24780891000000002,2,2
BETTERBIZ2F2F_W36,socioeco,inferred,,Inferred from occupation,high,INCOME,"$100,000 or more","$100,000 or more",True,0.20456850999999998,2,2
BETTERPOL1F1B_W36,socioeco,inferred,,Inferred from occupation,low,INCOME,"Less than $30,000","Less than $30,000",True,0.34179769000000004,2,2
BETTERPOL1F1B_W36,socioeco,inferred,,Inferred from occupation,low,INCOME,"$100,000 or more","Less than $30,000",False,0.33443101999999997,2,2
BETTERPOL1F1B_W36,socioeco,inferred,,Inferred from occupation,high,INCOME,"Less than $30,000","$100,000 or more",False,0.34179768900000007,2,2
BETTERPOL1F1B_W36,socioeco,inferred,,Inferred from occupation,high,INCOME,"$100,000 or more","$100,000 or more",True,0.334431019,2,2
BETTERPOL1F1E_W36,socioeco,inferred,,Inferred from occupation,low,INCOME,"Less than $30,000","Less than $30,000",True,0.23980526500000002,2,2
BETTERPOL1F1E_W36,socioeco,inferred,,Inferred from occupation,low,INCOME,"$100,000 or more","Less than $30,000",False,0.22903589500000002,2,2
BETTERPOL1F1E_W36,socioeco,inferred,,Inferred from occupation,high,INCOME,"Less than $30,000","$100,000 or more",False,0.23980526500000002,2,2
BETTERPOL1F1E_W36,socioeco,inferred,,Inferred from occupation,high,INCOME,"$100,000 or more","$100,000 or more",True,0.22903589500000002,2,2
BETTERPOL1F1I_W36,socioeco,inferred,,Inferred from occupation,low,INCOME,"Less than $30,000","Less than $30,000",True,0.2548478230000002,2,2
BETTERPOL1F1I_W36,socioeco,inferred,,Inferred from occupation,low,INCOME,"$100,000 or more","Less than $30,000",False,0.24643723800000022,2,2
BETTERPOL1F1I_W36,socioeco,inferred,,Inferred from occupation,high,INCOME,"Less than $30,000","$100,000 or more",False,0.25484782000000034,2,2
BETTERPOL1F1I_W36,socioeco,inferred,,Inferred from occupation,high,INCOME,"$100,000 or more","$100,000 or more",True,0.24643723500000037,2,2
BETTERPOL2F1A_W36,socioeco,inferred,,Inferred from occupation,low,INCOME,"Less than $30,000","Less than $30,000",True,0.17039643999999998,2,2
BETTERPOL2F1A_W36,socioeco,inferred,,Inferred from occupation,low,INCOME,"$100,000 or more","Less than $30,000",False,0.10924539109245388,2,2
BETTERPOL2F1A_W36,socioeco,inferred,,Inferred from occupation,high,INCOME,"Less than $30,000","$100,000 or more",False,0.17039643999999998,2,2
BETTERPOL2F1A_W36,socioeco,inferred,,Inferred from occupation,high,INCOME,"$100,000 or more","$100,000 or more",True,0.10924539109245388,2,2
BETTERPOL2F1C_W36,socioeco,inferred,,Inferred from occupation,low,INCOME,"Less than $30,000","Less than $30,000",True,0.217204505,2,2
BETTERPOL2F1C_W36,socioeco,inferred,,Inferred from occupation,low,INCOME,"$100,000 or more","Less than $30,000",False,0.17940398500000002,2,2
BETTERPOL2F1C_W36,socioeco,inferred,,Inferred from occupation,high,INCOME,"Less than $30,000","$100,000 or more",False,0.217204505,2,2
BETTERPOL2F1C_W36,socioeco,inferred,,Inferred from occupation,high,INCOME,"$100,000 or more","$100,000 or more",True,0.17940398500000002,2,2
BETTERPOL2F1D_W36,socioeco,inferred,,Inferred from occupation,low,INCOME,"Less than $30,000","Less than $30,000",True,0.2197940728020593,2,2
BETTERPOL2F1D_W36,socioeco,inferred,,Inferred from occupation,low,INCOME,"$100,000 or more","Less than $30,000",False,0.17801408,2,2
BETTERPOL2F1D_W36,socioeco,inferred,,Inferred from occupation,high,INCOME,"Less than $30,000","$100,000 or more",False,0.2197940728020593,2,2
BETTERPOL2F1D_W36,socioeco,inferred,,Inferred from occupation,high,INCOME,"$100,000 or more","$100,000 or more",True,0.17801408,2,2
BETTERPOL2F1F_W36,socioeco,inferred,,Inferred from occupation,low,INCOME,"Less than $30,000","Less than $30,000",True,0.19884396301156032,2,2
BETTERPOL2F1F_W36,socioeco,inferred,,Inferred from occupation,low,INCOME,"$100,000 or more","Less than $30,000",False,0.19222949307770504,2,2
BETTERPOL2F1F_W36,socioeco,inferred,,Inferred from occupation,high,INCOME,"Less than $30,000","$100,000 or more",False,0.19884396301156032,2,2
BETTERPOL2F1F_W36,socioeco,inferred,,Inferred from occupation,high,INCOME,"$100,000 or more","$100,000 or more",True,0.19222949307770504,2,2
E5_W36,socioeco,inferred,,Inferred from occupation,low,INCOME,"Less than $30,000","Less than $30,000",True,0.9705377480001146,2,2
E5_W36,socioeco,inferred,,Inferred from occupation,low,INCOME,"$100,000 or more","Less than $30,000",False,1.4083310280001147,2,2
E5_W36,socioeco,inferred,,Inferred from occupation,high,INCOME,"Less than $30,000","$100,000 or more",False,0.9705398060000441,2,2
E5_W36,socioeco,inferred,,Inferred from occupation,high,INCOME,"$100,000 or more","$100,000 or more",True,1.408333086000044,2,2
ESSENBIZF2E_W36,socioeco,inferred,,Inferred from occupation,low,INCOME,"Less than $30,000","Less than $30,000",True,0.190530352,2,2
ESSENBIZF2E_W36,socioeco,inferred,,Inferred from occupation,low,INCOME,"$100,000 or more","Less than $30,000",False,0.2765361471010914,2,2
ESSENBIZF2E_W36,socioeco,inferred,,Inferred from occupation,high,INCOME,"Less than $30,000","$100,000 or more",False,0.5599580661784905,2,2
ESSENBIZF2E_W36,socioeco,inferred,,Inferred from occupation,high,INCOME,"$100,000 or more","$100,000 or more",True,0.5031721502543174,2,2
ESSENBIZF2J_W36,socioeco,inferred,,Inferred from occupation,low,INCOME,"Less than $30,000","Less than $30,000",True,0.2558242315639484,2,2
ESSENBIZF2J_W36,socioeco,inferred,,Inferred from occupation,low,INCOME,"$100,000 or more","Less than $30,000",False,0.08274318156394839,2,2
ESSENBIZF2J_W36,socioeco,inferred,,Inferred from occupation,high,INCOME,"Less than $30,000","$100,000 or more",False,0.31804616399999996,2,2
ESSENBIZF2J_W36,socioeco,inferred,,Inferred from occupation,high,INCOME,"$100,000 or more","$100,000 or more",True,0.5696809939999999,2,2
ESSENPOLF1A_W36,socioeco,inferred,,Inferred from occupation,low,INCOME,"Less than $30,000","Less than $30,000",True,0.2273699239885112,2,2
ESSENPOLF1A_W36,socioeco,inferred,,Inferred from occupation,low,INCOME,"$100,000 or more","Less than $30,000",False,0.05183551398851105,2,2
ESSENPOLF1A_W36,socioeco,inferred,,Inferred from occupation,high,INCOME,"Less than $30,000","$100,000 or more",False,0.22799516999953107,2,2
ESSENPOLF1A_W36,socioeco,inferred,,Inferred from occupation,high,INCOME,"$100,000 or more","$100,000 or more",True,0.052460759999530926,2,2
ESSENPOLF1B_W36,socioeco,inferred,,Inferred from occupation,low,INCOME,"Less than $30,000","Less than $30,000",True,0.754717084,2,2
ESSENPOLF1B_W36,socioeco,inferred,,Inferred from occupation,low,INCOME,"$100,000 or more","Less than $30,000",False,0.634540397391736,2,2
ESSENPOLF1B_W36,socioeco,inferred,,Inferred from occupation,high,INCOME,"Less than $30,000","$100,000 or more",False,0.7746635819619629,2,2
ESSENPOLF1B_W36,socioeco,inferred,,Inferred from occupation,high,INCOME,"$100,000 or more","$100,000 or more",True,0.6544868953536989,2,2
ESSENPOLF1D_W36,socioeco,inferred,,Inferred from occupation,low,INCOME,"Less than $30,000","Less than $30,000",True,0.783945652279935,2,2
ESSENPOLF1D_W36,socioeco,inferred,,Inferred from occupation,low,INCOME,"$100,000 or more","Less than $30,000",False,0.975480782279935,2,2
ESSENPOLF1D_W36,socioeco,inferred,,Inferred from occupation,high,INCOME,"Less than $30,000","$100,000 or more",False,0.7965030559695474,2,2
ESSENPOLF1D_W36,socioeco,inferred,,Inferred from occupation,high,INCOME,"$100,000 or more","$100,000 or more",True,0.8348389859695474,2,2
ESSENPOLF1G_W36,socioeco,inferred,,Inferred from occupation,low,INCOME,"Less than $30,000","Less than $30,000",True,0.49652635001675666,2,2
ESSENPOLF1G_W36,socioeco,inferred,,Inferred from occupation,low,INCOME,"$100,000 or more","Less than $30,000",False,0.5067601100167566,2,2
ESSENPOLF1G_W36,socioeco,inferred,,Inferred from occupation,high,INCOME,"Less than $30,000","$100,000 or more",False,0.4951542862730095,2,2
ESSENPOLF1G_W36,socioeco,inferred,,Inferred from occupation,high,INCOME,"$100,000 or more","$100,000 or more",True,0.5053880462730094,2,2
ESSENPOLF1H_W36,socioeco,inferred,,Inferred from occupation,low,INCOME,"Less than $30,000","Less than $30,000",True,0.3708827320000002,2,2
ESSENPOLF1H_W36,socioeco,inferred,,Inferred from occupation,low,INCOME,"$100,000 or more","Less than $30,000",False,0.34392663199999995,2,2
ESSENPOLF1H_W36,socioeco,inferred,,Inferred from occupation,high,INCOME,"Less than $30,000","$100,000 or more",False,0.4251716259949022,2,2
ESSENPOLF1H_W36,socioeco,inferred,,Inferred from occupation,high,INCOME,"$100,000 or more","$100,000 or more",True,0.39821552599490195,2,2
HIGHEDWRNGB_W36,socioeco,inferred,,Inferred from occupation,low,INCOME,"Less than $30,000","Less than $30,000",True,0.8625798171995915,2,2
HIGHEDWRNGB_W36,socioeco,inferred,,Inferred from occupation,low,INCOME,"$100,000 or more","Less than $30,000",False,0.9980350671995917,2,2
HIGHEDWRNGB_W36,socioeco,inferred,,Inferred from occupation,high,INCOME,"Less than $30,000","$100,000 or more",False,0.5330103198573082,2,2
HIGHEDWRNGB_W36,socioeco,inferred,,Inferred from occupation,high,INCOME,"$100,000 or more","$100,000 or more",True,0.7045880098573083,2,2
HIGHEDWRNGC_W36,socioeco,inferred,,Inferred from occupation,low,INCOME,"Less than $30,000","Less than $30,000",True,1.1464510014916156,2,2
HIGHEDWRNGC_W36,socioeco,inferred,,Inferred from occupation,low,INCOME,"$100,000 or more","Less than $30,000",False,1.2423558152411691,2,2
HIGHEDWRNGC_W36,socioeco,inferred,,Inferred from occupation,high,INCOME,"Less than $30,000","$100,000 or more",False,0.5935279978868648,2,2
HIGHEDWRNGC_W36,socioeco,inferred,,Inferred from occupation,high,INCOME,"$100,000 or more","$100,000 or more",True,0.6894328116364182,2,2
IMPROVE1_W36,socioeco,inferred,,Inferred from occupation,low,INCOME,"Less than $30,000","Less than $30,000",True,0.8895090800000341,2,2
IMPROVE1_W36,socioeco,inferred,,Inferred from occupation,low,INCOME,"$100,000 or more","Less than $30,000",False,0.989309730106908,2,2
IMPROVE1_W36,socioeco,inferred,,Inferred from occupation,high,INCOME,"Less than $30,000","$100,000 or more",False,0.8895113920000183,2,2
IMPROVE1_W36,socioeco,inferred,,Inferred from occupation,high,INCOME,"$100,000 or more","$100,000 or more",True,0.9893120421068922,2,2
IMPROVE2_W36,socioeco,inferred,,Inferred from occupation,low,INCOME,"Less than $30,000","Less than $30,000",True,0.6949451762659469,2,2
IMPROVE2_W36,socioeco,inferred,,Inferred from occupation,low,INCOME,"$100,000 or more","Less than $30,000",False,0.8012964062659468,2,2
IMPROVE2_W36,socioeco,inferred,,Inferred from occupation,high,INCOME,"Less than $30,000","$100,000 or more",False,0.7078207579957825,2,2
IMPROVE2_W36,socioeco,inferred,,Inferred from occupation,high,INCOME,"$100,000 or more","$100,000 or more",True,0.8141719879957824,2,2
IMPROVE3_W36,socioeco,inferred,,Inferred from occupation,low,INCOME,"Less than $30,000","Less than $30,000",True,1.0273144400169716,2,2
IMPROVE3_W36,socioeco,inferred,,Inferred from occupation,low,INCOME,"$100,000 or more","Less than $30,000",False,1.1949559019759595,2,2
IMPROVE3_W36,socioeco,inferred,,Inferred from occupation,high,INCOME,"Less than $30,000","$100,000 or more",False,1.028206603999797,2,2
IMPROVE3_W36,socioeco,inferred,,Inferred from occupation,high,INCOME,"$100,000 or more","$100,000 or more",True,1.195848065958785,2,2
MOREWMN1F2_W36,socioeco,inferred,,Inferred from occupation,low,INCOME,"Less than $30,000","Less than $30,000",True,0.05835268908222263,2,2
MOREWMN1F2_W36,socioeco,inferred,,Inferred from occupation,low,INCOME,"$100,000 or more","Less than $30,000",False,0.01910080946195486,2,2
MOREWMN1F2_W36,socioeco,inferred,,Inferred from occupation,high,INCOME,"Less than $30,000","$100,000 or more",False,0.08325302612609098,2,2
MOREWMN1F2_W36,socioeco,inferred,,Inferred from occupation,high,INCOME,"$100,000 or more","$100,000 or more",True,0.09164193267026821,2,2
POLCHF1_W36,socioeco,inferred,,Inferred from occupation,low,INCOME,"Less than $30,000","Less than $30,000",True,0.6514361834856381,2,2
POLCHF1_W36,socioeco,inferred,,Inferred from occupation,low,INCOME,"$100,000 or more","Less than $30,000",False,0.83565425,2,2
POLCHF1_W36,socioeco,inferred,,Inferred from occupation,high,INCOME,"Less than $30,000","$100,000 or more",False,0.6514361834856381,2,2
POLCHF1_W36,socioeco,inferred,,Inferred from occupation,high,INCOME,"$100,000 or more","$100,000 or more",True,0.83565425,2,2
TRAITBIZMF2C_W36,socioeco,inferred,,Inferred from occupation,low,INCOME,"Less than $30,000","Less than $30,000",True,0.25753154400000805,2,2
TRAITBIZMF2C_W36,socioeco,inferred,,Inferred from occupation,low,INCOME,"$100,000 or more","Less than $30,000",False,0.08285917200000775,2,2
TRAITBIZMF2C_W36,socioeco,inferred,,Inferred from occupation,high,INCOME,"Less than $30,000","$100,000 or more",False,0.257532112,2,2
TRAITBIZMF2C_W36,socioeco,inferred,,Inferred from occupation,high,INCOME,"$100,000 or more","$100,000 or more",True,0.08285971399999997,2,2
TRAITBIZMF2D_W36,socioeco,inferred,,Inferred from occupation,low,INCOME,"Less than $30,000","Less than $30,000",True,0.2521977380065982,2,2
TRAITBIZMF2D_W36,socioeco,inferred,,Inferred from occupation,low,INCOME,"$100,000 or more","Less than $30,000",False,0.2099679201088152,2,2
TRAITBIZMF2D_W36,socioeco,inferred,,Inferred from occupation,high,INCOME,"Less than $30,000","$100,000 or more",False,0.2524512889999982,2,2
TRAITBIZMF2D_W36,socioeco,inferred,,Inferred from occupation,high,INCOME,"$100,000 or more","$100,000 or more",True,0.21022147110221517,2,2
TRAITBIZMF2E_W36,socioeco,inferred,,Inferred from occupation,low,INCOME,"Less than $30,000","Less than $30,000",True,0.23699575800074396,2,2
TRAITBIZMF2E_W36,socioeco,inferred,,Inferred from occupation,low,INCOME,"$100,000 or more","Less than $30,000",False,0.081153773000744,2,2
TRAITBIZMF2E_W36,socioeco,inferred,,Inferred from occupation,high,INCOME,"Less than $30,000","$100,000 or more",False,0.23702660500000505,2,2
TRAITBIZMF2E_W36,socioeco,inferred,,Inferred from occupation,high,INCOME,"$100,000 or more","$100,000 or more",True,0.08118462000000509,2,2
TRAITBIZMF2G_W36,socioeco,inferred,,Inferred from occupation,low,INCOME,"Less than $30,000","Less than $30,000",True,0.2787639240207811,2,2
TRAITBIZMF2G_W36,socioeco,inferred,,Inferred from occupation,low,INCOME,"$100,000 or more","Less than $30,000",False,0.3535735740207811,2,2
TRAITBIZMF2G_W36,socioeco,inferred,,Inferred from occupation,high,INCOME,"Less than $30,000","$100,000 or more",False,0.2772995971541711,2,2
TRAITBIZMF2G_W36,socioeco,inferred,,Inferred from occupation,high,INCOME,"$100,000 or more","$100,000 or more",True,0.3521092471541711,2,2
TRAITBIZWF2C_W36,socioeco,inferred,,Inferred from occupation,low,INCOME,"Less than $30,000","Less than $30,000",True,0.3194478340072278,2,2
TRAITBIZWF2C_W36,socioeco,inferred,,Inferred from occupation,low,INCOME,"$100,000 or more","Less than $30,000",False,0.3262712840072279,2,2
TRAITBIZWF2C_W36,socioeco,inferred,,Inferred from occupation,high,INCOME,"Less than $30,000","$100,000 or more",False,0.31995836899983954,2,2
TRAITBIZWF2C_W36,socioeco,inferred,,Inferred from occupation,high,INCOME,"$100,000 or more","$100,000 or more",True,0.3267818189998396,2,2
TRAITBIZWF2D_W36,socioeco,inferred,,Inferred from occupation,low,INCOME,"Less than $30,000","Less than $30,000",True,0.24778487752283074,2,2
TRAITBIZWF2D_W36,socioeco,inferred,,Inferred from occupation,low,INCOME,"$100,000 or more","Less than $30,000",False,0.2801129550013592,2,2
TRAITBIZWF2D_W36,socioeco,inferred,,Inferred from occupation,high,INCOME,"Less than $30,000","$100,000 or more",False,0.247852755521474,2,2
TRAITBIZWF2D_W36,socioeco,inferred,,Inferred from occupation,high,INCOME,"$100,000 or more","$100,000 or more",True,0.28018083300000246,2,2
TRAITBIZWF2E_W36,socioeco,inferred,,Inferred from occupation,low,INCOME,"Less than $30,000","Less than $30,000",True,0.3499734470009549,2,2
TRAITBIZWF2E_W36,socioeco,inferred,,Inferred from occupation,low,INCOME,"$100,000 or more","Less than $30,000",False,0.33933173200095496,2,2
TRAITBIZWF2E_W36,socioeco,inferred,,Inferred from occupation,high,INCOME,"Less than $30,000","$100,000 or more",False,0.35000741299999905,2,2
TRAITBIZWF2E_W36,socioeco,inferred,,Inferred from occupation,high,INCOME,"$100,000 or more","$100,000 or more",True,0.3393656979999991,2,2
TRAITBIZWF2G_W36,socioeco,inferred,,Inferred from occupation,low,INCOME,"Less than $30,000","Less than $30,000",True,0.7488298568476082,2,2
TRAITBIZWF2G_W36,socioeco,inferred,,Inferred from occupation,low,INCOME,"$100,000 or more","Less than $30,000",False,0.8129684939101727,2,2
TRAITBIZWF2G_W36,socioeco,inferred,,Inferred from occupation,high,INCOME,"Less than $30,000","$100,000 or more",False,0.7054176352876577,2,2
TRAITBIZWF2G_W36,socioeco,inferred,,Inferred from occupation,high,INCOME,"$100,000 or more","$100,000 or more",True,0.7695562723502221,2,2
TRAITPOLMF1B_W36,socioeco,inferred,,Inferred from occupation,low,INCOME,"Less than $30,000","Less than $30,000",True,0.23083554151474908,2,2
TRAITPOLMF1B_W36,socioeco,inferred,,Inferred from occupation,low,INCOME,"$100,000 or more","Less than $30,000",False,0.19959914292524616,2,2
TRAITPOLMF1B_W36,socioeco,inferred,,Inferred from occupation,high,INCOME,"Less than $30,000","$100,000 or more",False,0.2999618925838975,2,2
TRAITPOLMF1B_W36,socioeco,inferred,,Inferred from occupation,high,INCOME,"$100,000 or more","$100,000 or more",True,0.26872549399439455,2,2
TRAITPOLMF1C_W36,socioeco,inferred,,Inferred from occupation,low,INCOME,"Less than $30,000","Less than $30,000",True,0.21997198740466867,2,2
TRAITPOLMF1C_W36,socioeco,inferred,,Inferred from occupation,low,INCOME,"$100,000 or more","Less than $30,000",False,0.1316203865211526,2,2
TRAITPOLMF1C_W36,socioeco,inferred,,Inferred from occupation,high,INCOME,"Less than $30,000","$100,000 or more",False,0.2422648254235315,2,2
TRAITPOLMF1C_W36,socioeco,inferred,,Inferred from occupation,high,INCOME,"$100,000 or more","$100,000 or more",True,0.15391322454001544,2,2
TRAITPOLMF1D_W36,socioeco,inferred,,Inferred from occupation,low,INCOME,"Less than $30,000","Less than $30,000",True,0.2152917740000202,2,2
TRAITPOLMF1D_W36,socioeco,inferred,,Inferred from occupation,low,INCOME,"$100,000 or more","Less than $30,000",False,0.15061684400002012,2,2
TRAITPOLMF1D_W36,socioeco,inferred,,Inferred from occupation,high,INCOME,"Less than $30,000","$100,000 or more",False,0.2152928319999996,2,2
TRAITPOLMF1D_W36,socioeco,inferred,,Inferred from occupation,high,INCOME,"$100,000 or more","$100,000 or more",True,0.15061790199999953,2,2
TRAITPOLMF1E_W36,socioeco,inferred,,Inferred from occupation,low,INCOME,"Less than $30,000","Less than $30,000",True,0.2261050210270779,2,2
TRAITPOLMF1E_W36,socioeco,inferred,,Inferred from occupation,low,INCOME,"$100,000 or more","Less than $30,000",False,0.06765148102707796,2,2
TRAITPOLMF1E_W36,socioeco,inferred,,Inferred from occupation,high,INCOME,"Less than $30,000","$100,000 or more",False,0.2270633180002105,2,2
TRAITPOLMF1E_W36,socioeco,inferred,,Inferred from occupation,high,INCOME,"$100,000 or more","$100,000 or more",True,0.06860977800021056,2,2
TRAITPOLMF1F_W36,socioeco,inferred,,Inferred from occupation,low,INCOME,"Less than $30,000","Less than $30,000",True,0.4517338274049615,2,2
TRAITPOLMF1F_W36,socioeco,inferred,,Inferred from occupation,low,INCOME,"$100,000 or more","Less than $30,000",False,0.34735729240496155,2,2
TRAITPOLMF1F_W36,socioeco,inferred,,Inferred from occupation,high,INCOME,"Less than $30,000","$100,000 or more",False,0.4470991357986369,2,2
TRAITPOLMF1F_W36,socioeco,inferred,,Inferred from occupation,high,INCOME,"$100,000 or more","$100,000 or more",True,0.3427226007986369,2,2
TRAITPOLMF1G_W36,socioeco,inferred,,Inferred from occupation,low,INCOME,"Less than $30,000","Less than $30,000",True,0.13303425927765075,2,2
TRAITPOLMF1G_W36,socioeco,inferred,,Inferred from occupation,low,INCOME,"$100,000 or more","Less than $30,000",False,0.020146720722342082,2,2
TRAITPOLMF1G_W36,socioeco,inferred,,Inferred from occupation,high,INCOME,"Less than $30,000","$100,000 or more",False,0.20078416964412502,2,2
TRAITPOLMF1G_W36,socioeco,inferred,,Inferred from occupation,high,INCOME,"$100,000 or more","$100,000 or more",True,0.05850820964412501,2,2
TRAITPOLWF1A_W36,socioeco,inferred,,Inferred from occupation,low,INCOME,"Less than $30,000","Less than $30,000",True,0.26754391399992367,2,2
TRAITPOLWF1A_W36,socioeco,inferred,,Inferred from occupation,low,INCOME,"$100,000 or more","Less than $30,000",False,0.24501378645044258,2,2
TRAITPOLWF1A_W36,socioeco,inferred,,Inferred from occupation,high,INCOME,"Less than $30,000","$100,000 or more",False,0.2675777009999221,2,2
TRAITPOLWF1A_W36,socioeco,inferred,,Inferred from occupation,high,INCOME,"$100,000 or more","$100,000 or more",True,0.24504757345044104,2,2
TRAITPOLWF1C_W36,socioeco,inferred,,Inferred from occupation,low,INCOME,"Less than $30,000","Less than $30,000",True,0.298134252657189,2,2
TRAITPOLWF1C_W36,socioeco,inferred,,Inferred from occupation,low,INCOME,"$100,000 or more","Less than $30,000",False,0.371961749351693,2,2
TRAITPOLWF1C_W36,socioeco,inferred,,Inferred from occupation,high,INCOME,"Less than $30,000","$100,000 or more",False,0.32678472421513904,2,2
TRAITPOLWF1C_W36,socioeco,inferred,,Inferred from occupation,high,INCOME,"$100,000 or more","$100,000 or more",True,0.40061222090964305,2,2
TRAITPOLWF1D_W36,socioeco,inferred,,Inferred from occupation,low,INCOME,"Less than $30,000","Less than $30,000",True,0.22750274600000625,2,2
TRAITPOLWF1D_W36,socioeco,inferred,,Inferred from occupation,low,INCOME,"$100,000 or more","Less than $30,000",False,0.11055046600000629,2,2
TRAITPOLWF1D_W36,socioeco,inferred,,Inferred from occupation,high,INCOME,"Less than $30,000","$100,000 or more",False,0.22750295400000042,2,2
TRAITPOLWF1D_W36,socioeco,inferred,,Inferred from occupation,high,INCOME,"$100,000 or more","$100,000 or more",True,0.11055067400000046,2,2
TRAITPOLWF1E_W36,socioeco,inferred,,Inferred from occupation,low,INCOME,"Less than $30,000","Less than $30,000",True,0.35129610048562876,2,2
TRAITPOLWF1E_W36,socioeco,inferred,,Inferred from occupation,low,INCOME,"$100,000 or more","Less than $30,000",False,0.39092027899886095,2,2
TRAITPOLWF1E_W36,socioeco,inferred,,Inferred from occupation,high,INCOME,"Less than $30,000","$100,000 or more",False,0.35132237848677633,2,2
TRAITPOLWF1E_W36,socioeco,inferred,,Inferred from occupation,high,INCOME,"$100,000 or more","$100,000 or more",True,0.3909465570000085,2,2
TRAITPOLWF1F_W36,socioeco,inferred,,Inferred from occupation,low,INCOME,"Less than $30,000","Less than $30,000",True,0.3310613551628313,2,2
TRAITPOLWF1F_W36,socioeco,inferred,,Inferred from occupation,low,INCOME,"$100,000 or more","Less than $30,000",False,0.2508270351628314,2,2
TRAITPOLWF1F_W36,socioeco,inferred,,Inferred from occupation,high,INCOME,"Less than $30,000","$100,000 or more",False,0.3442893107252011,2,2
TRAITPOLWF1F_W36,socioeco,inferred,,Inferred from occupation,high,INCOME,"$100,000 or more","$100,000 or more",True,0.2640549907252011,2,2
TRAITPOLWF1G_W36,socioeco,inferred,,Inferred from occupation,low,INCOME,"Less than $30,000","Less than $30,000",True,0.37537412313038326,2,2
TRAITPOLWF1G_W36,socioeco,inferred,,Inferred from occupation,low,INCOME,"$100,000 or more","Less than $30,000",False,0.44242510813038316,2,2
TRAITPOLWF1G_W36,socioeco,inferred,,Inferred from occupation,high,INCOME,"Less than $30,000","$100,000 or more",False,0.566248488083716,2,2
TRAITPOLWF1G_W36,socioeco,inferred,,Inferred from occupation,high,INCOME,"$100,000 or more","$100,000 or more",True,0.6332994730837158,2,2
WHYNOTBIZF2A_W36,socioeco,inferred,,Inferred from occupation,low,INCOME,"Less than $30,000","Less than $30,000",True,0.532063257486912,2,2
WHYNOTBIZF2A_W36,socioeco,inferred,,Inferred from occupation,low,INCOME,"$100,000 or more","Less than $30,000",False,0.696096077486912,2,2
WHYNOTBIZF2A_W36,socioeco,inferred,,Inferred from occupation,high,INCOME,"Less than $30,000","$100,000 or more",False,0.5541963119928652,2,2
WHYNOTBIZF2A_W36,socioeco,inferred,,Inferred from occupation,high,INCOME,"$100,000 or more","$100,000 or more",True,0.7182291319928652,2,2
WHYNOTBIZF2B_W36,socioeco,inferred,,Inferred from occupation,low,INCOME,"Less than $30,000","Less than $30,000",True,0.5428266279999905,2,2
WHYNOTBIZF2B_W36,socioeco,inferred,,Inferred from occupation,low,INCOME,"$100,000 or more","Less than $30,000",False,0.7182222579999904,2,2
WHYNOTBIZF2B_W36,socioeco,inferred,,Inferred from occupation,high,INCOME,"Less than $30,000","$100,000 or more",False,0.5428288159999994,2,2
WHYNOTBIZF2B_W36,socioeco,inferred,,Inferred from occupation,high,INCOME,"$100,000 or more","$100,000 or more",True,0.7182244459999995,2,2
WHYNOTBIZF2D_W36,socioeco,inferred,,Inferred from occupation,low,INCOME,"Less than $30,000","Less than $30,000",True,0.3046658552446625,2,2
WHYNOTBIZF2D_W36,socioeco,inferred,,Inferred from occupation,low,INCOME,"$100,000 or more","Less than $30,000",False,0.3984767452446625,2,2
WHYNOTBIZF2D_W36,socioeco,inferred,,Inferred from occupation,high,INCOME,"Less than $30,000","$100,000 or more",False,0.4746676830219216,2,2
WHYNOTBIZF2D_W36,socioeco,inferred,,Inferred from occupation,high,INCOME,"$100,000 or more","$100,000 or more",True,0.5684785730219216,2,2
WHYNOTBIZF2F_W36,socioeco,inferred,,Inferred from occupation,low,INCOME,"Less than $30,000","Less than $30,000",True,0.4155042856977331,2,2
WHYNOTBIZF2F_W36,socioeco,inferred,,Inferred from occupation,low,INCOME,"$100,000 or more","Less than $30,000",False,0.10010093569773312,2,2
WHYNOTBIZF2F_W36,socioeco,inferred,,Inferred from occupation,high,INCOME,"Less than $30,000","$100,000 or more",False,0.4856165447597972,2,2
WHYNOTBIZF2F_W36,socioeco,inferred,,Inferred from occupation,high,INCOME,"$100,000 or more","$100,000 or more",True,0.17021319475979715,2,2
WHYNOTBIZF2G_W36,socioeco,inferred,,Inferred from occupation,low,INCOME,"Less than $30,000","Less than $30,000",True,1.021745,2,2
WHYNOTBIZF2G_W36,socioeco,inferred,,Inferred from occupation,low,INCOME,"$100,000 or more","Less than $30,000",False,1.1147952700000001,2,2
WHYNOTBIZF2G_W36,socioeco,inferred,,Inferred from occupation,high,INCOME,"Less than $30,000","$100,000 or more",False,1.0235271219926507,2,2
WHYNOTBIZF2G_W36,socioeco,inferred,,Inferred from occupation,high,INCOME,"$100,000 or more","$100,000 or more",True,1.1165773919926507,2,2
WHYNOTBIZF2H_W36,socioeco,inferred,,Inferred from occupation,low,INCOME,"Less than $30,000","Less than $30,000",True,0.5103165051035011,2,2
WHYNOTBIZF2H_W36,socioeco,inferred,,Inferred from occupation,low,INCOME,"$100,000 or more","Less than $30,000",False,0.6700314432996854,2,2
WHYNOTBIZF2H_W36,socioeco,inferred,,Inferred from occupation,high,INCOME,"Less than $30,000","$100,000 or more",False,0.5103300311033986,2,2
WHYNOTBIZF2H_W36,socioeco,inferred,,Inferred from occupation,high,INCOME,"$100,000 or more","$100,000 or more",True,0.6700449692995829,2,2
WHYNOTBIZF2J_W36,socioeco,inferred,,Inferred from occupation,low,INCOME,"Less than $30,000","Less than $30,000",True,0.8148411478515891,2,2
WHYNOTBIZF2J_W36,socioeco,inferred,,Inferred from occupation,low,INCOME,"$100,000 or more","Less than $30,000",False,0.8847634060000047,2,2
WHYNOTBIZF2J_W36,socioeco,inferred,,Inferred from occupation,high,INCOME,"Less than $30,000","$100,000 or more",False,0.8148414578515835,2,2
WHYNOTBIZF2J_W36,socioeco,inferred,,Inferred from occupation,high,INCOME,"$100,000 or more","$100,000 or more",True,0.884763715999999,2,2
WHYNOTBIZF2M_W36,socioeco,inferred,,Inferred from occupation,low,INCOME,"Less than $30,000","Less than $30,000",True,0.7455635089834123,2,2
WHYNOTBIZF2M_W36,socioeco,inferred,,Inferred from occupation,low,INCOME,"$100,000 or more","Less than $30,000",False,0.8097519774179741,2,2
WHYNOTBIZF2M_W36,socioeco,inferred,,Inferred from occupation,high,INCOME,"Less than $30,000","$100,000 or more",False,1.0269674890462057,2,2
WHYNOTBIZF2M_W36,socioeco,inferred,,Inferred from occupation,high,INCOME,"$100,000 or more","$100,000 or more",True,1.0911559574807677,2,2
WHYNOTBIZF2N_W36,socioeco,inferred,,Inferred from occupation,low,INCOME,"Less than $30,000","Less than $30,000",True,1.1237886559997272,2,2
WHYNOTBIZF2N_W36,socioeco,inferred,,Inferred from occupation,low,INCOME,"$100,000 or more","Less than $30,000",False,1.120683945999727,2,2
WHYNOTBIZF2N_W36,socioeco,inferred,,Inferred from occupation,high,INCOME,"Less than $30,000","$100,000 or more",False,1.1238118520000904,2,2
WHYNOTBIZF2N_W36,socioeco,inferred,,Inferred from occupation,high,INCOME,"$100,000 or more","$100,000 or more",True,1.1207071420000903,2,2
WHYNOTBIZF2O_W36,socioeco,inferred,,Inferred from occupation,low,INCOME,"Less than $30,000","Less than $30,000",True,0.6467031260000006,2,2
WHYNOTBIZF2O_W36,socioeco,inferred,,Inferred from occupation,low,INCOME,"$100,000 or more","Less than $30,000",False,0.9709937057099379,2,2
WHYNOTBIZF2O_W36,socioeco,inferred,,Inferred from occupation,high,INCOME,"Less than $30,000","$100,000 or more",False,0.6467031340000001,2,2
WHYNOTBIZF2O_W36,socioeco,inferred,,Inferred from occupation,high,INCOME,"$100,000 or more","$100,000 or more",True,0.9709937137099375,2,2
WHYNOTPOLF1A_W36,socioeco,inferred,,Inferred from occupation,low,INCOME,"Less than $30,000","Less than $30,000",True,0.6665184603616847,2,2
WHYNOTPOLF1A_W36,socioeco,inferred,,Inferred from occupation,low,INCOME,"$100,000 or more","Less than $30,000",False,0.7977975773936087,2,2
WHYNOTPOLF1A_W36,socioeco,inferred,,Inferred from occupation,high,INCOME,"Less than $30,000","$100,000 or more",False,0.7024402689831183,2,2
WHYNOTPOLF1A_W36,socioeco,inferred,,Inferred from occupation,high,INCOME,"$100,000 or more","$100,000 or more",True,0.8337193860150421,2,2
WHYNOTPOLF1B_W36,socioeco,inferred,,Inferred from occupation,low,INCOME,"Less than $30,000","Less than $30,000",True,0.6635664106356828,2,2
WHYNOTPOLF1B_W36,socioeco,inferred,,Inferred from occupation,low,INCOME,"$100,000 or more","Less than $30,000",False,0.7901123540000151,2,2
WHYNOTPOLF1B_W36,socioeco,inferred,,Inferred from occupation,high,INCOME,"Less than $30,000","$100,000 or more",False,0.6635667126356681,2,2
WHYNOTPOLF1B_W36,socioeco,inferred,,Inferred from occupation,high,INCOME,"$100,000 or more","$100,000 or more",True,0.7901126560000005,2,2
WHYNOTPOLF1C_W36,socioeco,inferred,,Inferred from occupation,low,INCOME,"Less than $30,000","Less than $30,000",True,0.827387196273828,2,2
WHYNOTPOLF1C_W36,socioeco,inferred,,Inferred from occupation,low,INCOME,"$100,000 or more","Less than $30,000",False,0.7394286753942426,2,2
WHYNOTPOLF1C_W36,socioeco,inferred,,Inferred from occupation,high,INCOME,"Less than $30,000","$100,000 or more",False,0.8273903662739086,2,2
WHYNOTPOLF1C_W36,socioeco,inferred,,Inferred from occupation,high,INCOME,"$100,000 or more","$100,000 or more",True,0.7394318453943234,2,2
WHYNOTPOLF1E_W36,socioeco,inferred,,Inferred from occupation,low,INCOME,"Less than $30,000","Less than $30,000",True,0.5842889832690927,2,2
WHYNOTPOLF1E_W36,socioeco,inferred,,Inferred from occupation,low,INCOME,"$100,000 or more","Less than $30,000",False,0.7659762632690927,2,2
WHYNOTPOLF1E_W36,socioeco,inferred,,Inferred from occupation,high,INCOME,"Less than $30,000","$100,000 or more",False,0.9875040002152563,2,2
WHYNOTPOLF1E_W36,socioeco,inferred,,Inferred from occupation,high,INCOME,"$100,000 or more","$100,000 or more",True,1.1691912802152564,2,2
WHYNOTPOLF1G_W36,socioeco,inferred,,Inferred from occupation,low,INCOME,"Less than $30,000","Less than $30,000",True,0.7390845729924176,2,2
WHYNOTPOLF1G_W36,socioeco,inferred,,Inferred from occupation,low,INCOME,"$100,000 or more","Less than $30,000",False,0.8472092429924176,2,2
WHYNOTPOLF1G_W36,socioeco,inferred,,Inferred from occupation,high,INCOME,"Less than $30,000","$100,000 or more",False,0.8461840359648309,2,2
WHYNOTPOLF1G_W36,socioeco,inferred,,Inferred from occupation,high,INCOME,"$100,000 or more","$100,000 or more",True,0.9543087059648308,2,2
WHYNOTPOLF1I_W36,socioeco,inferred,,Inferred from occupation,low,INCOME,"Less than $30,000","Less than $30,000",True,1.071523815658036,2,2
WHYNOTPOLF1I_W36,socioeco,inferred,,Inferred from occupation,low,INCOME,"$100,000 or more","Less than $30,000",False,0.9823339056637147,2,2
WHYNOTPOLF1I_W36,socioeco,inferred,,Inferred from occupation,high,INCOME,"Less than $30,000","$100,000 or more",False,1.0844746861907777,2,2
WHYNOTPOLF1I_W36,socioeco,inferred,,Inferred from occupation,high,INCOME,"$100,000 or more","$100,000 or more",True,0.9952847761964563,2,2
WHYNOTPOLF1J_W36,socioeco,inferred,,Inferred from occupation,low,INCOME,"Less than $30,000","Less than $30,000",True,0.8082741519985523,2,2
WHYNOTPOLF1J_W36,socioeco,inferred,,Inferred from occupation,low,INCOME,"$100,000 or more","Less than $30,000",False,0.7186505391857815,2,2
WHYNOTPOLF1J_W36,socioeco,inferred,,Inferred from occupation,high,INCOME,"Less than $30,000","$100,000 or more",False,0.8083437060000281,2,2
WHYNOTPOLF1J_W36,socioeco,inferred,,Inferred from occupation,high,INCOME,"$100,000 or more","$100,000 or more",True,0.7187200931872573,2,2
WHYNOTPOLF1K_W36,socioeco,inferred,,Inferred from occupation,low,INCOME,"Less than $30,000","Less than $30,000",True,0.243558961570943,2,2
WHYNOTPOLF1K_W36,socioeco,inferred,,Inferred from occupation,low,INCOME,"$100,000 or more","Less than $30,000",False,0.226642851570943,2,2
WHYNOTPOLF1K_W36,socioeco,inferred,,Inferred from occupation,high,INCOME,"Less than $30,000","$100,000 or more",False,0.37919940353077486,2,2
WHYNOTPOLF1K_W36,socioeco,inferred,,Inferred from occupation,high,INCOME,"$100,000 or more","$100,000 or more",True,0.3622832935307748,2,2
WHYNOTPOLF1L_W36,socioeco,inferred,,Inferred from occupation,low,INCOME,"Less than $30,000","Less than $30,000",True,0.6961635249616536,2,2
WHYNOTPOLF1L_W36,socioeco,inferred,,Inferred from occupation,low,INCOME,"$100,000 or more","Less than $30,000",False,0.9855729879999726,2,2
WHYNOTPOLF1L_W36,socioeco,inferred,,Inferred from occupation,high,INCOME,"Less than $30,000","$100,000 or more",False,0.6961677329616824,2,2
WHYNOTPOLF1L_W36,socioeco,inferred,,Inferred from occupation,high,INCOME,"$100,000 or more","$100,000 or more",True,0.9855771960000015,2,2
WMNPRZ1_W36,socioeco,inferred,,Inferred from occupation,low,INCOME,"Less than $30,000","Less than $30,000",True,0.5926129160134985,2,2
WMNPRZ1_W36,socioeco,inferred,,Inferred from occupation,low,INCOME,"$100,000 or more","Less than $30,000",False,0.6217282060134987,2,2
WMNPRZ1_W36,socioeco,inferred,,Inferred from occupation,high,INCOME,"Less than $30,000","$100,000 or more",False,0.5923742479904686,2,2
WMNPRZ1_W36,socioeco,inferred,,Inferred from occupation,high,INCOME,"$100,000 or more","$100,000 or more",True,0.6214895379904687,2,2
AUTOLKLY_W41,socioeco,inferred,,Inferred from occupation,low,INCOME,"Less than $30,000","Less than $30,000",True,0.8876712511557808,2,2
AUTOLKLY_W41,socioeco,inferred,,Inferred from occupation,low,INCOME,"$100,000 or more","Less than $30,000",False,1.1413082600649869,2,2
AUTOLKLY_W41,socioeco,inferred,,Inferred from occupation,high,INCOME,"Less than $30,000","$100,000 or more",False,0.8862482131094833,2,2
AUTOLKLY_W41,socioeco,inferred,,Inferred from occupation,high,INCOME,"$100,000 or more","$100,000 or more",True,1.1398852220186895,2,2
AUTOWKPLC_W41,socioeco,inferred,,Inferred from occupation,low,INCOME,"Less than $30,000","Less than $30,000",True,0.388351718,2,2
AUTOWKPLC_W41,socioeco,inferred,,Inferred from occupation,low,INCOME,"$100,000 or more","Less than $30,000",False,0.43898675300000006,2,2
AUTOWKPLC_W41,socioeco,inferred,,Inferred from occupation,high,INCOME,"Less than $30,000","$100,000 or more",False,0.38658035798222923,2,2
AUTOWKPLC_W41,socioeco,inferred,,Inferred from occupation,high,INCOME,"$100,000 or more","$100,000 or more",True,0.4372153929822292,2,2
ETHNCMAJMOD_W41,socioeco,inferred,,Inferred from occupation,low,INCOME,"Less than $30,000","Less than $30,000",True,0.8300341678725367,2,2
ETHNCMAJMOD_W41,socioeco,inferred,,Inferred from occupation,low,INCOME,"$100,000 or more","Less than $30,000",False,0.7891741878725366,2,2
ETHNCMAJMOD_W41,socioeco,inferred,,Inferred from occupation,high,INCOME,"Less than $30,000","$100,000 or more",False,1.143230881528417,2,2
ETHNCMAJMOD_W41,socioeco,inferred,,Inferred from occupation,high,INCOME,"$100,000 or more","$100,000 or more",True,1.1023709015284169,2,2
FTRWORRYc_W41,socioeco,inferred,,Inferred from occupation,low,INCOME,"Less than $30,000","Less than $30,000",True,0.550560919588209,2,2
FTRWORRYc_W41,socioeco,inferred,,Inferred from occupation,low,INCOME,"$100,000 or more","Less than $30,000",False,0.6636916441661709,2,2
FTRWORRYc_W41,socioeco,inferred,,Inferred from occupation,high,INCOME,"Less than $30,000","$100,000 or more",False,0.6692016144549442,2,2
FTRWORRYc_W41,socioeco,inferred,,Inferred from occupation,high,INCOME,"$100,000 or more","$100,000 or more",True,0.6207954608378775,2,2
FTRWORRYe_W41,socioeco,inferred,,Inferred from occupation,low,INCOME,"Less than $30,000","Less than $30,000",True,1.1669991802729556,2,2
FTRWORRYe_W41,socioeco,inferred,,Inferred from occupation,low,INCOME,"$100,000 or more","Less than $30,000",False,1.1252775802729555,2,2
FTRWORRYe_W41,socioeco,inferred,,Inferred from occupation,high,INCOME,"Less than $30,000","$100,000 or more",False,1.2059463059963533,2,2
FTRWORRYe_W41,socioeco,inferred,,Inferred from occupation,high,INCOME,"$100,000 or more","$100,000 or more",True,1.1642247059963535,2,2
FTRWORRYf_W41,socioeco,inferred,,Inferred from occupation,low,INCOME,"Less than $30,000","Less than $30,000",True,0.7263204767367955,2,2
FTRWORRYf_W41,socioeco,inferred,,Inferred from occupation,low,INCOME,"$100,000 or more","Less than $30,000",False,0.7813468061865315,2,2
FTRWORRYf_W41,socioeco,inferred,,Inferred from occupation,high,INCOME,"Less than $30,000","$100,000 or more",False,0.8712731092620608,2,2
FTRWORRYf_W41,socioeco,inferred,,Inferred from occupation,high,INCOME,"$100,000 or more","$100,000 or more",True,0.9262994387117969,2,2
FUTRCLASSb_W41,socioeco,inferred,,Inferred from occupation,low,INCOME,"Less than $30,000","Less than $30,000",True,0.45467230454693053,2,2
FUTRCLASSb_W41,socioeco,inferred,,Inferred from occupation,low,INCOME,"$100,000 or more","Less than $30,000",False,0.3677425286776328,2,2
FUTRCLASSb_W41,socioeco,inferred,,Inferred from occupation,high,INCOME,"Less than $30,000","$100,000 or more",False,0.45468837554690344,2,2
FUTRCLASSb_W41,socioeco,inferred,,Inferred from occupation,high,INCOME,"$100,000 or more","$100,000 or more",True,0.36775859967760577,2,2
FUTRCLASSc_W41,socioeco,inferred,,Inferred from occupation,low,INCOME,"Less than $30,000","Less than $30,000",True,0.3209152899999946,2,2
FUTRCLASSc_W41,socioeco,inferred,,Inferred from occupation,low,INCOME,"$100,000 or more","Less than $30,000",False,0.21951718499999456,2,2
FUTRCLASSc_W41,socioeco,inferred,,Inferred from occupation,high,INCOME,"Less than $30,000","$100,000 or more",False,0.3209145309999806,2,2
FUTRCLASSc_W41,socioeco,inferred,,Inferred from occupation,high,INCOME,"$100,000 or more","$100,000 or more",True,0.21951642599998056,2,2
FUTR_DIV_W41,socioeco,inferred,,Inferred from occupation,low,INCOME,"Less than $30,000","Less than $30,000",True,0.5478893824611654,2,2
FUTR_DIV_W41,socioeco,inferred,,Inferred from occupation,low,INCOME,"$100,000 or more","Less than $30,000",False,0.5706560480399606,2,2
FUTR_DIV_W41,socioeco,inferred,,Inferred from occupation,high,INCOME,"Less than $30,000","$100,000 or more",False,0.5552973334057115,2,2
FUTR_DIV_W41,socioeco,inferred,,Inferred from occupation,high,INCOME,"$100,000 or more","$100,000 or more",True,0.5780639989845069,2,2
GOVPRIOb_W41,socioeco,inferred,,Inferred from occupation,low,INCOME,"Less than $30,000","Less than $30,000",True,0.5271698712717594,2,2
GOVPRIOb_W41,socioeco,inferred,,Inferred from occupation,low,INCOME,"$100,000 or more","Less than $30,000",False,0.6679528359997557,2,2
GOVPRIOb_W41,socioeco,inferred,,Inferred from occupation,high,INCOME,"Less than $30,000","$100,000 or more",False,0.5271975272720497,2,2
GOVPRIOb_W41,socioeco,inferred,,Inferred from occupation,high,INCOME,"$100,000 or more","$100,000 or more",True,0.6679804920000461,2,2
GOVPRIOc_W41,socioeco,inferred,,Inferred from occupation,low,INCOME,"Less than $30,000","Less than $30,000",True,0.362344306000002,2,2
GOVPRIOc_W41,socioeco,inferred,,Inferred from occupation,low,INCOME,"$100,000 or more","Less than $30,000",False,0.5519247660000021,2,2
GOVPRIOc_W41,socioeco,inferred,,Inferred from occupation,high,INCOME,"Less than $30,000","$100,000 or more",False,0.36234435999999937,2,2
GOVPRIOc_W41,socioeco,inferred,,Inferred from occupation,high,INCOME,"$100,000 or more","$100,000 or more",True,0.5519248199999994,2,2
GOVPRIOe_W41,socioeco,inferred,,Inferred from occupation,low,INCOME,"Less than $30,000","Less than $30,000",True,0.647084744000117,2,2
GOVPRIOe_W41,socioeco,inferred,,Inferred from occupation,low,INCOME,"$100,000 or more","Less than $30,000",False,0.918068874000117,2,2
GOVPRIOe_W41,socioeco,inferred,,Inferred from occupation,high,INCOME,"Less than $30,000","$100,000 or more",False,0.6470947640000917,2,2
GOVPRIOe_W41,socioeco,inferred,,Inferred from occupation,high,INCOME,"$100,000 or more","$100,000 or more",True,0.9180788940000918,2,2
GOVPRIOfF1_W41,socioeco,inferred,,Inferred from occupation,low,INCOME,"Less than $30,000","Less than $30,000",True,0.6509323329913852,2,2
GOVPRIOfF1_W41,socioeco,inferred,,Inferred from occupation,low,INCOME,"$100,000 or more","Less than $30,000",False,0.5387304154673772,2,2
GOVPRIOfF1_W41,socioeco,inferred,,Inferred from occupation,high,INCOME,"Less than $30,000","$100,000 or more",False,0.8437424503337643,2,2
GOVPRIOfF1_W41,socioeco,inferred,,Inferred from occupation,high,INCOME,"$100,000 or more","$100,000 or more",True,0.7315405328097563,2,2
GOVPRIOgF1_W41,socioeco,inferred,,Inferred from occupation,low,INCOME,"Less than $30,000","Less than $30,000",True,1.1021739832192985,2,2
GOVPRIOgF1_W41,socioeco,inferred,,Inferred from occupation,low,INCOME,"$100,000 or more","Less than $30,000",False,0.9757043120329265,2,2
GOVPRIOgF1_W41,socioeco,inferred,,Inferred from occupation,high,INCOME,"Less than $30,000","$100,000 or more",False,1.0803984083335356,2,2
GOVPRIOgF1_W41,socioeco,inferred,,Inferred from occupation,high,INCOME,"$100,000 or more","$100,000 or more",True,0.9539287371471638,2,2
GOVPRIOhF1_W41,socioeco,inferred,,Inferred from occupation,low,INCOME,"Less than $30,000","Less than $30,000",True,1.0928351636223317,2,2
GOVPRIOhF1_W41,socioeco,inferred,,Inferred from occupation,low,INCOME,"$100,000 or more","Less than $30,000",False,0.8969142627803085,2,2
GOVPRIOhF1_W41,socioeco,inferred,,Inferred from occupation,high,INCOME,"Less than $30,000","$100,000 or more",False,1.106417945957595,2,2
GOVPRIOhF1_W41,socioeco,inferred,,Inferred from occupation,high,INCOME,"$100,000 or more","$100,000 or more",True,0.9104970451155717,2,2
GOVPRIOiF1_W41,socioeco,inferred,,Inferred from occupation,low,INCOME,"Less than $30,000","Less than $30,000",True,0.46844417734628374,2,2
GOVPRIOiF1_W41,socioeco,inferred,,Inferred from occupation,low,INCOME,"$100,000 or more","Less than $30,000",False,0.4351663123309211,2,2
GOVPRIOiF1_W41,socioeco,inferred,,Inferred from occupation,high,INCOME,"Less than $30,000","$100,000 or more",False,0.4154478170153625,2,2
GOVPRIOiF1_W41,socioeco,inferred,,Inferred from occupation,high,INCOME,"$100,000 or more","$100,000 or more",True,0.38216995199999987,2,2
GOVPRIOjF1_W41,socioeco,inferred,,Inferred from occupation,low,INCOME,"Less than $30,000","Less than $30,000",True,0.5989665074138675,2,2
GOVPRIOjF1_W41,socioeco,inferred,,Inferred from occupation,low,INCOME,"$100,000 or more","Less than $30,000",False,0.8131684738295806,2,2
GOVPRIOjF1_W41,socioeco,inferred,,Inferred from occupation,high,INCOME,"Less than $30,000","$100,000 or more",False,0.6044378478070878,2,2
GOVPRIOjF1_W41,socioeco,inferred,,Inferred from occupation,high,INCOME,"$100,000 or more","$100,000 or more",True,0.8186398142228009,2,2
GOVPRIOkF2_W41,socioeco,inferred,,Inferred from occupation,low,INCOME,"Less than $30,000","Less than $30,000",True,1.0602034180000346,2,2
GOVPRIOkF2_W41,socioeco,inferred,,Inferred from occupation,low,INCOME,"$100,000 or more","Less than $30,000",False,1.0042909379570908,2,2
GOVPRIOkF2_W41,socioeco,inferred,,Inferred from occupation,high,INCOME,"Less than $30,000","$100,000 or more",False,1.0601887160004355,2,2
GOVPRIOkF2_W41,socioeco,inferred,,Inferred from occupation,high,INCOME,"$100,000 or more","$100,000 or more",True,1.0042762359574917,2,2
GOVPRIOlF2_W41,socioeco,inferred,,Inferred from occupation,low,INCOME,"Less than $30,000","Less than $30,000",True,0.7483090245023155,2,2
GOVPRIOlF2_W41,socioeco,inferred,,Inferred from occupation,low,INCOME,"$100,000 or more","Less than $30,000",False,0.6220386320218914,2,2
GOVPRIOlF2_W41,socioeco,inferred,,Inferred from occupation,high,INCOME,"Less than $30,000","$100,000 or more",False,0.7438022743499397,2,2
GOVPRIOlF2_W41,socioeco,inferred,,Inferred from occupation,high,INCOME,"$100,000 or more","$100,000 or more",True,0.6175318818695157,2,2
GOVPRIOmF2_W41,socioeco,inferred,,Inferred from occupation,low,INCOME,"Less than $30,000","Less than $30,000",True,0.4898247135740932,2,2
GOVPRIOmF2_W41,socioeco,inferred,,Inferred from occupation,low,INCOME,"$100,000 or more","Less than $30,000",False,0.834662873574093,2,2
GOVPRIOmF2_W41,socioeco,inferred,,Inferred from occupation,high,INCOME,"Less than $30,000","$100,000 or more",False,0.5058858561943108,2,2
GOVPRIOmF2_W41,socioeco,inferred,,Inferred from occupation,high,INCOME,"$100,000 or more","$100,000 or more",True,0.8507240161943106,2,2
GOVPRIOnF2_W41,socioeco,inferred,,Inferred from occupation,low,INCOME,"Less than $30,000","Less than $30,000",True,0.6226614284903887,2,2
GOVPRIOnF2_W41,socioeco,inferred,,Inferred from occupation,low,INCOME,"$100,000 or more","Less than $30,000",False,1.0254419584903887,2,2
GOVPRIOnF2_W41,socioeco,inferred,,Inferred from occupation,high,INCOME,"Less than $30,000","$100,000 or more",False,0.8084858730919322,2,2
GOVPRIOnF2_W41,socioeco,inferred,,Inferred from occupation,high,INCOME,"$100,000 or more","$100,000 or more",True,1.211266403091932,2,2
GOVPRIOoF2_W41,socioeco,inferred,,Inferred from occupation,low,INCOME,"Less than $30,000","Less than $30,000",True,0.6372896399999997,2,2
GOVPRIOoF2_W41,socioeco,inferred,,Inferred from occupation,low,INCOME,"$100,000 or more","Less than $30,000",False,0.8160561599999999,2,2
GOVPRIOoF2_W41,socioeco,inferred,,Inferred from occupation,high,INCOME,"Less than $30,000","$100,000 or more",False,0.6372896399999997,2,2
GOVPRIOoF2_W41,socioeco,inferred,,Inferred from occupation,high,INCOME,"$100,000 or more","$100,000 or more",True,0.8160561599999999,2,2
HAPPEN2b_W41,socioeco,inferred,,Inferred from occupation,low,INCOME,"Less than $30,000","Less than $30,000",True,0.56155428,2,2
HAPPEN2b_W41,socioeco,inferred,,Inferred from occupation,low,INCOME,"$100,000 or more","Less than $30,000",False,0.6335582763355827,2,2
HAPPEN2b_W41,socioeco,inferred,,Inferred from occupation,high,INCOME,"Less than $30,000","$100,000 or more",False,0.56155428,2,2
HAPPEN2b_W41,socioeco,inferred,,Inferred from occupation,high,INCOME,"$100,000 or more","$100,000 or more",True,0.6335582763355827,2,2
HAPPEN2f_W41,socioeco,inferred,,Inferred from occupation,low,INCOME,"Less than $30,000","Less than $30,000",True,0.6436585700000009,2,2
HAPPEN2f_W41,socioeco,inferred,,Inferred from occupation,low,INCOME,"$100,000 or more","Less than $30,000",False,0.45400065545999413,2,2
HAPPEN2f_W41,socioeco,inferred,,Inferred from occupation,high,INCOME,"Less than $30,000","$100,000 or more",False,0.6436585680000011,2,2
HAPPEN2f_W41,socioeco,inferred,,Inferred from occupation,high,INCOME,"$100,000 or more","$100,000 or more",True,0.4540006534599943,2,2
HARASS1F1b_W41,socioeco,inferred,,Inferred from occupation,low,INCOME,"Less than $30,000","Less than $30,000",True,0.5355979799986598,2,2
HARASS1F1b_W41,socioeco,inferred,,Inferred from occupation,low,INCOME,"$100,000 or more","Less than $30,000",False,0.9477422099986599,2,2
HARASS1F1b_W41,socioeco,inferred,,Inferred from occupation,high,INCOME,"Less than $30,000","$100,000 or more",False,0.5356128620001545,2,2
HARASS1F1b_W41,socioeco,inferred,,Inferred from occupation,high,INCOME,"$100,000 or more","$100,000 or more",True,0.9477570920001545,2,2
HARASS1F1d_W41,socioeco,inferred,,Inferred from occupation,low,INCOME,"Less than $30,000","Less than $30,000",True,0.39996257200000007,2,2
HARASS1F1d_W41,socioeco,inferred,,Inferred from occupation,low,INCOME,"$100,000 or more","Less than $30,000",False,0.4734000920000002,2,2
HARASS1F1d_W41,socioeco,inferred,,Inferred from occupation,high,INCOME,"Less than $30,000","$100,000 or more",False,0.3999625680000002,2,2
HARASS1F1d_W41,socioeco,inferred,,Inferred from occupation,high,INCOME,"$100,000 or more","$100,000 or more",True,0.47340008800000033,2,2
HARASS1NOWRKF2d_W41,socioeco,inferred,,Inferred from occupation,low,INCOME,"Less than $30,000","Less than $30,000",True,0.39267345200000014,2,2
HARASS1NOWRKF2d_W41,socioeco,inferred,,Inferred from occupation,low,INCOME,"$100,000 or more","Less than $30,000",False,0.49043862690438655,2,2
HARASS1NOWRKF2d_W41,socioeco,inferred,,Inferred from occupation,high,INCOME,"Less than $30,000","$100,000 or more",False,0.39267345600000003,2,2
HARASS1NOWRKF2d_W41,socioeco,inferred,,Inferred from occupation,high,INCOME,"$100,000 or more","$100,000 or more",True,0.49043863090438644,2,2
HARASS3NOWRKF2_W41,socioeco,inferred,,Inferred from occupation,low,INCOME,"Less than $30,000","Less than $30,000",True,0.34030943499917354,2,2
HARASS3NOWRKF2_W41,socioeco,inferred,,Inferred from occupation,low,INCOME,"$100,000 or more","Less than $30,000",False,0.3112557749991735,2,2
HARASS3NOWRKF2_W41,socioeco,inferred,,Inferred from occupation,high,INCOME,"Less than $30,000","$100,000 or more",False,0.340512895000019,2,2
HARASS3NOWRKF2_W41,socioeco,inferred,,Inferred from occupation,high,INCOME,"$100,000 or more","$100,000 or more",True,0.311459235000019,2,2
INTRMAR_W41,socioeco,inferred,,Inferred from occupation,low,INCOME,"Less than $30,000","Less than $30,000",True,0.9799984542278899,2,2
INTRMAR_W41,socioeco,inferred,,Inferred from occupation,low,INCOME,"$100,000 or more","Less than $30,000",False,0.7400888868287938,2,2
INTRMAR_W41,socioeco,inferred,,Inferred from occupation,high,INCOME,"Less than $30,000","$100,000 or more",False,1.1058618581184096,2,2
INTRMAR_W41,socioeco,inferred,,Inferred from occupation,high,INCOME,"$100,000 or more","$100,000 or more",True,0.8659522907193137,2,2
LEGALIMG_W41,socioeco,inferred,,Inferred from occupation,low,INCOME,"Less than $30,000","Less than $30,000",True,0.9604344275533423,2,2
LEGALIMG_W41,socioeco,inferred,,Inferred from occupation,low,INCOME,"$100,000 or more","Less than $30,000",False,0.7568365178214933,2,2
LEGALIMG_W41,socioeco,inferred,,Inferred from occupation,high,INCOME,"Less than $30,000","$100,000 or more",False,0.9731268097309197,2,2
LEGALIMG_W41,socioeco,inferred,,Inferred from occupation,high,INCOME,"$100,000 or more","$100,000 or more",True,0.7695288999990707,2,2
SOLVPROBa_W41,socioeco,inferred,,Inferred from occupation,low,INCOME,"Less than $30,000","Less than $30,000",True,0.8016017839999939,2,2
SOLVPROBa_W41,socioeco,inferred,,Inferred from occupation,low,INCOME,"$100,000 or more","Less than $30,000",False,0.5365121539999941,2,2
SOLVPROBa_W41,socioeco,inferred,,Inferred from occupation,high,INCOME,"Less than $30,000","$100,000 or more",False,0.8016048079999983,2,2
SOLVPROBa_W41,socioeco,inferred,,Inferred from occupation,high,INCOME,"$100,000 or more","$100,000 or more",True,0.5365151779999985,2,2
SOLVPROBb_W41,socioeco,inferred,,Inferred from occupation,low,INCOME,"Less than $30,000","Less than $30,000",True,0.8116920958589205,2,2
SOLVPROBb_W41,socioeco,inferred,,Inferred from occupation,low,INCOME,"$100,000 or more","Less than $30,000",False,0.7332990232800856,2,2
SOLVPROBb_W41,socioeco,inferred,,Inferred from occupation,high,INCOME,"Less than $30,000","$100,000 or more",False,0.7250043418202083,2,2
SOLVPROBb_W41,socioeco,inferred,,Inferred from occupation,high,INCOME,"$100,000 or more","$100,000 or more",True,0.7234571044593839,2,2
SOLVPROBc_W41,socioeco,inferred,,Inferred from occupation,low,INCOME,"Less than $30,000","Less than $30,000",True,0.7139045759999398,2,2
SOLVPROBc_W41,socioeco,inferred,,Inferred from occupation,low,INCOME,"$100,000 or more","Less than $30,000",False,0.7809319459999399,2,2
SOLVPROBc_W41,socioeco,inferred,,Inferred from occupation,high,INCOME,"Less than $30,000","$100,000 or more",False,0.7137893600000002,2,2
SOLVPROBc_W41,socioeco,inferred,,Inferred from occupation,high,INCOME,"$100,000 or more","$100,000 or more",True,0.7808167300000001,2,2
SOLVPROBdF1_W41,socioeco,inferred,,Inferred from occupation,low,INCOME,"Less than $30,000","Less than $30,000",True,0.8774932567795014,2,2
SOLVPROBdF1_W41,socioeco,inferred,,Inferred from occupation,low,INCOME,"$100,000 or more","Less than $30,000",False,0.7260278379817233,2,2
SOLVPROBdF1_W41,socioeco,inferred,,Inferred from occupation,high,INCOME,"Less than $30,000","$100,000 or more",False,0.8791061867910618,2,2
SOLVPROBdF1_W41,socioeco,inferred,,Inferred from occupation,high,INCOME,"$100,000 or more","$100,000 or more",True,0.7276407679932837,2,2
SOLVPROBf_W41,socioeco,inferred,,Inferred from occupation,low,INCOME,"Less than $30,000","Less than $30,000",True,0.8705864302337507,2,2
SOLVPROBf_W41,socioeco,inferred,,Inferred from occupation,low,INCOME,"$100,000 or more","Less than $30,000",False,0.8547447902337506,2,2
SOLVPROBf_W41,socioeco,inferred,,Inferred from occupation,high,INCOME,"Less than $30,000","$100,000 or more",False,0.8441777772326204,2,2
SOLVPROBf_W41,socioeco,inferred,,Inferred from occupation,high,INCOME,"$100,000 or more","$100,000 or more",True,0.8283361372326205,2,2
SOLVPROBg_W41,socioeco,inferred,,Inferred from occupation,low,INCOME,"Less than $30,000","Less than $30,000",True,0.516575895298522,2,2
SOLVPROBg_W41,socioeco,inferred,,Inferred from occupation,low,INCOME,"$100,000 or more","Less than $30,000",False,0.4291928817440467,2,2
SOLVPROBg_W41,socioeco,inferred,,Inferred from occupation,high,INCOME,"Less than $30,000","$100,000 or more",False,0.5950611288412502,2,2
SOLVPROBg_W41,socioeco,inferred,,Inferred from occupation,high,INCOME,"$100,000 or more","$100,000 or more",True,0.507678115286775,2,2
SOLVPROBh_W41,socioeco,inferred,,Inferred from occupation,low,INCOME,"Less than $30,000","Less than $30,000",True,0.9486093840001582,2,2
SOLVPROBh_W41,socioeco,inferred,,Inferred from occupation,low,INCOME,"$100,000 or more","Less than $30,000",False,1.0477963140001583,2,2
SOLVPROBh_W41,socioeco,inferred,,Inferred from occupation,high,INCOME,"Less than $30,000","$100,000 or more",False,0.9486301719999115,2,2
SOLVPROBh_W41,socioeco,inferred,,Inferred from occupation,high,INCOME,"$100,000 or more","$100,000 or more",True,1.0478171019999114,2,2
CONFb_W42,socioeco,inferred,,Inferred from occupation,low,INCOME,"Less than $30,000","Less than $30,000",True,0.7998382261326336,2,2
CONFb_W42,socioeco,inferred,,Inferred from occupation,low,INCOME,"$100,000 or more","Less than $30,000",False,0.7487290080969592,2,2
CONFb_W42,socioeco,inferred,,Inferred from occupation,high,INCOME,"Less than $30,000","$100,000 or more",False,0.8020471140660805,2,2
CONFb_W42,socioeco,inferred,,Inferred from occupation,high,INCOME,"$100,000 or more","$100,000 or more",True,0.7509378960304062,2,2
CONFc_W42,socioeco,inferred,,Inferred from occupation,low,INCOME,"Less than $30,000","Less than $30,000",True,0.4152080055918649,2,2
CONFc_W42,socioeco,inferred,,Inferred from occupation,low,INCOME,"$100,000 or more","Less than $30,000",False,0.4132158485437528,2,2
CONFc_W42,socioeco,inferred,,Inferred from occupation,high,INCOME,"Less than $30,000","$100,000 or more",False,0.5753423011213343,2,2
CONFc_W42,socioeco,inferred,,Inferred from occupation,high,INCOME,"$100,000 or more","$100,000 or more",True,0.5064588066252551,2,2
CONFe_W42,socioeco,inferred,,Inferred from occupation,low,INCOME,"Less than $30,000","Less than $30,000",True,0.8824065140008475,2,2
CONFe_W42,socioeco,inferred,,Inferred from occupation,low,INCOME,"$100,000 or more","Less than $30,000",False,0.8305279056952658,2,2
CONFe_W42,socioeco,inferred,,Inferred from occupation,high,INCOME,"Less than $30,000","$100,000 or more",False,0.8823036800026621,2,2
CONFe_W42,socioeco,inferred,,Inferred from occupation,high,INCOME,"$100,000 or more","$100,000 or more",True,0.8304250716970804,2,2
CONFg_W42,socioeco,inferred,,Inferred from occupation,low,INCOME,"Less than $30,000","Less than $30,000",True,0.6819989440000254,2,2
CONFg_W42,socioeco,inferred,,Inferred from occupation,low,INCOME,"$100,000 or more","Less than $30,000",False,0.6068094240000252,2,2
CONFg_W42,socioeco,inferred,,Inferred from occupation,high,INCOME,"Less than $30,000","$100,000 or more",False,0.6816776640038859,2,2
CONFg_W42,socioeco,inferred,,Inferred from occupation,high,INCOME,"$100,000 or more","$100,000 or more",True,0.6064881440038858,2,2
PQ4_F2Aa_W42,socioeco,inferred,,Inferred from occupation,low,INCOME,"Less than $30,000","Less than $30,000",True,0.8256501580002797,2,2
PQ4_F2Aa_W42,socioeco,inferred,,Inferred from occupation,low,INCOME,"$100,000 or more","Less than $30,000",False,0.42108744800027986,2,2
PQ4_F2Aa_W42,socioeco,inferred,,Inferred from occupation,high,INCOME,"Less than $30,000","$100,000 or more",False,0.8255677759969495,2,2
PQ4_F2Aa_W42,socioeco,inferred,,Inferred from occupation,high,INCOME,"$100,000 or more","$100,000 or more",True,0.42100506599694965,2,2
PQ4_F2Ac_W42,socioeco,inferred,,Inferred from occupation,low,INCOME,"Less than $30,000","Less than $30,000",True,1.4017629700169572,2,2
PQ4_F2Ac_W42,socioeco,inferred,,Inferred from occupation,low,INCOME,"$100,000 or more","Less than $30,000",False,1.2798309631998968,2,2
PQ4_F2Ac_W42,socioeco,inferred,,Inferred from occupation,high,INCOME,"Less than $30,000","$100,000 or more",False,1.2075339803496108,2,2
PQ4_F2Ac_W42,socioeco,inferred,,Inferred from occupation,high,INCOME,"$100,000 or more","$100,000 or more",True,1.0856019735325504,2,2
PQ4_F2Ae_W42,socioeco,inferred,,Inferred from occupation,low,INCOME,"Less than $30,000","Less than $30,000",True,0.7764163422358363,2,2
PQ4_F2Ae_W42,socioeco,inferred,,Inferred from occupation,low,INCOME,"$100,000 or more","Less than $30,000",False,0.2793125299999999,2,2
PQ4_F2Ae_W42,socioeco,inferred,,Inferred from occupation,high,INCOME,"Less than $30,000","$100,000 or more",False,0.7764163422358363,2,2
PQ4_F2Ae_W42,socioeco,inferred,,Inferred from occupation,high,INCOME,"$100,000 or more","$100,000 or more",True,0.2793125299999999,2,2
PQ4_F2Bb_W42,socioeco,inferred,,Inferred from occupation,low,INCOME,"Less than $30,000","Less than $30,000",True,0.8845407028454021,2,2
PQ4_F2Bb_W42,socioeco,inferred,,Inferred from occupation,low,INCOME,"$100,000 or more","Less than $30,000",False,0.7316811339999832,2,2
PQ4_F2Bb_W42,socioeco,inferred,,Inferred from occupation,high,INCOME,"Less than $30,000","$100,000 or more",False,0.8845410668454242,2,2
PQ4_F2Bb_W42,socioeco,inferred,,Inferred from occupation,high,INCOME,"$100,000 or more","$100,000 or more",True,0.7316814980000054,2,2
PQ4_F2Bc_W42,socioeco,inferred,,Inferred from occupation,low,INCOME,"Less than $30,000","Less than $30,000",True,1.3033555260000003,2,2
PQ4_F2Bc_W42,socioeco,inferred,,Inferred from occupation,low,INCOME,"$100,000 or more","Less than $30,000",False,1.2618359333816147,2,2
PQ4_F2Bc_W42,socioeco,inferred,,Inferred from occupation,high,INCOME,"Less than $30,000","$100,000 or more",False,1.3033568639999975,2,2
PQ4_F2Bc_W42,socioeco,inferred,,Inferred from occupation,high,INCOME,"$100,000 or more","$100,000 or more",True,1.2618372713816122,2,2
PQ4_F2Bd_W42,socioeco,inferred,,Inferred from occupation,low,INCOME,"Less than $30,000","Less than $30,000",True,0.6656439641055312,2,2
PQ4_F2Bd_W42,socioeco,inferred,,Inferred from occupation,low,INCOME,"$100,000 or more","Less than $30,000",False,0.6654204060235629,2,2
PQ4_F2Bd_W42,socioeco,inferred,,Inferred from occupation,high,INCOME,"Less than $30,000","$100,000 or more",False,0.4969005154877282,2,2
PQ4_F2Bd_W42,socioeco,inferred,,Inferred from occupation,high,INCOME,"$100,000 or more","$100,000 or more",True,0.4966769574057599,2,2
PQ4_F2Cc_W42,socioeco,inferred,,Inferred from occupation,low,INCOME,"Less than $30,000","Less than $30,000",True,1.222065934221067,2,2
PQ4_F2Cc_W42,socioeco,inferred,,Inferred from occupation,low,INCOME,"$100,000 or more","Less than $30,000",False,1.1443095019997285,2,2
PQ4_F2Cc_W42,socioeco,inferred,,Inferred from occupation,high,INCOME,"Less than $30,000","$100,000 or more",False,1.2221264662211766,2,2
PQ4_F2Cc_W42,socioeco,inferred,,Inferred from occupation,high,INCOME,"$100,000 or more","$100,000 or more",True,1.1443700339998382,2,2
PQ8_F2B_W42,socioeco,inferred,,Inferred from occupation,low,INCOME,"Less than $30,000","Less than $30,000",True,0.4892286316546271,2,2
PQ8_F2B_W42,socioeco,inferred,,Inferred from occupation,low,INCOME,"$100,000 or more","Less than $30,000",False,0.7540300925082224,2,2
PQ8_F2B_W42,socioeco,inferred,,Inferred from occupation,high,INCOME,"Less than $30,000","$100,000 or more",False,0.6329520764213746,2,2
PQ8_F2B_W42,socioeco,inferred,,Inferred from occupation,high,INCOME,"$100,000 or more","$100,000 or more",True,0.9552047833741576,2,2
RQ1_F1B_W42,socioeco,inferred,,Inferred from occupation,low,INCOME,"Less than $30,000","Less than $30,000",True,0.2205838164501704,2,2
RQ1_F1B_W42,socioeco,inferred,,Inferred from occupation,low,INCOME,"$100,000 or more","Less than $30,000",False,0.1349577364501704,2,2
RQ1_F1B_W42,socioeco,inferred,,Inferred from occupation,high,INCOME,"Less than $30,000","$100,000 or more",False,0.3139384950002476,2,2
RQ1_F1B_W42,socioeco,inferred,,Inferred from occupation,high,INCOME,"$100,000 or more","$100,000 or more",True,0.22831241500024763,2,2
RQ1_F1C_W42,socioeco,inferred,,Inferred from occupation,low,INCOME,"Less than $30,000","Less than $30,000",True,0.10732717399687325,2,2
RQ1_F1C_W42,socioeco,inferred,,Inferred from occupation,low,INCOME,"$100,000 or more","Less than $30,000",False,0.09918631899687325,2,2
RQ1_F1C_W42,socioeco,inferred,,Inferred from occupation,high,INCOME,"Less than $30,000","$100,000 or more",False,0.16212082041959142,2,2
RQ1_F1C_W42,socioeco,inferred,,Inferred from occupation,high,INCOME,"$100,000 or more","$100,000 or more",True,0.1539799654195914,2,2
RQ2_F1A_W42,socioeco,inferred,,Inferred from occupation,low,INCOME,"Less than $30,000","Less than $30,000",True,0.3759528240000028,2,2
RQ2_F1A_W42,socioeco,inferred,,Inferred from occupation,low,INCOME,"$100,000 or more","Less than $30,000",False,0.33553875400000277,2,2
RQ2_F1A_W42,socioeco,inferred,,Inferred from occupation,high,INCOME,"Less than $30,000","$100,000 or more",False,0.37595407599999864,2,2
RQ2_F1A_W42,socioeco,inferred,,Inferred from occupation,high,INCOME,"$100,000 or more","$100,000 or more",True,0.33554000599999856,2,2
RQ4_F1Ab_W42,socioeco,inferred,,Inferred from occupation,low,INCOME,"Less than $30,000","Less than $30,000",True,1.0020000100199997,2,2
RQ4_F1Ab_W42,socioeco,inferred,,Inferred from occupation,low,INCOME,"$100,000 or more","Less than $30,000",False,0.6683904799999986,2,2
RQ4_F1Ab_W42,socioeco,inferred,,Inferred from occupation,high,INCOME,"Less than $30,000","$100,000 or more",False,1.0019996940200033,2,2
RQ4_F1Ab_W42,socioeco,inferred,,Inferred from occupation,high,INCOME,"$100,000 or more","$100,000 or more",True,0.6683901640000023,2,2
RQ4_F1Ae_W42,socioeco,inferred,,Inferred from occupation,low,INCOME,"Less than $30,000","Less than $30,000",True,1.020859238,2,2
RQ4_F1Ae_W42,socioeco,inferred,,Inferred from occupation,low,INCOME,"$100,000 or more","Less than $30,000",False,0.7157149308428505,2,2
RQ4_F1Ae_W42,socioeco,inferred,,Inferred from occupation,high,INCOME,"Less than $30,000","$100,000 or more",False,1.020859238,2,2
RQ4_F1Ae_W42,socioeco,inferred,,Inferred from occupation,high,INCOME,"$100,000 or more","$100,000 or more",True,0.7157149308428505,2,2
RQ4_F1Ba_W42,socioeco,inferred,,Inferred from occupation,low,INCOME,"Less than $30,000","Less than $30,000",True,0.7399562658842097,2,2
RQ4_F1Ba_W42,socioeco,inferred,,Inferred from occupation,low,INCOME,"$100,000 or more","Less than $30,000",False,0.5487332958842095,2,2
RQ4_F1Ba_W42,socioeco,inferred,,Inferred from occupation,high,INCOME,"Less than $30,000","$100,000 or more",False,0.7866981052405019,2,2
RQ4_F1Ba_W42,socioeco,inferred,,Inferred from occupation,high,INCOME,"$100,000 or more","$100,000 or more",True,0.5954751352405017,2,2
RQ4_F1Bc_W42,socioeco,inferred,,Inferred from occupation,low,INCOME,"Less than $30,000","Less than $30,000",True,1.299244594000009,2,2
RQ4_F1Bc_W42,socioeco,inferred,,Inferred from occupation,low,INCOME,"$100,000 or more","Less than $30,000",False,1.2558214740000089,2,2
RQ4_F1Bc_W42,socioeco,inferred,,Inferred from occupation,high,INCOME,"Less than $30,000","$100,000 or more",False,1.2992444479999814,2,2
RQ4_F1Bc_W42,socioeco,inferred,,Inferred from occupation,high,INCOME,"$100,000 or more","$100,000 or more",True,1.2558213279999813,2,2
RQ4_F1Bd_W42,socioeco,inferred,,Inferred from occupation,low,INCOME,"Less than $30,000","Less than $30,000",True,1.0230146395069033,2,2
RQ4_F1Bd_W42,socioeco,inferred,,Inferred from occupation,low,INCOME,"$100,000 or more","Less than $30,000",False,1.015232511908362,2,2
RQ4_F1Bd_W42,socioeco,inferred,,Inferred from occupation,high,INCOME,"Less than $30,000","$100,000 or more",False,1.0570253092609527,2,2
RQ4_F1Bd_W42,socioeco,inferred,,Inferred from occupation,high,INCOME,"$100,000 or more","$100,000 or more",True,1.0492431816624115,2,2
RQ4_F1Be_W42,socioeco,inferred,,Inferred from occupation,low,INCOME,"Less than $30,000","Less than $30,000",True,0.944526906,2,2
RQ4_F1Be_W42,socioeco,inferred,,Inferred from occupation,low,INCOME,"$100,000 or more","Less than $30,000",False,0.7139863560000003,2,2
RQ4_F1Be_W42,socioeco,inferred,,Inferred from occupation,high,INCOME,"Less than $30,000","$100,000 or more",False,0.94452691,2,2
RQ4_F1Be_W42,socioeco,inferred,,Inferred from occupation,high,INCOME,"$100,000 or more","$100,000 or more",True,0.7139863600000002,2,2
RQ4_F1Ca_W42,socioeco,inferred,,Inferred from occupation,low,INCOME,"Less than $30,000","Less than $30,000",True,0.820326215055745,2,2
RQ4_F1Ca_W42,socioeco,inferred,,Inferred from occupation,low,INCOME,"$100,000 or more","Less than $30,000",False,0.749915365055745,2,2
RQ4_F1Ca_W42,socioeco,inferred,,Inferred from occupation,high,INCOME,"Less than $30,000","$100,000 or more",False,0.7974965880821063,2,2
RQ4_F1Ca_W42,socioeco,inferred,,Inferred from occupation,high,INCOME,"$100,000 or more","$100,000 or more",True,0.7270857380821065,2,2
RQ4_F1Cb_W42,socioeco,inferred,,Inferred from occupation,low,INCOME,"Less than $30,000","Less than $30,000",True,1.0639786340000024,2,2
RQ4_F1Cb_W42,socioeco,inferred,,Inferred from occupation,low,INCOME,"$100,000 or more","Less than $30,000",False,0.9206869740000023,2,2
RQ4_F1Cb_W42,socioeco,inferred,,Inferred from occupation,high,INCOME,"Less than $30,000","$100,000 or more",False,1.0639784020000111,2,2
RQ4_F1Cb_W42,socioeco,inferred,,Inferred from occupation,high,INCOME,"$100,000 or more","$100,000 or more",True,0.9206867420000111,2,2
RQ4_F1Cd_W42,socioeco,inferred,,Inferred from occupation,low,INCOME,"Less than $30,000","Less than $30,000",True,1.1876733774519215,2,2
RQ4_F1Cd_W42,socioeco,inferred,,Inferred from occupation,low,INCOME,"$100,000 or more","Less than $30,000",False,1.2128694574519214,2,2
RQ4_F1Cd_W42,socioeco,inferred,,Inferred from occupation,high,INCOME,"Less than $30,000","$100,000 or more",False,1.305244506406453,2,2
RQ4_F1Cd_W42,socioeco,inferred,,Inferred from occupation,high,INCOME,"$100,000 or more","$100,000 or more",True,1.330440586406453,2,2
RQ5_F1B_W42,socioeco,inferred,,Inferred from occupation,low,INCOME,"Less than $30,000","Less than $30,000",True,0.38766008644657757,2,2
RQ5_F1B_W42,socioeco,inferred,,Inferred from occupation,low,INCOME,"$100,000 or more","Less than $30,000",False,0.4402643364465776,2,2
RQ5_F1B_W42,socioeco,inferred,,Inferred from occupation,high,INCOME,"Less than $30,000","$100,000 or more",False,0.5682866857693188,2,2
RQ5_F1B_W42,socioeco,inferred,,Inferred from occupation,high,INCOME,"$100,000 or more","$100,000 or more",True,0.620890935769319,2,2
RQ5_F1C_W42,socioeco,inferred,,Inferred from occupation,low,INCOME,"Less than $30,000","Less than $30,000",True,0.6008493670271046,2,2
RQ5_F1C_W42,socioeco,inferred,,Inferred from occupation,low,INCOME,"$100,000 or more","Less than $30,000",False,0.5626328570271046,2,2
RQ5_F1C_W42,socioeco,inferred,,Inferred from occupation,high,INCOME,"Less than $30,000","$100,000 or more",False,0.6816898953538121,2,2
RQ5_F1C_W42,socioeco,inferred,,Inferred from occupation,high,INCOME,"$100,000 or more","$100,000 or more",True,0.6434733853538123,2,2
IDIMPORT_W43,socioeco,inferred,,Inferred from occupation,low,INCOME,"Less than $30,000","Less than $30,000",True,1.6578269979998965,2,2
IDIMPORT_W43,socioeco,inferred,,Inferred from occupation,low,INCOME,"$100,000 or more","Less than $30,000",False,1.3753285479998965,2,2
IDIMPORT_W43,socioeco,inferred,,Inferred from occupation,high,INCOME,"Less than $30,000","$100,000 or more",False,1.6578312600000178,2,2
IDIMPORT_W43,socioeco,inferred,,Inferred from occupation,high,INCOME,"$100,000 or more","$100,000 or more",True,1.375332810000018,2,2
RACESURV13_W43,socioeco,inferred,,Inferred from occupation,low,INCOME,"Less than $30,000","Less than $30,000",True,0.560226852848094,2,2
RACESURV13_W43,socioeco,inferred,,Inferred from occupation,low,INCOME,"$100,000 or more","Less than $30,000",False,0.42169712808224136,2,2
RACESURV13_W43,socioeco,inferred,,Inferred from occupation,high,INCOME,"Less than $30,000","$100,000 or more",False,0.6222004645564164,2,2
RACESURV13_W43,socioeco,inferred,,Inferred from occupation,high,INCOME,"$100,000 or more","$100,000 or more",True,0.48367073979056374,2,2
RACESURV14_W43,socioeco,inferred,,Inferred from occupation,low,INCOME,"Less than $30,000","Less than $30,000",True,0.5425641263427007,2,2
RACESURV14_W43,socioeco,inferred,,Inferred from occupation,low,INCOME,"$100,000 or more","Less than $30,000",False,0.6029222686244109,2,2
RACESURV14_W43,socioeco,inferred,,Inferred from occupation,high,INCOME,"Less than $30,000","$100,000 or more",False,0.4706317442967396,2,2
RACESURV14_W43,socioeco,inferred,,Inferred from occupation,high,INCOME,"$100,000 or more","$100,000 or more",True,0.5309898865784497,2,2
RACESURV15a_W43,socioeco,inferred,,Inferred from occupation,low,INCOME,"Less than $30,000","Less than $30,000",True,0.07337116038035302,2,2
RACESURV15a_W43,socioeco,inferred,,Inferred from occupation,low,INCOME,"$100,000 or more","Less than $30,000",False,0.02245192262411083,2,2
RACESURV15a_W43,socioeco,inferred,,Inferred from occupation,high,INCOME,"Less than $30,000","$100,000 or more",False,0.04800989999258337,2,2
RACESURV15a_W43,socioeco,inferred,,Inferred from occupation,high,INCOME,"$100,000 or more","$100,000 or more",True,0.03309616776331409,2,2
RACESURV15b_W43,socioeco,inferred,,Inferred from occupation,low,INCOME,"Less than $30,000","Less than $30,000",True,0.5480967609929999,2,2
RACESURV15b_W43,socioeco,inferred,,Inferred from occupation,low,INCOME,"$100,000 or more","Less than $30,000",False,0.6611819109929999,2,2
RACESURV15b_W43,socioeco,inferred,,Inferred from occupation,high,INCOME,"Less than $30,000","$100,000 or more",False,0.5482644830001979,2,2
RACESURV15b_W43,socioeco,inferred,,Inferred from occupation,high,INCOME,"$100,000 or more","$100,000 or more",True,0.6613496330001979,2,2
RACESURV17_W43,socioeco,inferred,,Inferred from occupation,low,INCOME,"Less than $30,000","Less than $30,000",True,1.1448037380000273,2,2
RACESURV17_W43,socioeco,inferred,,Inferred from occupation,low,INCOME,"$100,000 or more","Less than $30,000",False,1.1858280780000272,2,2
RACESURV17_W43,socioeco,inferred,,Inferred from occupation,high,INCOME,"Less than $30,000","$100,000 or more",False,1.1448063219999998,2,2
RACESURV17_W43,socioeco,inferred,,Inferred from occupation,high,INCOME,"$100,000 or more","$100,000 or more",True,1.1858306619999999,2,2
RACESURV18b_W43,socioeco,inferred,,Inferred from occupation,low,INCOME,"Less than $30,000","Less than $30,000",True,0.8146040092708592,2,2
RACESURV18b_W43,socioeco,inferred,,Inferred from occupation,low,INCOME,"$100,000 or more","Less than $30,000",False,0.6792540480916242,2,2
RACESURV18b_W43,socioeco,inferred,,Inferred from occupation,high,INCOME,"Less than $30,000","$100,000 or more",False,0.8649007447988681,2,2
RACESURV18b_W43,socioeco,inferred,,Inferred from occupation,high,INCOME,"$100,000 or more","$100,000 or more",True,0.7295507836196331,2,2
RACESURV18f_W43,socioeco,inferred,,Inferred from occupation,low,INCOME,"Less than $30,000","Less than $30,000",True,0.43472670832898297,2,2
RACESURV18f_W43,socioeco,inferred,,Inferred from occupation,low,INCOME,"$100,000 or more","Less than $30,000",False,0.37043035768601984,2,2
RACESURV18f_W43,socioeco,inferred,,Inferred from occupation,high,INCOME,"Less than $30,000","$100,000 or more",False,0.4347396467818741,2,2
RACESURV18f_W43,socioeco,inferred,,Inferred from occupation,high,INCOME,"$100,000 or more","$100,000 or more",True,0.37044329613891097,2,2
RACESURV19a_W43,socioeco,inferred,,Inferred from occupation,low,INCOME,"Less than $30,000","Less than $30,000",True,0.7344189573441897,2,2
RACESURV19a_W43,socioeco,inferred,,Inferred from occupation,low,INCOME,"$100,000 or more","Less than $30,000",False,0.7463073725369263,2,2
RACESURV19a_W43,socioeco,inferred,,Inferred from occupation,high,INCOME,"Less than $30,000","$100,000 or more",False,0.7344189573441897,2,2
RACESURV19a_W43,socioeco,inferred,,Inferred from occupation,high,INCOME,"$100,000 or more","$100,000 or more",True,0.7463073725369263,2,2
RACESURV19c_W43,socioeco,inferred,,Inferred from occupation,low,INCOME,"Less than $30,000","Less than $30,000",True,0.8322772979999999,2,2
RACESURV19c_W43,socioeco,inferred,,Inferred from occupation,low,INCOME,"$100,000 or more","Less than $30,000",False,0.6693367280000001,2,2
RACESURV19c_W43,socioeco,inferred,,Inferred from occupation,high,INCOME,"Less than $30,000","$100,000 or more",False,0.8322772979999999,2,2
RACESURV19c_W43,socioeco,inferred,,Inferred from occupation,high,INCOME,"$100,000 or more","$100,000 or more",True,0.6693367280000001,2,2
RACESURV19e_W43,socioeco,inferred,,Inferred from occupation,low,INCOME,"Less than $30,000","Less than $30,000",True,0.8121250578787493,2,2
RACESURV19e_W43,socioeco,inferred,,Inferred from occupation,low,INCOME,"$100,000 or more","Less than $30,000",False,0.8320700243207002,2,2
RACESURV19e_W43,socioeco,inferred,,Inferred from occupation,high,INCOME,"Less than $30,000","$100,000 or more",False,0.8121250618787492,2,2
RACESURV19e_W43,socioeco,inferred,,Inferred from occupation,high,INCOME,"$100,000 or more","$100,000 or more",True,0.8320700283207002,2,2
RACESURV1b_W43,socioeco,inferred,,Inferred from occupation,low,INCOME,"Less than $30,000","Less than $30,000",True,0.32577682173379086,2,2
RACESURV1b_W43,socioeco,inferred,,Inferred from occupation,low,INCOME,"$100,000 or more","Less than $30,000",False,0.2915844720757143,2,2
RACESURV1b_W43,socioeco,inferred,,Inferred from occupation,high,INCOME,"Less than $30,000","$100,000 or more",False,0.3127838887211294,2,2
RACESURV1b_W43,socioeco,inferred,,Inferred from occupation,high,INCOME,"$100,000 or more","$100,000 or more",True,0.2785915390630529,2,2
RACESURV21_W43,socioeco,inferred,,Inferred from occupation,low,INCOME,"Less than $30,000","Less than $30,000",True,0.47249519044940497,2,2
RACESURV21_W43,socioeco,inferred,,Inferred from occupation,low,INCOME,"$100,000 or more","Less than $30,000",False,0.21742524062909008,2,2
RACESURV21_W43,socioeco,inferred,,Inferred from occupation,high,INCOME,"Less than $30,000","$100,000 or more",False,0.701169796292217,2,2
RACESURV21_W43,socioeco,inferred,,Inferred from occupation,high,INCOME,"$100,000 or more","$100,000 or more",True,0.36468096965710517,2,2
RACESURV27_W43,socioeco,inferred,,Inferred from occupation,low,INCOME,"Less than $30,000","Less than $30,000",True,1.7442765445590624,2,2
RACESURV27_W43,socioeco,inferred,,Inferred from occupation,low,INCOME,"$100,000 or more","Less than $30,000",False,1.6465415728381239,2,2
RACESURV27_W43,socioeco,inferred,,Inferred from occupation,high,INCOME,"Less than $30,000","$100,000 or more",False,1.785355988877719,2,2
RACESURV27_W43,socioeco,inferred,,Inferred from occupation,high,INCOME,"$100,000 or more","$100,000 or more",True,1.6876210171567807,2,2
RACESURV28a_W43,socioeco,inferred,,Inferred from occupation,low,INCOME,"Less than $30,000","Less than $30,000",True,0.23963975124091336,2,2
RACESURV28a_W43,socioeco,inferred,,Inferred from occupation,low,INCOME,"$100,000 or more","Less than $30,000",False,0.22429012624091338,2,2
RACESURV28a_W43,socioeco,inferred,,Inferred from occupation,high,INCOME,"Less than $30,000","$100,000 or more",False,0.27462419102328467,2,2
RACESURV28a_W43,socioeco,inferred,,Inferred from occupation,high,INCOME,"$100,000 or more","$100,000 or more",True,0.2592745660232847,2,2
RACESURV28b_W43,socioeco,inferred,,Inferred from occupation,low,INCOME,"Less than $30,000","Less than $30,000",True,0.2965758240215802,2,2
RACESURV28b_W43,socioeco,inferred,,Inferred from occupation,low,INCOME,"$100,000 or more","Less than $30,000",False,0.25904593902158024,2,2
RACESURV28b_W43,socioeco,inferred,,Inferred from occupation,high,INCOME,"Less than $30,000","$100,000 or more",False,0.2979097919999705,2,2
RACESURV28b_W43,socioeco,inferred,,Inferred from occupation,high,INCOME,"$100,000 or more","$100,000 or more",True,0.2603799069999705,2,2
RACESURV28c_W43,socioeco,inferred,,Inferred from occupation,low,INCOME,"Less than $30,000","Less than $30,000",True,0.3010803360000029,2,2
RACESURV28c_W43,socioeco,inferred,,Inferred from occupation,low,INCOME,"$100,000 or more","Less than $30,000",False,0.26711801100000293,2,2
RACESURV28c_W43,socioeco,inferred,,Inferred from occupation,high,INCOME,"Less than $30,000","$100,000 or more",False,0.3010808160000132,2,2
RACESURV28c_W43,socioeco,inferred,,Inferred from occupation,high,INCOME,"$100,000 or more","$100,000 or more",True,0.2671184910000132,2,2
RACESURV28d_W43,socioeco,inferred,,Inferred from occupation,low,INCOME,"Less than $30,000","Less than $30,000",True,0.18133586500000026,2,2
RACESURV28d_W43,socioeco,inferred,,Inferred from occupation,low,INCOME,"$100,000 or more","Less than $30,000",False,0.1461354450000002,2,2
RACESURV28d_W43,socioeco,inferred,,Inferred from occupation,high,INCOME,"Less than $30,000","$100,000 or more",False,0.18133586300000032,2,2
RACESURV28d_W43,socioeco,inferred,,Inferred from occupation,high,INCOME,"$100,000 or more","$100,000 or more",True,0.14613544300000025,2,2
RACESURV28e_W43,socioeco,inferred,,Inferred from occupation,low,INCOME,"Less than $30,000","Less than $30,000",True,0.18330708500000004,2,2
RACESURV28e_W43,socioeco,inferred,,Inferred from occupation,low,INCOME,"$100,000 or more","Less than $30,000",False,0.17947190500000015,2,2
RACESURV28e_W43,socioeco,inferred,,Inferred from occupation,high,INCOME,"Less than $30,000","$100,000 or more",False,0.18330708500000004,2,2
RACESURV28e_W43,socioeco,inferred,,Inferred from occupation,high,INCOME,"$100,000 or more","$100,000 or more",True,0.17947190500000015,2,2
RACESURV28f_W43,socioeco,inferred,,Inferred from occupation,low,INCOME,"Less than $30,000","Less than $30,000",True,0.10364932955107847,2,2
RACESURV28f_W43,socioeco,inferred,,Inferred from occupation,low,INCOME,"$100,000 or more","Less than $30,000",False,0.14358512644915333,2,2
RACESURV28f_W43,socioeco,inferred,,Inferred from occupation,high,INCOME,"Less than $30,000","$100,000 or more",False,0.06725968963135175,2,2
RACESURV28f_W43,socioeco,inferred,,Inferred from occupation,high,INCOME,"$100,000 or more","$100,000 or more",True,0.1071954865294266,2,2
RACESURV28g_W43,socioeco,inferred,,Inferred from occupation,low,INCOME,"Less than $30,000","Less than $30,000",True,0.34936939400001876,2,2
RACESURV28g_W43,socioeco,inferred,,Inferred from occupation,low,INCOME,"$100,000 or more","Less than $30,000",False,0.31901515580983586,2,2
RACESURV28g_W43,socioeco,inferred,,Inferred from occupation,high,INCOME,"Less than $30,000","$100,000 or more",False,0.349370820999983,2,2
RACESURV28g_W43,socioeco,inferred,,Inferred from occupation,high,INCOME,"$100,000 or more","$100,000 or more",True,0.31901658280980005,2,2
RACESURV29d_W43,socioeco,inferred,,Inferred from occupation,low,INCOME,"Less than $30,000","Less than $30,000",True,0.33199906532053153,2,2
RACESURV29d_W43,socioeco,inferred,,Inferred from occupation,low,INCOME,"$100,000 or more","Less than $30,000",False,0.45928514283986943,2,2
RACESURV29d_W43,socioeco,inferred,,Inferred from occupation,high,INCOME,"Less than $30,000","$100,000 or more",False,0.5361441921548782,2,2
RACESURV29d_W43,socioeco,inferred,,Inferred from occupation,high,INCOME,"$100,000 or more","$100,000 or more",True,0.2709688607581601,2,2
RACESURV2_W43,socioeco,inferred,,Inferred from occupation,low,INCOME,"Less than $30,000","Less than $30,000",True,0.7315791226842085,2,2
RACESURV2_W43,socioeco,inferred,,Inferred from occupation,low,INCOME,"$100,000 or more","Less than $30,000",False,0.48268973000000026,2,2
RACESURV2_W43,socioeco,inferred,,Inferred from occupation,high,INCOME,"Less than $30,000","$100,000 or more",False,0.7315791276842083,2,2
RACESURV2_W43,socioeco,inferred,,Inferred from occupation,high,INCOME,"$100,000 or more","$100,000 or more",True,0.4826897350000001,2,2
RACESURV34a_W43,socioeco,inferred,,Inferred from occupation,low,INCOME,"Less than $30,000","Less than $30,000",True,0.46008819500003,2,2
RACESURV34a_W43,socioeco,inferred,,Inferred from occupation,low,INCOME,"$100,000 or more","Less than $30,000",False,0.5331805103319854,2,2
RACESURV34a_W43,socioeco,inferred,,Inferred from occupation,high,INCOME,"Less than $30,000","$100,000 or more",False,0.46008215899983146,2,2
RACESURV34a_W43,socioeco,inferred,,Inferred from occupation,high,INCOME,"$100,000 or more","$100,000 or more",True,0.5331744743317868,2,2
RACESURV34b_W43,socioeco,inferred,,Inferred from occupation,low,INCOME,"Less than $30,000","Less than $30,000",True,0.5261066689999666,2,2
RACESURV34b_W43,socioeco,inferred,,Inferred from occupation,low,INCOME,"$100,000 or more","Less than $30,000",False,0.5020089539797106,2,2
RACESURV34b_W43,socioeco,inferred,,Inferred from occupation,high,INCOME,"Less than $30,000","$100,000 or more",False,0.5261033820004384,2,2
RACESURV34b_W43,socioeco,inferred,,Inferred from occupation,high,INCOME,"$100,000 or more","$100,000 or more",True,0.5020056669801825,2,2
RACESURV34c_W43,socioeco,inferred,,Inferred from occupation,low,INCOME,"Less than $30,000","Less than $30,000",True,0.6508476839113114,2,2
RACESURV34c_W43,socioeco,inferred,,Inferred from occupation,low,INCOME,"$100,000 or more","Less than $30,000",False,0.6948184343510189,2,2
RACESURV34c_W43,socioeco,inferred,,Inferred from occupation,high,INCOME,"Less than $30,000","$100,000 or more",False,0.6587523085832652,2,2
RACESURV34c_W43,socioeco,inferred,,Inferred from occupation,high,INCOME,"$100,000 or more","$100,000 or more",True,0.7027230590229726,2,2
RACESURV34d_W43,socioeco,inferred,,Inferred from occupation,low,INCOME,"Less than $30,000","Less than $30,000",True,0.4906181241607373,2,2
RACESURV34d_W43,socioeco,inferred,,Inferred from occupation,low,INCOME,"$100,000 or more","Less than $30,000",False,0.7913375042995779,2,2
RACESURV34d_W43,socioeco,inferred,,Inferred from occupation,high,INCOME,"Less than $30,000","$100,000 or more",False,0.7117183162500083,2,2
RACESURV34d_W43,socioeco,inferred,,Inferred from occupation,high,INCOME,"$100,000 or more","$100,000 or more",True,0.22733190589597863,2,2
RACESURV34e_W43,socioeco,inferred,,Inferred from occupation,low,INCOME,"Less than $30,000","Less than $30,000",True,0.35334743277505937,2,2
RACESURV34e_W43,socioeco,inferred,,Inferred from occupation,low,INCOME,"$100,000 or more","Less than $30,000",False,0.429618149329594,2,2
RACESURV34e_W43,socioeco,inferred,,Inferred from occupation,high,INCOME,"Less than $30,000","$100,000 or more",False,0.4698613058165835,2,2
RACESURV34e_W43,socioeco,inferred,,Inferred from occupation,high,INCOME,"$100,000 or more","$100,000 or more",True,0.25425589983841346,2,2
RACESURV38_W43,socioeco,inferred,,Inferred from occupation,low,INCOME,"Less than $30,000","Less than $30,000",True,0.7205608667161915,2,2
RACESURV38_W43,socioeco,inferred,,Inferred from occupation,low,INCOME,"$100,000 or more","Less than $30,000",False,0.5647325467161916,2,2
RACESURV38_W43,socioeco,inferred,,Inferred from occupation,high,INCOME,"Less than $30,000","$100,000 or more",False,0.9708649922825919,2,2
RACESURV38_W43,socioeco,inferred,,Inferred from occupation,high,INCOME,"$100,000 or more","$100,000 or more",True,0.815036672282592,2,2
RACESURV40_W43,socioeco,inferred,,Inferred from occupation,low,INCOME,"Less than $30,000","Less than $30,000",True,0.3086826991142796,2,2
RACESURV40_W43,socioeco,inferred,,Inferred from occupation,low,INCOME,"$100,000 or more","Less than $30,000",False,0.2771013287984657,2,2
RACESURV40_W43,socioeco,inferred,,Inferred from occupation,high,INCOME,"Less than $30,000","$100,000 or more",False,0.3086820367420855,2,2
RACESURV40_W43,socioeco,inferred,,Inferred from occupation,high,INCOME,"$100,000 or more","$100,000 or more",True,0.2771006664262717,2,2
RACESURV41_W43,socioeco,inferred,,Inferred from occupation,low,INCOME,"Less than $30,000","Less than $30,000",True,0.5016405752364225,2,2
RACESURV41_W43,socioeco,inferred,,Inferred from occupation,low,INCOME,"$100,000 or more","Less than $30,000",False,0.4471908252364225,2,2
RACESURV41_W43,socioeco,inferred,,Inferred from occupation,high,INCOME,"Less than $30,000","$100,000 or more",False,0.5017559548500791,2,2
RACESURV41_W43,socioeco,inferred,,Inferred from occupation,high,INCOME,"$100,000 or more","$100,000 or more",True,0.44730620485007905,2,2
RACESURV45_W43,socioeco,inferred,,Inferred from occupation,low,INCOME,"Less than $30,000","Less than $30,000",True,0.6007138162441338,2,2
RACESURV45_W43,socioeco,inferred,,Inferred from occupation,low,INCOME,"$100,000 or more","Less than $30,000",False,0.5838336162441338,2,2
RACESURV45_W43,socioeco,inferred,,Inferred from occupation,high,INCOME,"Less than $30,000","$100,000 or more",False,0.6007076231499732,2,2
RACESURV45_W43,socioeco,inferred,,Inferred from occupation,high,INCOME,"$100,000 or more","$100,000 or more",True,0.5838274231499732,2,2
RACESURV47a_W43,socioeco,inferred,,Inferred from occupation,low,INCOME,"Less than $30,000","Less than $30,000",True,1.5302235179999992,2,2
RACESURV47a_W43,socioeco,inferred,,Inferred from occupation,low,INCOME,"$100,000 or more","Less than $30,000",False,1.6466425679999994,2,2
RACESURV47a_W43,socioeco,inferred,,Inferred from occupation,high,INCOME,"Less than $30,000","$100,000 or more",False,1.5302235119999998,2,2
RACESURV47a_W43,socioeco,inferred,,Inferred from occupation,high,INCOME,"$100,000 or more","$100,000 or more",True,1.6466425619999998,2,2
RACESURV47b_W43,socioeco,inferred,,Inferred from occupation,low,INCOME,"Less than $30,000","Less than $30,000",True,1.10790102,2,2
RACESURV47b_W43,socioeco,inferred,,Inferred from occupation,low,INCOME,"$100,000 or more","Less than $30,000",False,1.0955166699999999,2,2
RACESURV47b_W43,socioeco,inferred,,Inferred from occupation,high,INCOME,"Less than $30,000","$100,000 or more",False,1.10790102,2,2
RACESURV47b_W43,socioeco,inferred,,Inferred from occupation,high,INCOME,"$100,000 or more","$100,000 or more",True,1.0955166699999999,2,2
RACESURV47d_W43,socioeco,inferred,,Inferred from occupation,low,INCOME,"Less than $30,000","Less than $30,000",True,1.5288462262410367,2,2
RACESURV47d_W43,socioeco,inferred,,Inferred from occupation,low,INCOME,"$100,000 or more","Less than $30,000",False,1.7507007740440947,2,2
RACESURV47d_W43,socioeco,inferred,,Inferred from occupation,high,INCOME,"Less than $30,000","$100,000 or more",False,1.4881802054913884,2,2
RACESURV47d_W43,socioeco,inferred,,Inferred from occupation,high,INCOME,"$100,000 or more","$100,000 or more",True,1.7100347532944464,2,2
RACESURV47e_W43,socioeco,inferred,,Inferred from occupation,low,INCOME,"Less than $30,000","Less than $30,000",True,1.0831464959041335,2,2
RACESURV47e_W43,socioeco,inferred,,Inferred from occupation,low,INCOME,"$100,000 or more","Less than $30,000",False,1.2180236759041336,2,2
RACESURV47e_W43,socioeco,inferred,,Inferred from occupation,high,INCOME,"Less than $30,000","$100,000 or more",False,0.8945794575692904,2,2
RACESURV47e_W43,socioeco,inferred,,Inferred from occupation,high,INCOME,"$100,000 or more","$100,000 or more",True,1.0294566375692904,2,2
RACESURV47f_W43,socioeco,inferred,,Inferred from occupation,low,INCOME,"Less than $30,000","Less than $30,000",True,1.134995917999999,2,2
RACESURV47f_W43,socioeco,inferred,,Inferred from occupation,low,INCOME,"$100,000 or more","Less than $30,000",False,1.0592671085926706,2,2
RACESURV47f_W43,socioeco,inferred,,Inferred from occupation,high,INCOME,"Less than $30,000","$100,000 or more",False,1.1349959139999988,2,2
RACESURV47f_W43,socioeco,inferred,,Inferred from occupation,high,INCOME,"$100,000 or more","$100,000 or more",True,1.0592671045926698,2,2
RACESURV48_W43,socioeco,inferred,,Inferred from occupation,low,INCOME,"Less than $30,000","Less than $30,000",True,0.9198891768011086,2,2
RACESURV48_W43,socioeco,inferred,,Inferred from occupation,low,INCOME,"$100,000 or more","Less than $30,000",False,0.8230652860000005,2,2
RACESURV48_W43,socioeco,inferred,,Inferred from occupation,high,INCOME,"Less than $30,000","$100,000 or more",False,0.9198892088011081,2,2
RACESURV48_W43,socioeco,inferred,,Inferred from occupation,high,INCOME,"$100,000 or more","$100,000 or more",True,0.8230653180000002,2,2
RACESURV51_W43,socioeco,inferred,,Inferred from occupation,low,INCOME,"Less than $30,000","Less than $30,000",True,0.168038951000049,2,2
RACESURV51_W43,socioeco,inferred,,Inferred from occupation,low,INCOME,"$100,000 or more","Less than $30,000",False,0.1778206892218071,2,2
RACESURV51_W43,socioeco,inferred,,Inferred from occupation,high,INCOME,"Less than $30,000","$100,000 or more",False,0.16803390399998291,2,2
RACESURV51_W43,socioeco,inferred,,Inferred from occupation,high,INCOME,"$100,000 or more","$100,000 or more",True,0.17781564222174098,2,2
RACESURV52_W43,socioeco,inferred,,Inferred from occupation,low,INCOME,"Less than $30,000","Less than $30,000",True,0.7272477565061573,2,2
RACESURV52_W43,socioeco,inferred,,Inferred from occupation,low,INCOME,"$100,000 or more","Less than $30,000",False,0.5385232265061572,2,2
RACESURV52_W43,socioeco,inferred,,Inferred from occupation,high,INCOME,"Less than $30,000","$100,000 or more",False,0.510199190960519,2,2
RACESURV52_W43,socioeco,inferred,,Inferred from occupation,high,INCOME,"$100,000 or more","$100,000 or more",True,0.43147796096051894,2,2
RACESURV5a_W43,socioeco,inferred,,Inferred from occupation,low,INCOME,"Less than $30,000","Less than $30,000",True,0.681572060998448,2,2
RACESURV5a_W43,socioeco,inferred,,Inferred from occupation,low,INCOME,"$100,000 or more","Less than $30,000",False,0.6706195627085242,2,2
RACESURV5a_W43,socioeco,inferred,,Inferred from occupation,high,INCOME,"Less than $30,000","$100,000 or more",False,0.681875672997804,2,2
RACESURV5a_W43,socioeco,inferred,,Inferred from occupation,high,INCOME,"$100,000 or more","$100,000 or more",True,0.6709231747078801,2,2
RACESURV5b_W43,socioeco,inferred,,Inferred from occupation,low,INCOME,"Less than $30,000","Less than $30,000",True,0.6305448919997554,2,2
RACESURV5b_W43,socioeco,inferred,,Inferred from occupation,low,INCOME,"$100,000 or more","Less than $30,000",False,0.6307953206917003,2,2
RACESURV5b_W43,socioeco,inferred,,Inferred from occupation,high,INCOME,"Less than $30,000","$100,000 or more",False,0.6305513139999623,2,2
RACESURV5b_W43,socioeco,inferred,,Inferred from occupation,high,INCOME,"$100,000 or more","$100,000 or more",True,0.6308017426919071,2,2
RACESURV5d_W43,socioeco,inferred,,Inferred from occupation,low,INCOME,"Less than $30,000","Less than $30,000",True,0.3962096269998936,2,2
RACESURV5d_W43,socioeco,inferred,,Inferred from occupation,low,INCOME,"$100,000 or more","Less than $30,000",False,0.38396858316014865,2,2
RACESURV5d_W43,socioeco,inferred,,Inferred from occupation,high,INCOME,"Less than $30,000","$100,000 or more",False,0.3962144729999978,2,2
RACESURV5d_W43,socioeco,inferred,,Inferred from occupation,high,INCOME,"$100,000 or more","$100,000 or more",True,0.38397342916025284,2,2
RACESURV5e_W43,socioeco,inferred,,Inferred from occupation,low,INCOME,"Less than $30,000","Less than $30,000",True,0.7022185899995587,2,2
RACESURV5e_W43,socioeco,inferred,,Inferred from occupation,low,INCOME,"$100,000 or more","Less than $30,000",False,0.6028703099995587,2,2
RACESURV5e_W43,socioeco,inferred,,Inferred from occupation,high,INCOME,"Less than $30,000","$100,000 or more",False,0.7020310350025816,2,2
RACESURV5e_W43,socioeco,inferred,,Inferred from occupation,high,INCOME,"$100,000 or more","$100,000 or more",True,0.6026827550025817,2,2
RACESURV5f_W43,socioeco,inferred,,Inferred from occupation,low,INCOME,"Less than $30,000","Less than $30,000",True,0.3311370343113831,2,2
RACESURV5f_W43,socioeco,inferred,,Inferred from occupation,low,INCOME,"$100,000 or more","Less than $30,000",False,0.29151895100000375,2,2
RACESURV5f_W43,socioeco,inferred,,Inferred from occupation,high,INCOME,"Less than $30,000","$100,000 or more",False,0.33113711231138954,2,2
RACESURV5f_W43,socioeco,inferred,,Inferred from occupation,high,INCOME,"$100,000 or more","$100,000 or more",True,0.2915190290000102,2,2
RACESURV5g_W43,socioeco,inferred,,Inferred from occupation,low,INCOME,"Less than $30,000","Less than $30,000",True,0.6615316759999323,2,2
RACESURV5g_W43,socioeco,inferred,,Inferred from occupation,low,INCOME,"$100,000 or more","Less than $30,000",False,0.7763469909999321,2,2
RACESURV5g_W43,socioeco,inferred,,Inferred from occupation,high,INCOME,"Less than $30,000","$100,000 or more",False,0.6615237790000771,2,2
RACESURV5g_W43,socioeco,inferred,,Inferred from occupation,high,INCOME,"$100,000 or more","$100,000 or more",True,0.7763390940000768,2,2
RACESURV5h_W43,socioeco,inferred,,Inferred from occupation,low,INCOME,"Less than $30,000","Less than $30,000",True,0.4330306597506738,2,2
RACESURV5h_W43,socioeco,inferred,,Inferred from occupation,low,INCOME,"$100,000 or more","Less than $30,000",False,0.3143166735635341,2,2
RACESURV5h_W43,socioeco,inferred,,Inferred from occupation,high,INCOME,"Less than $30,000","$100,000 or more",False,0.4209851173634457,2,2
RACESURV5h_W43,socioeco,inferred,,Inferred from occupation,high,INCOME,"$100,000 or more","$100,000 or more",True,0.302271131176306,2,2
RACESURV5i_W43,socioeco,inferred,,Inferred from occupation,low,INCOME,"Less than $30,000","Less than $30,000",True,0.6636889115031986,2,2
RACESURV5i_W43,socioeco,inferred,,Inferred from occupation,low,INCOME,"$100,000 or more","Less than $30,000",False,0.6688308227085495,2,2
RACESURV5i_W43,socioeco,inferred,,Inferred from occupation,high,INCOME,"Less than $30,000","$100,000 or more",False,0.7370655533891578,2,2
RACESURV5i_W43,socioeco,inferred,,Inferred from occupation,high,INCOME,"$100,000 or more","$100,000 or more",True,0.792048479566146,2,2
RACESURV5j_W43,socioeco,inferred,,Inferred from occupation,low,INCOME,"Less than $30,000","Less than $30,000",True,0.5350324557549195,2,2
RACESURV5j_W43,socioeco,inferred,,Inferred from occupation,low,INCOME,"$100,000 or more","Less than $30,000",False,0.5591033007549197,2,2
RACESURV5j_W43,socioeco,inferred,,Inferred from occupation,high,INCOME,"Less than $30,000","$100,000 or more",False,0.5484929299987591,2,2
RACESURV5j_W43,socioeco,inferred,,Inferred from occupation,high,INCOME,"$100,000 or more","$100,000 or more",True,0.5725637749987592,2,2
RACESURV5l_W43,socioeco,inferred,,Inferred from occupation,low,INCOME,"Less than $30,000","Less than $30,000",True,0.22424574266935327,2,2
RACESURV5l_W43,socioeco,inferred,,Inferred from occupation,low,INCOME,"$100,000 or more","Less than $30,000",False,0.050446037669353294,2,2
RACESURV5l_W43,socioeco,inferred,,Inferred from occupation,high,INCOME,"Less than $30,000","$100,000 or more",False,0.3544815696282829,2,2
RACESURV5l_W43,socioeco,inferred,,Inferred from occupation,high,INCOME,"$100,000 or more","$100,000 or more",True,0.18068186462828295,2,2
RACESURV9_W43,socioeco,inferred,,Inferred from occupation,low,INCOME,"Less than $30,000","Less than $30,000",True,0.4871593680004894,2,2
RACESURV9_W43,socioeco,inferred,,Inferred from occupation,low,INCOME,"$100,000 or more","Less than $30,000",False,0.39392227800048946,2,2
RACESURV9_W43,socioeco,inferred,,Inferred from occupation,high,INCOME,"Less than $30,000","$100,000 or more",False,0.4871847059989865,2,2
RACESURV9_W43,socioeco,inferred,,Inferred from occupation,high,INCOME,"$100,000 or more","$100,000 or more",True,0.39394761599898653,2,2
INFOCHALa_W45,socioeco,inferred,,Inferred from occupation,low,INCOME,"Less than $30,000","Less than $30,000",True,0.6367267580000018,2,2
INFOCHALa_W45,socioeco,inferred,,Inferred from occupation,low,INCOME,"$100,000 or more","Less than $30,000",False,0.309733888000002,2,2
INFOCHALa_W45,socioeco,inferred,,Inferred from occupation,high,INCOME,"Less than $30,000","$100,000 or more",False,0.6367268340000002,2,2
INFOCHALa_W45,socioeco,inferred,,Inferred from occupation,high,INCOME,"$100,000 or more","$100,000 or more",True,0.3097339640000004,2,2
INFOCREATEa_W45,socioeco,inferred,,Inferred from occupation,low,INCOME,"Less than $30,000","Less than $30,000",True,0.351804739806776,2,2
INFOCREATEa_W45,socioeco,inferred,,Inferred from occupation,low,INCOME,"$100,000 or more","Less than $30,000",False,0.5253682694841902,2,2
INFOCREATEa_W45,socioeco,inferred,,Inferred from occupation,high,INCOME,"Less than $30,000","$100,000 or more",False,0.418342364751671,2,2
INFOCREATEa_W45,socioeco,inferred,,Inferred from occupation,high,INCOME,"$100,000 or more","$100,000 or more",True,0.5919058944290853,2,2
MADEUPOFT_W45,socioeco,inferred,,Inferred from occupation,low,INCOME,"Less than $30,000","Less than $30,000",True,0.43001322891534793,2,2
MADEUPOFT_W45,socioeco,inferred,,Inferred from occupation,low,INCOME,"$100,000 or more","Less than $30,000",False,0.45470978589383,2,2
MADEUPOFT_W45,socioeco,inferred,,Inferred from occupation,high,INCOME,"Less than $30,000","$100,000 or more",False,0.19329449351277467,2,2
MADEUPOFT_W45,socioeco,inferred,,Inferred from occupation,high,INCOME,"$100,000 or more","$100,000 or more",True,0.10746733363002808,2,2
MADEUPTOPICb_W45,socioeco,inferred,,Inferred from occupation,low,INCOME,"Less than $30,000","Less than $30,000",True,0.4885647940000005,2,2
MADEUPTOPICb_W45,socioeco,inferred,,Inferred from occupation,low,INCOME,"$100,000 or more","Less than $30,000",False,0.4467309940000004,2,2
MADEUPTOPICb_W45,socioeco,inferred,,Inferred from occupation,high,INCOME,"Less than $30,000","$100,000 or more",False,0.4885647940000005,2,2
MADEUPTOPICb_W45,socioeco,inferred,,Inferred from occupation,high,INCOME,"$100,000 or more","$100,000 or more",True,0.4467309940000004,2,2
MADEUPTOPICc_W45,socioeco,inferred,,Inferred from occupation,low,INCOME,"Less than $30,000","Less than $30,000",True,1.0688129426908495,2,2
MADEUPTOPICc_W45,socioeco,inferred,,Inferred from occupation,low,INCOME,"$100,000 or more","Less than $30,000",False,1.1066060220020042,2,2
MADEUPTOPICc_W45,socioeco,inferred,,Inferred from occupation,high,INCOME,"Less than $30,000","$100,000 or more",False,1.0688828646888617,2,2
MADEUPTOPICc_W45,socioeco,inferred,,Inferred from occupation,high,INCOME,"$100,000 or more","$100,000 or more",True,1.1066759440000165,2,2
MADEUPTOPICd_W45,socioeco,inferred,,Inferred from occupation,low,INCOME,"Less than $30,000","Less than $30,000",True,0.8852293120000275,2,2
MADEUPTOPICd_W45,socioeco,inferred,,Inferred from occupation,low,INCOME,"$100,000 or more","Less than $30,000",False,0.9979224520207833,2,2
MADEUPTOPICd_W45,socioeco,inferred,,Inferred from occupation,high,INCOME,"Less than $30,000","$100,000 or more",False,0.8852309800000036,2,2
MADEUPTOPICd_W45,socioeco,inferred,,Inferred from occupation,high,INCOME,"$100,000 or more","$100,000 or more",True,0.9979241200207594,2,2
NEWSPROBd_W45,socioeco,inferred,,Inferred from occupation,low,INCOME,"Less than $30,000","Less than $30,000",True,0.3189529173646405,2,2
NEWSPROBd_W45,socioeco,inferred,,Inferred from occupation,low,INCOME,"$100,000 or more","Less than $30,000",False,0.40155061999999997,2,2
NEWSPROBd_W45,socioeco,inferred,,Inferred from occupation,high,INCOME,"Less than $30,000","$100,000 or more",False,0.9245886800425346,2,2
NEWSPROBd_W45,socioeco,inferred,,Inferred from occupation,high,INCOME,"$100,000 or more","$100,000 or more",True,1.0071863826778942,2,2
NEWSPROBe_W45,socioeco,inferred,,Inferred from occupation,low,INCOME,"Less than $30,000","Less than $30,000",True,0.8554569384140611,2,2
NEWSPROBe_W45,socioeco,inferred,,Inferred from occupation,low,INCOME,"$100,000 or more","Less than $30,000",False,0.7480328693902067,2,2
NEWSPROBe_W45,socioeco,inferred,,Inferred from occupation,high,INCOME,"Less than $30,000","$100,000 or more",False,1.0083334520952276,2,2
NEWSPROBe_W45,socioeco,inferred,,Inferred from occupation,high,INCOME,"$100,000 or more","$100,000 or more",True,0.9009093830713732,2,2
NEWS_PLATFORMg_W45,socioeco,inferred,,Inferred from occupation,low,INCOME,"Less than $30,000","Less than $30,000",True,0.8661928006969045,2,2
NEWS_PLATFORMg_W45,socioeco,inferred,,Inferred from occupation,low,INCOME,"$100,000 or more","Less than $30,000",False,0.6932631521259857,2,2
NEWS_PLATFORMg_W45,socioeco,inferred,,Inferred from occupation,high,INCOME,"Less than $30,000","$100,000 or more",False,0.5598562197016148,2,2
NEWS_PLATFORMg_W45,socioeco,inferred,,Inferred from occupation,high,INCOME,"$100,000 or more","$100,000 or more",True,0.6614108386571935,2,2
SMLIKESb_W45,socioeco,inferred,,Inferred from occupation,low,INCOME,"Less than $30,000","Less than $30,000",True,0.37334321771662227,2,2
SMLIKESb_W45,socioeco,inferred,,Inferred from occupation,low,INCOME,"$100,000 or more","Less than $30,000",False,0.3627010977166223,2,2
SMLIKESb_W45,socioeco,inferred,,Inferred from occupation,high,INCOME,"Less than $30,000","$100,000 or more",False,0.2586181097747451,2,2
SMLIKESb_W45,socioeco,inferred,,Inferred from occupation,high,INCOME,"$100,000 or more","$100,000 or more",True,0.2693647897747451,2,2
SMLIKESf_W45,socioeco,inferred,,Inferred from occupation,low,INCOME,"Less than $30,000","Less than $30,000",True,0.641671307983058,2,2
SMLIKESf_W45,socioeco,inferred,,Inferred from occupation,low,INCOME,"$100,000 or more","Less than $30,000",False,0.561956877983058,2,2
SMLIKESf_W45,socioeco,inferred,,Inferred from occupation,high,INCOME,"Less than $30,000","$100,000 or more",False,0.6426895319996748,2,2
SMLIKESf_W45,socioeco,inferred,,Inferred from occupation,high,INCOME,"$100,000 or more","$100,000 or more",True,0.5629751019996748,2,2
BENEFITGOV_W49,socioeco,inferred,,Inferred from occupation,low,INCOME,"Less than $30,000","Less than $30,000",True,0.5714286240000019,2,2
BENEFITGOV_W49,socioeco,inferred,,Inferred from occupation,low,INCOME,"$100,000 or more","Less than $30,000",False,0.33268025400000195,2,2
BENEFITGOV_W49,socioeco,inferred,,Inferred from occupation,high,INCOME,"Less than $30,000","$100,000 or more",False,0.5714283820000075,2,2
BENEFITGOV_W49,socioeco,inferred,,Inferred from occupation,high,INCOME,"$100,000 or more","$100,000 or more",True,0.33268001200000746,2,2
CONCERNCO_W49,socioeco,inferred,,Inferred from occupation,low,INCOME,"Less than $30,000","Less than $30,000",True,0.4945723944431338,2,2
CONCERNCO_W49,socioeco,inferred,,Inferred from occupation,low,INCOME,"$100,000 or more","Less than $30,000",False,0.4752640444431333,2,2
CONCERNCO_W49,socioeco,inferred,,Inferred from occupation,high,INCOME,"Less than $30,000","$100,000 or more",False,0.7942734236419376,2,2
CONCERNCO_W49,socioeco,inferred,,Inferred from occupation,high,INCOME,"$100,000 or more","$100,000 or more",True,0.7749650736419372,2,2
CONCERNGRPa_W49,socioeco,inferred,,Inferred from occupation,low,INCOME,"Less than $30,000","Less than $30,000",True,0.2521864657923249,2,2
CONCERNGRPa_W49,socioeco,inferred,,Inferred from occupation,low,INCOME,"$100,000 or more","Less than $30,000",False,0.28249441254092045,2,2
CONCERNGRPa_W49,socioeco,inferred,,Inferred from occupation,high,INCOME,"Less than $30,000","$100,000 or more",False,0.3444678107685796,2,2
CONCERNGRPa_W49,socioeco,inferred,,Inferred from occupation,high,INCOME,"$100,000 or more","$100,000 or more",True,0.5505867307043938,2,2
CONCERNGRPc_W49,socioeco,inferred,,Inferred from occupation,low,INCOME,"Less than $30,000","Less than $30,000",True,0.30317612959232104,2,2
CONCERNGRPc_W49,socioeco,inferred,,Inferred from occupation,low,INCOME,"$100,000 or more","Less than $30,000",False,0.3452094795923211,2,2
CONCERNGRPc_W49,socioeco,inferred,,Inferred from occupation,high,INCOME,"Less than $30,000","$100,000 or more",False,0.8059830727691303,2,2
CONCERNGRPc_W49,socioeco,inferred,,Inferred from occupation,high,INCOME,"$100,000 or more","$100,000 or more",True,0.8004206027691302,2,2
CONTROLCO_W49,socioeco,inferred,,Inferred from occupation,low,INCOME,"Less than $30,000","Less than $30,000",True,0.5676505120609806,2,2
CONTROLCO_W49,socioeco,inferred,,Inferred from occupation,low,INCOME,"$100,000 or more","Less than $30,000",False,0.4694952061441783,2,2
CONTROLCO_W49,socioeco,inferred,,Inferred from occupation,high,INCOME,"Less than $30,000","$100,000 or more",False,0.5878142039863907,2,2
CONTROLCO_W49,socioeco,inferred,,Inferred from occupation,high,INCOME,"$100,000 or more","$100,000 or more",True,0.48965889806958834,2,2
CONTROLGRPc_W49,socioeco,inferred,,Inferred from occupation,low,INCOME,"Less than $30,000","Less than $30,000",True,0.7890144991321468,2,2
CONTROLGRPc_W49,socioeco,inferred,,Inferred from occupation,low,INCOME,"$100,000 or more","Less than $30,000",False,1.007077669132147,2,2
CONTROLGRPc_W49,socioeco,inferred,,Inferred from occupation,high,INCOME,"Less than $30,000","$100,000 or more",False,0.6632410799999999,2,2
CONTROLGRPc_W49,socioeco,inferred,,Inferred from occupation,high,INCOME,"$100,000 or more","$100,000 or more",True,0.88130425,2,2
DATAUSEd_W49,socioeco,inferred,,Inferred from occupation,low,INCOME,"Less than $30,000","Less than $30,000",True,0.5057473447287673,2,2
DATAUSEd_W49,socioeco,inferred,,Inferred from occupation,low,INCOME,"$100,000 or more","Less than $30,000",False,0.4030894347287673,2,2
DATAUSEd_W49,socioeco,inferred,,Inferred from occupation,high,INCOME,"Less than $30,000","$100,000 or more",False,0.45018107315982814,2,2
DATAUSEd_W49,socioeco,inferred,,Inferred from occupation,high,INCOME,"$100,000 or more","$100,000 or more",True,0.3475231631598281,2,2
FACE3c_W49,socioeco,inferred,,Inferred from occupation,low,INCOME,"Less than $30,000","Less than $30,000",True,0.3929873659298735,2,2
FACE3c_W49,socioeco,inferred,,Inferred from occupation,low,INCOME,"$100,000 or more","Less than $30,000",False,0.30291454260510997,2,2
FACE3c_W49,socioeco,inferred,,Inferred from occupation,high,INCOME,"Less than $30,000","$100,000 or more",False,0.9459586567360113,2,2
FACE3c_W49,socioeco,inferred,,Inferred from occupation,high,INCOME,"$100,000 or more","$100,000 or more",True,0.8558858334112478,2,2
GOVREGV1_W49,socioeco,inferred,,Inferred from occupation,low,INCOME,"Less than $30,000","Less than $30,000",True,0.20949961290500407,2,2
GOVREGV1_W49,socioeco,inferred,,Inferred from occupation,low,INCOME,"$100,000 or more","Less than $30,000",False,0.11177621500000051,2,2
GOVREGV1_W49,socioeco,inferred,,Inferred from occupation,high,INCOME,"Less than $30,000","$100,000 or more",False,0.2094996239050041,2,2
GOVREGV1_W49,socioeco,inferred,,Inferred from occupation,high,INCOME,"$100,000 or more","$100,000 or more",True,0.11177622600000053,2,2
HOMEASSIST2_W49,socioeco,inferred,,Inferred from occupation,low,INCOME,"Less than $30,000","Less than $30,000",True,0.6360488501599278,2,2
HOMEASSIST2_W49,socioeco,inferred,,Inferred from occupation,low,INCOME,"$100,000 or more","Less than $30,000",False,0.5971315534172095,2,2
HOMEASSIST2_W49,socioeco,inferred,,Inferred from occupation,high,INCOME,"Less than $30,000","$100,000 or more",False,0.6981258276384807,2,2
HOMEASSIST2_W49,socioeco,inferred,,Inferred from occupation,high,INCOME,"$100,000 or more","$100,000 or more",True,0.6592085308957624,2,2
HOMEASSIST3_W49,socioeco,inferred,,Inferred from occupation,low,INCOME,"Less than $30,000","Less than $30,000",True,0.34075524735419555,2,2
HOMEASSIST3_W49,socioeco,inferred,,Inferred from occupation,low,INCOME,"$100,000 or more","Less than $30,000",False,0.36075420385737794,2,2
HOMEASSIST3_W49,socioeco,inferred,,Inferred from occupation,high,INCOME,"Less than $30,000","$100,000 or more",False,0.5427258675601551,2,2
HOMEASSIST3_W49,socioeco,inferred,,Inferred from occupation,high,INCOME,"$100,000 or more","$100,000 or more",True,0.5627248240633375,2,2
HOMEASSIST4_W49,socioeco,inferred,,Inferred from occupation,low,INCOME,"Less than $30,000","Less than $30,000",True,1.2433512575658612,2,2
HOMEASSIST4_W49,socioeco,inferred,,Inferred from occupation,low,INCOME,"$100,000 or more","Less than $30,000",False,1.479508684800722,2,2
HOMEASSIST4_W49,socioeco,inferred,,Inferred from occupation,high,INCOME,"Less than $30,000","$100,000 or more",False,1.2436637495633542,2,2
HOMEASSIST4_W49,socioeco,inferred,,Inferred from occupation,high,INCOME,"$100,000 or more","$100,000 or more",True,1.479821176798215,2,2
PP5e_W49,socioeco,inferred,,Inferred from occupation,low,INCOME,"Less than $30,000","Less than $30,000",True,0.6660671113959478,2,2
PP5e_W49,socioeco,inferred,,Inferred from occupation,low,INCOME,"$100,000 or more","Less than $30,000",False,0.5415557641919473,2,2
PP5e_W49,socioeco,inferred,,Inferred from occupation,high,INCOME,"Less than $30,000","$100,000 or more",False,0.7141882520449752,2,2
PP5e_W49,socioeco,inferred,,Inferred from occupation,high,INCOME,"$100,000 or more","$100,000 or more",True,0.7923665546806813,2,2
PWMAN2_W49,socioeco,inferred,,Inferred from occupation,low,INCOME,"Less than $30,000","Less than $30,000",True,2.1898548027384597,2,2
PWMAN2_W49,socioeco,inferred,,Inferred from occupation,low,INCOME,"$100,000 or more","Less than $30,000",False,2.269758493130853,2,2
PWMAN2_W49,socioeco,inferred,,Inferred from occupation,high,INCOME,"Less than $30,000","$100,000 or more",False,1.9163087456895767,2,2
PWMAN2_W49,socioeco,inferred,,Inferred from occupation,high,INCOME,"$100,000 or more","$100,000 or more",True,1.99621243608197,2,2
SMARTAPP_W49,socioeco,inferred,,Inferred from occupation,low,INCOME,"Less than $30,000","Less than $30,000",True,0.8936734400025801,2,2
SMARTAPP_W49,socioeco,inferred,,Inferred from occupation,low,INCOME,"$100,000 or more","Less than $30,000",False,0.98060816000258,2,2
SMARTAPP_W49,socioeco,inferred,,Inferred from occupation,high,INCOME,"Less than $30,000","$100,000 or more",False,0.8938176759989305,2,2
SMARTAPP_W49,socioeco,inferred,,Inferred from occupation,high,INCOME,"$100,000 or more","$100,000 or more",True,0.9807523959989304,2,2
TRACKCO1a_W49,socioeco,inferred,,Inferred from occupation,low,INCOME,"Less than $30,000","Less than $30,000",True,1.11046353168525,2,2
TRACKCO1a_W49,socioeco,inferred,,Inferred from occupation,low,INCOME,"$100,000 or more","Less than $30,000",False,0.5917525597093374,2,2
TRACKCO1a_W49,socioeco,inferred,,Inferred from occupation,high,INCOME,"Less than $30,000","$100,000 or more",False,1.3047526463273418,2,2
TRACKCO1a_W49,socioeco,inferred,,Inferred from occupation,high,INCOME,"$100,000 or more","$100,000 or more",True,0.7860416743514294,2,2
TRACKCO1b_W49,socioeco,inferred,,Inferred from occupation,low,INCOME,"Less than $30,000","Less than $30,000",True,0.9972403080991021,2,2
TRACKCO1b_W49,socioeco,inferred,,Inferred from occupation,low,INCOME,"$100,000 or more","Less than $30,000",False,0.7145410153683892,2,2
TRACKCO1b_W49,socioeco,inferred,,Inferred from occupation,high,INCOME,"Less than $30,000","$100,000 or more",False,0.7320287115386204,2,2
TRACKCO1b_W49,socioeco,inferred,,Inferred from occupation,high,INCOME,"$100,000 or more","$100,000 or more",True,0.517948416803545,2,2
TRACKGOV1a_W49,socioeco,inferred,,Inferred from occupation,low,INCOME,"Less than $30,000","Less than $30,000",True,1.135347114195164,2,2
TRACKGOV1a_W49,socioeco,inferred,,Inferred from occupation,low,INCOME,"$100,000 or more","Less than $30,000",False,0.9407894741951639,2,2
TRACKGOV1a_W49,socioeco,inferred,,Inferred from occupation,high,INCOME,"Less than $30,000","$100,000 or more",False,1.1161696795816196,2,2
TRACKGOV1a_W49,socioeco,inferred,,Inferred from occupation,high,INCOME,"$100,000 or more","$100,000 or more",True,0.9216120395816195,2,2
TRACKGOV1b_W49,socioeco,inferred,,Inferred from occupation,low,INCOME,"Less than $30,000","Less than $30,000",True,1.0318517088022965,2,2
TRACKGOV1b_W49,socioeco,inferred,,Inferred from occupation,low,INCOME,"$100,000 or more","Less than $30,000",False,0.7923040311977732,2,2
TRACKGOV1b_W49,socioeco,inferred,,Inferred from occupation,high,INCOME,"Less than $30,000","$100,000 or more",False,1.0781093491976457,2,2
TRACKGOV1b_W49,socioeco,inferred,,Inferred from occupation,high,INCOME,"$100,000 or more","$100,000 or more",True,0.8385616715931226,2,2
COHABDUR_W50,socioeco,inferred,,Inferred from occupation,low,INCOME,"Less than $30,000","Less than $30,000",True,1.5001500720694432,2,2
COHABDUR_W50,socioeco,inferred,,Inferred from occupation,low,INCOME,"$100,000 or more","Less than $30,000",False,1.257806105003708,2,2
COHABDUR_W50,socioeco,inferred,,Inferred from occupation,high,INCOME,"Less than $30,000","$100,000 or more",False,1.6605195639018253,2,2
COHABDUR_W50,socioeco,inferred,,Inferred from occupation,high,INCOME,"$100,000 or more","$100,000 or more",True,1.452748671275213,2,2
DNA2b_W50,socioeco,inferred,,Inferred from occupation,low,INCOME,"Less than $30,000","Less than $30,000",True,0.2835790622222121,2,2
DNA2b_W50,socioeco,inferred,,Inferred from occupation,low,INCOME,"$100,000 or more","Less than $30,000",False,0.2844287522222121,2,2
DNA2b_W50,socioeco,inferred,,Inferred from occupation,high,INCOME,"Less than $30,000","$100,000 or more",False,0.33972787867307414,2,2
DNA2b_W50,socioeco,inferred,,Inferred from occupation,high,INCOME,"$100,000 or more","$100,000 or more",True,0.34057756867307415,2,2
DNA5_W50,socioeco,inferred,,Inferred from occupation,low,INCOME,"Less than $30,000","Less than $30,000",True,0.24243537599984968,2,2
DNA5_W50,socioeco,inferred,,Inferred from occupation,low,INCOME,"$100,000 or more","Less than $30,000",False,0.12160424599984967,2,2
DNA5_W50,socioeco,inferred,,Inferred from occupation,high,INCOME,"Less than $30,000","$100,000 or more",False,0.24242985199969422,2,2
DNA5_W50,socioeco,inferred,,Inferred from occupation,high,INCOME,"$100,000 or more","$100,000 or more",True,0.12159872199969421,2,2
E5MOD_W50,socioeco,inferred,,Inferred from occupation,low,INCOME,"Less than $30,000","Less than $30,000",True,1.110893172000006,2,2
E5MOD_W50,socioeco,inferred,,Inferred from occupation,low,INCOME,"$100,000 or more","Less than $30,000",False,1.3870367820000058,2,2
E5MOD_W50,socioeco,inferred,,Inferred from occupation,high,INCOME,"Less than $30,000","$100,000 or more",False,1.1108931980000019,2,2
E5MOD_W50,socioeco,inferred,,Inferred from occupation,high,INCOME,"$100,000 or more","$100,000 or more",True,1.3870368080000017,2,2
FAMSURV10c_W50,socioeco,inferred,,Inferred from occupation,low,INCOME,"Less than $30,000","Less than $30,000",True,0.5277636952021898,2,2
FAMSURV10c_W50,socioeco,inferred,,Inferred from occupation,low,INCOME,"$100,000 or more","Less than $30,000",False,0.7992369224874576,2,2
FAMSURV10c_W50,socioeco,inferred,,Inferred from occupation,high,INCOME,"Less than $30,000","$100,000 or more",False,0.8055795603221464,2,2
FAMSURV10c_W50,socioeco,inferred,,Inferred from occupation,high,INCOME,"$100,000 or more","$100,000 or more",True,1.077052787607414,2,2
FAMSURV16_W50,socioeco,inferred,,Inferred from occupation,low,INCOME,"Less than $30,000","Less than $30,000",True,0.34072810100000117,2,2
FAMSURV16_W50,socioeco,inferred,,Inferred from occupation,low,INCOME,"$100,000 or more","Less than $30,000",False,0.3353554910000012,2,2
FAMSURV16_W50,socioeco,inferred,,Inferred from occupation,high,INCOME,"Less than $30,000","$100,000 or more",False,0.3407280690000015,2,2
FAMSURV16_W50,socioeco,inferred,,Inferred from occupation,high,INCOME,"$100,000 or more","$100,000 or more",True,0.3353554590000016,2,2
FAMSURV1_W50,socioeco,inferred,,Inferred from occupation,low,INCOME,"Less than $30,000","Less than $30,000",True,0.3362280925352873,2,2
FAMSURV1_W50,socioeco,inferred,,Inferred from occupation,low,INCOME,"$100,000 or more","Less than $30,000",False,0.3209990855010324,2,2
FAMSURV1_W50,socioeco,inferred,,Inferred from occupation,high,INCOME,"Less than $30,000","$100,000 or more",False,0.366924292125819,2,2
FAMSURV1_W50,socioeco,inferred,,Inferred from occupation,high,INCOME,"$100,000 or more","$100,000 or more",True,0.2266278517784689,2,2
FAMSURV20_W50,socioeco,inferred,,Inferred from occupation,low,INCOME,"Less than $30,000","Less than $30,000",True,0.408038055905133,2,2
FAMSURV20_W50,socioeco,inferred,,Inferred from occupation,low,INCOME,"$100,000 or more","Less than $30,000",False,0.573328245905133,2,2
FAMSURV20_W50,socioeco,inferred,,Inferred from occupation,high,INCOME,"Less than $30,000","$100,000 or more",False,0.30759356579278657,2,2
FAMSURV20_W50,socioeco,inferred,,Inferred from occupation,high,INCOME,"$100,000 or more","$100,000 or more",True,0.4728837557927866,2,2
FAMSURV23b_W50,socioeco,inferred,,Inferred from occupation,low,INCOME,"Less than $30,000","Less than $30,000",True,0.28496832363719843,2,2
FAMSURV23b_W50,socioeco,inferred,,Inferred from occupation,low,INCOME,"$100,000 or more","Less than $30,000",False,0.5537012332817157,2,2
FAMSURV23b_W50,socioeco,inferred,,Inferred from occupation,high,INCOME,"Less than $30,000","$100,000 or more",False,0.32763302963343444,2,2
FAMSURV23b_W50,socioeco,inferred,,Inferred from occupation,high,INCOME,"$100,000 or more","$100,000 or more",True,0.16621830649148817,2,2
FAMSURV23c_W50,socioeco,inferred,,Inferred from occupation,low,INCOME,"Less than $30,000","Less than $30,000",True,0.4131274620637,2,2
FAMSURV23c_W50,socioeco,inferred,,Inferred from occupation,low,INCOME,"$100,000 or more","Less than $30,000",False,0.06617451206369995,2,2
FAMSURV23c_W50,socioeco,inferred,,Inferred from occupation,high,INCOME,"Less than $30,000","$100,000 or more",False,0.41118700401756186,2,2
FAMSURV23c_W50,socioeco,inferred,,Inferred from occupation,high,INCOME,"$100,000 or more","$100,000 or more",True,0.06423405401756183,2,2
FAMSURV23d_W50,socioeco,inferred,,Inferred from occupation,low,INCOME,"Less than $30,000","Less than $30,000",True,0.3257669572886668,2,2
FAMSURV23d_W50,socioeco,inferred,,Inferred from occupation,low,INCOME,"$100,000 or more","Less than $30,000",False,0.3466465672886668,2,2
FAMSURV23d_W50,socioeco,inferred,,Inferred from occupation,high,INCOME,"Less than $30,000","$100,000 or more",False,0.5240629050911083,2,2
FAMSURV23d_W50,socioeco,inferred,,Inferred from occupation,high,INCOME,"$100,000 or more","$100,000 or more",True,0.5449425150911082,2,2
FAMSURV23e_W50,socioeco,inferred,,Inferred from occupation,low,INCOME,"Less than $30,000","Less than $30,000",True,0.4173560985202662,2,2
FAMSURV23e_W50,socioeco,inferred,,Inferred from occupation,low,INCOME,"$100,000 or more","Less than $30,000",False,0.38486426601746043,2,2
FAMSURV23e_W50,socioeco,inferred,,Inferred from occupation,high,INCOME,"Less than $30,000","$100,000 or more",False,0.4818522191814779,2,2
FAMSURV23e_W50,socioeco,inferred,,Inferred from occupation,high,INCOME,"$100,000 or more","$100,000 or more",True,0.31074006806487525,2,2
FAMSURV23f_W50,socioeco,inferred,,Inferred from occupation,low,INCOME,"Less than $30,000","Less than $30,000",True,0.4575744625412071,2,2
FAMSURV23f_W50,socioeco,inferred,,Inferred from occupation,low,INCOME,"$100,000 or more","Less than $30,000",False,0.6296074815321929,2,2
FAMSURV23f_W50,socioeco,inferred,,Inferred from occupation,high,INCOME,"Less than $30,000","$100,000 or more",False,0.405378774732894,2,2
FAMSURV23f_W50,socioeco,inferred,,Inferred from occupation,high,INCOME,"$100,000 or more","$100,000 or more",True,0.3730288858113837,2,2
FAMSURV23g_W50,socioeco,inferred,,Inferred from occupation,low,INCOME,"Less than $30,000","Less than $30,000",True,0.31310481122311834,2,2
FAMSURV23g_W50,socioeco,inferred,,Inferred from occupation,low,INCOME,"$100,000 or more","Less than $30,000",False,0.3156055812231183,2,2
FAMSURV23g_W50,socioeco,inferred,,Inferred from occupation,high,INCOME,"Less than $30,000","$100,000 or more",False,0.5634259474795099,2,2
FAMSURV23g_W50,socioeco,inferred,,Inferred from occupation,high,INCOME,"$100,000 or more","$100,000 or more",True,0.56592671747951,2,2
FAMSURV26a_W50,socioeco,inferred,,Inferred from occupation,low,INCOME,"Less than $30,000","Less than $30,000",True,0.6027934660279384,2,2
FAMSURV26a_W50,socioeco,inferred,,Inferred from occupation,low,INCOME,"$100,000 or more","Less than $30,000",False,0.6560699700000021,2,2
FAMSURV26a_W50,socioeco,inferred,,Inferred from occupation,high,INCOME,"Less than $30,000","$100,000 or more",False,0.6027935640279383,2,2
FAMSURV26a_W50,socioeco,inferred,,Inferred from occupation,high,INCOME,"$100,000 or more","$100,000 or more",True,0.656070068000002,2,2
FAMSURV26b_W50,socioeco,inferred,,Inferred from occupation,low,INCOME,"Less than $30,000","Less than $30,000",True,0.6728146361985998,2,2
FAMSURV26b_W50,socioeco,inferred,,Inferred from occupation,low,INCOME,"$100,000 or more","Less than $30,000",False,0.714932198949978,2,2
FAMSURV26b_W50,socioeco,inferred,,Inferred from occupation,high,INCOME,"Less than $30,000","$100,000 or more",False,0.6777568438802931,2,2
FAMSURV26b_W50,socioeco,inferred,,Inferred from occupation,high,INCOME,"$100,000 or more","$100,000 or more",True,0.7198744066316712,2,2
FAMSURV26c_W50,socioeco,inferred,,Inferred from occupation,low,INCOME,"Less than $30,000","Less than $30,000",True,0.40502200605022004,2,2
FAMSURV26c_W50,socioeco,inferred,,Inferred from occupation,low,INCOME,"$100,000 or more","Less than $30,000",False,0.5191024165669231,2,2
FAMSURV26c_W50,socioeco,inferred,,Inferred from occupation,high,INCOME,"Less than $30,000","$100,000 or more",False,0.4107206141584383,2,2
FAMSURV26c_W50,socioeco,inferred,,Inferred from occupation,high,INCOME,"$100,000 or more","$100,000 or more",True,0.5248010246751414,2,2
FAMSURV26d_W50,socioeco,inferred,,Inferred from occupation,low,INCOME,"Less than $30,000","Less than $30,000",True,0.41968055181910907,2,2
FAMSURV26d_W50,socioeco,inferred,,Inferred from occupation,low,INCOME,"$100,000 or more","Less than $30,000",False,0.43158411147425446,2,2
FAMSURV26d_W50,socioeco,inferred,,Inferred from occupation,high,INCOME,"Less than $30,000","$100,000 or more",False,0.5456569160414969,2,2
FAMSURV26d_W50,socioeco,inferred,,Inferred from occupation,high,INCOME,"$100,000 or more","$100,000 or more",True,0.46072259604149685,2,2
FAMSURV29_W50,socioeco,inferred,,Inferred from occupation,low,INCOME,"Less than $30,000","Less than $30,000",True,1.1382235242094898,2,2
FAMSURV29_W50,socioeco,inferred,,Inferred from occupation,low,INCOME,"$100,000 or more","Less than $30,000",False,1.1669683542094897,2,2
FAMSURV29_W50,socioeco,inferred,,Inferred from occupation,high,INCOME,"Less than $30,000","$100,000 or more",False,1.1456678540098075,2,2
FAMSURV29_W50,socioeco,inferred,,Inferred from occupation,high,INCOME,"$100,000 or more","$100,000 or more",True,1.1744126840098075,2,2
FAMSURV2Ma_W50,socioeco,inferred,,Inferred from occupation,low,INCOME,"Less than $30,000","Less than $30,000",True,0.25707568771662825,2,2
FAMSURV2Ma_W50,socioeco,inferred,,Inferred from occupation,low,INCOME,"$100,000 or more","Less than $30,000",False,0.29674140771662827,2,2
FAMSURV2Ma_W50,socioeco,inferred,,Inferred from occupation,high,INCOME,"Less than $30,000","$100,000 or more",False,0.178265569299306,2,2
FAMSURV2Ma_W50,socioeco,inferred,,Inferred from occupation,high,INCOME,"$100,000 or more","$100,000 or more",True,0.21793128929930597,2,2
FAMSURV2Mc_W50,socioeco,inferred,,Inferred from occupation,low,INCOME,"Less than $30,000","Less than $30,000",True,0.45607089584579796,2,2
FAMSURV2Mc_W50,socioeco,inferred,,Inferred from occupation,low,INCOME,"$100,000 or more","Less than $30,000",False,0.35898542584579807,2,2
FAMSURV2Mc_W50,socioeco,inferred,,Inferred from occupation,high,INCOME,"Less than $30,000","$100,000 or more",False,0.4660772459999999,2,2
FAMSURV2Mc_W50,socioeco,inferred,,Inferred from occupation,high,INCOME,"$100,000 or more","$100,000 or more",True,0.36899177600000005,2,2
FAMSURV2Wa_W50,socioeco,inferred,,Inferred from occupation,low,INCOME,"Less than $30,000","Less than $30,000",True,0.4449107810886362,2,2
FAMSURV2Wa_W50,socioeco,inferred,,Inferred from occupation,low,INCOME,"$100,000 or more","Less than $30,000",False,0.45614374108863626,2,2
FAMSURV2Wa_W50,socioeco,inferred,,Inferred from occupation,high,INCOME,"Less than $30,000","$100,000 or more",False,0.5367613873423807,2,2
FAMSURV2Wa_W50,socioeco,inferred,,Inferred from occupation,high,INCOME,"$100,000 or more","$100,000 or more",True,0.5479943473423807,2,2
FAMSURV2Wc_W50,socioeco,inferred,,Inferred from occupation,low,INCOME,"Less than $30,000","Less than $30,000",True,0.4800718251377775,2,2
FAMSURV2Wc_W50,socioeco,inferred,,Inferred from occupation,low,INCOME,"$100,000 or more","Less than $30,000",False,0.4011086899621512,2,2
FAMSURV2Wc_W50,socioeco,inferred,,Inferred from occupation,high,INCOME,"Less than $30,000","$100,000 or more",False,0.47917096326055303,2,2
FAMSURV2Wc_W50,socioeco,inferred,,Inferred from occupation,high,INCOME,"$100,000 or more","$100,000 or more",True,0.4002078280849267,2,2
FAMSURV32e_W50,socioeco,inferred,,Inferred from occupation,low,INCOME,"Less than $30,000","Less than $30,000",True,0.671203799217679,2,2
FAMSURV32e_W50,socioeco,inferred,,Inferred from occupation,low,INCOME,"$100,000 or more","Less than $30,000",False,0.504713279217679,2,2
FAMSURV32e_W50,socioeco,inferred,,Inferred from occupation,high,INCOME,"Less than $30,000","$100,000 or more",False,0.518292370266386,2,2
FAMSURV32e_W50,socioeco,inferred,,Inferred from occupation,high,INCOME,"$100,000 or more","$100,000 or more",True,0.3518018502663859,2,2
FAMSURV39_W50,socioeco,inferred,,Inferred from occupation,low,INCOME,"Less than $30,000","Less than $30,000",True,0.8647424371220903,2,2
FAMSURV39_W50,socioeco,inferred,,Inferred from occupation,low,INCOME,"$100,000 or more","Less than $30,000",False,0.8444674875797328,2,2
FAMSURV39_W50,socioeco,inferred,,Inferred from occupation,high,INCOME,"Less than $30,000","$100,000 or more",False,0.8736764720257133,2,2
FAMSURV39_W50,socioeco,inferred,,Inferred from occupation,high,INCOME,"$100,000 or more","$100,000 or more",True,0.8534015224833558,2,2
FAMSURV3_W50,socioeco,inferred,,Inferred from occupation,low,INCOME,"Less than $30,000","Less than $30,000",True,0.44014124989657366,2,2
FAMSURV3_W50,socioeco,inferred,,Inferred from occupation,low,INCOME,"$100,000 or more","Less than $30,000",False,0.3228002351796373,2,2
FAMSURV3_W50,socioeco,inferred,,Inferred from occupation,high,INCOME,"Less than $30,000","$100,000 or more",False,0.4477537344296574,2,2
FAMSURV3_W50,socioeco,inferred,,Inferred from occupation,high,INCOME,"$100,000 or more","$100,000 or more",True,0.330412719712721,2,2
FAMSURV40_W50,socioeco,inferred,,Inferred from occupation,low,INCOME,"Less than $30,000","Less than $30,000",True,1.3437393874373784,2,2
FAMSURV40_W50,socioeco,inferred,,Inferred from occupation,low,INCOME,"$100,000 or more","Less than $30,000",False,1.795038273999974,2,2
FAMSURV40_W50,socioeco,inferred,,Inferred from occupation,high,INCOME,"Less than $30,000","$100,000 or more",False,1.3437388774374273,2,2
FAMSURV40_W50,socioeco,inferred,,Inferred from occupation,high,INCOME,"$100,000 or more","$100,000 or more",True,1.7950377640000228,2,2
FAMSURV43_W50,socioeco,inferred,,Inferred from occupation,low,INCOME,"Less than $30,000","Less than $30,000",True,0.4817466387849702,2,2
FAMSURV43_W50,socioeco,inferred,,Inferred from occupation,low,INCOME,"$100,000 or more","Less than $30,000",False,0.41515086878497026,2,2
FAMSURV43_W50,socioeco,inferred,,Inferred from occupation,high,INCOME,"Less than $30,000","$100,000 or more",False,0.6387537364920042,2,2
FAMSURV43_W50,socioeco,inferred,,Inferred from occupation,high,INCOME,"$100,000 or more","$100,000 or more",True,0.575429946492004,2,2
FAMSURV44_W50,socioeco,inferred,,Inferred from occupation,low,INCOME,"Less than $30,000","Less than $30,000",True,1.4425046590063315,2,2
FAMSURV44_W50,socioeco,inferred,,Inferred from occupation,low,INCOME,"$100,000 or more","Less than $30,000",False,1.736069754852933,2,2
FAMSURV44_W50,socioeco,inferred,,Inferred from occupation,high,INCOME,"Less than $30,000","$100,000 or more",False,1.2802311377179665,2,2
FAMSURV44_W50,socioeco,inferred,,Inferred from occupation,high,INCOME,"$100,000 or more","$100,000 or more",True,1.5737962335645679,2,2
FAMSURV6_W50,socioeco,inferred,,Inferred from occupation,low,INCOME,"Less than $30,000","Less than $30,000",True,1.153608566702818,2,2
FAMSURV6_W50,socioeco,inferred,,Inferred from occupation,low,INCOME,"$100,000 or more","Less than $30,000",False,1.0096606542923041,2,2
FAMSURV6_W50,socioeco,inferred,,Inferred from occupation,high,INCOME,"Less than $30,000","$100,000 or more",False,1.1919591559347253,2,2
FAMSURV6_W50,socioeco,inferred,,Inferred from occupation,high,INCOME,"$100,000 or more","$100,000 or more",True,1.0480112435242115,2,2
FAMSURV9c_W50,socioeco,inferred,,Inferred from occupation,low,INCOME,"Less than $30,000","Less than $30,000",True,0.4298611904827077,2,2
FAMSURV9c_W50,socioeco,inferred,,Inferred from occupation,low,INCOME,"$100,000 or more","Less than $30,000",False,0.2773006850426992,2,2
FAMSURV9c_W50,socioeco,inferred,,Inferred from occupation,high,INCOME,"Less than $30,000","$100,000 or more",False,0.4069267285817187,2,2
FAMSURV9c_W50,socioeco,inferred,,Inferred from occupation,high,INCOME,"$100,000 or more","$100,000 or more",True,0.6242128609483564,2,2
FATHER_W50,socioeco,inferred,,Inferred from occupation,low,INCOME,"Less than $30,000","Less than $30,000",True,0.47422022799993874,2,2
FATHER_W50,socioeco,inferred,,Inferred from occupation,low,INCOME,"$100,000 or more","Less than $30,000",False,0.5298896379999387,2,2
FATHER_W50,socioeco,inferred,,Inferred from occupation,high,INCOME,"Less than $30,000","$100,000 or more",False,0.47422172599999757,2,2
FATHER_W50,socioeco,inferred,,Inferred from occupation,high,INCOME,"$100,000 or more","$100,000 or more",True,0.5298911359999976,2,2
HAVEKIDS1_W50,socioeco,inferred,,Inferred from occupation,low,INCOME,"Less than $30,000","Less than $30,000",True,1.5182200514567747,2,2
HAVEKIDS1_W50,socioeco,inferred,,Inferred from occupation,low,INCOME,"$100,000 or more","Less than $30,000",False,1.5389606914567748,2,2
HAVEKIDS1_W50,socioeco,inferred,,Inferred from occupation,high,INCOME,"Less than $30,000","$100,000 or more",False,1.5529719820252774,2,2
HAVEKIDS1_W50,socioeco,inferred,,Inferred from occupation,high,INCOME,"$100,000 or more","$100,000 or more",True,1.5737126220252777,2,2
MARRDUR_W50,socioeco,inferred,,Inferred from occupation,low,INCOME,"Less than $30,000","Less than $30,000",True,1.3392375259684464,2,2
MARRDUR_W50,socioeco,inferred,,Inferred from occupation,low,INCOME,"$100,000 or more","Less than $30,000",False,1.9183403319687393,2,2
MARRDUR_W50,socioeco,inferred,,Inferred from occupation,high,INCOME,"Less than $30,000","$100,000 or more",False,0.9954407514242853,2,2
MARRDUR_W50,socioeco,inferred,,Inferred from occupation,high,INCOME,"$100,000 or more","$100,000 or more",True,1.574543557424578,2,2
MARRYPREF1_W50,socioeco,inferred,,Inferred from occupation,low,INCOME,"Less than $30,000","Less than $30,000",True,0.3261844680000071,2,2
MARRYPREF1_W50,socioeco,inferred,,Inferred from occupation,low,INCOME,"$100,000 or more","Less than $30,000",False,0.34838121800000704,2,2
MARRYPREF1_W50,socioeco,inferred,,Inferred from occupation,high,INCOME,"Less than $30,000","$100,000 or more",False,0.3261844569999937,2,2
MARRYPREF1_W50,socioeco,inferred,,Inferred from occupation,high,INCOME,"$100,000 or more","$100,000 or more",True,0.34838120699999364,2,2
MARRYPREF2_W50,socioeco,inferred,,Inferred from occupation,low,INCOME,"Less than $30,000","Less than $30,000",True,0.3391313396086858,2,2
MARRYPREF2_W50,socioeco,inferred,,Inferred from occupation,low,INCOME,"$100,000 or more","Less than $30,000",False,0.3350196980000011,2,2
MARRYPREF2_W50,socioeco,inferred,,Inferred from occupation,high,INCOME,"Less than $30,000","$100,000 or more",False,0.33913131060868307,2,2
MARRYPREF2_W50,socioeco,inferred,,Inferred from occupation,high,INCOME,"$100,000 or more","$100,000 or more",True,0.3350196689999983,2,2
MOTHER_W50,socioeco,inferred,,Inferred from occupation,low,INCOME,"Less than $30,000","Less than $30,000",True,0.6220657159999263,2,2
MOTHER_W50,socioeco,inferred,,Inferred from occupation,low,INCOME,"$100,000 or more","Less than $30,000",False,0.6527260959999264,2,2
MOTHER_W50,socioeco,inferred,,Inferred from occupation,high,INCOME,"Less than $30,000","$100,000 or more",False,0.6220670760000007,2,2
MOTHER_W50,socioeco,inferred,,Inferred from occupation,high,INCOME,"$100,000 or more","$100,000 or more",True,0.6527274560000007,2,2
PAR1_W50,socioeco,inferred,,Inferred from occupation,low,INCOME,"Less than $30,000","Less than $30,000",True,0.19964106515226704,2,2
PAR1_W50,socioeco,inferred,,Inferred from occupation,low,INCOME,"$100,000 or more","Less than $30,000",False,0.1509439551522671,2,2
PAR1_W50,socioeco,inferred,,Inferred from occupation,high,INCOME,"Less than $30,000","$100,000 or more",False,0.19425927789389114,2,2
PAR1_W50,socioeco,inferred,,Inferred from occupation,high,INCOME,"$100,000 or more","$100,000 or more",True,0.1455621678938912,2,2
PAR2_W50,socioeco,inferred,,Inferred from occupation,low,INCOME,"Less than $30,000","Less than $30,000",True,0.19036778290381468,2,2
PAR2_W50,socioeco,inferred,,Inferred from occupation,low,INCOME,"$100,000 or more","Less than $30,000",False,0.14936000600007976,2,2
PAR2_W50,socioeco,inferred,,Inferred from occupation,high,INCOME,"Less than $30,000","$100,000 or more",False,0.19036845790384552,2,2
PAR2_W50,socioeco,inferred,,Inferred from occupation,high,INCOME,"$100,000 or more","$100,000 or more",True,0.14936068100011063,2,2
ROMRELDUR_W50,socioeco,inferred,,Inferred from occupation,low,INCOME,"Less than $30,000","Less than $30,000",True,2.1419704773779764,2,2
ROMRELDUR_W50,socioeco,inferred,,Inferred from occupation,low,INCOME,"$100,000 or more","Less than $30,000",False,1.8561323476055893,2,2
ROMRELDUR_W50,socioeco,inferred,,Inferred from occupation,high,INCOME,"Less than $30,000","$100,000 or more",False,1.8446830969726182,2,2
ROMRELDUR_W50,socioeco,inferred,,Inferred from occupation,high,INCOME,"$100,000 or more","$100,000 or more",True,1.5588449672002307,2,2
ROMRELSER_W50,socioeco,inferred,,Inferred from occupation,low,INCOME,"Less than $30,000","Less than $30,000",True,2.244361615747615,2,2
ROMRELSER_W50,socioeco,inferred,,Inferred from occupation,low,INCOME,"$100,000 or more","Less than $30,000",False,2.3280012457476156,2,2
ROMRELSER_W50,socioeco,inferred,,Inferred from occupation,high,INCOME,"Less than $30,000","$100,000 or more",False,1.7987771558548897,2,2
ROMRELSER_W50,socioeco,inferred,,Inferred from occupation,high,INCOME,"$100,000 or more","$100,000 or more",True,1.88241678585489,2,2
SATLIFEc_W50,socioeco,inferred,,Inferred from occupation,low,INCOME,"Less than $30,000","Less than $30,000",True,0.5427836069419909,2,2
SATLIFEc_W50,socioeco,inferred,,Inferred from occupation,low,INCOME,"$100,000 or more","Less than $30,000",False,0.8996696189905634,2,2
SATLIFEc_W50,socioeco,inferred,,Inferred from occupation,high,INCOME,"Less than $30,000","$100,000 or more",False,0.5552346026200272,2,2
SATLIFEc_W50,socioeco,inferred,,Inferred from occupation,high,INCOME,"$100,000 or more","$100,000 or more",True,0.5702375534907473,2,2
ECIMPg_W54,socioeco,inferred,,Inferred from occupation,low,INCOME,"Less than $30,000","Less than $30,000",True,0.07312852273128595,2,2
ECIMPg_W54,socioeco,inferred,,Inferred from occupation,low,INCOME,"$100,000 or more","Less than $30,000",False,0.1313978033139787,2,2
ECIMPg_W54,socioeco,inferred,,Inferred from occupation,high,INCOME,"Less than $30,000","$100,000 or more",False,0.0731284667312842,2,2
ECIMPg_W54,socioeco,inferred,,Inferred from occupation,high,INCOME,"$100,000 or more","$100,000 or more",True,0.13139774731397696,2,2
ECON1_W54,socioeco,inferred,,Inferred from occupation,low,INCOME,"Less than $30,000","Less than $30,000",True,0.4213042035861361,2,2
ECON1_W54,socioeco,inferred,,Inferred from occupation,low,INCOME,"$100,000 or more","Less than $30,000",False,0.7130915927093497,2,2
ECON1_W54,socioeco,inferred,,Inferred from occupation,high,INCOME,"Less than $30,000","$100,000 or more",False,0.35668315297092823,2,2
ECON1_W54,socioeco,inferred,,Inferred from occupation,high,INCOME,"$100,000 or more","$100,000 or more",True,0.6484705420941419,2,2
ECON3_d_W54,socioeco,inferred,,Inferred from occupation,low,INCOME,"Less than $30,000","Less than $30,000",True,0.5831688203281028,2,2
ECON3_d_W54,socioeco,inferred,,Inferred from occupation,low,INCOME,"$100,000 or more","Less than $30,000",False,0.5332467103281029,2,2
ECON3_d_W54,socioeco,inferred,,Inferred from occupation,high,INCOME,"Less than $30,000","$100,000 or more",False,0.5838546375357513,2,2
ECON3_d_W54,socioeco,inferred,,Inferred from occupation,high,INCOME,"$100,000 or more","$100,000 or more",True,0.5339325275357514,2,2
ECON4_a_W54,socioeco,inferred,,Inferred from occupation,low,INCOME,"Less than $30,000","Less than $30,000",True,0.7466188756843533,2,2
ECON4_a_W54,socioeco,inferred,,Inferred from occupation,low,INCOME,"$100,000 or more","Less than $30,000",False,0.4885809156843532,2,2
ECON4_a_W54,socioeco,inferred,,Inferred from occupation,high,INCOME,"Less than $30,000","$100,000 or more",False,0.5850812141846947,2,2
ECON4_a_W54,socioeco,inferred,,Inferred from occupation,high,INCOME,"$100,000 or more","$100,000 or more",True,0.6191714541846948,2,2
ECON4_b_W54,socioeco,inferred,,Inferred from occupation,low,INCOME,"Less than $30,000","Less than $30,000",True,0.807404982073054,2,2
ECON4_b_W54,socioeco,inferred,,Inferred from occupation,low,INCOME,"$100,000 or more","Less than $30,000",False,0.918917613998293,2,2
ECON4_b_W54,socioeco,inferred,,Inferred from occupation,high,INCOME,"Less than $30,000","$100,000 or more",False,0.7989995459221829,2,2
ECON4_b_W54,socioeco,inferred,,Inferred from occupation,high,INCOME,"$100,000 or more","$100,000 or more",True,0.910512177847422,2,2
ECON4_e_W54,socioeco,inferred,,Inferred from occupation,low,INCOME,"Less than $30,000","Less than $30,000",True,1.0271595384137386,2,2
ECON4_e_W54,socioeco,inferred,,Inferred from occupation,low,INCOME,"$100,000 or more","Less than $30,000",False,0.9848505484346349,2,2
ECON4_e_W54,socioeco,inferred,,Inferred from occupation,high,INCOME,"Less than $30,000","$100,000 or more",False,0.7536267325107373,2,2
ECON4_e_W54,socioeco,inferred,,Inferred from occupation,high,INCOME,"$100,000 or more","$100,000 or more",True,0.7113177425316337,2,2
ECON4_f_W54,socioeco,inferred,,Inferred from occupation,low,INCOME,"Less than $30,000","Less than $30,000",True,1.0672904576017117,2,2
ECON4_f_W54,socioeco,inferred,,Inferred from occupation,low,INCOME,"$100,000 or more","Less than $30,000",False,0.5186948176017117,2,2
ECON4_f_W54,socioeco,inferred,,Inferred from occupation,high,INCOME,"Less than $30,000","$100,000 or more",False,0.9104869924020297,2,2
ECON4_f_W54,socioeco,inferred,,Inferred from occupation,high,INCOME,"$100,000 or more","$100,000 or more",True,0.36189135240202963,2,2
ECON4_g_W54,socioeco,inferred,,Inferred from occupation,low,INCOME,"Less than $30,000","Less than $30,000",True,0.9763962400218904,2,2
ECON4_g_W54,socioeco,inferred,,Inferred from occupation,low,INCOME,"$100,000 or more","Less than $30,000",False,0.6319892000218903,2,2
ECON4_g_W54,socioeco,inferred,,Inferred from occupation,high,INCOME,"Less than $30,000","$100,000 or more",False,0.976857975984574,2,2
ECON4_g_W54,socioeco,inferred,,Inferred from occupation,high,INCOME,"$100,000 or more","$100,000 or more",True,0.632450935984574,2,2
ECON5_b_W54,socioeco,inferred,,Inferred from occupation,low,INCOME,"Less than $30,000","Less than $30,000",True,0.8255791525883218,2,2
ECON5_b_W54,socioeco,inferred,,Inferred from occupation,low,INCOME,"$100,000 or more","Less than $30,000",False,1.051832507588322,2,2
ECON5_b_W54,socioeco,inferred,,Inferred from occupation,high,INCOME,"Less than $30,000","$100,000 or more",False,0.6708265280268803,2,2
ECON5_b_W54,socioeco,inferred,,Inferred from occupation,high,INCOME,"$100,000 or more","$100,000 or more",True,0.7492957224626242,2,2
ECON5_c_W54,socioeco,inferred,,Inferred from occupation,low,INCOME,"Less than $30,000","Less than $30,000",True,0.7191488131918999,2,2
ECON5_c_W54,socioeco,inferred,,Inferred from occupation,low,INCOME,"$100,000 or more","Less than $30,000",False,0.7748272410002647,2,2
ECON5_c_W54,socioeco,inferred,,Inferred from occupation,high,INCOME,"Less than $30,000","$100,000 or more",False,0.7191462551916696,2,2
ECON5_c_W54,socioeco,inferred,,Inferred from occupation,high,INCOME,"$100,000 or more","$100,000 or more",True,0.7748246830000344,2,2
ECON5_d_W54,socioeco,inferred,,Inferred from occupation,low,INCOME,"Less than $30,000","Less than $30,000",True,0.9228207620075641,2,2
ECON5_d_W54,socioeco,inferred,,Inferred from occupation,low,INCOME,"$100,000 or more","Less than $30,000",False,0.9783837870075642,2,2
ECON5_d_W54,socioeco,inferred,,Inferred from occupation,high,INCOME,"Less than $30,000","$100,000 or more",False,0.9222968699981958,2,2
ECON5_d_W54,socioeco,inferred,,Inferred from occupation,high,INCOME,"$100,000 or more","$100,000 or more",True,0.9778598949981958,2,2
ECON5_e_W54,socioeco,inferred,,Inferred from occupation,low,INCOME,"Less than $30,000","Less than $30,000",True,0.765575342960228,2,2
ECON5_e_W54,socioeco,inferred,,Inferred from occupation,low,INCOME,"$100,000 or more","Less than $30,000",False,0.7230249329602281,2,2
ECON5_e_W54,socioeco,inferred,,Inferred from occupation,high,INCOME,"Less than $30,000","$100,000 or more",False,0.7673666749958336,2,2
ECON5_e_W54,socioeco,inferred,,Inferred from occupation,high,INCOME,"$100,000 or more","$100,000 or more",True,0.7248162649958336,2,2
ECON5_f_W54,socioeco,inferred,,Inferred from occupation,low,INCOME,"Less than $30,000","Less than $30,000",True,0.7418234834201425,2,2
ECON5_f_W54,socioeco,inferred,,Inferred from occupation,low,INCOME,"$100,000 or more","Less than $30,000",False,0.782522211000318,2,2
ECON5_f_W54,socioeco,inferred,,Inferred from occupation,high,INCOME,"Less than $30,000","$100,000 or more",False,0.7419286974198245,2,2
ECON5_f_W54,socioeco,inferred,,Inferred from occupation,high,INCOME,"$100,000 or more","$100,000 or more",True,0.7826274250000002,2,2
ECON5_g_W54,socioeco,inferred,,Inferred from occupation,low,INCOME,"Less than $30,000","Less than $30,000",True,0.7050935229986328,2,2
ECON5_g_W54,socioeco,inferred,,Inferred from occupation,low,INCOME,"$100,000 or more","Less than $30,000",False,0.7979054479986328,2,2
ECON5_g_W54,socioeco,inferred,,Inferred from occupation,high,INCOME,"Less than $30,000","$100,000 or more",False,0.5927510186261102,2,2
ECON5_g_W54,socioeco,inferred,,Inferred from occupation,high,INCOME,"$100,000 or more","$100,000 or more",True,0.5711393036261103,2,2
ECON5_h_W54,socioeco,inferred,,Inferred from occupation,low,INCOME,"Less than $30,000","Less than $30,000",True,0.7963847239705367,2,2
ECON5_h_W54,socioeco,inferred,,Inferred from occupation,low,INCOME,"$100,000 or more","Less than $30,000",False,0.874301013191374,2,2
ECON5_h_W54,socioeco,inferred,,Inferred from occupation,high,INCOME,"Less than $30,000","$100,000 or more",False,0.796916638006016,2,2
ECON5_h_W54,socioeco,inferred,,Inferred from occupation,high,INCOME,"$100,000 or more","$100,000 or more",True,0.8748329272268532,2,2
ECON5_i_W54,socioeco,inferred,,Inferred from occupation,low,INCOME,"Less than $30,000","Less than $30,000",True,0.8676281180019204,2,2
ECON5_i_W54,socioeco,inferred,,Inferred from occupation,low,INCOME,"$100,000 or more","Less than $30,000",False,0.8398728080019203,2,2
ECON5_i_W54,socioeco,inferred,,Inferred from occupation,high,INCOME,"Less than $30,000","$100,000 or more",False,0.8674439090141197,2,2
ECON5_i_W54,socioeco,inferred,,Inferred from occupation,high,INCOME,"$100,000 or more","$100,000 or more",True,0.8396885990141197,2,2
ECON5_j_W54,socioeco,inferred,,Inferred from occupation,low,INCOME,"Less than $30,000","Less than $30,000",True,0.7476153659998549,2,2
ECON5_j_W54,socioeco,inferred,,Inferred from occupation,low,INCOME,"$100,000 or more","Less than $30,000",False,0.779284615999855,2,2
ECON5_j_W54,socioeco,inferred,,Inferred from occupation,high,INCOME,"Less than $30,000","$100,000 or more",False,0.747617950999741,2,2
ECON5_j_W54,socioeco,inferred,,Inferred from occupation,high,INCOME,"$100,000 or more","$100,000 or more",True,0.7792872009997411,2,2
ECON5_k_W54,socioeco,inferred,,Inferred from occupation,low,INCOME,"Less than $30,000","Less than $30,000",True,0.3898762259804299,2,2
ECON5_k_W54,socioeco,inferred,,Inferred from occupation,low,INCOME,"$100,000 or more","Less than $30,000",False,0.34166427400720556,2,2
ECON5_k_W54,socioeco,inferred,,Inferred from occupation,high,INCOME,"Less than $30,000","$100,000 or more",False,0.7436015416580376,2,2
ECON5_k_W54,socioeco,inferred,,Inferred from occupation,high,INCOME,"$100,000 or more","$100,000 or more",True,0.582551189129513,2,2
FIN_SIT_W54,socioeco,inferred,,Inferred from occupation,low,INCOME,"Less than $30,000","Less than $30,000",True,0.36936601022125065,2,2
FIN_SIT_W54,socioeco,inferred,,Inferred from occupation,low,INCOME,"$100,000 or more","Less than $30,000",False,1.7183418602212508,2,2
FIN_SIT_W54,socioeco,inferred,,Inferred from occupation,high,INCOME,"Less than $30,000","$100,000 or more",False,1.6223827364027783,2,2
FIN_SIT_W54,socioeco,inferred,,Inferred from occupation,high,INCOME,"$100,000 or more","$100,000 or more",True,0.2751274422113318,2,2
GOVPRIORITYb_W54,socioeco,inferred,,Inferred from occupation,low,INCOME,"Less than $30,000","Less than $30,000",True,0.6313007613597912,2,2
GOVPRIORITYb_W54,socioeco,inferred,,Inferred from occupation,low,INCOME,"$100,000 or more","Less than $30,000",False,0.6584650842416331,2,2
GOVPRIORITYb_W54,socioeco,inferred,,Inferred from occupation,high,INCOME,"Less than $30,000","$100,000 or more",False,0.5032503296371977,2,2
GOVPRIORITYb_W54,socioeco,inferred,,Inferred from occupation,high,INCOME,"$100,000 or more","$100,000 or more",True,0.5304146525190395,2,2
GOVPRIORITYc_W54,socioeco,inferred,,Inferred from occupation,low,INCOME,"Less than $30,000","Less than $30,000",True,0.5719335919999999,2,2
GOVPRIORITYc_W54,socioeco,inferred,,Inferred from occupation,low,INCOME,"$100,000 or more","Less than $30,000",False,0.9816595520000002,2,2
GOVPRIORITYc_W54,socioeco,inferred,,Inferred from occupation,high,INCOME,"Less than $30,000","$100,000 or more",False,0.5868525860613701,2,2
GOVPRIORITYc_W54,socioeco,inferred,,Inferred from occupation,high,INCOME,"$100,000 or more","$100,000 or more",True,0.9965785460613704,2,2
GOVPRIORITYd_W54,socioeco,inferred,,Inferred from occupation,low,INCOME,"Less than $30,000","Less than $30,000",True,0.7378871000048773,2,2
GOVPRIORITYd_W54,socioeco,inferred,,Inferred from occupation,low,INCOME,"$100,000 or more","Less than $30,000",False,0.8382189400048775,2,2
GOVPRIORITYd_W54,socioeco,inferred,,Inferred from occupation,high,INCOME,"Less than $30,000","$100,000 or more",False,0.7380745060000029,2,2
GOVPRIORITYd_W54,socioeco,inferred,,Inferred from occupation,high,INCOME,"$100,000 or more","$100,000 or more",True,0.8384063460000031,2,2
GOVPRIORITYf_W54,socioeco,inferred,,Inferred from occupation,low,INCOME,"Less than $30,000","Less than $30,000",True,0.4935592880688473,2,2
GOVPRIORITYf_W54,socioeco,inferred,,Inferred from occupation,low,INCOME,"$100,000 or more","Less than $30,000",False,0.587232863990352,2,2
GOVPRIORITYf_W54,socioeco,inferred,,Inferred from occupation,high,INCOME,"Less than $30,000","$100,000 or more",False,0.4976473780149324,2,2
GOVPRIORITYf_W54,socioeco,inferred,,Inferred from occupation,high,INCOME,"$100,000 or more","$100,000 or more",True,0.5913209539364371,2,2
INEQ11_W54,socioeco,inferred,,Inferred from occupation,low,INCOME,"Less than $30,000","Less than $30,000",True,0.059230604000000915,2,2
INEQ11_W54,socioeco,inferred,,Inferred from occupation,low,INCOME,"$100,000 or more","Less than $30,000",False,0.1955665240000009,2,2
INEQ11_W54,socioeco,inferred,,Inferred from occupation,high,INCOME,"Less than $30,000","$100,000 or more",False,0.059117202,2,2
INEQ11_W54,socioeco,inferred,,Inferred from occupation,high,INCOME,"$100,000 or more","$100,000 or more",True,0.195453122,2,2
INEQ1_W54,socioeco,inferred,,Inferred from occupation,low,INCOME,"Less than $30,000","Less than $30,000",True,0.3285576589999999,2,2
INEQ1_W54,socioeco,inferred,,Inferred from occupation,low,INCOME,"$100,000 or more","Less than $30,000",False,0.2013729910137655,2,2
INEQ1_W54,socioeco,inferred,,Inferred from occupation,high,INCOME,"Less than $30,000","$100,000 or more",False,0.3285603400000053,2,2
INEQ1_W54,socioeco,inferred,,Inferred from occupation,high,INCOME,"$100,000 or more","$100,000 or more",True,0.20137567201377088,2,2
INEQ4_a_W54,socioeco,inferred,,Inferred from occupation,low,INCOME,"Less than $30,000","Less than $30,000",True,0.6181232861742249,2,2
INEQ4_a_W54,socioeco,inferred,,Inferred from occupation,low,INCOME,"$100,000 or more","Less than $30,000",False,0.5974695814126474,2,2
INEQ4_a_W54,socioeco,inferred,,Inferred from occupation,high,INCOME,"Less than $30,000","$100,000 or more",False,0.6372349914851305,2,2
INEQ4_a_W54,socioeco,inferred,,Inferred from occupation,high,INCOME,"$100,000 or more","$100,000 or more",True,0.6165812867235531,2,2
INEQ5_a_W54,socioeco,inferred,,Inferred from occupation,low,INCOME,"Less than $30,000","Less than $30,000",True,0.25888601743429607,2,2
INEQ5_a_W54,socioeco,inferred,,Inferred from occupation,low,INCOME,"$100,000 or more","Less than $30,000",False,0.4031820949652649,2,2
INEQ5_a_W54,socioeco,inferred,,Inferred from occupation,high,INCOME,"Less than $30,000","$100,000 or more",False,0.49145861994575457,2,2
INEQ5_a_W54,socioeco,inferred,,Inferred from occupation,high,INCOME,"$100,000 or more","$100,000 or more",True,0.6357546974767234,2,2
INEQ5_d_W54,socioeco,inferred,,Inferred from occupation,low,INCOME,"Less than $30,000","Less than $30,000",True,0.8632928202249215,2,2
INEQ5_d_W54,socioeco,inferred,,Inferred from occupation,low,INCOME,"$100,000 or more","Less than $30,000",False,1.0878985102249215,2,2
INEQ5_d_W54,socioeco,inferred,,Inferred from occupation,high,INCOME,"Less than $30,000","$100,000 or more",False,0.8581482941920212,2,2
INEQ5_d_W54,socioeco,inferred,,Inferred from occupation,high,INCOME,"$100,000 or more","$100,000 or more",True,1.082753984192021,2,2
INEQ5_e_W54,socioeco,inferred,,Inferred from occupation,low,INCOME,"Less than $30,000","Less than $30,000",True,0.537382740880727,2,2
INEQ5_e_W54,socioeco,inferred,,Inferred from occupation,low,INCOME,"$100,000 or more","Less than $30,000",False,0.7224528211232752,2,2
INEQ5_e_W54,socioeco,inferred,,Inferred from occupation,high,INCOME,"Less than $30,000","$100,000 or more",False,0.9232440450174793,2,2
INEQ5_e_W54,socioeco,inferred,,Inferred from occupation,high,INCOME,"$100,000 or more","$100,000 or more",True,1.1083141252600277,2,2
INEQ5_f_W54,socioeco,inferred,,Inferred from occupation,low,INCOME,"Less than $30,000","Less than $30,000",True,0.5259943844141122,2,2
INEQ5_f_W54,socioeco,inferred,,Inferred from occupation,low,INCOME,"$100,000 or more","Less than $30,000",False,0.5529111246832796,2,2
INEQ5_f_W54,socioeco,inferred,,Inferred from occupation,high,INCOME,"Less than $30,000","$100,000 or more",False,0.4952488764587937,2,2
INEQ5_f_W54,socioeco,inferred,,Inferred from occupation,high,INCOME,"$100,000 or more","$100,000 or more",True,0.5221656167279611,2,2
INEQ5_h_W54,socioeco,inferred,,Inferred from occupation,low,INCOME,"Less than $30,000","Less than $30,000",True,0.5365089766755006,2,2
INEQ5_h_W54,socioeco,inferred,,Inferred from occupation,low,INCOME,"$100,000 or more","Less than $30,000",False,0.26146271392503784,2,2
INEQ5_h_W54,socioeco,inferred,,Inferred from occupation,high,INCOME,"Less than $30,000","$100,000 or more",False,0.7309907547994505,2,2
INEQ5_h_W54,socioeco,inferred,,Inferred from occupation,high,INCOME,"$100,000 or more","$100,000 or more",True,0.4559444920489878,2,2
INEQ5_i_W54,socioeco,inferred,,Inferred from occupation,low,INCOME,"Less than $30,000","Less than $30,000",True,0.7609616090393942,2,2
INEQ5_i_W54,socioeco,inferred,,Inferred from occupation,low,INCOME,"$100,000 or more","Less than $30,000",False,0.8269648590393945,2,2
INEQ5_i_W54,socioeco,inferred,,Inferred from occupation,high,INCOME,"Less than $30,000","$100,000 or more",False,0.8074095641766962,2,2
INEQ5_i_W54,socioeco,inferred,,Inferred from occupation,high,INCOME,"$100,000 or more","$100,000 or more",True,0.8734128141766963,2,2
INEQ5_k_W54,socioeco,inferred,,Inferred from occupation,low,INCOME,"Less than $30,000","Less than $30,000",True,0.9956637859998402,2,2
INEQ5_k_W54,socioeco,inferred,,Inferred from occupation,low,INCOME,"$100,000 or more","Less than $30,000",False,1.3329052459998403,2,2
INEQ5_k_W54,socioeco,inferred,,Inferred from occupation,high,INCOME,"Less than $30,000","$100,000 or more",False,0.9956795119999995,2,2
INEQ5_k_W54,socioeco,inferred,,Inferred from occupation,high,INCOME,"$100,000 or more","$100,000 or more",True,1.3329209719999997,2,2
INEQ5_l_W54,socioeco,inferred,,Inferred from occupation,low,INCOME,"Less than $30,000","Less than $30,000",True,0.674585514002489,2,2
INEQ5_l_W54,socioeco,inferred,,Inferred from occupation,low,INCOME,"$100,000 or more","Less than $30,000",False,0.8026342440024893,2,2
INEQ5_l_W54,socioeco,inferred,,Inferred from occupation,high,INCOME,"Less than $30,000","$100,000 or more",False,0.6660091977166237,2,2
INEQ5_l_W54,socioeco,inferred,,Inferred from occupation,high,INCOME,"$100,000 or more","$100,000 or more",True,0.7940579277166239,2,2
INEQ5_m_W54,socioeco,inferred,,Inferred from occupation,low,INCOME,"Less than $30,000","Less than $30,000",True,0.5852087672913974,2,2
INEQ5_m_W54,socioeco,inferred,,Inferred from occupation,low,INCOME,"$100,000 or more","Less than $30,000",False,0.7688635772913976,2,2
INEQ5_m_W54,socioeco,inferred,,Inferred from occupation,high,INCOME,"Less than $30,000","$100,000 or more",False,0.48508903622587973,2,2
INEQ5_m_W54,socioeco,inferred,,Inferred from occupation,high,INCOME,"$100,000 or more","$100,000 or more",True,0.6687438462258799,2,2
INEQ8_a_W54,socioeco,inferred,,Inferred from occupation,low,INCOME,"Less than $30,000","Less than $30,000",True,0.7554053480534517,2,2
INEQ8_a_W54,socioeco,inferred,,Inferred from occupation,low,INCOME,"$100,000 or more","Less than $30,000",False,0.8712517180534518,2,2
INEQ8_a_W54,socioeco,inferred,,Inferred from occupation,high,INCOME,"Less than $30,000","$100,000 or more",False,0.703554783642706,2,2
INEQ8_a_W54,socioeco,inferred,,Inferred from occupation,high,INCOME,"$100,000 or more","$100,000 or more",True,0.8194011536427059,2,2
INEQ8_b_W54,socioeco,inferred,,Inferred from occupation,low,INCOME,"Less than $30,000","Less than $30,000",True,0.8381995920033929,2,2
INEQ8_b_W54,socioeco,inferred,,Inferred from occupation,low,INCOME,"$100,000 or more","Less than $30,000",False,0.9031939729544884,2,2
INEQ8_b_W54,socioeco,inferred,,Inferred from occupation,high,INCOME,"Less than $30,000","$100,000 or more",False,0.8300024941780842,2,2
INEQ8_b_W54,socioeco,inferred,,Inferred from occupation,high,INCOME,"$100,000 or more","$100,000 or more",True,0.8949968751291798,2,2
INEQ8_c_W54,socioeco,inferred,,Inferred from occupation,low,INCOME,"Less than $30,000","Less than $30,000",True,0.703072814282191,2,2
INEQ8_c_W54,socioeco,inferred,,Inferred from occupation,low,INCOME,"$100,000 or more","Less than $30,000",False,0.801694644282191,2,2
INEQ8_c_W54,socioeco,inferred,,Inferred from occupation,high,INCOME,"Less than $30,000","$100,000 or more",False,0.6153194109125478,2,2
INEQ8_c_W54,socioeco,inferred,,Inferred from occupation,high,INCOME,"$100,000 or more","$100,000 or more",True,0.7139412409125477,2,2
INEQ8_d_W54,socioeco,inferred,,Inferred from occupation,low,INCOME,"Less than $30,000","Less than $30,000",True,0.8097195957428533,2,2
INEQ8_d_W54,socioeco,inferred,,Inferred from occupation,low,INCOME,"$100,000 or more","Less than $30,000",False,0.8674342057428532,2,2
INEQ8_d_W54,socioeco,inferred,,Inferred from occupation,high,INCOME,"Less than $30,000","$100,000 or more",False,0.8119949999062429,2,2
INEQ8_d_W54,socioeco,inferred,,Inferred from occupation,high,INCOME,"$100,000 or more","$100,000 or more",True,0.8697096099062428,2,2
INEQ8_f_W54,socioeco,inferred,,Inferred from occupation,low,INCOME,"Less than $30,000","Less than $30,000",True,0.77707722,2,2
INEQ8_f_W54,socioeco,inferred,,Inferred from occupation,low,INCOME,"$100,000 or more","Less than $30,000",False,0.8184498018043986,2,2
INEQ8_f_W54,socioeco,inferred,,Inferred from occupation,high,INCOME,"Less than $30,000","$100,000 or more",False,0.7761130520580861,2,2
INEQ8_f_W54,socioeco,inferred,,Inferred from occupation,high,INCOME,"$100,000 or more","$100,000 or more",True,0.8174856338624846,2,2
INEQ8_g_W54,socioeco,inferred,,Inferred from occupation,low,INCOME,"Less than $30,000","Less than $30,000",True,0.37161314515663074,2,2
INEQ8_g_W54,socioeco,inferred,,Inferred from occupation,low,INCOME,"$100,000 or more","Less than $30,000",False,0.7021904788433849,2,2
INEQ8_g_W54,socioeco,inferred,,Inferred from occupation,high,INCOME,"Less than $30,000","$100,000 or more",False,0.5785638261977797,2,2
INEQ8_g_W54,socioeco,inferred,,Inferred from occupation,high,INCOME,"$100,000 or more","$100,000 or more",True,1.1718200061977795,2,2
INEQ8_h_W54,socioeco,inferred,,Inferred from occupation,low,INCOME,"Less than $30,000","Less than $30,000",True,1.0320290008238588,2,2
INEQ8_h_W54,socioeco,inferred,,Inferred from occupation,low,INCOME,"$100,000 or more","Less than $30,000",False,0.6620857917560389,2,2
INEQ8_h_W54,socioeco,inferred,,Inferred from occupation,high,INCOME,"Less than $30,000","$100,000 or more",False,1.156190518409349,2,2
INEQ8_h_W54,socioeco,inferred,,Inferred from occupation,high,INCOME,"$100,000 or more","$100,000 or more",True,0.7839198710479665,2,2
INEQ8_i_W54,socioeco,inferred,,Inferred from occupation,low,INCOME,"Less than $30,000","Less than $30,000",True,0.7053740662107884,2,2
INEQ8_i_W54,socioeco,inferred,,Inferred from occupation,low,INCOME,"$100,000 or more","Less than $30,000",False,0.8842195655799546,2,2
INEQ8_i_W54,socioeco,inferred,,Inferred from occupation,high,INCOME,"Less than $30,000","$100,000 or more",False,0.69532962725483,2,2
INEQ8_i_W54,socioeco,inferred,,Inferred from occupation,high,INCOME,"$100,000 or more","$100,000 or more",True,0.8741751266239964,2,2
INEQ8_j_W54,socioeco,inferred,,Inferred from occupation,low,INCOME,"Less than $30,000","Less than $30,000",True,0.726550874077715,2,2
INEQ8_j_W54,socioeco,inferred,,Inferred from occupation,low,INCOME,"$100,000 or more","Less than $30,000",False,0.9239130640777152,2,2
INEQ8_j_W54,socioeco,inferred,,Inferred from occupation,high,INCOME,"Less than $30,000","$100,000 or more",False,0.7032727479999998,2,2
INEQ8_j_W54,socioeco,inferred,,Inferred from occupation,high,INCOME,"$100,000 or more","$100,000 or more",True,0.9006349379999999,2,2
JOBTRAIN_W54,socioeco,inferred,,Inferred from occupation,low,INCOME,"Less than $30,000","Less than $30,000",True,0.6681146726811468,2,2
JOBTRAIN_W54,socioeco,inferred,,Inferred from occupation,low,INCOME,"$100,000 or more","Less than $30,000",False,0.583072716,2,2
JOBTRAIN_W54,socioeco,inferred,,Inferred from occupation,high,INCOME,"Less than $30,000","$100,000 or more",False,0.6681146766811469,2,2
JOBTRAIN_W54,socioeco,inferred,,Inferred from occupation,high,INCOME,"$100,000 or more","$100,000 or more",True,0.58307272,2,2
WORRY2a_W54,socioeco,inferred,,Inferred from occupation,low,INCOME,"Less than $30,000","Less than $30,000",True,2.5011667256224452,2,2
WORRY2a_W54,socioeco,inferred,,Inferred from occupation,low,INCOME,"$100,000 or more","Less than $30,000",False,1.3745623426801923,2,2
WORRY2a_W54,socioeco,inferred,,Inferred from occupation,high,INCOME,"Less than $30,000","$100,000 or more",False,2.2482330169802514,2,2
WORRY2a_W54,socioeco,inferred,,Inferred from occupation,high,INCOME,"$100,000 or more","$100,000 or more",True,1.1216286340379984,2,2
WORRY2b_W54,socioeco,inferred,,Inferred from occupation,low,INCOME,"Less than $30,000","Less than $30,000",True,1.3462161450679788,2,2
WORRY2b_W54,socioeco,inferred,,Inferred from occupation,low,INCOME,"$100,000 or more","Less than $30,000",False,0.5857106935781682,2,2
WORRY2b_W54,socioeco,inferred,,Inferred from occupation,high,INCOME,"Less than $30,000","$100,000 or more",False,1.326304801749666,2,2
WORRY2b_W54,socioeco,inferred,,Inferred from occupation,high,INCOME,"$100,000 or more","$100,000 or more",True,0.6899377860796018,2,2
WORRY2c_W54,socioeco,inferred,,Inferred from occupation,low,INCOME,"Less than $30,000","Less than $30,000",True,2.3455487166068014,2,2
WORRY2c_W54,socioeco,inferred,,Inferred from occupation,low,INCOME,"$100,000 or more","Less than $30,000",False,0.7480496366068013,2,2
WORRY2c_W54,socioeco,inferred,,Inferred from occupation,high,INCOME,"Less than $30,000","$100,000 or more",False,2.1068312664068425,2,2
WORRY2c_W54,socioeco,inferred,,Inferred from occupation,high,INCOME,"$100,000 or more","$100,000 or more",True,0.8040015615985286,2,2
WORRY2d_W54,socioeco,inferred,,Inferred from occupation,low,INCOME,"Less than $30,000","Less than $30,000",True,1.7211003252381643,2,2
WORRY2d_W54,socioeco,inferred,,Inferred from occupation,low,INCOME,"$100,000 or more","Less than $30,000",False,0.9185342438098163,2,2
WORRY2d_W54,socioeco,inferred,,Inferred from occupation,high,INCOME,"Less than $30,000","$100,000 or more",False,1.82731725954774,2,2
WORRY2d_W54,socioeco,inferred,,Inferred from occupation,high,INCOME,"$100,000 or more","$100,000 or more",True,1.0247511781193919,2,2
WORRY2e_W54,socioeco,inferred,,Inferred from occupation,low,INCOME,"Less than $30,000","Less than $30,000",True,1.791219341924883,2,2
WORRY2e_W54,socioeco,inferred,,Inferred from occupation,low,INCOME,"$100,000 or more","Less than $30,000",False,1.0778331119248832,2,2
WORRY2e_W54,socioeco,inferred,,Inferred from occupation,high,INCOME,"Less than $30,000","$100,000 or more",False,1.926954309950656,2,2
WORRY2e_W54,socioeco,inferred,,Inferred from occupation,high,INCOME,"$100,000 or more","$100,000 or more",True,1.213568079950656,2,2
GAP21Q10_W82,socioeco,inferred,,Inferred from occupation,low,INCOME,"Less than $30,000","Less than $30,000",True,0.3741587236547959,2,2
GAP21Q10_W82,socioeco,inferred,,Inferred from occupation,low,INCOME,"$100,000 or more","Less than $30,000",False,0.374598059495212,2,2
GAP21Q10_W82,socioeco,inferred,,Inferred from occupation,high,INCOME,"Less than $30,000","$100,000 or more",False,0.37965910344997816,2,2
GAP21Q10_W82,socioeco,inferred,,Inferred from occupation,high,INCOME,"$100,000 or more","$100,000 or more",True,0.3800984392903943,2,2
GAP21Q13_b_W82,socioeco,inferred,,Inferred from occupation,low,INCOME,"Less than $30,000","Less than $30,000",True,0.5762173757666512,2,2
GAP21Q13_b_W82,socioeco,inferred,,Inferred from occupation,low,INCOME,"$100,000 or more","Less than $30,000",False,0.5817289058217665,2,2
GAP21Q13_b_W82,socioeco,inferred,,Inferred from occupation,high,INCOME,"Less than $30,000","$100,000 or more",False,0.5756949257705318,2,2
GAP21Q13_b_W82,socioeco,inferred,,Inferred from occupation,high,INCOME,"$100,000 or more","$100,000 or more",True,0.581206455825647,2,2
GAP21Q15_a_W82,socioeco,inferred,,Inferred from occupation,low,INCOME,"Less than $30,000","Less than $30,000",True,1.0432630186153593,2,2
GAP21Q15_a_W82,socioeco,inferred,,Inferred from occupation,low,INCOME,"$100,000 or more","Less than $30,000",False,1.0350717086153594,2,2
GAP21Q15_a_W82,socioeco,inferred,,Inferred from occupation,high,INCOME,"Less than $30,000","$100,000 or more",False,1.0620953998037241,2,2
GAP21Q15_a_W82,socioeco,inferred,,Inferred from occupation,high,INCOME,"$100,000 or more","$100,000 or more",True,1.0539040898037242,2,2
GAP21Q15_b_W82,socioeco,inferred,,Inferred from occupation,low,INCOME,"Less than $30,000","Less than $30,000",True,1.0232429000945484,2,2
GAP21Q15_b_W82,socioeco,inferred,,Inferred from occupation,low,INCOME,"$100,000 or more","Less than $30,000",False,0.6974470100945485,2,2
GAP21Q15_b_W82,socioeco,inferred,,Inferred from occupation,high,INCOME,"Less than $30,000","$100,000 or more",False,1.024009581904942,2,2
GAP21Q15_b_W82,socioeco,inferred,,Inferred from occupation,high,INCOME,"$100,000 or more","$100,000 or more",True,0.6982136919049418,2,2
GAP21Q15_c_W82,socioeco,inferred,,Inferred from occupation,low,INCOME,"Less than $30,000","Less than $30,000",True,0.9762630757859113,2,2
GAP21Q15_c_W82,socioeco,inferred,,Inferred from occupation,low,INCOME,"$100,000 or more","Less than $30,000",False,0.6801529460000002,2,2
GAP21Q15_c_W82,socioeco,inferred,,Inferred from occupation,high,INCOME,"Less than $30,000","$100,000 or more",False,0.9783645057872712,2,2
GAP21Q15_c_W82,socioeco,inferred,,Inferred from occupation,high,INCOME,"$100,000 or more","$100,000 or more",True,0.68225437600136,2,2
GAP21Q15_d_W82,socioeco,inferred,,Inferred from occupation,low,INCOME,"Less than $30,000","Less than $30,000",True,0.7193588855942357,2,2
GAP21Q15_d_W82,socioeco,inferred,,Inferred from occupation,low,INCOME,"$100,000 or more","Less than $30,000",False,0.6415925495942632,2,2
GAP21Q15_d_W82,socioeco,inferred,,Inferred from occupation,high,INCOME,"Less than $30,000","$100,000 or more",False,0.6704219578436255,2,2
GAP21Q15_d_W82,socioeco,inferred,,Inferred from occupation,high,INCOME,"$100,000 or more","$100,000 or more",True,0.5926550618436093,2,2
GAP21Q15_e_W82,socioeco,inferred,,Inferred from occupation,low,INCOME,"Less than $30,000","Less than $30,000",True,0.6994489191361355,2,2
GAP21Q15_e_W82,socioeco,inferred,,Inferred from occupation,low,INCOME,"$100,000 or more","Less than $30,000",False,0.4482693913756674,2,2
GAP21Q15_e_W82,socioeco,inferred,,Inferred from occupation,high,INCOME,"Less than $30,000","$100,000 or more",False,0.6309350369707785,2,2
GAP21Q15_e_W82,socioeco,inferred,,Inferred from occupation,high,INCOME,"$100,000 or more","$100,000 or more",True,0.37975492521031085,2,2
GAP21Q15_f_W82,socioeco,inferred,,Inferred from occupation,low,INCOME,"Less than $30,000","Less than $30,000",True,0.7018934382762825,2,2
GAP21Q15_f_W82,socioeco,inferred,,Inferred from occupation,low,INCOME,"$100,000 or more","Less than $30,000",False,0.6580449814984882,2,2
GAP21Q15_f_W82,socioeco,inferred,,Inferred from occupation,high,INCOME,"Less than $30,000","$100,000 or more",False,0.6271346311652031,2,2
GAP21Q15_f_W82,socioeco,inferred,,Inferred from occupation,high,INCOME,"$100,000 or more","$100,000 or more",True,0.5832861743874088,2,2
GAP21Q17_W82,socioeco,inferred,,Inferred from occupation,low,INCOME,"Less than $30,000","Less than $30,000",True,0.5713956241027667,2,2
GAP21Q17_W82,socioeco,inferred,,Inferred from occupation,low,INCOME,"$100,000 or more","Less than $30,000",False,0.4364564841027666,2,2
GAP21Q17_W82,socioeco,inferred,,Inferred from occupation,high,INCOME,"Less than $30,000","$100,000 or more",False,0.5760136660041624,2,2
GAP21Q17_W82,socioeco,inferred,,Inferred from occupation,high,INCOME,"$100,000 or more","$100,000 or more",True,0.44107452600416225,2,2
GAP21Q19_a_W82,socioeco,inferred,,Inferred from occupation,low,INCOME,"Less than $30,000","Less than $30,000",True,0.7714911788751955,2,2
GAP21Q19_a_W82,socioeco,inferred,,Inferred from occupation,low,INCOME,"$100,000 or more","Less than $30,000",False,0.8183065868725766,2,2
GAP21Q19_a_W82,socioeco,inferred,,Inferred from occupation,high,INCOME,"Less than $30,000","$100,000 or more",False,0.6225024783300876,2,2
GAP21Q19_a_W82,socioeco,inferred,,Inferred from occupation,high,INCOME,"$100,000 or more","$100,000 or more",True,0.6336557392103428,2,2
GAP21Q19_b_W82,socioeco,inferred,,Inferred from occupation,low,INCOME,"Less than $30,000","Less than $30,000",True,2.220235903702023,2,2
GAP21Q19_b_W82,socioeco,inferred,,Inferred from occupation,low,INCOME,"$100,000 or more","Less than $30,000",False,2.344823926,2,2
GAP21Q19_b_W82,socioeco,inferred,,Inferred from occupation,high,INCOME,"Less than $30,000","$100,000 or more",False,2.229783449702023,2,2
GAP21Q19_b_W82,socioeco,inferred,,Inferred from occupation,high,INCOME,"$100,000 or more","$100,000 or more",True,2.3543714720000004,2,2
GAP21Q19_c_W82,socioeco,inferred,,Inferred from occupation,low,INCOME,"Less than $30,000","Less than $30,000",True,0.6113182400000056,2,2
GAP21Q19_c_W82,socioeco,inferred,,Inferred from occupation,low,INCOME,"$100,000 or more","Less than $30,000",False,0.7147376800000055,2,2
GAP21Q19_c_W82,socioeco,inferred,,Inferred from occupation,high,INCOME,"Less than $30,000","$100,000 or more",False,0.6113186539999925,2,2
GAP21Q19_c_W82,socioeco,inferred,,Inferred from occupation,high,INCOME,"$100,000 or more","$100,000 or more",True,0.7147380939999924,2,2
GAP21Q19_d_W82,socioeco,inferred,,Inferred from occupation,low,INCOME,"Less than $30,000","Less than $30,000",True,0.644154887544458,2,2
GAP21Q19_d_W82,socioeco,inferred,,Inferred from occupation,low,INCOME,"$100,000 or more","Less than $30,000",False,1.0301446175444582,2,2
GAP21Q19_d_W82,socioeco,inferred,,Inferred from occupation,high,INCOME,"Less than $30,000","$100,000 or more",False,0.731189267874395,2,2
GAP21Q19_d_W82,socioeco,inferred,,Inferred from occupation,high,INCOME,"$100,000 or more","$100,000 or more",True,1.1171789978743951,2,2
GAP21Q19_e_W82,socioeco,inferred,,Inferred from occupation,low,INCOME,"Less than $30,000","Less than $30,000",True,0.6996910105001956,2,2
GAP21Q19_e_W82,socioeco,inferred,,Inferred from occupation,low,INCOME,"$100,000 or more","Less than $30,000",False,0.9031107513301448,2,2
GAP21Q19_e_W82,socioeco,inferred,,Inferred from occupation,high,INCOME,"Less than $30,000","$100,000 or more",False,0.5987093877024812,2,2
GAP21Q19_e_W82,socioeco,inferred,,Inferred from occupation,high,INCOME,"$100,000 or more","$100,000 or more",True,0.8021291285324303,2,2
GAP21Q21_a_W82,socioeco,inferred,,Inferred from occupation,low,INCOME,"Less than $30,000","Less than $30,000",True,0.32373561239581655,2,2
GAP21Q21_a_W82,socioeco,inferred,,Inferred from occupation,low,INCOME,"$100,000 or more","Less than $30,000",False,0.341836648,2,2
GAP21Q21_a_W82,socioeco,inferred,,Inferred from occupation,high,INCOME,"Less than $30,000","$100,000 or more",False,0.3901035501979042,2,2
GAP21Q21_a_W82,socioeco,inferred,,Inferred from occupation,high,INCOME,"$100,000 or more","$100,000 or more",True,0.6821331383000904,2,2
GAP21Q21_e_W82,socioeco,inferred,,Inferred from occupation,low,INCOME,"Less than $30,000","Less than $30,000",True,0.7322447020000016,2,2
GAP21Q21_e_W82,socioeco,inferred,,Inferred from occupation,low,INCOME,"$100,000 or more","Less than $30,000",False,0.5244992520000016,2,2
GAP21Q21_e_W82,socioeco,inferred,,Inferred from occupation,high,INCOME,"Less than $30,000","$100,000 or more",False,0.7322444820000018,2,2
GAP21Q21_e_W82,socioeco,inferred,,Inferred from occupation,high,INCOME,"$100,000 or more","$100,000 or more",True,0.5244990320000018,2,2
GAP21Q23_W82,socioeco,inferred,,Inferred from occupation,low,INCOME,"Less than $30,000","Less than $30,000",True,0.2090791211020353,2,2
GAP21Q23_W82,socioeco,inferred,,Inferred from occupation,low,INCOME,"$100,000 or more","Less than $30,000",False,0.4693208148979251,2,2
GAP21Q23_W82,socioeco,inferred,,Inferred from occupation,high,INCOME,"Less than $30,000","$100,000 or more",False,0.6423173299999999,2,2
GAP21Q23_W82,socioeco,inferred,,Inferred from occupation,high,INCOME,"$100,000 or more","$100,000 or more",True,0.91962961,2,2
GAP21Q24_W82,socioeco,inferred,,Inferred from occupation,low,INCOME,"Less than $30,000","Less than $30,000",True,0.718116078978034,2,2
GAP21Q24_W82,socioeco,inferred,,Inferred from occupation,low,INCOME,"$100,000 or more","Less than $30,000",False,0.813772448978034,2,2
GAP21Q24_W82,socioeco,inferred,,Inferred from occupation,high,INCOME,"Less than $30,000","$100,000 or more",False,1.073189163695191,2,2
GAP21Q24_W82,socioeco,inferred,,Inferred from occupation,high,INCOME,"$100,000 or more","$100,000 or more",True,1.1688455336951908,2,2
GAP21Q25_W82,socioeco,inferred,,Inferred from occupation,low,INCOME,"Less than $30,000","Less than $30,000",True,0.608406739911823,2,2
GAP21Q25_W82,socioeco,inferred,,Inferred from occupation,low,INCOME,"$100,000 or more","Less than $30,000",False,0.7357733960164371,2,2
GAP21Q25_W82,socioeco,inferred,,Inferred from occupation,high,INCOME,"Less than $30,000","$100,000 or more",False,0.5972083021604477,2,2
GAP21Q25_W82,socioeco,inferred,,Inferred from occupation,high,INCOME,"$100,000 or more","$100,000 or more",True,0.7245749582650617,2,2
GAP21Q26_a_W82,socioeco,inferred,,Inferred from occupation,low,INCOME,"Less than $30,000","Less than $30,000",True,0.8148537276935982,2,2
GAP21Q26_a_W82,socioeco,inferred,,Inferred from occupation,low,INCOME,"$100,000 or more","Less than $30,000",False,0.6136086676935981,2,2
GAP21Q26_a_W82,socioeco,inferred,,Inferred from occupation,high,INCOME,"Less than $30,000","$100,000 or more",False,0.7462514174842995,2,2
GAP21Q26_a_W82,socioeco,inferred,,Inferred from occupation,high,INCOME,"$100,000 or more","$100,000 or more",True,0.6468725774842995,2,2
GAP21Q26_b_W82,socioeco,inferred,,Inferred from occupation,low,INCOME,"Less than $30,000","Less than $30,000",True,0.2013532498101405,2,2
GAP21Q26_b_W82,socioeco,inferred,,Inferred from occupation,low,INCOME,"$100,000 or more","Less than $30,000",False,0.22996177356313496,2,2
GAP21Q26_b_W82,socioeco,inferred,,Inferred from occupation,high,INCOME,"Less than $30,000","$100,000 or more",False,0.22349611779351847,2,2
GAP21Q26_b_W82,socioeco,inferred,,Inferred from occupation,high,INCOME,"$100,000 or more","$100,000 or more",True,0.23510778123680232,2,2
GAP21Q26_c_W82,socioeco,inferred,,Inferred from occupation,low,INCOME,"Less than $30,000","Less than $30,000",True,1.1542194178448382,2,2
GAP21Q26_c_W82,socioeco,inferred,,Inferred from occupation,low,INCOME,"$100,000 or more","Less than $30,000",False,1.4193713578448381,2,2
GAP21Q26_c_W82,socioeco,inferred,,Inferred from occupation,high,INCOME,"Less than $30,000","$100,000 or more",False,1.160098225998043,2,2
GAP21Q26_c_W82,socioeco,inferred,,Inferred from occupation,high,INCOME,"$100,000 or more","$100,000 or more",True,1.425250165998043,2,2
GAP21Q27_W82,socioeco,inferred,,Inferred from occupation,low,INCOME,"Less than $30,000","Less than $30,000",True,0.1708621479671854,2,2
GAP21Q27_W82,socioeco,inferred,,Inferred from occupation,low,INCOME,"$100,000 or more","Less than $30,000",False,0.15268960296718545,2,2
GAP21Q27_W82,socioeco,inferred,,Inferred from occupation,high,INCOME,"Less than $30,000","$100,000 or more",False,0.3965016401173395,2,2
GAP21Q27_W82,socioeco,inferred,,Inferred from occupation,high,INCOME,"$100,000 or more","$100,000 or more",True,0.42872836511733947,2,2
GAP21Q28_W82,socioeco,inferred,,Inferred from occupation,low,INCOME,"Less than $30,000","Less than $30,000",True,0.6753960867539608,2,2
GAP21Q28_W82,socioeco,inferred,,Inferred from occupation,low,INCOME,"$100,000 or more","Less than $30,000",False,0.6880567598783331,2,2
GAP21Q28_W82,socioeco,inferred,,Inferred from occupation,high,INCOME,"Less than $30,000","$100,000 or more",False,0.6874296808742968,2,2
GAP21Q28_W82,socioeco,inferred,,Inferred from occupation,high,INCOME,"$100,000 or more","$100,000 or more",True,0.7000903539986691,2,2
GAP21Q31_W82,socioeco,inferred,,Inferred from occupation,low,INCOME,"Less than $30,000","Less than $30,000",True,0.6979809359999998,2,2
GAP21Q31_W82,socioeco,inferred,,Inferred from occupation,low,INCOME,"$100,000 or more","Less than $30,000",False,0.575069296,2,2
GAP21Q31_W82,socioeco,inferred,,Inferred from occupation,high,INCOME,"Less than $30,000","$100,000 or more",False,0.698230486000007,2,2
GAP21Q31_W82,socioeco,inferred,,Inferred from occupation,high,INCOME,"$100,000 or more","$100,000 or more",True,0.5753188460000072,2,2
GAP21Q32_W82,socioeco,inferred,,Inferred from occupation,low,INCOME,"Less than $30,000","Less than $30,000",True,0.7399543759999373,2,2
GAP21Q32_W82,socioeco,inferred,,Inferred from occupation,low,INCOME,"$100,000 or more","Less than $30,000",False,0.7513969559999374,2,2
GAP21Q32_W82,socioeco,inferred,,Inferred from occupation,high,INCOME,"Less than $30,000","$100,000 or more",False,0.7399557940000491,2,2
GAP21Q32_W82,socioeco,inferred,,Inferred from occupation,high,INCOME,"$100,000 or more","$100,000 or more",True,0.751398374000049,2,2
GAP21Q33_c_W82,socioeco,inferred,,Inferred from occupation,low,INCOME,"Less than $30,000","Less than $30,000",True,0.5000148391179308,2,2
GAP21Q33_c_W82,socioeco,inferred,,Inferred from occupation,low,INCOME,"$100,000 or more","Less than $30,000",False,0.47991492423615856,2,2
GAP21Q33_c_W82,socioeco,inferred,,Inferred from occupation,high,INCOME,"Less than $30,000","$100,000 or more",False,0.5009683349686078,2,2
GAP21Q33_c_W82,socioeco,inferred,,Inferred from occupation,high,INCOME,"$100,000 or more","$100,000 or more",True,0.4808684200868355,2,2
GAP21Q33_g_W82,socioeco,inferred,,Inferred from occupation,low,INCOME,"Less than $30,000","Less than $30,000",True,0.60121734,2,2
GAP21Q33_g_W82,socioeco,inferred,,Inferred from occupation,low,INCOME,"$100,000 or more","Less than $30,000",False,0.52632392,2,2
GAP21Q33_g_W82,socioeco,inferred,,Inferred from occupation,high,INCOME,"Less than $30,000","$100,000 or more",False,0.6010078440027253,2,2
GAP21Q33_g_W82,socioeco,inferred,,Inferred from occupation,high,INCOME,"$100,000 or more","$100,000 or more",True,0.5261144240027252,2,2
GAP21Q33_i_W82,socioeco,inferred,,Inferred from occupation,low,INCOME,"Less than $30,000","Less than $30,000",True,0.31900131451366043,2,2
GAP21Q33_i_W82,socioeco,inferred,,Inferred from occupation,low,INCOME,"$100,000 or more","Less than $30,000",False,0.345966678215765,2,2
GAP21Q33_i_W82,socioeco,inferred,,Inferred from occupation,high,INCOME,"Less than $30,000","$100,000 or more",False,0.5418111646498092,2,2
GAP21Q33_i_W82,socioeco,inferred,,Inferred from occupation,high,INCOME,"$100,000 or more","$100,000 or more",True,0.5687765283519137,2,2
GAP21Q33_j_W82,socioeco,inferred,,Inferred from occupation,low,INCOME,"Less than $30,000","Less than $30,000",True,0.7606287300000605,2,2
GAP21Q33_j_W82,socioeco,inferred,,Inferred from occupation,low,INCOME,"$100,000 or more","Less than $30,000",False,0.7079004100000604,2,2
GAP21Q33_j_W82,socioeco,inferred,,Inferred from occupation,high,INCOME,"Less than $30,000","$100,000 or more",False,0.7605829820013661,2,2
GAP21Q33_j_W82,socioeco,inferred,,Inferred from occupation,high,INCOME,"$100,000 or more","$100,000 or more",True,0.707854662001366,2,2
GAP21Q33_m_W82,socioeco,inferred,,Inferred from occupation,low,INCOME,"Less than $30,000","Less than $30,000",True,0.09396917705327945,2,2
GAP21Q33_m_W82,socioeco,inferred,,Inferred from occupation,low,INCOME,"$100,000 or more","Less than $30,000",False,0.05198104390208047,2,2
GAP21Q33_m_W82,socioeco,inferred,,Inferred from occupation,high,INCOME,"Less than $30,000","$100,000 or more",False,0.11211526686082107,2,2
GAP21Q33_m_W82,socioeco,inferred,,Inferred from occupation,high,INCOME,"$100,000 or more","$100,000 or more",True,0.07330223959981375,2,2
GAP21Q33_n_W82,socioeco,inferred,,Inferred from occupation,low,INCOME,"Less than $30,000","Less than $30,000",True,0.43097941944029944,2,2
GAP21Q33_n_W82,socioeco,inferred,,Inferred from occupation,low,INCOME,"$100,000 or more","Less than $30,000",False,0.4743874738750468,2,2
GAP21Q33_n_W82,socioeco,inferred,,Inferred from occupation,high,INCOME,"Less than $30,000","$100,000 or more",False,0.39634528737673475,2,2
GAP21Q33_n_W82,socioeco,inferred,,Inferred from occupation,high,INCOME,"$100,000 or more","$100,000 or more",True,0.4397533418114821,2,2
GAP21Q33_q_W82,socioeco,inferred,,Inferred from occupation,low,INCOME,"Less than $30,000","Less than $30,000",True,0.5418514679841571,2,2
GAP21Q33_q_W82,socioeco,inferred,,Inferred from occupation,low,INCOME,"$100,000 or more","Less than $30,000",False,0.4248106679841572,2,2
GAP21Q33_q_W82,socioeco,inferred,,Inferred from occupation,high,INCOME,"Less than $30,000","$100,000 or more",False,0.5432162720004389,2,2
GAP21Q33_q_W82,socioeco,inferred,,Inferred from occupation,high,INCOME,"$100,000 or more","$100,000 or more",True,0.426175472000439,2,2
GAP21Q33_r_W82,socioeco,inferred,,Inferred from occupation,low,INCOME,"Less than $30,000","Less than $30,000",True,0.3897471157820319,2,2
GAP21Q33_r_W82,socioeco,inferred,,Inferred from occupation,low,INCOME,"$100,000 or more","Less than $30,000",False,0.30739447161824646,2,2
GAP21Q33_r_W82,socioeco,inferred,,Inferred from occupation,high,INCOME,"Less than $30,000","$100,000 or more",False,0.41278743954698743,2,2
GAP21Q33_r_W82,socioeco,inferred,,Inferred from occupation,high,INCOME,"$100,000 or more","$100,000 or more",True,0.330434795383202,2,2
GAP21Q33_s_W82,socioeco,inferred,,Inferred from occupation,low,INCOME,"Less than $30,000","Less than $30,000",True,0.3284837754803115,2,2
GAP21Q33_s_W82,socioeco,inferred,,Inferred from occupation,low,INCOME,"$100,000 or more","Less than $30,000",False,0.5153785454803115,2,2
GAP21Q33_s_W82,socioeco,inferred,,Inferred from occupation,high,INCOME,"Less than $30,000","$100,000 or more",False,0.5259134033146848,2,2
GAP21Q33_s_W82,socioeco,inferred,,Inferred from occupation,high,INCOME,"$100,000 or more","$100,000 or more",True,0.7128081733146848,2,2
GAP21Q34_a_W82,socioeco,inferred,,Inferred from occupation,low,INCOME,"Less than $30,000","Less than $30,000",True,0.8370807263717239,2,2
GAP21Q34_a_W82,socioeco,inferred,,Inferred from occupation,low,INCOME,"$100,000 or more","Less than $30,000",False,0.8819048879997707,2,2
GAP21Q34_a_W82,socioeco,inferred,,Inferred from occupation,high,INCOME,"Less than $30,000","$100,000 or more",False,0.8370566963752804,2,2
GAP21Q34_a_W82,socioeco,inferred,,Inferred from occupation,high,INCOME,"$100,000 or more","$100,000 or more",True,0.8818808580033272,2,2
GAP21Q34_b_W82,socioeco,inferred,,Inferred from occupation,low,INCOME,"Less than $30,000","Less than $30,000",True,0.6632156186744241,2,2
GAP21Q34_b_W82,socioeco,inferred,,Inferred from occupation,low,INCOME,"$100,000 or more","Less than $30,000",False,0.6311515886744241,2,2
GAP21Q34_b_W82,socioeco,inferred,,Inferred from occupation,high,INCOME,"Less than $30,000","$100,000 or more",False,0.8467874104030513,2,2
GAP21Q34_b_W82,socioeco,inferred,,Inferred from occupation,high,INCOME,"$100,000 or more","$100,000 or more",True,0.8147233804030513,2,2
GAP21Q34_c_W82,socioeco,inferred,,Inferred from occupation,low,INCOME,"Less than $30,000","Less than $30,000",True,0.51328204252247,2,2
GAP21Q34_c_W82,socioeco,inferred,,Inferred from occupation,low,INCOME,"$100,000 or more","Less than $30,000",False,0.5434570025224701,2,2
GAP21Q34_c_W82,socioeco,inferred,,Inferred from occupation,high,INCOME,"Less than $30,000","$100,000 or more",False,0.538182813483985,2,2
GAP21Q34_c_W82,socioeco,inferred,,Inferred from occupation,high,INCOME,"$100,000 or more","$100,000 or more",True,0.538771893483985,2,2
GAP21Q34_d_W82,socioeco,inferred,,Inferred from occupation,low,INCOME,"Less than $30,000","Less than $30,000",True,0.8401790194685091,2,2
GAP21Q34_d_W82,socioeco,inferred,,Inferred from occupation,low,INCOME,"$100,000 or more","Less than $30,000",False,0.7973309894685092,2,2
GAP21Q34_d_W82,socioeco,inferred,,Inferred from occupation,high,INCOME,"Less than $30,000","$100,000 or more",False,0.865881664017438,2,2
GAP21Q34_d_W82,socioeco,inferred,,Inferred from occupation,high,INCOME,"$100,000 or more","$100,000 or more",True,0.823033634017438,2,2
GAP21Q34_e_W82,socioeco,inferred,,Inferred from occupation,low,INCOME,"Less than $30,000","Less than $30,000",True,0.8242728443365618,2,2
GAP21Q34_e_W82,socioeco,inferred,,Inferred from occupation,low,INCOME,"$100,000 or more","Less than $30,000",False,0.8639086059765414,2,2
GAP21Q34_e_W82,socioeco,inferred,,Inferred from occupation,high,INCOME,"Less than $30,000","$100,000 or more",False,0.8160769643201702,2,2
GAP21Q34_e_W82,socioeco,inferred,,Inferred from occupation,high,INCOME,"$100,000 or more","$100,000 or more",True,0.8557127259601497,2,2
GAP21Q34_f_W82,socioeco,inferred,,Inferred from occupation,low,INCOME,"Less than $30,000","Less than $30,000",True,0.6728774221597924,2,2
GAP21Q34_f_W82,socioeco,inferred,,Inferred from occupation,low,INCOME,"$100,000 or more","Less than $30,000",False,0.7347911906939208,2,2
GAP21Q34_f_W82,socioeco,inferred,,Inferred from occupation,high,INCOME,"Less than $30,000","$100,000 or more",False,0.8516176214622811,2,2
GAP21Q34_f_W82,socioeco,inferred,,Inferred from occupation,high,INCOME,"$100,000 or more","$100,000 or more",True,0.9135313899964096,2,2
GAP21Q38_a_W82,socioeco,inferred,,Inferred from occupation,low,INCOME,"Less than $30,000","Less than $30,000",True,0.7524599211908086,2,2
GAP21Q38_a_W82,socioeco,inferred,,Inferred from occupation,low,INCOME,"$100,000 or more","Less than $30,000",False,0.5223670711908086,2,2
GAP21Q38_a_W82,socioeco,inferred,,Inferred from occupation,high,INCOME,"Less than $30,000","$100,000 or more",False,1.1043367114728107,2,2
GAP21Q38_a_W82,socioeco,inferred,,Inferred from occupation,high,INCOME,"$100,000 or more","$100,000 or more",True,0.8742438614728109,2,2
GAP21Q38_b_W82,socioeco,inferred,,Inferred from occupation,low,INCOME,"Less than $30,000","Less than $30,000",True,0.9878806509245806,2,2
GAP21Q38_b_W82,socioeco,inferred,,Inferred from occupation,low,INCOME,"$100,000 or more","Less than $30,000",False,1.0713170730123238,2,2
GAP21Q38_b_W82,socioeco,inferred,,Inferred from occupation,high,INCOME,"Less than $30,000","$100,000 or more",False,1.0381923868348264,2,2
GAP21Q38_b_W82,socioeco,inferred,,Inferred from occupation,high,INCOME,"$100,000 or more","$100,000 or more",True,1.1216288089225694,2,2
GAP21Q38_c_W82,socioeco,inferred,,Inferred from occupation,low,INCOME,"Less than $30,000","Less than $30,000",True,1.08227400399806,2,2
GAP21Q38_c_W82,socioeco,inferred,,Inferred from occupation,low,INCOME,"$100,000 or more","Less than $30,000",False,1.2434761539980603,2,2
GAP21Q38_c_W82,socioeco,inferred,,Inferred from occupation,high,INCOME,"Less than $30,000","$100,000 or more",False,1.0827466299900537,2,2
GAP21Q38_c_W82,socioeco,inferred,,Inferred from occupation,high,INCOME,"$100,000 or more","$100,000 or more",True,1.2439487799900537,2,2
GAP21Q41_W82,socioeco,inferred,,Inferred from occupation,low,INCOME,"Less than $30,000","Less than $30,000",True,0.4028846438768005,2,2
GAP21Q41_W82,socioeco,inferred,,Inferred from occupation,low,INCOME,"$100,000 or more","Less than $30,000",False,0.20055892187679963,2,2
GAP21Q41_W82,socioeco,inferred,,Inferred from occupation,high,INCOME,"Less than $30,000","$100,000 or more",False,0.4515889408708145,2,2
GAP21Q41_W82,socioeco,inferred,,Inferred from occupation,high,INCOME,"$100,000 or more","$100,000 or more",True,0.24926324287081414,2,2
GAP21Q43_g_W82,socioeco,inferred,,Inferred from occupation,low,INCOME,"Less than $30,000","Less than $30,000",True,0.5533901520679447,2,2
GAP21Q43_g_W82,socioeco,inferred,,Inferred from occupation,low,INCOME,"$100,000 or more","Less than $30,000",False,0.5578629495428071,2,2
GAP21Q43_g_W82,socioeco,inferred,,Inferred from occupation,high,INCOME,"Less than $30,000","$100,000 or more",False,0.7294335281086393,2,2
GAP21Q43_g_W82,socioeco,inferred,,Inferred from occupation,high,INCOME,"$100,000 or more","$100,000 or more",True,0.7339063255835016,2,2
GAP21Q47_W82,socioeco,inferred,,Inferred from occupation,low,INCOME,"Less than $30,000","Less than $30,000",True,0.9757864700815759,2,2
GAP21Q47_W82,socioeco,inferred,,Inferred from occupation,low,INCOME,"$100,000 or more","Less than $30,000",False,0.920327880081576,2,2
GAP21Q47_W82,socioeco,inferred,,Inferred from occupation,high,INCOME,"Less than $30,000","$100,000 or more",False,0.9763794560782505,2,2
GAP21Q47_W82,socioeco,inferred,,Inferred from occupation,high,INCOME,"$100,000 or more","$100,000 or more",True,0.9209208660782505,2,2
GAP21Q4_a_W82,socioeco,inferred,,Inferred from occupation,low,INCOME,"Less than $30,000","Less than $30,000",True,0.5845367659886599,2,2
GAP21Q4_a_W82,socioeco,inferred,,Inferred from occupation,low,INCOME,"$100,000 or more","Less than $30,000",False,0.5847631901146338,2,2
GAP21Q4_a_W82,socioeco,inferred,,Inferred from occupation,high,INCOME,"Less than $30,000","$100,000 or more",False,0.5793560076165349,2,2
GAP21Q4_a_W82,socioeco,inferred,,Inferred from occupation,high,INCOME,"$100,000 or more","$100,000 or more",True,0.5795824317425087,2,2
GAP21Q4_b_W82,socioeco,inferred,,Inferred from occupation,low,INCOME,"Less than $30,000","Less than $30,000",True,1.2324866488209087,2,2
GAP21Q4_b_W82,socioeco,inferred,,Inferred from occupation,low,INCOME,"$100,000 or more","Less than $30,000",False,1.4608400688209087,2,2
GAP21Q4_b_W82,socioeco,inferred,,Inferred from occupation,high,INCOME,"Less than $30,000","$100,000 or more",False,1.3039988903918354,2,2
GAP21Q4_b_W82,socioeco,inferred,,Inferred from occupation,high,INCOME,"$100,000 or more","$100,000 or more",True,1.532352310391835,2,2
GAP21Q4_c_W82,socioeco,inferred,,Inferred from occupation,low,INCOME,"Less than $30,000","Less than $30,000",True,0.6517948952704694,2,2
GAP21Q4_c_W82,socioeco,inferred,,Inferred from occupation,low,INCOME,"$100,000 or more","Less than $30,000",False,0.32260023088413214,2,2
GAP21Q4_c_W82,socioeco,inferred,,Inferred from occupation,high,INCOME,"Less than $30,000","$100,000 or more",False,0.921517229625968,2,2
GAP21Q4_c_W82,socioeco,inferred,,Inferred from occupation,high,INCOME,"$100,000 or more","$100,000 or more",True,0.5923225652396308,2,2
GAP21Q4_d_W82,socioeco,inferred,,Inferred from occupation,low,INCOME,"Less than $30,000","Less than $30,000",True,0.6158029201603169,2,2
GAP21Q4_d_W82,socioeco,inferred,,Inferred from occupation,low,INCOME,"$100,000 or more","Less than $30,000",False,0.5180077039908494,2,2
GAP21Q4_d_W82,socioeco,inferred,,Inferred from occupation,high,INCOME,"Less than $30,000","$100,000 or more",False,0.6162938921694676,2,2
GAP21Q4_d_W82,socioeco,inferred,,Inferred from occupation,high,INCOME,"$100,000 or more","$100,000 or more",True,0.5184986760000001,2,2
GAP21Q4_e_W82,socioeco,inferred,,Inferred from occupation,low,INCOME,"Less than $30,000","Less than $30,000",True,0.7458948645326459,2,2
GAP21Q4_e_W82,socioeco,inferred,,Inferred from occupation,low,INCOME,"$100,000 or more","Less than $30,000",False,0.6241600720000001,2,2
GAP21Q4_e_W82,socioeco,inferred,,Inferred from occupation,high,INCOME,"Less than $30,000","$100,000 or more",False,0.7465784405310761,2,2
GAP21Q4_e_W82,socioeco,inferred,,Inferred from occupation,high,INCOME,"$100,000 or more","$100,000 or more",True,0.6248436479984304,2,2
GAP21Q4_f_W82,socioeco,inferred,,Inferred from occupation,low,INCOME,"Less than $30,000","Less than $30,000",True,0.32657987206497563,2,2
GAP21Q4_f_W82,socioeco,inferred,,Inferred from occupation,low,INCOME,"$100,000 or more","Less than $30,000",False,0.4397564564950279,2,2
GAP21Q4_f_W82,socioeco,inferred,,Inferred from occupation,high,INCOME,"Less than $30,000","$100,000 or more",False,0.6563763719703324,2,2
GAP21Q4_f_W82,socioeco,inferred,,Inferred from occupation,high,INCOME,"$100,000 or more","$100,000 or more",True,0.5488655376073268,2,2
GAP21Q7_a_W82,socioeco,inferred,,Inferred from occupation,low,INCOME,"Less than $30,000","Less than $30,000",True,0.5790201102825586,2,2
GAP21Q7_a_W82,socioeco,inferred,,Inferred from occupation,low,INCOME,"$100,000 or more","Less than $30,000",False,0.46345048733343214,2,2
GAP21Q7_a_W82,socioeco,inferred,,Inferred from occupation,high,INCOME,"Less than $30,000","$100,000 or more",False,0.7377683723422279,2,2
GAP21Q7_a_W82,socioeco,inferred,,Inferred from occupation,high,INCOME,"$100,000 or more","$100,000 or more",True,0.6221987493931014,2,2
GAP21Q7_b_W82,socioeco,inferred,,Inferred from occupation,low,INCOME,"Less than $30,000","Less than $30,000",True,1.7182521261617731,2,2
GAP21Q7_b_W82,socioeco,inferred,,Inferred from occupation,low,INCOME,"$100,000 or more","Less than $30,000",False,1.6361078487979088,2,2
GAP21Q7_b_W82,socioeco,inferred,,Inferred from occupation,high,INCOME,"Less than $30,000","$100,000 or more",False,1.7328924134756722,2,2
GAP21Q7_b_W82,socioeco,inferred,,Inferred from occupation,high,INCOME,"$100,000 or more","$100,000 or more",True,1.6507481361118082,2,2
GAP21Q7_d_W82,socioeco,inferred,,Inferred from occupation,low,INCOME,"Less than $30,000","Less than $30,000",True,0.9158025363287439,2,2
GAP21Q7_d_W82,socioeco,inferred,,Inferred from occupation,low,INCOME,"$100,000 or more","Less than $30,000",False,1.0564821463287437,2,2
GAP21Q7_d_W82,socioeco,inferred,,Inferred from occupation,high,INCOME,"Less than $30,000","$100,000 or more",False,1.0018257237216561,2,2
GAP21Q7_d_W82,socioeco,inferred,,Inferred from occupation,high,INCOME,"$100,000 or more","$100,000 or more",True,1.142505333721656,2,2
BILLION_W92,socioeco,inferred,,Inferred from occupation,low,INCOME,"Less than $30,000","Less than $30,000",True,0.22487807299655704,2,2
BILLION_W92,socioeco,inferred,,Inferred from occupation,low,INCOME,"$100,000 or more","Less than $30,000",False,0.23374195533643582,2,2
BILLION_W92,socioeco,inferred,,Inferred from occupation,high,INCOME,"Less than $30,000","$100,000 or more",False,0.22301962098316502,2,2
BILLION_W92,socioeco,inferred,,Inferred from occupation,high,INCOME,"$100,000 or more","$100,000 or more",True,0.23188350332304375,2,2
CANDEXP_W92,socioeco,inferred,,Inferred from occupation,low,INCOME,"Less than $30,000","Less than $30,000",True,0.48740145728166845,2,2
CANDEXP_W92,socioeco,inferred,,Inferred from occupation,low,INCOME,"$100,000 or more","Less than $30,000",False,0.8717269207172695,2,2
CANDEXP_W92,socioeco,inferred,,Inferred from occupation,high,INCOME,"Less than $30,000","$100,000 or more",False,0.8504904583923723,2,2
CANDEXP_W92,socioeco,inferred,,Inferred from occupation,high,INCOME,"$100,000 or more","$100,000 or more",True,1.2348159218279733,2,2
ELECT_CONF3_PRVFR_W92,socioeco,inferred,,Inferred from occupation,low,INCOME,"Less than $30,000","Less than $30,000",True,0.9828062820051615,2,2
ELECT_CONF3_PRVFR_W92,socioeco,inferred,,Inferred from occupation,low,INCOME,"$100,000 or more","Less than $30,000",False,1.0594660120051616,2,2
ELECT_CONF3_PRVFR_W92,socioeco,inferred,,Inferred from occupation,high,INCOME,"Less than $30,000","$100,000 or more",False,0.9832836879999225,2,2
ELECT_CONF3_PRVFR_W92,socioeco,inferred,,Inferred from occupation,high,INCOME,"$100,000 or more","$100,000 or more",True,1.0599434179999225,2,2
ELECT_CONF3_PRVSUP_W92,socioeco,inferred,,Inferred from occupation,low,INCOME,"Less than $30,000","Less than $30,000",True,0.6931348180880751,2,2
ELECT_CONF3_PRVSUP_W92,socioeco,inferred,,Inferred from occupation,low,INCOME,"$100,000 or more","Less than $30,000",False,0.6915479950329132,2,2
ELECT_CONF3_PRVSUP_W92,socioeco,inferred,,Inferred from occupation,high,INCOME,"Less than $30,000","$100,000 or more",False,0.6914203919906997,2,2
ELECT_CONF3_PRVSUP_W92,socioeco,inferred,,Inferred from occupation,high,INCOME,"$100,000 or more","$100,000 or more",True,0.6898335689355378,2,2
ELECT_IMPT3_PRVFR_W92,socioeco,inferred,,Inferred from occupation,low,INCOME,"Less than $30,000","Less than $30,000",True,0.7755026917549878,2,2
ELECT_IMPT3_PRVFR_W92,socioeco,inferred,,Inferred from occupation,low,INCOME,"$100,000 or more","Less than $30,000",False,0.562131773999766,2,2
ELECT_IMPT3_PRVFR_W92,socioeco,inferred,,Inferred from occupation,high,INCOME,"Less than $30,000","$100,000 or more",False,0.7755218477552183,2,2
ELECT_IMPT3_PRVFR_W92,socioeco,inferred,,Inferred from occupation,high,INCOME,"$100,000 or more","$100,000 or more",True,0.5621509299999965,2,2
FREECOLL_W92,socioeco,inferred,,Inferred from occupation,low,INCOME,"Less than $30,000","Less than $30,000",True,0.7895531799446248,2,2
FREECOLL_W92,socioeco,inferred,,Inferred from occupation,low,INCOME,"$100,000 or more","Less than $30,000",False,1.0173069701407678,2,2
FREECOLL_W92,socioeco,inferred,,Inferred from occupation,high,INCOME,"Less than $30,000","$100,000 or more",False,0.7910551999887262,2,2
FREECOLL_W92,socioeco,inferred,,Inferred from occupation,high,INCOME,"$100,000 or more","$100,000 or more",True,1.018808990184869,2,2
GODMORALIMP_W92,socioeco,inferred,,Inferred from occupation,low,INCOME,"Less than $30,000","Less than $30,000",True,0.5652161132506144,2,2
GODMORALIMP_W92,socioeco,inferred,,Inferred from occupation,low,INCOME,"$100,000 or more","Less than $30,000",False,0.2867616459841965,2,2
GODMORALIMP_W92,socioeco,inferred,,Inferred from occupation,high,INCOME,"Less than $30,000","$100,000 or more",False,0.6794007629059968,2,2
GODMORALIMP_W92,socioeco,inferred,,Inferred from occupation,high,INCOME,"$100,000 or more","$100,000 or more",True,0.826301622905997,2,2
LEGALIMMIGAMT_W92,socioeco,inferred,,Inferred from occupation,low,INCOME,"Less than $30,000","Less than $30,000",True,0.8182121995580036,2,2
LEGALIMMIGAMT_W92,socioeco,inferred,,Inferred from occupation,low,INCOME,"$100,000 or more","Less than $30,000",False,0.7651778578267505,2,2
LEGALIMMIGAMT_W92,socioeco,inferred,,Inferred from occupation,high,INCOME,"Less than $30,000","$100,000 or more",False,0.8164480377312533,2,2
LEGALIMMIGAMT_W92,socioeco,inferred,,Inferred from occupation,high,INCOME,"$100,000 or more","$100,000 or more",True,0.7634136960000001,2,2
POLINTOL2_a_W92,socioeco,inferred,,Inferred from occupation,low,INCOME,"Less than $30,000","Less than $30,000",True,0.7613030516311627,2,2
POLINTOL2_a_W92,socioeco,inferred,,Inferred from occupation,low,INCOME,"$100,000 or more","Less than $30,000",False,0.8844020340051807,2,2
POLINTOL2_a_W92,socioeco,inferred,,Inferred from occupation,high,INCOME,"Less than $30,000","$100,000 or more",False,0.7598616154891531,2,2
POLINTOL2_a_W92,socioeco,inferred,,Inferred from occupation,high,INCOME,"$100,000 or more","$100,000 or more",True,0.882960597863171,2,2
PROG_RNEED_W92,socioeco,inferred,,Inferred from occupation,low,INCOME,"Less than $30,000","Less than $30,000",True,0.5440510240000007,2,2
PROG_RNEED_W92,socioeco,inferred,,Inferred from occupation,low,INCOME,"$100,000 or more","Less than $30,000",False,0.6848618540000008,2,2
PROG_RNEED_W92,socioeco,inferred,,Inferred from occupation,high,INCOME,"Less than $30,000","$100,000 or more",False,0.5440510300000004,2,2
PROG_RNEED_W92,socioeco,inferred,,Inferred from occupation,high,INCOME,"$100,000 or more","$100,000 or more",True,0.6848618600000005,2,2
RACESURV52MOD_W92,socioeco,inferred,,Inferred from occupation,low,INCOME,"Less than $30,000","Less than $30,000",True,0.9211721916094124,2,2
RACESURV52MOD_W92,socioeco,inferred,,Inferred from occupation,low,INCOME,"$100,000 or more","Less than $30,000",False,0.781434650212037,2,2
RACESURV52MOD_W92,socioeco,inferred,,Inferred from occupation,high,INCOME,"Less than $30,000","$100,000 or more",False,0.9335309533568517,2,2
RACESURV52MOD_W92,socioeco,inferred,,Inferred from occupation,high,INCOME,"$100,000 or more","$100,000 or more",True,0.7937934119594762,2,2
REPRSNTDEM_W92,socioeco,inferred,,Inferred from occupation,low,INCOME,"Less than $30,000","Less than $30,000",True,0.8807884911921151,2,2
REPRSNTDEM_W92,socioeco,inferred,,Inferred from occupation,low,INCOME,"$100,000 or more","Less than $30,000",False,0.8350064300001716,2,2
REPRSNTDEM_W92,socioeco,inferred,,Inferred from occupation,high,INCOME,"Less than $30,000","$100,000 or more",False,0.8799119732169663,2,2
REPRSNTDEM_W92,socioeco,inferred,,Inferred from occupation,high,INCOME,"$100,000 or more","$100,000 or more",True,0.8341299120250227,2,2
REPRSNTREP_W92,socioeco,inferred,,Inferred from occupation,low,INCOME,"Less than $30,000","Less than $30,000",True,0.7926515220000956,2,2
REPRSNTREP_W92,socioeco,inferred,,Inferred from occupation,low,INCOME,"$100,000 or more","Less than $30,000",False,0.8175475720000956,2,2
REPRSNTREP_W92,socioeco,inferred,,Inferred from occupation,high,INCOME,"Less than $30,000","$100,000 or more",False,0.7926531519999305,2,2
REPRSNTREP_W92,socioeco,inferred,,Inferred from occupation,high,INCOME,"$100,000 or more","$100,000 or more",True,0.8175492019999304,2,2
SOCIETY_GUNS_W92,socioeco,inferred,,Inferred from occupation,low,INCOME,"Less than $30,000","Less than $30,000",True,1.4049149920000228,2,2
SOCIETY_GUNS_W92,socioeco,inferred,,Inferred from occupation,low,INCOME,"$100,000 or more","Less than $30,000",False,1.3424060020000226,2,2
SOCIETY_GUNS_W92,socioeco,inferred,,Inferred from occupation,high,INCOME,"Less than $30,000","$100,000 or more",False,1.4049148740000001,2,2
SOCIETY_GUNS_W92,socioeco,inferred,,Inferred from occupation,high,INCOME,"$100,000 or more","$100,000 or more",True,1.342405884,2,2
SOCIETY_RELG_W92,socioeco,inferred,,Inferred from occupation,low,INCOME,"Less than $30,000","Less than $30,000",True,0.871959621999989,2,2
SOCIETY_RELG_W92,socioeco,inferred,,Inferred from occupation,low,INCOME,"$100,000 or more","Less than $30,000",False,1.0369232519999891,2,2
SOCIETY_RELG_W92,socioeco,inferred,,Inferred from occupation,high,INCOME,"Less than $30,000","$100,000 or more",False,0.8719532099999632,2,2
SOCIETY_RELG_W92,socioeco,inferred,,Inferred from occupation,high,INCOME,"$100,000 or more","$100,000 or more",True,1.036916839999963,2,2
SOCIETY_RHIST_W92,socioeco,inferred,,Inferred from occupation,low,INCOME,"Less than $30,000","Less than $30,000",True,0.9669246771250961,2,2
SOCIETY_RHIST_W92,socioeco,inferred,,Inferred from occupation,low,INCOME,"$100,000 or more","Less than $30,000",False,0.9297285771250963,2,2
SOCIETY_RHIST_W92,socioeco,inferred,,Inferred from occupation,high,INCOME,"Less than $30,000","$100,000 or more",False,1.131784928487332,2,2
SOCIETY_RHIST_W92,socioeco,inferred,,Inferred from occupation,high,INCOME,"$100,000 or more","$100,000 or more",True,1.0945888284873324,2,2
SOCIETY_SSM_W92,socioeco,inferred,,Inferred from occupation,low,INCOME,"Less than $30,000","Less than $30,000",True,1.45500509627339,2,2
SOCIETY_SSM_W92,socioeco,inferred,,Inferred from occupation,low,INCOME,"$100,000 or more","Less than $30,000",False,1.2509757562733899,2,2
SOCIETY_SSM_W92,socioeco,inferred,,Inferred from occupation,high,INCOME,"Less than $30,000","$100,000 or more",False,1.4632583660541623,2,2
SOCIETY_SSM_W92,socioeco,inferred,,Inferred from occupation,high,INCOME,"$100,000 or more","$100,000 or more",True,1.2592290260541625,2,2
SOCIETY_TRANS_W92,socioeco,inferred,,Inferred from occupation,low,INCOME,"Less than $30,000","Less than $30,000",True,1.9436597098728488,2,2
SOCIETY_TRANS_W92,socioeco,inferred,,Inferred from occupation,low,INCOME,"$100,000 or more","Less than $30,000",False,1.6879581398728487,2,2
SOCIETY_TRANS_W92,socioeco,inferred,,Inferred from occupation,high,INCOME,"Less than $30,000","$100,000 or more",False,1.944251144032921,2,2
SOCIETY_TRANS_W92,socioeco,inferred,,Inferred from occupation,high,INCOME,"$100,000 or more","$100,000 or more",True,1.688549574032921,2,2
SOCIETY_WHT_W92,socioeco,inferred,,Inferred from occupation,low,INCOME,"Less than $30,000","Less than $30,000",True,0.6458808359999998,2,2
SOCIETY_WHT_W92,socioeco,inferred,,Inferred from occupation,low,INCOME,"$100,000 or more","Less than $30,000",False,0.4349263516507359,2,2
SOCIETY_WHT_W92,socioeco,inferred,,Inferred from occupation,high,INCOME,"Less than $30,000","$100,000 or more",False,0.6458807160000031,2,2
SOCIETY_WHT_W92,socioeco,inferred,,Inferred from occupation,high,INCOME,"$100,000 or more","$100,000 or more",True,0.4349262316507392,2,2
UNIMMIGCOMM_W92,socioeco,inferred,,Inferred from occupation,low,INCOME,"Less than $30,000","Less than $30,000",True,0.8402747939999833,2,2
UNIMMIGCOMM_W92,socioeco,inferred,,Inferred from occupation,low,INCOME,"$100,000 or more","Less than $30,000",False,0.7660362016603592,2,2
UNIMMIGCOMM_W92,socioeco,inferred,,Inferred from occupation,high,INCOME,"Less than $30,000","$100,000 or more",False,0.8402642920004052,2,2
UNIMMIGCOMM_W92,socioeco,inferred,,Inferred from occupation,high,INCOME,"$100,000 or more","$100,000 or more",True,0.7660256996607812,2,2
USEXCEPT_W92,socioeco,inferred,,Inferred from occupation,low,INCOME,"Less than $30,000","Less than $30,000",True,0.5066832020000004,2,2
USEXCEPT_W92,socioeco,inferred,,Inferred from occupation,low,INCOME,"$100,000 or more","Less than $30,000",False,0.45553153200000046,2,2
USEXCEPT_W92,socioeco,inferred,,Inferred from occupation,high,INCOME,"Less than $30,000","$100,000 or more",False,0.50668322,2,2
USEXCEPT_W92,socioeco,inferred,,Inferred from occupation,high,INCOME,"$100,000 or more","$100,000 or more",True,0.45553155000000006,2,2
USMILSIZ_W92,socioeco,inferred,,Inferred from occupation,low,INCOME,"Less than $30,000","Less than $30,000",True,0.9293995437084585,2,2
USMILSIZ_W92,socioeco,inferred,,Inferred from occupation,low,INCOME,"$100,000 or more","Less than $30,000",False,0.660547885810684,2,2
USMILSIZ_W92,socioeco,inferred,,Inferred from occupation,high,INCOME,"Less than $30,000","$100,000 or more",False,0.8176707820000001,2,2
USMILSIZ_W92,socioeco,inferred,,Inferred from occupation,high,INCOME,"$100,000 or more","$100,000 or more",True,0.5488191241022257,2,2
WHADVANT_W92,socioeco,inferred,,Inferred from occupation,low,INCOME,"Less than $30,000","Less than $30,000",True,0.5057040647824171,2,2
WHADVANT_W92,socioeco,inferred,,Inferred from occupation,low,INCOME,"$100,000 or more","Less than $30,000",False,0.6552221305087955,2,2
WHADVANT_W92,socioeco,inferred,,Inferred from occupation,high,INCOME,"Less than $30,000","$100,000 or more",False,0.5579911561666342,2,2
WHADVANT_W92,socioeco,inferred,,Inferred from occupation,high,INCOME,"$100,000 or more","$100,000 or more",True,0.6591377454961302,2,2
