qkey,attribute,channel,magnitude,regime,model_class,own_human_group,predicted_human_group,n_tied_nearest,correct,correct_in_tie,fractional_credit,nearest_distance
CARRYGUN_W26,socioeco,inferred,,Inferred from occupation,low,"Less than $30,000","Less than $30,000",1,True,True,1.0,0.9137270320000017
CARRYGUN_W26,socioeco,inferred,,Inferred from occupation,high,"$100,000 or more","Less than $30,000",1,False,False,0.0,0.9137272280000002
GROWUPGUN2A_W26,socioeco,inferred,,Inferred from occupation,low,"Less than $30,000","Less than $30,000",1,True,True,1.0,0.2867664488714943
GROWUPGUN2A_W26,socioeco,inferred,,Inferred from occupation,high,"$100,000 or more","Less than $30,000",1,False,False,0.0,0.34865339800290107
GROWUPGUN2B_W26,socioeco,inferred,,Inferred from occupation,low,"Less than $30,000","Less than $30,000",1,True,True,1.0,0.3471952960015312
GROWUPGUN2B_W26,socioeco,inferred,,Inferred from occupation,high,"$100,000 or more","Less than $30,000",1,False,False,0.0,0.34726425400001026
GROWUPGUN2C_W26,socioeco,inferred,,Inferred from occupation,low,"Less than $30,000","$100,000 or more",1,False,False,0.0,0.08024748540402882
GROWUPGUN2C_W26,socioeco,inferred,,Inferred from occupation,high,"$100,000 or more","Less than $30,000",1,False,False,0.0,0.48076832370877587
GROWUPGUN4_W26,socioeco,inferred,,Inferred from occupation,low,"Less than $30,000","$100,000 or more",1,False,False,0.0,0.23448863324202246
GROWUPGUN4_W26,socioeco,inferred,,Inferred from occupation,high,"$100,000 or more","Less than $30,000",1,False,False,0.0,0.300873005554779
GROWUPGUN6_W26,socioeco,inferred,,Inferred from occupation,low,"Less than $30,000","Less than $30,000",1,True,True,1.0,0.7624028859999363
GROWUPGUN6_W26,socioeco,inferred,,Inferred from occupation,high,"$100,000 or more","Less than $30,000",1,False,False,0.0,0.7624168359999882
GROWUPGUN7_W26,socioeco,inferred,,Inferred from occupation,low,"Less than $30,000","Less than $30,000",1,True,True,1.0,1.014729160000079
GROWUPGUN7_W26,socioeco,inferred,,Inferred from occupation,high,"$100,000 or more","Less than $30,000",1,False,False,0.0,1.0147314820000062
GROWUPVIOL_W26,socioeco,inferred,,Inferred from occupation,low,"Less than $30,000","$100,000 or more",1,False,False,0.0,0.563143488166145
GROWUPVIOL_W26,socioeco,inferred,,Inferred from occupation,high,"$100,000 or more","$100,000 or more",1,True,True,1.0,0.44507146
GUNACCESS_W26,socioeco,inferred,,Inferred from occupation,low,"Less than $30,000","Less than $30,000",1,True,True,1.0,1.4902845749028457
GUNACCESS_W26,socioeco,inferred,,Inferred from occupation,high,"$100,000 or more","Less than $30,000",1,False,False,0.0,1.490284568902846
GUNACTIVITYA_W26,socioeco,inferred,,Inferred from occupation,low,"Less than $30,000","$100,000 or more",1,False,False,0.0,0.21905030005758208
GUNACTIVITYA_W26,socioeco,inferred,,Inferred from occupation,high,"$100,000 or more","$100,000 or more",1,True,True,1.0,0.1629808623701914
GUNACTIVITYB_W26,socioeco,inferred,,Inferred from occupation,low,"Less than $30,000","$100,000 or more",1,False,False,0.0,0.5278226254545587
GUNACTIVITYB_W26,socioeco,inferred,,Inferred from occupation,high,"$100,000 or more","$100,000 or more",1,True,True,1.0,0.6572501239722687
GUNCONTRIBA_W26,socioeco,inferred,,Inferred from occupation,low,"Less than $30,000","Less than $30,000",1,True,True,1.0,1.210599769887326
GUNCONTRIBA_W26,socioeco,inferred,,Inferred from occupation,high,"$100,000 or more","Less than $30,000",1,False,False,0.0,1.2107516379258636
GUNCONTRIBC_W26,socioeco,inferred,,Inferred from occupation,low,"Less than $30,000","$100,000 or more",1,False,False,0.0,0.5218318081613588
GUNCONTRIBC_W26,socioeco,inferred,,Inferred from occupation,high,"$100,000 or more","$100,000 or more",1,True,True,1.0,0.42822624675768195
GUNCONTRIBE_W26,socioeco,inferred,,Inferred from occupation,low,"Less than $30,000","$100,000 or more",1,False,False,0.0,0.8693891100004477
GUNCONTRIBE_W26,socioeco,inferred,,Inferred from occupation,high,"$100,000 or more","$100,000 or more",1,True,True,1.0,0.8694221860003203
GUNCONTRIBF_W26,socioeco,inferred,,Inferred from occupation,low,"Less than $30,000","$100,000 or more",1,False,False,0.0,0.5234086905575462
GUNCONTRIBF_W26,socioeco,inferred,,Inferred from occupation,high,"$100,000 or more","$100,000 or more",1,True,True,1.0,0.46959393094999535
GUNFRIEND_W26,socioeco,inferred,,Inferred from occupation,low,"Less than $30,000","$100,000 or more",1,False,False,0.0,1.469777795233954
GUNFRIEND_W26,socioeco,inferred,,Inferred from occupation,high,"$100,000 or more","$100,000 or more",1,True,True,1.0,1.8633210440507812
GUNIDENTITY_W26,socioeco,inferred,,Inferred from occupation,low,"Less than $30,000","$100,000 or more",1,False,False,0.0,1.4873243400005511
GUNIDENTITY_W26,socioeco,inferred,,Inferred from occupation,high,"$100,000 or more","$100,000 or more",1,True,True,1.0,1.4506339760736564
GUNLOADED1_W26,socioeco,inferred,,Inferred from occupation,low,"Less than $30,000","$100,000 or more",1,False,False,0.0,0.1724190251492071
GUNLOADED1_W26,socioeco,inferred,,Inferred from occupation,high,"$100,000 or more","Less than $30,000",1,False,False,0.0,0.13375453396830347
GUNLOADED2_W26,socioeco,inferred,,Inferred from occupation,low,"Less than $30,000","$100,000 or more",1,False,False,0.0,0.26862911199954964
GUNLOADED2_W26,socioeco,inferred,,Inferred from occupation,high,"$100,000 or more","$100,000 or more",1,True,True,1.0,0.26864295400020116
GUNLOCKED1_W26,socioeco,inferred,,Inferred from occupation,low,"Less than $30,000","$100,000 or more",1,False,False,0.0,0.43042612394126967
GUNLOCKED1_W26,socioeco,inferred,,Inferred from occupation,high,"$100,000 or more","$100,000 or more",1,True,True,1.0,0.7465743203865306
GUNLOCKED2_W26,socioeco,inferred,,Inferred from occupation,low,"Less than $30,000","$100,000 or more",1,False,False,0.0,0.49966813400003673
GUNLOCKED2_W26,socioeco,inferred,,Inferred from occupation,high,"$100,000 or more","$100,000 or more",1,True,True,1.0,0.4996669240000492
GUNRESPKIDSD_W26,socioeco,inferred,,Inferred from occupation,low,"Less than $30,000","Less than $30,000",1,True,True,1.0,1.366162931794217
GUNRESPKIDSD_W26,socioeco,inferred,,Inferred from occupation,high,"$100,000 or more","Less than $30,000",1,False,False,0.0,1.4003141900011666
GUNRESPKIDSE_W26,socioeco,inferred,,Inferred from occupation,low,"Less than $30,000","Less than $30,000",1,True,True,1.0,0.7810982100009605
GUNRESPKIDSE_W26,socioeco,inferred,,Inferred from occupation,high,"$100,000 or more","Less than $30,000",1,False,False,0.0,0.7812546640001232
GUNRESPNOKIDSA_W26,socioeco,inferred,,Inferred from occupation,low,"Less than $30,000","$100,000 or more",1,False,False,0.0,0.5419175974192463
GUNRESPNOKIDSA_W26,socioeco,inferred,,Inferred from occupation,high,"$100,000 or more","$100,000 or more",1,True,True,1.0,0.541920887419205
GUNRESPNOKIDSB_W26,socioeco,inferred,,Inferred from occupation,low,"Less than $30,000","$100,000 or more",1,False,False,0.0,0.3218037695947814
GUNRESPNOKIDSB_W26,socioeco,inferred,,Inferred from occupation,high,"$100,000 or more","$100,000 or more",1,True,True,1.0,0.6766623172020915
GUNRESPNOKIDSC_W26,socioeco,inferred,,Inferred from occupation,low,"Less than $30,000","$100,000 or more",1,False,False,0.0,0.3146007071537763
GUNRESPNOKIDSC_W26,socioeco,inferred,,Inferred from occupation,high,"$100,000 or more","$100,000 or more",1,True,True,1.0,0.3149105671492719
GUNRESPNOKIDSD_W26,socioeco,inferred,,Inferred from occupation,low,"Less than $30,000","Less than $30,000",1,True,True,1.0,0.9290332997186993
GUNRESPNOKIDSD_W26,socioeco,inferred,,Inferred from occupation,high,"$100,000 or more","Less than $30,000",1,False,False,0.0,1.4423579629171939
GUNRESPNOKIDSE_W26,socioeco,inferred,,Inferred from occupation,low,"Less than $30,000","$100,000 or more",1,False,False,0.0,0.6623792325222048
GUNRESPNOKIDSE_W26,socioeco,inferred,,Inferred from occupation,high,"$100,000 or more","$100,000 or more",1,True,True,1.0,0.791393380012296
GUNRESPNOKIDSF_W26,socioeco,inferred,,Inferred from occupation,low,"Less than $30,000","Less than $30,000",1,True,True,1.0,0.8179414678193905
GUNRESPNOKIDSF_W26,socioeco,inferred,,Inferred from occupation,high,"$100,000 or more","Less than $30,000",1,False,False,0.0,0.8179788698202208
GUNSAFETYKIDS_W26,socioeco,inferred,,Inferred from occupation,low,"Less than $30,000","Less than $30,000",1,True,True,1.0,0.4072989121017798
GUNSAFETYKIDS_W26,socioeco,inferred,,Inferred from occupation,high,"$100,000 or more","Less than $30,000",1,False,False,0.0,0.41353621782378097
GUNSAFE_W26,socioeco,inferred,,Inferred from occupation,low,"Less than $30,000","$100,000 or more",1,False,False,0.0,0.7092419735149837
GUNSAFE_W26,socioeco,inferred,,Inferred from occupation,high,"$100,000 or more","$100,000 or more",1,True,True,1.0,0.2632684273673158
GUNTYPEOWNC_W26,socioeco,inferred,,Inferred from occupation,low,"Less than $30,000","Less than $30,000",1,True,True,1.0,0.8461947
GUNTYPEOWNC_W26,socioeco,inferred,,Inferred from occupation,high,"$100,000 or more","Less than $30,000",1,False,False,0.0,0.8461947
NOCARRYGUN_W26,socioeco,inferred,,Inferred from occupation,low,"Less than $30,000","$100,000 or more",1,False,False,0.0,0.6828387559383752
NOCARRYGUN_W26,socioeco,inferred,,Inferred from occupation,high,"$100,000 or more","$100,000 or more",1,True,True,1.0,0.6865193359767229
REASONGUNA_W26,socioeco,inferred,,Inferred from occupation,low,"Less than $30,000","Less than $30,000",1,True,True,1.0,0.11285389743127217
REASONGUNA_W26,socioeco,inferred,,Inferred from occupation,high,"$100,000 or more","Less than $30,000",1,False,False,0.0,0.311418060000089
REASONGUNB_W26,socioeco,inferred,,Inferred from occupation,low,"Less than $30,000","$100,000 or more",1,False,False,0.0,0.5513375843951868
REASONGUNB_W26,socioeco,inferred,,Inferred from occupation,high,"$100,000 or more","$100,000 or more",1,True,True,1.0,0.5813114859310373
REASONGUNC_W26,socioeco,inferred,,Inferred from occupation,low,"Less than $30,000","Less than $30,000",1,True,True,1.0,0.538016809917069
REASONGUNC_W26,socioeco,inferred,,Inferred from occupation,high,"$100,000 or more","Less than $30,000",1,False,False,0.0,0.564302479005539
REASONGUND_W26,socioeco,inferred,,Inferred from occupation,low,"Less than $30,000","$100,000 or more",1,False,False,0.0,0.5733658158087271
REASONGUND_W26,socioeco,inferred,,Inferred from occupation,high,"$100,000 or more","$100,000 or more",1,True,True,1.0,0.5461080468768735
REASONGUNE_W26,socioeco,inferred,,Inferred from occupation,low,"Less than $30,000","Less than $30,000",1,True,True,1.0,0.09072684600547154
REASONGUNE_W26,socioeco,inferred,,Inferred from occupation,high,"$100,000 or more","Less than $30,000",1,False,False,0.0,0.36258438085397704
SHOOTFREQ_W26,socioeco,inferred,,Inferred from occupation,low,"Less than $30,000","Less than $30,000",1,True,True,1.0,0.6955061979999934
SHOOTFREQ_W26,socioeco,inferred,,Inferred from occupation,high,"$100,000 or more","Less than $30,000",1,False,False,0.0,0.6955064500000017
WORRYB_W26,socioeco,inferred,,Inferred from occupation,low,"Less than $30,000","Less than $30,000",1,True,True,1.0,0.3233357290345956
WORRYB_W26,socioeco,inferred,,Inferred from occupation,high,"$100,000 or more","Less than $30,000",1,False,False,0.0,0.5398091243374041
WORRYD_W26,socioeco,inferred,,Inferred from occupation,low,"Less than $30,000","$100,000 or more",1,False,False,0.0,0.5281082250006638
WORRYD_W26,socioeco,inferred,,Inferred from occupation,high,"$100,000 or more","$100,000 or more",1,True,True,1.0,0.6618259720749297
WORRYE_W26,socioeco,inferred,,Inferred from occupation,low,"Less than $30,000","$100,000 or more",1,False,False,0.0,0.06700355639643528
WORRYE_W26,socioeco,inferred,,Inferred from occupation,high,"$100,000 or more","$100,000 or more",1,True,True,1.0,0.20155017852349674
WORRYF_W26,socioeco,inferred,,Inferred from occupation,low,"Less than $30,000","Less than $30,000",1,True,True,1.0,0.1880985775140231
WORRYF_W26,socioeco,inferred,,Inferred from occupation,high,"$100,000 or more","Less than $30,000",1,False,False,0.0,0.24732789121639392
BOYSF1B_W29,socioeco,inferred,,Inferred from occupation,low,"Less than $30,000","Less than $30,000",1,True,True,1.0,0.2192620313684573
BOYSF1B_W29,socioeco,inferred,,Inferred from occupation,high,"$100,000 or more","Less than $30,000",1,False,False,0.0,0.21500923880221887
FAVORS_CPS_W29,socioeco,inferred,,Inferred from occupation,low,"Less than $30,000","$100,000 or more",1,False,False,0.0,1.1194461416549846
FAVORS_CPS_W29,socioeco,inferred,,Inferred from occupation,high,"$100,000 or more","$100,000 or more",1,True,True,1.0,1.0618457311701666
FEM2_W29,socioeco,inferred,,Inferred from occupation,low,"Less than $30,000","$100,000 or more",1,False,False,0.0,1.0317404879890997
FEM2_W29,socioeco,inferred,,Inferred from occupation,high,"$100,000 or more","$100,000 or more",1,True,True,1.0,1.0322154060002804
GIRLSF2C_W29,socioeco,inferred,,Inferred from occupation,low,"Less than $30,000","Less than $30,000",1,True,True,1.0,0.07821096600571344
GIRLSF2C_W29,socioeco,inferred,,Inferred from occupation,high,"$100,000 or more","Less than $30,000",1,False,False,0.0,0.10183655587665093
GIRLSF2D_W29,socioeco,inferred,,Inferred from occupation,low,"Less than $30,000","$100,000 or more",1,False,False,0.0,0.16597823132895126
GIRLSF2D_W29,socioeco,inferred,,Inferred from occupation,high,"$100,000 or more","$100,000 or more",1,True,True,1.0,0.16317621226817988
GOPDIRCT_W29,socioeco,inferred,,Inferred from occupation,low,"Less than $30,000","$100,000 or more",1,False,False,0.0,0.22636248950650284
GOPDIRCT_W29,socioeco,inferred,,Inferred from occupation,high,"$100,000 or more","$100,000 or more",1,True,True,1.0,0.30442774147598367
HOOD_NHISB_W29,socioeco,inferred,,Inferred from occupation,low,"Less than $30,000","$100,000 or more",1,False,False,0.0,0.5865210018653076
HOOD_NHISB_W29,socioeco,inferred,,Inferred from occupation,high,"$100,000 or more","$100,000 or more",1,True,True,1.0,0.5865117698648724
LOCALELECT_W29,socioeco,inferred,,Inferred from occupation,low,"Less than $30,000","$100,000 or more",1,False,False,0.0,0.4877685458272208
LOCALELECT_W29,socioeco,inferred,,Inferred from occupation,high,"$100,000 or more","$100,000 or more",1,True,True,1.0,0.6014125831905162
MAN1A_W29,socioeco,inferred,,Inferred from occupation,low,"Less than $30,000","$100,000 or more",1,False,False,0.0,0.5660874099768282
MAN1A_W29,socioeco,inferred,,Inferred from occupation,high,"$100,000 or more","$100,000 or more",1,True,True,1.0,0.5676528180372694
MAN1B_W29,socioeco,inferred,,Inferred from occupation,low,"Less than $30,000","Less than $30,000",1,True,True,1.0,0.9626881819910253
MAN1B_W29,socioeco,inferred,,Inferred from occupation,high,"$100,000 or more","Less than $30,000",1,False,False,0.0,0.9629222200027979
MAN1C_W29,socioeco,inferred,,Inferred from occupation,low,"Less than $30,000","Less than $30,000",1,True,True,1.0,0.8963401736028651
MAN1C_W29,socioeco,inferred,,Inferred from occupation,high,"$100,000 or more","Less than $30,000",1,False,False,0.0,0.9645591618247562
MAN1D_W29,socioeco,inferred,,Inferred from occupation,low,"Less than $30,000","Less than $30,000",1,True,True,1.0,0.6961354079516313
MAN1D_W29,socioeco,inferred,,Inferred from occupation,high,"$100,000 or more","Less than $30,000",1,False,False,0.0,0.6966873520148267
MAN1E_W29,socioeco,inferred,,Inferred from occupation,low,"Less than $30,000","Less than $30,000",1,True,True,1.0,0.4575909431514701
MAN1E_W29,socioeco,inferred,,Inferred from occupation,high,"$100,000 or more","Less than $30,000",1,False,False,0.0,0.45036404576610667
MASC2_W29,socioeco,inferred,,Inferred from occupation,low,"Less than $30,000","Less than $30,000",1,True,True,1.0,1.1510057379939824
MASC2_W29,socioeco,inferred,,Inferred from occupation,high,"$100,000 or more","Less than $30,000",1,False,False,0.0,1.1513457559993543
S12_W29,socioeco,inferred,,Inferred from occupation,low,"Less than $30,000","$100,000 or more",1,False,False,0.0,0.40312469258199873
S12_W29,socioeco,inferred,,Inferred from occupation,high,"$100,000 or more","$100,000 or more",1,True,True,1.0,0.4969945052553017
S13_W29,socioeco,inferred,,Inferred from occupation,low,"Less than $30,000","Less than $30,000",1,True,True,1.0,0.5853418210567389
S13_W29,socioeco,inferred,,Inferred from occupation,high,"$100,000 or more","$100,000 or more",1,True,True,1.0,0.4929887536202813
SEENFEM_W29,socioeco,inferred,,Inferred from occupation,low,"Less than $30,000","$100,000 or more",1,False,False,0.0,1.4778747379973525
SEENFEM_W29,socioeco,inferred,,Inferred from occupation,high,"$100,000 or more","$100,000 or more",1,True,True,1.0,1.4780162140015833
SEENMASC_W29,socioeco,inferred,,Inferred from occupation,low,"Less than $30,000","Less than $30,000",1,True,True,1.0,1.3329581686701388
SEENMASC_W29,socioeco,inferred,,Inferred from occupation,high,"$100,000 or more","Less than $30,000",1,False,False,0.0,1.3329680386704261
TALK_CPS_W29,socioeco,inferred,,Inferred from occupation,low,"Less than $30,000","Less than $30,000",1,True,True,1.0,1.7321044429431094
TALK_CPS_W29,socioeco,inferred,,Inferred from occupation,high,"$100,000 or more","Less than $30,000",1,False,False,0.0,1.908477462657197
WORRYBILL_W29,socioeco,inferred,,Inferred from occupation,low,"Less than $30,000","$100,000 or more",1,False,False,0.0,0.29511182864166374
WORRYBILL_W29,socioeco,inferred,,Inferred from occupation,high,"$100,000 or more","$100,000 or more",1,True,True,1.0,0.41261319221137893
CLASS_W32,socioeco,inferred,,Inferred from occupation,low,"Less than $30,000","$100,000 or more",1,False,False,0.0,0.5324814273052427
CLASS_W32,socioeco,inferred,,Inferred from occupation,high,"$100,000 or more","$100,000 or more",1,True,True,1.0,0.40393758402202584
COMMIMPA_W32,socioeco,inferred,,Inferred from occupation,low,"Less than $30,000","$100,000 or more",1,False,False,0.0,0.49395515900797976
COMMIMPA_W32,socioeco,inferred,,Inferred from occupation,high,"$100,000 or more","$100,000 or more",1,True,True,1.0,0.40587066906566016
COMMIMPB_W32,socioeco,inferred,,Inferred from occupation,low,"Less than $30,000","$100,000 or more",1,False,False,0.0,0.32509463140380324
COMMIMPB_W32,socioeco,inferred,,Inferred from occupation,high,"$100,000 or more","$100,000 or more",1,True,True,1.0,0.34902973603159193
COMMIMPC_W32,socioeco,inferred,,Inferred from occupation,low,"Less than $30,000","Less than $30,000",1,True,True,1.0,0.9710306503645424
COMMIMPC_W32,socioeco,inferred,,Inferred from occupation,high,"$100,000 or more","Less than $30,000",1,False,False,0.0,1.062158480713134
COMMIMPF_W32,socioeco,inferred,,Inferred from occupation,low,"Less than $30,000","Less than $30,000",1,True,True,1.0,0.8715158679761862
COMMIMPF_W32,socioeco,inferred,,Inferred from occupation,high,"$100,000 or more","Less than $30,000",1,False,False,0.0,0.8518276017882339
COMMIMPG_W32,socioeco,inferred,,Inferred from occupation,low,"Less than $30,000","Less than $30,000",1,True,True,1.0,0.7487578656680652
COMMIMPG_W32,socioeco,inferred,,Inferred from occupation,high,"$100,000 or more","Less than $30,000",1,False,False,0.0,0.6864278315399474
COMMIMPH_W32,socioeco,inferred,,Inferred from occupation,low,"Less than $30,000","$100,000 or more",1,False,False,0.0,0.44953224248100465
COMMIMPH_W32,socioeco,inferred,,Inferred from occupation,high,"$100,000 or more","$100,000 or more",1,True,True,1.0,0.47847549635029873
COMMYRS_W32,socioeco,inferred,,Inferred from occupation,low,"Less than $30,000","Less than $30,000",1,True,True,1.0,2.3052971212968294
COMMYRS_W32,socioeco,inferred,,Inferred from occupation,high,"$100,000 or more","Less than $30,000",1,False,False,0.0,2.213866402138664
ETHNCMAJ_W32,socioeco,inferred,,Inferred from occupation,low,"Less than $30,000","$100,000 or more",1,False,False,0.0,0.17123885607159878
ETHNCMAJ_W32,socioeco,inferred,,Inferred from occupation,high,"$100,000 or more","$100,000 or more",1,True,True,1.0,0.15995850445904727
GAYMARR2_W32,socioeco,inferred,,Inferred from occupation,low,"Less than $30,000","$100,000 or more",1,False,False,0.0,0.9322125842199593
GAYMARR2_W32,socioeco,inferred,,Inferred from occupation,high,"$100,000 or more","$100,000 or more",1,True,True,1.0,0.934379300173841
HARASS2F1_W32,socioeco,inferred,,Inferred from occupation,low,"Less than $30,000","$100,000 or more",1,False,False,0.0,0.41340340000000075
HARASS2F1_W32,socioeco,inferred,,Inferred from occupation,high,"$100,000 or more","$100,000 or more",1,True,True,1.0,0.41340343100000043
IMMIMPACT_W32,socioeco,inferred,,Inferred from occupation,low,"Less than $30,000","$100,000 or more",1,False,False,0.0,0.29085216809147824
IMMIMPACT_W32,socioeco,inferred,,Inferred from occupation,high,"$100,000 or more","$100,000 or more",1,True,True,1.0,0.29085216809147824
MOVERURAL_W32,socioeco,inferred,,Inferred from occupation,low,"Less than $30,000","$100,000 or more",1,False,False,0.0,0.9041703690769414
MOVERURAL_W32,socioeco,inferred,,Inferred from occupation,high,"$100,000 or more","$100,000 or more",1,True,True,1.0,0.7346215908320439
MOVESUBURB_W32,socioeco,inferred,,Inferred from occupation,low,"Less than $30,000","Less than $30,000",1,True,True,1.0,0.8276063625999837
MOVESUBURB_W32,socioeco,inferred,,Inferred from occupation,high,"$100,000 or more","Less than $30,000",1,False,False,0.0,0.770537037251726
MOVEURBAN_W32,socioeco,inferred,,Inferred from occupation,low,"Less than $30,000","$100,000 or more",1,False,False,0.0,0.290231318722263
MOVEURBAN_W32,socioeco,inferred,,Inferred from occupation,high,"$100,000 or more","$100,000 or more",1,True,True,1.0,0.48379979031169124
NEIGHINTERA_W32,socioeco,inferred,,Inferred from occupation,low,"Less than $30,000","$100,000 or more",1,False,False,0.0,1.194144544976876
NEIGHINTERA_W32,socioeco,inferred,,Inferred from occupation,high,"$100,000 or more","$100,000 or more",1,True,True,1.0,1.37569301629693
NEIGHINTERB_W32,socioeco,inferred,,Inferred from occupation,low,"Less than $30,000","$100,000 or more",1,False,False,0.0,0.6309029771757815
NEIGHINTERB_W32,socioeco,inferred,,Inferred from occupation,high,"$100,000 or more","$100,000 or more",1,True,True,1.0,0.7657764055957677
NEIGHKIDS_W32,socioeco,inferred,,Inferred from occupation,low,"Less than $30,000","Less than $30,000",1,True,True,1.0,0.18987659501693854
NEIGHKIDS_W32,socioeco,inferred,,Inferred from occupation,high,"$100,000 or more","Less than $30,000",1,False,False,0.0,0.1820535397138171
NEIGHSAMEA_W32,socioeco,inferred,,Inferred from occupation,low,"Less than $30,000","Less than $30,000",1,True,True,1.0,1.3727307757208347
NEIGHSAMEA_W32,socioeco,inferred,,Inferred from occupation,high,"$100,000 or more","Less than $30,000",1,False,False,0.0,1.3731288957280008
SATLIFED_W32,socioeco,inferred,,Inferred from occupation,low,"Less than $30,000","$100,000 or more",1,False,False,0.0,0.58040752371665
SATLIFED_W32,socioeco,inferred,,Inferred from occupation,high,"$100,000 or more","$100,000 or more",1,True,True,1.0,0.58695332804573
SOCTRUST2_W32,socioeco,inferred,,Inferred from occupation,low,"Less than $30,000","$100,000 or more",1,False,False,0.0,0.25644095
SOCTRUST2_W32,socioeco,inferred,,Inferred from occupation,high,"$100,000 or more","$100,000 or more",1,True,True,1.0,0.25644095
VALUERURAL_W32,socioeco,inferred,,Inferred from occupation,low,"Less than $30,000","Less than $30,000",1,True,True,1.0,0.7329420659942476
VALUERURAL_W32,socioeco,inferred,,Inferred from occupation,high,"$100,000 or more","Less than $30,000",1,False,False,0.0,0.7326162680188065
WHADVANT_W32,socioeco,inferred,,Inferred from occupation,low,"Less than $30,000","Less than $30,000",1,True,True,1.0,0.6804288671455428
WHADVANT_W32,socioeco,inferred,,Inferred from occupation,high,"$100,000 or more","$100,000 or more",1,True,True,1.0,0.633501788302604
WILLMOVE_W32,socioeco,inferred,,Inferred from occupation,low,"Less than $30,000","$100,000 or more",1,False,False,0.0,0.747385251680766
WILLMOVE_W32,socioeco,inferred,,Inferred from occupation,high,"$100,000 or more","$100,000 or more",1,True,True,1.0,0.6237418546699132
EAT1_W34,socioeco,inferred,,Inferred from occupation,low,"Less than $30,000","$100,000 or more",1,False,False,0.0,0.680642860029613
EAT1_W34,socioeco,inferred,,Inferred from occupation,high,"$100,000 or more","$100,000 or more",1,True,True,1.0,0.6678099284619794
EAT2_W34,socioeco,inferred,,Inferred from occupation,low,"Less than $30,000","Less than $30,000",1,True,True,1.0,0.7401827470276807
EAT2_W34,socioeco,inferred,,Inferred from occupation,high,"$100,000 or more","Less than $30,000",1,False,False,0.0,0.8003034780000003
EAT5B_W34,socioeco,inferred,,Inferred from occupation,low,"Less than $30,000","$100,000 or more",1,False,False,0.0,0.39974753342770897
EAT5B_W34,socioeco,inferred,,Inferred from occupation,high,"$100,000 or more","$100,000 or more",1,True,True,1.0,0.5407094820337048
EAT5C_W34,socioeco,inferred,,Inferred from occupation,low,"Less than $30,000","$100,000 or more",1,False,False,0.0,0.8230742540000028
EAT5C_W34,socioeco,inferred,,Inferred from occupation,high,"$100,000 or more","$100,000 or more",1,True,True,1.0,0.823074593999998
EAT5D_W34,socioeco,inferred,,Inferred from occupation,low,"Less than $30,000","$100,000 or more",1,False,False,0.0,0.9846644678466515
EAT5D_W34,socioeco,inferred,,Inferred from occupation,high,"$100,000 or more","$100,000 or more",1,True,True,1.0,0.9846645278466444
EVOBIOA_W34,socioeco,inferred,,Inferred from occupation,low,"Less than $30,000","$100,000 or more",1,False,False,0.0,0.04779506
EVOBIOA_W34,socioeco,inferred,,Inferred from occupation,high,"$100,000 or more","$100,000 or more",1,True,True,1.0,0.04779506
EVOBIOB_W34,socioeco,inferred,,Inferred from occupation,low,"Less than $30,000","$100,000 or more",1,False,False,0.0,0.20321102999999996
EVOBIOB_W34,socioeco,inferred,,Inferred from occupation,high,"$100,000 or more","$100,000 or more",1,True,True,1.0,0.20321102999999996
EVOPERS3_W34,socioeco,inferred,,Inferred from occupation,low,"Less than $30,000","$100,000 or more",1,False,False,0.0,0.6585496405854967
EVOPERS3_W34,socioeco,inferred,,Inferred from occupation,high,"$100,000 or more","$100,000 or more",1,True,True,1.0,0.6585495565854969
EVOTHREE_W34,socioeco,inferred,,Inferred from occupation,low,"Less than $30,000","$100,000 or more",1,False,False,0.0,0.37475517600000197
EVOTHREE_W34,socioeco,inferred,,Inferred from occupation,high,"$100,000 or more","$100,000 or more",1,True,True,1.0,0.37475381199996793
FUD22_W34,socioeco,inferred,,Inferred from occupation,low,"Less than $30,000","Less than $30,000",1,True,True,1.0,0.45941873156345286
FUD22_W34,socioeco,inferred,,Inferred from occupation,high,"$100,000 or more","Less than $30,000",1,False,False,0.0,0.4475551142580463
FUD24_W34,socioeco,inferred,,Inferred from occupation,low,"Less than $30,000","$100,000 or more",1,False,False,0.0,0.15773078256407475
FUD24_W34,socioeco,inferred,,Inferred from occupation,high,"$100,000 or more","$100,000 or more",1,True,True,1.0,0.24572780995187649
FUD33B_W34,socioeco,inferred,,Inferred from occupation,low,"Less than $30,000","Less than $30,000",1,True,True,1.0,0.16156651500000002
FUD33B_W34,socioeco,inferred,,Inferred from occupation,high,"$100,000 or more","Less than $30,000",1,False,False,0.0,0.16156651500000002
FUD35_W34,socioeco,inferred,,Inferred from occupation,low,"Less than $30,000","$100,000 or more",1,False,False,0.0,0.7937693529980399
FUD35_W34,socioeco,inferred,,Inferred from occupation,high,"$100,000 or more","$100,000 or more",1,True,True,1.0,0.9324206169621243
FUD37A_W34,socioeco,inferred,,Inferred from occupation,low,"Less than $30,000","$100,000 or more",1,False,False,0.0,0.5006779576406677
FUD37A_W34,socioeco,inferred,,Inferred from occupation,high,"$100,000 or more","$100,000 or more",1,True,True,1.0,0.3712270269896701
FUD37B_W34,socioeco,inferred,,Inferred from occupation,low,"Less than $30,000","$100,000 or more",1,False,False,0.0,0.6678532679999968
FUD37B_W34,socioeco,inferred,,Inferred from occupation,high,"$100,000 or more","$100,000 or more",1,True,True,1.0,0.6678534220000176
FUD37C_W34,socioeco,inferred,,Inferred from occupation,low,"Less than $30,000","Less than $30,000",1,True,True,1.0,0.34234881512392795
FUD37C_W34,socioeco,inferred,,Inferred from occupation,high,"$100,000 or more","Less than $30,000",1,False,False,0.0,0.5487483187156866
BETTERBIZ1F2D_W36,socioeco,inferred,,Inferred from occupation,low,"Less than $30,000","$100,000 or more",1,False,False,0.0,0.14065105359348945
BETTERBIZ1F2D_W36,socioeco,inferred,,Inferred from occupation,high,"$100,000 or more","$100,000 or more",1,True,True,1.0,0.14065105359348945
BETTERBIZ1F2E_W36,socioeco,inferred,,Inferred from occupation,low,"Less than $30,000","$100,000 or more",1,False,False,0.0,0.234069815
BETTERBIZ1F2E_W36,socioeco,inferred,,Inferred from occupation,high,"$100,000 or more","$100,000 or more",1,True,True,1.0,0.234069815
BETTERBIZ1F2H_W36,socioeco,inferred,,Inferred from occupation,low,"Less than $30,000","$100,000 or more",1,False,False,0.0,0.15493684000000002
BETTERBIZ1F2H_W36,socioeco,inferred,,Inferred from occupation,high,"$100,000 or more","$100,000 or more",1,True,True,1.0,0.15493684000000002
BETTERBIZ2F2C_W36,socioeco,inferred,,Inferred from occupation,low,"Less than $30,000","$100,000 or more",1,False,False,0.0,0.08799359000000004
BETTERBIZ2F2C_W36,socioeco,inferred,,Inferred from occupation,high,"$100,000 or more","$100,000 or more",1,True,True,1.0,0.08799359000000004
BETTERBIZ2F2E_W36,socioeco,inferred,,Inferred from occupation,low,"Less than $30,000","$100,000 or more",1,False,False,0.0,0.09382997999999998
BETTERBIZ2F2E_W36,socioeco,inferred,,Inferred from occupation,high,"$100,000 or more","$100,000 or more",1,True,True,1.0,0.09382997999999998
BETTERBIZ2F2F_W36,socioeco,inferred,,Inferred from occupation,low,"Less than $30,000","$100,000 or more",1,False,False,0.0,0.20456850999999998
BETTERBIZ2F2F_W36,socioeco,inferred,,Inferred from occupation,high,"$100,000 or more","$100,000 or more",1,True,True,1.0,0.20456850999999998
BETTERPOL1F1B_W36,socioeco,inferred,,Inferred from occupation,low,"Less than $30,000","$100,000 or more",1,False,False,0.0,0.33443101999999997
BETTERPOL1F1B_W36,socioeco,inferred,,Inferred from occupation,high,"$100,000 or more","$100,000 or more",1,True,True,1.0,0.334431019
BETTERPOL1F1E_W36,socioeco,inferred,,Inferred from occupation,low,"Less than $30,000","$100,000 or more",1,False,False,0.0,0.22903589500000002
BETTERPOL1F1E_W36,socioeco,inferred,,Inferred from occupation,high,"$100,000 or more","$100,000 or more",1,True,True,1.0,0.22903589500000002
BETTERPOL1F1I_W36,socioeco,inferred,,Inferred from occupation,low,"Less than $30,000","$100,000 or more",1,False,False,0.0,0.24643723800000022
BETTERPOL1F1I_W36,socioeco,inferred,,Inferred from occupation,high,"$100,000 or more","$100,000 or more",1,True,True,1.0,0.24643723500000037
BETTERPOL2F1A_W36,socioeco,inferred,,Inferred from occupation,low,"Less than $30,000","$100,000 or more",1,False,False,0.0,0.10924539109245388
BETTERPOL2F1A_W36,socioeco,inferred,,Inferred from occupation,high,"$100,000 or more","$100,000 or more",1,True,True,1.0,0.10924539109245388
BETTERPOL2F1C_W36,socioeco,inferred,,Inferred from occupation,low,"Less than $30,000","$100,000 or more",1,False,False,0.0,0.17940398500000002
BETTERPOL2F1C_W36,socioeco,inferred,,Inferred from occupation,high,"$100,000 or more","$100,000 or more",1,True,True,1.0,0.17940398500000002
BETTERPOL2F1D_W36,socioeco,inferred,,Inferred from occupation,low,"Less than $30,000","$100,000 or more",1,False,False,0.0,0.17801408
BETTERPOL2F1D_W36,socioeco,inferred,,Inferred from occupation,high,"$100,000 or more","$100,000 or more",1,True,True,1.0,0.17801408
BETTERPOL2F1F_W36,socioeco,inferred,,Inferred from occupation,low,"Less than $30,000","$100,000 or more",1,False,False,0.0,0.19222949307770504
BETTERPOL2F1F_W36,socioeco,inferred,,Inferred from occupation,high,"$100,000 or more","$100,000 or more",1,True,True,1.0,0.19222949307770504
E5_W36,socioeco,inferred,,Inferred from occupation,low,"Less than $30,000","Less than $30,000",1,True,True,1.0,0.9705377480001146
E5_W36,socioeco,inferred,,Inferred from occupation,high,"$100,000 or more","Less than $30,000",1,False,False,0.0,0.9705398060000441
ESSENBIZF2E_W36,socioeco,inferred,,Inferred from occupation,low,"Less than $30,000","Less than $30,000",1,True,True,1.0,0.190530352
ESSENBIZF2E_W36,socioeco,inferred,,Inferred from occupation,high,"$100,000 or more","$100,000 or more",1,True,True,1.0,0.5031721502543174
ESSENBIZF2J_W36,socioeco,inferred,,Inferred from occupation,low,"Less than $30,000","$100,000 or more",1,False,False,0.0,0.08274318156394839
ESSENBIZF2J_W36,socioeco,inferred,,Inferred from occupation,high,"$100,000 or more","Less than $30,000",1,False,False,0.0,0.31804616399999996
ESSENPOLF1A_W36,socioeco,inferred,,Inferred from occupation,low,"Less than $30,000","$100,000 or more",1,False,False,0.0,0.05183551398851105
ESSENPOLF1A_W36,socioeco,inferred,,Inferred from occupation,high,"$100,000 or more","$100,000 or more",1,True,True,1.0,0.052460759999530926
ESSENPOLF1B_W36,socioeco,inferred,,Inferred from occupation,low,"Less than $30,000","$100,000 or more",1,False,False,0.0,0.634540397391736
ESSENPOLF1B_W36,socioeco,inferred,,Inferred from occupation,high,"$100,000 or more","$100,000 or more",1,True,True,1.0,0.6544868953536989
ESSENPOLF1D_W36,socioeco,inferred,,Inferred from occupation,low,"Less than $30,000","Less than $30,000",1,True,True,1.0,0.783945652279935
ESSENPOLF1D_W36,socioeco,inferred,,Inferred from occupation,high,"$100,000 or more","Less than $30,000",1,False,False,0.0,0.7965030559695474
ESSENPOLF1G_W36,socioeco,inferred,,Inferred from occupation,low,"Less than $30,000","Less than $30,000",1,True,True,1.0,0.49652635001675666
ESSENPOLF1G_W36,socioeco,inferred,,Inferred from occupation,high,"$100,000 or more","Less than $30,000",1,False,False,0.0,0.4951542862730095
ESSENPOLF1H_W36,socioeco,inferred,,Inferred from occupation,low,"Less than $30,000","$100,000 or more",1,False,False,0.0,0.34392663199999995
ESSENPOLF1H_W36,socioeco,inferred,,Inferred from occupation,high,"$100,000 or more","$100,000 or more",1,True,True,1.0,0.39821552599490195
HIGHEDWRNGB_W36,socioeco,inferred,,Inferred from occupation,low,"Less than $30,000","Less than $30,000",1,True,True,1.0,0.8625798171995915
HIGHEDWRNGB_W36,socioeco,inferred,,Inferred from occupation,high,"$100,000 or more","Less than $30,000",1,False,False,0.0,0.5330103198573082
HIGHEDWRNGC_W36,socioeco,inferred,,Inferred from occupation,low,"Less than $30,000","Less than $30,000",1,True,True,1.0,1.1464510014916156
HIGHEDWRNGC_W36,socioeco,inferred,,Inferred from occupation,high,"$100,000 or more","Less than $30,000",1,False,False,0.0,0.5935279978868648
IMPROVE1_W36,socioeco,inferred,,Inferred from occupation,low,"Less than $30,000","Less than $30,000",1,True,True,1.0,0.8895090800000341
IMPROVE1_W36,socioeco,inferred,,Inferred from occupation,high,"$100,000 or more","Less than $30,000",1,False,False,0.0,0.8895113920000183
IMPROVE2_W36,socioeco,inferred,,Inferred from occupation,low,"Less than $30,000","Less than $30,000",1,True,True,1.0,0.6949451762659469
IMPROVE2_W36,socioeco,inferred,,Inferred from occupation,high,"$100,000 or more","Less than $30,000",1,False,False,0.0,0.7078207579957825
IMPROVE3_W36,socioeco,inferred,,Inferred from occupation,low,"Less than $30,000","Less than $30,000",1,True,True,1.0,1.0273144400169716
IMPROVE3_W36,socioeco,inferred,,Inferred from occupation,high,"$100,000 or more","Less than $30,000",1,False,False,0.0,1.028206603999797
MOREWMN1F2_W36,socioeco,inferred,,Inferred from occupation,low,"Less than $30,000","$100,000 or more",1,False,False,0.0,0.01910080946195486
MOREWMN1F2_W36,socioeco,inferred,,Inferred from occupation,high,"$100,000 or more","Less than $30,000",1,False,False,0.0,0.08325302612609098
POLCHF1_W36,socioeco,inferred,,Inferred from occupation,low,"Less than $30,000","Less than $30,000",1,True,True,1.0,0.6514361834856381
POLCHF1_W36,socioeco,inferred,,Inferred from occupation,high,"$100,000 or more","Less than $30,000",1,False,False,0.0,0.6514361834856381
TRAITBIZMF2C_W36,socioeco,inferred,,Inferred from occupation,low,"Less than $30,000","$100,000 or more",1,False,False,0.0,0.08285917200000775
TRAITBIZMF2C_W36,socioeco,inferred,,Inferred from occupation,high,"$100,000 or more","$100,000 or more",1,True,True,1.0,0.08285971399999997
TRAITBIZMF2D_W36,socioeco,inferred,,Inferred from occupation,low,"Less than $30,000","$100,000 or more",1,False,False,0.0,0.2099679201088152
TRAITBIZMF2D_W36,socioeco,inferred,,Inferred from occupation,high,"$100,000 or more","$100,000 or more",1,True,True,1.0,0.21022147110221517
TRAITBIZMF2E_W36,socioeco,inferred,,Inferred from occupation,low,"Less than $30,000","$100,000 or more",1,False,False,0.0,0.081153773000744
TRAITBIZMF2E_W36,socioeco,inferred,,Inferred from occupation,high,"$100,000 or more","$100,000 or more",1,True,True,1.0,0.08118462000000509
TRAITBIZMF2G_W36,socioeco,inferred,,Inferred from occupation,low,"Less than $30,000","Less than $30,000",1,True,True,1.0,0.2787639240207811
TRAITBIZMF2G_W36,socioeco,inferred,,Inferred from occupation,high,"$100,000 or more","Less than $30,000",1,False,False,0.0,0.2772995971541711
TRAITBIZWF2C_W36,socioeco,inferred,,Inferred from occupation,low,"Less than $30,000","Less than $30,000",1,True,True,1.0,0.3194478340072278
TRAITBIZWF2C_W36,socioeco,inferred,,Inferred from occupation,high,"$100,000 or more","Less than $30,000",1,False,False,0.0,0.31995836899983954
TRAITBIZWF2D_W36,socioeco,inferred,,Inferred from occupation,low,"Less than $30,000","Less than $30,000",1,True,True,1.0,0.24778487752283074
TRAITBIZWF2D_W36,socioeco,inferred,,Inferred from occupation,high,"$100,000 or more","Less than $30,000",1,False,False,0.0,0.247852755521474
TRAITBIZWF2E_W36,socioeco,inferred,,Inferred from occupation,low,"Less than $30,000","$100,000 or more",1,False,False,0.0,0.33933173200095496
TRAITBIZWF2E_W36,socioeco,inferred,,Inferred from occupation,high,"$100,000 or more","$100,000 or more",1,True,True,1.0,0.3393656979999991
TRAITBIZWF2G_W36,socioeco,inferred,,Inferred from occupation,low,"Less than $30,000","Less than $30,000",1,True,True,1.0,0.7488298568476082
TRAITBIZWF2G_W36,socioeco,inferred,,Inferred from occupation,high,"$100,000 or more","Less than $30,000",1,False,False,0.0,0.7054176352876577
TRAITPOLMF1B_W36,socioeco,inferred,,Inferred from occupation,low,"Less than $30,000","$100,000 or more",1,False,False,0.0,0.19959914292524616
TRAITPOLMF1B_W36,socioeco,inferred,,Inferred from occupation,high,"$100,000 or more","$100,000 or more",1,True,True,1.0,0.26872549399439455
TRAITPOLMF1C_W36,socioeco,inferred,,Inferred from occupation,low,"Less than $30,000","$100,000 or more",1,False,False,0.0,0.1316203865211526
TRAITPOLMF1C_W36,socioeco,inferred,,Inferred from occupation,high,"$100,000 or more","$100,000 or more",1,True,True,1.0,0.15391322454001544
TRAITPOLMF1D_W36,socioeco,inferred,,Inferred from occupation,low,"Less than $30,000","$100,000 or more",1,False,False,0.0,0.15061684400002012
TRAITPOLMF1D_W36,socioeco,inferred,,Inferred from occupation,high,"$100,000 or more","$100,000 or more",1,True,True,1.0,0.15061790199999953
TRAITPOLMF1E_W36,socioeco,inferred,,Inferred from occupation,low,"Less than $30,000","$100,000 or more",1,False,False,0.0,0.06765148102707796
TRAITPOLMF1E_W36,socioeco,inferred,,Inferred from occupation,high,"$100,000 or more","$100,000 or more",1,True,True,1.0,0.06860977800021056
TRAITPOLMF1F_W36,socioeco,inferred,,Inferred from occupation,low,"Less than $30,000","$100,000 or more",1,False,False,0.0,0.34735729240496155
TRAITPOLMF1F_W36,socioeco,inferred,,Inferred from occupation,high,"$100,000 or more","$100,000 or more",1,True,True,1.0,0.3427226007986369
TRAITPOLMF1G_W36,socioeco,inferred,,Inferred from occupation,low,"Less than $30,000","$100,000 or more",1,False,False,0.0,0.020146720722342082
TRAITPOLMF1G_W36,socioeco,inferred,,Inferred from occupation,high,"$100,000 or more","$100,000 or more",1,True,True,1.0,0.05850820964412501
TRAITPOLWF1A_W36,socioeco,inferred,,Inferred from occupation,low,"Less than $30,000","$100,000 or more",1,False,False,0.0,0.24501378645044258
TRAITPOLWF1A_W36,socioeco,inferred,,Inferred from occupation,high,"$100,000 or more","$100,000 or more",1,True,True,1.0,0.24504757345044104
TRAITPOLWF1C_W36,socioeco,inferred,,Inferred from occupation,low,"Less than $30,000","Less than $30,000",1,True,True,1.0,0.298134252657189
TRAITPOLWF1C_W36,socioeco,inferred,,Inferred from occupation,high,"$100,000 or more","Less than $30,000",1,False,False,0.0,0.32678472421513904
TRAITPOLWF1D_W36,socioeco,inferred,,Inferred from occupation,low,"Less than $30,000","$100,000 or more",1,False,False,0.0,0.11055046600000629
TRAITPOLWF1D_W36,socioeco,inferred,,Inferred from occupation,high,"$100,000 or more","$100,000 or more",1,True,True,1.0,0.11055067400000046
TRAITPOLWF1E_W36,socioeco,inferred,,Inferred from occupation,low,"Less than $30,000","Less than $30,000",1,True,True,1.0,0.35129610048562876
TRAITPOLWF1E_W36,socioeco,inferred,,Inferred from occupation,high,"$100,000 or more","Less than $30,000",1,False,False,0.0,0.35132237848677633
TRAITPOLWF1F_W36,socioeco,inferred,,Inferred from occupation,low,"Less than $30,000","$100,000 or more",1,False,False,0.0,0.2508270351628314
TRAITPOLWF1F_W36,socioeco,inferred,,Inferred from occupation,high,"$100,000 or more","$100,000 or more",1,True,True,1.0,0.2640549907252011
TRAITPOLWF1G_W36,socioeco,inferred,,Inferred from occupation,low,"Less than $30,000","Less than $30,000",1,True,True,1.0,0.37537412313038326
TRAITPOLWF1G_W36,socioeco,inferred,,Inferred from occupation,high,"$100,000 or more","Less than $30,000",1,False,False,0.0,0.566248488083716
WHYNOTBIZF2A_W36,socioeco,inferred,,Inferred from occupation,low,"Less than $30,000","Less than $30,000",1,True,True,1.0,0.532063257486912
WHYNOTBIZF2A_W36,socioeco,inferred,,Inferred from occupation,high,"$100,000 or more","Less than $30,000",1,False,False,0.0,0.5541963119928652
WHYNOTBIZF2B_W36,socioeco,inferred,,Inferred from occupation,low,"Less than $30,000","Less than $30,000",1,True,True,1.0,0.5428266279999905
WHYNOTBIZF2B_W36,socioeco,inferred,,Inferred from occupation,high,"$100,000 or more","Less than $30,000",1,False,False,0.0,0.5428288159999994
WHYNOTBIZF2D_W36,socioeco,inferred,,Inferred from occupation,low,"Less than $30,000","Less than $30,000",1,True,True,1.0,0.3046658552446625
WHYNOTBIZF2D_W36,socioeco,inferred,,Inferred from occupation,high,"$100,000 or more","Less than $30,000",1,False,False,0.0,0.4746676830219216
WHYNOTBIZF2F_W36,socioeco,inferred,,Inferred from occupation,low,"Less than $30,000","$100,000 or more",1,False,False,0.0,0.10010093569773312
WHYNOTBIZF2F_W36,socioeco,inferred,,Inferred from occupation,high,"$100,000 or more","$100,000 or more",1,True,True,1.0,0.17021319475979715
WHYNOTBIZF2G_W36,socioeco,inferred,,Inferred from occupation,low,"Less than $30,000","Less than $30,000",1,True,True,1.0,1.021745
WHYNOTBIZF2G_W36,socioeco,inferred,,Inferred from occupation,high,"$100,000 or more","Less than $30,000",1,False,False,0.0,1.0235271219926507
WHYNOTBIZF2H_W36,socioeco,inferred,,Inferred from occupation,low,"Less than $30,000","Less than $30,000",1,True,True,1.0,0.5103165051035011
WHYNOTBIZF2H_W36,socioeco,inferred,,Inferred from occupation,high,"$100,000 or more","Less than $30,000",1,False,False,0.0,0.5103300311033986
WHYNOTBIZF2J_W36,socioeco,inferred,,Inferred from occupation,low,"Less than $30,000","Less than $30,000",1,True,True,1.0,0.8148411478515891
WHYNOTBIZF2J_W36,socioeco,inferred,,Inferred from occupation,high,"$100,000 or more","Less than $30,000",1,False,False,0.0,0.8148414578515835
WHYNOTBIZF2M_W36,socioeco,inferred,,Inferred from occupation,low,"Less than $30,000","Less than $30,000",1,True,True,1.0,0.7455635089834123
WHYNOTBIZF2M_W36,socioeco,inferred,,Inferred from occupation,high,"$100,000 or more","Less than $30,000",1,False,False,0.0,1.0269674890462057
WHYNOTBIZF2N_W36,socioeco,inferred,,Inferred from occupation,low,"Less than $30,000","$100,000 or more",1,False,False,0.0,1.120683945999727
WHYNOTBIZF2N_W36,socioeco,inferred,,Inferred from occupation,high,"$100,000 or more","$100,000 or more",1,True,True,1.0,1.1207071420000903
WHYNOTBIZF2O_W36,socioeco,inferred,,Inferred from occupation,low,"Less than $30,000","Less than $30,000",1,True,True,1.0,0.6467031260000006
WHYNOTBIZF2O_W36,socioeco,inferred,,Inferred from occupation,high,"$100,000 or more","Less than $30,000",1,False,False,0.0,0.6467031340000001
WHYNOTPOLF1A_W36,socioeco,inferred,,Inferred from occupation,low,"Less than $30,000","Less than $30,000",1,True,True,1.0,0.6665184603616847
WHYNOTPOLF1A_W36,socioeco,inferred,,Inferred from occupation,high,"$100,000 or more","Less than $30,000",1,False,False,0.0,0.7024402689831183
WHYNOTPOLF1B_W36,socioeco,inferred,,Inferred from occupation,low,"Less than $30,000","Less than $30,000",1,True,True,1.0,0.6635664106356828
WHYNOTPOLF1B_W36,socioeco,inferred,,Inferred from occupation,high,"$100,000 or more","Less than $30,000",1,False,False,0.0,0.6635667126356681
WHYNOTPOLF1C_W36,socioeco,inferred,,Inferred from occupation,low,"Less than $30,000","$100,000 or more",1,False,False,0.0,0.7394286753942426
WHYNOTPOLF1C_W36,socioeco,inferred,,Inferred from occupation,high,"$100,000 or more","$100,000 or more",1,True,True,1.0,0.7394318453943234
WHYNOTPOLF1E_W36,socioeco,inferred,,Inferred from occupation,low,"Less than $30,000","Less than $30,000",1,True,True,1.0,0.5842889832690927
WHYNOTPOLF1E_W36,socioeco,inferred,,Inferred from occupation,high,"$100,000 or more","Less than $30,000",1,False,False,0.0,0.9875040002152563
WHYNOTPOLF1G_W36,socioeco,inferred,,Inferred from occupation,low,"Less than $30,000","Less than $30,000",1,True,True,1.0,0.7390845729924176
WHYNOTPOLF1G_W36,socioeco,inferred,,Inferred from occupation,high,"$100,000 or more","Less than $30,000",1,False,False,0.0,0.8461840359648309
WHYNOTPOLF1I_W36,socioeco,inferred,,Inferred from occupation,low,"Less than $30,000","$100,000 or more",1,False,False,0.0,0.9823339056637147
WHYNOTPOLF1I_W36,socioeco,inferred,,Inferred from occupation,high,"$100,000 or more","$100,000 or more",1,True,True,1.0,0.9952847761964563
WHYNOTPOLF1J_W36,socioeco,inferred,,Inferred from occupation,low,"Less than $30,000","$100,000 or more",1,False,False,0.0,0.7186505391857815
WHYNOTPOLF1J_W36,socioeco,inferred,,Inferred from occupation,high,"$100,000 or more","$100,000 or more",1,True,True,1.0,0.7187200931872573
WHYNOTPOLF1K_W36,socioeco,inferred,,Inferred from occupation,low,"Less than $30,000","$100,000 or more",1,False,False,0.0,0.226642851570943
WHYNOTPOLF1K_W36,socioeco,inferred,,Inferred from occupation,high,"$100,000 or more","$100,000 or more",1,True,True,1.0,0.3622832935307748
WHYNOTPOLF1L_W36,socioeco,inferred,,Inferred from occupation,low,"Less than $30,000","Less than $30,000",1,True,True,1.0,0.6961635249616536
WHYNOTPOLF1L_W36,socioeco,inferred,,Inferred from occupation,high,"$100,000 or more","Less than $30,000",1,False,False,0.0,0.6961677329616824
WMNPRZ1_W36,socioeco,inferred,,Inferred from occupation,low,"Less than $30,000","Less than $30,000",1,True,True,1.0,0.5926129160134985
WMNPRZ1_W36,socioeco,inferred,,Inferred from occupation,high,"$100,000 or more","Less than $30,000",1,False,False,0.0,0.5923742479904686
AUTOLKLY_W41,socioeco,inferred,,Inferred from occupation,low,"Less than $30,000","Less than $30,000",1,True,True,1.0,0.8876712511557808
AUTOLKLY_W41,socioeco,inferred,,Inferred from occupation,high,"$100,000 or more","Less than $30,000",1,False,False,0.0,0.8862482131094833
AUTOWKPLC_W41,socioeco,inferred,,Inferred from occupation,low,"Less than $30,000","Less than $30,000",1,True,True,1.0,0.388351718
AUTOWKPLC_W41,socioeco,inferred,,Inferred from occupation,high,"$100,000 or more","Less than $30,000",1,False,False,0.0,0.38658035798222923
ETHNCMAJMOD_W41,socioeco,inferred,,Inferred from occupation,low,"Less than $30,000","$100,000 or more",1,False,False,0.0,0.7891741878725366
ETHNCMAJMOD_W41,socioeco,inferred,,Inferred from occupation,high,"$100,000 or more","$100,000 or more",1,True,True,1.0,1.1023709015284169
FTRWORRYc_W41,socioeco,inferred,,Inferred from occupation,low,"Less than $30,000","Less than $30,000",1,True,True,1.0,0.550560919588209
FTRWORRYc_W41,socioeco,inferred,,Inferred from occupation,high,"$100,000 or more","$100,000 or more",1,True,True,1.0,0.6207954608378775
FTRWORRYe_W41,socioeco,inferred,,Inferred from occupation,low,"Less than $30,000","$100,000 or more",1,False,False,0.0,1.1252775802729555
FTRWORRYe_W41,socioeco,inferred,,Inferred from occupation,high,"$100,000 or more","$100,000 or more",1,True,True,1.0,1.1642247059963535
FTRWORRYf_W41,socioeco,inferred,,Inferred from occupation,low,"Less than $30,000","Less than $30,000",1,True,True,1.0,0.7263204767367955
FTRWORRYf_W41,socioeco,inferred,,Inferred from occupation,high,"$100,000 or more","Less than $30,000",1,False,False,0.0,0.8712731092620608
FUTRCLASSb_W41,socioeco,inferred,,Inferred from occupation,low,"Less than $30,000","$100,000 or more",1,False,False,0.0,0.3677425286776328
FUTRCLASSb_W41,socioeco,inferred,,Inferred from occupation,high,"$100,000 or more","$100,000 or more",1,True,True,1.0,0.36775859967760577
FUTRCLASSc_W41,socioeco,inferred,,Inferred from occupation,low,"Less than $30,000","$100,000 or more",1,False,False,0.0,0.21951718499999456
FUTRCLASSc_W41,socioeco,inferred,,Inferred from occupation,high,"$100,000 or more","$100,000 or more",1,True,True,1.0,0.21951642599998056
FUTR_DIV_W41,socioeco,inferred,,Inferred from occupation,low,"Less than $30,000","Less than $30,000",1,True,True,1.0,0.5478893824611654
FUTR_DIV_W41,socioeco,inferred,,Inferred from occupation,high,"$100,000 or more","Less than $30,000",1,False,False,0.0,0.5552973334057115
GOVPRIOb_W41,socioeco,inferred,,Inferred from occupation,low,"Less than $30,000","Less than $30,000",1,True,True,1.0,0.5271698712717594
GOVPRIOb_W41,socioeco,inferred,,Inferred from occupation,high,"$100,000 or more","Less than $30,000",1,False,False,0.0,0.5271975272720497
GOVPRIOc_W41,socioeco,inferred,,Inferred from occupation,low,"Less than $30,000","Less than $30,000",1,True,True,1.0,0.362344306000002
GOVPRIOc_W41,socioeco,inferred,,Inferred from occupation,high,"$100,000 or more","Less than $30,000",1,False,False,0.0,0.36234435999999937
GOVPRIOe_W41,socioeco,inferred,,Inferred from occupation,low,"Less than $30,000","Less than $30,000",1,True,True,1.0,0.647084744000117
GOVPRIOe_W41,socioeco,inferred,,Inferred from occupation,high,"$100,000 or more","Less than $30,000",1,False,False,0.0,0.6470947640000917
GOVPRIOfF1_W41,socioeco,inferred,,Inferred from occupation,low,"Less than $30,000","$100,000 or more",1,False,False,0.0,0.5387304154673772
GOVPRIOfF1_W41,socioeco,inferred,,Inferred from occupation,high,"$100,000 or more","$100,000 or more",1,True,True,1.0,0.7315405328097563
GOVPRIOgF1_W41,socioeco,inferred,,Inferred from occupation,low,"Less than $30,000","$100,000 or more",1,False,False,0.0,0.9757043120329265
GOVPRIOgF1_W41,socioeco,inferred,,Inferred from occupation,high,"$100,000 or more","$100,000 or more",1,True,True,1.0,0.9539287371471638
GOVPRIOhF1_W41,socioeco,inferred,,Inferred from occupation,low,"Less than $30,000","$100,000 or more",1,False,False,0.0,0.8969142627803085
GOVPRIOhF1_W41,socioeco,inferred,,Inferred from occupation,high,"$100,000 or more","$100,000 or more",1,True,True,1.0,0.9104970451155717
GOVPRIOiF1_W41,socioeco,inferred,,Inferred from occupation,low,"Less than $30,000","$100,000 or more",1,False,False,0.0,0.4351663123309211
GOVPRIOiF1_W41,socioeco,inferred,,Inferred from occupation,high,"$100,000 or more","$100,000 or more",1,True,True,1.0,0.38216995199999987
GOVPRIOjF1_W41,socioeco,inferred,,Inferred from occupation,low,"Less than $30,000","Less than $30,000",1,True,True,1.0,0.5989665074138675
GOVPRIOjF1_W41,socioeco,inferred,,Inferred from occupation,high,"$100,000 or more","Less than $30,000",1,False,False,0.0,0.6044378478070878
GOVPRIOkF2_W41,socioeco,inferred,,Inferred from occupation,low,"Less than $30,000","$100,000 or more",1,False,False,0.0,1.0042909379570908
GOVPRIOkF2_W41,socioeco,inferred,,Inferred from occupation,high,"$100,000 or more","$100,000 or more",1,True,True,1.0,1.0042762359574917
GOVPRIOlF2_W41,socioeco,inferred,,Inferred from occupation,low,"Less than $30,000","$100,000 or more",1,False,False,0.0,0.6220386320218914
GOVPRIOlF2_W41,socioeco,inferred,,Inferred from occupation,high,"$100,000 or more","$100,000 or more",1,True,True,1.0,0.6175318818695157
GOVPRIOmF2_W41,socioeco,inferred,,Inferred from occupation,low,"Less than $30,000","Less than $30,000",1,True,True,1.0,0.4898247135740932
GOVPRIOmF2_W41,socioeco,inferred,,Inferred from occupation,high,"$100,000 or more","Less than $30,000",1,False,False,0.0,0.5058858561943108
GOVPRIOnF2_W41,socioeco,inferred,,Inferred from occupation,low,"Less than $30,000","Less than $30,000",1,True,True,1.0,0.6226614284903887
GOVPRIOnF2_W41,socioeco,inferred,,Inferred from occupation,high,"$100,000 or more","Less than $30,000",1,False,False,0.0,0.8084858730919322
GOVPRIOoF2_W41,socioeco,inferred,,Inferred from occupation,low,"Less than $30,000","Less than $30,000",1,True,True,1.0,0.6372896399999997
GOVPRIOoF2_W41,socioeco,inferred,,Inferred from occupation,high,"$100,000 or more","Less than $30,000",1,False,False,0.0,0.6372896399999997
HAPPEN2b_W41,socioeco,inferred,,Inferred from occupation,low,"Less than $30,000","Less than $30,000",1,True,True,1.0,0.56155428
HAPPEN2b_W41,socioeco,inferred,,Inferred from occupation,high,"$100,000 or more","Less than $30,000",1,False,False,0.0,0.56155428
HAPPEN2f_W41,socioeco,inferred,,Inferred from occupation,low,"Less than $30,000","$100,000 or more",1,False,False,0.0,0.45400065545999413
HAPPEN2f_W41,socioeco,inferred,,Inferred from occupation,high,"$100,000 or more","$100,000 or more",1,True,True,1.0,0.4540006534599943
HARASS1F1b_W41,socioeco,inferred,,Inferred from occupation,low,"Less than $30,000","Less than $30,000",1,True,True,1.0,0.5355979799986598
HARASS1F1b_W41,socioeco,inferred,,Inferred from occupation,high,"$100,000 or more","Less than $30,000",1,False,False,0.0,0.5356128620001545
HARASS1F1d_W41,socioeco,inferred,,Inferred from occupation,low,"Less than $30,000","Less than $30,000",1,True,True,1.0,0.39996257200000007
HARASS1F1d_W41,socioeco,inferred,,Inferred from occupation,high,"$100,000 or more","Less than $30,000",1,False,False,0.0,0.3999625680000002
HARASS1NOWRKF2d_W41,socioeco,inferred,,Inferred from occupation,low,"Less than $30,000","Less than $30,000",1,True,True,1.0,0.39267345200000014
HARASS1NOWRKF2d_W41,socioeco,inferred,,Inferred from occupation,high,"$100,000 or more","Less than $30,000",1,False,False,0.0,0.39267345600000003
HARASS3NOWRKF2_W41,socioeco,inferred,,Inferred from occupation,low,"Less than $30,000","$100,000 or more",1,False,False,0.0,0.3112557749991735
HARASS3NOWRKF2_W41,socioeco,inferred,,Inferred from occupation,high,"$100,000 or more","$100,000 or more",1,True,True,1.0,0.311459235000019
INTRMAR_W41,socioeco,inferred,,Inferred from occupation,low,"Less than $30,000","$100,000 or more",1,False,False,0.0,0.7400888868287938
INTRMAR_W41,socioeco,inferred,,Inferred from occupation,high,"$100,000 or more","$100,000 or more",1,True,True,1.0,0.8659522907193137
LEGALIMG_W41,socioeco,inferred,,Inferred from occupation,low,"Less than $30,000","$100,000 or more",1,False,False,0.0,0.7568365178214933
LEGALIMG_W41,socioeco,inferred,,Inferred from occupation,high,"$100,000 or more","$100,000 or more",1,True,True,1.0,0.7695288999990707
SOLVPROBa_W41,socioeco,inferred,,Inferred from occupation,low,"Less than $30,000","$100,000 or more",1,False,False,0.0,0.5365121539999941
SOLVPROBa_W41,socioeco,inferred,,Inferred from occupation,high,"$100,000 or more","$100,000 or more",1,True,True,1.0,0.5365151779999985
SOLVPROBb_W41,socioeco,inferred,,Inferred from occupation,low,"Less than $30,000","$100,000 or more",1,False,False,0.0,0.7332990232800856
SOLVPROBb_W41,socioeco,inferred,,Inferred from occupation,high,"$100,000 or more","$100,000 or more",1,True,True,1.0,0.7234571044593839
SOLVPROBc_W41,socioeco,inferred,,Inferred from occupation,low,"Less than $30,000","Less than $30,000",1,True,True,1.0,0.7139045759999398
SOLVPROBc_W41,socioeco,inferred,,Inferred from occupation,high,"$100,000 or more","Less than $30,000",1,False,False,0.0,0.7137893600000002
SOLVPROBdF1_W41,socioeco,inferred,,Inferred from occupation,low,"Less than $30,000","$100,000 or more",1,False,False,0.0,0.7260278379817233
SOLVPROBdF1_W41,socioeco,inferred,,Inferred from occupation,high,"$100,000 or more","$100,000 or more",1,True,True,1.0,0.7276407679932837
SOLVPROBf_W41,socioeco,inferred,,Inferred from occupation,low,"Less than $30,000","$100,000 or more",1,False,False,0.0,0.8547447902337506
SOLVPROBf_W41,socioeco,inferred,,Inferred from occupation,high,"$100,000 or more","$100,000 or more",1,True,True,1.0,0.8283361372326205
SOLVPROBg_W41,socioeco,inferred,,Inferred from occupation,low,"Less than $30,000","$100,000 or more",1,False,False,0.0,0.4291928817440467
SOLVPROBg_W41,socioeco,inferred,,Inferred from occupation,high,"$100,000 or more","$100,000 or more",1,True,True,1.0,0.507678115286775
SOLVPROBh_W41,socioeco,inferred,,Inferred from occupation,low,"Less than $30,000","Less than $30,000",1,True,True,1.0,0.9486093840001582
SOLVPROBh_W41,socioeco,inferred,,Inferred from occupation,high,"$100,000 or more","Less than $30,000",1,False,False,0.0,0.9486301719999115
CONFb_W42,socioeco,inferred,,Inferred from occupation,low,"Less than $30,000","$100,000 or more",1,False,False,0.0,0.7487290080969592
CONFb_W42,socioeco,inferred,,Inferred from occupation,high,"$100,000 or more","$100,000 or more",1,True,True,1.0,0.7509378960304062
CONFc_W42,socioeco,inferred,,Inferred from occupation,low,"Less than $30,000","$100,000 or more",1,False,False,0.0,0.4132158485437528
CONFc_W42,socioeco,inferred,,Inferred from occupation,high,"$100,000 or more","$100,000 or more",1,True,True,1.0,0.5064588066252551
CONFe_W42,socioeco,inferred,,Inferred from occupation,low,"Less than $30,000","$100,000 or more",1,False,False,0.0,0.8305279056952658
CONFe_W42,socioeco,inferred,,Inferred from occupation,high,"$100,000 or more","$100,000 or more",1,True,True,1.0,0.8304250716970804
CONFg_W42,socioeco,inferred,,Inferred from occupation,low,"Less than $30,000","$100,000 or more",1,False,False,0.0,0.6068094240000252
CONFg_W42,socioeco,inferred,,Inferred from occupation,high,"$100,000 or more","$100,000 or more",1,True,True,1.0,0.6064881440038858
PQ4_F2Aa_W42,socioeco,inferred,,Inferred from occupation,low,"Less than $30,000","$100,000 or more",1,False,False,0.0,0.42108744800027986
PQ4_F2Aa_W42,socioeco,inferred,,Inferred from occupation,high,"$100,000 or more","$100,000 or more",1,True,True,1.0,0.42100506599694965
PQ4_F2Ac_W42,socioeco,inferred,,Inferred from occupation,low,"Less than $30,000","$100,000 or more",1,False,False,0.0,1.2798309631998968
PQ4_F2Ac_W42,socioeco,inferred,,Inferred from occupation,high,"$100,000 or more","$100,000 or more",1,True,True,1.0,1.0856019735325504
PQ4_F2Ae_W42,socioeco,inferred,,Inferred from occupation,low,"Less than $30,000","$100,000 or more",1,False,False,0.0,0.2793125299999999
PQ4_F2Ae_W42,socioeco,inferred,,Inferred from occupation,high,"$100,000 or more","$100,000 or more",1,True,True,1.0,0.2793125299999999
PQ4_F2Bb_W42,socioeco,inferred,,Inferred from occupation,low,"Less than $30,000","$100,000 or more",1,False,False,0.0,0.7316811339999832
PQ4_F2Bb_W42,socioeco,inferred,,Inferred from occupation,high,"$100,000 or more","$100,000 or more",1,True,True,1.0,0.7316814980000054
PQ4_F2Bc_W42,socioeco,inferred,,Inferred from occupation,low,"Less than $30,000","$100,000 or more",1,False,False,0.0,1.2618359333816147
PQ4_F2Bc_W42,socioeco,inferred,,Inferred from occupation,high,"$100,000 or more","$100,000 or more",1,True,True,1.0,1.2618372713816122
PQ4_F2Bd_W42,socioeco,inferred,,Inferred from occupation,low,"Less than $30,000","$100,000 or more",1,False,False,0.0,0.6654204060235629
PQ4_F2Bd_W42,socioeco,inferred,,Inferred from occupation,high,"$100,000 or more","$100,000 or more",1,True,True,1.0,0.4966769574057599
PQ4_F2Cc_W42,socioeco,inferred,,Inferred from occupation,low,"Less than $30,000","$100,000 or more",1,False,False,0.0,1.1443095019997285
PQ4_F2Cc_W42,socioeco,inferred,,Inferred from occupation,high,"$100,000 or more","$100,000 or more",1,True,True,1.0,1.1443700339998382
PQ8_F2B_W42,socioeco,inferred,,Inferred from occupation,low,"Less than $30,000","Less than $30,000",1,True,True,1.0,0.4892286316546271
PQ8_F2B_W42,socioeco,inferred,,Inferred from occupation,high,"$100,000 or more","Less than $30,000",1,False,False,0.0,0.6329520764213746
RQ1_F1B_W42,socioeco,inferred,,Inferred from occupation,low,"Less than $30,000","$100,000 or more",1,False,False,0.0,0.1349577364501704
RQ1_F1B_W42,socioeco,inferred,,Inferred from occupation,high,"$100,000 or more","$100,000 or more",1,True,True,1.0,0.22831241500024763
RQ1_F1C_W42,socioeco,inferred,,Inferred from occupation,low,"Less than $30,000","$100,000 or more",1,False,False,0.0,0.09918631899687325
RQ1_F1C_W42,socioeco,inferred,,Inferred from occupation,high,"$100,000 or more","$100,000 or more",1,True,True,1.0,0.1539799654195914
RQ2_F1A_W42,socioeco,inferred,,Inferred from occupation,low,"Less than $30,000","$100,000 or more",1,False,False,0.0,0.33553875400000277
RQ2_F1A_W42,socioeco,inferred,,Inferred from occupation,high,"$100,000 or more","$100,000 or more",1,True,True,1.0,0.33554000599999856
RQ4_F1Ab_W42,socioeco,inferred,,Inferred from occupation,low,"Less than $30,000","$100,000 or more",1,False,False,0.0,0.6683904799999986
RQ4_F1Ab_W42,socioeco,inferred,,Inferred from occupation,high,"$100,000 or more","$100,000 or more",1,True,True,1.0,0.6683901640000023
RQ4_F1Ae_W42,socioeco,inferred,,Inferred from occupation,low,"Less than $30,000","$100,000 or more",1,False,False,0.0,0.7157149308428505
RQ4_F1Ae_W42,socioeco,inferred,,Inferred from occupation,high,"$100,000 or more","$100,000 or more",1,True,True,1.0,0.7157149308428505
RQ4_F1Ba_W42,socioeco,inferred,,Inferred from occupation,low,"Less than $30,000","$100,000 or more",1,False,False,0.0,0.5487332958842095
RQ4_F1Ba_W42,socioeco,inferred,,Inferred from occupation,high,"$100,000 or more","$100,000 or more",1,True,True,1.0,0.5954751352405017
RQ4_F1Bc_W42,socioeco,inferred,,Inferred from occupation,low,"Less than $30,000","$100,000 or more",1,False,False,0.0,1.2558214740000089
RQ4_F1Bc_W42,socioeco,inferred,,Inferred from occupation,high,"$100,000 or more","$100,000 or more",1,True,True,1.0,1.2558213279999813
RQ4_F1Bd_W42,socioeco,inferred,,Inferred from occupation,low,"Less than $30,000","$100,000 or more",1,False,False,0.0,1.015232511908362
RQ4_F1Bd_W42,socioeco,inferred,,Inferred from occupation,high,"$100,000 or more","$100,000 or more",1,True,True,1.0,1.0492431816624115
RQ4_F1Be_W42,socioeco,inferred,,Inferred from occupation,low,"Less than $30,000","$100,000 or more",1,False,False,0.0,0.7139863560000003
RQ4_F1Be_W42,socioeco,inferred,,Inferred from occupation,high,"$100,000 or more","$100,000 or more",1,True,True,1.0,0.7139863600000002
RQ4_F1Ca_W42,socioeco,inferred,,Inferred from occupation,low,"Less than $30,000","$100,000 or more",1,False,False,0.0,0.749915365055745
RQ4_F1Ca_W42,socioeco,inferred,,Inferred from occupation,high,"$100,000 or more","$100,000 or more",1,True,True,1.0,0.7270857380821065
RQ4_F1Cb_W42,socioeco,inferred,,Inferred from occupation,low,"Less than $30,000","$100,000 or more",1,False,False,0.0,0.9206869740000023
RQ4_F1Cb_W42,socioeco,inferred,,Inferred from occupation,high,"$100,000 or more","$100,000 or more",1,True,True,1.0,0.9206867420000111
RQ4_F1Cd_W42,socioeco,inferred,,Inferred from occupation,low,"Less than $30,000","Less than $30,000",1,True,True,1.0,1.1876733774519215
RQ4_F1Cd_W42,socioeco,inferred,,Inferred from occupation,high,"$100,000 or more","Less than $30,000",1,False,False,0.0,1.305244506406453
RQ5_F1B_W42,socioeco,inferred,,Inferred from occupation,low,"Less than $30,000","Less than $30,000",1,True,True,1.0,0.38766008644657757
RQ5_F1B_W42,socioeco,inferred,,Inferred from occupation,high,"$100,000 or more","Less than $30,000",1,False,False,0.0,0.5682866857693188
RQ5_F1C_W42,socioeco,inferred,,Inferred from occupation,low,"Less than $30,000","$100,000 or more",1,False,False,0.0,0.5626328570271046
RQ5_F1C_W42,socioeco,inferred,,Inferred from occupation,high,"$100,000 or more","$100,000 or more",1,True,True,1.0,0.6434733853538123
IDIMPORT_W43,socioeco,inferred,,Inferred from occupation,low,"Less than $30,000","$100,000 or more",1,False,False,0.0,1.3753285479998965
IDIMPORT_W43,socioeco,inferred,,Inferred from occupation,high,"$100,000 or more","$100,000 or more",1,True,True,1.0,1.375332810000018
RACESURV13_W43,socioeco,inferred,,Inferred from occupation,low,"Less than $30,000","$100,000 or more",1,False,False,0.0,0.42169712808224136
RACESURV13_W43,socioeco,inferred,,Inferred from occupation,high,"$100,000 or more","$100,000 or more",1,True,True,1.0,0.48367073979056374
RACESURV14_W43,socioeco,inferred,,Inferred from occupation,low,"Less than $30,000","Less than $30,000",1,True,True,1.0,0.5425641263427007
RACESURV14_W43,socioeco,inferred,,Inferred from occupation,high,"$100,000 or more","Less than $30,000",1,False,False,0.0,0.4706317442967396
RACESURV15a_W43,socioeco,inferred,,Inferred from occupation,low,"Less than $30,000","$100,000 or more",1,False,False,0.0,0.02245192262411083
RACESURV15a_W43,socioeco,inferred,,Inferred from occupation,high,"$100,000 or more","$100,000 or more",1,True,True,1.0,0.03309616776331409
RACESURV15b_W43,socioeco,inferred,,Inferred from occupation,low,"Less than $30,000","Less than $30,000",1,True,True,1.0,0.5480967609929999
RACESURV15b_W43,socioeco,inferred,,Inferred from occupation,high,"$100,000 or more","Less than $30,000",1,False,False,0.0,0.5482644830001979
RACESURV17_W43,socioeco,inferred,,Inferred from occupation,low,"Less than $30,000","Less than $30,000",1,True,True,1.0,1.1448037380000273
RACESURV17_W43,socioeco,inferred,,Inferred from occupation,high,"$100,000 or more","Less than $30,000",1,False,False,0.0,1.1448063219999998
RACESURV18b_W43,socioeco,inferred,,Inferred from occupation,low,"Less than $30,000","$100,000 or more",1,False,False,0.0,0.6792540480916242
RACESURV18b_W43,socioeco,inferred,,Inferred from occupation,high,"$100,000 or more","$100,000 or more",1,True,True,1.0,0.7295507836196331
RACESURV18f_W43,socioeco,inferred,,Inferred from occupation,low,"Less than $30,000","$100,000 or more",1,False,False,0.0,0.37043035768601984
RACESURV18f_W43,socioeco,inferred,,Inferred from occupation,high,"$100,000 or more","$100,000 or more",1,True,True,1.0,0.37044329613891097
RACESURV19a_W43,socioeco,inferred,,Inferred from occupation,low,"Less than $30,000","Less than $30,000",1,True,True,1.0,0.7344189573441897
RACESURV19a_W43,socioeco,inferred,,Inferred from occupation,high,"$100,000 or more","Less than $30,000",1,False,False,0.0,0.7344189573441897
RACESURV19c_W43,socioeco,inferred,,Inferred from occupation,low,"Less than $30,000","$100,000 or more",1,False,False,0.0,0.6693367280000001
RACESURV19c_W43,socioeco,inferred,,Inferred from occupation,high,"$100,000 or more","$100,000 or more",1,True,True,1.0,0.6693367280000001
RACESURV19e_W43,socioeco,inferred,,Inferred from occupation,low,"Less than $30,000","Less than $30,000",1,True,True,1.0,0.8121250578787493
RACESURV19e_W43,socioeco,inferred,,Inferred from occupation,high,"$100,000 or more","Less than $30,000",1,False,False,0.0,0.8121250618787492
RACESURV1b_W43,socioeco,inferred,,Inferred from occupation,low,"Less than $30,000","$100,000 or more",1,False,False,0.0,0.2915844720757143
RACESURV1b_W43,socioeco,inferred,,Inferred from occupation,high,"$100,000 or more","$100,000 or more",1,True,True,1.0,0.2785915390630529
RACESURV21_W43,socioeco,inferred,,Inferred from occupation,low,"Less than $30,000","$100,000 or more",1,False,False,0.0,0.21742524062909008
RACESURV21_W43,socioeco,inferred,,Inferred from occupation,high,"$100,000 or more","$100,000 or more",1,True,True,1.0,0.36468096965710517
RACESURV27_W43,socioeco,inferred,,Inferred from occupation,low,"Less than $30,000","$100,000 or more",1,False,False,0.0,1.6465415728381239
RACESURV27_W43,socioeco,inferred,,Inferred from occupation,high,"$100,000 or more","$100,000 or more",1,True,True,1.0,1.6876210171567807
RACESURV28a_W43,socioeco,inferred,,Inferred from occupation,low,"Less than $30,000","$100,000 or more",1,False,False,0.0,0.22429012624091338
RACESURV28a_W43,socioeco,inferred,,Inferred from occupation,high,"$100,000 or more","$100,000 or more",1,True,True,1.0,0.2592745660232847
RACESURV28b_W43,socioeco,inferred,,Inferred from occupation,low,"Less than $30,000","$100,000 or more",1,False,False,0.0,0.25904593902158024
RACESURV28b_W43,socioeco,inferred,,Inferred from occupation,high,"$100,000 or more","$100,000 or more",1,True,True,1.0,0.2603799069999705
RACESURV28c_W43,socioeco,inferred,,Inferred from occupation,low,"Less than $30,000","$100,000 or more",1,False,False,0.0,0.26711801100000293
RACESURV28c_W43,socioeco,inferred,,Inferred from occupation,high,"$100,000 or more","$100,000 or more",1,True,True,1.0,0.2671184910000132
RACESURV28d_W43,socioeco,inferred,,Inferred from occupation,low,"Less than $30,000","$100,000 or more",1,False,False,0.0,0.1461354450000002
RACESURV28d_W43,socioeco,inferred,,Inferred from occupation,high,"$100,000 or more","$100,000 or more",1,True,True,1.0,0.14613544300000025
RACESURV28e_W43,socioeco,inferred,,Inferred from occupation,low,"Less than $30,000","$100,000 or more",1,False,False,0.0,0.17947190500000015
RACESURV28e_W43,socioeco,inferred,,Inferred from occupation,high,"$100,000 or more","$100,000 or more",1,True,True,1.0,0.17947190500000015
RACESURV28f_W43,socioeco,inferred,,Inferred from occupation,low,"Less than $30,000","Less than $30,000",1,True,True,1.0,0.10364932955107847
RACESURV28f_W43,socioeco,inferred,,Inferred from occupation,high,"$100,000 or more","Less than $30,000",1,False,False,0.0,0.06725968963135175
RACESURV28g_W43,socioeco,inferred,,Inferred from occupation,low,"Less than $30,000","$100,000 or more",1,False,False,0.0,0.31901515580983586
RACESURV28g_W43,socioeco,inferred,,Inferred from occupation,high,"$100,000 or more","$100,000 or more",1,True,True,1.0,0.31901658280980005
RACESURV29d_W43,socioeco,inferred,,Inferred from occupation,low,"Less than $30,000","Less than $30,000",1,True,True,1.0,0.33199906532053153
RACESURV29d_W43,socioeco,inferred,,Inferred from occupation,high,"$100,000 or more","$100,000 or more",1,True,True,1.0,0.2709688607581601
RACESURV2_W43,socioeco,inferred,,Inferred from occupation,low,"Less than $30,000","$100,000 or more",1,False,False,0.0,0.48268973000000026
RACESURV2_W43,socioeco,inferred,,Inferred from occupation,high,"$100,000 or more","$100,000 or more",1,True,True,1.0,0.4826897350000001
RACESURV34a_W43,socioeco,inferred,,Inferred from occupation,low,"Less than $30,000","Less than $30,000",1,True,True,1.0,0.46008819500003
RACESURV34a_W43,socioeco,inferred,,Inferred from occupation,high,"$100,000 or more","Less than $30,000",1,False,False,0.0,0.46008215899983146
RACESURV34b_W43,socioeco,inferred,,Inferred from occupation,low,"Less than $30,000","$100,000 or more",1,False,False,0.0,0.5020089539797106
RACESURV34b_W43,socioeco,inferred,,Inferred from occupation,high,"$100,000 or more","$100,000 or more",1,True,True,1.0,0.5020056669801825
RACESURV34c_W43,socioeco,inferred,,Inferred from occupation,low,"Less than $30,000","Less than $30,000",1,True,True,1.0,0.6508476839113114
RACESURV34c_W43,socioeco,inferred,,Inferred from occupation,high,"$100,000 or more","Less than $30,000",1,False,False,0.0,0.6587523085832652
RACESURV34d_W43,socioeco,inferred,,Inferred from occupation,low,"Less than $30,000","Less than $30,000",1,True,True,1.0,0.4906181241607373
RACESURV34d_W43,socioeco,inferred,,Inferred from occupation,high,"$100,000 or more","$100,000 or more",1,True,True,1.0,0.22733190589597863
RACESURV34e_W43,socioeco,inferred,,Inferred from occupation,low,"Less than $30,000","Less than $30,000",1,True,True,1.0,0.35334743277505937
RACESURV34e_W43,socioeco,inferred,,Inferred from occupation,high,"$100,000 or more","$100,000 or more",1,True,True,1.0,0.25425589983841346
RACESURV38_W43,socioeco,inferred,,Inferred from occupation,low,"Less than $30,000","$100,000 or more",1,False,False,0.0,0.5647325467161916
RACESURV38_W43,socioeco,inferred,,Inferred from occupation,high,"$100,000 or more","$100,000 or more",1,True,True,1.0,0.815036672282592
RACESURV40_W43,socioeco,inferred,,Inferred from occupation,low,"Less than $30,000","$100,000 or more",1,False,False,0.0,0.2771013287984657
RACESURV40_W43,socioeco,inferred,,Inferred from occupation,high,"$100,000 or more","$100,000 or more",1,True,True,1.0,0.2771006664262717
RACESURV41_W43,socioeco,inferred,,Inferred from occupation,low,"Less than $30,000","$100,000 or more",1,False,False,0.0,0.4471908252364225
RACESURV41_W43,socioeco,inferred,,Inferred from occupation,high,"$100,000 or more","$100,000 or more",1,True,True,1.0,0.44730620485007905
RACESURV45_W43,socioeco,inferred,,Inferred from occupation,low,"Less than $30,000","$100,000 or more",1,False,False,0.0,0.5838336162441338
RACESURV45_W43,socioeco,inferred,,Inferred from occupation,high,"$100,000 or more","$100,000 or more",1,True,True,1.0,0.5838274231499732
RACESURV47a_W43,socioeco,inferred,,Inferred from occupation,low,"Less than $30,000","Less than $30,000",1,True,True,1.0,1.5302235179999992
RACESURV47a_W43,socioeco,inferred,,Inferred from occupation,high,"$100,000 or more","Less than $30,000",1,False,False,0.0,1.5302235119999998
RACESURV47b_W43,socioeco,inferred,,Inferred from occupation,low,"Less than $30,000","$100,000 or more",1,False,False,0.0,1.0955166699999999
RACESURV47b_W43,socioeco,inferred,,Inferred from occupation,high,"$100,000 or more","$100,000 or more",1,True,True,1.0,1.0955166699999999
RACESURV47d_W43,socioeco,inferred,,Inferred from occupation,low,"Less than $30,000","Less than $30,000",1,True,True,1.0,1.5288462262410367
RACESURV47d_W43,socioeco,inferred,,Inferred from occupation,high,"$100,000 or more","Less than $30,000",1,False,False,0.0,1.4881802054913884
RACESURV47e_W43,socioeco,inferred,,Inferred from occupation,low,"Less than $30,000","Less than $30,000",1,True,True,1.0,1.0831464959041335
RACESURV47e_W43,socioeco,inferred,,Inferred from occupation,high,"$100,000 or more","Less than $30,000",1,False,False,0.0,0.8945794575692904
RACESURV47f_W43,socioeco,inferred,,Inferred from occupation,low,"Less than $30,000","$100,000 or more",1,False,False,0.0,1.0592671085926706
RACESURV47f_W43,socioeco,inferred,,Inferred from occupation,high,"$100,000 or more","$100,000 or more",1,True,True,1.0,1.0592671045926698
RACESURV48_W43,socioeco,inferred,,Inferred from occupation,low,"Less than $30,000","$100,000 or more",1,False,False,0.0,0.8230652860000005
RACESURV48_W43,socioeco,inferred,,Inferred from occupation,high,"$100,000 or more","$100,000 or more",1,True,True,1.0,0.8230653180000002
RACESURV51_W43,socioeco,inferred,,Inferred from occupation,low,"Less than $30,000","Less than $30,000",1,True,True,1.0,0.168038951000049
RACESURV51_W43,socioeco,inferred,,Inferred from occupation,high,"$100,000 or more","Less than $30,000",1,False,False,0.0,0.16803390399998291
RACESURV52_W43,socioeco,inferred,,Inferred from occupation,low,"Less than $30,000","$100,000 or more",1,False,False,0.0,0.5385232265061572
RACESURV52_W43,socioeco,inferred,,Inferred from occupation,high,"$100,000 or more","$100,000 or more",1,True,True,1.0,0.43147796096051894
RACESURV5a_W43,socioeco,inferred,,Inferred from occupation,low,"Less than $30,000","$100,000 or more",1,False,False,0.0,0.6706195627085242
RACESURV5a_W43,socioeco,inferred,,Inferred from occupation,high,"$100,000 or more","$100,000 or more",1,True,True,1.0,0.6709231747078801
RACESURV5b_W43,socioeco,inferred,,Inferred from occupation,low,"Less than $30,000","Less than $30,000",1,True,True,1.0,0.6305448919997554
RACESURV5b_W43,socioeco,inferred,,Inferred from occupation,high,"$100,000 or more","Less than $30,000",1,False,False,0.0,0.6305513139999623
RACESURV5d_W43,socioeco,inferred,,Inferred from occupation,low,"Less than $30,000","$100,000 or more",1,False,False,0.0,0.38396858316014865
RACESURV5d_W43,socioeco,inferred,,Inferred from occupation,high,"$100,000 or more","$100,000 or more",1,True,True,1.0,0.38397342916025284
RACESURV5e_W43,socioeco,inferred,,Inferred from occupation,low,"Less than $30,000","$100,000 or more",1,False,False,0.0,0.6028703099995587
RACESURV5e_W43,socioeco,inferred,,Inferred from occupation,high,"$100,000 or more","$100,000 or more",1,True,True,1.0,0.6026827550025817
RACESURV5f_W43,socioeco,inferred,,Inferred from occupation,low,"Less than $30,000","$100,000 or more",1,False,False,0.0,0.29151895100000375
RACESURV5f_W43,socioeco,inferred,,Inferred from occupation,high,"$100,000 or more","$100,000 or more",1,True,True,1.0,0.2915190290000102
RACESURV5g_W43,socioeco,inferred,,Inferred from occupation,low,"Less than $30,000","Less than $30,000",1,True,True,1.0,0.6615316759999323
RACESURV5g_W43,socioeco,inferred,,Inferred from occupation,high,"$100,000 or more","Less than $30,000",1,False,False,0.0,0.6615237790000771
RACESURV5h_W43,socioeco,inferred,,Inferred from occupation,low,"Less than $30,000","$100,000 or more",1,False,False,0.0,0.3143166735635341
RACESURV5h_W43,socioeco,inferred,,Inferred from occupation,high,"$100,000 or more","$100,000 or more",1,True,True,1.0,0.302271131176306
RACESURV5i_W43,socioeco,inferred,,Inferred from occupation,low,"Less than $30,000","Less than $30,000",1,True,True,1.0,0.6636889115031986
RACESURV5i_W43,socioeco,inferred,,Inferred from occupation,high,"$100,000 or more","Less than $30,000",1,False,False,0.0,0.7370655533891578
RACESURV5j_W43,socioeco,inferred,,Inferred from occupation,low,"Less than $30,000","Less than $30,000",1,True,True,1.0,0.5350324557549195
RACESURV5j_W43,socioeco,inferred,,Inferred from occupation,high,"$100,000 or more","Less than $30,000",1,False,False,0.0,0.5484929299987591
RACESURV5l_W43,socioeco,inferred,,Inferred from occupation,low,"Less than $30,000","$100,000 or more",1,False,False,0.0,0.050446037669353294
RACESURV5l_W43,socioeco,inferred,,Inferred from occupation,high,"$100,000 or more","$100,000 or more",1,True,True,1.0,0.18068186462828295
RACESURV9_W43,socioeco,inferred,,Inferred from occupation,low,"Less than $30,000","$100,000 or more",1,False,False,0.0,0.39392227800048946
RACESURV9_W43,socioeco,inferred,,Inferred from occupation,high,"$100,000 or more","$100,000 or more",1,True,True,1.0,0.39394761599898653
INFOCHALa_W45,socioeco,inferred,,Inferred from occupation,low,"Less than $30,000","$100,000 or more",1,False,False,0.0,0.309733888000002
INFOCHALa_W45,socioeco,inferred,,Inferred from occupation,high,"$100,000 or more","$100,000 or more",1,True,True,1.0,0.3097339640000004
INFOCREATEa_W45,socioeco,inferred,,Inferred from occupation,low,"Less than $30,000","Less than $30,000",1,True,True,1.0,0.351804739806776
INFOCREATEa_W45,socioeco,inferred,,Inferred from occupation,high,"$100,000 or more","Less than $30,000",1,False,False,0.0,0.418342364751671
MADEUPOFT_W45,socioeco,inferred,,Inferred from occupation,low,"Less than $30,000","Less than $30,000",1,True,True,1.0,0.43001322891534793
MADEUPOFT_W45,socioeco,inferred,,Inferred from occupation,high,"$100,000 or more","$100,000 or more",1,True,True,1.0,0.10746733363002808
MADEUPTOPICb_W45,socioeco,inferred,,Inferred from occupation,low,"Less than $30,000","$100,000 or more",1,False,False,0.0,0.4467309940000004
MADEUPTOPICb_W45,socioeco,inferred,,Inferred from occupation,high,"$100,000 or more","$100,000 or more",1,True,True,1.0,0.4467309940000004
MADEUPTOPICc_W45,socioeco,inferred,,Inferred from occupation,low,"Less than $30,000","Less than $30,000",1,True,True,1.0,1.0688129426908495
MADEUPTOPICc_W45,socioeco,inferred,,Inferred from occupation,high,"$100,000 or more","Less than $30,000",1,False,False,0.0,1.0688828646888617
MADEUPTOPICd_W45,socioeco,inferred,,Inferred from occupation,low,"Less than $30,000","Less than $30,000",1,True,True,1.0,0.8852293120000275
MADEUPTOPICd_W45,socioeco,inferred,,Inferred from occupation,high,"$100,000 or more","Less than $30,000",1,False,False,0.0,0.8852309800000036
NEWSPROBd_W45,socioeco,inferred,,Inferred from occupation,low,"Less than $30,000","Less than $30,000",1,True,True,1.0,0.3189529173646405
NEWSPROBd_W45,socioeco,inferred,,Inferred from occupation,high,"$100,000 or more","Less than $30,000",1,False,False,0.0,0.9245886800425346
NEWSPROBe_W45,socioeco,inferred,,Inferred from occupation,low,"Less than $30,000","$100,000 or more",1,False,False,0.0,0.7480328693902067
NEWSPROBe_W45,socioeco,inferred,,Inferred from occupation,high,"$100,000 or more","$100,000 or more",1,True,True,1.0,0.9009093830713732
NEWS_PLATFORMg_W45,socioeco,inferred,,Inferred from occupation,low,"Less than $30,000","$100,000 or more",1,False,False,0.0,0.6932631521259857
NEWS_PLATFORMg_W45,socioeco,inferred,,Inferred from occupation,high,"$100,000 or more","Less than $30,000",1,False,False,0.0,0.5598562197016148
SMLIKESb_W45,socioeco,inferred,,Inferred from occupation,low,"Less than $30,000","$100,000 or more",1,False,False,0.0,0.3627010977166223
SMLIKESb_W45,socioeco,inferred,,Inferred from occupation,high,"$100,000 or more","Less than $30,000",1,False,False,0.0,0.2586181097747451
SMLIKESf_W45,socioeco,inferred,,Inferred from occupation,low,"Less than $30,000","$100,000 or more",1,False,False,0.0,0.561956877983058
SMLIKESf_W45,socioeco,inferred,,Inferred from occupation,high,"$100,000 or more","$100,000 or more",1,True,True,1.0,0.5629751019996748
BENEFITGOV_W49,socioeco,inferred,,Inferred from occupation,low,"Less than $30,000","$100,000 or more",1,False,False,0.0,0.33268025400000195
BENEFITGOV_W49,socioeco,inferred,,Inferred from occupation,high,"$100,000 or more","$100,000 or more",1,True,True,1.0,0.33268001200000746
CONCERNCO_W49,socioeco,inferred,,Inferred from occupation,low,"Less than $30,000","$100,000 or more",1,False,False,0.0,0.4752640444431333
CONCERNCO_W49,socioeco,inferred,,Inferred from occupation,high,"$100,000 or more","$100,000 or more",1,True,True,1.0,0.7749650736419372
CONCERNGRPa_W49,socioeco,inferred,,Inferred from occupation,low,"Less than $30,000","Less than $30,000",1,True,True,1.0,0.2521864657923249
CONCERNGRPa_W49,socioeco,inferred,,Inferred from occupation,high,"$100,000 or more","Less than $30,000",1,False,False,0.0,0.3444678107685796
CONCERNGRPc_W49,socioeco,inferred,,Inferred from occupation,low,"Less than $30,000","Less than $30,000",1,True,True,1.0,0.30317612959232104
CONCERNGRPc_W49,socioeco,inferred,,Inferred from occupation,high,"$100,000 or more","$100,000 or more",1,True,True,1.0,0.8004206027691302
CONTROLCO_W49,socioeco,inferred,,Inferred from occupation,low,"Less than $30,000","$100,000 or more",1,False,False,0.0,0.4694952061441783
CONTROLCO_W49,socioeco,inferred,,Inferred from occupation,high,"$100,000 or more","$100,000 or more",1,True,True,1.0,0.48965889806958834
CONTROLGRPc_W49,socioeco,inferred,,Inferred from occupation,low,"Less than $30,000","Less than $30,000",1,True,True,1.0,0.7890144991321468
CONTROLGRPc_W49,socioeco,inferred,,Inferred from occupation,high,"$100,000 or more","Less than $30,000",1,False,False,0.0,0.6632410799999999
DATAUSEd_W49,socioeco,inferred,,Inferred from occupation,low,"Less than $30,000","$100,000 or more",1,False,False,0.0,0.4030894347287673
DATAUSEd_W49,socioeco,inferred,,Inferred from occupation,high,"$100,000 or more","$100,000 or more",1,True,True,1.0,0.3475231631598281
FACE3c_W49,socioeco,inferred,,Inferred from occupation,low,"Less than $30,000","$100,000 or more",1,False,False,0.0,0.30291454260510997
FACE3c_W49,socioeco,inferred,,Inferred from occupation,high,"$100,000 or more","$100,000 or more",1,True,True,1.0,0.8558858334112478
GOVREGV1_W49,socioeco,inferred,,Inferred from occupation,low,"Less than $30,000","$100,000 or more",1,False,False,0.0,0.11177621500000051
GOVREGV1_W49,socioeco,inferred,,Inferred from occupation,high,"$100,000 or more","$100,000 or more",1,True,True,1.0,0.11177622600000053
HOMEASSIST2_W49,socioeco,inferred,,Inferred from occupation,low,"Less than $30,000","$100,000 or more",1,False,False,0.0,0.5971315534172095
HOMEASSIST2_W49,socioeco,inferred,,Inferred from occupation,high,"$100,000 or more","$100,000 or more",1,True,True,1.0,0.6592085308957624
HOMEASSIST3_W49,socioeco,inferred,,Inferred from occupation,low,"Less than $30,000","Less than $30,000",1,True,True,1.0,0.34075524735419555
HOMEASSIST3_W49,socioeco,inferred,,Inferred from occupation,high,"$100,000 or more","Less than $30,000",1,False,False,0.0,0.5427258675601551
HOMEASSIST4_W49,socioeco,inferred,,Inferred from occupation,low,"Less than $30,000","Less than $30,000",1,True,True,1.0,1.2433512575658612
HOMEASSIST4_W49,socioeco,inferred,,Inferred from occupation,high,"$100,000 or more","Less than $30,000",1,False,False,0.0,1.2436637495633542
PP5e_W49,socioeco,inferred,,Inferred from occupation,low,"Less than $30,000","$100,000 or more",1,False,False,0.0,0.5415557641919473
PP5e_W49,socioeco,inferred,,Inferred from occupation,high,"$100,000 or more","Less than $30,000",1,False,False,0.0,0.7141882520449752
PWMAN2_W49,socioeco,inferred,,Inferred from occupation,low,"Less than $30,000","Less than $30,000",1,True,True,1.0,2.1898548027384597
PWMAN2_W49,socioeco,inferred,,Inferred from occupation,high,"$100,000 or more","Less than $30,000",1,False,False,0.0,1.9163087456895767
SMARTAPP_W49,socioeco,inferred,,Inferred from occupation,low,"Less than $30,000","Less than $30,000",1,True,True,1.0,0.8936734400025801
SMARTAPP_W49,socioeco,inferred,,Inferred from occupation,high,"$100,000 or more","Less than $30,000",1,False,False,0.0,0.8938176759989305
TRACKCO1a_W49,socioeco,inferred,,Inferred from occupation,low,"Less than $30,000","$100,000 or more",1,False,False,0.0,0.5917525597093374
TRACKCO1a_W49,socioeco,inferred,,Inferred from occupation,high,"$100,000 or more","$100,000 or more",1,True,True,1.0,0.7860416743514294
TRACKCO1b_W49,socioeco,inferred,,Inferred from occupation,low,"Less than $30,000","$100,000 or more",1,False,False,0.0,0.7145410153683892
TRACKCO1b_W49,socioeco,inferred,,Inferred from occupation,high,"$100,000 or more","$100,000 or more",1,True,True,1.0,0.517948416803545
TRACKGOV1a_W49,socioeco,inferred,,Inferred from occupation,low,"Less than $30,000","$100,000 or more",1,False,False,0.0,0.9407894741951639
TRACKGOV1a_W49,socioeco,inferred,,Inferred from occupation,high,"$100,000 or more","$100,000 or more",1,True,True,1.0,0.9216120395816195
TRACKGOV1b_W49,socioeco,inferred,,Inferred from occupation,low,"Less than $30,000","$100,000 or more",1,False,False,0.0,0.7923040311977732
TRACKGOV1b_W49,socioeco,inferred,,Inferred from occupation,high,"$100,000 or more","$100,000 or more",1,True,True,1.0,0.8385616715931226
COHABDUR_W50,socioeco,inferred,,Inferred from occupation,low,"Less than $30,000","$100,000 or more",1,False,False,0.0,1.257806105003708
COHABDUR_W50,socioeco,inferred,,Inferred from occupation,high,"$100,000 or more","$100,000 or more",1,True,True,1.0,1.452748671275213
DNA2b_W50,socioeco,inferred,,Inferred from occupation,low,"Less than $30,000","Less than $30,000",1,True,True,1.0,0.2835790622222121
DNA2b_W50,socioeco,inferred,,Inferred from occupation,high,"$100,000 or more","Less than $30,000",1,False,False,0.0,0.33972787867307414
DNA5_W50,socioeco,inferred,,Inferred from occupation,low,"Less than $30,000","$100,000 or more",1,False,False,0.0,0.12160424599984967
DNA5_W50,socioeco,inferred,,Inferred from occupation,high,"$100,000 or more","$100,000 or more",1,True,True,1.0,0.12159872199969421
E5MOD_W50,socioeco,inferred,,Inferred from occupation,low,"Less than $30,000","Less than $30,000",1,True,True,1.0,1.110893172000006
E5MOD_W50,socioeco,inferred,,Inferred from occupation,high,"$100,000 or more","Less than $30,000",1,False,False,0.0,1.1108931980000019
FAMSURV10c_W50,socioeco,inferred,,Inferred from occupation,low,"Less than $30,000","Less than $30,000",1,True,True,1.0,0.5277636952021898
FAMSURV10c_W50,socioeco,inferred,,Inferred from occupation,high,"$100,000 or more","Less than $30,000",1,False,False,0.0,0.8055795603221464
FAMSURV16_W50,socioeco,inferred,,Inferred from occupation,low,"Less than $30,000","$100,000 or more",1,False,False,0.0,0.3353554910000012
FAMSURV16_W50,socioeco,inferred,,Inferred from occupation,high,"$100,000 or more","$100,000 or more",1,True,True,1.0,0.3353554590000016
FAMSURV1_W50,socioeco,inferred,,Inferred from occupation,low,"Less than $30,000","$100,000 or more",1,False,False,0.0,0.3209990855010324
FAMSURV1_W50,socioeco,inferred,,Inferred from occupation,high,"$100,000 or more","$100,000 or more",1,True,True,1.0,0.2266278517784689
FAMSURV20_W50,socioeco,inferred,,Inferred from occupation,low,"Less than $30,000","Less than $30,000",1,True,True,1.0,0.408038055905133
FAMSURV20_W50,socioeco,inferred,,Inferred from occupation,high,"$100,000 or more","Less than $30,000",1,False,False,0.0,0.30759356579278657
FAMSURV23b_W50,socioeco,inferred,,Inferred from occupation,low,"Less than $30,000","Less than $30,000",1,True,True,1.0,0.28496832363719843
FAMSURV23b_W50,socioeco,inferred,,Inferred from occupation,high,"$100,000 or more","$100,000 or more",1,True,True,1.0,0.16621830649148817
FAMSURV23c_W50,socioeco,inferred,,Inferred from occupation,low,"Less than $30,000","$100,000 or more",1,False,False,0.0,0.06617451206369995
FAMSURV23c_W50,socioeco,inferred,,Inferred from occupation,high,"$100,000 or more","$100,000 or more",1,True,True,1.0,0.06423405401756183
FAMSURV23d_W50,socioeco,inferred,,Inferred from occupation,low,"Less than $30,000","Less than $30,000",1,True,True,1.0,0.3257669572886668
FAMSURV23d_W50,socioeco,inferred,,Inferred from occupation,high,"$100,000 or more","Less than $30,000",1,False,False,0.0,0.5240629050911083
FAMSURV23e_W50,socioeco,inferred,,Inferred from occupation,low,"Less than $30,000","$100,000 or more",1,False,False,0.0,0.38486426601746043
FAMSURV23e_W50,socioeco,inferred,,Inferred from occupation,high,"$100,000 or more","$100,000 or more",1,True,True,1.0,0.31074006806487525
FAMSURV23f_W50,socioeco,inferred,,Inferred from occupation,low,"Less than $30,000","Less than $30,000",1,True,True,1.0,0.4575744625412071
FAMSURV23f_W50,socioeco,inferred,,Inferred from occupation,high,"$100,000 or more","$100,000 or more",1,True,True,1.0,0.3730288858113837
FAMSURV23g_W50,socioeco,inferred,,Inferred from occupation,low,"Less than $30,000","Less than $30,000",1,True,True,1.0,0.31310481122311834
FAMSURV23g_W50,socioeco,inferred,,Inferred from occupation,high,"$100,000 or more","Less than $30,000",1,False,False,0.0,0.5634259474795099
FAMSURV26a_W50,socioeco,inferred,,Inferred from occupation,low,"Less than $30,000","Less than $30,000",1,True,True,1.0,0.6027934660279384
FAMSURV26a_W50,socioeco,inferred,,Inferred from occupation,high,"$100,000 or more","Less than $30,000",1,False,False,0.0,0.6027935640279383
FAMSURV26b_W50,socioeco,inferred,,Inferred from occupation,low,"Less than $30,000","Less than $30,000",1,True,True,1.0,0.6728146361985998
FAMSURV26b_W50,socioeco,inferred,,Inferred from occupation,high,"$100,000 or more","Less than $30,000",1,False,False,0.0,0.6777568438802931
FAMSURV26c_W50,socioeco,inferred,,Inferred from occupation,low,"Less than $30,000","Less than $30,000",1,True,True,1.0,0.40502200605022004
FAMSURV26c_W50,socioeco,inferred,,Inferred from occupation,high,"$100,000 or more","Less than $30,000",1,False,False,0.0,0.4107206141584383
FAMSURV26d_W50,socioeco,inferred,,Inferred from occupation,low,"Less than $30,000","Less than $30,000",1,True,True,1.0,0.41968055181910907
FAMSURV26d_W50,socioeco,inferred,,Inferred from occupation,high,"$100,000 or more","$100,000 or more",1,True,True,1.0,0.46072259604149685
FAMSURV29_W50,socioeco,inferred,,Inferred from occupation,low,"Less than $30,000","Less than $30,000",1,True,True,1.0,1.1382235242094898
FAMSURV29_W50,socioeco,inferred,,Inferred from occupation,high,"$100,000 or more","Less than $30,000",1,False,False,0.0,1.1456678540098075
FAMSURV2Ma_W50,socioeco,inferred,,Inferred from occupation,low,"Less than $30,000","Less than $30,000",1,True,True,1.0,0.25707568771662825
FAMSURV2Ma_W50,socioeco,inferred,,Inferred from occupation,high,"$100,000 or more","Less than $30,000",1,False,False,0.0,0.178265569299306
FAMSURV2Mc_W50,socioeco,inferred,,Inferred from occupation,low,"Less than $30,000","$100,000 or more",1,False,False,0.0,0.35898542584579807
FAMSURV2Mc_W50,socioeco,inferred,,Inferred from occupation,high,"$100,000 or more","$100,000 or more",1,True,True,1.0,0.36899177600000005
FAMSURV2Wa_W50,socioeco,inferred,,Inferred from occupation,low,"Less than $30,000","Less than $30,000",1,True,True,1.0,0.4449107810886362
FAMSURV2Wa_W50,socioeco,inferred,,Inferred from occupation,high,"$100,000 or more","Less than $30,000",1,False,False,0.0,0.5367613873423807
FAMSURV2Wc_W50,socioeco,inferred,,Inferred from occupation,low,"Less than $30,000","$100,000 or more",1,False,False,0.0,0.4011086899621512
FAMSURV2Wc_W50,socioeco,inferred,,Inferred from occupation,high,"$100,000 or more","$100,000 or more",1,True,True,1.0,0.4002078280849267
FAMSURV32e_W50,socioeco,inferred,,Inferred from occupation,low,"Less than $30,000","$100,000 or more",1,False,False,0.0,0.504713279217679
FAMSURV32e_W50,socioeco,inferred,,Inferred from occupation,high,"$100,000 or more","$100,000 or more",1,True,True,1.0,0.3518018502663859
FAMSURV39_W50,socioeco,inferred,,Inferred from occupation,low,"Less than $30,000","$100,000 or more",1,False,False,0.0,0.8444674875797328
FAMSURV39_W50,socioeco,inferred,,Inferred from occupation,high,"$100,000 or more","$100,000 or more",1,True,True,1.0,0.8534015224833558
FAMSURV3_W50,socioeco,inferred,,Inferred from occupation,low,"Less than $30,000","$100,000 or more",1,False,False,0.0,0.3228002351796373
FAMSURV3_W50,socioeco,inferred,,Inferred from occupation,high,"$100,000 or more","$100,000 or more",1,True,True,1.0,0.330412719712721
FAMSURV40_W50,socioeco,inferred,,Inferred from occupation,low,"Less than $30,000","Less than $30,000",1,True,True,1.0,1.3437393874373784
FAMSURV40_W50,socioeco,inferred,,Inferred from occupation,high,"$100,000 or more","Less than $30,000",1,False,False,0.0,1.3437388774374273
FAMSURV43_W50,socioeco,inferred,,Inferred from occupation,low,"Less than $30,000","$100,000 or more",1,False,False,0.0,0.41515086878497026
FAMSURV43_W50,socioeco,inferred,,Inferred from occupation,high,"$100,000 or more","$100,000 or more",1,True,True,1.0,0.575429946492004
FAMSURV44_W50,socioeco,inferred,,Inferred from occupation,low,"Less than $30,000","Less than $30,000",1,True,True,1.0,1.4425046590063315
FAMSURV44_W50,socioeco,inferred,,Inferred from occupation,high,"$100,000 or more","Less than $30,000",1,False,False,0.0,1.2802311377179665
FAMSURV6_W50,socioeco,inferred,,Inferred from occupation,low,"Less than $30,000","$100,000 or more",1,False,False,0.0,1.0096606542923041
FAMSURV6_W50,socioeco,inferred,,Inferred from occupation,high,"$100,000 or more","$100,000 or more",1,True,True,1.0,1.0480112435242115
FAMSURV9c_W50,socioeco,inferred,,Inferred from occupation,low,"Less than $30,000","$100,000 or more",1,False,False,0.0,0.2773006850426992
FAMSURV9c_W50,socioeco,inferred,,Inferred from occupation,high,"$100,000 or more","Less than $30,000",1,False,False,0.0,0.4069267285817187
FATHER_W50,socioeco,inferred,,Inferred from occupation,low,"Less than $30,000","Less than $30,000",1,True,True,1.0,0.47422022799993874
FATHER_W50,socioeco,inferred,,Inferred from occupation,high,"$100,000 or more","Less than $30,000",1,False,False,0.0,0.47422172599999757
HAVEKIDS1_W50,socioeco,inferred,,Inferred from occupation,low,"Less than $30,000","Less than $30,000",1,True,True,1.0,1.5182200514567747
HAVEKIDS1_W50,socioeco,inferred,,Inferred from occupation,high,"$100,000 or more","Less than $30,000",1,False,False,0.0,1.5529719820252774
MARRDUR_W50,socioeco,inferred,,Inferred from occupation,low,"Less than $30,000","Less than $30,000",1,True,True,1.0,1.3392375259684464
MARRDUR_W50,socioeco,inferred,,Inferred from occupation,high,"$100,000 or more","Less than $30,000",1,False,False,0.0,0.9954407514242853
MARRYPREF1_W50,socioeco,inferred,,Inferred from occupation,low,"Less than $30,000","Less than $30,000",1,True,True,1.0,0.3261844680000071
MARRYPREF1_W50,socioeco,inferred,,Inferred from occupation,high,"$100,000 or more","Less than $30,000",1,False,False,0.0,0.3261844569999937
MARRYPREF2_W50,socioeco,inferred,,Inferred from occupation,low,"Less than $30,000","$100,000 or more",1,False,False,0.0,0.3350196980000011
MARRYPREF2_W50,socioeco,inferred,,Inferred from occupation,high,"$100,000 or more","$100,000 or more",1,True,True,1.0,0.3350196689999983
MOTHER_W50,socioeco,inferred,,Inferred from occupation,low,"Less than $30,000","Less than $30,000",1,True,True,1.0,0.6220657159999263
MOTHER_W50,socioeco,inferred,,Inferred from occupation,high,"$100,000 or more","Less than $30,000",1,False,False,0.0,0.6220670760000007
PAR1_W50,socioeco,inferred,,Inferred from occupation,low,"Less than $30,000","$100,000 or more",1,False,False,0.0,0.1509439551522671
PAR1_W50,socioeco,inferred,,Inferred from occupation,high,"$100,000 or more","$100,000 or more",1,True,True,1.0,0.1455621678938912
PAR2_W50,socioeco,inferred,,Inferred from occupation,low,"Less than $30,000","$100,000 or more",1,False,False,0.0,0.14936000600007976
PAR2_W50,socioeco,inferred,,Inferred from occupation,high,"$100,000 or more","$100,000 or more",1,True,True,1.0,0.14936068100011063
ROMRELDUR_W50,socioeco,inferred,,Inferred from occupation,low,"Less than $30,000","$100,000 or more",1,False,False,0.0,1.8561323476055893
ROMRELDUR_W50,socioeco,inferred,,Inferred from occupation,high,"$100,000 or more","$100,000 or more",1,True,True,1.0,1.5588449672002307
ROMRELSER_W50,socioeco,inferred,,Inferred from occupation,low,"Less than $30,000","Less than $30,000",1,True,True,1.0,2.244361615747615
ROMRELSER_W50,socioeco,inferred,,Inferred from occupation,high,"$100,000 or more","Less than $30,000",1,False,False,0.0,1.7987771558548897
SATLIFEc_W50,socioeco,inferred,,Inferred from occupation,low,"Less than $30,000","Less than $30,000",1,True,True,1.0,0.5427836069419909
SATLIFEc_W50,socioeco,inferred,,Inferred from occupation,high,"$100,000 or more","Less than $30,000",1,False,False,0.0,0.5552346026200272
ECIMPg_W54,socioeco,inferred,,Inferred from occupation,low,"Less than $30,000","Less than $30,000",1,True,True,1.0,0.07312852273128595
ECIMPg_W54,socioeco,inferred,,Inferred from occupation,high,"$100,000 or more","Less than $30,000",1,False,False,0.0,0.0731284667312842
ECON1_W54,socioeco,inferred,,Inferred from occupation,low,"Less than $30,000","Less than $30,000",1,True,True,1.0,0.4213042035861361
ECON1_W54,socioeco,inferred,,Inferred from occupation,high,"$100,000 or more","Less than $30,000",1,False,False,0.0,0.35668315297092823
ECON3_d_W54,socioeco,inferred,,Inferred from occupation,low,"Less than $30,000","$100,000 or more",1,False,False,0.0,0.5332467103281029
ECON3_d_W54,socioeco,inferred,,Inferred from occupation,high,"$100,000 or more","$100,000 or more",1,True,True,1.0,0.5339325275357514
ECON4_a_W54,socioeco,inferred,,Inferred from occupation,low,"Less than $30,000","$100,000 or more",1,False,False,0.0,0.4885809156843532
ECON4_a_W54,socioeco,inferred,,Inferred from occupation,high,"$100,000 or more","Less than $30,000",1,False,False,0.0,0.5850812141846947
ECON4_b_W54,socioeco,inferred,,Inferred from occupation,low,"Less than $30,000","Less than $30,000",1,True,True,1.0,0.807404982073054
ECON4_b_W54,socioeco,inferred,,Inferred from occupation,high,"$100,000 or more","Less than $30,000",1,False,False,0.0,0.7989995459221829
ECON4_e_W54,socioeco,inferred,,Inferred from occupation,low,"Less than $30,000","$100,000 or more",1,False,False,0.0,0.9848505484346349
ECON4_e_W54,socioeco,inferred,,Inferred from occupation,high,"$100,000 or more","$100,000 or more",1,True,True,1.0,0.7113177425316337
ECON4_f_W54,socioeco,inferred,,Inferred from occupation,low,"Less than $30,000","$100,000 or more",1,False,False,0.0,0.5186948176017117
ECON4_f_W54,socioeco,inferred,,Inferred from occupation,high,"$100,000 or more","$100,000 or more",1,True,True,1.0,0.36189135240202963
ECON4_g_W54,socioeco,inferred,,Inferred from occupation,low,"Less than $30,000","$100,000 or more",1,False,False,0.0,0.6319892000218903
ECON4_g_W54,socioeco,inferred,,Inferred from occupation,high,"$100,000 or more","$100,000 or more",1,True,True,1.0,0.632450935984574
ECON5_b_W54,socioeco,inferred,,Inferred from occupation,low,"Less than $30,000","Less than $30,000",1,True,True,1.0,0.8255791525883218
ECON5_b_W54,socioeco,inferred,,Inferred from occupation,high,"$100,000 or more","Less than $30,000",1,False,False,0.0,0.6708265280268803
ECON5_c_W54,socioeco,inferred,,Inferred from occupation,low,"Less than $30,000","Less than $30,000",1,True,True,1.0,0.7191488131918999
ECON5_c_W54,socioeco,inferred,,Inferred from occupation,high,"$100,000 or more","Less than $30,000",1,False,False,0.0,0.7191462551916696
ECON5_d_W54,socioeco,inferred,,Inferred from occupation,low,"Less than $30,000","Less than $30,000",1,True,True,1.0,0.9228207620075641
ECON5_d_W54,socioeco,inferred,,Inferred from occupation,high,"$100,000 or more","Less than $30,000",1,False,False,0.0,0.9222968699981958
ECON5_e_W54,socioeco,inferred,,Inferred from occupation,low,"Less than $30,000","$100,000 or more",1,False,False,0.0,0.7230249329602281
ECON5_e_W54,socioeco,inferred,,Inferred from occupation,high,"$100,000 or more","$100,000 or more",1,True,True,1.0,0.7248162649958336
ECON5_f_W54,socioeco,inferred,,Inferred from occupation,low,"Less than $30,000","Less than $30,000",1,True,True,1.0,0.7418234834201425
ECON5_f_W54,socioeco,inferred,,Inferred from occupation,high,"$100,000 or more","Less than $30,000",1,False,False,0.0,0.7419286974198245
ECON5_g_W54,socioeco,inferred,,Inferred from occupation,low,"Less than $30,000","Less than $30,000",1,True,True,1.0,0.7050935229986328
ECON5_g_W54,socioeco,inferred,,Inferred from occupation,high,"$100,000 or more","$100,000 or more",1,True,True,1.0,0.5711393036261103
ECON5_h_W54,socioeco,inferred,,Inferred from occupation,low,"Less than $30,000","Less than $30,000",1,True,True,1.0,0.7963847239705367
ECON5_h_W54,socioeco,inferred,,Inferred from occupation,high,"$100,000 or more","Less than $30,000",1,False,False,0.0,0.796916638006016
ECON5_i_W54,socioeco,inferred,,Inferred from occupation,low,"Less than $30,000","$100,000 or more",1,False,False,0.0,0.8398728080019203
ECON5_i_W54,socioeco,inferred,,Inferred from occupation,high,"$100,000 or more","$100,000 or more",1,True,True,1.0,0.8396885990141197
ECON5_j_W54,socioeco,inferred,,Inferred from occupation,low,"Less than $30,000","Less than $30,000",1,True,True,1.0,0.7476153659998549
ECON5_j_W54,socioeco,inferred,,Inferred from occupation,high,"$100,000 or more","Less than $30,000",1,False,False,0.0,0.747617950999741
ECON5_k_W54,socioeco,inferred,,Inferred from occupation,low,"Less than $30,000","$100,000 or more",1,False,False,0.0,0.34166427400720556
ECON5_k_W54,socioeco,inferred,,Inferred from occupation,high,"$100,000 or more","$100,000 or more",1,True,True,1.0,0.582551189129513
FIN_SIT_W54,socioeco,inferred,,Inferred from occupation,low,"Less than $30,000","Less than $30,000",1,True,True,1.0,0.36936601022125065
FIN_SIT_W54,socioeco,inferred,,Inferred from occupation,high,"$100,000 or more","$100,000 or more",1,True,True,1.0,0.2751274422113318
GOVPRIORITYb_W54,socioeco,inferred,,Inferred from occupation,low,"Less than $30,000","Less than $30,000",1,True,True,1.0,0.6313007613597912
GOVPRIORITYb_W54,socioeco,inferred,,Inferred from occupation,high,"$100,000 or more","Less than $30,000",1,False,False,0.0,0.5032503296371977
GOVPRIORITYc_W54,socioeco,inferred,,Inferred from occupation,low,"Less than $30,000","Less than $30,000",1,True,True,1.0,0.5719335919999999
GOVPRIORITYc_W54,socioeco,inferred,,Inferred from occupation,high,"$100,000 or more","Less than $30,000",1,False,False,0.0,0.5868525860613701
GOVPRIORITYd_W54,socioeco,inferred,,Inferred from occupation,low,"Less than $30,000","Less than $30,000",1,True,True,1.0,0.7378871000048773
GOVPRIORITYd_W54,socioeco,inferred,,Inferred from occupation,high,"$100,000 or more","Less than $30,000",1,False,False,0.0,0.7380745060000029
GOVPRIORITYf_W54,socioeco,inferred,,Inferred from occupation,low,"Less than $30,000","Less than $30,000",1,True,True,1.0,0.4935592880688473
GOVPRIORITYf_W54,socioeco,inferred,,Inferred from occupation,high,"$100,000 or more","Less than $30,000",1,False,False,0.0,0.4976473780149324
INEQ11_W54,socioeco,inferred,,Inferred from occupation,low,"Less than $30,000","Less than $30,000",1,True,True,1.0,0.059230604000000915
INEQ11_W54,socioeco,inferred,,Inferred from occupation,high,"$100,000 or more","Less than $30,000",1,False,False,0.0,0.059117202
INEQ1_W54,socioeco,inferred,,Inferred from occupation,low,"Less than $30,000","$100,000 or more",1,False,False,0.0,0.2013729910137655
INEQ1_W54,socioeco,inferred,,Inferred from occupation,high,"$100,000 or more","$100,000 or more",1,True,True,1.0,0.20137567201377088
INEQ4_a_W54,socioeco,inferred,,Inferred from occupation,low,"Less than $30,000","$100,000 or more",1,False,False,0.0,0.5974695814126474
INEQ4_a_W54,socioeco,inferred,,Inferred from occupation,high,"$100,000 or more","$100,000 or more",1,True,True,1.0,0.6165812867235531
INEQ5_a_W54,socioeco,inferred,,Inferred from occupation,low,"Less than $30,000","Less than $30,000",1,True,True,1.0,0.25888601743429607
INEQ5_a_W54,socioeco,inferred,,Inferred from occupation,high,"$100,000 or more","Less than $30,000",1,False,False,0.0,0.49145861994575457
INEQ5_d_W54,socioeco,inferred,,Inferred from occupation,low,"Less than $30,000","Less than $30,000",1,True,True,1.0,0.8632928202249215
INEQ5_d_W54,socioeco,inferred,,Inferred from occupation,high,"$100,000 or more","Less than $30,000",1,False,False,0.0,0.8581482941920212
INEQ5_e_W54,socioeco,inferred,,Inferred from occupation,low,"Less than $30,000","Less than $30,000",1,True,True,1.0,0.537382740880727
INEQ5_e_W54,socioeco,inferred,,Inferred from occupation,high,"$100,000 or more","Less than $30,000",1,False,False,0.0,0.9232440450174793
INEQ5_f_W54,socioeco,inferred,,Inferred from occupation,low,"Less than $30,000","Less than $30,000",1,True,True,1.0,0.5259943844141122
INEQ5_f_W54,socioeco,inferred,,Inferred from occupation,high,"$100,000 or more","Less than $30,000",1,False,False,0.0,0.4952488764587937
INEQ5_h_W54,socioeco,inferred,,Inferred from occupation,low,"Less than $30,000","$100,000 or more",1,False,False,0.0,0.26146271392503784
INEQ5_h_W54,socioeco,inferred,,Inferred from occupation,high,"$100,000 or more","$100,000 or more",1,True,True,1.0,0.4559444920489878
INEQ5_i_W54,socioeco,inferred,,Inferred from occupation,low,"Less than $30,000","Less than $30,000",1,True,True,1.0,0.7609616090393942
INEQ5_i_W54,socioeco,inferred,,Inferred from occupation,high,"$100,000 or more","Less than $30,000",1,False,False,0.0,0.8074095641766962
INEQ5_k_W54,socioeco,inferred,,Inferred from occupation,low,"Less than $30,000","Less than $30,000",1,True,True,1.0,0.9956637859998402
INEQ5_k_W54,socioeco,inferred,,Inferred from occupation,high,"$100,000 or more","Less than $30,000",1,False,False,0.0,0.9956795119999995
INEQ5_l_W54,socioeco,inferred,,Inferred from occupation,low,"Less than $30,000","Less than $30,000",1,True,True,1.0,0.674585514002489
INEQ5_l_W54,socioeco,inferred,,Inferred from occupation,high,"$100,000 or more","Less than $30,000",1,False,False,0.0,0.6660091977166237
INEQ5_m_W54,socioeco,inferred,,Inferred from occupation,low,"Less than $30,000","Less than $30,000",1,True,True,1.0,0.5852087672913974
INEQ5_m_W54,socioeco,inferred,,Inferred from occupation,high,"$100,000 or more","Less than $30,000",1,False,False,0.0,0.48508903622587973
INEQ8_a_W54,socioeco,inferred,,Inferred from occupation,low,"Less than $30,000","Less than $30,000",1,True,True,1.0,0.7554053480534517
INEQ8_a_W54,socioeco,inferred,,Inferred from occupation,high,"$100,000 or more","Less than $30,000",1,False,False,0.0,0.703554783642706
INEQ8_b_W54,socioeco,inferred,,Inferred from occupation,low,"Less than $30,000","Less than $30,000",1,True,True,1.0,0.8381995920033929
INEQ8_b_W54,socioeco,inferred,,Inferred from occupation,high,"$100,000 or more","Less than $30,000",1,False,False,0.0,0.8300024941780842
INEQ8_c_W54,socioeco,inferred,,Inferred from occupation,low,"Less than $30,000","Less than $30,000",1,True,True,1.0,0.703072814282191
INEQ8_c_W54,socioeco,inferred,,Inferred from occupation,high,"$100,000 or more","Less than $30,000",1,False,False,0.0,0.6153194109125478
INEQ8_d_W54,socioeco,inferred,,Inferred from occupation,low,"Less than $30,000","Less than $30,000",1,True,True,1.0,0.8097195957428533
INEQ8_d_W54,socioeco,inferred,,Inferred from occupation,high,"$100,000 or more","Less than $30,000",1,False,False,0.0,0.8119949999062429
INEQ8_f_W54,socioeco,inferred,,Inferred from occupation,low,"Less than $30,000","Less than $30,000",1,True,True,1.0,0.77707722
INEQ8_f_W54,socioeco,inferred,,Inferred from occupation,high,"$100,000 or more","Less than $30,000",1,False,False,0.0,0.7761130520580861
INEQ8_g_W54,socioeco,inferred,,Inferred from occupation,low,"Less than $30,000","Less than $30,000",1,True,True,1.0,0.37161314515663074
INEQ8_g_W54,socioeco,inferred,,Inferred from occupation,high,"$100,000 or more","Less than $30,000",1,False,False,0.0,0.5785638261977797
INEQ8_h_W54,socioeco,inferred,,Inferred from occupation,low,"Less than $30,000","$100,000 or more",1,False,False,0.0,0.6620857917560389
INEQ8_h_W54,socioeco,inferred,,Inferred from occupation,high,"$100,000 or more","$100,000 or more",1,True,True,1.0,0.7839198710479665
INEQ8_i_W54,socioeco,inferred,,Inferred from occupation,low,"Less than $30,000","Less than $30,000",1,True,True,1.0,0.7053740662107884
INEQ8_i_W54,socioeco,inferred,,Inferred from occupation,high,"$100,000 or more","Less than $30,000",1,False,False,0.0,0.69532962725483
INEQ8_j_W54,socioeco,inferred,,Inferred from occupation,low,"Less than $30,000","Less than $30,000",1,True,True,1.0,0.726550874077715
INEQ8_j_W54,socioeco,inferred,,Inferred from occupation,high,"$100,000 or more","Less than $30,000",1,False,False,0.0,0.7032727479999998
JOBTRAIN_W54,socioeco,inferred,,Inferred from occupation,low,"Less than $30,000","$100,000 or more",1,False,False,0.0,0.583072716
JOBTRAIN_W54,socioeco,inferred,,Inferred from occupation,high,"$100,000 or more","$100,000 or more",1,True,True,1.0,0.58307272
WORRY2a_W54,socioeco,inferred,,Inferred from occupation,low,"Less than $30,000","$100,000 or more",1,False,False,0.0,1.3745623426801923
WORRY2a_W54,socioeco,inferred,,Inferred from occupation,high,"$100,000 or more","$100,000 or more",1,True,True,1.0,1.1216286340379984
WORRY2b_W54,socioeco,inferred,,Inferred from occupation,low,"Less than $30,000","$100,000 or more",1,False,False,0.0,0.5857106935781682
WORRY2b_W54,socioeco,inferred,,Inferred from occupation,high,"$100,000 or more","$100,000 or more",1,True,True,1.0,0.6899377860796018
WORRY2c_W54,socioeco,inferred,,Inferred from occupation,low,"Less than $30,000","$100,000 or more",1,False,False,0.0,0.7480496366068013
WORRY2c_W54,socioeco,inferred,,Inferred from occupation,high,"$100,000 or more","$100,000 or more",1,True,True,1.0,0.8040015615985286
WORRY2d_W54,socioeco,inferred,,Inferred from occupation,low,"Less than $30,000","$100,000 or more",1,False,False,0.0,0.9185342438098163
WORRY2d_W54,socioeco,inferred,,Inferred from occupation,high,"$100,000 or more","$100,000 or more",1,True,True,1.0,1.0247511781193919
WORRY2e_W54,socioeco,inferred,,Inferred from occupation,low,"Less than $30,000","$100,000 or more",1,False,False,0.0,1.0778331119248832
WORRY2e_W54,socioeco,inferred,,Inferred from occupation,high,"$100,000 or more","$100,000 or more",1,True,True,1.0,1.213568079950656
GAP21Q10_W82,socioeco,inferred,,Inferred from occupation,low,"Less than $30,000","Less than $30,000",1,True,True,1.0,0.3741587236547959
GAP21Q10_W82,socioeco,inferred,,Inferred from occupation,high,"$100,000 or more","Less than $30,000",1,False,False,0.0,0.37965910344997816
GAP21Q13_b_W82,socioeco,inferred,,Inferred from occupation,low,"Less than $30,000","Less than $30,000",1,True,True,1.0,0.5762173757666512
GAP21Q13_b_W82,socioeco,inferred,,Inferred from occupation,high,"$100,000 or more","Less than $30,000",1,False,False,0.0,0.5756949257705318
GAP21Q15_a_W82,socioeco,inferred,,Inferred from occupation,low,"Less than $30,000","$100,000 or more",1,False,False,0.0,1.0350717086153594
GAP21Q15_a_W82,socioeco,inferred,,Inferred from occupation,high,"$100,000 or more","$100,000 or more",1,True,True,1.0,1.0539040898037242
GAP21Q15_b_W82,socioeco,inferred,,Inferred from occupation,low,"Less than $30,000","$100,000 or more",1,False,False,0.0,0.6974470100945485
GAP21Q15_b_W82,socioeco,inferred,,Inferred from occupation,high,"$100,000 or more","$100,000 or more",1,True,True,1.0,0.6982136919049418
GAP21Q15_c_W82,socioeco,inferred,,Inferred from occupation,low,"Less than $30,000","$100,000 or more",1,False,False,0.0,0.6801529460000002
GAP21Q15_c_W82,socioeco,inferred,,Inferred from occupation,high,"$100,000 or more","$100,000 or more",1,True,True,1.0,0.68225437600136
GAP21Q15_d_W82,socioeco,inferred,,Inferred from occupation,low,"Less than $30,000","$100,000 or more",1,False,False,0.0,0.6415925495942632
GAP21Q15_d_W82,socioeco,inferred,,Inferred from occupation,high,"$100,000 or more","$100,000 or more",1,True,True,1.0,0.5926550618436093
GAP21Q15_e_W82,socioeco,inferred,,Inferred from occupation,low,"Less than $30,000","$100,000 or more",1,False,False,0.0,0.4482693913756674
GAP21Q15_e_W82,socioeco,inferred,,Inferred from occupation,high,"$100,000 or more","$100,000 or more",1,True,True,1.0,0.37975492521031085
GAP21Q15_f_W82,socioeco,inferred,,Inferred from occupation,low,"Less than $30,000","$100,000 or more",1,False,False,0.0,0.6580449814984882
GAP21Q15_f_W82,socioeco,inferred,,Inferred from occupation,high,"$100,000 or more","$100,000 or more",1,True,True,1.0,0.5832861743874088
GAP21Q17_W82,socioeco,inferred,,Inferred from occupation,low,"Less than $30,000","$100,000 or more",1,False,False,0.0,0.4364564841027666
GAP21Q17_W82,socioeco,inferred,,Inferred from occupation,high,"$100,000 or more","$100,000 or more",1,True,True,1.0,0.44107452600416225
GAP21Q19_a_W82,socioeco,inferred,,Inferred from occupation,low,"Less than $30,000","Less than $30,000",1,True,True,1.0,0.7714911788751955
GAP21Q19_a_W82,socioeco,inferred,,Inferred from occupation,high,"$100,000 or more","Less than $30,000",1,False,False,0.0,0.6225024783300876
GAP21Q19_b_W82,socioeco,inferred,,Inferred from occupation,low,"Less than $30,000","Less than $30,000",1,True,True,1.0,2.220235903702023
GAP21Q19_b_W82,socioeco,inferred,,Inferred from occupation,high,"$100,000 or more","Less than $30,000",1,False,False,0.0,2.229783449702023
GAP21Q19_c_W82,socioeco,inferred,,Inferred from occupation,low,"Less than $30,000","Less than $30,000",1,True,True,1.0,0.6113182400000056
GAP21Q19_c_W82,socioeco,inferred,,Inferred from occupation,high,"$100,000 or more","Less than $30,000",1,False,False,0.0,0.6113186539999925
GAP21Q19_d_W82,socioeco,inferred,,Inferred from occupation,low,"Less than $30,000","Less than $30,000",1,True,True,1.0,0.644154887544458
GAP21Q19_d_W82,socioeco,inferred,,Inferred from occupation,high,"$100,000 or more","Less than $30,000",1,False,False,0.0,0.731189267874395
GAP21Q19_e_W82,socioeco,inferred,,Inferred from occupation,low,"Less than $30,000","Less than $30,000",1,True,True,1.0,0.6996910105001956
GAP21Q19_e_W82,socioeco,inferred,,Inferred from occupation,high,"$100,000 or more","Less than $30,000",1,False,False,0.0,0.5987093877024812
GAP21Q21_a_W82,socioeco,inferred,,Inferred from occupation,low,"Less than $30,000","Less than $30,000",1,True,True,1.0,0.32373561239581655
GAP21Q21_a_W82,socioeco,inferred,,Inferred from occupation,high,"$100,000 or more","Less than $30,000",1,False,False,0.0,0.3901035501979042
GAP21Q21_e_W82,socioeco,inferred,,Inferred from occupation,low,"Less than $30,000","$100,000 or more",1,False,False,0.0,0.5244992520000016
GAP21Q21_e_W82,socioeco,inferred,,Inferred from occupation,high,"$100,000 or more","$100,000 or more",1,True,True,1.0,0.5244990320000018
GAP21Q23_W82,socioeco,inferred,,Inferred from occupation,low,"Less than $30,000","Less than $30,000",1,True,True,1.0,0.2090791211020353
GAP21Q23_W82,socioeco,inferred,,Inferred from occupation,high,"$100,000 or more","Less than $30,000",1,False,False,0.0,0.6423173299999999
GAP21Q24_W82,socioeco,inferred,,Inferred from occupation,low,"Less than $30,000","Less than $30,000",1,True,True,1.0,0.718116078978034
GAP21Q24_W82,socioeco,inferred,,Inferred from occupation,high,"$100,000 or more","Less than $30,000",1,False,False,0.0,1.073189163695191
GAP21Q25_W82,socioeco,inferred,,Inferred from occupation,low,"Less than $30,000","Less than $30,000",1,True,True,1.0,0.608406739911823
GAP21Q25_W82,socioeco,inferred,,Inferred from occupation,high,"$100,000 or more","Less than $30,000",1,False,False,0.0,0.5972083021604477
GAP21Q26_a_W82,socioeco,inferred,,Inferred from occupation,low,"Less than $30,000","$100,000 or more",1,False,False,0.0,0.6136086676935981
GAP21Q26_a_W82,socioeco,inferred,,Inferred from occupation,high,"$100,000 or more","$100,000 or more",1,True,True,1.0,0.6468725774842995
GAP21Q26_b_W82,socioeco,inferred,,Inferred from occupation,low,"Less than $30,000","Less than $30,000",1,True,True,1.0,0.2013532498101405
GAP21Q26_b_W82,socioeco,inferred,,Inferred from occupation,high,"$100,000 or more","Less than $30,000",1,False,False,0.0,0.22349611779351847
GAP21Q26_c_W82,socioeco,inferred,,Inferred from occupation,low,"Less than $30,000","Less than $30,000",1,True,True,1.0,1.1542194178448382
GAP21Q26_c_W82,socioeco,inferred,,Inferred from occupation,high,"$100,000 or more","Less than $30,000",1,False,False,0.0,1.160098225998043
GAP21Q27_W82,socioeco,inferred,,Inferred from occupation,low,"Less than $30,000","$100,000 or more",1,False,False,0.0,0.15268960296718545
GAP21Q27_W82,socioeco,inferred,,Inferred from occupation,high,"$100,000 or more","Less than $30,000",1,False,False,0.0,0.3965016401173395
GAP21Q28_W82,socioeco,inferred,,Inferred from occupation,low,"Less than $30,000","Less than $30,000",1,True,True,1.0,0.6753960867539608
GAP21Q28_W82,socioeco,inferred,,Inferred from occupation,high,"$100,000 or more","Less than $30,000",1,False,False,0.0,0.6874296808742968
GAP21Q31_W82,socioeco,inferred,,Inferred from occupation,low,"Less than $30,000","$100,000 or more",1,False,False,0.0,0.575069296
GAP21Q31_W82,socioeco,inferred,,Inferred from occupation,high,"$100,000 or more","$100,000 or more",1,True,True,1.0,0.5753188460000072
GAP21Q32_W82,socioeco,inferred,,Inferred from occupation,low,"Less than $30,000","Less than $30,000",1,True,True,1.0,0.7399543759999373
GAP21Q32_W82,socioeco,inferred,,Inferred from occupation,high,"$100,000 or more","Less than $30,000",1,False,False,0.0,0.7399557940000491
GAP21Q33_c_W82,socioeco,inferred,,Inferred from occupation,low,"Less than $30,000","$100,000 or more",1,False,False,0.0,0.47991492423615856
GAP21Q33_c_W82,socioeco,inferred,,Inferred from occupation,high,"$100,000 or more","$100,000 or more",1,True,True,1.0,0.4808684200868355
GAP21Q33_g_W82,socioeco,inferred,,Inferred from occupation,low,"Less than $30,000","$100,000 or more",1,False,False,0.0,0.52632392
GAP21Q33_g_W82,socioeco,inferred,,Inferred from occupation,high,"$100,000 or more","$100,000 or more",1,True,True,1.0,0.5261144240027252
GAP21Q33_i_W82,socioeco,inferred,,Inferred from occupation,low,"Less than $30,000","Less than $30,000",1,True,True,1.0,0.31900131451366043
GAP21Q33_i_W82,socioeco,inferred,,Inferred from occupation,high,"$100,000 or more","Less than $30,000",1,False,False,0.0,0.5418111646498092
GAP21Q33_j_W82,socioeco,inferred,,Inferred from occupation,low,"Less than $30,000","$100,000 or more",1,False,False,0.0,0.7079004100000604
GAP21Q33_j_W82,socioeco,inferred,,Inferred from occupation,high,"$100,000 or more","$100,000 or more",1,True,True,1.0,0.707854662001366
GAP21Q33_m_W82,socioeco,inferred,,Inferred from occupation,low,"Less than $30,000","$100,000 or more",1,False,False,0.0,0.05198104390208047
GAP21Q33_m_W82,socioeco,inferred,,Inferred from occupation,high,"$100,000 or more","$100,000 or more",1,True,True,1.0,0.07330223959981375
GAP21Q33_n_W82,socioeco,inferred,,Inferred from occupation,low,"Less than $30,000","Less than $30,000",1,True,True,1.0,0.43097941944029944
GAP21Q33_n_W82,socioeco,inferred,,Inferred from occupation,high,"$100,000 or more","Less than $30,000",1,False,False,0.0,0.39634528737673475
GAP21Q33_q_W82,socioeco,inferred,,Inferred from occupation,low,"Less than $30,000","$100,000 or more",1,False,False,0.0,0.4248106679841572
GAP21Q33_q_W82,socioeco,inferred,,Inferred from occupation,high,"$100,000 or more","$100,000 or more",1,True,True,1.0,0.426175472000439
GAP21Q33_r_W82,socioeco,inferred,,Inferred from occupation,low,"Less than $30,000","$100,000 or more",1,False,False,0.0,0.30739447161824646
GAP21Q33_r_W82,socioeco,inferred,,Inferred from occupation,high,"$100,000 or more","$100,000 or more",1,True,True,1.0,0.330434795383202
GAP21Q33_s_W82,socioeco,inferred,,Inferred from occupation,low,"Less than $30,000","Less than $30,000",1,True,True,1.0,0.3284837754803115
GAP21Q33_s_W82,socioeco,inferred,,Inferred from occupation,high,"$100,000 or more","Less than $30,000",1,False,False,0.0,0.5259134033146848
GAP21Q34_a_W82,socioeco,inferred,,Inferred from occupation,low,"Less than $30,000","Less than $30,000",1,True,True,1.0,0.8370807263717239
GAP21Q34_a_W82,socioeco,inferred,,Inferred from occupation,high,"$100,000 or more","Less than $30,000",1,False,False,0.0,0.8370566963752804
GAP21Q34_b_W82,socioeco,inferred,,Inferred from occupation,low,"Less than $30,000","$100,000 or more",1,False,False,0.0,0.6311515886744241
GAP21Q34_b_W82,socioeco,inferred,,Inferred from occupation,high,"$100,000 or more","$100,000 or more",1,True,True,1.0,0.8147233804030513
GAP21Q34_c_W82,socioeco,inferred,,Inferred from occupation,low,"Less than $30,000","Less than $30,000",1,True,True,1.0,0.51328204252247
GAP21Q34_c_W82,socioeco,inferred,,Inferred from occupation,high,"$100,000 or more","Less than $30,000",1,False,False,0.0,0.538182813483985
GAP21Q34_d_W82,socioeco,inferred,,Inferred from occupation,low,"Less than $30,000","$100,000 or more",1,False,False,0.0,0.7973309894685092
GAP21Q34_d_W82,socioeco,inferred,,Inferred from occupation,high,"$100,000 or more","$100,000 or more",1,True,True,1.0,0.823033634017438
GAP21Q34_e_W82,socioeco,inferred,,Inferred from occupation,low,"Less than $30,000","Less than $30,000",1,True,True,1.0,0.8242728443365618
GAP21Q34_e_W82,socioeco,inferred,,Inferred from occupation,high,"$100,000 or more","Less than $30,000",1,False,False,0.0,0.8160769643201702
GAP21Q34_f_W82,socioeco,inferred,,Inferred from occupation,low,"Less than $30,000","Less than $30,000",1,True,True,1.0,0.6728774221597924
GAP21Q34_f_W82,socioeco,inferred,,Inferred from occupation,high,"$100,000 or more","Less than $30,000",1,False,False,0.0,0.8516176214622811
GAP21Q38_a_W82,socioeco,inferred,,Inferred from occupation,low,"Less than $30,000","$100,000 or more",1,False,False,0.0,0.5223670711908086
GAP21Q38_a_W82,socioeco,inferred,,Inferred from occupation,high,"$100,000 or more","$100,000 or more",1,True,True,1.0,0.8742438614728109
GAP21Q38_b_W82,socioeco,inferred,,Inferred from occupation,low,"Less than $30,000","Less than $30,000",1,True,True,1.0,0.9878806509245806
GAP21Q38_b_W82,socioeco,inferred,,Inferred from occupation,high,"$100,000 or more","Less than $30,000",1,False,False,0.0,1.0381923868348264
GAP21Q38_c_W82,socioeco,inferred,,Inferred from occupation,low,"Less than $30,000","Less than $30,000",1,True,True,1.0,1.08227400399806
GAP21Q38_c_W82,socioeco,inferred,,Inferred from occupation,high,"$100,000 or more","Less than $30,000",1,False,False,0.0,1.0827466299900537
GAP21Q41_W82,socioeco,inferred,,Inferred from occupation,low,"Less than $30,000","$100,000 or more",1,False,False,0.0,0.20055892187679963
GAP21Q41_W82,socioeco,inferred,,Inferred from occupation,high,"$100,000 or more","$100,000 or more",1,True,True,1.0,0.24926324287081414
GAP21Q43_g_W82,socioeco,inferred,,Inferred from occupation,low,"Less than $30,000","Less than $30,000",1,True,True,1.0,0.5533901520679447
GAP21Q43_g_W82,socioeco,inferred,,Inferred from occupation,high,"$100,000 or more","Less than $30,000",1,False,False,0.0,0.7294335281086393
GAP21Q47_W82,socioeco,inferred,,Inferred from occupation,low,"Less than $30,000","$100,000 or more",1,False,False,0.0,0.920327880081576
GAP21Q47_W82,socioeco,inferred,,Inferred from occupation,high,"$100,000 or more","$100,000 or more",1,True,True,1.0,0.9209208660782505
GAP21Q4_a_W82,socioeco,inferred,,Inferred from occupation,low,"Less than $30,000","Less than $30,000",1,True,True,1.0,0.5845367659886599
GAP21Q4_a_W82,socioeco,inferred,,Inferred from occupation,high,"$100,000 or more","Less than $30,000",1,False,False,0.0,0.5793560076165349
GAP21Q4_b_W82,socioeco,inferred,,Inferred from occupation,low,"Less than $30,000","Less than $30,000",1,True,True,1.0,1.2324866488209087
GAP21Q4_b_W82,socioeco,inferred,,Inferred from occupation,high,"$100,000 or more","Less than $30,000",1,False,False,0.0,1.3039988903918354
GAP21Q4_c_W82,socioeco,inferred,,Inferred from occupation,low,"Less than $30,000","$100,000 or more",1,False,False,0.0,0.32260023088413214
GAP21Q4_c_W82,socioeco,inferred,,Inferred from occupation,high,"$100,000 or more","$100,000 or more",1,True,True,1.0,0.5923225652396308
GAP21Q4_d_W82,socioeco,inferred,,Inferred from occupation,low,"Less than $30,000","$100,000 or more",1,False,False,0.0,0.5180077039908494
GAP21Q4_d_W82,socioeco,inferred,,Inferred from occupation,high,"$100,000 or more","$100,000 or more",1,True,True,1.0,0.5184986760000001
GAP21Q4_e_W82,socioeco,inferred,,Inferred from occupation,low,"Less than $30,000","$100,000 or more",1,False,False,0.0,0.6241600720000001
GAP21Q4_e_W82,socioeco,inferred,,Inferred from occupation,high,"$100,000 or more","$100,000 or more",1,True,True,1.0,0.6248436479984304
GAP21Q4_f_W82,socioeco,inferred,,Inferred from occupation,low,"Less than $30,000","Less than $30,000",1,True,True,1.0,0.32657987206497563
GAP21Q4_f_W82,socioeco,inferred,,Inferred from occupation,high,"$100,000 or more","$100,000 or more",1,True,True,1.0,0.5488655376073268
GAP21Q7_a_W82,socioeco,inferred,,Inferred from occupation,low,"Less than $30,000","$100,000 or more",1,False,False,0.0,0.46345048733343214
GAP21Q7_a_W82,socioeco,inferred,,Inferred from occupation,high,"$100,000 or more","$100,000 or more",1,True,True,1.0,0.6221987493931014
GAP21Q7_b_W82,socioeco,inferred,,Inferred from occupation,low,"Less than $30,000","$100,000 or more",1,False,False,0.0,1.6361078487979088
GAP21Q7_b_W82,socioeco,inferred,,Inferred from occupation,high,"$100,000 or more","$100,000 or more",1,True,True,1.0,1.6507481361118082
GAP21Q7_d_W82,socioeco,inferred,,Inferred from occupation,low,"Less than $30,000","Less than $30,000",1,True,True,1.0,0.9158025363287439
GAP21Q7_d_W82,socioeco,inferred,,Inferred from occupation,high,"$100,000 or more","Less than $30,000",1,False,False,0.0,1.0018257237216561
BILLION_W92,socioeco,inferred,,Inferred from occupation,low,"Less than $30,000","Less than $30,000",1,True,True,1.0,0.22487807299655704
BILLION_W92,socioeco,inferred,,Inferred from occupation,high,"$100,000 or more","Less than $30,000",1,False,False,0.0,0.22301962098316502
CANDEXP_W92,socioeco,inferred,,Inferred from occupation,low,"Less than $30,000","Less than $30,000",1,True,True,1.0,0.48740145728166845
CANDEXP_W92,socioeco,inferred,,Inferred from occupation,high,"$100,000 or more","Less than $30,000",1,False,False,0.0,0.8504904583923723
ELECT_CONF3_PRVFR_W92,socioeco,inferred,,Inferred from occupation,low,"Less than $30,000","Less than $30,000",1,True,True,1.0,0.9828062820051615
ELECT_CONF3_PRVFR_W92,socioeco,inferred,,Inferred from occupation,high,"$100,000 or more","Less than $30,000",1,False,False,0.0,0.9832836879999225
ELECT_CONF3_PRVSUP_W92,socioeco,inferred,,Inferred from occupation,low,"Less than $30,000","$100,000 or more",1,False,False,0.0,0.6915479950329132
ELECT_CONF3_PRVSUP_W92,socioeco,inferred,,Inferred from occupation,high,"$100,000 or more","$100,000 or more",1,True,True,1.0,0.6898335689355378
ELECT_IMPT3_PRVFR_W92,socioeco,inferred,,Inferred from occupation,low,"Less than $30,000","$100,000 or more",1,False,False,0.0,0.562131773999766
ELECT_IMPT3_PRVFR_W92,socioeco,inferred,,Inferred from occupation,high,"$100,000 or more","$100,000 or more",1,True,True,1.0,0.5621509299999965
FREECOLL_W92,socioeco,inferred,,Inferred from occupation,low,"Less than $30,000","Less than $30,000",1,True,True,1.0,0.7895531799446248
FREECOLL_W92,socioeco,inferred,,Inferred from occupation,high,"$100,000 or more","Less than $30,000",1,False,False,0.0,0.7910551999887262
GODMORALIMP_W92,socioeco,inferred,,Inferred from occupation,low,"Less than $30,000","$100,000 or more",1,False,False,0.0,0.2867616459841965
GODMORALIMP_W92,socioeco,inferred,,Inferred from occupation,high,"$100,000 or more","Less than $30,000",1,False,False,0.0,0.6794007629059968
LEGALIMMIGAMT_W92,socioeco,inferred,,Inferred from occupation,low,"Less than $30,000","$100,000 or more",1,False,False,0.0,0.7651778578267505
LEGALIMMIGAMT_W92,socioeco,inferred,,Inferred from occupation,high,"$100,000 or more","$100,000 or more",1,True,True,1.0,0.7634136960000001
POLINTOL2_a_W92,socioeco,inferred,,Inferred from occupation,low,"Less than $30,000","Less than $30,000",1,True,True,1.0,0.7613030516311627
POLINTOL2_a_W92,socioeco,inferred,,Inferred from occupation,high,"$100,000 or more","Less than $30,000",1,False,False,0.0,0.7598616154891531
PROG_RNEED_W92,socioeco,inferred,,Inferred from occupation,low,"Less than $30,000","Less than $30,000",1,True,True,1.0,0.5440510240000007
PROG_RNEED_W92,socioeco,inferred,,Inferred from occupation,high,"$100,000 or more","Less than $30,000",1,False,False,0.0,0.5440510300000004
RACESURV52MOD_W92,socioeco,inferred,,Inferred from occupation,low,"Less than $30,000","$100,000 or more",1,False,False,0.0,0.781434650212037
RACESURV52MOD_W92,socioeco,inferred,,Inferred from occupation,high,"$100,000 or more","$100,000 or more",1,True,True,1.0,0.7937934119594762
REPRSNTDEM_W92,socioeco,inferred,,Inferred from occupation,low,"Less than $30,000","$100,000 or more",1,False,False,0.0,0.8350064300001716
REPRSNTDEM_W92,socioeco,inferred,,Inferred from occupation,high,"$100,000 or more","$100,000 or more",1,True,True,1.0,0.8341299120250227
REPRSNTREP_W92,socioeco,inferred,,Inferred from occupation,low,"Less than $30,000","Less than $30,000",1,True,True,1.0,0.7926515220000956
REPRSNTREP_W92,socioeco,inferred,,Inferred from occupation,high,"$100,000 or more","Less than $30,000",1,False,False,0.0,0.7926531519999305
SOCIETY_GUNS_W92,socioeco,inferred,,Inferred from occupation,low,"Less than $30,000","$100,000 or more",1,False,False,0.0,1.3424060020000226
SOCIETY_GUNS_W92,socioeco,inferred,,Inferred from occupation,high,"$100,000 or more","$100,000 or more",1,True,True,1.0,1.342405884
SOCIETY_RELG_W92,socioeco,inferred,,Inferred from occupation,low,"Less than $30,000","Less than $30,000",1,True,True,1.0,0.871959621999989
SOCIETY_RELG_W92,socioeco,inferred,,Inferred from occupation,high,"$100,000 or more","Less than $30,000",1,False,False,0.0,0.8719532099999632
SOCIETY_RHIST_W92,socioeco,inferred,,Inferred from occupation,low,"Less than $30,000","$100,000 or more",1,False,False,0.0,0.9297285771250963
SOCIETY_RHIST_W92,socioeco,inferred,,Inferred from occupation,high,"$100,000 or more","$100,000 or more",1,True,True,1.0,1.0945888284873324
SOCIETY_SSM_W92,socioeco,inferred,,Inferred from occupation,low,"Less than $30,000","$100,000 or more",1,False,False,0.0,1.2509757562733899
SOCIETY_SSM_W92,socioeco,inferred,,Inferred from occupation,high,"$100,000 or more","$100,000 or more",1,True,True,1.0,1.2592290260541625
SOCIETY_TRANS_W92,socioeco,inferred,,Inferred from occupation,low,"Less than $30,000","$100,000 or more",1,False,False,0.0,1.6879581398728487
SOCIETY_TRANS_W92,socioeco,inferred,,Inferred from occupation,high,"$100,000 or more","$100,000 or more",1,True,True,1.0,1.688549574032921
SOCIETY_WHT_W92,socioeco,inferred,,Inferred from occupation,low,"Less than $30,000","$100,000 or more",1,False,False,0.0,0.4349263516507359
SOCIETY_WHT_W92,socioeco,inferred,,Inferred from occupation,high,"$100,000 or more","$100,000 or more",1,True,True,1.0,0.4349262316507392
UNIMMIGCOMM_W92,socioeco,inferred,,Inferred from occupation,low,"Less than $30,000","$100,000 or more",1,False,False,0.0,0.7660362016603592
UNIMMIGCOMM_W92,socioeco,inferred,,Inferred from occupation,high,"$100,000 or more","$100,000 or more",1,True,True,1.0,0.7660256996607812
USEXCEPT_W92,socioeco,inferred,,Inferred from occupation,low,"Less than $30,000","$100,000 or more",1,False,False,0.0,0.45553153200000046
USEXCEPT_W92,socioeco,inferred,,Inferred from occupation,high,"$100,000 or more","$100,000 or more",1,True,True,1.0,0.45553155000000006
USMILSIZ_W92,socioeco,inferred,,Inferred from occupation,low,"Less than $30,000","$100,000 or more",1,False,False,0.0,0.660547885810684
USMILSIZ_W92,socioeco,inferred,,Inferred from occupation,high,"$100,000 or more","$100,000 or more",1,True,True,1.0,0.5488191241022257
WHADVANT_W92,socioeco,inferred,,Inferred from occupation,low,"Less than $30,000","Less than $30,000",1,True,True,1.0,0.5057040647824171
WHADVANT_W92,socioeco,inferred,,Inferred from occupation,high,"$100,000 or more","Less than $30,000",1,False,False,0.0,0.5579911561666342
